mse,mae,mape
0.5490471718369997,0.5208656560721082,0.06851856428965282
