trial,epoch,batch,train_loss,val_loss
4,1,,0.0302633876505662,0.058467100063959755
4,2,,0.024987547392760153,0.05953646140793959
4,3,,0.025135208409882977,0.05766985301549236
4,4,,0.024646024154105658,0.06120246656549474
4,5,,0.024751585760665402,0.060736179895078145
4,6,,0.024505063625787134,0.061202609833950795
4,7,,0.025176735922799145,0.0606046662821124
4,8,,0.025861220368721956,0.059717744045580425
