trial,epoch,batch,train_loss,val_loss
2,1,,0.028480780727400536,0.05350289357981334
