trial,epoch,batch,train_loss,val_loss
5,1,,0.033296544006435384,0.05545528310661515
5,2,,0.023637368140453602,0.060743655543774366
5,3,,0.022811952191339413,0.06217078887857497
5,4,,0.023804770608786757,0.06153695844113827
5,5,,0.023482687217117826,0.06176819380683204
5,6,,0.023800399944737132,0.06043171176376442
