trial,epoch,batch,train_loss,val_loss
1,1,,0.030455611454336052,0.0561209469063518
1,2,,0.02304128431518313,0.056753264158032835
1,3,,0.02323152547420173,0.05752364220097661
1,4,,0.02313842185982831,0.05772376322420314
1,5,,0.022873820700931927,0.056429626555958144
1,6,,0.023144864488694763,0.05745088522477696
