y_true,y_st,y_lt
1.694375,0.27348375,0.6116141
1.6443751,0.16220482,0.6084213
1.676875,0.5308504,0.60926175
1.67125,0.80427074,0.6082228
1.6425,0.7785648,0.60823435
1.673125,0.4829306,0.60789907
2.2375,0.8038627,0.6082692
2.91375,0.6478623,0.60763776
3.29,0.7935654,0.6077978
3.34,0.9840225,0.6086278
5.225625,1.2041414,0.6080713
5.4300003,0.79996157,0.60835814
5.433125,0.75625205,0.6076816
5.4300003,0.7847856,0.60651386
5.7525,0.6495447,0.60727054
5.4725,0.7777505,0.60751253
3.8237498,0.6901634,0.6065643
4.003125,0.73772335,0.6086789
5.406875,1.0779731,0.60744077
5.651875,0.6945014,0.6072763
5.73375,2.043274,0.60629576
5.48625,1.8223988,0.60671717
5.366875,0.5872494,0.6068193
5.1831255,0.7244122,0.60617656
3.7999997,0.46231782,0.60671103
1.659375,0.37895674,0.60576075
1.645625,0.75635576,0.60515535
1.5987501,0.7445531,0.604892
1.5718751,0.73603356,0.60556495
1.55375,0.46509302,0.60461473
2.07875,0.76861036,0.60529685
2.804375,0.62254333,0.6057693
3.2124999,0.73863864,0.6047292
4.5475,0.9092959,0.6057416
5.3975,1.1951021,0.6061893
5.655,0.7784498,0.60624015
5.835,0.7740538,0.6064
5.6487503,0.7541113,0.6060622
4.9325,0.5479292,0.60618114
2.7175,0.67235506,0.6062326
2.5674999,0.6095745,0.604899
2.8731248,0.6958219,0.6049532
4.4993753,1.0840864,0.6065459
5.3562503,0.6932254,0.6043763
5.9356256,1.9540069,0.6058985
5.3587503,1.7001578,0.6044246
4.945,0.5267675,0.6049987
4.289375,0.718984,0.6047704
2.6543748,0.48178977,0.60630214
0.61749995,0.39320374,0.6046048
0.575625,0.6449864,0.6041316
0.58124995,0.63003623,0.6033041
0.573125,0.7157234,0.6045695
0.599375,0.42564917,0.60371995
0.86,0.6732229,0.60454935
1.8056251,0.55679107,0.60651046
3.094375,0.79571664,0.60621905
5.1418753,0.92905724,0.60747606
5.9787498,0.97965705,0.6094298
5.986875,0.75910676,0.6094304
5.986875,0.7341839,0.610623
5.3137503,0.67151356,0.61105597
2.8806248,0.494664,0.6105082
2.8562498,0.643329,0.612556
3.0337498,0.5547822,0.6131658
3.1675,0.7679049,0.6135824
5.91375,1.2397327,0.61534935
6.5062504,0.8311094,0.6155597
7.301875,2.0494363,0.6156852
7.79875,1.7808412,0.6168398
6.9293747,0.4234688,0.61793995
5.6775002,0.53882027,0.61946535
3.966875,0.31364524,0.6201694
1.6650001,0.17113343,0.6213509
1.526875,0.6227026,0.6218803
1.5749999,0.6131591,0.62188613
1.555625,0.547341,0.6252677
1.5568751,0.30933473,0.625343
1.831875,0.50408316,0.627331
2.82,0.43349814,0.62883186
3.2118747,0.559119,0.6292316
4.8275,0.75327194,0.63257706
5.839375,0.89590347,0.63352036
5.4743752,0.5905523,0.6360047
3.6799998,0.57313085,0.63816714
3.81125,0.6299305,0.63912
3.08875,0.5298228,0.6408433
2.6025,0.6581689,0.6410193
2.433125,0.6163738,0.64349467
2.494375,0.6570573,0.6447911
3.970625,0.99739254,0.6466893
4.6806254,0.68199635,0.64879155
4.549375,1.8891262,0.6497551
4.05875,1.6043098,0.65177363
4.148125,0.48683873,0.6533476
3.873125,0.6794174,0.65457493
2.221875,0.4358974,0.6560403
1.088125,0.32552665,0.6587168
0.59625,0.712356,0.65879774
0.525625,0.7418859,0.66069746
0.561875,0.7352123,0.6620896
0.51875,0.4817237,0.66228163
0.905625,0.77360284,0.6626524
1.751875,0.55281603,0.6643597
2.178125,0.7790408,0.6655914
3.8212497,0.91770077,0.6669872
4.8293753,1.183543,0.66838217
5.76,0.80296564,0.6694317
5.4131255,0.7180679,0.67032653
4.62625,0.71988964,0.67282045
4.7700005,0.5716023,0.6730449
4.7831254,0.7268051,0.675122
3.6399996,0.6407067,0.6766093
5.0025,0.70104146,0.67956233
5.30375,1.1882553,0.68158
5.358125,0.9042258,0.68197906
5.5437503,2.0406477,0.68422925
5.78,1.785533,0.6852951
8.72,0.60719013,0.68585145
8.28625,0.83732057,0.688354
4.133125,0.5553108,0.68998754
2.37625,0.4590022,0.6909629
2.113125,0.8182126,0.6919646
1.55375,0.39568192,0.69259477
1.555625,0.36872268,0.69395435
1.546875,0.2625807,0.6954062
1.546875,0.40198082,0.696836
1.578125,0.2681933,0.6976659
2.13875,0.35536832,0.6987659
2.57,0.51186216,0.7010876
2.524375,0.63758236,0.7019483
2.645,0.34304816,0.70263946
2.7668748,0.36733764,0.7051399
2.84,0.35860044,0.70535445
2.4937499,0.21665314,0.70713234
1.2031251,0.3726353,0.7084615
0.548125,0.28962803,0.70958376
1.494375,0.36111847,0.7108855
2.5706248,0.77561915,0.71281564
8.1775,0.33300704,0.7126751
10.32375,1.7242132,0.7132373
8.880626,1.387578,0.71622694
7.795625,0.20232384,0.7160305
7.443125,0.3787939,0.718042
2.794375,0.12054033,0.7174736
1.7906251,0.06745609,0.7192782
1.6675,0.3931824,0.7197726
1.6643751,0.54559183,0.7199851
1.665625,0.54740757,0.7199961
1.6075001,0.35404134,0.72079587
1.620625,0.51145524,0.72099674
1.631875,0.4215908,0.72070813
2.06875,0.5591208,0.7209766
2.53875,0.59306693,0.72111535
5.5368752,0.7954812,0.72129774
7.654375,0.43174875,0.7221185
7.9106255,0.39207864,0.72170544
7.30125,0.40758625,0.7213683
6.0056252,0.23009697,0.7210512
2.36875,0.3373682,0.7190356
0.504375,0.30541092,0.7207135
0.460625,0.441747,0.7200699
1.3050001,0.84700227,0.7209376
2.060625,0.55254614,0.7203876
2.6599998,1.8424582,0.71922624
2.7393749,1.5248135,0.71964467
2.286875,0.32729477,0.71841216
1.553125,0.4709876,0.7189354
1.5825,0.19842635,0.718215
1.5775,0.06704087,0.71865
1.554375,0.40115196,0.7185991
1.601875,0.6645815,0.7182019
1.5775,0.6594954,0.71975243
1.5968751,0.41324508,0.7209252
2.2024999,0.69748974,0.721661
2.7656248,0.56189436,0.7230222
3.193125,0.6781882,0.7237241
4.240625,0.7937323,0.7251233
4.6337504,1.0125005,0.72689426
3.921875,0.642383,0.7274945
3.4581249,0.6500368,0.7279475
3.2175,0.6703882,0.7279614
3.2581248,0.60857964,0.7285832
3.06,0.6733569,0.72958326
2.1956248,0.671119,0.7317318
2.2737498,0.70724213,0.732082
4.5593753,0.9972371,0.73233855
5.3431253,0.6725874,0.7329147
5.6156254,1.9564435,0.73427856
5.7275,1.7115866,0.7349212
5.64125,0.600859,0.73616195
5.63,0.7190089,0.7351866
3.2156248,0.45057246,0.7371098
1.56375,0.31981778,0.7374642
1.5575,0.7031462,0.7399565
1.58875,0.6353121,0.7383598
1.573125,0.6003823,0.74061275
1.5450001,0.3886538,0.74030554
2.0424998,0.6334925,0.7418598
2.7668748,0.575706,0.743374
3.1225,0.7394428,0.7432685
4.018125,0.84507346,0.7456163
4.855,1.080139,0.7461884
3.756875,0.7491522,0.7476114
3.3956249,0.69419837,0.7488096
3.386875,0.69276965,0.7505245
2.8962498,0.58757496,0.75123954
2.5293748,0.6565751,0.7504896
2.646875,0.655406,0.75142014
3.25625,0.7193707,0.75318706
4.1706247,1.1014417,0.753641
5.1843753,0.6635452,0.7559073
5.938125,2.024297,0.75706863
7.3837504,1.7565675,0.7576648
8.938126,0.52913356,0.7578306
9.186875,0.6531249,0.7577573
6.764375,0.4021391,0.76045537
1.6025001,0.30443895,0.7619989
1.5562501,0.6933961,0.76356065
1.57125,0.70060456,0.763162
1.5656251,0.6734928,0.764151
1.543125,0.4130007,0.7648678
1.839375,0.6874727,0.7662569
2.760625,0.52694976,0.7683996
3.1874998,0.6655029,0.7703446
4.30625,0.8296727,0.77153826
5.24,1.0302255,0.7736857
3.9799998,0.6531,0.77552795
3.3675,0.6505816,0.77625215
3.2881248,0.66428775,0.778074
3.250625,0.5662049,0.77887845
2.263125,0.70226896,0.78077126
2.0818748,0.62604475,0.7815461
2.0775,0.668427,0.78475726
3.96625,1.0067796,0.78420925
4.6843753,0.6898401,0.7856146
5.665,1.9317862,0.787305
5.8137503,1.7037323,0.7886212
5.013125,0.5088332,0.7894764
4.900625,0.7196603,0.79110837
3.2024999,0.44587085,0.79308116
1.600625,0.34079066,0.7949871
1.524375,0.7066934,0.79534566
1.55375,0.69605243,0.79686964
1.535625,0.6724806,0.79836535
1.564375,0.41624874,0.8015137
1.84375,0.68183,0.80360055
2.693125,0.5587534,0.8057203
3.1031249,0.7156848,0.80764353
3.108125,0.8955709,0.8097054
3.0774999,1.1081265,0.8121034
3.128125,0.7299824,0.8147781
3.1806247,0.7269161,0.81587565
2.2493749,0.78533447,0.8189577
2.471875,0.6306551,0.8209206
2.2237499,0.7020345,0.8233079
2.0649998,0.6463477,0.8241774
2.3943748,0.7014334,0.8276546
4.473125,1.0806801,0.8294381
4.643125,0.7409346,0.83140135
4.53,1.9553679,0.83463633
4.545,1.6197046,0.83541894
4.30125,0.4551456,0.83895993
5.0037503,0.6996162,0.8400178
3.6331248,0.45041895,0.8437706
0.60187507,0.37892842,0.84564734
0.55625,0.768965,0.84804606
0.55375004,0.82048106,0.850466
0.52250004,0.80301046,0.85155535
0.57625,0.49799964,0.85240555
0.83187497,0.8274436,0.8538903
1.72125,0.6867559,0.8551649
2.1187499,0.8132882,0.8569437
2.615,0.98088133,0.8586941
2.8362498,1.1615307,0.8599366
2.6725,0.7976934,0.8606124
2.5987499,0.85943997,0.8622738
2.665,0.82585776,0.86365986
2.2443748,0.72005475,0.8644799
2.2199998,0.80229497,0.8648497
2.075,0.7149663,0.8660412
2.2793748,0.78234744,0.8672769
3.6949997,1.0965499,0.86970246
4.395625,0.7584584,0.8693944
4.6175003,1.8465732,0.87118995
4.2131248,1.5838569,0.87243557
3.998125,0.5428222,0.8729851
3.483125,0.7796321,0.8743267
1.416875,0.508065,0.87577593
0.58000004,0.42318094,0.8761319
1.5393751,0.7973633,0.8778684
1.486875,0.40405852,0.8777878
1.184375,0.37047464,0.8789654
0.53625,0.23957556,0.88010514
0.573125,0.36248934,0.881348
0.4925,0.22378151,0.8816792
1.10875,0.35729134,0.8830875
1.58625,0.53890014,0.8838942
1.5475,0.6538414,0.8849164
1.9418751,0.343582,0.8862115
7.5406246,0.36697605,0.8872566
7.626875,0.3697963,0.88795793
7.51625,0.24859226,0.88924646
5.55625,0.44662365,0.8902037
1.025625,0.3361987,0.89110863
2.003125,0.44381407,0.89264476
7.45875,0.86177456,0.8940172
8.6,0.48029903,0.8946446
8.826875,1.7545046,0.89474463
7.1825,1.439815,0.89656603
2.3718748,0.239501,0.89812803
1.97375,0.4073564,0.89934754
1.6293751,0.17606847,0.89910305
0.859375,0.118019685,0.9014406
0.9175,0.42138273,0.9024631
0.88874996,0.52403057,0.9026313
0.88625,0.4645828,0.90249336
0.884375,0.31461245,0.90251887
0.905,0.45384192,0.9015682
0.86812496,0.30788952,0.901798
1.3956251,0.4792249,0.9015826
1.9000001,0.5974714,0.9023751
6.191875,0.7972921,0.9016447
7.4525,0.43275023,0.90136135
7.745625,0.4308806,0.9023179
7.073125,0.45383963,0.9022571
6.8025002,0.31269377,0.9008492
5.190625,0.49709812,0.9020071
0.735,0.3912193,0.9018053
0.555,0.4742424,0.9014895
1.19375,0.8852732,0.9014307
1.735,0.4507464,0.90155864
1.7925,1.7827057,0.9019859
1.78125,1.5022433,0.9019964
1.2475001,0.2500941,0.90055144
0.59375,0.4539082,0.90094984
0.61,0.19884576,0.9022075
0.588125,0.11594755,0.901443
0.58000004,0.42989188,0.90120506
0.588125,0.669812,0.90111256
0.59187496,0.6547545,0.90080297
0.568125,0.41610658,0.90077627
1.1374999,0.70593154,0.9009403
1.7906251,0.55845094,0.9012066
2.15875,0.6981182,0.9011731
4.481875,0.8443694,0.9015025
4.7825003,0.997185,0.90155053
4.6937504,0.62842166,0.9006704
4.616875,0.6340368,0.90225875
4.289375,0.6408006,0.9010984
2.626875,0.4970748,0.9011413
2.4274998,0.68620074,0.9006413
2.095,0.6441839,0.90185285
2.1499999,0.6661638,0.9020207
3.54,1.018739,0.9010141
4.3925,0.6802126,0.9020231
4.6843753,1.8526303,0.90143883
4.4768753,1.6367031,0.90044737
5.89125,0.5149498,0.9018893
6.5837502,0.6511353,0.9019412
3.1487498,0.40571028,0.9019841
0.656875,0.32501355,0.9009365
0.603125,0.7147654,0.9009479
0.580625,0.68883634,0.9019581
0.594375,0.6593872,0.9010204
0.565,0.38965988,0.9010838
1.109375,0.70047843,0.9011669
1.7481251,0.5495413,0.9012054
2.188125,0.69941926,0.9012555
3.8106248,0.86443186,0.90205336
4.1974998,1.0374297,0.9025533
4.2337503,0.71967113,0.901314
4.154375,0.6969391,0.90144086
4.105,0.67695034,0.90139544
2.34125,0.49544302,0.9014797
2.378125,0.697502,0.9020349
2.3831248,0.6263329,0.9021301
2.281875,0.65201193,0.9017843
3.480625,1.0188941,0.9006797
4.2775,0.68831635,0.90160394
4.5106254,1.8570886,0.90132904
4.140625,1.663131,0.9022045
3.84,0.48686138,0.90183973
3.830625,0.7371148,0.9012307
1.93625,0.46005154,0.90115976
0.588125,0.36048955,0.9011369
0.59375,0.7150229,0.9015548
0.565,0.72314215,0.9019767
0.60187507,0.68515766,0.9012811
0.565625,0.41425395,0.90035987
0.895,0.6899085,0.9017012
1.72625,0.5519273,0.90077126
2.1725,0.6870587,0.902189
3.1543748,0.8569387,0.90149164
4.2612505,1.0553814,0.9007114
4.2981253,0.6478026,0.90149164
4.273125,0.66555905,0.9017484
4.166875,0.6848453,0.90117717
4.264375,0.60737395,0.90069306
4.3975,0.7006233,0.9011303
2.6418748,0.5923109,0.90181994
2.348125,0.6879271,0.901489
3.919375,1.0607703,0.90045166
4.42,0.67191017,0.90088785
4.59125,1.8535113,0.90075207
3.9050002,1.6044884,0.90253556
3.9443748,0.4909243,0.9013543
3.9774997,0.7283716,0.9018326
2.3318748,0.47793385,0.90108144
0.646875,0.3955326,0.9013659
0.600625,0.7591641,0.90182674
0.58124995,0.7497747,0.9018587
0.62,0.72368824,0.901345
0.62312496,0.45523033,0.9006355
0.87625,0.7571535,0.90196824
1.780625,0.623721,0.9026072
2.123125,0.7682899,0.902069
3.773125,0.96091187,0.9024863
4.2187505,1.1422817,0.90239763
4.255,0.8011205,0.90140533
4.4187503,0.8165407,0.901029
4.6843753,0.8084252,0.90160763
4.2650003,0.6710334,0.9012718
4.0318747,0.80315804,0.90139997
2.125,0.72007024,0.90063727
2.1525002,0.7949698,0.9017743
3.73125,1.1689962,0.9018234
4.30375,0.7992692,0.90163565
4.4681253,1.8618839,0.90096796
3.966875,1.5988928,0.90126646
3.8825,0.5536287,0.90139735
3.8374999,0.76853323,0.90135646
2.0931249,0.52487355,0.9015583
0.580625,0.44626033,0.9019412
0.58187497,0.7598355,0.90095866
0.516875,0.7357329,0.90177655
0.5675,0.6977327,0.90146315
0.575625,0.5011903,0.90117466
1.314375,0.78175056,0.9000765
2.700625,0.67034984,0.9013097
3.1193748,0.82940197,0.90150845
5.0675,0.9883063,0.90132666
5.348125,1.2656252,0.90232646
5.449375,0.82948256,0.90177655
5.25375,0.8387885,0.9014878
5.15,0.8462466,0.9022765
5.4675,0.709648,0.90081596
4.7468753,0.87952065,0.90153646
3.0774999,0.65520215,0.9015566
4.13375,0.8663392,0.90120363
5.19,1.3232846,0.9013035
5.2156253,0.85544825,0.9019023
5.5,1.9990999,0.90241444
5.1150002,1.7421393,0.90208435
4.930625,0.4385205,0.90122116
4.5075,0.7428204,0.901281
2.479375,0.42795393,0.9021627
1.605,0.4544421,0.90127397
1.581875,0.70551324,0.9013878
1.5762501,0.24587348,0.90200496
1.564375,0.22754982,0.9010731
1.584375,0.29134774,0.9009844
1.55875,0.36131063,0.9008231
1.578125,0.2828499,0.90157354
1.94625,0.4482341,0.9011378
2.5199997,0.61888623,0.90166783
2.415,0.7587323,0.9010308
2.4412498,0.45131668,0.9011749
2.3662498,0.4570162,0.90224874
2.41625,0.46363404,0.9014231
2.113125,0.25342923,0.9011905
2.5049999,0.39008486,0.9016167
2.9837499,0.30636257,0.90188
2.665,0.4213562,0.90165114
4.1837497,0.8362956,0.9015118
4.670625,0.3843794,0.90223086
3.1612499,1.7338258,0.9010446
2.606875,1.4029552,0.9015031
2.5806248,0.13021088,0.90184176
2.544375,0.32316807,0.9010352
2.245,0.090384886,0.90114963
1.540625,0.04176405,0.90118325
1.5037501,0.26984203,0.90108883
1.546875,0.37475508,0.9012333
1.57125,0.3704862,0.90152895
1.55875,0.24531811,0.90243673
1.544375,0.39542854,0.90049815
1.5193751,0.2605546,0.9020877
2.04875,0.401982,0.901026
2.5131247,0.5433643,0.9013406
6.665625,0.71389353,0.90099895
7.584375,0.36063468,0.9018508
7.7237496,0.36452198,0.9020257
7.3800006,0.36038947,0.9018302
6.8725004,0.18519261,0.9009491
3.973125,0.3480183,0.90104353
1.79,0.35211632,0.90068936
1.793125,0.43621075,0.9007119
2.360625,0.8182893,0.9017339
2.9031248,0.3494043,0.9018886
2.93,1.7143513,0.9011785
2.9375,1.5004344,0.9017122
2.54,0.17900214,0.9013741
1.6899999,0.35743767,0.9023905
1.5681251,0.1793187,0.9013717
1.5450001,0.05105047,0.90143025
1.5825,0.363849,0.9006829
1.55125,0.62268865,0.9011363
1.5749999,0.58907175,0.90228367
1.5187501,0.36815235,0.90122616
2.135625,0.6475962,0.90156066
2.6725,0.48373243,0.9007517
3.1162498,0.65113336,0.9018886
3.9931247,0.8299755,0.90150905
4.3387504,1.0688179,0.9012419
4.365,0.6624843,0.9015204
3.4268749,0.6632141,0.90030694
3.1924999,0.6807958,0.90123653
3.36125,0.5461011,0.9013394
3.0649998,0.67786765,0.90215003
3.045625,0.6471583,0.90218043
3.3774998,0.71310985,0.9013288
5.054375,1.0994929,0.90103793
5.275625,0.72822416,0.9008312
5.436875,1.9865897,0.90207815
7.1437497,1.7723514,0.9026948
6.0793753,0.5567447,0.9013219
5.25875,0.67409587,0.9009296
3.2124999,0.4730586,0.9027283
1.573125,0.3748396,0.9018152
1.635625,0.7328104,0.9019202
1.513125,0.71260214,0.90109277
1.56875,0.69225025,0.9011805
1.5350001,0.42420337,0.90207636
2.0493748,0.7217417,0.90135777
2.7099998,0.5333686,0.90152097
3.0618749,0.6584102,0.90093255
3.838125,0.8357024,0.90053844
4.6687503,1.0850241,0.9008436
3.7006247,0.67240524,0.90166295
3.2043748,0.6653497,0.9010918
3.17625,0.7354826,0.901325
3.276875,0.5803225,0.90242636
3.215,0.69932127,0.9016417
3.75,0.6124544,0.9013593
4.061875,0.6898365,0.9011781
5.855,1.0958083,0.9022021
6.714375,0.70301044,0.9007205
7.1693754,1.9558101,0.9022131
6.68125,1.7283965,0.9018878
5.971875,0.47648227,0.901688
5.8437505,0.7261317,0.9018662
4.229375,0.4848905,0.901759
2.1025,0.4099819,0.9015924
2.013125,0.7691264,0.9013511
2.086875,0.78518236,0.90190136
2.05375,0.74349296,0.90132725
2.066875,0.46584255,0.9022784
2.3062499,0.7796228,0.9011035
3.14625,0.61580825,0.9011699
3.583125,0.69257593,0.90136254
4.26,0.9456382,0.901168
4.3725004,1.2965122,0.90039575
4.355625,0.8257979,0.90214276
4.3093753,0.75044584,0.9022262
4.250625,0.7577388,0.90121436
4.07125,0.61378443,0.9013256
3.2731247,0.73441887,0.90196073
3.136875,0.6162095,0.9014112
3.4825,0.76479566,0.9011687
5.5837502,1.1125883,0.90117216
5.8768754,0.70908463,0.9007467
5.95375,1.9820331,0.9019524
5.4431252,1.8019279,0.901459
4.9993753,0.48390147,0.90139663
4.76625,0.6958916,0.901399
3.0256248,0.3560409,0.90150523
1.625,0.27797985,0.9014714
1.605625,0.6341722,0.90139365
1.5325,0.18820344,0.90105486
1.5775,0.1642648,0.9024385
1.5625,0.19164483,0.9012754
1.84,0.15867831,0.9018971
2.6712499,0.044672817,0.90264165
3.1243749,0.16346425,0.9018712
3.0499997,0.37783903,0.90108943
2.928125,0.49458188,0.9010298
2.915,0.1816406,0.9008342
2.93,0.168788,0.9000869
2.9574997,0.14675324,0.9012393
2.96375,-0.00842917,0.90149903
2.198125,0.17915663,0.9014249
1.953125,0.10363696,0.9014878
2.0062501,0.21650045,0.9013735
4.25875,0.58500415,0.90115094
5.3837504,0.19585328,0.90230775
5.4481254,1.5153244,0.90103555
5.4150004,1.0707053,0.9014795
4.72375,0.045880407,0.90216625
3.0881248,0.19008361,0.90180886
2.368125,-0.017187536,0.9016595
1.493125,-0.13327813,0.9006138
1.58,0.16246556,0.9011297
1.5612501,0.6840199,0.9013573
1.5325,0.6433234,0.90116155
1.558125,0.38875508,0.9015423
1.825,0.7189975,0.90120065
2.7112498,0.6427344,0.90112126
3.059375,0.7567148,0.90138185
3.0724998,0.9247322,0.90121853
3.0024998,1.1722775,0.9014709
3.010625,0.7660004,0.9014745
3.0525,0.7778286,0.9014658
3.0024998,0.7964096,0.9009788
2.9956248,0.6582939,0.9013463
3.1406248,0.77954805,0.90121675
2.97625,0.6697439,0.9002
3.08875,0.73998463,0.90174365
4.763125,1.163455,0.9005177
5.468125,0.7959486,0.90229404
5.696875,2.0002036,0.90167344
5.163125,1.7461877,0.9016396
4.8962502,0.49579126,0.90103936
3.575,0.7284473,0.90250456
2.355,0.48207095,0.9014596
1.5725001,0.40863496,0.901814
1.479375,0.7823355,0.9018822
1.50875,0.387205,0.90105474
1.4775001,0.3332311,0.90264404
1.486875,0.21338238,0.9007994
1.469375,0.27484506,0.9026046
1.49125,0.22594734,0.9027928
1.92875,0.3767676,0.90256786
3.22125,0.53251255,0.90061414
5.4906254,0.70590377,0.9016669
8.761875,0.38169086,0.9005405
8.486876,0.39657396,0.90174997
8.619375,0.40158093,0.9016019
10.305625,0.31988475,0.9015465
9.721875,0.4629269,0.90114546
8.799376,0.36886,0.90205646
8.730625,0.44602463,0.9030256
6.79,0.8545096,0.90193343
3.0737498,0.44378427,0.9015281
3.323125,1.7997389,0.9011532
3.109375,1.5046564,0.9011351
3.03125,0.28167838,0.9015058
2.679375,0.43173558,0.9009963
2.170625,0.14044495,0.9014697
1.500625,0.08086504,0.9015144
1.4712499,0.41587397,0.900246
1.4987501,0.5209949,0.901636
1.459375,0.44990456,0.90179825
1.5237501,0.31637758,0.9018086
1.518125,0.5278368,0.90138245
1.52125,0.38079184,0.90182936
1.9675,0.4522185,0.9010515
2.43,0.54197437,0.90131485
4.1025,0.7139113,0.9020014
5.1268754,0.36641115,0.90073216
5.5818753,0.39052123,0.90195155
5.279375,0.3789944,0.901991
4.76875,0.23853421,0.9008579
3.3331249,0.4429913,0.9016235
1.408125,0.35789815,0.90121377
1.354375,0.46445194,0.9010906
2.4587498,0.8061744,0.9002402
5.2225,0.39560077,0.90260196
8.568125,1.7757629,0.9005538
6.6131253,1.5268731,0.90197504
2.0737498,0.2738916,0.90276325
1.48875,0.41633943,0.90171957
1.44875,0.16416313,0.90181994
1.458125,0.056707323,0.90138924
1.4775001,0.43121272,0.901868
1.5031251,0.6931461,0.9025767
1.47875,0.6513549,0.9015384
1.4612501,0.36830503,0.9010314
2.0562499,0.6034165,0.9021069
2.5881248,0.4676654,0.901005
2.9506247,0.6184995,0.90204704
4.7837505,0.89424384,0.90136826
5.07875,0.9989083,0.90171456
4.979375,0.6285217,0.90202665
4.949375,0.70940495,0.9009545
4.9081254,0.68002677,0.90156066
5.07875,0.462266,0.9010483
3.561875,0.68347216,0.90120244
3.166875,0.5136821,0.901317
3.244375,0.75266695,0.9014368
5.0756254,1.1875924,0.9017496
5.2200003,0.82363856,0.9017887
6.091875,2.175767,0.9010966
5.93125,1.9114778,0.9006604
6.238125,0.6929046,0.9015752
5.31625,0.7735059,0.9022182
3.113125,0.43605787,0.9028332
1.54,0.31651694,0.9008528
1.44,0.7966275,0.90139854
1.501875,0.7867092,0.90144765
1.45375,0.7773206,0.9014492
1.4562501,0.49595013,0.90180945
1.955625,0.8142694,0.9018806
2.59125,0.66338044,0.9017037
3.031875,0.8021027,0.901042
4.2975,0.97704005,0.9023622
4.924375,1.139631,0.90085256
4.905,0.7832291,0.9016278
4.8762503,0.78234303,0.9011291
4.843125,0.72219133,0.9011699
4.889375,0.6492729,0.90137684
5.085,0.7801455,0.900542
5.545625,0.7063041,0.9009901
3.8006248,0.80743897,0.9007224
4.04875,1.2006106,0.90203464
5.069375,0.84456277,0.902123
5.4431252,2.1033387,0.9005053
7.2775,1.8530006,0.90244436
7.568125,0.5945278,0.90244615
6.408125,0.76122665,0.90188336
4.76,0.45671737,0.90096605
2.146875,0.25686485,0.9011265
1.4306251,0.637437,0.90034986
1.506875,0.64923906,0.90123487
1.489375,0.6313916,0.9022163
1.485625,0.411579,0.9011096
1.504375,0.66832554,0.9015943
1.9368751,0.50226724,0.9012855
3.000625,0.6468609,0.90163934
2.969375,0.82648134,0.90147626
2.980625,0.99765897,0.90122056
2.9174998,0.6423447,0.90142787
2.939375,0.6398912,0.9010519
3.006875,0.62675095,0.9015993
3.2537498,0.45480454,0.90170217
2.8675,0.60685575,0.9022589
3.01375,0.58663845,0.90031993
3.348125,0.59115434,0.9010513
4.3993754,1.0168344,0.9013866
5.2575,0.72089016,0.9007268
5.445,2.0715568,0.90081894
4.8831253,1.7299632,0.9013783
3.75625,0.5555163,0.9014697
2.733125,0.709936,0.9007509
2.7268748,0.40700138,0.9010868
2.43,0.29104656,0.9019599
1.52625,0.5999628,0.90122294
1.491875,0.6317575,0.90198064
1.52875,0.6212514,0.900583
1.54,0.40299827,0.9013721
1.5175,0.6660445,0.9016926
2.09,0.50535476,0.9017817
3.23625,0.6536221,0.9014094
3.17625,0.8475158,0.9024352
4.381875,1.0133319,0.9007101
5.14125,0.6430653,0.9019699
5.1225004,0.6377234,0.90128875
3.4418747,0.61730146,0.9015349
3.6343749,0.4712003,0.90102684
3.5762498,0.6847557,0.9017538
3.275,0.60050154,0.90126884
3.276875,0.63683236,0.9017618
5.0000005,1.0513846,0.90159
6.6306252,0.7142751,0.9026594
7.5575,2.0411165,0.9008099
6.978125,1.7971141,0.9014032
6.9856253,0.4776775,0.9015349
6.98375,0.69374526,0.90128934
3.8899999,0.4213488,0.9020679
2.5475,0.29737675,0.9017861
1.489375,0.68973744,0.9008087
1.533125,0.71335566,0.9018235
1.516875,0.6985942,0.90080214
1.5375,0.41732356,0.9009192
1.525,0.7075839,0.9012383
2.07125,0.54946715,0.9016346
3.2712498,0.70344377,0.9022727
4.75,0.8969741,0.9008976
5.2043753,1.0871027,0.90143824
4.7825003,0.7244623,0.9021957
3.6562498,0.7204536,0.9019699
4.07125,0.70279145,0.9020803
4.060625,0.5514587,0.9009838
3.835625,0.70559585,0.9004878
2.3056247,0.6493417,0.9024571
2.4599998,0.70384145,0.9012413
3.9593751,1.1176298,0.9015049
7.3675003,0.77626777,0.9027988
7.815,2.0190806,0.90174687
6.6081247,1.729607,0.90198624
5.548125,0.5021124,0.90123
5.2181253,0.78392076,0.90235937
2.9031248,0.49482787,0.90117955
2.3874998,0.38794613,0.9022577
1.463125,0.7559073,0.90097165
1.4993751,0.3008014,0.90129876
1.505,0.2876849,0.90214825
1.466875,0.20497027,0.9011229
1.501875,0.31997445,0.9007611
1.523125,0.20409775,0.90138865
1.465,0.3468117,0.90134215
2.04375,0.527112,0.90123177
2.638125,0.6728362,0.9016938
2.786875,0.35746956,0.9010105
2.965,0.360541,0.90154743
2.618125,0.3856631,0.9012822
0.698125,0.24200511,0.90248775
0.60187507,0.39109927,0.90139544
0.606875,0.30848673,0.9021553
1.7906251,0.34238636,0.90167725
2.63,0.76313925,0.9016119
5.8456254,0.37610418,0.90120006
8.0737505,1.7686186,0.9011303
7.8281255,1.4311448,0.901219
7.654375,0.28452396,0.901739
7.725,0.37800688,0.9007096
4.5275,0.13820517,0.9007033
2.2512498,0.08297903,0.90195787
1.506875,0.40954536,0.901548
1.4775001,0.49791873,0.9008914
1.51375,0.40831983,0.9011717
1.501875,0.2899454,0.901345
1.48875,0.5143831,0.90181756
1.505625,0.3618074,0.9021274
1.505625,0.48426247,0.9007864
2.16125,0.68086445,0.90193236
3.3793747,0.9544437,0.9019228
5.3431253,0.621874,0.9018575
5.3968754,0.62774765,0.90115404
5.2000003,0.6244354,0.90121615
5.0012503,0.47063705,0.9018513
4.3743753,0.62037194,0.901744
3.9799998,0.5176405,0.90190446
7.7962503,0.61329955,0.9007052
7.9275,1.0164837,0.90104735
8.859375,0.6111206,0.90183115
9.335626,1.9257282,0.90167344
9.55125,1.6543355,0.90064085
7.9575005,0.4281196,0.90207756
2.27625,0.60107815,0.9018276
1.5300001,0.33660096,0.9007131
1.4881251,0.21831504,0.9011544
1.54,0.5950389,0.90007997
1.5075,0.8789488,0.9014813
1.49625,0.81010616,0.9016143
1.526875,0.5177792,0.90078104
1.53625,0.8378241,0.902069
2.344375,0.6710013,0.90029967
3.2675,0.8248514,0.9011867
3.23,1.017737,0.90133023
3.2575,1.1734717,0.9013715
3.223125,0.803687,0.9013157
3.1806247,0.8063679,0.9014131
3.181875,0.84620035,0.90124226
3.1612499,0.7085743,0.9002814
3.205625,0.83914495,0.90188813
3.214375,0.7698933,0.90179944
3.6812499,0.8219408,0.9018475
4.913125,1.2178022,0.9025456
5.17375,0.83695304,0.900854
5.4287505,2.0966444,0.90194094
5.33,1.885134,0.90161073
5.271875,0.68324757,0.9012188
5.0275,0.8062835,0.9026209
3.6324997,0.5345808,0.9004961
2.285,0.38504976,0.9009503
1.501875,0.79216146,0.9030788
1.5037501,0.7736323,0.9011189
1.4925001,0.7153455,0.9012817
1.5150001,0.45464844,0.9022217
1.4375001,0.76839566,0.9015174
1.626875,0.61952853,0.9022944
2.0093749,0.7708187,0.901513
2.568125,0.93476486,0.9010184
3.1625,1.1458414,0.9014996
3.148125,0.8155472,0.9016218
3.1343749,0.8213893,0.90151525
3.1349998,0.82280016,0.90139306
3.1787498,0.69076955,0.90102625
3.1787498,0.84647167,0.90200794
3.1318748,0.74090445,0.9013547
3.46,0.8165227,0.90144205
4.473125,1.2216395,0.9014169
5.89375,0.8401972,0.9004667
6.23875,2.0955966,0.9008244
5.69875,1.8765903,0.9023024
5.51375,0.6228787,0.9022627
4.4575,0.84687686,0.90109205
2.75625,0.5291469,0.9016336
2.37,0.4160837,0.9016725
1.49625,0.8582876,0.90154386
1.50125,0.8216771,0.9020177
1.4837501,0.79630005,0.9011251
1.495625,0.5012986,0.9014101
1.465625,0.8402841,0.90067077
2.00875,0.6518995,0.90199995
3.2324998,0.8131188,0.90131927
3.241875,0.9947965,0.90149045
3.1631248,1.168247,0.90111995
3.1675,0.85225344,0.9014596
3.1725,0.86054885,0.9022472
3.11375,0.8235042,0.901582
3.1975,0.7394049,0.90111613
3.19,0.876825,0.90127695
3.2256248,0.76153755,0.90169394
3.9424999,0.8707193,0.9018724
5.9631248,1.2537874,0.90054595
7.834375,0.89631605,0.90096366
7.81125,2.1023214,0.9019121
5.889375,1.8944782,0.90079
5.8281255,0.64103603,0.9020827
5.5243754,0.8902794,0.9026917
3.93375,0.59444267,0.90089285
2.629375,0.47660008,0.90174997
1.7675,0.8959825,0.9017651
1.7643751,0.8877562,0.90150106
1.956875,0.8220936,0.9017985
1.526875,0.5390119,0.90188897
1.5375,0.8914218,0.90131867
2.110625,0.734226,0.90275025
3.2399998,0.88689685,0.9009423
3.2643747,1.0321195,0.9010228
3.179375,1.2654773,0.90154195
3.1924999,0.8408042,0.901196
3.2324998,0.8349087,0.9009931
3.19375,0.82262325,0.9021479
3.2118747,0.66361654,0.9016526
3.220625,0.85861254,0.90162325
3.22625,0.74426544,0.9015219
3.735,0.8538399,0.90061116
5.74375,1.258479,0.90182877
5.946875,0.8718256,0.9018816
6.2118754,2.1079967,0.9008584
6.0581255,1.8692319,0.9004984
5.825,0.57911646,0.9026456
5.64,0.82096994,0.9019195
5.1668754,0.5304283,0.9023124
2.4731247,0.42646128,0.9013802
1.62,0.82475865,0.90177095
1.611875,0.8690469,0.9021425
1.57375,0.8474839,0.90170693
1.620625,0.5224259,0.90201056
1.5918751,0.88819325,0.90155053
2.1118748,0.73546875,0.90188897
3.315625,0.87789655,0.9015219
3.2706249,1.0550251,0.9026363
3.2324998,1.2494866,0.90198886
3.2324998,0.8761213,0.9015231
3.2581248,0.877108,0.9006678
3.259375,0.8673717,0.9017861
3.271875,0.76750743,0.90220594
3.230625,0.8666494,0.90125704
3.2024999,0.73898065,0.90172803
3.2956247,0.8704498,0.9011853
5.504375,1.2697241,0.90177476
6.150625,0.9095621,0.9009317
6.225,2.0723076,0.90089905
5.18125,1.8838925,0.90162766
3.0356247,0.5824865,0.90136087
2.82125,0.86277366,0.9015138
2.785625,0.5686983,0.9014679
2.419375,0.47080967,0.90169144
1.57875,0.8751408,0.90117574
1.569375,0.45434454,0.90210164
1.5606251,0.42768002,0.9014151
1.558125,0.3013699,0.9010794
1.5568751,0.47935593,0.9013852
1.5525,0.33713856,0.90159726
1.538125,0.47411492,0.90100014
2.11125,0.645564,0.90165377
3.2031248,0.76849866,0.90121794
4.700625,0.4578854,0.9003947
3.61625,0.4569001,0.9010966
2.483125,0.43910736,0.90105426
1.72,0.27837175,0.90181756
1.72875,0.41754204,0.90235007
1.735625,0.3353481,0.9018662
2.7581248,0.40593314,0.90070033
3.3825,0.7971928,0.9011384
3.428125,0.3980646,0.9012461
3.471875,1.7638805,0.90098214
2.9868748,1.49607,0.90166533
2.925,0.230027,0.9010017
2.948125,0.42165083,0.9010123
2.945625,0.15715097,0.90118563
2.4356248,0.04887049,0.9017327
1.720625,0.4218151,0.9006983
1.708125,0.5194465,0.9005648
1.769375,0.48581293,0.90236294
1.745,0.3205577,0.9022336
1.73,0.5551299,0.90218973
1.75,0.39144215,0.90214765
1.740625,0.55432266,0.90142334
2.336875,0.711936,0.90229046
4.688125,0.81200814,0.90059566
5.361875,0.5149481,0.90173566
5.455625,0.5123942,0.90208626
6.06125,0.49995387,0.9018463
6.379375,0.3840387,0.9021152
4.7625,0.54730976,0.90108323
3.6118748,0.41554466,0.9017098
2.088125,0.53239703,0.901255
2.83875,0.9062854,0.9022049
4.195,0.5363805,0.90107465
8.763125,1.9113117,0.90151036
9.1175,1.7029195,0.901345
3.725,0.28340048,0.90129876
2.82,0.539075,0.90211904
2.799375,0.2621336,0.90198827
2.161875,0.12407601,0.9024346
1.61625,0.5306976,0.90223455
1.5918751,0.8071648,0.9020791
1.62125,0.7685597,0.9022763
1.6175001,0.4432307,0.90070665
1.55375,0.8030019,0.90167844
2.4112499,0.62601554,0.9014729
3.3062499,0.7955191,0.90106666
4.811875,1.0256212,0.9014282
5.456875,1.1464674,0.9012668
5.386875,0.8092766,0.90227354
5.375,0.81953037,0.9021776
5.225625,0.8131602,0.9004946
5.314375,0.66757005,0.90074575
5.254375,0.85798454,0.9010595
3.3062499,0.7333193,0.90202594
4.065,0.854038,0.9015274
6.156875,1.2268614,0.90094686
6.2925,0.8647827,0.9006858
6.47375,2.1487143,0.9015657
6.324375,1.9805948,0.90125346
6.0437503,0.6040301,0.90108526
5.9343753,0.8215338,0.9015037
3.939375,0.50207824,0.9014646
2.3218749,0.37262553,0.90208983
1.611875,0.81692123,0.90117157
1.5612501,0.720104,0.9022478
1.5656251,0.688581,0.9008409
1.5681251,0.4097734,0.90130305
1.55375,0.7167827,0.90118825
2.330625,0.554791,0.9017229
3.251875,0.72988415,0.90265906
4.56,0.9347224,0.9023315
5.7718754,1.0953835,0.90044475
5.683125,0.7325014,0.90230477
5.655,0.72436655,0.9014269
5.6137505,0.7137568,0.9019486
5.698125,0.5925703,0.9018543
5.6462502,0.7805886,0.9009507
5.5525002,0.65683913,0.901888
4.1925,0.7757487,0.9015006
6.59,1.1225815,0.90036047
8.2143755,0.7683799,0.90102875
7.443125,2.0770516,0.901278
5.703125,1.8969271,0.9019083
5.5825005,0.43966532,0.9003999
5.4975,0.7670288,0.9020406
3.7806249,0.47585982,0.9020443
2.3899999,0.31217492,0.9017763
1.585625,0.64512885,0.9012672
1.56875,0.6560577,0.901803
1.564375,0.4994927,0.90182936
1.6337501,0.34703374,0.901044
1.590625,0.6714492,0.9018949
2.1087499,0.44916812,0.9012917
3.291875,0.57550406,0.9015337
4.7381253,0.7639822,0.9007882
5.5062504,0.96230793,0.90175605
5.779375,0.61446947,0.90059125
5.5875,0.57868946,0.9007212
5.588125,0.67216265,0.90187037
4.066875,0.54982615,0.9010025
3.8918748,0.6357314,0.9011004
3.7381248,0.54801416,0.9011227
3.44625,0.6615642,0.90217006
3.6499999,0.9900603,0.90132916
5.7406254,0.6595205,0.9018718
6.616875,2.0276587,0.9019257
5.52875,1.8291118,0.90137243
5.58,0.36208227,0.90127444
5.7087502,0.6814369,0.9020642
4.079375,0.39739922,0.90151703
2.3987498,0.257424,0.9011977
1.53375,0.6789731,0.90146077
1.6025001,0.60193384,0.90121543
1.56375,0.5250882,0.9008833
2.2199998,0.3271804,0.90162146
2.7649999,0.61731416,0.90037084
2.8799999,0.46498278,0.90104973
3.305625,0.6169672,0.901526
3.6725,0.82335746,0.9009887
3.7712498,1.0014023,0.9020771
3.8943748,0.64085305,0.90179944
4.056875,0.61111,0.90187764
4.0325,0.64141,0.9022318
3.8543746,0.5363052,0.9018967
3.60875,0.68083525,0.90155363
3.405,0.56739986,0.9013231
4.491875,0.6930984,0.9018953
5.3225,1.087647,0.9021369
6.989375,0.71174634,0.9007603
8.034375,2.0543725,0.90120816
7.11375,1.8786937,0.90116715
6.070625,0.41788548,0.9017973
5.90125,0.7315241,0.9009563
3.475,0.4410788,0.90264606
2.538125,0.3428905,0.90171075
1.5762501,0.74545646,0.9007665
1.564375,0.8065181,0.9003724
1.573125,0.78012633,0.9018296
2.115625,0.38834402,0.9017323
2.7575,0.7679583,0.9013827
2.88625,0.6130721,0.9019073
3.2875,0.80779743,0.90093434
3.20875,0.9720769,0.9015316
3.179375,1.1264408,0.9021975
3.3062499,0.75959337,0.90173244
3.705,0.76983404,0.9018929
4.1425004,0.78709114,0.9008858
3.8874998,0.64853275,0.9011656
3.945,0.76421833,0.90184367
5.593125,0.6118448,0.9012768
5.303125,0.7609302,0.90161324
4.5625,1.1228398,0.90264666
5.27,0.72887325,0.901494
6.1962504,1.9804405,0.90164554
5.713125,1.8072157,0.90160453
5.9812503,0.3794152,0.90051985
5.7200003,0.7203591,0.9014362
3.6906252,0.42776555,0.9009613
2.4031248,0.38236505,0.9019424
1.620625,0.78639936,0.9020126
1.58875,0.3568863,0.90171313
1.585,0.34171578,0.90282786
1.549375,0.23399207,0.9009887
1.5875001,0.35713506,0.9012692
1.615,0.20143399,0.90105295
1.5593749,0.2973662,0.90114045
2.095,0.47648367,0.90084004
4.20375,0.6667229,0.90128994
4.52875,0.3604688,0.9015664
4.74625,0.35996768,0.9008081
4.26,0.36496153,0.9019104
3.4118748,0.19037066,0.9020449
3.435625,0.3183694,0.9015645
3.7424998,0.2571872,0.90089464
5.47,0.30857605,0.9014112
6.24625,0.7839713,0.9015809
6.43125,0.37903887,0.90072167
8.1918745,1.7530912,0.9011247
8.086249,1.455537,0.90151
7.0918756,0.08083594,0.9014131
7.4162498,0.30457568,0.90097535
7.95125,0.11954343,0.90099835
7.0031247,0.057830602,0.90142465
7.7337503,0.403502,0.90182817
7.1274996,0.47938943,0.90090466
6.071875,0.478731,0.9015535
5.9231253,0.26293173,0.90159416
6.105625,0.5223958,0.90169334
5.8143754,0.32309592,0.90144145
6.15875,0.45612115,0.90113723
6.1525,0.69342005,0.9005059
6.6125,0.90634763,0.9013926
7.0487504,0.5220558,0.90077424
7.1431246,0.51948476,0.90103495
6.4431252,0.5057631,0.90176773
5.5687504,0.32408983,0.90089226
3.48875,0.45890763,0.9016384
3.485,0.37246644,0.9014727
3.315625,0.40781307,0.9019115
3.2237499,0.80631626,0.90148425
4.100625,0.5166621,0.9007025
7.9675,1.8111492,0.9008683
9.4275,1.5310984,0.90133774
6.938125,0.22331485,0.9007529
3.1712499,0.48516947,0.9012253
2.89375,0.22413693,0.9025811
2.3037498,0.12876308,0.901201
1.66875,0.50606334,0.90204227
1.6625,0.796201,0.9017428
1.658125,0.74738204,0.9017621
1.6693751,0.40611473,0.90026534
1.6625,0.7527733,0.90179205
2.5112498,0.59833944,0.90135694
3.313125,0.7491983,0.90158653
3.75,0.96468186,0.9010409
3.9149997,1.2008588,0.9010818
3.9312499,0.825681,0.90020216
3.715625,0.8120115,0.9012817
3.4312499,0.83975124,0.9017961
3.6018748,0.69448125,0.90144145
3.5112498,0.84128165,0.9021938
3.336875,0.73488355,0.9011245
3.85375,0.8100586,0.9019208
6.00625,1.2334553,0.9018812
6.161875,0.85308313,0.9015993
6.21,2.097477,0.90155864
6.0012503,1.9084635,0.9007776
5.8162503,0.64600724,0.9018961
5.5325,0.85946786,0.9004073
4.4125,0.5562192,0.90133595
2.3037498,0.444892,0.9007101
1.6025001,0.84349597,0.90184295
1.6293751,0.7895696,0.9017739
1.5812501,0.754946,0.90174747
1.5656251,0.47856456,0.90077305
1.628125,0.76701605,0.9009979
2.35125,0.603631,0.9011241
3.2793748,0.72809947,0.9007096
3.84375,0.89167726,0.9024
4.24875,1.1177524,0.90112627
4.34875,0.72218704,0.9008572
4.005,0.59492004,0.9009162
3.2499998,0.56904805,0.90108526
3.4075,0.5745524,0.9008311
2.9668748,0.7279525,0.90076685
3.576875,0.62877566,0.90109074
2.7575,0.7264317,0.90154016
3.3549998,1.1149123,0.9015237
5.1600003,0.7101327,0.9016011
6.181875,1.9849627,0.9008895
5.779375,1.7642912,0.90118206
5.653125,0.45664662,0.902182
5.81125,0.7222867,0.90079117
4.708125,0.44489917,0.9022143
2.40375,0.33918956,0.9007547
1.533125,0.7113702,0.9019749
1.511875,0.6995672,0.90065587
1.518125,0.6344191,0.90140116
1.5343751,0.37238792,0.902061
1.49375,0.73456216,0.9018431
2.064375,0.5892842,0.9017526
3.26125,0.7237798,0.90191984
3.36,0.9055644,0.90133524
3.4256248,1.1532338,0.9025165
3.5093749,0.7571783,0.90140915
2.814375,0.8046942,0.9020827
2.3331249,0.73022735,0.9016324
2.445625,0.60844433,0.9008249
2.799375,0.73041594,0.90148294
2.900625,0.6412143,0.90211535
2.58375,0.7187594,0.9021096
4.2787504,1.0775678,0.9013833
5.60875,0.7670016,0.9004868
5.93125,1.9483197,0.9014187
5.8612504,1.735813,0.9011295
9.12125,0.504105,0.90175486
8.995625,0.696468,0.90174985
3.0268748,0.42438734,0.9017098
2.4,0.32618925,0.9010794
1.59,0.689376,0.9017365
1.58,0.6775968,0.9012383
1.5775,0.67215735,0.9012464
2.0506248,0.38463053,0.9011544
2.7906249,0.7083329,0.90154254
2.945,0.5403179,0.90188134
3.2937498,0.65298915,0.9008895
3.420625,0.8451284,0.90076184
3.5412498,0.99104166,0.9027381
3.5881248,0.65553474,0.9020649
3.17375,0.6322788,0.9017427
2.52875,0.72858393,0.90101767
2.5437498,0.53079605,0.9009919
2.500625,0.6763073,0.90132797
2.25875,0.6101775,0.9022819
2.2549999,0.6904068,0.90119886
2.62,1.1066405,0.9015485
4.9775,0.7397562,0.90268266
5.1512504,1.9147607,0.9012182
5.324375,1.6934319,0.9017271
5.6900005,0.53870165,0.90138245
5.57,0.7618071,0.90126085
5.1975,0.47459254,0.901333
2.4118748,0.37255776,0.9003161
1.5768751,0.7558119,0.90214825
1.54625,0.80339766,0.90111995
1.5343751,0.7800423,0.90136313
1.9906251,0.4675109,0.90203166
2.745625,0.7859534,0.90200615
2.85,0.6536139,0.9014133
3.2799997,0.79424083,0.9008659
3.351875,0.9654577,0.9007096
3.3731248,1.1370416,0.90095246
3.0362499,0.7581217,0.9020486
2.5075,0.817996,0.9018222
2.421875,0.7950959,0.9008161
2.3437498,0.63818634,0.90103555
2.34625,0.7684722,0.902244
2.1574998,0.7194911,0.9018229
2.28,0.7614788,0.9005494
2.32375,1.0522406,0.9013499
3.066875,0.7675742,0.9009192
6.6262503,1.8336288,0.90122914
6.4900002,1.5883796,0.90119505
6.999375,0.54024136,0.9017688
8.72875,0.787794,0.90205026
8.041875,0.51291573,0.9012537
1.58375,0.40516126,0.9004699
0.64812505,0.81939757,0.9014857
0.634375,0.43133393,0.90072834
0.58562505,0.4012692,0.9008508
0.625625,0.2976905,0.90085435
0.630625,0.43403736,0.90141034
0.6125,0.29496056,0.9022298
0.595625,0.4366814,0.901384
1.150625,0.61005104,0.9004507
1.6912501,0.7123871,0.901754
2.174375,0.4355681,0.90100026
2.5362499,0.4355033,0.90202487
1.915,0.44366735,0.9017018
0.88687503,0.28386196,0.90124214
1.099375,0.41880226,0.9017494
1.33625,0.3666057,0.90073085
2.17625,0.41171056,0.90067303
2.663125,0.76365757,0.90145457
4.470625,0.4378352,0.90181804
7.5987506,1.6452426,0.9014472
5.941875,1.2987578,0.9012544
5.5843754,0.2684307,0.90152717
5.4575,0.39708447,0.90160275
5.3412504,0.1662542,0.9011971
5.418125,0.06114401,0.9008695
5.7381253,0.42516398,0.9014143
5.483125,0.5248706,0.9013641
4.855,0.5019706,0.9012511
0.728125,0.33086097,0.902611
0.61,0.5289209,0.9019798
1.2275001,0.3673219,0.9015657
4.159375,0.53278565,0.90090287
4.564375,0.70865786,0.9013214
5.32875,0.8330914,0.9016645
3.0362499,0.5383848,0.9012009
2.58125,0.5453751,0.90225697
2.2375,0.5475023,0.9018527
2.9662497,0.43025273,0.9013065
3.105625,0.58060575,0.9016161
2.878125,0.53681815,0.9015255
1.845625,0.59884506,0.90049016
1.9656249,1.0371279,0.90107226
2.4175,0.6614938,0.9019011
8.1918745,1.8352044,0.9013878
8.153749,1.5071702,0.902004
3.429375,0.4087145,0.90172434
1.8418751,0.5894643,0.9018223
1.894375,0.34856668,0.90121543
1.39625,0.27485022,0.90115404
0.58624995,0.6459153,0.90120745
0.6675,0.90031826,0.90199184
0.63,0.91221416,0.9009521
1.565,0.5795882,0.90100384
1.428125,0.8783994,0.90159
1.4825,0.7558068,0.9015646
2.3743749,0.90476716,0.9012866
2.3731248,1.0875888,0.9020221
2.6118748,1.2217617,0.9026488
2.666875,0.8822192,0.90215385
2.51,0.8807254,0.9018656
2.5049999,0.8688116,0.9013581
2.5268748,0.7273698,0.9008285
2.510625,0.8680961,0.90155184
2.463125,0.8426933,0.9007096
2.546875,0.83613765,0.9014847
2.45375,1.188294,0.9013852
4.09625,0.86357486,0.90207636
4.825625,1.9443154,0.90121496
4.929375,1.6733571,0.90093935
4.593125,0.7068045,0.90103674
4.685,0.77272785,0.90198743
4.135625,0.5459603,0.9012885
1.798125,0.43643782,0.90107644
1.5275,0.8224882,0.9016156
1.518125,0.78207695,0.9017422
1.4731251,0.7401186,0.9024614
1.5193751,0.46586338,0.9014468
1.511875,0.7324728,0.9019699
2.2424998,0.58696026,0.9020287
3.24625,0.74272454,0.9011084
3.305625,0.9209831,0.9012885
2.6574998,1.1011415,0.90143764
2.41625,0.74936116,0.90190566
2.388125,0.75230515,0.9015055
2.3437498,0.7374853,0.9012457
2.370625,0.59137225,0.9012742
2.40625,0.7617303,0.9010773
2.46375,0.73695767,0.90178704
2.4287498,0.77568126,0.90107965
4.903125,1.2613641,0.90153456
6.0825,0.8493047,0.9004774
5.9056253,1.98359,0.9008051
5.47375,1.6715009,0.90146077
5.421875,0.5561997,0.90117514
5.478125,0.73160684,0.90115714
3.7424998,0.5012711,0.9004967
1.4556249,0.39385456,0.9016838
0.54375,0.76003087,0.90163684
0.579375,0.7474848,0.90136266
0.5525,0.7225108,0.90151894
0.5025,0.4840148,0.90235746
0.545625,0.7631856,0.9021443
1.10625,0.59875643,0.90085936
2.286875,0.74835825,0.90221786
2.2881248,0.8987497,0.9014338
2.1987498,1.0602218,0.9014119
2.215,0.7181679,0.90159035
2.2131248,0.79627967,0.9001322
2.2281249,0.7647116,0.90161467
2.159375,0.6830447,0.90149367
2.16875,0.8404118,0.9019954
2.184375,0.7911384,0.9019886
2.77625,0.79016805,0.9009676
4.0350003,1.0455502,0.9008801
4.1618752,0.81523216,0.9025191
5.0156255,1.982026,0.90144587
5.021875,1.730189,0.90197384
4.655,0.65617836,0.9019842
4.59625,0.77249753,0.9019127
2.700625,0.5428822,0.9013765
2.150625,0.4329055,0.90111053
1.50875,0.82379806,0.90079105
1.5525,0.8189311,0.9008157
1.5525,0.7807286,0.9013045
2.00125,0.50642323,0.9014759
2.7775,0.80020905,0.9015485
2.89375,0.6625489,0.9016597
3.2337499,0.79580927,0.9021938
5.0012503,0.97041106,0.9012624
4.97875,1.1863562,0.9012054
4.82125,0.811198,0.9019785
3.7668748,0.8773558,0.9021257
2.720625,0.81999266,0.9008069
2.6049998,0.70427454,0.9018929
2.54875,0.84619296,0.90073717
2.2918751,0.78991115,0.90083444
2.715,0.8148618,0.9016129
4.028125,1.125445,0.9020091
4.76625,0.8276715,0.90091455
4.95375,1.9656237,0.9015176
4.543125,1.6614097,0.9016974
4.4768753,0.66812503,0.901214
4.431875,0.781981,0.90158415
3.8293748,0.5521337,0.90192604
1.454375,0.45505688,0.9017135
0.54312503,0.8677108,0.9010761
0.54312503,0.88832974,0.9024756
0.52312505,0.8474084,0.90177786
1.003125,0.5902093,0.90149724
1.751875,0.8888637,0.9008751
1.8806251,0.78188,0.90076005
2.3118749,0.90961146,0.9014634
4.00875,1.0592834,0.9015945
4.844375,1.3018873,0.9002366
4.95,0.9252677,0.9015074
4.823125,0.9064506,0.9017757
4.7581253,0.92469203,0.90171635
4.721875,0.6636963,0.9010862
3.86375,0.722795,0.90168023
2.7637498,0.7299328,0.9018569
2.438125,0.7496133,0.90176034
2.370625,1.1121968,0.9013736
4.52875,0.8053608,0.90151894
5.091875,1.9464581,0.9010992
5.63375,1.6482158,0.90101147
8.5975,0.66393054,0.9025874
8.735,0.8025546,0.9016521
4.00875,0.5295624,0.9016497
2.6599998,0.3983672,0.90171313
1.5150001,0.79656935,0.90202785
1.5300001,0.42858624,0.90227187
1.5475,0.3793634,0.90065503
1.5225,0.328673,0.90158
1.554375,0.4200884,0.9005023
1.5762501,0.27445573,0.90122855
1.513125,0.41243237,0.9012624
2.130625,0.60285735,0.90085244
2.668125,0.6688086,0.90108144
3.9624999,0.4173106,0.90091264
6.2125,0.43341622,0.90132284
5.513125,0.5394019,0.9013537
0.6875,0.42584234,0.9014199
0.599375,0.59406936,0.9014789
0.651875,0.49496013,0.9012215
1.898125,0.5688822,0.9010756
3.191875,1.0181494,0.90103316
3.32375,0.5842318,0.90086854
6.11875,1.9366789,0.9020301
8.835,1.5823425,0.9011582
8.37875,0.4644078,0.9013139
2.485,0.556322,0.90136313
1.64125,0.26024744,0.9009856
1.6075001,0.15719523,0.90135515
1.6337501,0.5327637,0.9021653
1.6487501,0.6510318,0.9022659
1.585625,0.61812353,0.9012158
1.62125,0.4014749,0.90078616
1.6475,0.6173829,0.90149343
2.269375,0.49155858,0.90178645
2.83,0.635012,0.90126956
2.7131248,0.8062613,0.9017663
3.221875,0.9424083,0.9012214
3.2199998,0.62425125,0.9023801
3.6499999,0.6250051,0.90314543
3.116875,0.6268934,0.90115654
3.193125,0.4933135,0.9020245
3.0268748,0.6346095,0.9022535
2.638125,0.5436877,0.9013972
2.6799998,0.6144136,0.9011544
2.7012498,1.0018195,0.9009454
2.7675,0.63837934,0.90075254
2.799375,2.0164676,0.902552
7.42375,1.7275951,0.9014617
3.0549998,0.5019599,0.90151703
2.76875,0.62498844,0.9022449
2.79,0.3504903,0.9008719
2.29125,0.21934342,0.90185153
1.549375,0.5949577,0.90197027
1.5306251,0.87675655,0.9015293
1.520625,0.84790087,0.90103316
1.554375,0.5743914,0.9020566
1.554375,0.9208069,0.9007149
2.401875,0.74465084,0.9013735
3.2312498,0.907923,0.9016198
4.0006247,1.1141291,0.9005859
4.284375,1.2428873,0.90088606
4.183125,0.9016079,0.9014137
4.22375,0.9004952,0.90143824
3.4768748,0.89970183,0.9014741
3.38375,0.76298404,0.90094864
3.3274999,0.89949083,0.90198684
3.2493749,0.83925474,0.90104973
3.8699996,0.8940637,0.9016862
5.595625,1.2555714,0.9010515
5.8762503,0.90445554,0.90108
5.9187503,2.208016,0.9004438
5.920625,1.9867735,0.9015378
5.9825,0.79561985,0.9010625
5.24,0.8775699,0.90055275
2.8574998,0.58485144,0.9017122
2.27,0.45081705,0.9020637
1.59,0.8337643,0.9012233
1.626875,0.811224,0.9007894
1.554375,0.77355003,0.9013742
1.5606251,0.4970507,0.9009222
1.544375,0.82059026,0.90221965
2.38375,0.6513183,0.90135634
3.2712498,0.78665555,0.901098
3.676875,0.95744514,0.9013845
3.9487498,1.1141759,0.901446
3.3949997,0.773589,0.90161884
3.354375,0.7803434,0.90082467
3.3531249,0.78557825,0.901247
3.4681249,0.67227226,0.9017359
3.50625,0.8134861,0.9008502
3.5181248,0.728606,0.90062416
3.5643747,0.79531753,0.9018228
5.88375,1.1581197,0.9012172
9.610625,0.8213465,0.9021764
6.6893754,2.1257665,0.9017366
5.8125005,1.8462162,0.90049064
6.133125,0.6395693,0.9010848
6.606875,0.81797945,0.9012122
4.49625,0.55418265,0.9015548
2.421875,0.3903181,0.9012592
1.60625,0.7908515,0.90082693
1.604375,0.7854718,0.90135777
1.5625,0.77477026,0.9011351
1.59625,0.48777345,0.9009768
1.5500001,0.82191443,0.90193903
2.183125,0.60237837,0.90154326
3.35,0.8110399,0.90134096
3.9599998,1.0031039,0.90119886
4.344375,1.0674809,0.9019141
4.0993752,0.7995497,0.9014255
3.40625,0.7952082,0.90118074
2.6625,0.83734334,0.9011936
2.5049999,0.72437084,0.90165496
2.54875,0.8639648,0.9013994
2.40375,0.7690009,0.90090346
2.3262498,0.8592737,0.90106034
3.8699996,1.1845824,0.9017792
5.73375,0.8649765,0.90171814
5.8943753,2.0757275,0.9011333
5.4281254,1.785341,0.90164196
5.574375,0.6025124,0.90111876
5.405,0.8182807,0.9011637
4.2918754,0.5588043,0.9015056
2.385,0.37508118,0.90224004
1.526875,0.79961634,0.9014751
1.5425,0.79590786,0.9015373
1.570625,0.7664126,0.90199685
2.0268748,0.45629856,0.9013729
2.7949998,0.7664974,0.9017662
2.9424999,0.60116935,0.9013504
3.2168748,0.7601615,0.90131104
3.406875,0.94956326,0.90098655
3.4675,1.0966178,0.90067136
3.4106247,0.73936677,0.90181184
3.59,0.793957,0.90163696
3.54375,0.80511546,0.9015429
3.453125,0.6915407,0.9014219
2.693125,0.8265561,0.90133035
2.346875,0.7308104,0.9018599
2.410625,0.83179045,0.90186083
2.5649998,1.1703157,0.90184116
5.4743752,0.83311486,0.9025091
5.948125,2.0448518,0.90179527
5.4131255,1.7695457,0.90100443
5.4756255,0.5663686,0.90120244
4.18,0.7959653,0.9009762
2.78375,0.5473771,0.9007691
2.441875,0.3454827,0.9022025
1.5425,0.7689947,0.9018303
1.4993751,0.8281497,0.9014367
1.52,0.79812694,0.9019109
2.004375,0.47446147,0.9027282
2.7099998,0.8188293,0.90114605
2.6612499,0.66342616,0.90202534
2.3056247,0.81185246,0.901598
2.60125,1.0174973,0.90128636
3.12875,1.0923249,0.90165806
2.94375,0.76865375,0.9017707
2.5337498,0.81251085,0.9008341
2.423125,0.8213335,0.90108407
2.3806248,0.664092,0.90203106
2.45375,0.80569243,0.90147173
2.191875,0.7523993,0.90146255
2.2775,0.76805115,0.901227
2.7424998,1.1271119,0.902236
4.636875,0.8150835,0.9014492
5.039375,1.9912803,0.9013777
4.268125,1.7499188,0.9020426
1.9406251,0.5557258,0.9011793
1.808125,0.76355076,0.9021057
1.781875,0.5318936,0.9004874
1.28875,0.38124555,0.9017955
0.55562496,0.63833416,0.9006032
0.561875,0.28170332,0.90225637
0.57875,0.26232615,0.90045905
0.525,0.20093603,0.9015255
0.568125,0.29152256,0.9010366
0.53125,0.15857026,0.90143347
0.56437504,0.3094635,0.90217125
1.0625,0.47263741,0.9010782
3.9131248,0.5609553,0.90105176
7.638125,0.2914889,0.9012561
7.7237496,0.3068394,0.9011613
7.5037503,0.41752788,0.90162766
6.7356253,0.289585,0.9013095
6.8006253,0.42510778,0.901086
6.1356254,0.36442173,0.90203226
1.8481251,0.41371712,0.90176034
2.2549999,0.7673305,0.9016503
2.409375,0.41794074,0.9008244
2.5024998,1.7144967,0.9026307
1.8256251,1.3795266,0.9016974
1.8481251,0.2722024,0.90140295
1.15125,0.38109586,0.901649
0.60875,0.15381663,0.9017502
0.625,0.053551376,0.9021443
0.64250004,0.40209684,0.9005966
0.588125,0.52481645,0.9015542
0.61187506,0.49942094,0.9021903
0.629375,0.3261785,0.90086937
0.5925,0.53092206,0.90143585
1.304375,0.37806728,0.9017986
1.8481251,0.5251229,0.90094733
1.855,0.70305264,0.9014909
2.6049998,0.84658384,0.90096664
6.2431254,0.51356363,0.90116656
7.214375,0.5309298,0.90089583
1.873125,0.54414177,0.90052533
2.1187499,0.40598953,0.90108836
1.400625,0.5095112,0.90069556
0.90125,0.43855798,0.9005127
0.73,0.51133513,0.9016787
0.57125,0.89083815,0.90193963
1.4175,0.5320166,0.90161467
3.3862498,1.8472025,0.90097344
2.338125,1.5359855,0.90030086
1.8962501,0.33854073,0.9007422
1.8568751,0.5371319,0.90126383
1.88125,0.2937121,0.9027034
1.283125,0.1547569,0.9014187
0.566875,0.5054044,0.9020026
0.635625,0.78500557,0.901741
0.584375,0.7576239,0.90079
0.62,0.4636815,0.90082014
0.62,0.61918885,0.90213
0.69437504,0.4976823,0.9010087
3.6925,0.69387174,0.9006429
4.153125,0.9156127,0.90203667
4.20375,1.0747508,0.90155387
3.7450001,0.7474483,0.9006469
2.3775,0.7910266,0.90215313
2.5493748,0.7759274,0.90143204
2.5575,0.66369164,0.90141356
2.40125,0.82304573,0.9010397
2.2568748,0.78120995,0.90104556
2.2724998,0.85592926,0.90260696
2.629375,1.1875473,0.90145135
4.4675,0.8755343,0.901078
5.2356253,1.9927634,0.9009801
5.7406254,1.7315928,0.90073395
7.5475,0.6851045,0.9022528
2.7499998,0.82737124,0.90082204
0.531875,0.5120304,0.90172505
0.54312503,0.39520448,0.9013729
0.541875,0.7843102,0.9016707
0.5425,0.7574868,0.90181684
0.548125,0.703917,0.90085316
0.52937496,0.41808861,0.9022279
0.55875003,0.6214399,0.9007579
1.3531251,0.5462167,0.90142226
3.910625,0.69550073,0.9005637
4.656875,0.8547429,0.9010962
4.606875,1.0189297,0.9000989
3.7106247,0.67029977,0.90172446
2.4737499,0.6666354,0.90166354
2.401875,0.76455605,0.9011862
3.1612499,0.6410408,0.9010129
3.6518748,0.76267684,0.9003196
2.348125,0.70030737,0.90230656
3.5337498,0.7920476,0.90110373
2.598125,1.155022,0.9019798
3.6206248,0.8239224,0.9008988
4.140625,1.9048996,0.9012598
2.9937499,1.6727598,0.90264106
4.4612503,0.5272908,0.90183055
2.7499998,0.7617178,0.9020467
1.5175,0.45065328,0.90135515
1.53875,0.35134247,0.90084124
1.52125,0.72241044,0.901145
1.5306251,0.73037004,0.90220094
1.513125,0.6869241,0.9016583
1.515625,0.42003655,0.90129614
1.5150001,0.70395064,0.9016843
2.24,0.5651408,0.9015286
5.238125,0.7757424,0.9017801
5.6800003,0.9249847,0.9010898
5.388125,1.124597,0.9014536
4.835625,0.75806093,0.9014679
3.25875,0.7428682,0.90096223
2.6506248,0.74074244,0.90222704
2.665,0.5601829,0.9010041
2.476875,0.7026371,0.9017626
2.315,0.6356175,0.9012306
2.2806249,0.6972861,0.9008825
2.4925,1.0267782,0.9005592
2.8431249,0.7673726,0.90110874
4.92625,1.8475022,0.90172684
6.59,1.5594329,0.90099347
5.75,0.56363153,0.90046084
2.0024998,0.7498727,0.90124214
0.635,0.51754206,0.9019623
0.556875,0.36518538,0.90189135
0.504375,0.7659781,0.9010414
0.525,0.77168417,0.90166926
0.5375,0.74311817,0.9008281
0.565,0.4807212,0.90136385
0.513125,0.76870847,0.9011791
1.2162501,0.61854434,0.90080893
4.0212502,0.7645514,0.9012718
4.78875,0.93373954,0.9013984
4.681875,1.1409274,0.90173686
4.82375,0.8202597,0.900561
4.920625,0.83299625,0.90108836
4.74375,0.82545745,0.90076303
4.6331253,0.70078325,0.9017763
2.308125,0.82202065,0.9008566
2.755625,0.7783176,0.9008908
4.095625,0.78735304,0.90199494
6.0037503,1.2191833,0.9017068
7.019375,0.8367944,0.9013133
5.2337503,1.9710153,0.90173805
4.67375,1.7057478,0.90140736
4.6493754,0.6557294,0.9016464
2.5075,0.81556726,0.90275943
0.673125,0.5715741,0.9014052
0.714375,0.4979188,0.9011121
0.65437496,0.8081163,0.9016218
0.65999997,0.9286201,0.9007126
0.67125,0.8823378,0.90199745
0.664375,0.5565629,0.9017199
0.6475,0.9565941,0.9016472
1.3468751,0.75778544,0.9019649
4.05,0.8983339,0.9012431
4.626875,1.0916035,0.90096223
4.7275,1.21645,0.9008341
4.793125,0.8389493,0.9009466
4.6200004,0.90835106,0.9023646
4.6331253,0.91478086,0.9015207
4.335625,0.7986878,0.9008151
2.39125,0.90549934,0.90163755
2.29375,0.8284538,0.9008107
2.355,0.888461,0.9011941
2.4475,1.2523786,0.9028555
3.579375,0.88997996,0.90143704
4.981875,1.8315587,0.90233505
4.6043754,1.656328,0.9021274
4.15875,0.6620952,0.90195906
1.4112501,0.88668203,0.901319
0.551875,0.6262554,0.9010129
0.531875,0.5096517,0.90156424
0.52312505,0.9099791,0.9007776
0.53499997,0.5365754,0.90196097
0.503125,0.52231175,0.9004489
0.526875,0.3574843,0.90069115
0.53125,0.5360472,0.901628
1.12125,0.40465236,0.9018843
1.776875,0.5405878,0.9026209
1.7175001,0.6976886,0.902416
1.708125,0.7148597,0.9007294
1.7225001,0.49383464,0.90203726
6.7500005,0.5530098,0.9011185
3.771875,0.53347313,0.9021052
1.8825,0.4365036,0.90123653
1.0393751,0.58023477,0.9026381
0.48000002,0.47820196,0.9011351
1.730625,0.5096,0.90204906
2.194375,0.92469597,0.90127623
2.993125,0.56020176,0.902375
6.87,1.7388293,0.901448
6.1262503,1.3494941,0.90049136
2.4031248,0.327294,0.9011692
1.176875,0.4616265,0.90113926
0.57625,0.20671807,0.9017707
0.57500005,0.081621334,0.9013685
0.53125,0.42919064,0.901338
0.55375004,0.05150616,0.9005246
1.043125,0.024839744,0.9017345
1.5175,0.08979604,0.901752
1.500625,0.036054775,0.902099
2.284375,-0.13737416,0.90113485
2.7212498,0.03264588,0.9022882
2.089375,0.20176071,0.9009714
2.2124999,0.2975719,0.9009092
2.180625,0.054214776,0.90217245
2.2112498,0.033583567,0.9015491
1.648125,0.040018037,0.9010687
1.689375,-0.164269,0.9025972
0.865,-0.056082815,0.9023398
0.415,-0.027964622,0.9006257
0.47,-0.0564484,0.90109813
0.403125,0.3863933,0.9016559
1.329375,-0.054644972,0.90055275
1.7531251,1.1386282,0.9013581
1.801875,0.6528932,0.902056
1.7375001,-0.15674692,0.9020145
1.105,-0.06755039,0.9013324
0.53437495,-0.24952999,0.9023416
1.0275,-0.35623088,0.90079343
1.4987501,-0.020334706,0.90112805
1.52125,0.18148352,0.90118384
1.44375,0.15790986,0.90134597
1.51125,0.17650661,0.90106094
1.52125,0.19230564,0.9009204
2.52375,0.05838774,0.90124524
3.2312498,0.17488798,0.9016681
2.71625,0.33729842,0.9014586
2.2199998,0.45805845,0.9019356
2.188125,0.18950951,0.9017439
2.188125,0.21281904,0.9012393
2.21875,0.20150216,0.9009447
2.185625,0.073562644,0.9016663
2.144375,0.24324998,0.90209424
2.17,0.27179077,0.90178764
2.2,0.24179639,0.9011402
2.220625,0.5799984,0.9013771
3.37375,0.2062827,0.90181017
5.0906253,1.3077772,0.9021921
3.490625,0.871212,0.90231335
1.783125,0.09736634,0.90205216
1.061875,0.15287733,0.90165937
0.53375,-0.0033916682,0.9016595
0.53375,-0.11042547,0.90249455
0.51750004,0.24210039,0.90297794
0.475,0.75665665,0.90224373
0.53312504,0.73932624,0.90203226
0.52625,0.46849963,0.9019996
0.52750003,0.7633921,0.9016731
1.3687501,0.6116382,0.9009038
2.36125,0.76045036,0.90202725
2.4,0.94188035,0.9009572
2.419375,1.0817912,0.9009954
2.491875,0.781356,0.90079176
2.3787498,0.79169345,0.9013077
2.435,0.8144531,0.9021375
2.4968748,0.6738244,0.90111506
2.51875,0.81805825,0.90055573
1.6337501,0.7465135,0.9013772
1.1850001,0.80424607,0.9012543
1.143125,1.0734712,0.90084755
3.655,0.78027093,0.9013649
4.743125,1.8099701,0.90113485
4.4012504,1.4984171,0.9013629
4.27,0.54108524,0.8999623
2.544375,0.7608248,0.9014518
1.311875,0.5061522,0.9015237
0.52,0.3478379,0.9011625
0.4875,0.7429378,0.90177655
0.51375,0.7488669,0.9024353
0.530625,0.72198606,0.9016713
0.49625,0.4731475,0.9011426
0.536875,0.7751236,0.9008299
1.210625,0.67323744,0.90051687
2.293125,0.762583,0.901505
2.315625,0.93706834,0.90125525
2.40875,1.1080586,0.90092456
2.3525,0.83034694,0.9019308
2.338125,0.8634703,0.9010025
2.6543748,0.83750856,0.9012543
2.324375,0.6953751,0.9015242
1.693125,0.8277514,0.9013611
2.023125,0.7676221,0.9020132
3.9849997,0.8046403,0.9000578
4.13,1.1310703,0.90078163
4.5393753,0.80709004,0.9026097
4.8143754,1.82857,0.9018643
4.3862505,1.5983133,0.9013163
4.458125,0.6260145,0.90112126
2.1499999,0.7935746,0.9029163
0.518125,0.5306932,0.90093446
0.48624998,0.4053893,0.9018557
0.478125,0.77589035,0.90142214
0.50374997,0.77212274,0.90046847
0.486875,0.7395234,0.90086055
0.5025,0.47420642,0.9018599
0.49,0.8623024,0.9019598
1.10625,0.7265228,0.9028392
2.8825,0.7953913,0.90074277
3.283125,0.9842535,0.90190375
3.17375,1.1268266,0.90184474
3.3106248,0.8066163,0.9023124
2.760625,0.79182374,0.9005246
2.524375,0.79916966,0.9015449
2.3799999,0.6423013,0.9019444
1.9681251,0.7382884,0.9024242
1.1437501,0.66386175,0.9019593
1.1543751,0.766711,0.9011595
2.7593749,1.1262335,0.90185666
4.4543753,0.7484697,0.90131545
5.0837502,1.9004339,0.90166485
4.379375,1.548286,0.9014931
4.316875,0.6093009,0.901279
2.59375,0.8495108,0.90128314
0.513125,0.5544315,0.9012315
0.474375,0.3640709,0.9010081
0.53312504,0.70025456,0.90149343
0.50875,0.7473098,0.9010714
0.50187504,0.7244011,0.90139997
0.509375,0.44682956,0.9008317
0.525,0.75013196,0.9012152
1.186875,0.59878707,0.9015676
2.450625,0.73823106,0.9005836
2.55375,0.96345806,0.9014139
2.479375,1.1462458,0.9018786
2.4712498,0.80984604,0.90141666
2.548125,0.8638309,0.9018042
2.4968748,0.8391669,0.90111935
2.3643749,0.7755772,0.90145063
1.7925,0.89976,0.9017639
1.143125,0.7967552,0.9011885
1.20375,0.8286685,0.9020103
6.596875,1.116576,0.90019655
5.185625,0.88896513,0.9017253
5.270625,1.865646,0.90206397
4.66625,1.5842228,0.90021193
4.1287503,0.63760877,0.90198207
1.653125,0.825974,0.9010886
0.55375004,0.57280815,0.90194976
0.64812505,0.4244675,0.9015826
1.4418751,0.8142977,0.90065086
1.50875,0.40809613,0.9023179
1.47375,0.34827346,0.9005734
1.480625,0.26124054,0.90091777
1.506875,0.37874824,0.9013252
2.1343749,0.25067994,0.90102506
2.6775,0.35274243,0.90175974
1.8737501,0.47346526,0.9018223
1.715,0.56005126,0.9018065
1.815,0.31755626,0.90189576
1.6750001,0.42787,0.90205884
1.720625,0.45789567,0.90103424
1.7268751,0.3062693,0.9012629
5.7962503,0.45430368,0.90081286
6.05875,0.3895642,0.90150726
4.42875,0.44489557,0.90086997
6.98375,0.78431547,0.90118873
7.9256253,0.46164784,0.90123534
8.955001,1.6087459,0.9012766
8.403125,1.2534287,0.90155506
7.54875,0.30947846,0.90138984
1.55125,0.42995968,0.9011123
0.57437503,0.20723237,0.9013077
0.63937503,0.12943883,0.90097475
1.55875,0.44888234,0.9010978
1.511875,0.5459881,0.9012021
1.5425,0.5155627,0.9017674
1.5575,0.3287179,0.9013964
1.5325,0.52018046,0.90091836
2.2475,0.35699016,0.90215254
2.7649999,0.49880916,0.90103424
2.05,0.66160184,0.9010221
2.23125,0.81416905,0.9012618
2.4325,0.5068512,0.90186703
2.56875,0.50385255,0.90097475
1.893125,0.5811603,0.90105176
1.67125,0.46740177,0.90101767
0.89875007,0.5857454,0.9012586
0.37687498,0.5180718,0.90228987
0.39437503,0.59746534,0.9001312
0.42312503,0.86491036,0.9011538
1.315,0.5673325,0.9023653
1.7487501,1.5702114,0.9010904
1.783125,1.2648019,0.901168
1.7531251,0.42978448,0.90075326
1.0862501,0.52825236,0.90194213
0.52250004,0.2917584,0.90102327
0.52937496,0.16071296,0.9015584
0.51250005,0.4822982,0.9018798
0.52750003,0.73304796,0.9016621
1.4075,0.695843,0.90139794
1.4687501,0.41747466,0.9020159
1.45875,0.72267914,0.9008763
2.398125,0.5468137,0.9011977
3.3793747,0.7500614,0.9021816
2.5618749,0.92726946,0.90101266
2.4781249,1.0044484,0.90181315
2.4049997,0.7716795,0.90085244
2.3925,0.7818253,0.90137005
2.415,0.7884824,0.9010507
2.36125,0.7944975,0.9018351
1.5825,0.9693942,0.9018353
0.95875,0.8864491,0.90129936
1.165625,0.949144,0.90142345
2.8249998,1.2293464,0.9011482
3.876875,0.9276314,0.9006232
5.071875,1.837694,0.9031464
3.2875,1.5592817,0.9013338
1.875,0.7266884,0.9010465
1.073125,0.8241379,0.9021075
0.52625,0.596215,0.901147
0.53312504,0.436808,0.90018
0.45374998,0.8217169,0.9007882
0.515,0.80684316,0.9010093
0.48000002,0.780607,0.90114224
0.513125,0.49190235,0.902164
0.518125,0.80745304,0.9017223
1.34,0.65577173,0.90047705
3.7749999,0.8125186,0.90218174
4.6162505,0.9785907,0.9014468
4.5525002,1.148236,0.9019625
4.4975,0.8053168,0.9016105
4.564375,0.78619623,0.90222
4.796875,0.8255197,0.901214
4.655625,0.7123642,0.90050817
3.8699996,0.84824216,0.9012295
1.0662501,0.77972794,0.901031
1.04375,0.8374413,0.9013593
1.22875,1.1518412,0.90103245
3.2806249,0.85367835,0.9007698
4.905,1.8143266,0.9022238
4.3762503,1.4848187,0.90200853
2.335625,0.6268971,0.90206254
1.30125,0.77658355,0.9008837
0.52375,0.55237746,0.901454
0.485625,0.4301688,0.90189314
0.515625,0.8012552,0.9011556
0.516875,0.7960869,0.9015044
0.4725,0.77759326,0.9016372
0.496875,0.47615185,0.901629
0.53125,0.78561187,0.90115976
1.1475,0.6502528,0.9004487
3.883125,0.7968296,0.90168
4.6462502,0.951664,0.9017639
4.6800003,1.1141145,0.90248954
4.79,0.84661686,0.90203285
3.6525,0.82299674,0.90018404
2.4712498,0.81351626,0.90194654
2.4643748,0.68362224,0.9005239
1.865625,0.82553685,0.901752
1.004375,0.7793381,0.9022573
1.0387499,0.85387206,0.901381
1.145,1.1447566,0.9012172
2.475625,0.8206196,0.90122056
4.1662498,1.8157582,0.90204644
2.6587498,1.4903635,0.9022033
1.845,0.64953464,0.90079474
1.3681251,0.8086833,0.9020673
0.546875,0.56832373,0.9000654
0.4975,0.46115488,0.9023762
0.52937496,0.81122565,0.9020474
0.5375,0.80699563,0.9018445
0.53625,0.75024796,0.90179384
0.50687504,0.47087207,0.90131605
0.539375,0.7924459,0.90088964
1.1418749,0.6565183,0.90093994
3.789375,0.8082752,0.90144145
4.765625,0.95273376,0.90099216
4.82,1.154195,0.9011084
4.7850003,0.8043752,0.9001088
4.72125,0.82005227,0.9014783
4.68125,0.8857237,0.90222
4.4225,0.71013236,0.9015281
1.9868752,0.8857032,0.9021653
1.4350001,0.7844527,0.9017457
2.7112498,0.8643087,0.9015305
2.97625,1.2915934,0.90162826
4.2850003,0.9067347,0.9018899
4.8793755,1.9728202,0.90039194
4.42,1.6680772,0.90125847
1.8631251,0.6621752,0.9013699
1.92,0.84205544,0.90162766
0.66499996,0.54359543,0.90099907
0.485625,0.45068756,0.90163803
0.51625,0.7877687,0.9014145
0.51375,0.86407673,0.9007671
0.48375002,0.8593497,0.90050197
0.51250005,0.5098476,0.9020219
0.504375,0.80726147,0.90094006
1.1081251,0.71001387,0.90228605
3.3075,0.8466817,0.9015515
3.1775,1.0334361,0.90147436
2.5131247,1.1933776,0.90163696
4.35125,0.8756126,0.9008974
3.31875,0.8709334,0.9013691
2.34,0.8615302,0.90123975
2.476875,0.7152349,0.901219
1.7068751,0.8526374,0.90188456
1.045,0.78793454,0.90097237
1.078125,0.83517206,0.90221405
1.168125,1.1176126,0.9015379
2.99,0.8384739,0.90172553
4.74625,1.751703,0.9012102
4.53125,1.4003808,0.9019892
3.8325,0.6080463,0.9012841
2.043125,0.7914512,0.90156245
0.72875,0.5391109,0.90150285
0.58500004,0.4002667,0.9023285
0.51750004,0.7728064,0.9005835
1.4681251,0.38553095,0.9016733
1.4875001,0.3646109,0.9018247
1.504375,0.25524202,0.90121424
1.459375,0.37106928,0.90115225
2.175625,0.25328112,0.9019127
2.5793748,0.368434,0.9014406
1.661875,0.5286795,0.9020283
0.619375,0.6149907,0.9024551
0.594375,0.38095054,0.90189075
0.765625,0.39729357,0.901922
0.77874994,0.45925018,0.90141976
1.01125,0.36965537,0.9009893
0.85,0.53420883,0.9014877
0.89812493,0.454179,0.90235865
1.118125,0.5413716,0.90097225
1.233125,0.8508266,0.9014634
1.136875,0.5509915,0.90155184
1.1968751,1.546291,0.9014056
0.6475,1.191557,0.9008993
0.6975,0.35293818,0.90133476
0.71000004,0.45561424,0.900308
0.69562507,0.24157193,0.902599
0.638125,0.16035296,0.9012772
0.71375,0.44888934,0.9016081
0.69375,0.5511781,0.9008273
0.69875,0.5162624,0.901986
0.68,0.3394136,0.901561
0.70624995,0.5302064,0.9007046
0.650625,0.35606962,0.90111375
0.64375,0.52099645,0.9008603
0.608125,0.7016636,0.90120566
1.109375,0.79985833,0.9009094
1.32,0.53532124,0.90125346
1.278125,0.56877315,0.9021224
0.759375,0.6275394,0.90110373
0.77812505,0.5789812,0.90092754
0.775,0.7375612,0.9014088
0.76125,0.6442218,0.9022007
0.74375,0.72055924,0.9016206
0.7875,1.0701168,0.9010868
0.88750005,0.77255785,0.9005734
0.85749996,1.6610574,0.90193677
0.855,1.354966,0.90115976
0.56125,0.5160305,0.90184534
0.51250005,0.6122191,0.90139854
0.54875,0.37481886,0.9012686
0.520625,0.28073192,0.90164375
0.53437495,0.64433455,0.902249
0.540625,0.8264109,0.9015298
0.55125,0.8481046,0.90146136
0.49,0.5276512,0.90135753
0.54625,0.9233608,0.90081096
0.67,0.7428198,0.90278363
1.296875,0.861115,0.90158117
2.5493748,0.96992195,0.9014137
2.5506248,1.1662387,0.90142465
2.4575,0.8217026,0.9011462
2.358125,0.8645122,0.90163624
2.400625,0.8998786,0.90103936
2.3206248,0.7508496,0.9011687
1.6225001,0.9042723,0.90130746
1.0812501,0.8605515,0.9028474
2.3943748,0.98064697,0.9014709
3.4643748,1.2149119,0.90255773
4.49625,0.9801756,0.9007071
4.99125,1.8604863,0.9011141
4.82,1.542611,0.90145314
4.5106254,0.77383757,0.90079
1.6693751,0.88486755,0.9022541
0.52812505,0.66992867,0.90266
0.52375,0.5480169,0.9010726
0.5075,0.8999646,0.90169096
0.526875,0.86199534,0.90188336
0.539375,0.8490118,0.9011996
0.509375,0.5363637,0.90154886
0.521875,0.89812195,0.90109074
1.4575001,0.7296511,0.90166986
2.3493748,0.8525882,0.9019009
2.4287498,1.0079232,0.9018698
2.47625,1.0769587,0.90158474
2.37125,0.7999176,0.90117157
2.375625,0.8293004,0.901497
2.453125,0.7571721,0.9021621
1.054375,0.7978271,0.901469
1.15375,0.9322653,0.90151
1.624375,0.8613844,0.9012879
3.240625,0.9244356,0.9017546
3.3474998,1.2639323,0.90082145
3.511875,0.93816936,0.9019667
3.824375,1.8436035,0.90176
3.1731248,1.5297352,0.90232253
3.2475,0.67902744,0.9017943
1.2581251,0.83973444,0.90163064
0.520625,0.57973313,0.90102386
0.508125,0.52541924,0.902117
0.489375,0.8740845,0.9010005
0.509375,0.802369,0.901755
0.51250005,0.83062315,0.90100884
0.518125,0.52440333,0.9019346
0.460625,0.86188614,0.90153193
0.6275,0.7182821,0.9009124
1.2118751,0.84726787,0.90077424
1.259375,1.0047464,0.9021888
1.181875,1.1524745,0.90147936
1.2581251,0.8926722,0.90018713
1.3156251,0.9030913,0.9017428
1.2800001,0.96449363,0.90160465
1.2625,0.84714043,0.9010433
1.090625,0.9963412,0.901075
1.065625,0.90347135,0.9014853
1.130625,0.9854765,0.9012439
1.18875,1.2548661,0.9011028
1.333125,0.98627985,0.90042496
2.9868748,1.8050885,0.901669
3.21375,1.4832288,0.9020568
2.795625,0.72155213,0.9021865
0.516875,0.85417986,0.90146637
0.49062502,0.5956979,0.90124214
0.435625,0.46932948,0.9019643
0.475,0.74472487,0.90255594
0.495,0.67794645,0.9014398
0.48125,0.6595594,0.9012983
0.470625,0.42553353,0.90241945
0.45125002,0.70409584,0.9026301
0.599375,0.5684464,0.90180445
1.155,0.69534814,0.90286934
1.176875,0.86692405,0.8997867
1.20625,1.0277863,0.90180385
1.115,0.7744602,0.90163994
1.07,0.8199668,0.9020779
1.019375,0.89035463,0.9010725
1.053125,0.80718064,0.9012258
0.954375,0.95448565,0.9004365
0.9525,0.8617152,0.9013368
1.0393751,0.96281624,0.90078723
1.0649999,1.2489154,0.9013715
1.2125,0.97007453,0.90143824
3.00875,1.7377746,0.9007766
3.128125,1.4210738,0.9014429
3.24625,0.71595705,0.90269744
1.9825001,0.859761,0.90107465
0.47875,0.60238475,0.90094733
0.505625,0.40888017,0.90198684
0.48125,0.71053827,0.9016479
0.458125,0.73471546,0.90172195
0.48875,0.70498884,0.901526
0.47875,0.43080288,0.90164816
0.4825,0.73124707,0.9014118
0.580625,0.60135555,0.90153956
1.04625,0.72907305,0.9004593
1.1625,0.8999903,0.9011532
1.061875,1.0491893,0.90211344
1.0818751,0.76657784,0.90190685
1.08875,0.8569927,0.9017973
1.030625,0.957965,0.90045774
1.0325,0.87498987,0.9024073
0.9656249,1.0085707,0.9018947
1.01625,0.90891135,0.90085244
1.094375,1.0088924,0.9010284
1.40125,1.2893353,0.9017968
2.129375,1.0153792,0.90090775
3.8956249,1.7067008,0.90036345
3.5168748,1.4037547,0.90206814
3.188125,0.75695443,0.901989
0.606875,0.882589,0.9015423
0.60249996,0.64223725,0.9022876
0.588125,0.49078616,0.90145516
0.56937504,0.8184233,0.9013872
0.60875,0.4709213,0.9012947
0.6,0.40682098,0.9013549
0.603125,0.26054126,0.90084577
0.578125,0.40475044,0.9019525
0.57625,0.28344834,0.9013655
0.54375,0.39821452,0.90067494
0.505625,0.55253637,0.9009365
0.52375,0.66549313,0.90098476
0.67499995,0.4608764,0.901472
0.73687494,0.49877298,0.90231955
0.6675,0.52757907,0.9019402
0.5425,0.38794494,0.90217817
0.56937504,0.531161,0.9006846
0.578125,0.46157858,0.9010577
1.216875,0.5187974,0.90152895
1.469375,0.8511268,0.90102935
2.0049999,0.53588676,0.9019637
5.5437503,1.4291909,0.90147626
4.665625,1.0256069,0.90124154
0.61875,0.38414234,0.9011091
0.520625,0.45996073,0.90162146
0.46125,0.2440533,0.90115154
0.483125,0.13557309,0.90176
0.495625,0.43845013,0.9009397
0.425625,0.5128503,0.9012339
0.49437502,0.46567887,0.90138566
0.495,0.28410277,0.901021
0.45687503,0.46459287,0.90103734
0.45625,0.3183034,0.9017855
0.438125,0.45153615,0.90199757
0.390625,0.6232575,0.9004322
0.916875,0.7367195,0.9013425
0.85125005,0.51993364,0.90167165
1.383125,0.55889904,0.9007722
0.6893749,0.5829754,0.9023963
0.36374998,0.46390647,0.90125406
0.35375,0.6260746,0.9018338
0.366875,0.54578274,0.90141094
0.31687498,0.6363033,0.9016459
0.39187503,0.9446453,0.9012672
0.393125,0.6180327,0.90126944
0.421875,1.4755877,0.9020313
0.463125,1.0809321,0.90137863
0.458125,0.5051422,0.90194213
0.438125,0.57172096,0.9019785
0.47187498,0.35280043,0.9007455
0.45625,0.21686882,0.90078914
0.46562502,0.50714207,0.90042615
0.478125,0.7354578,0.90187
0.469375,0.71004367,0.899902
0.43625,0.42978746,0.9012182
0.45125002,0.72324467,0.9018104
0.5825,0.5848706,0.9022019
0.958125,0.72129774,0.9011458
0.99875,0.8824322,0.9015826
1.01625,1.0491173,0.9018922
1.028125,0.75243545,0.90148604
1.0550001,0.7737292,0.90171254
1.0074999,0.80491495,0.9018662
0.99687505,0.7250874,0.9018276
0.94437504,0.8736528,0.90207696
1.0443751,0.8088007,0.9007455
1.000625,0.89190936,0.90179944
1.155625,1.1633435,0.9015305
3.3406248,0.8619592,0.90178394
3.4212499,1.653669,0.9015237
3.156875,1.319253,0.90132916
1.855,0.75993526,0.9008007
0.615,0.83774114,0.9007834
0.46,0.5967909,0.90128815
0.429375,0.46392828,0.9013412
0.46375,0.8210716,0.9014064
0.424375,0.72676015,0.90139556
0.43625,0.70773196,0.9013585
0.443125,0.4459043,0.9014554
0.460625,0.76418877,0.9017793
0.5725,0.64097583,0.9011458
0.95062506,0.7150413,0.9007162
1.06875,0.8646723,0.901418
1.00625,1.0552739,0.9013727
1.149375,0.74921453,0.9011378
1.244375,0.73612845,0.9016825
0.98125005,0.8096355,0.9005536
1.0968751,0.7310723,0.90169203
1.1968751,0.8790494,0.90103424
1.1081251,0.73685527,0.9007888
1.00375,0.8732766,0.9006014
1.0625,1.2036636,0.9009789
2.09,0.8851367,0.9006268
2.8424997,1.696718,0.90174663
0.53625,1.3756773,0.90080094
0.426875,0.69198537,0.9010749
0.480625,0.8171327,0.9008051
0.44750002,0.580516,0.9012146
0.475,0.496297,0.900422
0.460625,0.8085027,0.9015708
0.454375,0.79656386,0.90211415
0.470625,0.76958036,0.9008293
0.39375,0.46309236,0.90265286
0.449375,0.7447884,0.90115714
0.5675,0.6104253,0.9020399
1.2006251,0.7320852,0.90168977
1.268125,0.89347446,0.900712
1.19375,1.1251267,0.90185666
1.109375,0.7975879,0.9015882
1.25125,0.8116702,0.9020363
1.15125,0.8400723,0.90067697
1.16625,0.73789656,0.9017757
1.059375,0.8845929,0.9011642
1.065625,0.81488454,0.9006343
1.00375,0.9089124,0.90231454
0.99187505,1.1979406,0.9021256
1.090625,0.9126004,0.9017153
2.13375,1.6445415,0.9013109
3.3125,1.3020165,0.9016633
2.7781248,0.7200985,0.9021485
0.55062497,0.82355297,0.90224457
0.468125,0.61371785,0.90128434
0.445,0.49600855,0.9017979
0.45125002,0.8110082,0.90143263
0.463125,0.80102193,0.9020337
0.474375,0.76658297,0.90167785
0.46125,0.46528777,0.9018558
0.413125,0.7744175,0.9016671
0.595625,0.6285733,0.9009365
1.1325,0.75096095,0.90032375
2.854375,0.90266466,0.90195096
3.285625,1.0838667,0.901399
3.3793747,0.8211409,0.9020144
3.3956249,0.8880513,0.9018959
3.36,0.9186863,0.90094066
2.4893749,0.8158597,0.9014056
0.87,0.9696766,0.9013436
1.01375,0.87021756,0.90092754
1.07125,0.9567437,0.9012507
2.3731248,1.2465793,0.900228
3.440625,0.9240236,0.90187776
3.6093748,1.8572612,0.90203667
1.4425,1.5924239,0.90133286
0.60875,0.72847354,0.9013798
0.45875,0.8797556,0.9016541
0.46,0.6135087,0.90127957
0.445,0.5272731,0.9020109
0.445,0.86487305,0.90208924
0.424375,0.39317918,0.90212154
0.46187502,0.35961166,0.90072954
0.4275,0.3094627,0.9017389
0.445,0.38128203,0.90165234
0.59875,0.24950026,0.9015572
0.93937504,0.36809555,0.901157
0.90374994,0.5211479,0.9015832
0.88,0.6059182,0.90192187
0.84125006,0.39207208,0.90141296
0.891875,0.38673496,0.90201116
0.87874997,0.38185254,0.9010366
0.85687506,0.23968679,0.90185964
0.87312496,0.38973403,0.9003837
0.85375,0.38769856,0.90200377
0.86,0.40856302,0.900306
0.895625,0.73647153,0.90207756
0.9275,0.36385182,0.9011868
0.94562495,1.2494843,0.9011129
0.4325,0.7926601,0.9018278
0.46125,0.24656719,0.9020649
0.42,0.30244496,0.90147316
0.465,0.15670305,0.90157914
0.448125,0.05120954,0.90093637
0.45687503,0.33427405,0.9009987
0.425625,0.43240756,0.90229344
0.44750002,0.4132738,0.901706
0.46187502,0.28488258,0.90137327
0.4225,0.41035926,0.900782
0.43625,0.28117546,0.90165555
0.403125,0.38001245,0.900547
0.35625,0.5335531,0.9015037
0.33125,0.7347665,0.90220714
0.36875,0.44372106,0.90158856
0.35250002,0.49018455,0.9013127
0.329375,0.52115893,0.8998419
0.369375,0.42639887,0.90182316
0.71687496,0.58778095,0.9019172
0.82562494,0.47618964,0.9016541
0.973125,0.55725753,0.90147316
0.95124996,0.93051684,0.9014474
1.351875,0.54956234,0.90202534
1.158125,1.4615116,0.90211296
0.52750003,1.0407779,0.9022896
0.43062502,0.43958038,0.90073776
0.47375,0.5393963,0.90099394
0.43,0.31475753,0.9015417
0.438125,0.21147151,0.901459
0.42,0.51498294,0.9011123
0.46,0.561712,0.9010848
0.426875,0.5167506,0.90100265
0.418125,0.3178804,0.9018465
0.474375,0.52526414,0.90090835
0.426875,0.36712736,0.901376
0.346875,0.48047623,0.9013876
0.36562502,0.6228833,0.90122855
1.318125,0.8179662,0.9015696
1.176875,0.5385915,0.90169585
1.05875,0.6088697,0.90175796
0.593125,0.6488178,0.90223205
0.50875,0.5426258,0.9011328
0.388125,0.68988276,0.9006865
0.440625,0.6188865,0.9016739
0.366875,0.7019099,0.9013386
0.545625,0.97216535,0.90146494
0.65875,0.68808746,0.90122974
0.470625,1.4748628,0.9009602
0.435,1.0524611,0.9013709
0.46687502,0.494204,0.901373
0.443125,0.5866941,0.901263
0.444375,0.40056372,0.900301
0.478125,0.31441268,0.9002265
0.46375,0.5957297,0.9020945
0.4775,0.8385699,0.90100586
0.425625,0.8084798,0.9017428
0.44625002,0.48968002,0.9017019
0.47125003,0.8490665,0.9023572
0.5425,0.7160727,0.9016466
0.951875,0.83193886,0.90133286
0.89812493,1.012691,0.90167904
0.86312497,1.1651174,0.9004617
0.885625,0.87007356,0.9004127
0.88187504,0.8968295,0.90181756
0.938125,0.90656126,0.9009563
0.87250006,0.77490044,0.9018012
0.88874996,0.9052185,0.9018843
0.880625,0.8143276,0.9015844
0.86312497,0.8824041,0.90248716
0.9275,1.172855,0.9011948
0.928125,0.8789326,0.90227485
0.94062495,1.6867206,0.90055454
0.73687494,1.3774985,0.90177
0.469375,0.7174803,0.90194035
0.474375,0.7944008,0.9012556
0.438125,0.58191097,0.9011334
0.484375,0.44209725,0.90153277
0.464375,0.78334713,0.9026377
0.445625,0.2948599,0.9008813
0.476875,0.2678321,0.90138984
0.46625,0.21763189,0.9008119
0.450625,0.3008634,0.90153253
0.58187497,0.16739562,0.90152776
0.96000004,0.2801694,0.90167224
0.86125004,0.45074418,0.9013864
0.890625,0.552531,0.90045094
0.906875,0.30463588,0.9024774
0.86187494,0.29889554,0.90114725
0.9,0.26029927,0.90053785
0.9075,0.13607463,0.90225756
0.87375,0.27305418,0.9010886
0.91374993,0.28234798,0.9005542
0.89625,0.2595061,0.90142095
0.9275,0.6467052,0.90014136
0.9200001,0.27528977,0.9005848
0.99625003,1.273005,0.90225756
0.4675,0.8012639,0.901096
0.444375,0.20537572,0.9009042
0.474375,0.25466633,0.90136623
0.505,0.06908011,0.90083885
0.43937498,-0.027412638,0.90241516
0.45625,0.30700245,0.90172017
0.469375,0.2880463,0.9007399
0.444375,0.25235438,0.90172327
0.48875,0.17033128,0.8997834
0.445625,0.26391828,0.9014454
0.59187496,0.17638741,0.90180624
0.94937503,0.27619576,0.9009881
0.90875006,0.42605343,0.9004878
0.858125,0.5609347,0.9020947
0.8625001,0.32925788,0.90089667
0.885625,0.3283804,0.900954
0.85687506,0.2937755,0.90181124
0.87687504,0.28075087,0.90132785
0.890625,0.45126247,0.9019408
0.84187496,0.48052466,0.90117586
0.91625,0.4462121,0.90176356
2.9624999,0.8691832,0.9015142
3.263125,0.43830281,0.9006001
3.4031248,1.3024895,0.90169597
2.4937499,0.8106456,0.9013703
0.50187504,0.27620453,0.9012295
0.44875,0.36891463,0.90195215
0.46125,0.23920578,0.9013653
0.468125,0.11726458,0.9013431
0.425,0.4453722,0.9017105
0.4775,0.81775045,0.90115285
0.42312503,0.78206956,0.9015796
0.455625,0.48010325,0.90190625
0.45374998,0.83828914,0.90266
0.5475,0.74749696,0.9000399
1.073125,0.8434868,0.9007398
1.16625,0.9404956,0.90112865
1.2112501,1.0760912,0.9014586
1.1237501,0.76069164,0.90217805
1.134375,0.74450505,0.90094054
1.09,0.7132113,0.90156484
1.109375,0.8324646,0.90082014
1.0237501,1.0190504,0.9017645
1.506875,0.9515687,0.9018867
3.2381248,1.058132,0.90151656
3.421875,1.3667191,0.90183413
3.528125,1.0807333,0.9005219
3.5406246,1.8361254,0.90153253
3.075625,1.444318,0.9024451
3.0393748,0.8251654,0.90210044
1.78375,0.96492565,0.90172505
0.45125002,0.7324618,0.9010099
0.431875,0.5908045,0.9012971
0.445,0.91926205,0.9020337
0.47125003,0.892282,0.90161526
0.454375,0.90800786,0.9018539
0.43374997,0.57779896,0.9021503
0.45875,0.98386824,0.90135336
0.5775,0.8468679,0.9017128
2.165,0.9673711,0.90102875
2.9587498,1.0953455,0.9012748
3.005625,1.2719198,0.90222585
2.8893747,0.97694075,0.90146554
2.8362498,1.0342002,0.9011432
2.69125,1.0392005,0.9002787
2.3743749,0.92789996,0.90140855
1.05125,1.0583453,0.9018798
1.3781251,0.99902916,0.901314
3.2075,1.0483699,0.9018543
3.23,1.4437251,0.90111566
3.4368749,1.0287755,0.90130067
3.4681249,1.9087393,0.90157235
3.2712498,1.5635908,0.9011619
2.39125,0.83634055,0.9009563
0.561875,0.92742467,0.90231776
0.486875,0.683279,0.9017283
0.41875002,0.552912,0.90133953
0.46875,0.89390814,0.90070546
0.43312502,0.5273355,0.90099907
0.418125,0.51625055,0.9012985
0.45250002,0.39135006,0.90105474
0.445,0.60540676,0.9008596
0.41,0.46789095,0.90194273
0.39125,0.54830563,0.9025637
0.37625,0.74805,0.90088606
0.47375,0.83288324,0.9010794
0.505,0.6190642,0.9008081
0.42375,0.6307776,0.90088546
0.351875,0.6736842,0.901639
0.33499998,0.54758084,0.9013481
0.34562498,0.6987846,0.90120816
0.37875,0.60263014,0.90172744
1.150625,0.70529854,0.9020364
1.14,1.0306188,0.90135574
1.21,0.65514874,0.9016428
0.926875,1.608148,0.9012357
0.49812502,1.1832161,0.90108347
0.47875,0.47622064,0.9005765
0.489375,0.5944676,0.90161884
0.46125,0.36536938,0.9020207
0.479375,0.26474193,0.9007801
0.4925,0.57797486,0.90133524
0.44625002,0.6240622,0.90218043
0.49375,0.6011855,0.90103674
0.483125,0.39811644,0.9014945
0.451875,0.6430304,0.9010792
0.446875,0.48579,0.9020865
0.419375,0.61137474,0.9015764
0.37625,0.7759857,0.9006076
0.891875,0.8711945,0.90132844
0.910625,0.6324338,0.9005053
0.889375,0.65332925,0.9022049
0.62874997,0.71778977,0.90158296
0.578125,0.598464,0.90132964
0.3675,0.76540244,0.9016665
0.34875,0.7034559,0.90119827
0.361875,0.7874576,0.9018128
0.40437502,1.0890777,0.9016484
0.37062502,0.79633033,0.90249014
0.416875,1.64935,0.901711
0.453125,1.2919334,0.9014423
0.4275,0.57715994,0.9017458
0.4775,0.689257,0.90208197
0.46562502,0.4448286,0.90265346
0.4625,0.25048718,0.9014125
0.449375,0.601238,0.9012196
0.46375,0.81197953,0.9012822
0.480625,0.7966349,0.9014002
0.435625,0.49280635,0.902069
0.485625,0.80527365,0.9008486
0.54625,0.6366645,0.9002763
1.138125,0.82978463,0.90162265
1.298125,0.9486209,0.9014199
1.181875,1.1148264,0.90161085
1.155625,0.84830916,0.9024708
1.125625,0.89780724,0.90106153
1.14,0.96047115,0.90114284
1.0525,0.8586023,0.9012052
0.9718751,1.0139759,0.9003928
1.0125,0.94346225,0.9017422
1.001875,1.0204732,0.9018967
1.089375,1.3061404,0.9016597
1.204375,1.0488867,0.9010421
2.048125,1.8181775,0.9014865
3.261875,1.5434331,0.9022304
3.08,0.8219912,0.9022485
0.73187506,0.89786005,0.9021778
0.440625,0.6683126,0.9021318
0.463125,0.5417994,0.901098
0.420625,0.85428,0.9012277
0.46125,0.74782395,0.90181184
0.451875,0.72722757,0.9025909
0.415,0.4804834,0.9015645
0.463125,0.8018904,0.9012642
0.541875,0.6575786,0.9031091
0.99,0.7748382,0.9023459
1.0968751,0.91965246,0.901314
1.138125,1.1282363,0.9014127
1.143125,0.8291272,0.9010292
1.00625,0.87961614,0.9010415
1.146875,0.90499735,0.9021871
1.2112501,0.81609976,0.9018872
1.5225,0.96274364,0.90058744
1.13625,0.8814162,0.90093946
1.033125,0.96436787,0.9009516
1.0693749,1.2527723,0.901744
1.26,0.9561844,0.90185106
2.830625,1.8227539,0.90114784
2.9412498,1.4948812,0.90121853
2.4881248,0.7178477,0.9026091
0.596875,0.8492415,0.90097475
0.448125,0.6174154,0.90113664
0.43687502,0.42093438,0.9010308
0.445625,0.75950646,0.90195715
0.4675,0.772872,0.90257573
0.42375,0.74791014,0.9017482
0.45374998,0.45911396,0.9013822
0.43687502,0.7464626,0.90074956
0.525,0.6035231,0.9009708
1.0706251,0.74768114,0.9015627
1.2475001,0.9109551,0.9014386
1.085625,1.0556029,0.90178823
1.100625,0.73194087,0.90142345
1.235625,0.80409706,0.9007077
1.186875,0.8665794,0.9019104
1.1956251,0.81477547,0.9010533
1.0812501,0.9535097,0.9019258
1.15125,0.8651254,0.90114915
1.160625,0.9366673,0.90197206
1.0775001,1.2175688,0.9014442
1.149375,0.88450193,0.902133
2.785625,1.7495524,0.90146875
5.1218753,1.407312,0.90177953
4.5575004,0.59517026,0.9004649
0.464375,0.7639544,0.9017205
0.4625,0.5475098,0.90164614
0.44625002,0.4501368,0.90011764
0.42624998,0.7708577,0.9021232
0.459375,0.74778473,0.90142345
0.44375,0.71238995,0.90104115
0.46187502,0.45464694,0.9013475
0.451875,0.7694254,0.9009098
0.515625,0.6151834,0.9005083
1.065625,0.74522305,0.90164614
1.1281251,0.8936182,0.9005246
1.053125,1.0441065,0.90153575
1.13,0.755622,0.9013035
1.1081251,0.79492486,0.9019077
1.0525,0.77764976,0.9005966
1.0550001,0.7448635,0.90129936
0.95562494,0.9266535,0.900741
1.014375,0.83046794,0.9007206
1.02625,0.89664495,0.9015678
1.2275001,1.1919305,0.9003273
2.6425,0.8971031,0.9014958
3.4675,1.7563092,0.9010097
0.72375,1.4167645,0.9014958
0.513125,0.7238035,0.9017463
0.49437502,0.8021668,0.90097976
0.515,0.59073275,0.901994
0.505625,0.453056,0.9014684
0.526875,0.76073587,0.9020879
0.48375002,0.8119596,0.9015088
0.53375,0.7988411,0.89997864
0.4875,0.5077741,0.9007621
0.486875,0.85779464,0.901695
0.64187497,0.7482835,0.9015323
2.3075,0.9151547,0.90127015
3.243125,1.0044322,0.9015298
3.28875,1.2474151,0.90200675
3.3318748,0.962903,0.9011879
3.205,0.9966742,0.90125585
2.034375,1.0092148,0.9017031
1.01625,0.90036714,0.9009768
1.030625,1.047249,0.90169644
1.0400001,0.9618871,0.90223444
0.98812497,1.0010366,0.9014337
1.10625,1.2906754,0.901332
1.1918751,0.9807296,0.90211535
2.191875,1.8414882,0.90132856
0.52625,1.5238467,0.9016286
0.47625002,0.78250325,0.9019278
0.390625,0.86578166,0.9019003
0.465,0.6302015,0.90146136
0.455625,0.54679763,0.90159667
0.4275,0.84610546,0.90097237
0.465,0.48855746,0.9010583
0.450625,0.4781316,0.9009248
0.435,0.3202055,0.902243
0.450625,0.49335474,0.9015987
0.450625,0.35415396,0.9018445
0.37125,0.47734052,0.9016627
0.35500002,0.63728976,0.9000895
1.3475,0.736881,0.9016429
5.9975004,0.5071697,0.9007342
2.7862499,0.46952313,0.90165615
0.384375,0.6480268,0.9005492
0.393125,0.53055185,0.9017018
0.369375,0.66912234,0.90130806
0.39,0.56214345,0.9019239
0.92625,0.6401268,0.9016198
0.9325,0.99386823,0.9007813
1.224375,0.5985027,0.90183556
1.5656251,1.5816042,0.9016992
0.599375,1.1943977,0.9018463
0.54312503,0.4422653,0.90174997
0.491875,0.5620499,0.90182114
0.53625,0.3293711,0.90132964
0.515625,0.21899198,0.9011698
0.50625,0.537627,0.900743
0.515,0.60273623,0.9007387
0.50187504,0.5503562,0.9008883
0.52750003,0.33964986,0.90196395
0.483125,0.5588845,0.90272176
0.51125,0.41677418,0.9006752
0.46562502,0.5521648,0.9012977
0.393125,0.71379304,0.9014448
0.94624996,0.8485186,0.9017751
0.87625,0.64509594,0.90184665
0.89374995,0.5658728,0.9014231
0.37375,0.70517576,0.9003006
0.3725,0.5907175,0.9010643
0.321875,0.7625345,0.9011476
0.35250002,0.67253006,0.9027872
0.35750002,0.74780273,0.9011965
0.37062502,1.0775868,0.90176475
0.371875,0.73058736,0.900535
0.400625,1.6169814,0.9013294
0.43374997,1.2549587,0.90264046
0.45125002,0.53827435,0.9017992
0.453125,0.61656,0.90090585
0.415,0.40284994,0.9015068
0.450625,0.30385208,0.90052986
0.464375,0.6175401,0.9010192
0.42312503,0.8567811,0.90174866
0.46687502,0.821404,0.9015844
0.45875,0.5023613,0.90131843
0.424375,0.83741283,0.9010421
0.52875,0.68476856,0.9014727
1.11625,0.8040849,0.9021915
1.2118751,0.96177995,0.90109515
1.2368749,1.1409812,0.9011998
1.208125,0.88436997,0.90239465
1.01,0.9478909,0.9020624
1.1700001,1.0012425,0.90121377
1.16625,0.85273314,0.90112185
0.97,1.0172915,0.90100205
1.10125,0.93959546,0.9013988
2.045,0.979105,0.9006189
3.3462498,1.3332716,0.9015269
3.38375,0.94429684,0.9015572
3.32125,1.954805,0.90198004
3.214375,1.6633896,0.900918
2.923125,0.7909037,0.9011239
1.3050001,0.8791989,0.9013653
0.46125,0.67104495,0.9015343
0.46562502,0.6089159,0.90130305
0.4325,0.9290005,0.9011091
0.47375,0.8820064,0.90138865
0.420625,0.85317004,0.901883
0.46625,0.54706967,0.90147316
0.463125,0.8858001,0.9006156
0.55062497,0.6874968,0.90224016
1.0643749,0.8791121,0.9020225
0.97375,1.0282739,0.90174425
1.7675,1.2176112,0.9013635
1.8443751,0.8263402,0.9014207
1.150625,0.82616353,0.9005538
1.214375,0.8123505,0.9009954
1.151875,0.66709065,0.901034
1.2806251,0.81325173,0.9014175
1.1262499,0.75900364,0.90070724
1.14125,0.7984686,0.90220535
1.268125,1.1125511,0.9015341
2.9781249,0.77940965,0.9015856
3.4943748,1.8652754,0.90141475
2.714375,1.5223731,0.9016733
1.443125,0.6050019,0.90190053
0.440625,0.7733315,0.90235496
0.46562502,0.53126526,0.9007679
0.43374997,0.46930087,0.90106726
0.46625,0.79758334,0.9022546
0.473125,0.7247647,0.9010714
0.43125,0.7056986,0.9022529
0.445,0.4441936,0.9022701
0.493125,0.73803604,0.9009305
0.52625,0.60068095,0.90148723
1.089375,0.7540145,0.9011482
1.22125,0.9135432,0.9013213
1.146875,1.0930308,0.90118206
1.07375,0.78023183,0.9019518
1.0425,0.7590265,0.9013822
1.00625,0.7552028,0.9019115
1.0325,0.6444392,0.90153754
0.97375,0.7896373,0.901497
1.0525,0.7384875,0.90186644
1.0224999,0.80335283,0.9003606
1.420625,1.1249719,0.9019773
3.3487499,0.84123707,0.9009439
3.3406248,1.778804,0.9024786
2.959375,1.4208968,0.9013487
2.73625,0.69332325,0.90146637
0.53312504,0.7996768,0.90177596
0.4925,0.57112134,0.9020827
0.5,0.44552946,0.90157676
0.485,0.806486,0.9016806
0.503125,0.8063271,0.9018222
0.48624998,0.7779937,0.9013816
0.49437502,0.49361527,0.9015894
0.46187502,0.79238856,0.9020426
0.62,0.6583413,0.9016019
1.170625,0.8015286,0.90108955
1.165,0.9519454,0.90160334
1.01625,1.1161339,0.90154314
1.0812501,0.85802007,0.9018614
1.164375,0.80313087,0.9012233
1.166875,0.85795677,0.900983
1.2806251,0.74820757,0.9013288
0.95687497,0.8503877,0.9007864
1.0400001,0.81588984,0.9017937
1.0825,0.88202715,0.90161085
2.3025,1.1638626,0.9014311
3.328125,0.83117163,0.90105057
3.3493748,1.8098718,0.9020815
2.73125,1.3180522,0.90171957
0.530625,0.6832487,0.9011538
0.429375,0.76632535,0.9005811
0.440625,0.5746426,0.900609
0.45687503,0.4637451,0.90159667
0.455625,0.83462584,0.90195155
0.425625,0.85583997,0.9008131
0.455,0.7956526,0.9004756
0.43937498,0.53939265,0.9008628
0.44625002,0.8202504,0.9030129
0.568125,0.6767532,0.9004371
0.95375,0.7951338,0.9005785
0.9675,0.95252395,0.90105355
1.06375,1.1056577,0.90106034
1.0275,0.7970674,0.9011189
0.96625006,0.8295686,0.90175295
1.0287501,0.91517925,0.9004079
0.99125004,0.8086921,0.9005703
0.901875,0.95468783,0.90162957
2.17875,0.76178455,0.90187824
3.2099998,0.9616505,0.90123546
3.32125,1.2471699,0.90320003
3.4262497,0.96855617,0.90151215
3.6812499,1.8799632,0.9011823
3.1968749,1.5141963,0.9014003
1.9068751,0.7507224,0.90079284
0.49812502,0.82076824,0.90159595
0.449375,0.6149322,0.9010868
0.43374997,0.51853526,0.90163195
0.47,0.8426571,0.9015764
0.43875,0.4870586,0.9020978
0.425,0.44996,0.9006802
0.49,0.31422728,0.9013134
0.420625,0.48342136,0.9014584
0.40125,0.34774458,0.90151024
0.418125,0.46773466,0.90120363
0.33749998,0.6274283,0.9016206
0.350625,0.6968379,0.9012799
0.651875,0.5492781,0.9007187
0.470625,0.61697656,0.90165055
0.429375,0.64665234,0.9013133
0.34375,0.53485537,0.90140915
0.33,0.6770911,0.90159273
0.37062502,0.57669616,0.90179133
0.853125,0.6246992,0.9013908
0.93000007,0.96326375,0.90123093
1.0,0.6290288,0.9019542
0.890625,1.6052194,0.90112793
0.44625002,1.1887573,0.900733
0.475625,0.4744215,0.90118444
0.453125,0.53086877,0.90191746
0.459375,0.33987468,0.90156066
0.47125003,0.23686893,0.9008074
0.425,0.59454775,0.90167487
0.476875,0.24261707,0.9007057
0.453125,0.17377727,0.9010912
0.4275,0.19115566,0.9022516
0.489375,0.20860282,0.9017538
0.470625,0.07183199,0.90084815
0.435,0.23058356,0.90102124
0.34125,0.39315748,0.90117776
0.89625,0.47807837,0.9010091
0.86625004,0.25669682,0.9017165
0.88,0.28332534,0.90089405
0.34625,0.29671994,0.90121853
0.375,0.16814773,0.90135956
0.36062503,0.30455497,0.90174246
0.349375,0.33412734,0.9007665
0.38125002,0.28799665,0.9015696
0.42875,0.736539,0.90180886
0.486875,0.28961828,0.90053785
0.400625,1.2961339,0.9016144
0.4325,0.8221992,0.9021553
0.454375,0.13636248,0.9009783
0.43374997,0.2428475,0.90118146
0.4775,0.05041817,0.9020978
0.455625,-0.077783674,0.90217197
0.41562498,0.2553716,0.9019507
0.41875002,0.93340313,0.9017645
0.459375,0.90161943,0.90243614
0.45687503,0.5525228,0.9017209
0.43875,0.87446964,0.9014027
0.51375,0.79170954,0.90098834
1.056875,0.9207661,0.9005283
1.221875,1.0877059,0.9014231
1.1962501,1.2572104,0.9016253
1.225,0.95204306,0.9023851
1.094375,0.98464,0.9014782
1.02625,1.0331686,0.9008038
1.0693749,0.9014878,0.9015871
0.90937495,1.0435858,0.90236616
1.015,0.9677155,0.9021499
1.0525,1.0238589,0.90105855
1.1275,1.3065194,0.9013876
1.130625,1.0303797,0.90145874
1.886875,1.8626772,0.9009026
3.259375,1.5702384,0.9020319
2.62125,0.8401878,0.9014658
0.51,0.9338565,0.90128493
0.474375,0.7073121,0.90105486
0.41125,0.5845723,0.9018053
0.451875,0.8399496,0.9006244
0.463125,0.7873131,0.9013401
0.46625,0.76425076,0.9016974
0.44875,0.50524354,0.902467
0.440625,0.77583075,0.9012666
0.52437496,0.64703953,0.90251946
0.969375,0.771726,0.9016075
1.05125,0.9076954,0.9024122
1.806875,1.0701714,0.9012692
3.35125,0.7598773,0.90169036
3.3193748,0.91619194,0.9017416
3.30875,0.9097364,0.9014008
2.129375,0.7620512,0.90216506
1.2337501,0.9383075,0.90183973
1.1374999,0.8767661,0.9014975
1.08375,0.9441949,0.90073085
1.055625,1.2808484,0.9009497
1.3206251,0.9618901,0.9013368
2.12375,1.8257548,0.9016459
0.4925,1.5063674,0.90162146
0.47875,0.7772436,0.90090835
0.449375,0.8900658,0.90110254
0.483125,0.6547835,0.90175784
0.43687502,0.51423633,0.9009166
0.483125,0.84665406,0.90107226
0.476875,0.8427576,0.90038955
0.450625,0.7945291,0.902212
0.4675,0.5089905,0.90131164
0.481875,0.8171278,0.90169203
0.54625,0.6769868,0.90137625
1.0231249,0.8077295,0.90115416
1.10625,0.9597961,0.90247583
1.013125,1.1532204,0.90109384
1.0,0.88285387,0.9010376
0.92375004,0.92244637,0.901561
0.98125005,0.96805656,0.9015055
1.0725,0.8738637,0.9015882
1.06375,0.9970075,0.901512
1.016875,0.91071284,0.901744
1.0625,0.98615444,0.90140617
1.000625,1.3221421,0.9013059
1.11,0.9928905,0.9016926
1.5450001,1.8395908,0.9015862
2.564375,1.4665134,0.90146255
3.0281248,0.7725706,0.9019294
0.63625,0.8886231,0.9016334
0.479375,0.6391402,0.9020115
0.52250004,0.4821511,0.90143883
0.469375,0.8764019,0.9018234
0.50374997,0.8071147,0.9015864
0.469375,0.7767575,0.90157104
0.51625,0.53526366,0.90231776
0.47,0.82640576,0.9013288
0.620625,0.7063794,0.9012706
2.3056247,0.8063662,0.90211785
3.4262497,0.9708532,0.9006263
3.20625,1.1737992,0.90177035
3.2706249,0.9368056,0.9013072
2.084375,0.91542053,0.9014329
1.0843749,0.970245,0.90171516
1.0649999,0.85215604,0.90211403
0.91499996,1.0021951,0.9019542
0.89312506,0.9359999,0.9006008
0.98,1.0546327,0.90157616
1.021875,1.3531804,0.9020648
1.12,1.0162463,0.90133536
0.994375,1.8520385,0.9006947
0.403125,1.5117339,0.9011141
0.4375,0.7864497,0.9028311
0.39749998,0.9197378,0.9023522
0.455625,0.6860584,0.9009832
0.450625,0.575037,0.9020102
0.389375,0.8982371,0.9011915
0.43625,0.84448683,0.90093637
0.40875,0.8355931,0.90119743
0.463125,0.59339064,0.9020157
0.443125,0.8718525,0.9013996
0.50374997,0.76485896,0.9007648
2.0349998,0.9054189,0.90160406
1.626875,1.0389507,0.90145314
1.08875,1.1790531,0.90132666
0.923125,0.92729604,0.90138924
1.03125,0.87791765,0.9012811
1.073125,0.97879004,0.9026315
1.52875,0.92032886,0.9012959
0.99375,1.0659269,0.9023572
1.02625,0.94070137,0.9015387
1.019375,1.0756694,0.90163195
1.011875,1.3981915,0.90146136
1.105,1.0655107,0.90133536
2.2024999,1.846015,0.9013134
0.55125,1.5516737,0.90085554
0.415,0.86545,0.9015403
0.425625,0.9693843,0.9009465
0.45687503,0.73734736,0.9009497
0.40875,0.6236651,0.90106726
0.41562498,0.9706297,0.90123713
0.475,0.62819624,0.9000319
0.4075,0.6123582,0.90165913
0.40875,0.30370778,0.9015924
0.46187502,0.5025995,0.90235543
0.39749998,0.39685163,0.90118444
0.385625,0.5487379,0.9008763
0.473125,0.7227278,0.90140235
0.65250003,0.83915246,0.9010236
0.408125,0.6363858,0.90124965
0.35250002,0.6661408,0.9015595
0.33375,0.669564,0.9014077
0.344375,0.52092636,0.9017482
0.35125,0.6573399,0.9016882
0.359375,0.5746425,0.90109444
0.85375,0.65108013,0.90039337
0.87749994,0.9963008,0.9009913
0.885,0.6474408,0.90113103
0.9225,1.5532161,0.90136564
0.41,1.132411,0.90162563
0.45875,0.52374005,0.90121365
0.453125,0.6307531,0.90246487
0.39937502,0.38479778,0.9020473
0.41875002,0.29271382,0.90108705
0.463125,0.60283405,0.9004537
0.41562498,0.6091838,0.9008093
0.443125,0.5669482,0.90187323
0.455625,0.36445102,0.9011588
0.41750002,0.6080266,0.90089405
0.424375,0.48424524,0.90217066
0.345,0.6107081,0.90225947
0.33499998,0.74002254,0.901567
0.95687497,0.859318,0.9019581
1.0625,0.5896603,0.9014149
1.235625,0.7645571,0.9019232
0.75249994,0.7824118,0.9025651
0.69499993,0.63821834,0.9008324
0.411875,0.78965783,0.9009881
0.325625,0.7095829,0.9015937
0.3725,0.80726063,0.90089965
0.325,1.1349374,0.9017724
0.400625,0.8050734,0.90157294
0.441875,1.5851256,0.9016837
0.479375,1.2504168,0.9010581
0.45374998,0.65343046,0.9012439
0.483125,0.72312117,0.901297
0.43125,0.49382806,0.9021348
0.44375,0.38357222,0.9016135
0.4775,0.67991513,0.9014925
0.42125,0.8864114,0.90248454
0.42312503,0.83394337,0.90139544
0.464375,0.5019194,0.90152013
0.45625,0.86652327,0.9025382
0.53812504,0.7304219,0.90072894
1.104375,0.8930725,0.9015776
1.201875,1.0231872,0.9011544
1.184375,1.2176833,0.900864
1.161875,0.8885528,0.9014045
1.15,0.9880301,0.90137446
1.2068751,1.0380174,0.9014015
1.051875,0.9556354,0.90099347
0.9075,1.1120887,0.90157974
1.69375,1.0330449,0.9020562
3.245625,1.1023415,0.90283823
3.315,1.3617285,0.9004729
2.9875,1.0430844,0.90091085
0.96500003,1.8023826,0.9018836
0.69562507,1.4754665,0.9017087
0.44125,0.9082302,0.90109575
0.45374998,1.0028999,0.9002224
0.47,0.7542298,0.9012742
0.446875,0.64484906,0.90156245
0.47375,0.8986776,0.90121174
0.431875,0.8166441,0.9018843
0.455625,0.7973292,0.90095687
0.46375,0.49458286,0.90160906
0.48624998,0.8854542,0.90167093
0.52125,0.70744324,0.9011034
0.989375,0.8272853,0.8997301
1.0875,0.9943509,0.90127003
1.22625,1.1932093,0.90135014
1.0375,0.8430259,0.9008976
1.00625,0.96909773,0.9009608
1.0968751,0.969952,0.9017074
1.218125,0.8959929,0.90106106
1.35125,1.0484397,0.90177953
1.2575,0.9692162,0.90101767
3.3962498,1.0577297,0.9018003
3.41375,1.3551822,0.90224314
3.55375,1.0070007,0.9020972
3.6174998,1.846805,0.9009899
0.71687496,1.4579806,0.9002881
0.496875,0.8084748,0.901806
0.485,0.9184736,0.9023913
0.440625,0.68413496,0.9009156
0.48875,0.5524565,0.9012852
0.451875,0.85235727,0.9009315
0.44,0.8546401,0.9012526
0.443125,0.82412565,0.9019729
0.46187502,0.50656056,0.9008585
0.4675,0.852394,0.90099597
0.59187496,0.7206919,0.90257406
1.0356251,0.836179,0.9023193
1.261875,0.99227893,0.9011568
1.24875,1.1624088,0.90082705
1.15625,0.88883173,0.9019402
1.053125,0.9495101,0.9017935
1.07625,0.9973265,0.90118504
1.1531249,0.8935518,0.90172434
0.99875,1.021052,0.9012549
0.973125,0.9387628,0.9013157
0.978125,1.0088494,0.90120244
2.5818748,1.3643986,0.90168643
3.191875,0.98652244,0.9009875
1.0975001,1.8030392,0.9019774
0.496875,1.4498975,0.9005145
0.480625,0.78847873,0.9014193
0.4775,0.87970865,0.90161383
0.45749998,0.6733911,0.90088487
0.440625,0.5630692,0.9008068
0.46,0.8692448,0.9018643
0.4975,0.8600501,0.9006251
0.448125,0.8415998,0.90127635
0.4725,0.54411,0.9014795
0.438125,0.863551,0.90076923
0.52812505,0.69432473,0.901343
1.204375,0.8666941,0.90133643
1.3981249,0.9705627,0.9012084
1.2975,1.1502618,0.9011669
1.420625,0.93235016,0.9006548
1.335,0.9294356,0.90114367
1.0575,0.9885706,0.9021274
1.0443751,0.8756788,0.9017947
1.15625,1.0157727,0.9005095
1.4993751,0.9211079,0.9015826
1.2675,1.0431348,0.9014617
1.1675,1.3050138,0.90114737
1.53125,0.9887279,0.9011885
2.738125,1.7300484,0.9020877
0.68125,1.3723329,0.9016174
0.50625,0.81248546,0.9016758
0.4725,0.93556404,0.9009148
0.449375,0.6973007,0.9021932
0.45875,0.59888494,0.9010823
0.45749998,0.9013176,0.90244496
0.441875,0.91804934,0.9016992
0.484375,0.8779379,0.90171075
0.43875,0.5418757,0.9020474
0.473125,0.9138621,0.9009929
0.548125,0.8586092,0.90042186
0.99750006,0.9240856,0.9012307
1.0,0.9809226,0.90093994
1.116875,1.2911155,0.90167046
1.099375,0.91185546,0.9012579
1.020625,0.95392644,0.90191746
1.040625,0.9864831,0.90056896
1.043125,0.88510275,0.9013208
0.93875,1.013607,0.90130603
1.1125001,0.94633687,0.9014703
1.35625,1.0307379,0.9013077
3.5,1.2811584,0.9014785
3.6012497,1.0545578,0.900664
3.2962499,1.7179503,0.9013268
0.531875,1.3422602,0.9018116
0.535625,0.81344104,0.90125585
0.549375,0.9224371,0.90112364
0.5475,0.6954801,0.901193
0.57625,0.60244477,0.902104
0.554375,0.91747665,0.90102935
0.540625,0.5676363,0.9006977
0.588125,0.52023286,0.9005666
0.51375,0.33015233,0.90136707
0.58875,0.55260956,0.9011651
0.493125,0.39869094,0.9012834
0.520625,0.5282185,0.90145755
0.51750004,0.69183445,0.90156746
0.383125,0.78956664,0.90184116
0.38375002,0.5851449,0.90069985
0.355625,0.5907433,0.901706
0.354375,0.6300885,0.9019015
0.3775,0.5273113,0.90166116
0.3625,0.6662993,0.90146434
0.36562502,0.5696977,0.9018965
0.869375,0.64039403,0.9021957
0.87625,0.9613484,0.9006473
0.95624995,0.5762669,0.9015213
0.953125,1.5094441,0.9013777
0.45125002,1.0658406,0.90118086
0.48000002,0.51223695,0.9011233
0.47125003,0.6102327,0.90147173
0.46125,0.377432,0.90135646
0.493125,0.27844113,0.90148723
0.45749998,0.5586407,0.9015
0.438125,0.61638105,0.90271544
0.48125,0.59317803,0.9011893
0.438125,0.361445,0.90154266
0.446875,0.6212225,0.9013262
0.449375,0.48229998,0.90038395
0.38625002,0.58701944,0.9022342
0.403125,0.7687479,0.90244293
0.89,0.88872004,0.9009168
0.89374995,0.63553524,0.9011253
0.874375,0.6012537,0.90098953
0.39625,0.62597716,0.901677
0.35125,0.57728213,0.90203285
0.380625,0.71679974,0.9006568
0.39749998,0.70743716,0.90170074
0.31062502,0.79422,0.90141606
0.51250005,1.1111268,0.9015788
0.660625,0.7750251,0.9016266
0.56625,1.5960193,0.9015243
0.49875,1.1662701,0.9016185
0.52937496,0.6172297,0.9011357
0.516875,0.6593216,0.9017395
0.540625,0.48865053,0.90230036
0.556875,0.41473415,0.9016645
0.52750003,0.6663958,0.90069306
0.5625,0.89028895,0.9004955
0.520625,0.85493326,0.9000796
0.52125,0.5262325,0.901811
0.53999996,0.91264904,0.9013336
0.53812504,0.7267885,0.9018611
1.105,0.8994223,0.9012439
1.3800001,1.0318952,0.9034945
1.39,1.236719,0.9012054
1.394375,0.90419865,0.9011488
1.3775,0.9888083,0.9006915
1.31875,1.0340564,0.90070844
1.2762501,0.95244014,0.90103555
1.173125,1.0764229,0.9011619
1.019375,0.99414337,0.9001975
0.96625006,1.0639665,0.9018786
1.11,1.3873707,0.90106034
1.7425001,1.0280952,0.9011303
2.516875,1.7644689,0.9015006
1.130625,1.4601736,0.90118194
0.5625,0.8962877,0.9009881
0.4375,0.9681953,0.9015387
0.445625,0.74180615,0.9007188
0.468125,0.63232553,0.9021239
0.46,0.9206679,0.9013107
0.459375,0.8690927,0.9018291
0.4725,0.8376256,0.9022304
0.41562498,0.52732515,0.9015224
0.46875,0.93997526,0.90159893
0.549375,0.7379582,0.9011681
0.96124995,0.85630834,0.90137684
0.978125,1.068005,0.9013872
1.0174999,1.1834257,0.90083885
1.426875,0.83714676,0.90190744
1.155625,0.8500054,0.9005362
1.085,0.8953012,0.9008368
1.233125,0.8884903,0.90096104
1.7337501,1.0527686,0.90146255
1.759375,0.9288119,0.90200436
2.480625,1.0738732,0.9012282
2.54,1.3996403,0.9013443
2.631875,1.0113455,0.90093553
2.4968748,1.8242437,0.90124846
0.71375,1.4620012,0.9018265
0.614375,0.7272916,0.90192664
0.45250002,0.87159324,0.9019021
0.49,0.628842,0.90244234
0.39875,0.5951723,0.9013765
0.4775,0.89508533,0.90223265
0.43625,0.8705888,0.9016808
0.47375,0.8374113,0.90095925
0.4375,0.51917595,0.90280235
0.450625,0.8685585,0.90280116
0.56937504,0.71245086,0.90182054
0.95562494,0.8259851,0.9020319
1.2006251,0.9768263,0.901924
1.1075,1.1658257,0.90249133
1.145,0.8320732,0.902478
1.1387501,0.92716146,0.90214646
1.189375,1.0259565,0.90170956
1.3275,0.92310655,0.90070844
1.155,1.0339273,0.90158975
1.05875,0.9897405,0.9011893
1.1025,1.0221274,0.90138125
1.214375,1.3235943,0.90102863
1.29875,0.9683759,0.9018537
2.0249999,1.736976,0.9015708
1.15875,1.3790047,0.90147626
0.495625,0.82631624,0.9011879
0.409375,0.9589844,0.9013827
0.44875,0.72819734,0.9016745
0.46625,0.642259,0.90134156
0.45125002,0.90360963,0.9018537
0.43,0.87199926,0.9010414
0.458125,0.87588596,0.9012419
0.43062502,0.48674965,0.9012636
0.4375,0.917344,0.9008244
0.53499997,0.74883246,0.9017341
1.086875,0.9358847,0.900841
1.3537501,1.0822268,0.90099406
1.435625,1.2431222,0.9008596
1.351875,0.9568609,0.9006901
1.3275,1.0063379,0.90127337
1.29875,1.0022068,0.9018905
1.129375,0.87115777,0.901518
0.890625,1.0155277,0.9006815
1.0237501,0.9328505,0.9021559
0.98625004,1.0362631,0.90218914
1.099375,1.3509048,0.90167034
1.0806249,1.0227015,0.90203273
1.666875,1.7683346,0.901211
0.54375,1.3588574,0.90149164
0.45875,0.78868103,0.9022621
0.449375,0.9180517,0.90046525
0.434375,0.7077863,0.9005358
0.476875,0.61607873,0.9010414
0.43374997,0.91608787,0.9024168
0.469375,0.9747875,0.90117073
0.4725,0.89180136,0.9012704
0.44375,0.53811216,0.901528
0.450625,0.9028101,0.90135133
0.54625,0.76691306,0.90165555
3.0,0.8734492,0.90126896
3.8125,0.9889723,0.9011295
2.3725,1.1994355,0.9010488
2.3318748,0.8778764,0.90159
2.471875,0.9882803,0.9012712
2.7187498,1.0459658,0.9017259
2.5718749,0.96776175,0.90217495
1.7687501,1.0953445,0.90136313
1.491875,1.0302726,0.9013368
2.48375,1.1193889,0.90122557
2.6031249,1.4057934,0.9017775
3.85125,1.087138,0.9013599
3.0893748,1.7991403,0.90220535
0.486875,1.4856467,0.9020417
0.45374998,0.9173217,0.90202355
0.47125003,0.96660614,0.9006177
0.425625,0.7942122,0.9019871
0.424375,0.672183,0.9009223
0.46687502,1.0301126,0.90187883
0.41750002,0.6672238,0.9010141
0.475,0.67848337,0.90174484
0.41125,0.4131191,0.90159214
0.4625,0.59836805,0.90156996
0.390625,0.42640728,0.9016073
0.41125,0.5727005,0.90145254
0.33375,0.79880524,0.901752
0.319375,0.8306662,0.900916
0.355625,0.625978,0.90182936
0.343125,0.6318927,0.90096164
0.329375,0.61740434,0.90133655
0.345,0.46060818,0.9011687
0.45374998,0.66382325,0.90201557
0.6875,0.64003444,0.9017159
0.93437505,0.6916089,0.90071607
0.931875,1.0850165,0.9010198
0.91937494,0.7008127,0.90052164
0.90250003,1.6016996,0.9016248
0.45250002,1.1644297,0.9007956
0.429375,0.5750177,0.9013164
0.445,0.6463789,0.9018202
0.440625,0.39237624,0.901935
0.4825,0.3267817,0.90214133
0.435,0.60386443,0.90120804
0.41875002,0.66063166,0.9008751
0.43625,0.6276456,0.9020544
0.46875,0.40046942,0.9008305
0.44,0.6556336,0.9021944
0.413125,0.5216166,0.9016366
0.371875,0.6454103,0.9008677
0.33749998,0.79666674,0.9010972
0.88374996,0.93376493,0.9015144
0.975,0.7019445,0.90159893
1.713125,0.72735775,0.9012786
1.205,0.75186324,0.9017502
0.624375,0.7035122,0.90154624
0.426875,0.8212167,0.901072
0.40500003,0.7376697,0.90170133
0.42375,0.8187312,0.90111935
0.42812502,1.1343534,0.9024898
0.42875,0.76707184,0.902467
0.38375002,1.5902019,0.9011996
0.45749998,1.1265929,0.90121436
0.43374997,0.71306825,0.90223217
0.48624998,0.6994002,0.90161526
0.4375,0.5166414,0.90193045
0.42125,0.43095875,0.90109336
0.48375002,0.70160985,0.9017446
0.446875,0.92293715,0.9007505
0.48000002,0.90132,0.9009243
0.476875,0.55017376,0.90071404
0.450625,0.92343855,0.9015441
0.53437495,0.7836518,0.90082026
1.1387501,0.89496374,0.90012026
1.345625,1.0788283,0.90159416
1.3987501,1.2680947,0.9009
1.251875,0.90459573,0.9009204
1.313125,0.97283375,0.901078
1.35125,1.0020485,0.9009774
1.138125,0.93688107,0.8998244
1.1225,1.0682474,0.90239406
1.08875,1.0157943,0.9012039
1.009375,1.092484,0.9019269
1.21375,1.4550685,0.9018122
2.5725,1.080534,0.901754
4.5906253,1.7830491,0.9017712
2.9775,1.4045941,0.9016837
0.53125,0.98134995,0.9022434
0.484375,1.0182378,0.9014374
0.463125,0.83208644,0.9006877
0.46125,0.7149923,0.9017985
0.47187498,1.0144389,0.9013169
0.41750002,0.9611944,0.90194595
0.45687503,0.9225596,0.90215063
0.45687503,0.57359606,0.9014462
0.4325,0.9215821,0.9004774
0.49875,0.77653027,0.90204465
1.329375,0.901929,0.90039945
2.1731248,1.0459877,0.9024451
2.41625,1.1720945,0.90215063
2.30125,0.945997,0.9013182
2.221875,0.99300873,0.90154195
2.1906247,1.0597978,0.90159214
2.3056247,0.8756553,0.9017054
2.395,1.024696,0.90234303
3.9518747,1.0090339,0.9022808
4.5012503,1.0816516,0.9015409
4.588125,1.413235,0.8998991
4.70375,1.0840099,0.90145135
4.05375,1.8303407,0.9008683
0.565625,1.494147,0.90141
0.55875003,0.9223598,0.90067875
0.446875,0.99072003,0.9026518
0.44125,0.78440213,0.9008864
0.46562502,0.71031356,0.9009228
0.4625,0.98624086,0.9018965
0.426875,0.9789314,0.90131927
0.49625,0.8967109,0.90072703
0.43937498,0.56316173,0.9007509
0.45875,0.95195997,0.90167046
0.54625,0.80028963,0.90111756
0.999375,0.87709594,0.9014807
1.2231251,0.99404263,0.90188015
1.123125,1.2414399,0.9017458
1.133125,0.89593434,0.9018611
1.059375,0.9560152,0.9019859
1.235,1.0227491,0.90159774
1.1812501,0.9139674,0.9011289
2.1643748,1.0478122,0.9015523
2.325625,0.9756365,0.9021208
2.269375,1.0144039,0.9019518
2.4206247,1.356367,0.9019569
3.1924999,0.9122002,0.90138805
4.8450003,1.78376,0.90209985
3.643125,1.2590367,0.90135694
1.655625,0.77902746,0.9007276
1.0775001,0.9607972,0.9020153
0.480625,0.76642025,0.9014715
0.455,0.69390273,0.9008359
0.463125,1.0164845,0.90071845
0.44250003,0.9893389,0.9021896
0.491875,0.933125,0.9011072
0.41562498,0.59222686,0.9013896
0.50875,0.94790566,0.9017161
0.58624995,0.73139334,0.9003427
1.116875,0.8261831,0.9014386
1.9368751,0.98295844,0.9027866
1.713125,1.2452847,0.9004308
1.020625,0.9574251,0.9014213
0.9675,0.9625286,0.9015231
1.148125,0.92503774,0.9007826
1.0393751,0.84087205,0.9014207
1.005625,1.0016496,0.90178096
0.994375,0.9850638,0.90107405
1.013125,1.0337096,0.90192544
1.2031251,1.3128031,0.90179527
1.50875,1.0138276,0.90053344
2.90375,1.902917,0.901155
0.88687503,1.5466039,0.90191567
0.40187502,0.8078443,0.9005406
0.46375,0.88703656,0.9018012
0.465,0.68265873,0.9018694
0.424375,0.4850429,0.90194833
0.47187498,0.79086196,0.9012271
0.395,0.83784056,0.9009056
0.47125003,0.8141484,0.90246224
0.425625,0.5189538,0.9006618
0.460625,0.918627,0.90235484
0.509375,0.7867415,0.9006736
0.94937503,0.9187672,0.90011847
0.96124995,1.0859392,0.90193784
0.90625,1.2044125,0.9010587
0.9375,0.9424441,0.901147
1.03625,0.97684693,0.9020127
0.92625,0.9842787,0.90100026
0.90374994,0.8711909,0.9006889
1.086875,1.0169573,0.9025732
1.771875,0.96324,0.90161407
2.29125,1.0529327,0.9016831
3.170625,1.3414276,0.90095806
2.9924998,1.0579553,0.9024712
3.6375,1.8511156,0.9015168
0.54375,1.4839202,0.9013703
0.46625,0.87039983,0.9014404
0.46125,0.9678786,0.9012126
0.42624998,0.74318576,0.9011651
0.435625,0.54042256,0.9019871
0.469375,0.88971806,0.90202594
0.42875,0.47708088,0.9015393
0.42812502,0.46079525,0.9009278
0.46125,0.3295836,0.90290105
0.43937498,0.48780912,0.9016099
0.36875,0.34571534,0.90118086
0.416875,0.4715587,0.9013324
0.33187503,0.6601082,0.9017887
0.3625,0.7091385,0.90171933
0.31062502,0.42737305,0.9019308
0.34625,0.57248163,0.9010874
0.378125,0.5872928,0.90146196
0.31437498,0.52581096,0.9009813
0.33625,0.6735889,0.90111375
0.35125,0.6547998,0.90117574
0.853125,0.6611637,0.90120006
0.90999997,1.0326687,0.9017614
0.879375,0.648679,0.9021369
0.90312505,1.5945511,0.9014187
0.43937498,1.1678457,0.90203786
0.46625,0.5896626,0.9017689
0.4325,0.6368638,0.90150785
0.448125,0.41842532,0.90174484
0.45125002,0.28931886,0.9013294
0.41250002,0.5229716,0.9011829
0.478125,0.61862147,0.9008864
0.44375,0.61239296,0.9012662
0.459375,0.40052286,0.90161073
0.435,0.63788736,0.90114343
0.385625,0.48074794,0.9015657
0.41750002,0.60548854,0.90081894
0.34187502,0.77368987,0.90149844
0.84125006,0.86410344,0.9014183
1.01875,0.6578437,0.9016459
0.94875,0.6740279,0.90090287
0.388125,0.69442165,0.9016155
0.33125,0.57366836,0.90152717
0.348125,0.7174041,0.9012054
0.36312503,0.75439966,0.901387
0.33937502,0.8275877,0.9017656
0.393125,1.1705133,0.901088
0.65250003,0.82343996,0.90176
0.554375,1.6670876,0.90225077
0.514375,1.2707702,0.9013133
0.485,0.6215799,0.9011073
0.44125,0.69329,0.9020071
0.50687504,0.49818173,0.9005759
0.44625002,0.3462061,0.9014237
0.43625,0.647576,0.90124846
0.47125003,0.8974228,0.90179443
0.4625,0.86669695,0.90173626
0.446875,0.5453517,0.90131783
0.450625,0.9001167,0.902102
0.53312504,0.72857046,0.900344
1.036875,0.8624854,0.9016242
1.8856249,1.0418701,0.90178406
2.476875,1.1923919,0.90151477
2.393125,0.90223765,0.9016113
2.384375,0.9027909,0.9020314
2.304375,0.98933077,0.9013796
2.2806249,0.9378762,0.9003893
2.119375,1.006261,0.9019296
2.135,1.026264,0.9021324
2.175625,1.0594933,0.9007031
2.27,1.385584,0.9012846
2.2737498,1.083598,0.9012114
2.919375,1.8275634,0.90194976
1.788125,1.4625591,0.9011396
0.580625,0.947098,0.90149367
0.99187505,1.0247544,0.90103734
0.650625,0.8040732,0.9012792
0.52937496,0.55103475,0.9012276
0.435,0.9172696,0.90114844
0.435625,0.82914805,0.9020654
0.45,0.80380297,0.9016458
0.44250003,0.4793405,0.9025065
0.418125,0.80985665,0.9016757
0.56625,0.6787575,0.9020598
0.93499994,0.81396973,0.90223837
0.946875,0.9801904,0.9017153
1.1374999,1.1079621,0.90159094
1.5812501,0.8658767,0.9015198
2.375625,0.94199,0.9017656
2.375625,1.0145628,0.90157604
1.840625,0.9447197,0.90182376
0.90250003,1.080045,0.90148425
1.016875,1.0158604,0.90172446
1.018125,1.0565019,0.9015937
0.95000005,1.3591572,0.901832
1.165,1.0494952,0.9009943
1.233125,1.7743008,0.9012264
0.53,1.4002769,0.9012861
0.514375,0.92649734,0.90176034
0.39749998,1.0029887,0.9012834
0.46875,0.78040266,0.901873
0.4875,0.59782183,0.90111494
0.42624998,0.9445342,0.90180945
0.43625,0.88307786,0.9013146
0.435625,0.80455446,0.9018004
0.455,0.5136036,0.9017303
0.473125,0.88874745,0.901687
0.51125,0.7458314,0.9019573
0.99625003,0.87333024,0.9012718
1.189375,1.0476265,0.901155
1.2762501,1.1716083,0.9011394
1.2268751,0.92192054,0.9007069
1.19,0.9794252,0.90223455
1.1793749,1.0259672,0.9013392
1.145625,0.94480157,0.90165806
1.033125,1.0774791,0.9014815
0.96000004,0.98855174,0.90149665
0.95375,1.055557,0.9012476
1.0525,1.3637371,0.9018934
1.018125,1.0388764,0.90174866
1.260625,1.7454506,0.90226984
0.93937504,1.3421233,0.9016131
0.4775,0.8941312,0.9014095
0.4375,0.9673767,0.9018563
0.4675,0.71805227,0.9033232
0.4675,0.5844149,0.9012172
0.44125,0.91907215,0.9012736
0.500625,0.89197457,0.90133476
0.445,0.8550577,0.90197825
0.474375,0.5287405,0.9016174
0.48875,0.87058985,0.90224874
0.515,0.72378933,0.90172505
1.09,0.846598,0.9017081
1.2543751,0.99825966,0.901222
1.2387501,1.1335895,0.9015268
1.27875,0.8694569,0.9011613
1.214375,0.96309805,0.90018
1.22875,0.996565,0.9017556
1.29125,0.875739,0.90140176
1.1693751,0.99250376,0.90163124
1.025625,0.9570193,0.9022802
1.0224999,1.0094582,0.9015639
1.006875,1.3454615,0.90033436
1.07875,0.9764086,0.9020753
1.460625,1.6667308,0.9015951
0.54375,1.2390647,0.9020127
0.51625,0.8881662,0.90165555
0.4925,0.9380696,0.9007096
0.496875,0.72714365,0.90163994
0.495625,0.5985657,0.9014492
0.505625,0.9166763,0.90100443
0.483125,0.9474467,0.9018065
0.53999996,0.86919796,0.9022914
0.476875,0.59585965,0.9006227
0.49062502,0.9884529,0.90184844
0.645625,0.9237714,0.90140533
1.10375,1.0402334,0.90143347
1.16625,1.2054073,0.90110457
1.0843749,1.4919481,0.9018475
1.034375,1.085652,0.90160584
1.0925,1.0700797,0.9018427
1.0237501,1.0497756,0.90157545
1.0649999,0.8660096,0.90093493
0.92375004,0.9848789,0.90132666
1.05875,0.8872849,0.9021766
1.0799999,0.9710891,0.9014534
0.9625,1.3048629,0.90205944
1.10875,0.9813094,0.90170896
1.365,1.8683331,0.90177715
0.52937496,1.5437845,0.9017303
0.515625,0.7486025,0.9011253
0.469375,0.8913506,0.90196586
0.520625,0.64466345,0.90070784
0.47187498,0.4962662,0.9015583
0.496875,0.8329109,0.90093637
0.47875,0.48988503,0.90093446
0.48125,0.44404438,0.9024669
0.510625,0.35707486,0.90085185
0.505625,0.43310624,0.90176797
0.458125,0.30718106,0.90169
0.446875,0.47053957,0.9011917
0.605,0.64554346,0.9014008
0.735625,0.6606029,0.9014089
0.470625,0.3930205,0.90155864
0.383125,0.49210408,0.9012624
0.393125,0.5208695,0.90120363
0.348125,0.3989752,0.9013071
0.39249998,0.53696203,0.90127456
0.39937502,0.46699262,0.90082824
0.895625,0.48556796,0.9018152
0.94124997,0.8260528,0.9008415
0.94562495,0.53058577,0.9014374
0.96124995,1.5060998,0.9012413
0.470625,1.1091745,0.9005153
0.4725,0.40429336,0.90117455
0.4675,0.5140486,0.90086114
0.46687502,0.3117262,0.9015806
0.495,0.19307171,0.9011767
0.459375,0.5308953,0.9015503
0.491875,0.5698595,0.9015435
0.4675,0.5288316,0.9005729
0.46562502,0.34790486,0.9015384
0.458125,0.58122265,0.90126824
0.4775,0.38059592,0.90109336
0.413125,0.48883215,0.9017247
0.36374998,0.6435416,0.90162206
0.91437507,0.7473012,0.90204227
0.94000006,0.5659265,0.9009967
0.87125003,0.5704517,0.9010174
0.34562498,0.5568375,0.9013078
0.405625,0.46991634,0.901574
0.3875,0.628578,0.9020729
0.38,0.56017464,0.9014255
0.369375,0.6418661,0.90157557
0.389375,0.9717376,0.9006301
0.409375,0.6483582,0.90171874
0.429375,1.6465498,0.90094733
0.48125,1.2562739,0.900494
0.4675,0.5162988,0.9014076
0.440625,0.6430098,0.90087295
0.480625,0.39048016,0.9010731
0.508125,0.29315555,0.9010762
0.449375,0.60832363,0.9016019
0.516875,0.41027093,0.90194654
0.446875,0.34878615,0.90165293
0.51375,0.28015605,0.9021957
0.42,0.39821452,0.9017329
0.59875,0.2970692,0.9018614
0.98625004,0.42776775,0.9014307
0.896875,0.5519232,0.90133715
0.92562497,0.70125043,0.90100706
0.900625,0.4790966,0.9012908
0.85187495,0.48317677,0.90134716
0.89812493,0.4937911,0.90196586
0.941875,0.36387575,0.9017333
0.87687504,0.5040231,0.9014813
0.93499994,0.44477606,0.90087926
0.85749996,0.50530314,0.90003586
0.93499994,0.87013876,0.9009397
1.029375,0.49893844,0.9007069
1.0224999,1.397447,0.9008024
0.80500007,0.9434562,0.9022858
0.51,0.34452188,0.90061116
0.52875,0.39294636,0.9013617
0.57625,0.2027261,0.9018606
0.53625,0.05703622,0.90136254
0.51875,0.338754,0.90043557
0.55625,0.74005556,0.90244675
0.55875003,0.7525666,0.90111446
0.52875,0.46888426,0.90128314
0.52750003,0.77175605,0.9023291
0.615625,0.66494936,0.9026159
1.025625,0.77360046,0.9024842
0.954375,0.93026626,0.9019623
0.87312496,1.08529,0.9024503
0.891875,0.7621223,0.9009973
0.9525,0.8996115,0.9018395
0.9475,0.9748384,0.9014598
1.034375,0.85837305,0.90202487
1.063125,1.0012426,0.90190053
1.09,0.91659427,0.9017335
2.731875,0.9965049,0.901809
4.7575,1.2823205,0.90149486
4.79,1.0033872,0.9005618
4.235,1.7848402,0.9017997
0.595,1.4717295,0.9017674
0.57125,0.77363384,0.9012635
0.52250004,0.9143752,0.9020865
0.559375,0.66012114,0.90067255
0.45875,0.5206433,0.9011687
0.526875,0.79932916,0.9020853
0.508125,0.78711987,0.9011668
0.474375,0.76696134,0.9010824
0.48624998,0.48178768,0.90112984
0.503125,0.7934475,0.90138507
0.595625,0.7118927,0.9021094
0.990625,0.84793913,0.90046346
1.0400001,1.0086144,0.90081537
0.9225,1.1693981,0.90114665
0.91937494,0.8669611,0.90256965
0.91499996,0.90498185,0.90178573
0.86749995,1.0058972,0.9024718
0.920625,0.8793181,0.90207314
1.413125,1.0153593,0.90080917
2.27625,0.9105822,0.9014143
2.356875,0.98664904,0.9018611
2.2499998,1.2898192,0.9006752
3.29125,1.0183624,0.9005939
4.67375,1.787753,0.9011953
1.5593749,1.475561,0.90119326
0.453125,0.7712703,0.90108657
0.45687503,0.95129,0.9013581
0.49625,0.6676857,0.9019501
0.43625,0.50628567,0.9012239
0.42125,0.7740222,0.90211797
0.46687502,0.77095103,0.9016838
0.41750002,0.73445606,0.90174997
0.46687502,0.4656782,0.9010421
0.448125,0.7781168,0.9015397
0.52625,0.64151603,0.9017383
0.98062503,0.7721435,0.9017048
0.96000004,0.9311067,0.9014925
0.89374995,1.0785718,0.90127563
0.89250004,0.78278136,0.90133655
0.94124997,0.80243194,0.90175295
0.95500004,0.7208612,0.90061677
0.994375,0.60511506,0.90178645
1.215,0.7396282,0.90174997
1.6600001,0.6543584,0.90134835
2.375625,0.8647883,0.90126264
2.46875,1.197352,0.9014771
3.1725,0.8929671,0.9019661
4.495625,1.765706,0.90144324
0.624375,1.4342444,0.9015796
0.4825,0.7006049,0.90115523
0.4275,0.76106036,0.90287066
0.505,0.5623094,0.9004854
0.42624998,0.4616335,0.9017464
0.531875,0.732335,0.90240705
0.435625,0.83717847,0.9013926
0.45250002,0.8171884,0.90111506
0.51,0.5017102,0.90144205
0.42375,0.8458097,0.90002894
0.61875,0.72292817,0.9015373
0.93062496,0.84726655,0.9010738
0.89374995,0.9810139,0.90091574
0.92875004,1.1307884,0.9023169
1.0237501,0.7820082,0.90115094
0.90999997,0.7880603,0.9011259
1.0550001,0.89384663,0.9014976
1.055625,0.727599,0.90172434
1.029375,0.9461163,0.90244734
2.3749998,0.78749716,0.9012258
2.40375,0.94546187,0.9016204
2.3806248,1.2601831,0.9016651
2.61625,0.9626559,0.90213
2.5075,1.6554663,0.9009329
0.480625,1.2631279,0.90095687
0.474375,0.8589927,0.90205145
0.438125,0.9393538,0.90178907
0.45625,0.6696843,0.90163803
0.47625002,0.56429243,0.90062654
0.45687503,0.903224,0.90067184
0.418125,0.5472136,0.9005655
0.459375,0.524052,0.9008434
0.43687502,0.32809812,0.90117335
0.4675,0.5231651,0.90137625
0.435,0.4001395,0.90045965
0.35875,0.51561344,0.9024925
0.38625002,0.65899193,0.90166235
0.381875,0.74270046,0.9006678
0.30375,0.57667434,0.9021441
0.38125002,0.5876942,0.901803
0.69499993,0.5106207,0.9025841
0.53999996,0.3371477,0.9015838
0.400625,0.56577873,0.9019753
0.38625002,0.53709424,0.9024999
0.85875,0.6527566,0.90108204
0.91437507,1.0316703,0.90160525
0.9656249,0.65821385,0.9006351
0.931875,1.5520744,0.9012852
0.45687503,1.1602968,0.90199435
0.45875,0.557484,0.90115464
0.453125,0.6343199,0.901757
0.46875,0.41213834,0.9015335
0.40375,0.2921164,0.90229046
0.473125,0.61363184,0.90185404
0.454375,0.69420016,0.9005059
0.47875,0.6043366,0.90163004
0.43125,0.39746818,0.90108836
0.495625,0.622636,0.89994323
0.375625,0.46723992,0.9017457
0.41625,0.5994648,0.9022021
0.379375,0.75041413,0.9016988
0.875,0.8457391,0.90126646
0.93125,0.6277036,0.9002837
0.923125,0.65199375,0.9008255
0.34875,0.66519046,0.90123487
0.358125,0.54219353,0.9011953
0.40187502,0.7064458,0.90050817
0.343125,0.63281256,0.9008249
0.37125,0.7027248,0.90171957
0.40500003,1.036378,0.9008297
0.345,0.7255435,0.90039945
0.43,1.5900799,0.9017458
0.42375,1.2234775,0.9020883
0.485625,0.5508316,0.9011291
0.45374998,0.66717684,0.9005785
0.45687503,0.4511945,0.9017372
0.454375,0.3266266,0.9024029
0.448125,0.64675343,0.9021387
0.48624998,0.90927184,0.90101504
0.405625,0.8480748,0.9007472
0.47875,0.52579844,0.90221024
0.444375,0.88858414,0.90196455
0.561875,0.76402724,0.9013462
0.926875,0.89993834,0.9016838
0.9575,1.0535733,0.90041745
0.9656249,1.2106694,0.9023762
1.106875,0.89502525,0.90158236
1.0393751,0.91831255,0.9011159
1.033125,0.93540215,0.9013151
1.004375,0.8399818,0.9012227
0.92562497,0.9397712,0.90081894
0.92625,0.8652462,0.90139794
0.88874996,0.9446331,0.9020785
0.89812493,1.2591748,0.9005605
0.89937496,0.9602324,0.9007784
0.96625006,1.7453469,0.9012259
0.713125,1.4652817,0.9010081
0.46562502,0.8241439,0.9016322
0.47875,0.9379209,0.90046287
0.44125,0.7206224,0.9013541
0.483125,0.6124184,0.9017668
0.45687503,0.958393,0.90144527
0.4375,0.8922876,0.9014355
0.43625,0.8655386,0.90148413
0.473125,0.4909515,0.9017396
0.44,0.8759037,0.9014957
0.589375,0.7711549,0.900833
0.92875004,0.86481166,0.9015957
0.93499994,1.0221651,0.90132725
1.034375,1.2461112,0.9014207
1.12,0.93628097,0.90159976
1.02625,0.9458051,0.9006803
1.0,0.9192847,0.9010701
0.98625004,0.8246887,0.9007031
0.87625,0.99529815,0.9015243
0.905625,0.9048164,0.9008883
0.858125,0.9924202,0.9016806
0.9175,1.2823441,0.9006132
0.905,0.9698838,0.9014679
0.92437506,1.7161242,0.901345
0.485625,1.4598391,0.9005095
0.486875,0.8660344,0.90201795
0.43125,0.94626915,0.9011986
0.46687502,0.7125945,0.9015186
0.470625,0.59629273,0.9014623
0.45687503,0.90861785,0.90193796
0.505,0.9048171,0.9018072
0.44125,0.8627628,0.9022155
0.45687503,0.51891804,0.90110576
0.495,0.8509368,0.9020916
0.573125,0.7383162,0.901701
1.100625,0.8529229,0.9011388
1.259375,0.99629307,0.9022366
1.3312501,1.2262489,0.90000224
1.438125,0.9062971,0.9014362
1.39625,0.90497386,0.9019346
1.288125,0.93511486,0.901199
1.3575001,0.8310549,0.9019598
1.1625,0.93565524,0.90069413
0.941875,0.9397297,0.9011029
0.864375,1.0396583,0.9015287
1.019375,1.3383676,0.9030435
0.979375,1.0207622,0.9006132
1.06875,1.7326586,0.90202475
0.539375,1.353055,0.90094507
0.52,0.8318752,0.90129507
0.570625,0.9509803,0.9021188
0.50187504,0.71037817,0.9015082
0.556875,0.6148875,0.9004451
0.55125,0.9058471,0.90111756
0.531875,0.88277626,0.9014106
0.53,0.848467,0.9015535
0.52312505,0.51377815,0.90161586
0.5575,0.8535936,0.9022565
0.640625,0.7242687,0.90191364
1.099375,0.82514334,0.90034664
1.4275,0.9648819,0.9011376
1.728125,1.2102456,0.9008262
1.7537501,0.9322283,0.9008676
1.9468751,0.99422824,0.90268075
2.2131248,0.9881613,0.90151215
2.438125,0.8989613,0.90191245
2.6362498,1.0311637,0.90134275
1.464375,0.9582869,0.9016659
0.8262501,1.0432568,0.90105975
0.9225,1.350251,0.9007813
0.901875,1.0196426,0.9018507
0.941875,1.679752,0.9021001
0.47625002,1.3054101,0.9009558
0.46187502,0.81003344,0.90193295
0.453125,0.9442308,0.90262294
0.45749998,0.7007654,0.9019129
0.46562502,0.59346235,0.90199983
0.4775,0.88327086,0.9016782
0.4275,0.9101633,0.9013078
0.4625,0.884235,0.9016541
0.475625,0.506408,0.90174365
0.43312502,0.9004812,0.9019693
0.594375,0.7879456,0.9023086
0.923125,0.8872863,0.90137947
1.145625,0.9973898,0.901579
1.029375,1.238206,0.9014729
1.036875,0.9187746,0.90107226
0.96062505,0.98664916,0.90191627
0.954375,0.94184315,0.9005867
0.9125,0.8410598,0.90223897
1.329375,0.9534602,0.901708
1.323125,0.8754817,0.90102756
0.93125,1.0460317,0.90081453
0.90125,1.338732,0.90205085
0.89312506,1.022152,0.9023608
0.97,1.7953486,0.90161085
0.46125,1.4738172,0.90079975
0.485625,0.8231089,0.9016206
0.444375,0.9225857,0.9003022
0.443125,0.6842382,0.90197206
0.47187498,0.56891763,0.9012499
0.40187502,0.884269,0.9008256
0.44625002,0.5623936,0.9015796
0.449375,0.53791666,0.9013164
0.45,0.38293278,0.9006156
0.478125,0.5815911,0.90082085
0.34625,0.45603573,0.901757
0.42624998,0.55782026,0.90118873
0.3425,0.7244803,0.9015666
0.375625,0.8029983,0.9016149
0.39125,0.5551348,0.9020206
0.30812502,0.6427944,0.90202534
0.37062502,0.6710808,0.90130484
0.30312502,0.4877209,0.90268767
0.40375,0.64156854,0.9023732
0.374375,0.607456,0.9015554
0.885,0.634767,0.9011017
0.94624996,0.9924058,0.9015275
0.88,0.6135365,0.90263724
0.93625,1.485991,0.9014331
0.4675,1.0395405,0.9021381
0.431875,0.51539886,0.9012704
0.481875,0.5916752,0.9014996
0.465,0.32582885,0.90177095
0.438125,0.25938728,0.90179086
0.44125,0.51438093,0.9013854
0.464375,0.595088,0.90078735
0.446875,0.57689464,0.9010105
0.42312503,0.37237018,0.9009738
0.47375,0.5896245,0.90226495
0.39125,0.43739343,0.90220356
0.41875002,0.5706674,0.9010755
0.375625,0.7210221,0.9012078
0.84875,0.81662405,0.9014131
0.88312495,0.61125517,0.9017528
0.891875,0.6417154,0.903623
0.35875,0.50503206,0.9000151
0.381875,0.5690756,0.9006419
0.305,0.76705086,0.901741
0.36624998,0.6999519,0.9012425
0.33875,0.7778034,0.9015782
0.378125,1.0754007,0.901685
0.408125,0.75420094,0.9010984
0.39125,1.6002272,0.90166783
0.4925,1.279445,0.90140676
0.43062502,0.619439,0.9012914
0.459375,0.6933167,0.9022286
0.43312502,0.42866158,0.900357
0.47875,0.32798588,0.9010987
0.426875,0.6254999,0.90152
0.476875,0.856506,0.9020759
0.429375,0.8330431,0.90205085
0.460625,0.5087429,0.90100944
0.431875,0.8472049,0.9008235
0.55875003,0.7202034,0.9017656
1.6606251,0.8416072,0.9012215
2.17875,0.9863484,0.9022906
2.3731248,1.1450694,0.9022069
1.5749999,0.8716594,0.90210986
1.259375,0.8975376,0.9008311
1.05875,0.96518695,0.90236616
1.0862501,0.85942256,0.9014524
1.163125,1.0796833,0.90214217
0.941875,0.9511938,0.9004587
0.88625,1.0605835,0.90175796
0.90937495,1.3578558,0.9005679
0.995,1.087176,0.90083086
0.88374996,1.7635715,0.90078604
0.75812495,1.3873317,0.9021671
0.45875,0.84067225,0.90113866
0.5075,0.84907794,0.90217817
0.509375,0.6982559,0.9020405
0.44125,0.52256393,0.9016137
0.515,0.8430995,0.9010079
0.443125,0.8052366,0.9009088
0.47875,0.7908758,0.90106845
0.455,0.49193913,0.90128815
0.478125,0.8153225,0.90104616
0.61187506,0.671937,0.90130067
2.07625,0.81603336,0.9012357
3.54,0.9672432,0.9016272
3.11375,1.0893437,0.90247595
2.3406248,0.90086937,0.9015583
2.4524999,0.9263309,0.90205216
2.32,0.90415,0.90195036
2.2675,0.80871785,0.9008113
2.120625,0.970754,0.90144897
2.016875,0.88721216,0.9014169
2.04,0.9714272,0.9016099
1.949375,1.2860721,0.9012579
1.44875,0.9741142,0.90165555
0.951875,1.6921427,0.9001509
0.42875,1.2446156,0.9009676
0.46687502,0.80565953,0.90220714
0.479375,0.91551185,0.90121377
0.43687502,0.6641257,0.9016075
0.48375002,0.5975319,0.9011624
0.43625,0.9402356,0.9008353
0.455,0.9487901,0.90172887
0.46125,0.8801733,0.9016223
0.48000002,0.5587604,0.90079975
0.4875,0.95783937,0.9015405
0.571875,0.8345392,0.90146136
1.0443751,0.95441604,0.9010252
2.048125,1.0202178,0.90074754
2.219375,1.3541701,0.9013145
2.271875,0.9693537,0.90105355
2.2143748,0.96326077,0.9015207
2.1368752,0.97613573,0.90156424
2.0649998,0.85233223,0.9012227
2.24625,1.0140249,0.9015595
2.0718749,0.9263959,0.901561
1.0231249,1.0186013,0.9019275
1.003125,1.3528512,0.90164995
0.98062503,0.99675345,0.90159035
1.0125,1.9136311,0.9014032
0.49062502,1.5300553,0.90112627
0.495,0.85904336,0.9015435
0.5,0.9466655,0.9012078
0.475625,0.76388514,0.90168
0.485,0.67960286,0.9014994
0.49,0.988711,0.9024818
0.49437502,0.9842707,0.90086436
0.47875,0.9002845,0.9020841
0.49625,0.5805457,0.9016069
0.510625,0.91109836,0.9025518
0.559375,0.798674,0.9012692
1.36625,0.9256933,0.90002716
2.07875,1.0510108,0.9013078
2.3374999,1.2335532,0.90215373
2.2268748,0.9167868,0.90125406
2.37,0.9315504,0.90196514
2.3518748,0.9537941,0.8999611
1.484375,0.83408356,0.90229166
0.879375,0.9456903,0.90229297
0.843125,0.8830857,0.9013238
0.853125,0.9867511,0.90136945
0.843125,1.2870387,0.9016161
0.98875,0.97050905,0.90303075
0.926875,1.7765574,0.9019023
0.39937502,1.4120611,0.90142906
0.446875,0.8121755,0.9015924
0.435,0.91373324,0.90268207
0.454375,0.6692908,0.9019438
0.39875,0.592299,0.90083885
0.431875,0.8847089,0.9017837
0.413125,0.90208495,0.9016346
0.43687502,0.86401355,0.90187335
0.440625,0.56078434,0.90090585
0.453125,0.9001088,0.90301895
0.52875,0.7909945,0.90118325
1.030625,0.89024687,0.9013597
0.93125,1.0181257,0.9004638
0.98187506,1.2270265,0.90097773
0.98812497,0.90855575,0.9019147
0.8425,0.9224969,0.90167093
0.885625,0.9042916,0.9025651
0.9075,0.9109404,0.9012562
0.848125,0.9315301,0.9019803
0.87687504,0.83472323,0.9019463
0.88374996,1.0250704,0.90230024
0.838125,1.3073964,0.9023913
0.89875007,1.0131725,0.9016088
0.84749997,1.7413148,0.90154195
0.434375,1.3893887,0.9014715
0.49437502,0.8518336,0.9019928
0.39249998,0.91759455,0.90095186
0.47625002,0.72732544,0.901747
0.4225,0.58081424,0.90144265
0.44,0.89238226,0.90132976
0.443125,0.5661819,0.90090954
0.41125,0.5450958,0.90264904
0.46,0.36856538,0.9016956
0.449375,0.57294834,0.9009383
0.403125,0.42419022,0.9005867
0.35875,0.5471567,0.90173745
0.361875,0.6962668,0.90027654
0.32750002,0.7817962,0.9007609
0.3475,0.5785607,0.901047
0.3225,0.63975585,0.90121853
0.76125,0.6483449,0.9017552
0.42312503,0.47902644,0.90122795
0.379375,0.6208714,0.9015349
0.35625,0.5718411,0.90168464
0.88374996,0.6187949,0.9015809
0.865625,1.0228677,0.9009874
0.885625,0.62008744,0.9014634
0.89750004,1.5022624,0.9015168
0.418125,0.95989025,0.90181994
0.44875,0.48221874,0.9007958
0.443125,0.51839954,0.90140617
0.458125,0.39478266,0.90182996
0.43312502,0.31179833,0.90194535
0.424375,0.6111357,0.90070784
0.44250003,0.6637167,0.90197504
0.43625,0.6203141,0.90131986
0.44250003,0.41320282,0.901803
0.47,0.6268977,0.90082526
0.39749998,0.5223325,0.901458
0.36062503,0.6457195,0.9008683
0.338125,0.77985084,0.90170157
0.896875,0.9084588,0.900784
0.87,0.64990425,0.9012712
0.88625,0.67863417,0.90145016
0.32,0.73821485,0.9006547
0.36312503,0.6353471,0.90139794
0.315625,0.75880027,0.90207946
0.35875,0.6935183,0.9025711
0.32750002,0.78994536,0.90209126
0.345,1.1747507,0.90123117
0.35,0.8320023,0.9016348
0.346875,1.6332704,0.90185344
0.451875,1.2569172,0.9016212
0.458125,0.63864774,0.90066874
0.4225,0.65922093,0.90183616
0.5025,0.4549899,0.9013065
0.421875,0.38631794,0.90100825
0.454375,0.6557297,0.9012605
0.396875,0.9106442,0.9010519
0.448125,0.8770937,0.9013567
0.43687502,0.5630939,0.9014337
0.44750002,0.8913256,0.9014988
0.578125,0.7472025,0.9007137
0.91374993,0.86412036,0.9002603
0.88812506,1.0113909,0.9020889
0.92375004,1.210718,0.9012965
0.9875001,0.88724387,0.9007138
0.87687504,0.8796526,0.902594
0.86187494,0.9998512,0.90101707
0.9425,0.8887023,0.9022368
0.889375,1.0505002,0.9011005
0.89,0.98005474,0.9022157
0.85375,1.0835598,0.9017092
0.87312496,1.3656269,0.9018332
0.87625,1.0399164,0.90133715
0.885,1.7830704,0.9014747
0.70000005,1.4954565,0.9017279
2.3831248,0.9037082,0.90121496
0.426875,0.9495052,0.9006598
0.446875,0.7563919,0.9018736
0.476875,0.6469121,0.9018527
0.39,0.9012929,0.9023658
0.47,0.8924197,0.9020349
0.47125003,0.86042607,0.90130746
0.421875,0.53301764,0.90228426
0.46125,0.87015676,0.9014745
0.49124998,0.75161064,0.90042436
1.00875,0.86706364,0.90084624
1.099375,1.0189539,0.9021772
1.19,1.1680251,0.9013872
1.365625,0.8890964,0.901325
1.3225001,0.91408646,0.90079236
1.09375,0.9147538,0.90202844
1.003125,0.8044907,0.90127134
0.87250006,0.9453019,0.9015471
0.84875,0.9497148,0.90109634
0.83500004,1.0666785,0.90166605
0.94437504,1.3202682,0.90168667
0.958125,1.0705825,0.90202963
1.00875,1.7560427,0.9014189
0.49937502,1.289555,0.9022659
0.49937502,0.8288212,0.9013431
0.545625,0.9016011,0.90127385
0.545625,0.6581427,0.9010147
0.5825,0.586496,0.9017464
0.539375,0.89387834,0.9015403
0.486875,0.8788456,0.90155184
0.55,0.84111047,0.90201855
0.540625,0.52179563,0.9006164
0.514375,0.8603052,0.90175176
0.618125,0.7058264,0.90084696
1.0693749,0.83352685,0.89995253
1.255625,0.9796008,0.9015144
1.475,1.1109906,0.90219533
1.363125,0.87595487,0.9012389
1.319375,0.92358506,0.9011067
1.2650001,0.8893751,0.9019083
1.22875,0.74072325,0.90158415
1.008125,0.8736223,0.90106404
0.87874997,0.8341838,0.90162647
0.87125003,0.93172956,0.90146875
0.91312504,1.2561505,0.9006239
0.885,0.8958211,0.9014647
0.96500003,1.6009667,0.90147996
0.4025,1.1567711,0.9009696
0.44125,0.8896127,0.9021983
0.43875,0.9252374,0.90107965
0.435,0.71956825,0.90124404
0.42812502,0.5865046,0.9010352
0.41125,0.8632344,0.9011686
0.455,0.84211624,0.901222
0.45125002,0.8103689,0.90206933
0.39437503,0.5186732,0.90137327
0.441875,0.86256385,0.90154946
0.53,0.73440087,0.9011259
0.891875,0.796605,0.90194154
0.91937494,0.9546348,0.90082765
1.031875,1.1002643,0.9003638
1.053125,0.8575461,0.9014107
1.1374999,0.87707627,0.9013667
1.08375,1.0248504,0.9014933
0.91374993,0.8339069,0.9019619
0.94562495,0.9754659,0.9012146
0.80062497,0.9353527,0.901621
0.87625,1.0252612,0.90103304
0.83000004,1.3738035,0.90184665
0.83875,0.99666953,0.9009421
0.91437507,1.7221234,0.901924
0.39437503,1.2865521,0.9006289
0.429375,0.90584886,0.9012209
0.441875,0.9423965,0.9013699
0.44,0.7464442,0.9016659
0.43687502,0.61968815,0.90075314
0.41250002,0.909081,0.90134656
0.45,0.8994131,0.9012461
0.43312502,0.8463315,0.901806
0.44125,0.535184,0.9012501
0.40375,0.8862423,0.9010242
0.53375,0.76346385,0.9011656
0.90999997,0.8774568,0.9014131
1.11625,1.0389119,0.9018047
1.14125,1.2219524,0.90256906
1.18,0.91735184,0.90093076
1.0862501,1.0344149,0.90208507
1.00375,1.0571533,0.90193737
0.9175,0.9362464,0.9030527
0.860625,1.0552219,0.9006343
0.8406249,0.99920774,0.9010055
0.84125006,1.0785973,0.9014909
0.860625,1.367477,0.90105176
0.89937496,0.99356234,0.9026159
0.90250003,1.6564708,0.90039194
0.47875,1.2823949,0.9017235
0.816875,0.86660874,0.9018738
0.51750004,0.95701075,0.90171075
0.489375,0.74879813,0.90135586
0.45749998,0.6646098,0.9019623
0.41250002,0.9754021,0.9014652
0.443125,0.64021224,0.900841
0.446875,0.61987936,0.90109336
0.455,0.39956224,0.90136623
0.39437503,0.5822369,0.9011103
0.43374997,0.4435331,0.9010017
0.35625,0.5676551,0.90096724
0.36312503,0.6896459,0.90090716
0.34375,0.84556997,0.9008111
0.306875,0.6492871,0.9017739
0.324375,0.6805608,0.90124524
0.35125,0.71688163,0.9014219
0.3875,0.5275562,0.90126777
0.299375,0.67332,0.902164
0.33625,0.6741102,0.9014605
0.864375,0.66130555,0.90163815
0.86187494,1.0611806,0.9019729
0.86875,0.63165176,0.9010856
0.87187505,1.5415775,0.9016689
0.45749998,1.0848283,0.901211
0.45125002,0.57629395,0.901459
0.41750002,0.65094364,0.90067005
0.45250002,0.46920142,0.901579
0.440625,0.34366572,0.9022902
0.416875,0.6484381,0.90211797
0.44250003,0.75147223,0.90057313
0.44625002,0.6890993,0.90229976
0.425625,0.44406432,0.9005432
0.431875,0.7324648,0.9002626
0.45374998,0.6163551,0.9011384
0.359375,0.7544199,0.9027021
0.3175,0.8886634,0.9007698
0.86312497,0.8985574,0.9013443
0.88,0.6602012,0.9015583
0.80125,0.66231287,0.9015465
0.356875,0.66104925,0.9018066
0.3725,0.58137155,0.901454
0.40437502,0.78775764,0.9020654
0.378125,0.74742424,0.90105796
0.35625,0.7968482,0.90073204
0.37687498,1.1682285,0.90145993
0.43374997,0.7385988,0.9015465
0.39249998,1.6216378,0.90183747
0.5,1.2302011,0.90153515
0.481875,0.6435123,0.9015535
0.45125002,0.6604917,0.9016663
0.513125,0.5487634,0.9020759
0.44750002,0.43693435,0.90213215
0.481875,0.73896897,0.9020817
0.4925,0.9589884,0.90150344
0.435,0.89047015,0.90160704
0.49375,0.5737561,0.9017931
0.459375,0.93667316,0.90236735
0.594375,0.7869601,0.90063286
1.158125,0.919502,0.9001461
1.2231251,1.0860482,0.9022001
1.0375,1.2980022,0.9010625
1.033125,0.9349222,0.90081346
1.055625,0.96969855,0.90125966
0.995625,0.956844,0.90150917
1.0125,0.8420292,0.9004462
0.96124995,1.0685654,0.90145814
0.86187494,1.0575206,0.90088105
0.860625,1.0947226,0.90211046
0.83562505,1.3062776,0.90156627
0.88625,0.9479656,0.90251267
0.885625,1.8148981,0.9008869
0.696875,1.288285,0.9017657
0.45687503,0.8616451,0.90165293
0.41375,0.89533484,0.901397
0.463125,0.7125492,0.9017979
0.44,0.56452084,0.90018
0.395,0.87893593,0.9008466
0.4625,0.86568177,0.90157163
0.41062498,0.833985,0.9016826
0.468125,0.5169667,0.9006959
0.450625,0.84026575,0.9014368
0.49812502,0.7058327,0.90175617
0.916875,0.83939505,0.901297
0.844375,0.99769616,0.9011669
0.84624994,1.14021,0.90162146
0.896875,0.8911749,0.901337
0.85125005,0.903934,0.9015002
0.99125004,0.91720045,0.90284216
1.003125,0.9686594,0.9008362
0.88125,1.0647895,0.9026365
0.91499996,1.0441953,0.90123427
0.8375,1.0916904,0.90074277
0.838125,1.4044304,0.901548
0.88187504,1.0360736,0.90214825
0.89,1.7583582,0.9020127
0.43583333,1.3850251,0.9013243
0.474375,0.9009105,0.9014884
0.405625,0.9454205,0.9007685
0.463125,0.69134665,0.90171695
0.4625,0.5829183,0.9013896
0.416875,0.8457091,0.90189135
0.49,0.84125495,0.90113366
0.43,0.8343626,0.9008713
0.42875,0.52616787,0.9018315
0.480625,0.85456884,0.90204227
0.50625,0.7055743,0.90202427
0.90250003,0.845104,0.9017329
0.90312505,1.0006146,0.9008261
1.1956251,1.1310372,0.9023106
1.12,0.8823706,0.90211296
0.844375,0.9166179,0.9030019
0.96062505,0.9859115,0.9011171
0.96187496,0.9499937,0.90145636
0.88312495,1.0622587,0.9004148
0.9275,1.0284201,0.9006146
0.834375,1.0950634,0.9016031
0.85749996,1.422353,0.900612
0.94375,1.0794655,0.900453
0.88312495,1.7786962,0.900228
0.465,1.3784037,0.90196097
0.46687502,0.9195039,0.9004477
0.429375,1.0024371,0.90143406
0.495625,0.76438594,0.9006684
0.3875,0.64381707,0.902547
0.421875,0.8614876,0.9016484
0.486875,0.8754307,0.90069246
0.42125,0.8660495,0.9017502
0.42812502,0.56525075,0.90155506
0.460625,0.9206109,0.90209484
0.52812505,0.7807653,0.9005799
1.2431251,0.90112233,0.90097857
1.4687501,1.0254446,0.9006541
1.1262499,1.1897128,0.90047
1.235625,0.9241462,0.90083086
1.103125,0.97281384,0.9014771
1.150625,1.0162624,0.901157
1.1025,0.94785595,0.9014313
0.97625005,1.0826283,0.90093017
0.874375,1.0285168,0.9021106
0.8425,1.0621772,0.90187585
0.88,1.2385486,0.9016597
0.964375,1.0524832,0.90087175
0.89437497,1.7293869,0.90147114
0.446875,1.3197395,0.9011247
0.431875,0.848276,0.90169394
0.42375,0.8620813,0.9000702
0.52750003,0.6690849,0.90205765
0.47125003,0.5678443,0.9018377
0.460625,0.8995788,0.90108645
0.47625002,0.915961,0.9020257
0.431875,0.8908788,0.90145695
0.43687502,0.57193613,0.90207994
0.45250002,0.92475176,0.9012172
0.565625,0.79884434,0.90143204
0.97687495,0.92724216,0.90097094
1.17875,1.068955,0.90172625
1.08875,1.2145945,0.9008988
1.09125,0.90624046,0.90172744
1.15125,0.90878904,0.90120625
1.181875,1.0349089,0.9023179
1.146875,0.9524472,0.9024533
0.933125,1.1047326,0.90135574
0.85687506,1.0264467,0.90102327
0.8562499,1.0823252,0.90138876
0.89625,1.3293678,0.90238154
0.865625,1.1049317,0.9008944
0.865625,1.7855018,0.9015461
0.45374998,1.4367089,0.9014394
0.470625,0.8754337,0.90277743
0.42624998,0.9704027,0.9023849
0.48125,0.748389,0.9016464
0.425625,0.64449733,0.9007019
0.435625,0.9429059,0.9007617
0.45687503,0.5943362,0.90232706
0.46562502,0.5758271,0.90078664
0.43,0.37296838,0.90041625
0.4675,0.6036549,0.9022027
0.40125,0.4642255,0.9005817
0.37625,0.5697638,0.9013463
0.37875,0.74133754,0.90069973
0.3475,0.8684546,0.90050554
0.33937502,0.6511457,0.90054226
0.3175,0.6374576,0.9004798
0.41125,0.61962533,0.9011067
0.44625002,0.42229608,0.90079594
0.72062504,0.61625016,0.9012052
0.395625,0.6611246,0.9017502
0.91437507,0.66471255,0.90148866
0.895,1.0844501,0.9018959
0.858125,0.6604028,0.90191364
0.91374993,1.5088457,0.90165615
0.438125,1.0191231,0.9009818
0.46375,0.58662397,0.9009943
0.46,0.5868343,0.9010272
0.424375,0.47353455,0.90055776
0.444375,0.36942476,0.9006622
0.5,0.6438439,0.90131783
0.396875,0.69397783,0.9009893
0.4825,0.6662464,0.90264547
0.43,0.4318927,0.90127265
0.47187498,0.69623756,0.901703
0.393125,0.5564791,0.90086794
0.39937502,0.6821046,0.90147567
0.34187502,0.8328755,0.9008825
0.879375,0.94271576,0.901126
0.89812493,0.7326752,0.9012505
0.83187497,0.77622426,0.9013742
0.38,0.7468115,0.9007546
0.3475,0.66596127,0.9015112
0.35250002,0.8517525,0.9015449
0.325,0.8353368,0.9007704
0.40375,0.8631933,0.90127575
0.29375,1.2717161,0.9013579
0.3725,0.84718704,0.9014441
0.36624998,1.6211491,0.90168405
0.420625,1.1556925,0.9019364
0.475,0.78332675,0.90063477
0.43625,0.7823825,0.9009371
0.46625,0.59411424,0.90066385
0.4325,0.49432254,0.9008392
0.450625,0.70450354,0.9017911
0.42624998,0.9386822,0.9022478
0.479375,0.90196,0.9013504
0.455,0.5646961,0.9016918
0.43875,0.93744683,0.9013922
0.549375,0.80060434,0.90152335
1.053125,0.92920685,0.90203047
0.95687497,1.0892951,0.9017508
0.9325,1.2732307,0.9005326
1.201875,0.980989,0.9013151
1.07875,1.0322886,0.9019246
1.17125,1.0812279,0.9010111
1.07375,0.9750987,0.90183055
0.96875,1.1478802,0.90190315
0.83187497,1.1450679,0.9007168
0.89125,1.1661206,0.9022795
0.88625,1.520756,0.90209806
0.826875,1.1318083,0.90063906
0.906875,1.7959201,0.901857
0.723125,1.424192,0.901139
0.438125,1.0382773,0.9010471
0.45374998,1.0112932,0.90090287
0.41562498,0.83075976,0.9010352
0.453125,0.63680017,0.9021834
0.440625,0.94166505,0.901773
0.44875,0.92354953,0.90115416
0.42624998,0.88988197,0.90126944
0.4375,0.55954474,0.90116215
0.459375,0.89784336,0.9015702
0.551875,0.7577208,0.90108716
1.040625,0.87872076,0.90132666
1.245,1.0351424,0.9016156
1.14,1.166968,0.9011235
2.08375,0.9722427,0.90069747
2.4518747,1.0189177,0.90184534
2.3725,0.99119806,0.9010242
2.151875,0.9444227,0.90155244
2.211875,1.0822812,0.9021565
1.2268751,1.0945492,0.9020082
0.865,1.0977817,0.9026985
0.86312497,1.4959049,0.9011351
0.8406249,1.0748552,0.9011123
0.92562497,1.7436101,0.9019023
0.4925,1.3149227,0.90046084
0.47,1.0205232,0.9017663
0.39749998,1.0274632,0.900864
0.460625,0.8106661,0.90126956
0.444375,0.689062,0.9017081
0.41750002,0.93146634,0.90139174
0.47187498,0.9051348,0.9017538
0.421875,0.8806882,0.90137184
0.445,0.5484079,0.9011891
0.41375,0.92402935,0.90210605
0.566875,0.7830999,0.9022641
0.92875004,0.89354527,0.900792
1.459375,1.0480906,0.90097916
1.374375,1.1640195,0.9019489
1.3375001,0.9471841,0.90215063
1.304375,1.0219452,0.90098035
1.218125,1.0773543,0.9008329
1.210625,0.95931435,0.900959
1.22,1.1006262,0.901144
1.11,1.1142399,0.90138626
0.896875,1.1147908,0.9011862
0.8781251,1.5051808,0.9020815
3.2649999,1.0917455,0.90072167
4.773125,1.7633959,0.90055895
0.92562497,1.3460206,0.90051067
0.44375,1.0072533,0.9019059
0.4325,1.0600935,0.9019067
0.46625,0.833161,0.9010153
0.43374997,0.74718654,0.9022304
0.46687502,1.05534,0.9014374
0.445625,0.9860239,0.902405
0.42,0.95899427,0.89988697
0.453125,0.5655834,0.90169036
0.4675,0.9370439,0.9006064
0.56125,0.8233868,0.9016304
1.194375,0.9019588,0.902063
1.313125,1.0654973,0.90138865
1.165625,1.2739152,0.90067816
1.13375,1.0086457,0.9013505
1.318125,1.0527166,0.902359
1.3800001,1.1433128,0.90257144
1.161875,1.0099137,0.9013703
1.061875,1.137328,0.90132976
0.85875,1.1197456,0.9022095
0.89875007,1.1768612,0.902609
1.5081251,1.5269479,0.90124786
4.48,1.1666034,0.90191483
4.5537505,1.797672,0.9011855
2.8506248,1.4862828,0.902063
0.44750002,0.96435845,0.9002687
0.444375,1.0270643,0.9009533
0.45875,0.80455124,0.9011972
0.43374997,0.7035929,0.9023744
0.443125,1.0201241,0.9018959
0.458125,1.0077807,0.9015224
0.478125,1.0112364,0.90152156
0.426875,0.6322378,0.90159
0.41125,1.0189657,0.9004842
0.55875003,0.8985983,0.90152395
1.103125,0.98685765,0.90086293
1.221875,1.1302221,0.90058887
1.3075,1.3187848,0.90121734
1.405625,1.0488598,0.9011743
1.5193751,1.1083839,0.9010403
1.386875,1.1430748,0.9018291
1.166875,1.0132064,0.90079737
2.1,1.137445,0.90133154
2.090625,1.1286159,0.90151656
2.115625,1.228509,0.90240145
2.1987498,1.5246055,0.9013964
4.229375,1.1489506,0.9004332
4.68125,1.7675691,0.90206337
3.5806248,1.41952,0.90154886
1.736875,1.0269247,0.9005964
1.0174999,1.05478,0.90193677
0.51187503,0.8441577,0.9005195
0.469375,0.7370547,0.90183294
0.474375,1.0306566,0.9023715
0.508125,0.6532049,0.90129435
0.470625,0.6222373,0.90104914
0.515,0.40329108,0.9018611
0.43937498,0.64815116,0.9011903
0.496875,0.50125456,0.900558
0.405625,0.6300801,0.9010465
1.411875,0.77538407,0.9012066
1.815,0.8426459,0.9016135
1.91625,0.6813139,0.90138805
1.7325,0.72576535,0.902419
1.695,0.7411411,0.9018427
1.609375,0.59488785,0.90062237
1.5987501,0.70070744,0.90115
1.604375,0.7123548,0.90104413
2.1399999,0.6809921,0.9011259
2.104375,1.0902251,0.9018371
2.140625,0.67692983,0.90203905
2.159375,1.5092397,0.9008893
1.71,1.0545479,0.90177536
1.743125,0.6113415,0.901878
0.7875,0.6197434,0.901513
0.51250005,0.46372983,0.9016161
0.45125002,0.34657747,0.9008653
0.505625,0.65165204,0.9006455
0.485625,0.6939968,0.902513
0.491875,0.64802206,0.90102625
0.48624998,0.40727806,0.9017911
0.49375,0.6790526,0.9012475
0.460625,0.5261843,0.9017793
0.418125,0.64202374,0.9014151
1.41,0.79133976,0.90151644
2.1887498,0.8991159,0.90128195
2.179375,0.68882704,0.90108716
2.16875,0.7148824,0.9006642
1.608125,0.76569784,0.90202034
1.62125,0.6596324,0.90150607
1.57875,0.8141774,0.9011054
1.6324999,0.8430674,0.90209687
1.61625,0.8372141,0.90159094
1.59,1.2719451,0.9010432
1.650625,0.83649874,0.9024248
1.64375,1.5642365,0.9010414
1.723125,1.1087573,0.9010633
1.72625,0.8101455,0.9013238
0.83187497,0.8058189,0.9013884
0.49375,0.5931181,0.90213513
0.485625,0.4777146,0.90183973
0.49124998,0.7186774,0.9007721
0.49625,0.91048026,0.90266895
0.4625,0.9414103,0.9013001
0.475,0.54602957,0.90163064
0.475625,0.93423486,0.90158975
0.60249996,0.78587854,0.90157235
1.0387499,0.91455233,0.90207434
2.229375,1.0926253,0.90166116
2.43,1.245682,0.900892
2.4624999,0.98184335,0.9023211
2.4668748,1.0917027,0.9016812
2.4125,1.1224127,0.90277064
2.36875,0.99873793,0.90192103
2.231875,1.1142828,0.90136206
2.1968749,1.0716045,0.9013314
2.2281249,1.118059,0.9016938
1.4325,1.4718556,0.9013133
2.3062499,1.0886904,0.90083647
2.84125,1.7406203,0.90178764
1.923125,1.367627,0.9016073
0.41625,0.97700906,0.9022057
0.455625,1.040486,0.90088403
0.47625002,0.8326875,0.9011227
0.4375,0.7023636,0.901894
0.48125,1.0265989,0.90120816
0.42,0.9941691,0.9004818
0.478125,0.9581902,0.90179324
0.451875,0.5657098,0.90118766
0.45374998,0.89973164,0.9009522
0.57500005,0.7627528,0.90148056
0.90999997,0.87652075,0.9024596
1.2643751,1.0150639,0.902112
1.251875,1.1933098,0.9009898
1.19125,0.87197876,0.90232193
1.615625,1.0411782,0.90170336
2.5674999,1.0372162,0.9019755
2.5506248,0.91801,0.9009558
1.370625,1.0454409,0.9001689
0.85249996,1.0665481,0.90204287
0.928125,1.0856245,0.9011668
1.02625,1.4204367,0.9008869
1.175,1.0370536,0.9026835
1.8612499,1.6901835,0.9009762
0.88125,1.2647113,0.9018487
0.55375004,0.9913318,0.90063775
0.52750003,1.0061135,0.90065444
0.578125,0.8010638,0.9015782
0.56375,0.6745529,0.9017329
0.51625,0.96815574,0.90105677
0.573125,0.9485893,0.9014064
0.56437504,0.9052453,0.9008659
0.55125,0.5405438,0.90064645
0.56375,0.89200985,0.90124893
0.621875,0.74862134,0.90181255
1.088125,0.87124264,0.9006467
0.9575,1.0326535,0.900854
1.051875,1.2042817,0.90060985
1.11625,0.9191402,0.9022535
1.2875,0.9575664,0.90183747
1.281875,0.9954879,0.9013413
1.3000001,0.88373005,0.9013394
1.314375,1.018212,0.9013802
1.275,1.0542248,0.90147734
1.0493749,1.0598483,0.9021938
1.198125,1.4471836,0.9016776
1.345,1.025041,0.9013996
1.5,1.6664343,0.9015373
0.55062497,1.2343508,0.9018965
0.93875,0.9830531,0.9021425
0.45749998,0.9659803,0.9010129
0.4875,0.7525656,0.90141857
0.45374998,0.674302,0.9022769
0.489375,0.9371499,0.90065086
0.45687503,0.9636061,0.9010719
0.45875,0.8750452,0.9007796
0.47875,0.5338768,0.9019643
0.4925,0.8985852,0.9020109
0.535625,0.7366754,0.90109515
1.045,0.85500634,0.90020096
1.018125,0.9962133,0.901155
1.1268749,1.1570263,0.9017943
1.2268751,0.8839426,0.9014623
1.125625,0.9697722,0.9014994
1.174375,0.98495626,0.90134776
1.201875,0.8857198,0.90199554
1.118125,1.0302215,0.90232766
0.85687506,1.0734078,0.90136015
0.89437497,1.0832527,0.9007437
1.07625,1.453287,0.90262413
1.0649999,1.0521538,0.9023994
1.0025,1.6947427,0.9006038
0.49625,1.2683489,0.90112066
0.484375,1.0033846,0.90123606
0.431875,1.0026982,0.90148664
0.4775,0.8058194,0.9012315
0.47187498,0.678157,0.8999047
0.44750002,0.9559876,0.9026891
0.44625002,0.9620817,0.90108764
0.488125,0.9246894,0.90102994
0.46875,0.57269377,0.9014077
0.434375,0.9661801,0.90051687
0.584375,0.7964908,0.9019145
0.905625,0.886809,0.9011612
0.9175,1.0394874,0.90070105
0.95562494,1.1956973,0.90111053
0.96124995,0.9376327,0.9017458
0.90999997,0.99181724,0.90120876
0.94375,1.0845547,0.90119827
0.9325,0.9517789,0.9020215
0.94000006,1.0725218,0.9009011
0.91374993,1.0784463,0.90176
1.2800001,1.1813729,0.901647
3.1431248,1.4598422,0.90247524
2.985,1.0641892,0.9016681
1.715625,1.752922,0.9010242
1.0200001,1.2407706,0.9012283
0.631875,0.95535886,0.9023391
0.44750002,0.96420515,0.90052724
0.505,0.7997128,0.9013047
0.474375,0.7445898,0.90092516
0.52937496,1.0528291,0.9007689
0.531875,0.7231834,0.90143347
0.47,0.69580936,0.9011482
0.54625,0.44013315,0.90096915
0.45250002,0.727764,0.90189457
0.5375,0.6000246,0.90126884
0.463125,0.7093576,0.9014015
0.43937498,0.83170116,0.90236044
0.36624998,0.9260416,0.9020678
0.4275,0.71866894,0.9020363
0.38625002,0.7318524,0.9010494
0.4325,0.72150624,0.9018265
0.39625,0.57262677,0.90057933
0.383125,0.6404326,0.90236616
0.415,0.6085489,0.9022857
0.89250004,0.69661534,0.9015547
0.95062506,1.0786295,0.9016043
0.91125,0.6828807,0.90148246
1.01375,1.5544912,0.9017414
0.54375,1.0976278,0.9012991
0.475,0.5946826,0.9010112
0.49062502,0.66493917,0.90171576
0.51875,0.48023024,0.90103734
0.4825,0.3853597,0.9014714
0.49437502,0.7108996,0.90121937
0.5025,0.7836335,0.9025135
0.4975,0.6789309,0.9010575
0.52,0.44933236,0.90155447
0.491875,0.72422135,0.90066814
0.485625,0.6178421,0.9018549
0.42,0.7159891,0.900977
0.4375,0.8712319,0.9016601
0.890625,0.9857187,0.90173185
0.915625,0.75361574,0.9015821
0.93625,0.77945614,0.90116453
0.389375,0.8021476,0.9008235
0.42624998,0.6639793,0.9011209
0.375,0.78998435,0.90132546
0.398125,0.75566626,0.9007884
0.40500003,0.79824495,0.9011588
0.3675,1.153481,0.9018718
0.40875,0.7685312,0.9009752
0.440625,1.5363609,0.9008038
0.495,1.0977514,0.90081155
0.49812502,0.70080554,0.9016838
0.491875,0.7349397,0.90190804
0.52,0.5259708,0.9008846
0.50374997,0.4000233,0.9016497
0.483125,0.66968656,0.9012891
0.495,0.91205394,0.9017737
0.505,0.88920414,0.90103483
0.47875,0.54958737,0.90187025
0.51625,0.90775144,0.9017967
0.593125,0.75714076,0.900664
1.025625,0.86416876,0.90215385
1.094375,1.0159147,0.90289223
1.083125,1.2328693,0.90179145
0.9425,0.9269872,0.9028157
0.92937505,0.9865415,0.9014622
0.84624994,1.0163717,0.9010639
0.87625,0.9082016,0.90169215
0.85125005,1.0318292,0.9015014
0.85562503,0.9999926,0.90114915
1.8575,1.0523181,0.90135133
4.375,1.4021224,0.9021616
4.4950004,1.0368425,0.90240145
3.9074998,1.6705428,0.90156245
0.701875,1.2929288,0.90185905
0.44875,0.95373785,0.90078616
0.59625,0.9787762,0.9028518
0.40875,0.79147923,0.9006268
0.4675,0.65258276,0.9017049
0.431875,0.9730321,0.9009006
0.424375,0.9465772,0.90256906
0.44375,0.90875375,0.9024284
0.4225,0.5586475,0.9014213
0.418125,0.9323348,0.9020237
0.565,0.7864883,0.9019984
1.2325,0.9090737,0.9012493
4.406875,1.0309132,0.90093315
5.415625,1.2181596,0.9012482
3.0549998,0.8967236,0.90186083
2.9125,0.88412833,0.9017037
2.82125,0.89967406,0.90082693
1.43875,0.82144666,0.9025308
0.94437504,0.9577559,0.901394
0.90999997,0.8556807,0.9013611
0.869375,0.9865533,0.90159297
1.0174999,1.2945787,0.9011035
1.5918751,0.9858347,0.90088546
2.521875,1.8540475,0.9018276
0.41562498,1.5392613,0.9019308
0.46,0.8123888,0.9009825
0.41625,0.90615153,0.90148866
0.42,0.688236,0.9019275
0.441875,0.61126804,0.900918
0.46125,0.8750634,0.9013649
0.41125,0.47529063,0.9022603
0.4375,0.41617557,0.90170634
0.42375,0.29789984,0.9012493
0.42812502,0.42803866,0.90184355
0.573125,0.32287824,0.9019673
0.920625,0.44620165,0.90201676
0.89250004,0.5996714,0.9018431
0.89125,0.70631385,0.90231395
0.91812503,0.45495692,0.9012866
0.90625,0.4311521,0.9022769
0.80999994,0.4536045,0.90153646
0.8781251,0.34558737,0.9015176
0.865,0.47898737,0.9013643
0.8275,0.54950345,0.9010446
0.880625,0.48616835,0.90217805
0.89250004,0.9475335,0.9015269
0.82124996,0.46659565,0.90233505
0.9325,1.3193008,0.90106845
0.45625,0.8233856,0.9010637
0.3875,0.41582036,0.90106523
0.450625,0.43180418,0.9014847
0.43875,0.28057885,0.9019741
0.42875,0.16295394,0.9016669
0.434375,0.4240138,0.90123546
0.45687503,0.8804829,0.90169656
0.413125,0.81544185,0.9012337
0.42125,0.44524503,0.9018661
0.44750002,0.84249187,0.90186787
0.5475,0.7123318,0.9011959
1.0,0.8359072,0.9014964
0.92375004,0.974676,0.9018513
0.9125,1.1245716,0.9010768
0.86749995,0.89864826,0.9007567
0.954375,0.9451715,0.9022558
0.953125,1.0050327,0.90210164
0.884375,0.9260833,0.90092576
0.86812496,1.0664728,0.9012307
1.00625,0.98775244,0.90138686
0.936875,1.0789946,0.9016812
1.0525,1.3709474,0.90108776
0.941875,1.0550011,0.90120876
0.95000005,1.742225,0.90117013
0.58687496,1.3589971,0.90194
0.51937497,0.8745822,0.90079975
0.464375,0.9423628,0.90220785
0.440625,0.7169212,0.90116
0.43687502,0.5851299,0.9027078
0.41062498,0.85615313,0.9013753
0.42125,0.8210331,0.90138125
0.44875,0.77784276,0.90112114
0.416875,0.5041996,0.9014056
0.46,0.83892405,0.90130985
0.52750003,0.7110343,0.900257
0.910625,0.83396256,0.90077925
0.9325,0.9798621,0.9017718
0.89437497,1.1372277,0.90081716
0.910625,0.8662776,0.9024216
0.91499996,0.89014006,0.90110517
0.93375003,1.0210319,0.9013741
0.828125,0.8926691,0.9009098
0.889375,1.0290833,0.9018874
0.826875,0.9546454,0.90157115
0.91312504,1.0456954,0.9006828
0.959375,1.3440675,0.9012927
1.05125,1.0269711,0.9015094
1.035,1.7029469,0.90072024
0.46625,1.334954,0.90147734
0.78437495,0.90066147,0.9012015
0.50687504,0.98262787,0.9007392
0.41562498,0.7640811,0.90145075
0.43625,0.6192626,0.90157425
0.45374998,0.9282657,0.9014715
0.41,0.5427933,0.9013854
0.46375,0.5100536,0.9015527
0.41750002,0.3252964,0.90198183
0.41750002,0.54923296,0.90043163
0.43687502,0.4221994,0.9011731
0.35,0.5414107,0.902609
0.369375,0.6946168,0.90102065
0.315,0.7934649,0.9002031
0.325,0.57620573,0.90156806
0.34625,0.55354166,0.9021094
0.329375,0.64079404,0.90225756
0.33937502,0.55047023,0.9013747
0.31,0.66755474,0.9014417
0.315625,0.66939783,0.9015335
0.84687495,0.67710686,0.9017602
0.854375,1.0784901,0.90202665
0.87687504,0.6617025,0.90197885
0.93000007,1.4947339,0.90184057
0.414375,1.0473047,0.90153253
0.44625002,0.598765,0.9016398
0.43687502,0.6390181,0.9018614
0.40875,0.47187802,0.90130186
0.46125,0.3574648,0.9015477
0.41062498,0.6300544,0.9021698
0.45374998,0.6564745,0.9012909
0.41625,0.62187517,0.9018971
0.443125,0.36801958,0.9015194
0.429375,0.63445187,0.9024334
0.411875,0.50818837,0.9007168
0.39,0.6274048,0.9019145
0.32625002,0.78340137,0.9004996
0.86125004,0.9062573,0.9014145
0.83375,0.64707184,0.9016216
0.87749994,0.7436086,0.90150344
0.325,0.80121887,0.90111816
0.328125,0.6873152,0.9019908
0.333125,0.8422135,0.90231574
0.32750002,0.8334683,0.9012792
0.365,0.8644812,0.90200496
0.340625,1.2512513,0.90105057
0.34875,0.84953904,0.90171707
0.4325,1.591525,0.90201235
0.54312503,1.1371204,0.9015937
0.40375,0.7038095,0.90228426
0.455625,0.7460644,0.9020512
0.385625,0.52441263,0.9008262
0.46187502,0.38657945,0.90081453
0.445625,0.6613204,0.90093195
0.42375,0.8925849,0.9019439
0.448125,0.8576937,0.90201414
0.41625,0.5478825,0.90198123
0.42312503,0.8776988,0.90254974
0.548125,0.7489619,0.9018569
0.974375,0.88486433,0.90059984
1.1962501,1.0196329,0.90136707
1.219375,1.2021374,0.90104234
1.149375,0.9093162,0.90201116
1.21375,0.92725074,0.9009807
1.0381249,1.0205184,0.9011779
1.3681251,0.99011827,0.90132916
1.6324999,1.1186768,0.9017068
1.074375,1.071193,0.90134895
1.0649999,1.0681034,0.90161645
1.13375,1.4459107,0.901034
1.143125,1.102797,0.9009447
2.598125,1.7585442,0.90144145
1.92875,1.3940694,0.90177774
0.963125,0.96514094,0.90087926
0.4775,1.0109303,0.9013078
0.47875,0.7911023,0.90174246
0.43125,0.6534909,0.90133643
0.469375,0.89946675,0.90169394
0.418125,0.86446595,0.90148056
0.463125,0.8380201,0.90119386
0.42312503,0.5268545,0.90136135
0.4775,0.87347424,0.90196335
0.535625,0.72450113,0.9015455
0.99375,0.8609847,0.900875
1.17375,0.9964901,0.9010856
1.0806249,1.1401725,0.9009845
1.1218749,0.8849907,0.90180385
1.16,0.97287273,0.9012337
1.2431251,1.0052047,0.9015479
1.1081251,0.9353225,0.9016446
1.0356251,1.0456702,0.901088
0.93125,1.039666,0.9017081
0.94500005,1.0848472,0.90178704
1.063125,1.4422224,0.90166426
1.165,1.0718739,0.9008229
2.3562498,1.7298663,0.9016043
2.9824998,1.3291898,0.90149164
0.75625,0.9381734,0.9010854
0.53499997,0.9908105,0.9015856
0.55375004,0.79720914,0.900965
0.500625,0.6550617,0.90067136
0.56,0.95072484,0.90098214
0.5075,0.86820924,0.9005803
0.520625,0.8307589,0.90206194
0.535625,0.49478927,0.9008719
0.5375,0.8463404,0.9012351
0.62625,0.7244723,0.9019003
1.0381249,0.8514348,0.9019958
1.2162501,1.005199,0.90147793
1.15375,1.1243594,0.9028653
1.255625,0.9085585,0.9008955
1.155625,0.9868914,0.90123487
1.085,1.052407,0.90086794
1.028125,0.9207331,0.9014715
1.1237501,1.0743446,0.9007629
0.96625006,1.016346,0.9020171
0.9718751,1.0743775,0.9016472
0.99249995,1.4302853,0.90109265
1.155625,1.0608243,0.9022529
2.85375,1.6917341,0.9005841
0.8025,1.2962008,0.90120935
0.75625,0.92869747,0.90135646
0.5625,0.9414036,0.9009632
0.51250005,0.74101985,0.9014094
0.558125,0.6320318,0.9012841
0.480625,0.924526,0.9006995
0.56625,0.88181245,0.9010298
0.513125,0.8516698,0.900836
0.55062497,0.5211047,0.9018979
0.516875,0.84883964,0.9009602
0.62312496,0.71903217,0.90127015
1.079375,0.83749926,0.9011885
1.20375,1.0004073,0.90167904
1.1675,1.1478602,0.90054524
1.2125,0.8591522,0.9023825
1.15625,1.0164632,0.9017718
1.1075,1.0255046,0.9016936
1.14625,0.94864607,0.9023179
0.94062495,1.0768915,0.9012811
0.94124997,1.0192236,0.90139914
0.88125,1.0362488,0.9020512
1.085,1.3569942,0.9018296
0.98812497,0.9652182,0.9009311
1.001875,1.643248,0.90176654
0.91437507,1.3113116,0.90119123
0.413125,0.90414155,0.90121615
0.455,0.97326577,0.9015026
0.468125,0.7424849,0.9017863
0.416875,0.6235025,0.9010868
0.431875,0.92054665,0.9015266
0.45,0.9517615,0.90194356
0.43,0.87110364,0.9022677
0.476875,0.5313009,0.90068674
0.429375,0.87346447,0.90173066
0.56375,0.7911446,0.9012914
0.89125,0.84162796,0.90220654
1.144375,1.003658,0.9017297
1.463125,1.1611891,0.90109336
1.370625,0.87198293,0.9011352
1.16625,0.8460568,0.9025153
1.205,1.0067337,0.90133476
1.20625,0.8974979,0.90173364
1.005,1.0151752,0.9019059
0.92125,0.9895108,0.9023086
1.0975001,1.0287979,0.9012289
2.12,1.4008644,0.9006597
2.438125,1.058934,0.90143025
3.000625,1.7296308,0.9006971
1.5293751,1.2603123,0.9015814
0.45875,0.88103426,0.9015242
0.74750006,0.8645184,0.90210104
0.46687502,0.76127815,0.90064144
0.393125,0.6740193,0.9023715
0.455625,0.9932972,0.9012158
0.451875,0.6341287,0.9025974
0.389375,0.63396907,0.90126383
0.45374998,0.35218388,0.90040123
0.44,0.57675433,0.9025233
0.43687502,0.49217406,0.90154684
0.41125,0.62390697,0.9009174
0.34562498,0.77085865,0.9018054
0.304375,0.8737087,0.90147316
0.35375,0.62960184,0.9021903
0.31625,0.67401266,0.90105796
0.346875,0.6742002,0.9015287
0.350625,0.5652424,0.90176594
0.294375,0.6952944,0.90115035
0.34562498,0.6006066,0.90173006
0.906875,0.7281908,0.90135634
0.92375004,1.0382417,0.9025191
0.9356251,0.72824025,0.9013555
1.091875,1.6669978,0.9003806
0.77374995,1.2571572,0.90151
0.53125,0.5224463,0.900687
0.485,0.63767725,0.90120757
0.47,0.42191714,0.90167785
0.446875,0.35532886,0.9016559
0.44375,0.66270626,0.901091
0.44250003,0.7569319,0.90243053
0.44125,0.7036675,0.9016075
0.4025,0.44439095,0.90038633
0.453125,0.71869624,0.9012239
0.451875,0.46824157,0.9010447
0.413125,0.7047596,0.9012742
0.425,0.8472879,0.9015025
0.85125005,0.9234463,0.901034
0.855,0.64407176,0.90159476
0.85062504,0.63552046,0.90114725
0.36,0.6253881,0.90136075
0.33437502,0.49751973,0.90178907
0.321875,0.5907105,0.9011189
0.345,0.5806096,0.90119946
0.344375,0.63360256,0.9004818
0.44125,1.0464936,0.90149164
0.55,0.5949253,0.9020138
0.44125,1.7451615,0.9014456
0.43374997,1.3452721,0.9010227
0.41562498,0.46311468,0.900445
0.426875,0.546844,0.9004154
0.46562502,0.40530342,0.900792
0.39437503,0.2469585,0.9005103
0.43937498,0.6151116,0.90242636
0.46562502,0.82825756,0.90123475
0.40875,0.7869433,0.90091693
0.438125,0.4898088,0.9008572
0.45687503,0.7973974,0.90152717
0.554375,0.64682174,0.90054893
0.94500005,0.76904106,0.90165746
0.95875,0.93969,0.9013243
0.93062496,1.1078441,0.9015062
0.96062505,0.79862547,0.9019226
0.9175,0.79468405,0.9021106
0.92437506,0.8485521,0.9019767
0.85687506,0.8522898,0.9020612
0.9425,1.0005119,0.9014391
0.96875,0.9341439,0.90062356
1.0400001,0.997125,0.9018321
1.054375,1.2980217,0.9028816
1.520625,1.016279,0.90167725
2.8474998,1.8335745,0.90156424
2.648125,1.5115287,0.9012778
0.8175,0.830739,0.90145636
0.43625,0.8556664,0.9014267
0.4275,0.63502896,0.90161085
0.44750002,0.4938239,0.902004
0.45374998,0.818846,0.9017823
0.435,0.7912302,0.90140617
0.44750002,0.7595408,0.9008658
0.42312503,0.4632224,0.90181065
0.4675,0.78330827,0.90188754
0.555,0.6473254,0.9015248
0.895625,0.768116,0.9014809
1.28375,0.9063127,0.9017817
1.235,1.0705485,0.90104353
0.985,0.7772075,0.9018644
1.08875,0.79188657,0.9014685
1.279375,0.8712143,0.9020456
0.94562495,0.82007337,0.90078783
0.88,0.96826553,0.9029875
0.91875005,0.90542805,0.9008795
0.905,1.0278273,0.90227664
1.15875,1.3288928,0.90169203
1.06875,0.97866714,0.9013152
3.871875,1.7241769,0.90170896
4.9075003,1.336185,0.90084803
1.46375,0.82805693,0.90103185
0.491875,0.8894967,0.9009284
0.46625,0.6650058,0.9013996
0.445,0.5555514,0.9014361
0.435,0.82916546,0.9011917
0.425,0.821174,0.90179884
0.46375,0.8005897,0.89982045
0.44625002,0.49420244,0.9015347
0.41375,0.8004476,0.9014759
0.563125,0.6511344,0.90138984
0.975,0.7719778,0.901677
0.99125004,0.92282474,0.90222
0.9175,1.0878729,0.9015162
1.10125,0.84219646,0.9010043
1.13375,0.85352254,0.9019675
1.088125,0.91592443,0.9013976
1.2343751,0.83288527,0.9026935
1.2031251,0.9877982,0.9023714
1.24,0.9078195,0.9016956
1.098125,1.0145316,0.90120935
1.146875,1.3117317,0.9014878
1.06125,1.0054799,0.90130746
2.5356247,1.737066,0.9020295
1.861875,1.3766943,0.9016603
0.97062504,0.81644154,0.9023421
0.440625,0.8947915,0.9019723
0.46625,0.68285143,0.901278
0.415,0.53542626,0.9019258
0.43,0.84047616,0.90193605
0.451875,0.8512175,0.9011923
0.43374997,0.81869173,0.90132785
0.453125,0.5056463,0.90116715
0.44125,0.8033619,0.901454
0.55375004,0.64219904,0.90151775
0.96625006,0.76595294,0.9012698
0.93499994,0.9404143,0.90214336
1.05,1.1253395,0.9022807
1.00625,0.7970146,0.90061104
1.098125,0.7842964,0.90259326
0.88374996,0.83698106,0.90157783
1.114375,0.8425323,0.90174484
1.078125,1.0173295,0.90088046
0.896875,0.92768383,0.9014536
0.959375,1.0123147,0.9011662
1.054375,1.3278913,0.9008229
1.455,1.0009643,0.90179586
3.4375,1.7282133,0.90217066
3.128125,1.3601065,0.901695
3.0618749,0.8093065,0.90170276
1.6324999,0.91323173,0.9012908
0.44750002,0.690312,0.901279
0.4675,0.5994983,0.9019847
0.41250002,0.95229125,0.90067136
0.440625,0.98931,0.90149784
0.43125,0.9044944,0.9009371
0.45374998,0.5535654,0.902316
0.434375,0.9192352,0.90171134
0.53625,0.82733524,0.90094125
1.0525,0.93987405,0.90166926
1.089375,1.0698705,0.9014044
1.075,1.2136049,0.90178275
1.16125,0.9302825,0.90225697
1.07875,0.9835448,0.90133977
0.9200001,1.0333785,0.90153253
0.875,0.92131245,0.900918
0.88374996,1.0584538,0.9011847
0.948125,0.94571793,0.8995755
0.96187496,1.0247747,0.9010403
1.063125,1.3367627,0.90149045
1.41875,1.0391884,0.9012991
3.01875,1.8065652,0.9017104
3.396875,1.4767576,0.90213954
1.42875,0.8439257,0.9016565
0.69124997,0.9661782,0.9011793
0.693125,0.7623975,0.90146434
0.598125,0.6370622,0.90104556
0.49875,0.9566289,0.9015242
0.53,0.5619216,0.9016174
0.53499997,0.6278455,0.9008566
0.515625,0.34859836,0.9020921
0.53,0.6319531,0.90079224
0.53625,0.51452315,0.9017018
0.4975,0.5993347,0.9011426
0.453125,0.778092,0.90172255
0.95875,0.9051887,0.9016453
1.93375,0.6455338,0.90067196
2.6431248,0.682274,0.9012277
2.8018749,0.71674657,0.9012455
2.8118749,0.5722046,0.9010494
2.6968749,0.7534269,0.9017745
3.3474998,0.5998049,0.9022832
4.3293753,0.6959857,0.90063167
5.30875,1.071295,0.9020871
6.5125003,0.67218876,0.9022181
5.82625,1.7145293,0.9013072
1.10125,1.3094814,0.901757
0.48624998,0.5185815,0.901489
0.47625002,0.5553366,0.9006803
0.446875,0.3540461,0.90175176
0.470625,0.25531816,0.90238714
0.473125,0.56989115,0.9003072
0.43937498,0.6974462,0.9019085
0.52312505,0.6760145,0.90190923
0.45749998,0.47302374,0.90203667
0.46687502,0.7055123,0.9016609
0.485625,0.57330155,0.9022882
0.455625,0.70104575,0.901381
1.3406249,0.8620744,0.9022615
2.9887497,1.0075978,0.90041304
3.06,0.7106186,0.90217197
3.01625,0.7777784,0.9022875
2.36,0.79270685,0.90192187
0.65375006,0.66003287,0.9012164
0.556875,0.79531157,0.9014187
0.59375,0.7060667,0.90064466
0.64812505,0.7834116,0.9000871
0.92437506,1.1585884,0.9025655
0.686875,0.80277157,0.9015722
0.49124998,1.7245488,0.90114725
0.44750002,1.3741827,0.9012501
0.504375,0.6134078,0.9012301
0.463125,0.69263315,0.90094984
0.48875,0.4739681,0.90153646
0.46187502,0.3989752,0.9012629
0.49812502,0.71949613,0.90097094
0.49875,1.0035851,0.90185964
0.4675,0.88371956,0.9015598
0.459375,0.57024443,0.90161073
0.480625,0.9129242,0.90181756
0.58562505,0.7879803,0.9008404
1.053125,0.9495493,0.9015864
0.99750006,1.0039173,0.9019296
0.943125,1.2146165,0.90201974
0.951875,0.8551127,0.90143263
1.060625,0.9315233,0.9020159
1.094375,0.94501984,0.9016583
0.969375,0.82421684,0.9008362
0.85875,0.97274244,0.901459
1.233125,0.9052527,0.90138364
4.8025002,0.9456856,0.9015844
4.9212503,1.2121993,0.9017414
4.913125,0.9753182,0.901512
5.0312505,1.836478,0.90055716
4.9531255,1.4289275,0.9019251
4.5275,0.7879418,0.90182495
1.3687501,0.8477354,0.901435
0.468125,0.6746474,0.9013649
0.43875,0.5538151,0.9017396
0.48624998,0.83068025,0.9013045
0.48624998,0.8116374,0.90157974
0.43374997,0.79419255,0.90250516
0.4675,0.52516,0.90158355
0.478125,0.8499025,0.90038395
0.56625,0.7162411,0.9019482
1.83,0.8142154,0.90177476
3.656875,0.967381,0.9018276
2.7743747,1.1500049,0.90127015
2.556875,0.83040845,0.90111494
2.54,0.9191078,0.9015796
2.3374999,0.8805605,0.90072703
2.2637498,0.72779787,0.90207636
2.1868749,0.829105,0.9008846
2.278125,0.782907,0.90101147
2.3725,0.9899204,0.9014112
4.31125,1.2301742,0.9007274
4.840625,0.85652494,0.9032817
5.0575,1.7574257,0.9011066
5.023125,1.5063024,0.901798
4.9775,0.7554903,0.90165555
3.390625,0.8607123,0.9011189
1.16625,0.63124216,0.9017401
0.53812504,0.5254228,0.9035231
0.49124998,0.84877765,0.90130305
0.49937502,0.840392,0.90151954
0.51,0.81263506,0.90169036
0.47187498,0.51532114,0.901392
0.52375,0.84376943,0.90189195
0.629375,0.69608414,0.90277183
1.3325,0.8273698,0.901548
3.023125,0.9810016,0.90137804
3.1087499,1.1532423,0.9012866
2.784375,0.8608339,0.90106905
2.63125,0.7881776,0.9006177
2.6037498,0.83626735,0.90089726
2.491875,0.81306124,0.90136945
2.2443748,1.0469002,0.9016752
2.40125,0.979326,0.9019432
2.96875,1.0539205,0.9010898
4.694375,1.342562,0.9024168
4.8518753,1.0126835,0.9015062
5.005,1.7940521,0.90126526
4.603125,1.4467936,0.90135634
4.2200003,0.80195284,0.9016402
2.585625,0.8896409,0.9006319
0.454375,0.67350876,0.90111315
0.464375,0.5669544,0.900669
0.451875,0.8348888,0.90199137
0.455,0.8299922,0.9017055
0.450625,0.8159909,0.9014038
0.4725,0.50618076,0.90171075
0.451875,0.83484554,0.9008757
0.57500005,0.7049916,0.902262
1.7331251,0.829476,0.901798
3.390625,0.94950783,0.90071106
2.52625,1.1246427,0.90052426
2.5249999,0.8205427,0.9010912
2.543125,0.9252107,0.9017657
2.6174998,0.9775208,0.9016665
2.293125,0.8592999,0.9017998
2.148125,0.98575056,0.90197587
2.28375,0.8985387,0.9012778
2.3725,0.997913,0.9022249
2.5037498,1.3032761,0.9018321
3.5024998,0.9906751,0.90182114
4.835625,1.7995579,0.9016259
4.381875,1.3859339,0.90073025
4.2868752,0.740587,0.9015281
1.9156251,0.88643575,0.90151644
0.449375,0.66672623,0.9022924
0.485,0.5745187,0.9009608
0.444375,0.88553,0.90132284
0.46125,0.92450523,0.90177
0.441875,0.91036165,0.90202296
0.48624998,0.5508858,0.9014958
0.47187498,0.88516665,0.90117276
0.546875,0.756346,0.9014338
1.281875,0.8468833,0.9009588
2.425,0.9817934,0.90206754
2.4518747,1.1663471,0.90243435
2.55375,0.8588778,0.9018831
2.3775,0.9567033,0.9012885
2.410625,0.99319255,0.9012624
2.2918751,0.7775991,0.90151775
2.113125,0.89860773,0.9014641
3.484375,0.8532014,0.9020115
4.67875,0.95679533,0.9014101
4.7868752,1.3164158,0.9009501
7.350625,0.9796705,0.9016892
7.3806257,1.7636912,0.9022784
6.083125,1.388488,0.902195
3.73125,0.7707026,0.9025258
0.666875,0.87371266,0.90151095
0.505,0.66352606,0.90118563
0.514375,0.5582087,0.90071046
0.510625,0.8936242,0.9006016
0.47,0.5369311,0.90253067
0.50187504,0.50953853,0.9010346
0.50875,0.34661895,0.9021449
0.489375,0.57989746,0.9019984
0.50125,0.44020134,0.9010234
0.48875,0.5474262,0.9020239
1.6331251,0.7045183,0.90132666
4.001875,0.80801487,0.9017161
2.5593748,0.5951231,0.9011506
0.588125,0.61060727,0.90127003
0.38125002,0.66870725,0.9017395
0.383125,0.53786194,0.9014907
0.33437502,0.66060764,0.9013916
0.3625,0.5907833,0.90139055
0.85749996,0.6464306,0.9013015
0.88625,1.0067888,0.9018816
0.921875,0.6408931,0.90169
0.99812496,1.5634438,0.90065944
0.45749998,1.1529216,0.90099037
0.42624998,0.48610926,0.9023098
0.46187502,0.5286808,0.90140355
0.46687502,0.3643964,0.9011073
0.424375,0.25042918,0.90182936
0.434375,0.56774855,0.90171635
0.44375,0.64635557,0.901695
0.435,0.6178048,0.90177834
0.46,0.40297273,0.9012532
0.43875,0.5904919,0.9017955
0.438125,0.4674164,0.9012531
0.396875,0.5954586,0.90110815
0.37125,0.7436261,0.9018246
0.85375,0.859535,0.9004432
0.86875,0.59206796,0.9009626
0.9075,0.60235214,0.9013641
0.390625,0.7451693,0.90113807
0.3825,0.6108801,0.9009453
0.36812502,0.7507366,0.9013237
0.355625,0.68348813,0.9008416
0.33125,0.7835492,0.9013727
0.32875,1.129108,0.90113163
0.340625,0.783195,0.901389
0.39249998,1.6280258,0.9029634
0.45875,1.2376639,0.90124464
0.435,0.629523,0.9024359
0.465,0.6927546,0.9015541
0.443125,0.48936516,0.90108764
0.446875,0.40372264,0.9013717
0.443125,0.7000381,0.90165055
0.43937498,0.88336444,0.9011376
0.45374998,0.9059379,0.9015764
0.409375,0.5190379,0.9012495
0.46562502,0.85260713,0.9004611
0.56625,0.7248658,0.9027276
2.365625,0.83338034,0.90073717
4.0612497,0.9825165,0.90078187
3.9050002,1.1846989,0.901453
2.584375,0.8468137,0.902109
2.56875,0.8242426,0.90058446
2.42625,0.9841095,0.9012704
2.470625,0.9162259,0.90133154
2.485,1.0479637,0.9007354
2.231875,0.9943068,0.90188277
2.199375,1.0636077,0.9019942
2.285,1.366793,0.9015833
3.253125,1.0456392,0.90126836
4.83125,1.8090478,0.9007764
4.673125,1.3931861,0.90116835
4.34,0.8243952,0.90130293
1.5075,0.8776976,0.9007745
0.643125,0.7019433,0.901829
0.508125,0.6148293,0.9005909
0.42,0.8700808,0.90109205
0.445625,0.83604443,0.90203106
0.469375,0.8129425,0.9015254
0.43312502,0.51326287,0.9023634
0.42312503,0.85329187,0.9026221
0.558125,0.7260381,0.90211403
0.974375,0.8509456,0.90281665
2.293125,0.9899211,0.90054226
2.465,1.1737683,0.9012439
2.55875,0.86178493,0.9018084
2.688125,0.8470739,0.9023287
2.516875,0.8455409,0.9012635
2.5356247,0.79013634,0.9011084
2.44875,0.9176794,0.9003124
2.2075,0.86030626,0.9011698
2.2775,0.9696826,0.9014672
2.31,1.2891859,0.9018792
3.69625,0.9727715,0.90108645
4.80875,1.7234914,0.9011123
4.4456253,1.2860153,0.9015435
4.196875,0.7746327,0.9018427
1.0875,0.85100806,0.90171397
0.46375,0.6677481,0.9006001
0.4675,0.5735047,0.9014021
0.43875,0.8690703,0.90087676
0.411875,0.83948874,0.9009806
0.455625,0.80737805,0.9012507
0.46125,0.49510136,0.9013394
0.42312503,0.81166697,0.9012221
0.554375,0.6640191,0.90173984
0.98875,0.783435,0.90186167
2.065625,0.93708897,0.9011378
2.4412498,1.0955808,0.9007126
2.4675,0.78935874,0.9014418
2.429375,0.740944,0.9011909
2.3137498,0.8281702,0.9017931
2.368125,0.8524122,0.90069306
2.4724998,1.0225475,0.9020084
2.2981248,0.93764806,0.9016073
2.22625,1.0237677,0.90116477
2.178125,1.3518467,0.9009981
2.72625,1.0302072,0.90171874
4.4325004,1.7379522,0.9021114
4.336875,1.3779753,0.9013237
3.4037497,0.84506977,0.9020909
1.1825,0.86477304,0.9005271
0.75,0.70758784,0.9010848
0.52250004,0.6002289,0.90137243
0.536875,0.88418937,0.9012568
0.52312505,0.8647429,0.9014368
0.48375002,0.8042475,0.90193605
0.521875,0.48237064,0.9014187
0.53375,0.81191325,0.90149164
0.61875,0.6743237,0.90138876
1.119375,0.785316,0.9021877
2.42625,0.9399247,0.90103996
2.35375,1.1265745,0.9024483
2.43875,0.84392536,0.90208435
2.40125,0.8002194,0.9012866
2.32875,0.8288642,0.90195477
2.2656248,0.78260434,0.90075696
2.263125,0.9687805,0.9016547
2.330625,0.9161105,0.9008297
2.385625,1.0273563,0.9014398
2.41625,1.3564787,0.9013308
3.4675,1.0268645,0.90059423
4.8987503,1.7650304,0.90075386
4.4325004,1.4341463,0.90113723
4.3093753,0.8117002,0.9017991
1.7062501,0.9261744,0.9017781
0.554375,0.6662481,0.90154505
0.508125,0.5666406,0.901373
0.53499997,0.812588,0.9015479
0.484375,0.9051608,0.90189767
0.525625,0.81653225,0.9016588
0.536875,0.52152,0.90139854
0.5075,0.8907337,0.90060496
0.7468749,0.7444823,0.9012579
1.389375,0.8426087,0.90187824
2.638125,0.9743328,0.9002582
2.57875,1.150396,0.901677
2.5024998,0.8514799,0.9017633
2.495,0.86316645,0.8998668
2.83875,0.9749249,0.9023471
2.6075,0.9035381,0.901623
2.40875,1.0573779,0.9017689
1.3950001,0.9609395,0.90110636
1.0356251,1.0522658,0.9020121
1.11,1.3422511,0.90086377
3.535625,1.0445912,0.90186226
5.5662503,1.7475492,0.90202785
7.521875,1.324508,0.9005115
6.19125,0.79680705,0.9022107
1.87125,0.95157886,0.9018296
1.1325,0.7619784,0.90119827
0.555,0.62205136,0.9013902
0.53999996,0.9487399,0.9007515
0.4625,0.55984485,0.90174246
0.5025,0.6257377,0.90079916
0.469375,0.38855594,0.90112567
0.48000002,0.60687286,0.9017285
0.444375,0.4307176,0.9010689
0.48624998,0.61236745,0.90146494
0.385,0.7724725,0.90212655
0.74249995,0.87834215,0.9007294
0.41750002,0.57527184,0.9008745
0.3775,0.6804067,0.9019027
0.446875,0.6919447,0.9007075
0.44250003,0.5248873,0.90189993
0.420625,0.664042,0.90064764
0.41,0.578123,0.90124893
0.9275,0.67560184,0.90082085
0.92375004,1.0351323,0.90131605
0.97062504,0.6525241,0.9017532
0.990625,1.5911183,0.90088713
0.46,1.1178458,0.90205777
0.49937502,0.46486917,0.9019513
0.504375,0.6040133,0.90248513
0.434375,0.3958001,0.902254
0.475,0.3064987,0.9019302
0.491875,0.58780324,0.90134513
0.480625,0.66982126,0.90058553
0.49375,0.65377176,0.9015305
0.4725,0.39389363,0.9021505
0.44125,0.67452407,0.9022279
0.49937502,0.5223633,0.90167046
0.47375,0.6492956,0.9023161
0.381875,0.7867564,0.90221024
0.90437496,0.9204178,0.90204906
0.885,0.6506037,0.9011016
0.91875005,0.72200966,0.90108347
0.39875,0.75085676,0.9005091
0.346875,0.60594404,0.9008993
0.37687498,0.7527896,0.900833
0.39875,0.69112384,0.8999839
0.36312503,0.78224146,0.9015598
0.385,1.1098709,0.90042543
0.39125,0.7719294,0.9012259
0.455,1.6084095,0.9016236
0.46562502,1.2174628,0.9014833
0.50374997,0.599851,0.9019308
0.47125003,0.68832886,0.9018327
0.450625,0.48104843,0.9007964
0.48375002,0.3821898,0.9004328
0.4975,0.6424185,0.90236676
0.47187498,0.86696136,0.90106106
0.465,0.8530208,0.9016601
0.475625,0.5249794,0.9005922
0.49062502,0.8516656,0.9029672
0.58624995,0.69433534,0.9007206
1.33,0.854136,0.9015918
1.1018751,1.0069494,0.90120935
1.09,1.1864258,0.9022416
1.1525,0.8537574,0.9022825
1.2068751,0.85145164,0.90095186
0.990625,0.9138254,0.90132046
0.99125004,0.88399804,0.90232515
0.985625,1.0193077,0.9005376
1.149375,0.9674984,0.90256476
1.756875,1.0575982,0.90120125
3.4018748,1.3766247,0.9009782
3.6131248,1.0068086,0.9015162
3.9575,1.7880679,0.9015268
3.941875,1.4692864,0.9007864
3.6756248,0.84105563,0.90169764
3.13125,0.9392139,0.90202606
0.469375,0.71087074,0.90172803
0.52437496,0.62027836,0.9017793
0.51750004,0.90447617,0.90186
0.47625002,0.87659335,0.902974
0.4925,0.8557142,0.90100884
0.49937502,0.52300584,0.9014628
0.485625,0.8647628,0.9017639
0.63625,0.7328228,0.9022498
1.0375,0.86200774,0.9013926
0.99249995,1.0030797,0.90184
1.229375,1.1784638,0.90108705
1.39375,0.86563146,0.90208924
1.031875,0.8897562,0.9012182
1.060625,0.9459783,0.90235555
1.2112501,0.8410958,0.90162385
1.125625,0.9845551,0.9014468
1.144375,0.9143803,0.9003142
1.123125,1.0117431,0.9012573
1.619375,1.3270996,0.90159833
3.574375,1.006353,0.901819
4.04875,1.7463145,0.9006766
3.7706246,1.4153197,0.90189874
3.6718748,0.747491,0.9011847
1.2162501,0.82638216,0.901044
0.49937502,0.6575991,0.9017428
0.48375002,0.5708335,0.9007045
0.505,0.8720255,0.90105534
0.496875,0.86641824,0.90097475
0.45374998,0.8285781,0.9007772
0.505,0.507655,0.90110016
0.496875,0.82887006,0.90161884
0.6,0.66800064,0.902009
1.619375,0.779438,0.9016621
1.1393751,0.9426774,0.90144765
1.14625,1.1106862,0.90248954
1.2875,0.7876177,0.9017725
1.36375,0.86229026,0.90103734
1.245,0.8039855,0.90202296
1.2118751,0.8430941,0.90067816
1.010625,1.018282,0.90159833
1.073125,0.94296503,0.9015335
1.053125,1.011302,0.9021007
2.9199998,1.3692964,0.9010664
4.4462504,1.0345657,0.90249336
6.895625,1.7472816,0.9014183
5.7056255,1.428255,0.9012644
5.23625,0.81552863,0.9017873
4.2031255,0.93549097,0.90107286
0.52312505,0.6642523,0.9019685
0.489375,0.5832555,0.9015981
0.51625,0.8779348,0.9010774
0.510625,0.8638761,0.90091383
0.486875,0.79113567,0.9020302
0.50187504,0.50087726,0.9014598
0.510625,0.8394766,0.9014869
0.640625,0.71592474,0.9012176
1.163125,0.8324059,0.9018009
2.0218751,0.98845196,0.90129507
1.50875,1.1672921,0.90142035
1.17125,0.8499079,0.90241754
1.188125,0.8352752,0.90163636
1.113125,0.82927024,0.90108705
1.109375,0.8840126,0.90093195
1.11875,1.0200334,0.90095043
1.015,0.93670607,0.9005277
2.8362498,1.0483751,0.9006822
3.56875,1.3588027,0.9006443
3.5412498,1.0277858,0.90136194
3.5837498,1.7574508,0.901922
3.2199998,1.3864632,0.901822
3.068125,0.7935871,0.90219676
1.383125,0.908213,0.9016224
0.518125,0.66636026,0.9005382
0.518125,0.5873853,0.9013529
0.48624998,0.8558953,0.90252924
0.515625,0.859709,0.9012028
0.520625,0.8433573,0.9006642
0.483125,0.5121229,0.9014404
0.514375,0.855531,0.90205383
0.62625,0.7192296,0.9022571
1.763125,0.8862412,0.9022151
2.0649998,0.97286046,0.9016683
1.1850001,1.2183112,0.90153015
1.1075,0.90763617,0.90143764
1.19125,0.8664421,0.9009844
1.0425,0.8660941,0.9024067
1.0999999,0.87869644,0.90127397
0.97,1.017657,0.9016607
1.125,0.9206289,0.901394
2.9556248,1.0251294,0.9012363
3.7474997,1.3303677,0.9012461
3.90375,1.0069177,0.902187
3.918125,1.6735216,0.9020157
3.4812498,1.327597,0.9022577
3.4037497,0.8162278,0.90141034
2.129375,0.89717317,0.9010589
0.445,0.7189832,0.9014987
0.4725,0.6111787,0.90091515
0.4775,0.90231717,0.9008151
0.44375,0.5646837,0.9004619
0.475,0.5439104,0.90197885
0.4725,0.36112505,0.90239394
0.441875,0.5617833,0.9011719
0.4825,0.44092932,0.9017608
0.448125,0.5748522,0.9010658
0.39125,0.75101733,0.9021132
0.431875,0.8605138,0.9001515
0.53499997,0.60425115,0.9019853
0.8025,0.63931286,0.90163004
0.73,0.62867844,0.9015521
0.414375,0.48096302,0.9019896
0.396875,0.6247935,0.90084386
0.40875,0.4992528,0.9012927
0.92125,0.6064716,0.90100384
1.1018751,0.9599025,0.9013282
6.210625,0.57075846,0.900558
9.860625,1.679819,0.90188456
8.514376,1.2827873,0.9028374
1.2875,0.35059255,0.90142524
0.453125,0.47543156,0.9014121
0.484375,0.2531998,0.9015286
0.49625,0.13336343,0.90129733
0.44875,0.506552,0.90161073
0.453125,0.52077943,0.9002917
0.48000002,0.53519773,0.9023261
0.474375,0.37252885,0.9015883
0.475625,0.56942296,0.90127635
0.448125,0.44362897,0.901297
0.47125003,0.56931674,0.90119267
0.4325,0.71976304,0.90099514
1.405625,0.87135684,0.9019847
1.309375,0.57463706,0.9014313
1.235,0.63203484,0.90103936
0.82124996,0.62810063,0.90097475
1.0493749,0.49039036,0.90202606
0.61,0.6345897,0.90137184
0.445,0.554193,0.90207934
0.390625,0.6616106,0.901865
0.355625,1.022367,0.90126956
0.44,0.62594086,0.90184665
0.46375,1.6356145,0.9011315
0.445625,1.2834817,0.9004681
0.488125,0.5332769,0.90194035
0.46625,0.6678338,0.9019202
0.540625,0.4825969,0.90108263
0.4725,0.41533455,0.901448
0.463125,0.73616076,0.9014343
0.49812502,1.0037022,0.90124214
0.44375,0.97750354,0.9006512
0.52375,0.61796486,0.90160525
0.4625,0.9325483,0.9014572
0.615625,0.9720632,0.901278
2.553125,1.1035651,0.90209365
3.7024996,1.2173191,0.90185905
3.7424998,1.5302235,0.90150976
3.8118749,1.0209945,0.90096366
3.60875,0.97474396,0.90100014
1.34625,0.98934555,0.90058744
1.4506251,0.8408935,0.90152836
1.166875,0.9208884,0.9003887
1.04125,0.8777089,0.90047824
1.078125,0.9450352,0.9015945
1.189375,1.228124,0.9006007
3.2,0.92100036,0.90184057
5.26375,1.8619562,0.90112245
1.9187499,1.5754794,0.9006618
0.56625,0.69968116,0.90189075
0.479375,0.8379084,0.9025314
0.470625,0.58208483,0.9015877
0.99750006,0.43347162,0.90226436
1.46,0.7544769,0.9011179
1.4418751,0.6918,0.9017588
1.4675,0.6375822,0.9011781
1.46375,0.40997893,0.9010768
1.459375,0.65803826,0.90067124
1.5656251,0.51088023,0.9012592
2.8424997,0.6156553,0.90158856
2.9812498,0.81935906,0.9014641
2.4681249,0.9820849,0.9017333
2.679375,0.63627815,0.9012902
2.868125,0.6927396,0.9008404
2.5199997,0.78226256,0.9011028
2.4799998,0.7075769,0.902673
2.43,0.8606851,0.90118504
2.3262498,0.78030586,0.9014356
2.3874998,0.84473336,0.9016526
2.630625,1.1589545,0.9030026
4.3175,0.85676134,0.9013699
6.1531253,1.8384367,0.90134096
4.1237497,1.522397,0.90103793
1.823125,0.592904,0.90071046
1.7181251,0.78084075,0.90199685
1.4662501,0.5633378,0.90208733
1.4562501,0.4107123,0.9014033
1.485,0.72717893,0.9013504
1.483125,0.7286974,0.9017626
1.480625,0.6585252,0.90129375
1.45375,0.40992528,0.9008585
1.4818751,0.6393641,0.9013071
1.5925001,0.5095905,0.90066755
3.594375,0.6409427,0.89971495
5.554375,0.83496106,0.9019699
4.15375,0.9398153,0.90153813
2.450625,0.5937284,0.9024068
2.536875,0.6480819,0.90182555
2.554375,0.69747055,0.90162563
2.41375,0.6450713,0.901502
2.3374999,0.77856743,0.9006897
2.3018749,0.6917975,0.9013827
2.3,0.7597407,0.9001781
2.965,1.0731387,0.9011103
4.490625,0.75698674,0.90170455
4.8306255,1.7240089,0.9011432
4.190625,1.4659625,0.9018377
2.00875,0.5073637,0.90247977
1.9456251,0.628731,0.9016348
1.72625,0.4166482,0.900962
1.5237501,0.3224038,0.9009595
1.475625,0.6831955,0.9020586
1.478125,0.67768395,0.9012935
1.466875,0.5882424,0.9014498
1.4425,0.36614382,0.90179944
1.464375,0.6030208,0.90227985
1.585,0.46426058,0.9017626
3.35375,0.6133871,0.9012158
4.991875,0.7995213,0.9012172
4.0550003,0.9965352,0.9018624
2.4556248,0.61830807,0.9015347
2.336875,0.7049284,0.900836
2.575625,0.6789713,0.9015583
2.6037498,0.58277357,0.9018905
2.3274999,0.73931646,0.90133214
2.195,0.6743081,0.90048873
2.3899999,0.7644906,0.90164995
3.5112498,1.0975958,0.90107226
4.915625,0.77961123,0.9022448
4.79375,1.6731714,0.9023442
4.36625,1.3876103,0.9009092
4.2425,0.5601324,0.90192163
2.1974998,0.6729089,0.9016844
0.50687504,0.4503168,0.9020901
0.474375,0.3572132,0.9011375
0.51250005,0.66725135,0.90133536
0.47375,0.7031851,0.90115476
0.50687504,0.66104805,0.9009385
0.47875,0.39609373,0.90121543
0.50125,0.6736904,0.90146315
0.62,0.5346285,0.90196335
2.9893749,0.65043515,0.9018941
4.1462502,0.8004297,0.9009377
4.0550003,1.0031493,0.9015198
4.13375,0.67116714,0.9018949
4.0212502,0.730837,0.90152454
1.4562501,0.75009394,0.90137386
1.06,0.68853223,0.90223765
1.0243751,0.81768787,0.9016496
1.0400001,0.6793248,0.9023086
2.425,0.79709756,0.9010649
2.6768749,1.1698548,0.90216565
4.3725004,0.86077857,0.9016342
3.9656248,1.645098,0.9013798
1.7775,1.3911048,0.90165734
1.7875,0.6159934,0.90221334
0.70062494,0.730639,0.9020554
0.859375,0.4503444,0.90141916
0.583125,0.36110473,0.90160525
0.47187498,0.65821606,0.9017221
0.45749998,0.29601827,0.90181065
0.48000002,0.28259754,0.9014201
0.49124998,0.19728096,0.9013833
0.45374998,0.35908082,0.90102863
0.48125,0.29964006,0.90155184
0.445625,0.45430478,0.9017606
0.408125,0.63700294,0.902359
0.68125,0.77562463,0.9005271
1.965,0.5018197,0.9008293
1.69375,0.51344156,0.90078723
1.696875,0.51400757,0.902297
1.62375,0.37089288,0.9009098
1.6487501,0.52255267,0.90169215
1.655625,0.41982108,0.9009522
2.1425,0.5106112,0.9013338
2.2724998,0.83449554,0.90179145
2.5362499,0.48420927,0.9003891
2.34,1.4565524,0.90271246
1.769375,1.0875018,0.9017979
1.699375,0.23810025,0.90138125
0.458125,0.36821634,0.9013407
0.4925,0.14880185,0.9007211
0.4875,0.07589013,0.9027326
0.459375,0.36249113,0.90145874
0.483125,0.4573738,0.90143204
0.4875,0.3712228,0.9016162
0.485625,0.26540792,0.9017657
0.459375,0.4059985,0.901448
0.483125,0.22922467,0.90141606
0.47375,0.3498817,0.9013964
0.405625,0.5126134,0.9012592
1.2531251,0.6351477,0.9006188
2.2481248,0.32223397,0.90097415
2.8362498,0.35771257,0.9008398
1.9212501,0.45996204,0.90152276
1.87125,0.3465653,0.9024575
1.9312501,0.46228352,0.9007448
1.9993751,0.39505517,0.90145636
2.039375,0.47504044,0.9005666
3.7450001,0.8402628,0.9010103
5.040625,0.5025004,0.90163195
4.979375,1.526754,0.9007832
3.7393746,1.2366681,0.90182257
1.71875,0.28271776,0.9015584
0.56937504,0.4446454,0.9010812
0.52937496,0.23849334,0.9012116
0.57125,0.10756434,0.901669
0.52312505,0.42053413,0.9020361
0.51625,0.6773906,0.90191233
0.89125,0.6609365,0.9015126
1.8125,0.39519373,0.9010465
1.8175001,0.64958704,0.90163684
1.9000001,0.49018565,0.90185225
2.98625,0.6402867,0.9014815
3.2256248,0.82714486,0.90239453
2.494375,1.0217258,0.9009385
2.450625,0.618713,0.9011586
2.3106248,0.6681278,0.90117276
1.10375,0.7391422,0.9019593
1.1325,0.6300397,0.900653
1.18,0.7567905,0.902349
1.45375,0.6913092,0.9005705
4.089375,0.7791625,0.9018086
4.97125,1.1003734,0.90096545
5.158125,0.8036299,0.90130603
5.6137505,1.763179,0.90112126
5.47,1.5662684,0.90078723
4.9281254,0.6280894,0.9010228
0.6875,0.7151568,0.90103364
0.58000004,0.5391207,0.9017608
0.621875,0.5360812,0.9009266
0.6225,0.8255805,0.90224016
0.616875,0.78247654,0.9016615
0.61312497,0.7607193,0.90216243
0.61187506,0.48179248,0.90151274
0.84624994,0.75166786,0.90149665
1.9849999,0.54924774,0.9011309
2.428125,0.6815741,0.901075
2.50625,0.8391794,0.90072465
2.65625,1.0882853,0.90135074
2.6418748,0.77008426,0.9010459
2.69875,0.7616186,0.90143144
1.448125,0.7763164,0.90085375
1.3275,0.64089465,0.90141535
1.210625,0.7724134,0.9010216
1.725,0.6897867,0.90202844
4.714375,0.7920544,0.90134394
4.76,1.127351,0.90110993
7.595625,0.77744806,0.90153646
8.3862505,1.7567326,0.90273476
8.170625,1.4874386,0.9013686
7.0225,0.50479364,0.9009893
0.76250005,0.7132846,0.9011624
1.391875,0.47721034,0.9008442
1.588125,0.37771285,0.9018922
1.5756251,0.6545658,0.900951
1.58875,0.6766683,0.9015676
1.550625,0.6517364,0.9021306
1.57,0.39714187,0.90094733
1.6899999,0.6843674,0.90067303
2.9349997,0.54862493,0.90070224
4.301875,0.6769091,0.9019555
4.4500003,0.80135095,0.90186846
2.8581247,1.0450387,0.90150607
2.53875,0.67388237,0.9010987
2.515,0.65262496,0.9015405
1.36125,0.6368686,0.90220904
1.3050001,0.6362034,0.90152013
1.150625,0.7391548,0.901615
1.1374999,0.6574482,0.9014797
2.543125,0.755211,0.90157485
3.4487498,1.1051428,0.9014015
4.80375,0.7666303,0.90169203
5.60875,1.6763967,0.90139544
4.566875,1.4149394,0.90102816
3.63375,0.51971567,0.9018234
0.51187503,0.76927006,0.90066445
0.514375,0.49206403,0.9007627
0.53625,0.38782334,0.902596
0.53625,0.7129805,0.9011779
0.51,0.6944032,0.90087914
0.54375,0.68820095,0.9014157
0.50687504,0.42012167,0.89991987
0.5475,0.7405802,0.90139043
0.63,0.61654663,0.9016825
1.376875,0.7311475,0.9013902
3.3274999,0.86558855,0.9007232
2.754375,1.0652682,0.9021373
2.533125,0.70675004,0.90172744
2.4412498,0.71061766,0.902043
1.281875,0.7886733,0.90119326
1.189375,0.6775731,0.9004178
1.001875,0.8034774,0.90196013
1.1856251,0.70301425,0.9012612
2.463125,0.797313,0.901494
3.5675,1.1298108,0.9022716
4.8293753,0.81807077,0.9012481
4.95375,1.7090656,0.9002855
4.53625,1.4766965,0.9010844
4.4456253,0.54990077,0.900548
2.251875,0.7493546,0.901039
0.545625,0.51456904,0.9006413
0.588125,0.38000566,0.9013169
0.53999996,0.6994587,0.90168464
0.571875,0.686219,0.9017457
0.5775,0.6726923,0.9021585
0.575625,0.40960076,0.9012104
0.58000004,0.67023206,0.90152514
1.983125,0.543717,0.90095925
3.01,0.6714611,0.90060496
3.2324998,0.8331753,0.90169
2.4431248,1.1174302,0.9016547
2.574375,0.7287247,0.90161645
2.45625,0.70910454,0.9015409
1.20875,0.6902431,0.90193117
1.204375,0.69408333,0.90054226
1.074375,0.8345027,0.901373
1.215625,0.72114015,0.9013486
2.4368749,0.8299912,0.90133417
3.7706246,1.1608713,0.9012276
5.013125,0.8435483,0.9005767
5.1062503,1.6643637,0.9017309
4.3700004,1.4496596,0.90202713
4.085,0.5440587,0.90181625
0.70062494,0.7416272,0.9016198
0.59125,0.51584125,0.9006535
0.59187496,0.38199985,0.9021561
0.61312497,0.68878555,0.9010056
0.563125,0.35560793,0.9023051
0.55875003,0.34395835,0.9013896
0.59062505,0.21112666,0.90151477
0.59062505,0.3309447,0.9011829
0.58562505,0.21592157,0.90126944
0.53999996,0.3562867,0.9009979
0.49375,0.5167516,0.90124667
2.73125,0.6756963,0.90183854
7.5981255,0.35659206,0.9016049
6.114375,0.37637568,0.90201414
0.78812504,0.393426,0.9018065
0.600625,0.26949757,0.90098417
0.81624997,0.48401868,0.9018086
0.53125,0.36845875,0.9009806
1.0231249,0.49186948,0.9014139
1.07875,0.83070433,0.90166247
1.4143751,0.5302403,0.90136087
1.113125,1.4221389,0.9003389
0.553125,1.1587896,0.90220904
0.546875,0.32284296,0.90187526
0.54875,0.47956285,0.90148985
0.55125,0.26468152,0.90035343
0.52375,0.20381948,0.9006698
0.535625,0.46706548,0.9016994
0.560625,0.51589143,0.9011235
0.56375,0.5208458,0.90110135
0.51125,0.3195652,0.9018973
0.535625,0.548959,0.9013938
0.530625,0.4213881,0.9019196
2.428125,0.53268564,0.9008825
4.06875,0.6717795,0.9011307
4.5212502,0.8700733,0.9014311
3.7749999,0.52131784,0.90105426
2.679375,0.51306844,0.90111256
1.9506251,0.57547253,0.9012778
1.8368751,0.4282378,0.901528
1.063125,0.5969435,0.90050054
0.53312504,0.46423906,0.90135217
0.4625,0.5336202,0.9010773
0.453125,0.9696113,0.9007137
0.448125,0.60093236,0.90063095
0.5675,1.5926166,0.9022553
0.54125,1.3095871,0.9022522
0.525,0.36302873,0.9010304
0.55875003,0.46268222,0.9013742
0.53999996,0.2583874,0.9019067
0.53,0.19020481,0.90082693
0.551875,0.44906893,0.90136504
0.5575,0.70500064,0.9013308
0.52875,0.7505851,0.90064025
0.53437495,0.47310397,0.90097094
0.558125,0.8150461,0.90153277
0.64875,0.63273233,0.9017042
3.3562498,0.7629323,0.90141237
4.9275002,0.9338089,0.900496
4.843125,1.1304412,0.9018899
4.8925004,0.77702105,0.9011915
4.61875,0.82584596,0.9014045
2.025625,0.8937193,0.9018421
1.39625,0.7845788,0.9003264
1.219375,0.9159275,0.9014963
1.275625,0.8308512,0.90151834
2.439375,0.96225953,0.9008409
3.72125,1.3153512,0.9018394
4.8925004,0.94173384,0.90142095
5.049375,1.7966998,0.9009898
4.875625,1.5734044,0.90157795
4.6156254,0.65845466,0.9015684
1.9731251,0.81703675,0.9011767
0.52812505,0.6296647,0.9023466
0.541875,0.52487177,0.9011004
0.53375,0.83565176,0.9012531
0.508125,0.78516483,0.9008442
0.565625,0.7653047,0.9015082
0.50875,0.45805863,0.90094626
0.764375,0.7118689,0.9004282
1.890625,0.6008692,0.9009445
2.42625,0.7372204,0.90129316
3.2168748,0.91164446,0.9017817
4.869375,1.1043563,0.90177333
4.2050004,0.74967563,0.90154445
2.908125,0.7398622,0.90226316
1.165625,0.7429726,0.9010011
1.180625,0.7629585,0.9011909
1.198125,0.90147614,0.9018611
1.0862501,0.7747667,0.9024857
2.4056249,0.8411013,0.90153956
2.9675,1.1987534,0.90140975
4.515625,0.89703095,0.9013431
4.99875,1.7182008,0.9010056
4.71875,1.4849951,0.9015058
4.47625,0.6281371,0.9018934
1.21375,0.8047035,0.90175617
0.61312497,0.5807338,0.9012232
0.62125003,0.43090975,0.90082145
0.579375,0.73783815,0.9026395
0.60875,0.7229686,0.9011942
0.5875,0.7034185,0.9031699
0.614375,0.4358904,0.9013127
0.621875,0.7316122,0.9022571
2.0,0.61541116,0.90123713
4.29125,0.7468606,0.9011054
5.0018754,0.8944917,0.9019569
5.01875,1.0916809,0.90238297
4.955625,0.75323844,0.9016862
5.0293756,0.7625766,0.9025477
3.8699996,0.85916007,0.90178764
3.57125,0.7719004,0.9011438
1.2375001,0.9139588,0.90141094
1.061875,0.8229799,0.9003155
2.205,0.8749347,0.90105593
2.401875,1.2222375,0.90108347
4.451875,0.9044242,0.9019332
4.7868752,1.7459172,0.90115225
4.475625,1.4471662,0.90118265
3.39875,0.63293004,0.901075
1.0968751,0.80825436,0.9015652
0.575625,0.57338405,0.9019147
0.6,0.473607,0.90127337
0.56937504,0.71009195,0.902357
0.600625,0.688828,0.9007312
0.59875,0.674335,0.901494
0.61625004,0.42257655,0.9013448
0.5725,0.7088903,0.90066063
1.9681251,0.5814928,0.9008858
3.078125,0.70547855,0.90150964
5.09,0.856995,0.9010806
4.9,1.0442319,0.9017974
4.9,0.7104888,0.90084577
3.359375,0.706239,0.90235066
1.5275,0.6946801,0.9012164
1.34875,0.7377951,0.9008968
1.2850001,0.88199735,0.9011357
1.1725,0.7980249,0.9016553
2.3525,0.8609214,0.9025483
2.564375,1.2082431,0.9015657
4.6218753,0.8836049,0.90014756
4.9118752,1.7473644,0.9020053
4.5368752,1.4814235,0.9021648
4.326875,0.647889,0.90283525
2.2524998,0.78068256,0.9013481
0.53812504,0.5335319,0.9017122
0.508125,0.4067281,0.9010732
0.536875,0.73369193,0.901158
0.535625,0.7959415,0.90016985
0.49812502,0.78886485,0.9016384
0.541875,0.4481814,0.90124524
0.539375,0.769027,0.9011675
1.87875,0.6421526,0.9017321
4.188125,0.7549174,0.90115345
4.9175,0.89683604,0.9018377
4.836875,1.0861787,0.9009068
4.89375,0.7663084,0.90114975
3.4268749,0.7632029,0.9012712
1.189375,0.7958878,0.900969
1.2006251,0.6053971,0.9013262
1.19125,0.9138521,0.9011085
1.158125,0.82677925,0.90174043
2.4412498,0.93070066,0.9011538
3.3393748,1.2567717,0.89986825
4.720625,0.93787706,0.90177894
5.0275,1.751055,0.90139973
4.489375,1.4866809,0.9017931
2.87625,0.6765605,0.901338
1.0231249,0.84012604,0.9019617
0.55625,0.60039926,0.9014534
0.57875,0.49516097,0.9011868
0.49437502,0.7469001,0.90212154
0.52312505,0.3997835,0.9011544
0.549375,0.38767883,0.9027606
0.470625,0.27219003,0.9010258
0.514375,0.42494947,0.9008044
0.52750003,0.30057475,0.90175545
0.485,0.4161036,0.8999201
0.435,0.565544,0.901019
0.7468749,0.67710644,0.90116715
1.8112501,0.40233126,0.90084267
1.9143751,0.42955342,0.9008279
1.99875,0.42091107,0.90221345
1.9050001,0.3902495,0.9011923
2.1243749,0.58314276,0.90113366
1.7906251,0.48619497,0.9010087
1.679375,0.58710814,0.9019629
3.1768749,0.9102169,0.90144
4.059375,0.5938301,0.9015207
6.5768747,1.5336503,0.9003329
5.46625,1.1882055,0.9024353
0.74750006,0.3206544,0.90154827
0.53499997,0.45068088,0.9013374
0.50687504,0.24548756,0.90053463
0.52875,0.16778772,0.9011518
0.496875,0.39926082,0.900926
0.520625,0.4713738,0.901688
0.52125,0.44287527,0.900964
0.536875,0.2858699,0.90148926
0.51,0.46182975,0.9014299
0.525625,0.33227608,0.90149486
0.51625,0.45826027,0.9013852
0.400625,0.6263399,0.90233326
0.9325,0.7696446,0.90066004
0.953125,0.45299992,0.90115774
0.94375,0.46914318,0.9015734
0.40187502,0.5722035,0.9006319
0.41625,0.4377363,0.90069735
0.438125,0.62525904,0.9014385
0.420625,0.5572088,0.90137804
0.384375,0.6264935,0.9019908
0.42624998,0.9671422,0.9006305
0.48624998,0.6326101,0.9011785
0.4725,1.6099902,0.9012116
1.14,1.321261,0.90137386
0.52250004,0.4149927,0.9022713
0.52875,0.5390983,0.9009088
0.495625,0.32875353,0.90227544
0.52250004,0.20729655,0.90147114
0.526875,0.44846833,0.90120935
0.521875,0.711856,0.90147877
0.493125,0.704291,0.90275574
0.52250004,0.455178,0.90142155
0.52,0.70853114,0.9023211
0.66625,0.59831303,0.9018537
2.746875,0.73817,0.9019737
3.2881248,0.8970729,0.902776
2.57875,1.094466,0.9022083
2.508125,0.7341808,0.9012184
2.300625,0.7154267,0.9014095
1.175,0.7627193,0.90133774
1.2737501,0.68294895,0.9014418
1.314375,0.8261348,0.90161586
1.916875,0.7606714,0.9014039
4.6843753,0.78011954,0.90153635
4.864375,1.1211122,0.90244985
5.07125,0.77323306,0.901258
5.27125,1.8099236,0.90247226
5.16625,1.5641328,0.90032196
1.7825,0.61269903,0.901631
0.578125,0.7668222,0.9010984
0.620625,0.56291944,0.90177274
0.60562503,0.4756849,0.9012586
0.57625,0.75633514,0.90198386
0.604375,0.7108171,0.9015176
0.60187507,0.7014469,0.9015305
0.603125,0.44625446,0.9019201
0.83187497,0.72322977,0.9023273
1.9643751,0.58843493,0.9018359
2.415625,0.7065102,0.90081596
2.97,0.8586329,0.90113425
4.155625,1.1449429,0.90081537
3.1325,0.72401035,0.9007962
2.40875,0.7410083,0.90162766
1.3156251,0.76266146,0.90148985
1.230625,0.6233114,0.90119267
1.123125,0.7428539,0.90155387
1.160625,0.7089603,0.90155506
4.28125,0.7629336,0.9013214
4.72625,1.1585661,0.9012357
4.8268747,0.6717439,0.9021574
5.395,1.7459068,0.90203965
5.085625,1.498505,0.9017775
4.6606255,0.60818136,0.9014038
1.056875,0.75772333,0.90166414
0.6625,0.5584936,0.9014367
0.51125,0.4853981,0.9014039
0.556875,0.7909894,0.9015993
0.56937504,0.75724363,0.9013045
0.56625,0.7103801,0.90146613
0.55625,0.43005896,0.9009236
0.57375,0.73905885,0.9022962
1.9331251,0.61595774,0.9022378
3.2956247,0.72905874,0.9010773
4.866875,0.8897265,0.9008428
3.7793748,1.101882,0.9017191
2.608125,0.7348566,0.9022018
2.670625,0.80787385,0.9015776
1.45,0.79151857,0.90115523
1.299375,0.66730595,0.9011692
1.0506251,0.7812723,0.9019567
1.683125,0.8068267,0.9014993
4.6162505,0.8320296,0.9019104
4.910625,1.2479097,0.90010047
4.930625,0.85441816,0.90180004
4.8375,1.7744609,0.90153754
4.3431253,1.5191128,0.9011235
2.564375,0.637175,0.9016938
0.8781251,0.790609,0.9011625
0.53125,0.5361936,0.90192306
0.49937502,0.4604251,0.9003979
0.52750003,0.7544668,0.9029803
0.5475,0.7386211,0.9020989
0.495,0.6908245,0.90174806
0.52812505,0.44387296,0.90210783
0.5425,0.7426522,0.9012579
1.9056251,0.59954953,0.90068233
2.376875,0.72583413,0.90173566
2.4881248,0.9087963,0.901561
2.3562498,1.1115165,0.9022589
2.483125,0.7498071,0.90225756
2.430625,0.74957,0.90157676
1.35,0.7499566,0.9011121
1.361875,0.6939359,0.90179086
1.14625,0.85007167,0.90171957
2.1906247,0.7669561,0.90158975
4.9237504,0.8959092,0.90209043
4.8900003,1.2367402,0.9009148
4.924375,0.92316175,0.90130806
5.00875,1.7978706,0.901157
4.6918755,1.5407033,0.900421
4.5887504,0.68454623,0.90193784
2.125,0.8290225,0.9012252
0.55,0.60383236,0.9015969
0.5425,0.48641065,0.90169835
0.52250004,0.79094386,0.9013729
0.53812504,0.75002396,0.9016346
0.51125,0.73927164,0.90183747
0.535625,0.47455367,0.9011891
0.52125,0.7827754,0.9022864
1.875,0.6616993,0.9007081
2.525625,0.7870337,0.90108836
3.07,0.9478638,0.90169466
2.86375,1.146353,0.900797
2.3162498,0.7938708,0.9009688
2.324375,0.786407,0.90072703
1.156875,0.8122425,0.90174985
1.06,0.818473,0.9017277
1.00375,0.94758844,0.90105855
1.2162501,0.8683007,0.90199685
3.575,0.9416406,0.9017298
4.87,1.2522963,0.9023987
5.275,0.93585825,0.90124905
5.293125,1.8089277,0.90104675
4.874375,1.5548435,0.9019127
4.378125,0.7139497,0.9018606
0.88750005,0.87797606,0.901934
0.63625,0.6235877,0.9011133
0.594375,0.53079504,0.90199924
0.62874997,0.8383641,0.9004828
0.620625,0.45323712,0.90091515
0.595625,0.41515774,0.901211
0.635,0.27951756,0.9019468
0.62125003,0.42960006,0.9011438
0.596875,0.3110291,0.9015547
0.618125,0.43838337,0.90191185
0.59000003,0.59243333,0.90199876
3.400625,0.6997217,0.9018332
7.86625,0.422325,0.9014605
7.808125,0.4688377,0.9018756
7.8756256,0.4789116,0.9014672
4.2675,0.41008675,0.9002274
1.8056251,0.52921784,0.90074754
1.778125,0.44115457,0.9015012
2.3525,0.5257685,0.90276
5.8425,0.9039141,0.9006734
8.374375,0.5602538,0.9012766
8.610625,1.5828251,0.9011438
8.433125,1.2045591,0.90161526
7.91625,0.32840532,0.90153694
4.4768753,0.46106407,0.90162444
0.7825,0.26467395,0.90136325
0.578125,0.19339344,0.90180004
0.54125,0.44583607,0.90216625
0.568125,0.5293181,0.9017199
0.56937504,0.53525674,0.902302
0.54375,0.38680112,0.90135133
0.568125,0.54795337,0.89974666
0.56875,0.4460034,0.9004756
0.568125,0.54425174,0.90258586
0.60375,0.763263,0.90192544
3.4424999,0.9511523,0.90188956
7.95625,0.5824528,0.90146196
8.14125,0.58823836,0.90153706
7.5281253,0.5876067,0.9013928
3.5549998,0.42221773,0.9006803
1.8275,0.5651512,0.90144086
1.7637501,0.54255486,0.9021262
1.7775,0.6246463,0.9015465
1.913125,1.0112901,0.90185964
1.93625,0.6211958,0.9022037
1.823125,1.751471,0.90149546
1.8818749,1.4240723,0.9014026
2.5906248,0.40555817,0.9027746
1.57,0.58902204,0.9014361
1.59625,0.32872885,0.9012736
1.551875,0.2347087,0.9019877
1.538125,0.5511117,0.9011067
1.524375,0.727173,0.9008366
1.8881251,0.73540497,0.9023582
2.83,0.47694066,0.9011767
2.8281248,0.80967724,0.9014975
2.9049997,0.66704917,0.9020734
4.071875,0.76873696,0.9022163
4.919375,0.9499606,0.9024267
4.8112497,1.1311984,0.90074897
4.9275002,0.79869926,0.900875
4.760625,0.8095695,0.9016509
3.4243748,0.82864416,0.9013549
3.59,0.7552295,0.9003465
1.8806251,0.9144156,0.9014993
1.25125,0.8675817,0.9008825
2.370625,0.90406346,0.9010545
3.65875,1.2531762,0.90160346
4.813125,0.91331184,0.9011576
6.053125,1.9030223,0.9010056
5.9175,1.6562545,0.90157545
3.965,0.6881839,0.90246046
1.2693751,0.858449,0.90195096
1.505625,0.59074235,0.90115
1.51625,0.49737042,0.9005295
1.509375,0.8452904,0.9007007
1.4725001,0.80031323,0.9021467
1.5106251,0.7403281,0.90077186
1.53375,0.4552101,0.90229857
3.118125,0.71477544,0.9005877
2.8274999,0.55848134,0.9018836
3.283125,0.6836815,0.90159595
4.456875,0.8593749,0.90115404
5.7356253,1.0542617,0.90051436
4.8875,0.72857046,0.9019737
4.72375,0.7186203,0.90086496
1.95125,0.5898652,0.9011221
1.161875,0.5771061,0.9018496
1.003125,0.75863266,0.90205216
1.059375,0.6961839,0.90083146
2.3218749,0.702778,0.90138984
3.6975,1.039725,0.90143025
5.04,0.79228663,0.90174544
5.02625,1.7764852,0.90120983
4.63625,1.4648936,0.90207887
3.9256248,0.5548424,0.9021597
1.30625,0.6643646,0.9020648
0.59062505,0.44022962,0.90063334
0.55562496,0.3933676,0.9010099
0.5825,0.6947011,0.9014237
0.59000003,0.684801,0.9010844
1.109375,0.66687936,0.900733
1.5081251,0.37230617,0.9012538
1.5612501,0.6350318,0.90214014
2.908125,0.61423266,0.90219855
3.89625,0.63411105,0.9016186
5.5668755,0.85019076,0.9014771
3.921875,1.0483302,0.9028208
2.314375,0.71414006,0.90133417
2.355,0.74519515,0.9009696
1.1374999,0.7365335,0.90154624
1.125,0.5802392,0.9014927
1.11625,0.73377895,0.90163624
1.071875,0.66506755,0.9022974
2.154375,0.7209127,0.9017099
3.861875,0.97677433,0.90076864
4.885625,0.7776778,0.90202355
4.9687505,1.827822,0.90114665
2.803125,1.5298094,0.9004334
2.090625,0.63201237,0.9011067
1.95875,0.8266239,0.9007318
0.59625,0.54435027,0.90089905
0.58687496,0.45841855,0.90187764
0.56,0.79133177,0.90060496
0.583125,0.7969761,0.901155
0.583125,0.71892023,0.9011364
0.58500004,0.50290215,0.9023261
0.555,0.80415297,0.9012313
1.930625,0.61855054,0.9015144
2.4468749,0.72154856,0.9003413
2.9475,0.9009255,0.9012606
3.521875,1.0750501,0.9013107
3.38375,0.7231022,0.9021306
2.3731248,0.7089858,0.90132546
1.225,0.71071804,0.9016491
1.05875,0.6188677,0.9014181
1.060625,0.7485775,0.9007298
1.085625,0.6689477,0.9012425
1.125,0.7667892,0.9015188
2.77625,1.0785453,0.9009764
3.391875,0.7672261,0.9012672
3.7168748,1.7101716,0.9016162
3.2199998,1.357959,0.9012022
3.053125,0.5726724,0.9018326
1.7643751,0.73159564,0.90182877
0.52812505,0.4771421,0.90070605
0.531875,0.40830803,0.90169775
0.53375,0.7400317,0.9008508
0.49937502,0.7783487,0.9009403
0.55125,0.76007307,0.9011779
0.530625,0.44308618,0.9022242
0.88,0.7510115,0.9019661
1.589375,0.68018353,0.9017427
3.3024998,0.79074657,0.90137243
3.54625,0.9371146,0.90048945
3.4787498,1.158483,0.9005207
3.5493748,0.7935128,0.90143025
3.3637497,0.84707534,0.9013442
3.35,0.82478595,0.90159917
3.5,0.665017,0.9008813
2.795625,0.8246709,0.9013547
1.013125,0.7616706,0.9010494
1.730625,0.8307997,0.9016051
3.48625,1.1777828,0.9019015
3.803125,0.8944807,0.90158534
3.9575,1.7977022,0.9014026
3.240625,1.517521,0.90248394
1.745625,0.6703365,0.90093136
0.60875,0.8580487,0.90138364
0.593125,0.6121392,0.9008105
0.56375,0.52566165,0.90162706
0.59187496,0.88415897,0.9017564
0.59187496,0.53820777,0.9018059
0.59625,0.50146276,0.9012573
0.56437504,0.34450853,0.9009112
0.5725,0.54101616,0.9013246
0.608125,0.42091167,0.9018624
0.58624995,0.5561717,0.90154564
1.949375,0.73856914,0.90113807
1.425,0.8507328,0.90067124
0.6275,0.60632634,0.90038013
0.51625,0.6095752,0.90157104
0.4925,0.6144738,0.90189874
0.483125,0.46198672,0.9005338
0.4875,0.61032104,0.90142953
0.46562502,0.48976782,0.9017155
1.01,0.60025597,0.90076125
1.123125,0.9251108,0.90179586
3.6537497,0.61562026,0.9012052
6.7868752,1.5817223,0.9013392
5.915,1.2875253,0.90072083
1.751875,0.43391916,0.90145314
0.5425,0.56782174,0.9020971
0.50687504,0.4036405,0.90125227
0.503125,0.2676754,0.9024824
0.536875,0.59343576,0.90167284
0.479375,0.6886939,0.900612
0.53375,0.6702432,0.90093946
0.54312503,0.44599015,0.9012455
0.5075,0.73945045,0.90104496
0.505,0.58534503,0.9013653
0.52250004,0.710376,0.9008093
0.49625,0.85772836,0.9016328
1.610625,1.029572,0.90140474
3.2256248,0.7111919,0.9033053
3.1262498,0.718169,0.9000393
2.5824997,0.7365581,0.9022926
0.52437496,0.6053453,0.90045786
0.42624998,0.75410545,0.9014113
0.43937498,0.67019975,0.90053225
0.483125,0.7812073,0.9009367
0.485625,1.1451311,0.90190136
0.470625,0.75314486,0.90202844
0.514375,1.7632203,0.9017098
0.69124997,1.4532052,0.90239847
0.55375004,0.6277888,0.90170574
0.568125,0.70773435,0.9017998
0.51750004,0.5101421,0.9029865
0.53999996,0.39543968,0.90202487
0.535625,0.7277596,0.90137804
0.5325,1.0200148,0.9016129
0.51250005,0.9522381,0.9020145
0.535625,0.6046299,0.90109515
0.54625,0.9438672,0.90248203
0.628125,0.84243333,0.9010663
1.07875,0.96044457,0.90075755
1.0243751,1.1232857,0.90185404
0.9718751,1.2997775,0.9018563
0.94000006,0.91948164,0.90168226
1.12,0.9689076,0.90035427
0.99750006,0.98326087,0.90193903
0.928125,0.85768354,0.9010854
0.96625006,1.0373776,0.901351
0.97562504,0.9694233,0.9007627
1.281875,1.0798808,0.90178037
3.0581248,1.4595208,0.900918
3.6956248,1.0903686,0.9014282
3.7787497,1.9460489,0.90145683
3.83,1.7240185,0.90103424
1.73875,0.85480225,0.9022888
0.50875,1.019784,0.9022956
0.53312504,0.80823004,0.90180326
0.53437495,0.6953089,0.901387
0.50125,1.0518863,0.9004667
0.53312504,1.0022539,0.90127134
0.52875,0.9285748,0.9013593
0.53375,0.58771306,0.90072477
0.50187504,0.93449724,0.9024409
0.649375,0.7664764,0.9003768
1.05,0.9053254,0.9016422
0.995,1.0695286,0.9014901
0.948125,1.1888412,0.90048957
0.96000004,0.87386906,0.9010364
0.969375,0.83605397,0.90163517
0.931875,0.88890386,0.9011936
0.964375,0.7601763,0.9006007
0.96187496,0.8698466,0.90119123
0.953125,0.7960509,0.9011029
1.916875,0.8445096,0.9006536
3.555625,1.1654522,0.90157604
3.754375,0.85092056,0.9007399
3.8687499,1.798874,0.90076244
3.4187498,1.5122982,0.9014183
3.444375,0.6214566,0.90127134
2.79125,0.80848634,0.9008777
0.584375,0.5673126,0.901687
0.58187497,0.45721215,0.90155506
0.579375,0.82431424,0.9018866
0.565,0.33542344,0.9022964
0.596875,0.29967833,0.9004806
0.59062505,0.23658906,0.9017339
0.57375,0.30506468,0.9015429
0.671875,0.17198102,0.9010029
1.123125,0.29298133,0.9019836
1.0475,0.44471735,0.900712
0.97375,0.6177203,0.9017689
1.01875,0.30217806,0.9012214
1.08375,0.3054215,0.90253305
1.240625,0.31876266,0.90130603
1.125625,0.18983424,0.90181935
0.984375,0.3302486,0.9020765
0.98,0.28828967,0.90164495
0.989375,0.30739397,0.9003726
2.680625,0.65849495,0.90236497
5.373125,0.3070537,0.9018816
5.571875,1.3676099,0.90120065
5.06125,0.9290128,0.9023833
3.61625,0.1078773,0.9020364
0.514375,0.2487605,0.9017315
0.535625,0.091080576,0.9022018
0.53625,-0.023369253,0.9018315
0.50625,0.2877379,0.9019418
0.536875,0.28627774,0.9012722
0.51,0.2691922,0.90193903
0.531875,0.19125852,0.9008566
0.50625,0.29337722,0.90077186
0.65999997,0.15635023,0.90176797
1.076875,0.29058167,0.901096
0.969375,0.46209216,0.9017906
0.96375,0.5585842,0.9010346
0.98062503,0.26978344,0.9020077
0.98062503,0.30672237,0.90119386
0.93499994,0.30681607,0.902074
0.963125,0.21230794,0.9011965
0.974375,0.4037416,0.9016725
0.98249996,0.37740606,0.90212333
0.97562504,0.40036777,0.9005213
1.071875,0.8026993,0.9019228
1.07,0.38440728,0.9015527
1.2587501,1.4660145,0.9015969
0.629375,1.0200092,0.9010458
0.51,0.18833919,0.9014945
0.53375,0.31996948,0.90029407
0.526875,0.14780296,0.90123427
0.495625,0.030312806,0.9008863
0.518125,0.35067707,0.9020752
0.5325,0.8531469,0.9009905
0.53125,0.85938346,0.90173745
0.473125,0.49302912,0.9012641
0.531875,0.81396663,0.901458
0.65625,0.6959065,0.90108824
1.061875,0.8315058,0.9014777
0.969375,0.96442485,0.9010304
1.0356251,1.1967672,0.90186846
1.118125,0.8272245,0.9018756
1.24375,0.80019283,0.9015248
0.9525,0.69139457,0.90180445
0.92125,0.7033576,0.9021591
0.98125005,0.8288189,0.9017457
0.99,0.7206205,0.900676
2.379375,0.90885615,0.90118074
4.686875,1.3058428,0.9011656
6.54625,0.93855226,0.90070844
8.61,1.9062002,0.90142214
7.3206253,1.6803769,0.9012939
5.453125,0.7748674,0.90171754
4.171875,0.82860315,0.90102327
3.809375,0.6134668,0.90117514
3.8725,0.5295242,0.90160334
3.7743752,0.89267564,0.90053546
1.5768751,0.5039712,0.90124846
0.75687504,0.45678237,0.90108764
0.75125,0.31591073,0.9019135
0.73187506,0.5128778,0.9011899
0.72875,0.37147933,0.9010124
0.78874993,0.4649469,0.90158594
3.11125,0.5995513,0.9013139
4.920625,0.6887375,0.9023106
6.1725,0.48822474,0.9023483
5.995,0.5188865,0.9009156
5.9662504,0.5715362,0.90140617
6.161875,0.4469364,0.9022145
7.4581256,0.51008487,0.9009296
8.15625,0.41941923,0.9004842
9.180625,0.5907286,0.90117514
9.415625,0.9884409,0.9008647
12.06625,0.6319326,0.9023522
12.15625,1.6379793,0.9011619
10.243751,1.3261456,0.9009471
6.315625,0.33997893,0.9024955
2.033125,0.5229204,0.90199983
0.515,0.33408588,0.9019294
0.491875,0.23981397,0.9020996
0.5425,0.5682122,0.90060496
0.51,0.6480001,0.901268
0.455625,0.5774329,0.9006566
0.49812502,0.3615923,0.9021634
0.5325,0.64991474,0.9017298
0.451875,0.5235371,0.9012792
0.53875,0.6209351,0.90177715
0.429375,0.7676244,0.90192664
1.3268751,0.90260947,0.901211
2.1731248,0.6043829,0.9016472
2.399375,0.6028824,0.90092254
2.59375,0.61876774,0.9014058
3.2375,0.5328872,0.9006274
1.9274999,0.65795213,0.90189934
1.8262501,0.55812025,0.90114963
1.83125,0.6340611,0.9023081
1.870625,0.967147,0.9011215
1.85,0.6524476,0.90079737
5.6575003,1.7067344,0.90123296
3.5293748,1.41491,0.9013101
1.6606251,0.4262516,0.9012828
0.513125,0.60849965,0.9016093
0.52750003,0.3863502,0.90040326
0.493125,0.3038794,0.9013896
0.49124998,0.6269591,0.89933467
0.545625,0.89625037,0.90155125
0.78999996,0.85915864,0.9014323
1.7956251,0.5248358,0.9006728
1.76625,0.8853314,0.9011731
1.9343749,0.7552867,0.901085
2.27875,0.8957099,0.90178967
3.8968751,1.0645378,0.902223
4.819375,1.2782044,0.9015349
4.8825,0.9026134,0.902591
4.855,0.9114939,0.90102816
3.593125,0.92514,0.90207636
3.534375,0.79440176,0.90139973
3.483125,0.91605544,0.90113807
2.6075,0.8145143,0.9008045
2.4431248,0.8861693,0.90276
4.4387503,1.2549313,0.9028928
5.0487504,0.91552234,0.90139735
5.073125,1.9296744,0.9012644
4.964375,1.7015184,0.9016924
4.5906253,0.68238693,0.90073097
3.09375,0.85072815,0.9012413
0.78812504,0.60793555,0.90121174
0.56375,0.5272341,0.9017484
0.625625,0.8826226,0.9016633
0.573125,0.8395767,0.9015461
0.555,0.8052621,0.9014213
0.55562496,0.49229556,0.90042853
0.82562494,0.81424475,0.90216947
1.9525001,0.68833387,0.9008994
2.3362498,0.8300897,0.9017348
2.361875,0.9809052,0.90124106
2.396875,1.1934639,0.89985394
2.5518749,0.7707522,0.90150785
2.6118748,0.7847427,0.9008347
1.4193751,0.84892285,0.90191925
3.4825,0.7406869,0.9018477
3.665,0.8696773,0.901091
3.674375,0.7773236,0.9008956
3.3193748,0.8874526,0.9019133
4.815625,1.2525735,0.9013119
4.8325005,0.8982686,0.9023113
5.074375,1.9095008,0.900849
4.745625,1.6544462,0.901258
4.913125,0.61357594,0.9015243
3.4343748,0.8162762,0.9030136
2.076875,0.57578874,0.90091634
0.551875,0.49925667,0.9018192
0.606875,0.8485888,0.90118253
0.5925,0.8439367,0.90179646
0.55125,0.8146728,0.90179133
0.58875,0.49902704,0.90110135
0.579375,0.8496742,0.90138936
1.931875,0.6897726,0.90084696
2.3362498,0.82300925,0.900838
3.233125,0.9829259,0.9018605
5.0156255,1.1781564,0.9017072
5.0037503,0.826012,0.901741
4.84375,0.82986593,0.90170133
3.7199998,0.84065545,0.9004892
2.20125,0.7248272,0.9012772
1.165,0.87637305,0.901719
1.0375,0.72809124,0.9012461
2.4743748,0.8464242,0.9018822
4.34375,1.2018104,0.9014174
5.105,0.8369038,0.901574
5.02625,1.9094651,0.9013027
4.588125,1.6698384,0.9007813
4.4475,0.6218556,0.90100753
1.684375,0.82337606,0.90025675
0.750625,0.5648221,0.9012042
0.52375,0.47148344,0.9012561
0.535625,0.82530224,0.9014782
0.520625,0.819525,0.90120244
0.52875,0.7908981,0.9007529
0.51125,0.4856124,0.90121377
0.53625,0.81016326,0.90180147
1.840625,0.6308706,0.90106463
2.278125,0.7596512,0.9013454
3.3787498,0.90995026,0.9018922
4.9212503,1.0769942,0.9015275
4.8337502,0.7114377,0.900838
4.770625,0.71640956,0.90111697
3.8337498,0.84762454,0.9018558
3.19375,0.71962476,0.900905
1.218125,0.7722019,0.90165997
1.0393751,0.7009829,0.90141475
2.3899999,0.7848344,0.9016812
4.16875,1.2111433,0.9008852
5.01875,0.87932694,0.90207887
4.88,1.9074731,0.90006876
4.3543754,1.6380244,0.9011992
4.4306254,0.57440734,0.90097773
3.4556248,0.81109154,0.901803
2.02,0.59491646,0.9009136
0.513125,0.50030947,0.900383
0.54125,0.8290249,0.90194154
0.51125,0.84772325,0.90188456
0.48624998,0.82050955,0.90052223
0.514375,0.46602833,0.9014851
0.515,0.7920444,0.90099597
1.6962501,0.70327556,0.9017265
2.2906249,0.8198302,0.9009963
3.07,0.98490834,0.90175545
4.73,1.1808451,0.90188193
4.6443753,0.8327464,0.9015194
4.72625,0.8341036,0.90086293
3.631875,0.84611166,0.9015213
3.4018748,0.7131926,0.90099716
3.4775,0.81610274,0.90138865
1.734375,0.7506311,0.9013035
3.04875,0.8627937,0.9012878
4.565,1.2282994,0.9017074
5.8631253,0.89019334,0.90161943
6.0150003,1.8512886,0.90164196
6.310625,1.6200782,0.9014721
7.7875,0.5912563,0.9013772
5.586875,0.81830525,0.90213
0.610625,0.57760763,0.900988
0.51,0.49700525,0.9020504
0.505,0.8453896,0.9018383
0.53375,0.47756797,0.9014027
0.5025,0.44911978,0.9022224
0.55875003,0.28519115,0.9006022
0.551875,0.44760737,0.9008386
0.51875,0.3237567,0.90106547
0.53625,0.4607592,0.9005077
0.486875,0.62358403,0.9004139
0.65437496,0.80325305,0.9017929
2.276875,0.43144536,0.90175974
2.3874998,0.45292696,0.90172315
2.42625,0.4508636,0.90050817
2.27125,0.3009894,0.90169024
2.415625,0.4652561,0.90185606
2.438125,0.36251664,0.9013709
2.454375,0.45239043,0.9017117
2.396875,0.79333663,0.9017445
2.6418748,0.46831515,0.90075207
6.0475,1.582299,0.90133464
8.07,1.3116535,0.90170515
8.048124,0.2787549,0.9012799
6.836875,0.45051864,0.9019637
4.1306252,0.23457693,0.90154505
0.469375,0.13672309,0.9012431
0.518125,0.47120437,0.90114546
0.52,0.57377875,0.9010824
0.49,0.55118287,0.9009973
0.520625,0.34941489,0.90198743
0.48125,0.56737375,0.9009718
0.488125,0.42463773,0.90149426
0.49437502,0.55938476,0.90119445
0.476875,0.72064996,0.90184295
0.865625,0.8703668,0.9017879
1.060625,0.59028244,0.90097225
2.533125,0.60804594,0.9014462
1.17625,0.6094603,0.90197563
0.75249994,0.48457575,0.90147233
0.764375,0.6065618,0.9028306
0.76,0.53405434,0.8992088
0.8025,0.6009544,0.90144956
0.8325,0.93593645,0.90132284
0.8781251,0.6251867,0.9008275
3.0406249,1.6650922,0.9015455
1.9906251,1.3651633,0.9023478
0.52375,0.4187913,0.9008169
0.49062502,0.56138134,0.90084565
0.515,0.3590954,0.90166533
0.53125,0.27088258,0.90118563
0.5075,0.5885576,0.9025204
0.515625,0.8382826,0.9021481
0.50625,0.818658,0.9017594
0.514375,0.51250577,0.9008603
0.513125,0.85337555,0.9009
0.58000004,0.7181034,0.9020076
1.094375,0.86679256,0.90138364
1.120625,1.0423623,0.9016781
1.76125,1.2269835,0.90182436
2.3118749,0.88861096,0.9016262
2.37125,0.90663743,0.90033114
1.105625,0.9154072,0.9018178
1.078125,0.78235185,0.9023273
1.0968751,0.90685046,0.9015293
1.138125,0.83296764,0.90112567
2.906875,0.8752208,0.9015676
4.82875,1.2012066,0.9018078
4.919375,0.8959675,0.90163815
5.085,1.8414975,0.9016447
5.1556253,1.6209763,0.90176356
5.035625,0.68916345,0.90097094
2.936875,0.8355708,0.9017997
0.565,0.6090249,0.90170693
0.589375,0.50915927,0.90146637
0.596875,0.88066745,0.9013674
0.55375004,0.85113096,0.9020817
0.58000004,0.82281053,0.9017081
0.610625,0.49270222,0.90109456
0.719375,0.7928637,0.9007977
1.864375,0.65563214,0.90144086
2.34,0.78442895,0.90114546
2.375625,0.94066644,0.9013252
2.355,1.1329008,0.90141606
2.4118748,0.787693,0.9011488
2.39125,0.8554944,0.9014379
1.405625,0.861637,0.90189636
1.2625,0.7179955,0.9019519
1.33625,0.82949495,0.90117574
1.125,0.748611,0.9012902
3.5393748,0.84603393,0.90177834
4.728125,1.1902443,0.90126324
4.7275,0.8328173,0.901633
4.913125,1.8395802,0.9023768
4.8125,1.5669453,0.9021493
3.9968748,0.5256083,0.9018296
1.615625,0.7426952,0.90157044
1.0425,0.49705866,0.9007354
0.51187503,0.45279917,0.9008262
0.55,0.7659508,0.90086734
0.55375004,0.7542429,0.9014267
0.5525,0.7441002,0.9017271
0.51,0.44167206,0.9019065
0.52750003,0.7980585,0.90125585
1.7181251,0.6632942,0.90130067
2.30125,0.766206,0.9010714
3.5237498,0.89947176,0.90130985
5.0775003,1.1919081,0.90123534
5.008125,0.8462194,0.9008887
4.7775,0.8413485,0.901225
1.9499999,0.83365774,0.9014777
1.335625,0.69799984,0.9020897
1.190625,0.81771576,0.9015062
1.10125,0.68508804,0.90109074
2.72625,0.8005085,0.90173066
4.8300004,1.1718608,0.9015391
4.9225,0.80901957,0.90104294
5.005,1.8845232,0.90205574
4.523125,1.62929,0.9008151
4.8462505,0.5363413,0.9008864
1.9000001,0.7093413,0.90172255
1.40875,0.5038088,0.9007968
0.573125,0.4547264,0.90120745
0.56937504,0.80493,0.90150905
0.53437495,0.72371054,0.9015696
0.55625,0.7492206,0.90163064
0.570625,0.46560583,0.9012252
0.58187497,0.76326823,0.8999617
1.75,0.5986421,0.9017887
2.35,0.74124956,0.90055275
2.740625,0.87960804,0.90106785
4.044375,1.0895818,0.9004729
3.730625,0.7753923,0.9013306
2.429375,0.7793473,0.9026865
1.555625,0.778214,0.9014293
1.4000001,0.68122673,0.9020227
1.3000001,0.8077984,0.90139675
1.1437501,0.7354256,0.90031636
3.563125,0.78861165,0.90145016
4.83875,1.1575472,0.901139
4.9900002,0.8076464,0.90171766
5.15875,1.9223732,0.9016739
4.5212502,1.6515166,0.9015299
4.4525003,0.5683304,0.9006734
3.5181248,0.79348826,0.9021828
2.033125,0.5448568,0.90196157
0.554375,0.45077148,0.9013996
0.566875,0.77836144,0.90196073
0.52312505,0.8198824,0.9002013
0.50187504,0.80358803,0.90002537
0.4975,0.49915272,0.90128934
0.50625,0.84473574,0.90210223
1.6625,0.712906,0.9026879
2.30875,0.8299372,0.9006126
3.6074998,0.9966413,0.9003252
4.93125,1.2194799,0.9011847
2.74,0.8388642,0.90129876
2.919375,0.83658457,0.9012058
1.80375,0.83264947,0.9020492
1.186875,0.707891,0.9018078
1.155,0.8557774,0.9015598
1.151875,0.78387356,0.90150344
3.725625,0.8465594,0.90103674
4.8306255,1.1946043,0.9003905
4.930625,0.85028327,0.9022217
5.06125,1.90082,0.9012903
5.03375,1.6481676,0.9003885
10.061875,0.585833,0.9015331
1.26625,0.83954835,0.90154564
0.56937504,0.56541467,0.9015839
0.616875,0.47720847,0.90133
0.618125,0.8215914,0.90065765
0.59749997,0.4384912,0.90160847
0.59375,0.41934407,0.90154254
0.599375,0.30191532,0.9007168
0.57875,0.43702966,0.9022428
0.560625,0.30621168,0.90215623
0.545625,0.42859638,0.90062535
0.53812504,0.6025434,0.9023875
2.7356248,0.7541485,0.90166235
4.7831254,0.42180353,0.90178573
7.4506254,0.40974307,0.90174246
7.5206256,0.39213806,0.90204024
7.5125003,0.25700918,0.9005308
2.9187498,0.39427817,0.9017315
1.9143751,0.34265828,0.90080655
2.34125,0.3740219,0.90170634
4.11125,0.75760245,0.9012872
5.018125,0.38724208,0.9015634
7.440625,1.6565497,0.9008119
7.9881253,1.3324555,0.90211105
8.0125,0.18663484,0.901207
1.224375,0.3423981,0.90231156
0.58562505,0.12267904,0.9018142
0.61375,0.06197346,0.9006206
0.60749996,0.3362483,0.9006808
0.55375004,0.4345349,0.90195096
0.54625,0.40712,0.90172136
0.5475,0.29839218,0.90099776
0.67125,0.4417743,0.90159607
1.809375,0.29317188,0.90143013
1.7868751,0.43778095,0.9010459
1.77375,0.62051046,0.9015999
4.665625,0.7636168,0.90187156
8.46625,0.4751511,0.901808
8.47,0.4734233,0.9021634
8.205,0.47687697,0.901512
8.241876,0.3395115,0.9010575
8.49,0.48499903,0.90185547
8.595625,0.43465132,0.901093
8.560625,0.5100682,0.90152276
8.58125,0.92813444,0.9010111
8.365,0.54237586,0.9013225
5.3856254,1.7849694,0.9004657
5.405,1.5212643,0.9006963
1.805,0.29731974,0.90134656
0.58000004,0.5376643,0.9015871
0.54625,0.25362736,0.9018351
0.57875,0.16684583,0.90163314
0.52812505,0.5391903,0.9020747
0.93937504,0.7883415,0.9021734
1.6543751,0.76994836,0.90180624
4.7981253,0.49573126,0.9012674
8.2543745,0.83375,0.9015384
8.3975,0.66226864,0.90113807
8.7575,0.8309212,0.90063715
10.420626,1.0140483,0.9014658
11.3925,1.2507201,0.90161014
11.306875,0.8285365,0.90272474
11.114375,0.83221984,0.9010701
5.306875,0.83096874,0.9022516
5.6581254,0.6907973,0.9014492
8.45,0.8251214,0.90079355
5.8050003,0.73959315,0.9013027
3.966875,0.79738915,0.90176713
5.93375,1.2034745,0.9016266
6.0775003,0.80502033,0.90114367
5.9687505,2.0254507,0.901168
5.739375,1.8108972,0.9016794
5.605625,0.6305344,0.9005643
1.961875,0.8341963,0.9013057
1.504375,0.580521,0.9006903
1.5393751,0.49903232,0.90140796
1.56875,0.8630711,0.9010459
1.523125,0.8440292,0.9014071
1.565,0.83595824,0.90128994
1.554375,0.52213335,0.9011438
1.598125,0.86795807,0.9010236
4.2468753,0.73166144,0.902195
8.752501,0.8602692,0.9019699
9.201875,1.0405501,0.900741
11.20625,1.2863889,0.90235984
11.349375,0.86153376,0.90202665
11.265625,0.83975565,0.90151644
11.160625,0.8217386,0.9025601
11.1975,0.6693783,0.90151465
11.1575,0.7913563,0.9014039
7.7656255,0.6744072,0.90166414
4.784375,0.80541074,0.9005008
5.8625,1.2168654,0.9015839
5.9500003,0.81572294,0.9014504
5.9550004,2.0053785,0.9015672
5.5862503,1.7822937,0.9015019
5.159375,0.4976448,0.9020418
1.818125,0.77801526,0.9016988
1.6175001,0.39941275,0.90161705
1.628125,0.37406117,0.9007585
1.64125,0.72469926,0.9015055
1.5918751,0.65954006,0.90211666
1.6137501,0.5763873,0.9003768
1.595625,0.34067243,0.9014975
1.6025001,0.7098148,0.9013084
2.738125,0.59182465,0.9005743
3.325625,0.7537515,0.902611
5.0937505,0.9302026,0.901649
7.0125003,1.1277046,0.90153456
10.604375,0.69212687,0.90181434
5.65,0.69031465,0.9014652
5.9125,0.7230234,0.90138817
5.8518753,0.57314885,0.90226984
5.2581253,0.7227535,0.9007685
4.4625,0.6514213,0.90141
3.04,0.7708614,0.9013573
5.7893753,1.1363742,0.9009788
6.00875,0.7402092,0.9016695
6.0175004,1.9217529,0.9011084
5.4750004,1.6823196,0.9024204
4.2175,0.41333497,0.90269244
1.88875,0.5894828,0.9017695
2.2075,0.3566963,0.9027407
1.68875,0.3072887,0.9015678
1.6343751,0.66356146,0.9019866
1.624375,0.67651165,0.90086293
1.605,0.7144885,0.9015409
1.6450001,0.41618335,0.9011017
1.626875,0.70007014,0.90107644
2.7881248,0.58701706,0.9014313
3.34375,0.68607426,0.9016844
4.425,0.87694573,0.9018004
6.0637503,0.99239254,0.9028336
5.864375,0.68214357,0.9016781
5.9225,0.6844287,0.90208566
5.160625,0.75853133,0.90261877
4.9456253,0.62049806,0.9008299
4.95375,0.7850778,0.9017767
4.828125,0.6586951,0.9012116
3.46875,0.72487915,0.9008825
4.948125,1.1321402,0.90243435
5.07,0.7755554,0.90161943
5.14875,1.9108487,0.9015815
5.20375,1.7190527,0.90185523
6.465,0.49142274,0.9020181
7.365625,0.74849045,0.90114665
1.7581251,0.5082407,0.9023367
1.5768751,0.4277436,0.90239584
1.5918751,0.73223686,0.90127265
1.55125,0.7448108,0.90079916
1.5612501,0.72962916,0.9014331
1.5756251,0.42941827,0.90153635
1.573125,0.8093101,0.9015877
2.73875,0.6730433,0.9017066
3.2737498,0.80038357,0.90105486
4.920625,0.9083481,0.9013643
5.770625,1.2072453,0.9012464
5.155,0.78931713,0.9010848
4.944375,0.79931843,0.90139365
4.75875,0.80612993,0.9026514
4.7375,0.6751278,0.90231776
4.9281254,0.8080343,0.9017683
3.8431249,0.6744359,0.90256655
3.8574998,0.77176344,0.901574
4.92875,1.1869026,0.9017837
5.035625,0.810038,0.9019685
5.083125,1.9100608,0.9010968
4.6450005,1.6993158,0.9021064
4.44125,0.5434352,0.90196884
1.826875,0.812755,0.90103436
1.626875,0.57101,0.90157354
0.77874994,0.51190543,0.90111434
0.60875,0.85889447,0.90203965
0.609375,0.47749022,0.90151465
0.58375,0.46914798,0.9007069
0.580625,0.31104943,0.9013252
0.66312504,0.48116973,0.9011322
1.823125,0.3823204,0.9014797
2.41625,0.48439077,0.9011893
2.719375,0.64829296,0.900857
2.7512498,0.79341006,0.9011266
2.365625,0.47874397,0.90121996
2.083125,0.48469803,0.901399
2.0962498,0.4910478,0.9015931
3.6018748,0.35464013,0.9014945
4.36,0.5026571,0.9019685
2.9712498,0.36460432,0.90163994
2.4518747,0.5099921,0.9022001
2.51,0.90902436,0.90136504
2.5349998,0.4290415,0.9016583
7.595625,1.6590551,0.90142274
7.6775,1.3806739,0.9007083
7.6531253,0.21032989,0.9025992
2.965,0.3814752,0.9019631
0.58500004,0.20150116,0.9018655
0.58500004,0.10151758,0.90080273
0.61,0.42194426,0.9014634
0.596875,0.49142176,0.9015088
0.58687496,0.47181475,0.90159535
0.56625,0.27085268,0.9013603
0.59125,0.46788597,0.90161586
0.57375,0.36459792,0.90145993
0.56937504,0.47415528,0.9014193
0.51750004,0.660409,0.9013802
0.99687505,0.86870265,0.9012852
1.06375,0.50280917,0.9004611
1.0287501,0.55485034,0.90081835
0.565,0.5542162,0.90189636
0.56625,0.40281707,0.9017384
0.53312504,0.5511608,0.90342546
1.8756251,0.41898227,0.9011115
3.653125,0.58787024,0.9009937
7.0343747,1.004689,0.9011165
7.776875,0.58938575,0.9012451
7.8281255,1.8150433,0.90243554
7.748125,1.5490559,0.9018096
2.096875,0.36223856,0.90087247
0.62375,0.5459153,0.9015415
0.645,0.30198368,0.9019489
0.63125,0.23806298,0.90126944
0.59625,0.55733824,0.9021479
0.62375,0.82923627,0.90187895
0.640625,0.78777266,0.9013902
0.660625,0.49177897,0.90126
0.5925,0.8249897,0.9022249
0.724375,0.68698907,0.90061474
1.13,0.8049748,0.90166867
3.250625,0.9979756,0.9021574
9.059375,1.1949024,0.90088093
9.056251,0.72533214,0.90109015
7.9962506,0.71243644,0.9021393
3.95125,0.7145966,0.90093553
2.5831249,0.5727533,0.90145016
2.600625,0.72412,0.90079594
2.605625,0.64062536,0.90159726
3.3687499,0.7429919,0.9008213
5.0662503,1.1895292,0.901351
5.0662503,0.7916751,0.9006221
5.17375,1.9253774,0.90094244
4.8325005,1.7156227,0.9016788
2.68375,0.5579313,0.9017875
0.81562495,0.7522323,0.9023377
1.331875,0.5420704,0.9017395
0.604375,0.45968246,0.9003602
0.59062505,0.74711573,0.9010322
0.56437504,0.73760116,0.90118146
0.593125,0.7569543,0.90139914
0.58375,0.47434276,0.90123177
0.69124997,0.7866192,0.901986
1.83125,0.6544719,0.90098953
2.2743747,0.78165936,0.9024584
2.3925,0.98168325,0.9023664
3.3075,1.1981443,0.9002155
3.785625,0.8079462,0.901706
5.1243753,0.8169942,0.90159035
5.0950003,0.8268424,0.9012315
4.373125,0.70068955,0.9013517
2.8525,0.8407091,0.90144587
3.439375,0.7376144,0.9017807
5.073125,0.84183526,0.9014809
5.85,1.2459654,0.90093577
5.7387505,0.8548657,0.9018315
5.9075003,2.051373,0.9015577
5.6218753,1.8313769,0.9006927
5.526875,0.55570406,0.90231097
1.901875,0.8074728,0.90125287
1.5725001,0.5283085,0.90126884
1.5925001,0.45277923,0.90106046
1.595625,0.82508695,0.90205574
1.558125,0.81762004,0.9007834
1.5718751,0.7813997,0.9005933
1.578125,0.46919364,0.90142095
1.578125,0.7695627,0.90011084
2.720625,0.60679615,0.9018048
3.275,0.748927,0.9014871
6.060625,0.9292648,0.90198565
9.2575,1.0786707,0.9012897
9.504375,0.7443814,0.90175724
8.258124,0.74503803,0.901276
8.1293745,0.7549499,0.9018904
5.425625,0.63761544,0.90133286
3.3393748,0.77790034,0.90051067
3.299375,0.6961199,0.9009712
4.244375,0.79077363,0.9008044
5.896875,1.1433574,0.9022045
6.0425005,0.79353476,0.9018196
6.125,2.0046031,0.9013686
5.640625,1.7681662,0.9013133
5.74375,0.506021,0.90182793
2.01,0.76707685,0.90128434
1.7525,0.4996088,0.90110075
1.783125,0.33654952,0.9015002
1.735625,0.681275,0.9009839
1.74375,0.6946846,0.9020666
1.739375,0.6099733,0.90221167
1.71875,0.39665547,0.9019792
1.78125,0.6941569,0.90239286
2.9156249,0.53558695,0.90071964
3.4737499,0.66369903,0.90149987
8.53125,0.8198266,0.9013164
9.4,0.9930773,0.90096974
8.2825,0.6948893,0.90127134
8.291875,0.70460236,0.90118194
8.219375,0.70432687,0.9013128
8.3237505,0.60468173,0.90088487
8.353126,0.7326131,0.90241385
8.191251,0.637048,0.9004388
8.606875,0.7040105,0.9019432
8.401251,1.0906738,0.90199864
9.688126,0.7328117,0.9016645
8.766875,2.015227,0.9018208
5.5775,1.7924246,0.90189826
5.55875,0.48381695,0.9013243
2.3037498,0.74086237,0.90194213
1.6324999,0.46595806,0.9010916
1.6475,0.34264868,0.90198326
1.63625,0.7448487,0.90125847
1.6324999,0.7890885,0.9016502
1.5749999,0.76318634,0.90179706
1.6300001,0.45896155,0.90082085
1.6331251,0.8145634,0.90176654
2.735,0.66019034,0.9001639
4.32,0.8023466,0.90162003
9.206875,0.989908,0.90172446
9.3550005,1.2001739,0.9005408
8.340625,0.7987288,0.90137565
8.381875,0.7872133,0.9008887
8.273126,0.77368164,0.90134
8.132501,0.63243055,0.90078485
8.346251,0.7500204,0.9008932
5.983125,0.6552906,0.90112686
4.8012505,0.74265873,0.9023235
5.84625,1.1092525,0.90039885
5.933125,0.74279284,0.90135694
6.293125,1.9878275,0.9011315
6.17625,1.7756572,0.9017494
5.6743755,0.47844267,0.9008821
2.99875,0.7444185,0.9010968
1.585625,0.47070292,0.90156245
1.605,0.3678635,0.9014516
1.5987501,0.74030805,0.9010254
1.5612501,0.33022267,0.90152454
1.563125,0.3044892,0.90075874
1.58625,0.20010798,0.90119505
1.59375,0.3276927,0.90124464
2.6974998,0.2079747,0.90084743
2.781875,0.33980054,0.9008312
2.729375,0.49213418,0.90144503
2.5206249,0.6800471,0.9021292
5.0950003,0.34007424,0.90079176
7.9768753,0.33726135,0.90145814
8.070624,0.33351934,0.9010507
8.06125,0.20112701,0.9025105
3.515625,0.34904808,0.9014417
3.9324996,0.24747697,0.9005823
7.8799996,0.3142586,0.90277505
5.734375,0.7522279,0.9012009
3.078125,0.38296527,0.90146375
4.151875,1.7361088,0.90146935
7.3993754,1.3838456,0.9015373
8.27875,0.14990559,0.9014584
7.1493754,0.35035235,0.9010452
2.51,0.105622776,0.90239227
0.634375,0.043510064,0.9018692
0.66625,0.35044765,0.90111315
0.653125,0.4750792,0.90167964
0.62125003,0.45099905,0.9007206
0.616875,0.2970937,0.9012401
0.70500004,0.45301846,0.90160155
1.780625,0.3224343,0.9015883
1.765,0.4630737,0.90158653
1.7775,0.6297494,0.9010844
2.2124999,0.81702924,0.9012493
5.24625,0.5047351,0.9020157
8.01875,0.4796031,0.9013057
3.94,0.47034094,0.90153515
1.7956251,0.31859082,0.90131927
1.64125,0.47730774,0.9016149
1.8225,0.39093405,0.9017556
5.0600004,0.4290483,0.9011769
5.6937504,0.8946029,0.9024353
5.884375,0.4911937,0.901193
6.113125,1.8069123,0.90169835
6.224375,1.5377405,0.90159714
5.7806253,0.32051128,0.9020879
0.7175,0.5173764,0.90148926
0.64812505,0.26387978,0.901337
0.640625,0.16077396,0.9008763
0.578125,0.49657786,0.90072465
0.56625,0.7708465,0.90182376
0.728125,0.73971176,0.9011675
1.780625,0.46629912,0.9010414
1.74625,0.7491838,0.9020096
1.785625,0.63963187,0.90187204
2.295625,0.79276085,0.90236104
4.56,0.9517094,0.90141475
4.969375,1.1828498,0.9016681
4.819375,0.8382052,0.90226567
4.809375,0.81897473,0.901397
4.833125,0.7760662,0.9008454
4.514375,0.6558003,0.9023355
2.506875,0.77853644,0.90181684
2.4256248,0.71512616,0.9007621
2.9837499,0.76538324,0.9019643
4.855625,1.1121099,0.9016434
5.045625,0.78013897,0.9010817
5.12,1.9466852,0.90084004
5.0125003,1.6966323,0.9011971
4.689375,0.56110764,0.90045905
2.0506248,0.7486545,0.90092456
0.71062505,0.46390945,0.9020016
0.60562503,0.3706786,0.90164375
0.556875,0.7330321,0.90157735
0.625625,0.6987095,0.9012499
0.58000004,0.68763256,0.9017439
0.563125,0.42429328,0.9009237
0.72625005,0.68996954,0.90163076
1.845625,0.6362762,0.9009086
2.2793748,0.6811465,0.9009534
3.12375,0.859542,0.90144145
5.616875,1.0267481,0.9016924
5.8162503,0.713128,0.9005542
4.904375,0.6910192,0.9011117
4.7425003,0.6841812,0.9011394
3.0818748,0.58023196,0.9019886
2.73875,0.70219195,0.9013504
2.465,0.65390396,0.90051186
2.8999999,0.70550215,0.9014907
4.89375,1.0269451,0.9011127
4.986875,0.7726675,0.9019326
5.11375,1.8754511,0.90176857
5.3975,1.648051,0.90227807
5.623125,0.5231594,0.9016324
2.50125,0.726611,0.9017819
1.588125,0.45253894,0.9009825
1.6575,0.3803007,0.90160394
1.665625,0.75926936,0.90172446
1.64,0.74572206,0.9018682
1.6137501,0.7573297,0.90142727
1.67,0.4862834,0.9016503
1.666875,0.7903347,0.90177846
2.80125,0.6594226,0.9019234
3.3225,0.7923856,0.9011972
5.0275,0.9475281,0.901531
5.895,1.1279265,0.90253985
5.755,0.7936367,0.90176535
4.7725,0.7872071,0.90113163
4.78125,0.76525533,0.9023608
4.8187504,0.63146186,0.9017743
4.951875,0.74452233,0.9017019
2.9187498,0.6714741,0.9011775
3.0168748,0.7323098,0.90088224
5.076875,1.0994265,0.9022404
7.6443753,0.71564054,0.9019854
7.7343755,1.9521176,0.9022753
5.6175003,1.6772295,0.90017307
5.17875,0.4875152,0.90112305
2.2131248,0.68981385,0.902658
1.7125,0.46504837,0.90229785
1.73,0.34087,0.90244293
1.715,0.6934335,0.90124047
1.69875,0.68335116,0.9009305
1.7175001,0.66271347,0.9012828
1.75625,0.43402362,0.90221727
1.728125,0.70890987,0.9020729
2.83125,0.5588594,0.90115714
3.375625,0.711535,0.90143967
4.4325004,0.8919982,0.90156007
6.014375,1.1202937,0.90233064
5.9062505,0.6725372,0.9026426
5.99875,0.7024785,0.9022244
5.94875,0.6899297,0.9006506
5.711875,0.5400281,0.90254855
4.9587502,0.7303394,0.90039885
4.940625,0.6444361,0.9010385
3.8174996,0.70535696,0.9014592
5.051875,1.0957314,0.9009017
6.129375,0.68730044,0.90124524
5.985,1.9089403,0.90114605
5.609375,1.7123283,0.9010836
5.6468754,0.4797352,0.9015906
4.6475005,0.69064844,0.90194654
2.8649998,0.4359821,0.90137506
1.80875,0.34794235,0.9016247
1.78375,0.70903146,0.9015943
1.7925,0.7498858,0.9015349
1.7725,0.73735213,0.9008961
1.7756251,0.45221192,0.9013332
1.81875,0.75298214,0.90094185
2.878125,0.6312974,0.90086114
3.4643748,0.72599125,0.9018192
5.15,0.9225091,0.90162325
6.113125,1.1498203,0.9017899
5.925,0.7368064,0.90130293
5.930625,0.71759236,0.90104735
5.2137504,0.70851004,0.90175915
4.82125,0.59167945,0.9011729
4.285625,0.7098304,0.9017259
2.3818748,0.6438,0.9020735
3.1874998,0.73929715,0.9012126
4.5025,1.1448443,0.9013599
5.023125,0.77998316,0.90189886
5.210625,1.898958,0.901621
4.6475005,1.6663307,0.90133893
4.580625,0.5533271,0.9014181
2.0181248,0.79796183,0.9021063
1.06125,0.5456604,0.9007802
0.74875,0.45175314,0.9015293
0.7175,0.8165848,0.9011054
0.683125,0.4461866,0.9006965
0.64625,0.4242267,0.9013264
0.66937494,0.29834616,0.90063345
0.71000004,0.4451296,0.90069556
1.8650001,0.35172182,0.9025215
1.80375,0.46787181,0.90036356
1.7912501,0.55565363,0.90075696
3.125,0.7622342,0.9009955
5.788125,0.47554228,0.901199
6.3337502,0.40802717,0.9013778
6.2000003,0.4307068,0.9017614
6.1981254,0.28482658,0.9023901
6.5393753,0.41639465,0.9007627
4.870625,0.27885875,0.9017739
3.8262498,0.422562,0.9010773
3.0256248,0.85373974,0.9014871
3.5312498,0.40611172,0.9008421
3.615625,1.7164191,0.90176415
7.3956256,1.4037777,0.90079
10.05875,0.21479031,0.9003389
8.938126,0.3603961,0.9018593
3.299375,0.10773417,0.90218055
1.916875,0.03539875,0.9018673
1.9468751,0.34320804,0.901451
1.9274999,0.4330235,0.9009361
1.951875,0.4129429,0.9019761
1.893125,0.30251116,0.9015459
2.011875,0.49802157,0.9009646
3.0974998,0.35696363,0.9018172
3.075,0.47226843,0.9021977
3.033125,0.66301954,0.90187454
4.7225003,0.8047514,0.9017739
7.891875,0.48125875,0.9012754
7.56875,0.53301454,0.9015646
6.6450005,0.5690884,0.90065205
6.7031255,0.48825645,0.9018756
3.960625,0.53708196,0.9018967
0.776875,0.45349735,0.9020227
0.79312503,0.5289531,0.90142727
1.180625,0.89940643,0.9010112
5.165625,0.49284044,0.90006304
4.8831253,1.7745266,0.90079343
1.684375,1.5072535,0.9015738
1.683125,0.24494794,0.9019178
1.6718751,0.41526717,0.90116453
1.663125,0.17106326,0.902195
1.6756251,0.07136792,0.90158117
1.670625,0.41960937,0.90046847
1.6918751,0.7045027,0.9012084
1.68625,0.6416465,0.9012487
1.62625,0.40694118,0.90103364
1.665625,0.7018074,0.90131927
1.754375,0.57942444,0.9017514
2.153125,0.70340383,0.90104175
4.223125,0.8544798,0.90108883
5.715,1.0501429,0.90169156
3.5387497,0.68103313,0.9003347
3.5818748,0.6567097,0.9015447
3.5862498,0.6986058,0.9003593
3.6012497,0.58758366,0.9017241
3.2187498,0.65553606,0.9011793
2.5881248,0.61655223,0.90205896
3.2568748,0.78411055,0.90067995
5.610625,1.0883192,0.9018692
5.9975004,0.63629353,0.90141654
6.2312503,1.983639,0.9020337
6.470625,1.6963083,0.89999247
6.234375,0.5550554,0.901126
3.8487496,0.684955,0.90133584
1.7912501,0.37077406,0.9014795
1.6718751,0.26003057,0.900481
1.735625,0.62581366,0.9016926
1.705,0.60049105,0.9014877
1.7006251,0.55034006,0.9020138
1.655625,0.34012327,0.9023448
1.823125,0.48963338,0.9015993
2.9587498,0.4310445,0.90077007
3.3618748,0.60432315,0.9018291
3.3975,0.79591846,0.9016806
3.43625,0.9942579,0.9011022
3.594375,0.6181115,0.9023454
3.5956247,0.62588125,0.90176976
3.6068747,0.6310851,0.90133
3.5037498,0.5038973,0.90229344
3.593125,0.5622348,0.9018065
3.523125,0.48843724,0.902298
4.5725,0.58457476,0.9008324
5.79375,0.93801904,0.9023107
5.879375,0.6062268,0.9018445
6.11875,1.797323,0.90196073
6.9918747,1.5886731,0.9018605
7.406875,0.39030173,0.900977
2.36,0.56918764,0.9014709
1.7531251,0.33146596,0.9025544
1.7725,0.20562449,0.9012574
1.77375,0.5700487,0.9005637
1.73,0.5674648,0.9017949
1.760625,0.5353368,0.9013258
1.778125,0.31792104,0.9013208
1.763125,0.5741621,0.9017799
2.82875,0.42458948,0.90179265
3.4375,0.5210345,0.9015385
4.679375,0.7397157,0.9017416
5.846875,0.900143,0.9018594
3.643125,0.5469264,0.9014952
3.6399996,0.5370208,0.9017452
3.6306248,0.524057,0.90131366
3.541875,0.34619755,0.9012445
3.569375,0.52125585,0.9023415
3.6068747,0.52354246,0.9016621
4.729375,0.48683953,0.90108776
5.98875,0.8339627,0.90170956
6.159375,0.5995084,0.90192926
6.11875,2.003983,0.90180147
5.6618752,1.788583,0.9019557
4.8275,0.4844727,0.9004874
1.916875,0.6864351,0.9005358
1.761875,0.45501244,0.9011662
1.710625,0.29169977,0.90085375
1.6918751,0.662104,0.9013035
1.69875,0.6865593,0.90203524
1.699375,0.6431401,0.9006598
1.70125,0.4181221,0.90154135
1.7075,0.7027185,0.90103936
2.8024998,0.5674944,0.9021292
3.3862498,0.7494433,0.90113103
3.8393748,0.9076493,0.9018531
5.083125,1.154104,0.9012525
4.3125,0.7696996,0.90129817
4.2675,0.8018396,0.90187216
3.826875,0.8124052,0.9019604
3.5993748,0.7068175,0.90139174
3.6825001,0.84951353,0.90167844
3.618125,0.7348604,0.90144265
3.9618747,0.81779265,0.9019246
5.07125,1.202154,0.8999938
5.21125,0.8273839,0.9022467
5.236875,2.1152332,0.901669
5.091875,1.8886842,0.9009204
4.776875,0.61163354,0.90075636
1.0662501,0.830847,0.9021627
0.8325,0.54488456,0.9013525
0.84749997,0.4392445,0.9010892
0.85062504,0.84602046,0.90237534
0.79999995,0.88941133,0.9017434
0.83000004,0.8678882,0.90114796
0.8325,0.5491512,0.9023211
0.8125,0.90323913,0.90077865
1.9187499,0.76352215,0.9011384
2.5362499,0.90793943,0.90101504
3.6575,1.0776956,0.9017837
4.8987503,1.2778423,0.900962
4.86625,0.9005996,0.9017116
6.1050005,0.9029592,0.9017496
4.801875,0.902302,0.90118825
3.4187498,0.76678085,0.90169823
3.0168748,0.88998497,0.9023901
3.4031248,0.78849363,0.9016696
4.8925004,0.8787204,0.90205956
5.9343753,1.269071,0.9017209
5.916875,0.8899338,0.9017215
6.0750003,2.1066554,0.9013845
5.6575003,1.8844697,0.9003178
3.8649998,0.6453609,0.90118587
1.901875,0.8932297,0.90057826
1.850625,0.60086447,0.9018953
1.67375,0.49178374,0.90135837
1.715,0.88677025,0.9005109
1.7162501,0.46599025,0.9017241
1.7,0.41618854,0.9016855
1.683125,0.30366293,0.90149665
1.7225001,0.43291068,0.90144503
2.8887498,0.28513333,0.9011965
2.830625,0.4410601,0.90136087
2.8337498,0.61784744,0.90174186
2.7375,0.74564826,0.9024857
4.82875,0.43390062,0.90157616
8.569375,0.41700882,0.9010452
8.720625,0.41047427,0.90109
8.82,0.24499379,0.9016422
8.91375,0.3781807,0.9012197
10.054999,0.31687534,0.9015533
9.40125,0.37351358,0.90137184
6.0075,0.7927638,0.9011899
3.530625,0.3958595,0.9011309
6.9750004,1.8224224,0.9027896
9.074375,1.4923433,0.90132785
8.73,0.19797365,0.90150464
2.5893748,0.26587817,0.9019747
1.740625,-0.01474224,0.90201974
1.708125,-0.071198314,0.90245867
1.714375,0.23497242,0.9008713
1.7337501,0.33539712,0.9020301
1.7268751,0.31762862,0.9019097
1.7125,0.24763525,0.90159297
1.77125,0.3820415,0.90200675
2.8956249,0.23169288,0.90215945
2.9018748,0.39072353,0.90268576
2.829375,0.5820635,0.90129733
3.2643747,0.7355547,0.900419
3.276875,0.4075665,0.9016713
3.294375,0.41539776,0.901297
2.8174999,0.4056997,0.9019358
2.7925,0.2718733,0.9010118
3.1375,0.4324289,0.9023495
3.4025,0.367476,0.90105486
6.973125,0.40269667,0.901765
7.499375,0.84210694,0.90120757
9.098125,0.47256008,0.90199757
9.219376,1.8925853,0.90013397
9.4825,1.6280605,0.90105236
6.165625,0.31252035,0.901644
1.770625,0.43880117,0.9014913
1.713125,0.20529838,0.9020722
1.6868751,0.06908628,0.90032876
1.723125,0.41703594,0.90186405
1.6906251,0.67260337,0.9023303
1.8156251,0.646101,0.90137184
2.865625,0.40649545,0.9009801
2.8649998,0.73983157,0.9022442
2.9418747,0.53477395,0.9012891
3.3787498,0.7369553,0.9021349
5.020625,0.95898557,0.9011321
5.8750005,1.09126,0.9020189
5.834375,0.7296437,0.90097094
5.868125,0.7316475,0.9015316
5.9375005,0.7045337,0.9013828
5.869375,0.59996915,0.90136087
5.82,0.66783917,0.90138805
4.028125,0.6151762,0.90087533
3.970625,0.74789536,0.90220475
5.941875,1.1309466,0.9021883
6.0950003,0.7558086,0.9012407
6.1418753,2.0954742,0.90310776
5.969375,1.8436366,0.9009718
5.086875,0.6328917,0.90094125
1.73875,0.72476065,0.90067124
1.74625,0.46550477,0.90151036
1.730625,0.3026766,0.90126646
1.684375,0.67671037,0.90002036
1.7137501,0.6702985,0.9011004
1.745,0.6516372,0.9010284
1.743125,0.41765308,0.9012395
1.788125,0.6861923,0.90103316
2.9668748,0.54541755,0.9012822
3.4343748,0.67696476,0.90138245
4.523125,0.8589672,0.9017137
6.034375,1.0674978,0.90175223
6.225,0.6742585,0.9014174
6.285625,0.69476414,0.9021704
6.276875,0.69739604,0.9014696
6.148125,0.51934946,0.9016665
5.315,0.61959994,0.9023849
4.410625,0.6166622,0.9006859
4.4950004,0.688589,0.9005337
5.91375,1.0821664,0.90136325
5.949375,0.70489717,0.9005581
6.11,2.0081916,0.90159273
5.7718754,1.7771783,0.9017445
5.81,0.47522405,0.9017769
3.26,0.70928454,0.9019717
1.701875,0.4205997,0.9012829
1.755,0.33083308,0.90098834
1.77,0.69815385,0.90042794
1.7006251,0.6998979,0.9021025
1.7162501,0.68632114,0.9018756
1.74375,0.4231379,0.9011847
1.78375,0.7155069,0.90045154
2.829375,0.5621734,0.90193117
3.385625,0.6943985,0.90303135
4.53,0.86020017,0.90125906
5.94375,1.1150007,0.9013009
5.8743753,0.7275008,0.90194273
5.839375,0.7404485,0.9013188
5.904375,0.75772405,0.9018495
5.888125,0.6239421,0.9012381
5.795,0.74174464,0.9006002
3.369375,0.63230336,0.90106964
4.035625,0.7010666,0.902015
6.055625,1.0872916,0.902012
6.1868753,0.7095401,0.9012586
6.225,2.0319917,0.9013561
5.5775,1.8179088,0.901387
5.56125,0.5128815,0.90090895
2.2281249,0.7447516,0.90040505
1.8056251,0.457196,0.9006648
1.78625,0.34043583,0.9021722
1.7956251,0.71592915,0.9003084
1.793125,0.71931803,0.90077245
1.7906251,0.70915866,0.90179324
1.778125,0.4508586,0.90229964
1.78375,0.72614944,0.9017879
2.899375,0.59363294,0.9021604
3.4524999,0.7705976,0.9010409
4.40625,0.9162868,0.9003799
5.8806252,1.106406,0.90181684
6.144375,0.7144947,0.9014163
6.0731254,0.73117626,0.9008807
5.989375,0.7032652,0.90147114
6.115,0.5838486,0.9004693
6.125,0.687701,0.9011283
5.88,0.60261345,0.90181935
5.959375,0.7268946,0.9014909
6.0012503,1.1675799,0.90047467
6.313125,0.7635788,0.90109384
6.175,2.0174365,0.9008914
5.516875,1.77353,0.9010664
5.665625,0.45329753,0.90234303
3.78,0.689721,0.9012598
1.6725,0.41711384,0.9011891
1.6912501,0.32031313,0.9006574
1.6800001,0.61635447,0.9015714
1.68875,0.65185356,0.9005239
1.62125,0.7335782,0.9008659
2.8325,0.44397002,0.9019047
2.878125,0.74934494,0.901579
2.885,0.629274,0.9022176
3.3349998,0.76750886,0.9009913
3.358125,0.9159759,0.90072525
3.32,1.1249486,0.9018923
3.260625,0.7598312,0.9010968
3.306875,0.7584835,0.90075696
3.305,0.75019014,0.9008484
3.3125,0.60401404,0.8994261
3.27625,0.74344456,0.9016063
3.25875,0.647776,0.90139675
3.3943748,0.7635257,0.9012301
4.2200003,1.1245449,0.90110075
5.915625,0.77455807,0.90202904
6.06875,1.9629221,0.9012784
5.58125,1.7262561,0.9007555
5.543125,0.5195622,0.90010047
1.8425,0.7764523,0.9013053
1.653125,0.49757275,0.90029764
1.6925,0.41545695,0.9015038
1.0275,0.80907774,0.90176797
0.67562497,0.3558908,0.90064025
0.70875,0.40876013,0.9024838
0.70375,0.22503436,0.90106344
0.7075,0.3866337,0.90205514
0.691875,0.23444137,0.90185547
0.781875,0.34214854,0.90184116
1.8262501,0.52129984,0.9017514
1.79625,0.6334412,0.9012896
1.76625,0.35616848,0.9024732
1.8699999,0.36329386,0.9011309
2.125625,0.36417013,0.90229225
1.843125,0.20958896,0.90040386
2.0575,0.35297924,0.9020586
4.0425,0.24029917,0.9014313
5.7525,0.3757436,0.90246665
6.808125,0.7453736,0.9008739
7.865625,0.42329854,0.9006275
9.775625,1.6659905,0.9017117
9.468125,1.3274395,0.9012692
4.564375,0.19410369,0.90192163
1.8793751,0.3430065,0.90208566
1.804375,0.11084666,0.9013425
1.81625,0.03279279,0.9021239
1.8412501,0.38286698,0.9015919
1.8600001,0.46982893,0.90172327
1.809375,0.43308312,0.9005785
1.83,0.2776382,0.9010438
1.845,0.4471772,0.90157354
1.8581251,0.30908078,0.9011891
2.0193748,0.47693625,0.90158737
2.910625,0.66294897,0.90152216
5.03375,0.77358747,0.90139484
7.0718756,0.42331213,0.90166867
7.3137503,0.4296782,0.90241146
6.84,0.45268515,0.90177774
5.82125,0.35440314,0.9013182
1.6562501,0.42622924,0.9026929
0.59187496,0.31327206,0.9012331
1.83125,0.5060885,0.90051067
3.4812498,0.8700113,0.9010062
2.205,0.43277436,0.901446
3.2237499,1.764511,0.90176034
1.708125,1.463925,0.90181684
1.7075,0.23002203,0.9009634
1.70375,0.45880666,0.90088546
1.0325,0.21523863,0.90121317
0.6893749,0.13896745,0.9014877
0.75374997,0.45654914,0.9014269
0.73749995,0.7755537,0.9019551
0.704375,0.74988663,0.90161014
0.69000006,0.45940617,0.90094364
0.73749995,0.77843785,0.90188134
0.76125,0.63686734,0.89976215
1.2475001,0.7287617,0.9011096
1.183125,0.94636595,0.9011558
1.175,1.0983332,0.90117836
3.4299998,0.8038753,0.90191126
4.333125,0.73528636,0.90195847
1.2075001,0.72599113,0.90202546
1.105625,0.5793463,0.90156245
1.149375,0.7242408,0.9018383
1.125,0.6432419,0.90056074
1.145625,0.6879196,0.9016402
1.33,1.1360037,0.9019809
1.396875,0.83768034,0.90165436
1.3206251,2.0074186,0.9011301
1.301875,1.7728045,0.90209806
1.6906251,0.6401714,0.9009162
1.7537501,0.8160838,0.9016609
1.695,0.5530604,0.90111494
1.6562501,0.41756856,0.9009545
1.72375,0.7051883,0.9018222
1.704375,0.25516787,0.9014343
1.684375,0.22485456,0.90113306
1.6868751,0.14260021,0.90129113
1.716875,0.22373128,0.90159035
1.82875,0.04670149,0.9020916
2.2481248,0.19250837,0.90101266
2.199375,0.36848247,0.90160215
2.184375,0.4928254,0.9018178
2.1499999,0.19700128,0.900957
2.0931249,0.19726022,0.9020909
2.11125,0.19480397,0.90104055
2.1343749,0.037916005,0.9024626
2.14625,0.16439515,0.90088165
2.1274998,0.104039624,0.90211535
2.17625,0.13301598,0.90083945
2.2668748,0.508812,0.9019952
2.276875,0.19081637,0.90157497
2.2393749,1.4663723,0.90212274
1.81625,1.0896299,0.9019147
1.75125,-0.013364404,0.9015287
1.708125,0.13865049,0.9006518
1.725,-0.082500845,0.90083826
1.728125,-0.19838393,0.9026873
1.7600001,0.14367186,0.90140736
1.714375,0.15201919,0.90110755
1.7162501,0.10906217,0.9012519
1.73125,0.09047658,0.90178704
1.693125,0.10392819,0.90178335
1.805,-0.015420601,0.9022163
2.251875,0.107078746,0.9027102
2.2168748,0.2933515,0.90123177
2.123125,0.40653214,0.9020649
3.918125,0.12829483,0.90114796
4.40875,0.11389256,0.90183496
3.423125,0.09859527,0.90169036
2.8687499,0.03163722,0.900628
2.8799999,0.11325448,0.90082586
2.8806248,0.12115609,0.9008789
2.8718748,0.15472342,0.9006971
2.7749999,0.48278958,0.9007274
1.79,0.10521034,0.9016725
1.513125,1.3890688,0.9020684
0.7825,0.97285306,0.9022279
0.69562507,-0.06133181,0.9017303
0.70687497,0.129209,0.90235364
0.701875,-0.10934785,0.90142465
0.74750006,-0.19894126,0.90063906
0.744375,0.092429705,0.90125024
0.6925,0.5716994,0.90087426
0.72375,0.57076603,0.90260875
0.75750005,0.34781158,0.90066457
0.708125,0.60423255,0.90214014
0.79999995,0.46764696,0.9013113
1.274375,0.60284483,0.9009168
1.2231251,0.77169466,0.9002292
1.16625,0.9630506,0.9018736
1.9300001,0.5663978,0.9005563
2.53875,0.5310612,0.90204704
2.5424998,0.47379696,0.9012164
2.554375,0.37572408,0.9017645
2.6124997,0.44951048,0.9026129
2.3274999,0.4296497,0.90112567
2.3643749,0.5171586,0.9008038
2.4443748,0.87925434,0.90129733
2.4268749,0.5654001,0.90147233
2.450625,1.8264515,0.90172136
3.8725,1.6601534,0.9011558
6.3056254,0.3677264,0.90263486
3.2875,0.6052857,0.9017081
1.8356249,0.3567334,0.9010637
1.87875,0.25976664,0.9020566
1.8718752,0.5814687,0.9020231
1.285625,0.60807574,0.901093
0.728125,0.5801741,0.90189993
1.8687501,0.33615065,0.90114677
1.931875,0.58129853,0.90198565
1.9825001,0.4356283,0.9018003
2.399375,0.5246225,0.90142214
2.3806248,0.7005557,0.9015031
2.360625,0.91602445,0.90147436
2.353125,0.57029295,0.9029412
2.3274999,0.56614536,0.9014602
2.4343748,0.46528837,0.90217376
2.5193748,0.36452538,0.90172076
2.344375,0.5482418,0.9019172
2.325,0.43301994,0.90117526
2.366875,0.5435252,0.90101624
4.611875,0.96579254,0.9019201
5.88,0.62396324,0.9009279
6.273125,1.7924018,0.9002912
6.0975,1.5434121,0.90063775
4.7000003,0.32938528,0.90161526
0.93062496,0.5772636,0.9017315
0.79937506,0.33952105,0.90183496
0.729375,0.25415403,0.9015186
0.75812495,0.55477417,0.9016677
0.72,0.19550623,0.90112424
0.74812496,0.18797779,0.90146875
0.73687494,0.14963488,0.9009832
0.6875,0.20096873,0.90152
0.735625,0.05899553,0.90198565
0.875,0.20691183,0.900501
3.0893748,0.39433318,0.9013041
4.179375,0.58186644,0.90113103
4.20375,0.25763768,0.90104795
4.2356253,0.26596987,0.9015645
4.363125,0.25187358,0.90140796
5.1625,0.07406877,0.90230453
3.8631248,0.26293054,0.9009495
3.879375,0.20246278,0.90130484
5.5775,0.21851118,0.9022522
4.60875,0.53854555,0.9005079
5.75875,0.25193778,0.9016316
6.56125,1.6378437,0.9010085
5.909375,1.3037875,0.90129614
5.9550004,0.07309161,0.9007715
4.67375,0.24488994,0.90162444
4.811875,0.0066295117,0.9009812
4.2556252,-0.038823813,0.90217316
4.11125,0.26489723,0.90110135
4.0193753,0.38228232,0.9016001
3.28875,0.35615033,0.90093255
0.75187504,0.2305148,0.90131986
0.74312496,0.36948255,0.9010174
0.698125,0.2196851,0.9019946
0.86875,0.2841887,0.9012873
1.8756251,0.47461805,0.90216744
5.4231253,0.77877676,0.90261614
6.145625,0.3478921,0.9018047
5.07,0.40707475,0.9019145
3.0987499,0.35023814,0.90117073
3.045,0.27222613,0.9013946
0.875625,0.35188228,0.9001274
0.49,0.22665319,0.90151155
0.55,0.35143578,0.9013125
0.964375,0.77507055,0.9015293
1.8612499,0.36953557,0.90130234
1.8775,1.738083,0.9017265
1.9250001,1.4607332,0.9019263
1.8418751,0.1489075,0.9020506
0.6825,0.3211041,0.9009266
0.65875,0.088274285,0.90133154
0.65125,0.0015310198,0.900676
0.671875,0.33038396,0.901888
0.66812503,0.6183673,0.90161884
0.68,0.58907866,0.9012507
0.63250005,0.36679664,0.9027976
0.673125,0.6141728,0.90112805
0.765,0.46418983,0.9018247
1.400625,0.57597446,0.90161526
2.336875,0.7730148,0.90195537
2.3743749,0.9762012,0.90079355
2.3431249,0.5950841,0.9017339
2.284375,0.6282017,0.90167725
2.3406248,0.6242975,0.90207815
2.3587499,0.48157868,0.90164196
2.3193748,0.65142953,0.9011438
2.3124998,0.60403734,0.90097225
1.09,0.62826717,0.9020879
1.1875,1.0327688,0.901981
1.19875,0.6554787,0.90106606
1.1956251,1.9266452,0.90118504
1.004375,1.7490147,0.9001894
0.660625,0.529174,0.90065706
0.68125,0.71634567,0.9010824
0.70562506,0.46166906,0.9009192
0.66499996,0.36670515,0.90033925
0.66312504,0.7312645,0.9019153
0.696875,0.62971795,0.90225375
0.69437504,0.61111057,0.90187585
0.665625,0.39093345,0.9006419
0.84624994,0.5959773,0.89981985
1.96875,0.4790653,0.90238094
2.3587499,0.61658263,0.9010438
2.36375,0.80264676,0.90163803
2.3418748,0.99432445,0.9013326
1.043125,0.6061847,0.9019306
1.08375,0.60699356,0.9014044
1.083125,0.67236257,0.900597
1.03625,0.50267184,0.90064025
1.0325,0.6606138,0.900437
1.059375,0.5272441,0.90157044
1.043125,0.5752375,0.9020474
1.296875,1.0205973,0.90129256
2.4412498,0.6639383,0.9012965
2.450625,1.8427387,0.9008908
1.9375,1.6164556,0.90238476
1.8881251,0.3806531,0.90211284
0.875,0.6096652,0.90185213
0.71125007,0.35523996,0.9015447
0.68875,0.27400362,0.9016615
0.71187496,0.63086534,0.9005028
0.71687496,0.63696694,0.9002398
0.71500003,0.6206482,0.9019135
0.72187495,0.39262384,0.89993227
0.76250005,0.6647799,0.90099096
1.8856249,0.50454146,0.90180445
2.4,0.5942924,0.9010562
2.391875,0.8165972,0.9007399
2.336875,0.9696344,0.90130115
2.2675,0.6210628,0.90124667
2.2968748,0.66611385,0.90240943
2.636875,0.60005856,0.90080214
2.471875,0.44210503,0.9017111
2.31875,0.41230917,0.90235126
2.3274999,0.36190844,0.9003154
2.3274999,0.369469,0.90234804
4.2556252,0.7170242,0.9015895
5.043125,0.5070546,0.90224314
5.158125,1.7360739,0.90154564
3.62625,1.4295893,0.9011986
3.406875,0.3015258,0.9009465
1.8856249,0.47049472,0.90175295
0.73249996,0.2496396,0.9016143
0.6893749,0.11423403,0.9017012
0.75687504,0.45585355,0.9020933
0.76,0.4739433,0.9011307
0.735625,0.44168043,0.9018519
0.735,0.3142879,0.9009794
0.70875,0.6166848,0.9011936
1.9968749,0.49871287,0.9012902
2.4681249,0.6146736,0.90147257
3.336875,0.8237202,0.9018792
4.7981253,0.96154904,0.90225375
4.8318753,0.6525115,0.90161383
4.9900002,0.65354884,0.90013134
3.6031249,0.6601312,0.9012158
2.761875,0.47287503,0.9016565
2.54,0.6439426,0.9015275
2.5206249,0.4919225,0.9015578
2.914375,0.61719084,0.9014691
4.9725003,0.9579115,0.90130067
4.9700003,0.40767515,0.9015949
4.95,1.68723,0.90089047
4.4575,1.3500801,0.90134656
4.55875,0.24054056,0.9024426
2.3118749,0.3828371,0.90136504
0.649375,0.29222146,0.902004
0.71500003,0.17933483,0.90099514
0.7025,0.51072717,0.90168977
0.6725,0.5974127,0.90040743
0.65625,0.54850936,0.9016874
1.8737501,0.3986696,0.90155303
1.915,0.63084,0.9009515
1.99625,0.39041975,0.9011761
2.445625,0.5227413,0.9017353
4.05375,0.7134036,0.9015856
4.8575,0.8877511,0.9016304
4.8306255,0.60184336,0.90166414
4.9393754,0.6151656,0.9015639
4.8162503,0.6014807,0.9007473
2.8931248,0.40558168,0.9012425
2.556875,0.6353738,0.9018022
2.4743748,0.5802686,0.90148604
2.563125,0.58711773,0.90117216
4.960625,1.0091182,0.90144
4.966875,0.6722346,0.9013258
5.195625,1.8710403,0.9010278
4.5850005,1.5721291,0.9019153
2.59375,0.32552785,0.901687
0.81500006,0.5569284,0.90072286
0.735625,0.31452054,0.90087974
0.74125004,0.20549572,0.90184176
0.70562506,0.5538534,0.9010836
0.70562506,0.15682086,0.90121305
0.70562506,0.13562493,0.9018196
0.71875,0.10819585,0.9008117
0.70000005,0.1470056,0.9020945
0.71062505,0.022509873,0.90225255
0.78,0.15992697,0.90199304
1.830625,0.33765605,0.9011953
1.7825,0.47376606,0.90091085
2.8193748,0.1585599,0.9021337
4.40875,0.15844807,0.90148544
4.745,0.16361575,0.90097654
4.9275002,0.012825578,0.9003445
3.501875,0.18895076,0.9020387
3.6375,0.13063645,0.9012196
4.199375,0.17035122,0.9011091
2.9681249,0.5855885,0.9012654
6.8262506,0.197992,0.90091264
6.273125,1.5944175,0.9008914
2.0062501,1.2220521,0.9013866
1.891875,0.00069239736,0.9017798
0.73875,0.14249116,0.901451
0.73875,-0.062356815,0.901644
0.79437494,-0.11708003,0.90114546
0.75687504,0.1613084,0.90133655
0.74625003,0.25183293,0.9004427
0.76250005,0.24912909,0.9013783
0.71687496,0.19006866,0.9010041
0.74187505,0.29239428,0.9011787
0.77312505,0.17254096,0.90254915
0.94937503,0.28979728,0.90100646
1.8375001,0.47306818,0.9021987
4.8275,0.62699974,0.90182555
6.115625,0.31818378,0.90158534
6.4118752,0.3636766,0.90130866
6.1518755,0.32802138,0.9018866
5.7581253,0.2516256,0.90153337
1.4950001,0.38890296,0.9009714
0.57500005,0.29078978,0.90108466
0.65875,0.3629139,0.9015541
0.848125,0.8351878,0.9019834
0.70875,0.44190228,0.9011464
0.69562507,1.7869207,0.90153277
0.67562497,1.506924,0.90107167
0.71624994,0.18713678,0.9012271
0.70062494,0.41110218,0.9019691
0.68562496,0.17417115,0.90211105
0.71062505,0.059293143,0.9016751
0.70000005,0.36058244,0.90091693
0.65125,0.5457604,0.9012178
0.71062505,0.61731076,0.9009893
0.74312496,0.39825475,0.90214217
0.71562505,0.68414104,0.90183675
0.75812495,0.5314909,0.90132964
1.2187501,0.6896541,0.9013673
3.678125,0.8790417,0.9018315
5.2375,1.0893614,0.90124404
3.900625,0.6785767,0.90036845
3.4775,0.66798794,0.90155125
3.389375,0.6338093,0.90124786
3.50625,0.4707333,0.90085363
3.5624998,0.6025808,0.9014368
3.4475,0.57438684,0.90145016
3.8193748,0.60557175,0.9018377
5.944375,1.110184,0.901145
6.285,0.6924931,0.90176594
6.29125,1.9642459,0.901314
5.1725,1.7455672,0.9012611
4.579375,0.44833067,0.9008976
4.29,0.6349435,0.9013078
2.3262498,0.37041944,0.9009979
1.6718751,0.3370875,0.9012501
1.6300001,0.69857633,0.90092814
1.64125,0.66005874,0.90067136
1.608125,0.6264907,0.9005275
1.656875,0.3831668,0.9007095
1.7337501,0.6313027,0.9013413
2.87625,0.49788243,0.9015064
3.2806249,0.62753415,0.9014002
3.35375,0.77892613,0.9012823
3.461875,1.0253605,0.90208614
3.5974998,0.5963307,0.9017651
3.440625,0.62676775,0.90202415
3.531875,0.6341919,0.90204406
4.230625,0.5060435,0.901047
4.655625,0.64924026,0.9012128
5.20125,0.551806,0.90248156
5.97125,0.60575575,0.90172315
6.17,1.0811958,0.90082073
8.529375,0.66927326,0.9017706
9.058125,1.9259812,0.9011779
7.4462504,1.6630002,0.9023495
7.0812497,0.37318426,0.90187275
6.071875,0.6542904,0.9013169
2.08125,0.39591792,0.90165436
1.6868751,0.29424036,0.9005281
1.6300001,0.6356704,0.90122354
1.643125,0.6537094,0.9013157
1.6137501,0.6280436,0.9018953
1.6425,0.3412908,0.90166414
1.653125,0.5837199,0.90165854
2.736875,0.510421,0.9013599
3.2424998,0.61426216,0.9007734
4.5025,0.82826996,0.90195477
5.053125,1.0303909,0.90181684
4.6287503,0.64596725,0.9015758
3.57125,0.6400542,0.90123034
3.35,0.60741884,0.9013152
3.32875,0.4786197,0.9023006
3.408125,0.6261368,0.90067935
3.4812498,0.5460304,0.90192723
4.148125,0.512658,0.9010726
6.0125003,1.0029737,0.9012798
5.881875,0.5854273,0.90037024
5.8025002,1.9243691,0.90145016
4.686875,1.7819504,0.90132487
4.201875,0.45667243,0.9010874
4.26,0.70291495,0.9021529
1.736875,0.36995995,0.90186703
1.563125,0.25934303,0.9014441
1.5812501,0.58131737,0.90117335
1.6068751,0.58429337,0.9008635
1.641875,0.55576915,0.9015732
1.544375,0.34552237,0.9012066
1.60125,0.6099652,0.9022651
2.699375,0.45733374,0.90144145
3.236875,0.5522274,0.9007746
3.374375,0.7669536,0.9009228
3.8968751,0.97499776,0.901265
4.0275,0.6135075,0.9016007
3.9893749,0.67731535,0.90192664
3.4956248,0.6704346,0.90226436
3.4025,0.54117,0.900951
3.416875,0.6735469,0.901875
3.4781249,0.6173444,0.900489
4.15625,0.70206547,0.9004798
6.115,1.1574775,0.9009323
5.940625,0.797253,0.90117013
6.08,1.9957678,0.9013783
6.376875,1.7787273,0.9020376
6.3856254,0.5123544,0.90169
5.509375,0.7820915,0.90132606
2.109375,0.44811937,0.9016428
1.54,0.33535048,0.9020606
1.5868751,0.6763054,0.9013059
1.5612501,0.69520795,0.90140736
1.543125,0.60923123,0.90034163
2.573125,0.4375015,0.90163624
2.7256248,0.70707774,0.90124226
2.7906249,0.55982065,0.90205276
3.1825,0.673951,0.90114665
4.2312503,0.8638953,0.9014257
4.046875,1.0801419,0.90079355
3.241875,0.6894202,0.90238714
3.3825,0.6966604,0.90196276
3.25625,0.5985636,0.9018421
3.22875,0.523843,0.9007466
3.1975,0.6933875,0.90030575
3.315,0.6247412,0.90202
4.3387504,0.7072928,0.9016266
6.101875,1.0147853,0.9012433
5.949375,0.6520188,0.902009
6.0125003,1.8813386,0.9014996
5.54125,1.6151513,0.90017486
7.46,0.37661612,0.90266716
7.9218755,0.61263794,0.9004272
7.7625003,0.35459352,0.9021983
3.075625,0.2585373,0.9011755
2.7393749,0.6151413,0.9026084
1.6750001,0.20114335,0.9013529
1.625,0.17567895,0.9014739
1.666875,0.13805726,0.900187
1.5825,0.18040907,0.9016763
1.625,0.044900462,0.9020704
1.74375,0.18155946,0.9018198
2.679375,0.3782822,0.90179586
2.578125,0.4905656,0.9011785
4.9875,0.16979048,0.9013145
7.773125,0.17232966,0.90103817
5.48,0.16582243,0.9017458
4.80875,-0.0066721886,0.901013
7.71,0.17975265,0.9018724
1.864375,0.14992493,0.90120983
2.131875,0.18785061,0.9016055
2.998125,0.5842551,0.90172195
7.6300006,0.23300095,0.90120244
9.155,1.658348,0.90101504
8.9425,1.3487904,0.9003569
6.9912496,0.06628078,0.90202963
3.92,0.21219054,0.901438
2.781875,-0.002440229,0.9011953
2.723125,-0.046848416,0.90197587
2.599375,0.27345347,0.9022703
1.6475,0.3684187,0.9021032
1.62,0.3298505,0.9015082
1.5775,0.22243099,0.9010029
1.5749999,0.32788822,0.90178645
1.59,0.20647448,0.9012971
1.723125,0.32229257,0.90192306
2.72625,0.4742127,0.9014355
6.015625,0.7120279,0.90197
8.978126,0.35083753,0.90156925
9.15875,0.3992401,0.9013063
8.7375,0.34936345,0.9016838
8.591875,0.18091878,0.9017141
6.985,0.29202312,0.9016417
7.0956254,0.26256275,0.9014056
7.75625,0.32555693,0.9014878
6.61875,0.70229757,0.9017538
6.6018753,0.37242877,0.9011419
7.4418755,1.701715,0.9008205
9.2375,1.4452761,0.9014267
9.223125,0.23922631,0.9004748
5.313125,0.43750906,0.90152955
2.63875,0.20025629,0.90226734
1.62875,0.12739998,0.9018762
1.61625,0.4701405,0.9002911
1.561875,0.7393575,0.90133214
1.79875,0.7174747,0.9017273
2.7056248,0.45860592,0.9010581
2.7024999,0.7517879,0.90104294
2.805625,0.63676274,0.9009664
2.666875,0.7288134,0.9019822
4.0425,0.91315496,0.90194595
4.82875,1.0640239,0.9010726
4.796875,0.77014625,0.9015207
4.733125,0.7526423,0.90220714
4.819375,0.74442506,0.9010447
4.7693753,0.60647935,0.9015949
4.76,0.65771186,0.9008012
2.86125,0.56030405,0.9009528
2.37,0.50331604,0.9012855
5.125,0.87602234,0.90133035
5.058125,0.55269825,0.9008229
4.965,1.9502887,0.90086675
3.768125,1.6875962,0.9007962
4.6312504,0.46962342,0.90113306
4.304375,0.6237001,0.9023733
2.7181249,0.38673377,0.9011524
1.725,0.2920295,0.9019103
1.75625,0.6456176,0.90148485
1.77625,0.592355,0.9002031
1.761875,0.51260245,0.90178704
1.7525,0.39360857,0.9015678
1.796875,0.6667699,0.9011996
1.8687501,0.44323966,0.90162957
2.2656248,0.59443605,0.9014957
3.094375,0.7918458,0.90090024
4.638125,0.9833685,0.90172136
4.66375,0.6342405,0.90043414
4.57,0.62667,0.9024401
3.9487498,0.6273811,0.900594
2.335625,0.44306543,0.90123117
2.3631248,0.5741527,0.90099466
2.438125,0.50683206,0.9021069
2.75375,0.5538964,0.90170157
4.3431253,0.9009483,0.9011779
4.898125,0.5849848,0.9024881
4.90375,1.8930099,0.90118206
4.67875,1.6051756,0.901742
4.5868754,0.41701776,0.90147555
2.62125,0.6218784,0.9017451
1.87875,0.38618279,0.9012375
1.789375,0.26038396,0.90079975
1.72875,0.64652354,0.9008877
1.709375,0.66067755,0.90146375
1.7643751,0.63131917,0.90115285
1.768125,0.38971588,0.90176034
1.74125,0.6679256,0.9003427
1.780625,0.5118686,0.9009744
2.283125,0.6489402,0.90179944
3.8443751,0.8541119,0.9022436
4.753125,1.0398042,0.8999655
4.7737503,0.68547904,0.9023166
4.6493754,0.7189741,0.9017906
4.898125,0.7013322,0.9019972
5.11625,0.54075,0.90183115
5.0575,0.6527763,0.9011601
2.491875,0.6125815,0.9010358
2.4356248,0.67767984,0.90208566
4.355625,1.02656,0.9020339
4.733125,0.6870978,0.90195715
4.9231253,1.8941094,0.9008889
4.45125,1.6246628,0.90042734
4.363125,0.45267618,0.90195787
2.4675,0.6741512,0.9011309
1.866875,0.42530093,0.90143645
1.7725,0.34220177,0.9028822
1.799375,0.7552352,0.9022689
1.74,0.74216485,0.9013225
1.741875,0.73156154,0.9025301
1.77125,0.44628894,0.9017329
1.7675,0.7617279,0.90161026
1.8112501,0.62260866,0.9024048
2.2593749,0.7732239,0.9016037
3.1431248,0.94527674,0.9011233
4.770625,1.1055084,0.90174186
4.8181252,0.7572069,0.9006494
5.1093755,0.77126133,0.90213037
5.16125,0.77153563,0.9015511
5.1443753,0.64031696,0.90107584
5.080625,0.7840234,0.9006882
5.0975003,0.7058817,0.9010109
4.843125,0.76486754,0.90183616
5.006875,1.162338,0.9012656
4.991875,0.80719125,0.90091276
4.7718754,1.9468335,0.90195
4.2937503,1.6866075,0.8999548
4.4187503,0.56948364,0.90141296
2.9056249,0.7873297,0.9011235
1.734375,0.5440792,0.9016974
1.60625,0.4566779,0.90127337
1.653125,0.8095263,0.90074813
1.6231251,0.83060265,0.9005393
1.64625,0.7990149,0.90166295
1.635,0.49100193,0.9020299
1.6493751,0.8687233,0.9018302
2.646875,0.67975336,0.9012829
3.085,0.8324822,0.9028392
4.66125,1.0050006,0.90168405
5.9662504,1.2263175,0.9009656
5.940625,0.8700464,0.90193224
4.671875,0.82270205,0.90219355
5.3175,0.87616825,0.9029937
5.224375,0.7371658,0.90104353
5.303125,0.90922654,0.9013107
5.17625,0.770391,0.901284
3.83,0.9018347,0.90134156
5.2612505,1.284383,0.9017291
6.098125,0.84605384,0.90191185
6.26125,2.0802598,0.9011215
5.67125,1.8475116,0.90088165
3.935625,0.59515476,0.9019575
3.305625,0.7985339,0.90039253
3.160625,0.4972813,0.90113866
3.045625,0.43134308,0.9008813
3.0081248,0.8408809,0.901628
2.959375,0.43187392,0.90014255
2.9775,0.39976954,0.9025233
2.9737499,0.292842,0.9016242
2.960625,0.4426819,0.902117
2.9512498,0.29529226,0.90237033
2.9399998,0.4250717,0.9010651
2.936875,0.5899397,0.900537
4.13875,0.71851766,0.9013709
5.855,0.40216583,0.9008287
5.94,0.4031276,0.901163
6.0025,0.40273315,0.90120566
5.989375,0.23974559,0.9011749
6.17875,0.41446882,0.90192366
6.115,0.33506262,0.9010557
6.5037503,0.38553473,0.90140176
7.5825005,0.79850376,0.9035301
8.414375,0.38794655,0.9016123
7.040625,1.8187426,0.9016485
5.28,1.5221217,0.9010773
3.3424997,0.2579062,0.9022143
3.179375,0.36973453,0.9018661
3.03875,0.1251325,0.900923
3.04,0.04955882,0.90169203
3.034375,0.32625642,0.90230215
3.0168748,0.4473279,0.90133977
3.0625,0.4287445,0.90090954
3.003125,0.28510123,0.90142167
3.0256248,0.43934038,0.9014151
3.029375,0.24845572,0.90171576
3.0124998,0.38531983,0.9013027
3.0737498,0.5627309,0.9012399
6.50125,0.7082442,0.9016348
7.19875,0.39865723,0.90101504
7.543125,0.3942628,0.90247774
7.14125,0.40220088,0.90096974
4.750625,0.21985672,0.9018673
1.891875,0.4447082,0.90121996
1.76125,0.31616548,0.90011024
1.77625,0.35805923,0.90086937
1.861875,0.7562108,0.90189457
1.886875,0.38103008,0.90167665
2.3587499,1.8957081,0.9008275
2.695,1.5626607,0.9004637
1.8987501,0.21432745,0.90065765
1.87125,0.4378647,0.9015286
1.896875,0.16246396,0.90127015
1.6850001,0.05087903,0.90055203
1.53125,0.48688778,0.9017767
1.524375,0.7399372,0.90260637
1.546875,0.72214496,0.9008267
1.518125,0.46170565,0.90092814
1.52125,0.75432384,0.9009495
1.5868751,0.6491499,0.9013641
2.3831248,0.806664,0.90105915
4.90875,0.9935008,0.9016675
6.2025003,1.2239567,0.90192926
4.0943747,0.8423457,0.90032554
4.281875,0.8434646,0.90110314
4.506875,0.84064376,0.9011004
4.0612497,0.7059839,0.90188336
3.765625,0.8448746,0.90146995
3.824375,0.76960003,0.9016063
4.610625,0.8343731,0.9011624
6.39125,1.227804,0.9012635
6.46,0.84620845,0.90130305
6.26375,2.1039681,0.90133023
5.993125,1.8880194,0.90180624
5.773125,0.68560445,0.9019816
5.686875,0.80014944,0.900728
3.484375,0.51757556,0.90124905
2.940625,0.34390175,0.9013492
2.9712498,0.7438066,0.90175736
2.9343748,0.7196528,0.9019797
2.940625,0.7596108,0.9013493
2.9424999,0.48908192,0.9007549
2.61625,0.8046768,0.90193725
2.6924999,0.61212945,0.90164256
3.153125,0.80428624,0.90183437
3.2099998,1.0031306,0.90087914
3.3162498,1.2290751,0.90120447
3.414375,0.83636606,0.9004077
3.528125,0.81613004,0.90260017
3.639375,0.8406886,0.9009248
3.820625,0.7065749,0.9018898
3.7881248,0.835062,0.9018296
3.74875,0.7300242,0.90028226
4.8925004,0.83599436,0.90106285
6.215,1.2251239,0.9008306
5.826875,0.85643816,0.9007306
6.081875,2.1451774,0.901628
5.7250004,1.9209696,0.90162504
5.7562504,0.6279386,0.900959
5.18125,0.82473993,0.9009
2.95375,0.5386151,0.90112567
2.936875,0.4379197,0.9012449
2.9887497,0.8473619,0.90183055
2.9968748,0.84256494,0.90136266
2.7131248,0.80994976,0.9008484
2.6599998,0.5098141,0.9011141
2.66375,0.8253292,0.901042
2.7281249,0.6661223,0.90112793
3.1525,0.80897534,0.90119827
4.2943754,0.9837396,0.9022019
5.0156255,1.1765454,0.90091264
4.690625,0.78440356,0.90152633
3.65875,0.7861259,0.9009813
3.55125,0.7893717,0.9015353
3.5375,0.66055214,0.90072477
3.575,0.79014695,0.9013504
3.479375,0.6840733,0.9011464
3.5993748,0.7946545,0.9010061
6.435625,1.1757255,0.9012481
6.2325,0.78522384,0.9010184
6.20375,2.157651,0.9018258
6.07,1.9478546,0.9015651
5.594375,0.5968335,0.90172744
4.850625,0.7959757,0.9010918
2.9212499,0.5117334,0.9031856
2.9775,0.41079044,0.90109813
