y_true,y_st,y_lt
1.57125,1.6718055,0.5789373537852615
1.565625,1.1708909,0.7227071930982917
1.5431249999999999,1.3537985,0.651379924967885
1.8393750000000002,1.3527727,0.6073569500053674
2.760625,1.8373405,0.6578894475454836
3.1875,2.6886692,0.7754687020289153
4.30625,2.67196,1.1697898271433265
5.24,3.598989,1.375120507823527
3.9800000000000004,3.8499818,1.3706465379032493
3.3674999999999997,2.4892228,1.2786831732182204
3.288125,2.459316,1.2010722338700295
3.250625,2.432166,1.1459462625347823
2.263125,2.477515,1.1176682968452574
2.081875,1.6863571,1.1190930740687997
2.0775,1.9255371,1.1494066920852661
3.9662499999999996,1.9850287,1.2638494432844967
4.684375,4.2092624,1.5035199959666283
5.665,4.0555906,1.8176310970418155
5.81375,4.8145843,1.5247960711538047
5.0131250000000005,4.290875,1.0735312001673878
4.900625,3.361476,0.7989002324267477
3.2025,3.4261336,0.697493569887802
1.600625,1.846712,0.6601084919739514
1.524375,0.994083,0.634444461748898
1.55375,1.2226751,0.6555305666396022
1.535625,1.2109401,0.6602362684272974
1.564375,1.2574438,0.6612690450338274
1.84375,1.3653523,0.6750160770963877
2.693125,1.7481676,0.69349323000364
3.103125,2.51828,0.7095045565023272
3.1081250000000002,2.541719,1.0087427076481656
3.0775,2.4914322,1.155330954651907
3.128125,2.4075053,1.1734741146612169
3.180625,2.4146018,1.1725110071193428
2.249375,2.4236665,1.1672568234106153
2.471875,1.5934292,1.1612639881451428
2.22375,2.141881,1.1594446188944578
2.065,1.7389613,1.1696040429709107
2.394375,1.8482039,1.2131954484771192
4.473125,2.3458571,1.3161788844107092
4.6431249999999995,4.4160523,1.485810498475656
4.53,3.7336335,1.7091099173294753
4.545,3.824641,1.3357968557929993
4.30125,3.3587282,0.877564978671372
5.00375,2.9781759,0.700215447551161
3.6331249999999997,3.7899086,0.6570337838543951
0.6018749999999999,2.1506276,0.6350558352003991
0.55625,0.4698462,0.6207276295813172
0.55375,0.7208374,0.6475981605612486
0.5225,0.54506224,0.667821724557057
0.57625,0.5520521,0.6806120279334485
0.831875,0.6414426,0.6911326547142118
1.72125,0.9135485,0.6968093379437923
2.11875,1.7973588,0.6964889001142234
2.615,1.7933782,0.9791610633238778
2.8362499999999997,2.2648668,1.109143554212898
2.6725000000000003,2.2266397,1.1244228073497862
2.59875,1.9879277,1.1283169990882278
2.665,1.9645278,1.1310752561630308
2.244375,2.0383937,1.1339358739379795
2.2199999999999998,1.6915296,1.1393206248494239
2.075,1.8707565,1.157864656071961
2.279375,1.7618481,1.202822033725679
3.6950000000000003,2.1965823,1.2912246015524864
4.395625,3.7570097,1.4322864172793925
4.6175,3.8349023,1.630536568126753
4.213125,3.9160273,1.2507395991051198
3.998125,2.969835,0.818438468112722
3.4831250000000007,2.84824,0.6802599948342144
1.416875,2.3194377,0.6481796331266313
0.58,0.74833703,0.6280530476714671
1.539375,0.6090011,0.6160995704279094
1.486875,1.4064548,0.5843936674841493
1.184375,1.0219346,0.5743495611584931
0.53625,0.9221171,0.5763363753714412
0.573125,0.48282495,0.579046591689214
0.4925,0.61686677,0.5809811790210754
1.10875,0.5475797,0.5821678455214947
1.58625,1.040633,0.6703836324796826
1.5474999999999999,1.3374362,0.7013660336489975
1.9418749999999998,1.1297463,0.6955215067786723
7.540625,1.5595233,0.6875304949635267
7.626875,6.7133517,0.6806228919220716
7.516249999999999,4.6848097,0.6756908404264599
5.55625,5.4107394,0.6736453208070993
1.025625,3.268181,0.6791412033452838
2.003125,0.5675579,0.6972675191887467
7.45875,2.3047633,0.721386869636923
8.6,6.9056296,0.754083089928925
8.826875,6.2779155,0.8192514233714714
7.1825,6.846043,0.6623994978683442
2.371875,4.396592,0.5797001253901422
1.97375,1.081182,0.5651296229238808
1.629375,1.9077345,0.5553288101416081
0.859375,1.1187303,0.546797788323164
0.9175,0.6363106,0.5409745907516033
0.88875,0.8114861,0.5582868051356822
0.88625,0.71714693,0.564970849218592
0.8843749999999999,0.7709876,0.5665328715094179
0.905,0.754635,0.5686129764870553
0.868125,0.76193756,0.5703583908794075
1.395625,0.7084608,0.5711909312185645
1.9000000000000001,1.1831874,0.6451425004539638
6.191875,1.5154095,0.6736179116614908
7.452500000000001,5.6762633,0.6724226735737174
7.745625000000001,5.080631,0.6690959009841829
7.073125,5.414641,0.6651767918406426
6.802499999999999,4.5503254,0.6612099409489334
5.190625000000001,4.661634,0.658007456376031
0.735,3.3066697,0.6559155903831869
0.5549999999999999,0.4105794,0.6587633507771045
1.19375,1.0234834,0.6645694051739574
1.735,1.2179048,0.6755989450364559
1.7924999999999998,1.9030328,0.7027078857483714
1.78125,1.9246172,0.6075634654588252
1.2475,1.3548288,0.5679453893696517
0.59375,0.8187015,0.5628129022674262
0.61,0.61857337,0.5576535043676942
0.588125,0.67542416,0.5526427138719707
0.58,0.6198579,0.548638885551095
0.588125,0.59260696,0.6654600529018044
0.591875,0.650846,0.7182477749425917
0.568125,0.6334933,0.7254423268211633
1.1375,0.61510277,0.7273277770301699
1.790625,1.0516081,0.7262032047032565
2.15875,1.5916611,0.7222871853179484
4.4818750000000005,1.842309,1.0075973043705897
4.7825,4.238691,1.1512580552840979
4.69375,3.4888983,1.1763891520489007
4.616875,3.5749834,1.1862218591096998
4.289375,3.369578,1.1917308980377763
2.626875,3.0315123,1.1930129483649135
2.4275,1.7681653,1.1938286445382238
2.0949999999999998,2.1001048,1.1963650370380283
2.15,1.6940184,1.2125839753559977
3.5400000000000005,1.9969257,1.2460633995250614
4.3925,3.6621978,1.336267196731642
4.684375,3.9459817,1.4823472781758011
4.476875,4.023413,1.1214298283189537
5.89125,3.3631475,0.7698911900716274
6.58375,4.818244,0.6676622531644254
3.14875,4.638174,0.6429730914964527
0.656875,1.446422,0.626892494611591
0.603125,0.61981165,0.617556241929978
0.580625,0.6571575,0.6793156251809745
0.594375,0.5690368,0.714183845840618
0.565,0.5938964,0.7262042013994604
1.109375,0.59602076,0.7331197780105472
1.7481249999999997,1.2489609,0.7344021273465454
2.188125,1.7564566,0.7302703232330828
3.810625,1.9813114,1.0076065736452864
4.1975,3.412095,1.1424651017032563
4.23375,3.0342405,1.1624760703987629
4.154375,3.0772002,1.169081674490422
4.105,2.904561,1.1748194551973046
2.34125,2.906587,1.1796316041395813
2.378125,1.5378712,1.1852033352588862
2.3831249999999997,2.154131,1.1915881711413712
2.281875,1.9713424,1.2058884692667424
3.480625,2.0841866,1.2458215013563634
4.2775,3.6410472,1.3473844458600879
4.510625,3.8766356,1.497463571483344
4.140625,3.8755283,1.138177314633876
3.84,3.0447156,0.7809949838013202
3.8306250000000004,2.756261,0.6750215589255094
1.9362500000000002,2.7072296,0.6489829702670127
0.588125,0.9489158,0.6319570070327073
0.59375,0.59322184,0.6219626358476281
0.565,0.61254734,0.6693871356149762
0.601875,0.5715658,0.6990276846849173
0.565625,0.6008605,0.7118683212196082
0.895,0.6242183,0.7200551838388294
1.72625,0.9782285,0.7227752674490213
2.1725,1.7650152,0.7198827553955465
3.154375,1.8653251,0.9995034833420069
4.26125,2.7818153,1.1346302721832693
4.298125000000001,3.395217,1.153764546897784
4.273125,3.0368464,1.1595164806907625
4.166875,3.056029,1.1636807771004738
4.264375,2.9459472,1.167519851538837
4.3975,3.1577802,1.173214574969709
2.6418749999999998,3.3703697,1.1809192359654606
2.348125,1.769436,1.1941226699183882
3.9193750000000005,2.1931446,1.2415658079047502
4.42,3.9543624,1.3447956271399557
4.5912500000000005,3.8557081,1.4930652508049458
3.9050000000000002,4.0026937,1.1375751107874512
3.944375,2.7759082,0.7802817479977756
3.9775000000000005,3.0690687,0.6762414154095202
2.331875,2.8498516,0.6512339089740067
0.646875,1.2956625,0.6343732976399362
0.600625,0.58983904,0.6245426836411655
0.58125,0.64333034,0.6638265674931556
0.62,0.58478576,0.6890189610745012
0.6231249999999999,0.61002344,0.7002456474461406
0.87625,0.64758664,0.7071544465230405
1.7806250000000001,0.91935396,0.7085917821187525
2.123125,1.81357,0.7035832840242982
3.7731250000000003,1.7440873,1.0003542632216962
4.21875,3.4414465,1.143509140976891
4.255,3.111449,1.1622020786122977
4.41875,3.1420224,1.1664002626929433
4.684375,3.190348,1.1690455940878393
4.265,3.3963487,1.1724457235179842
4.031875,2.972706,1.1848625648267568
2.125,3.0827389,1.208512770371735
2.1525,1.4604712,1.2511185430018605
3.7312499999999997,2.201106,1.353331233760938
4.30375,3.8646955,1.5379659164446593
4.468125000000001,3.9236653,1.7518253265420347
3.966875,4.016114,1.3263830601467193
3.8825000000000007,2.865964,0.8443129009064287
3.8375,2.9061139,0.6744047036448866
2.093125,2.7007132,0.633299556819424
0.580625,1.1016722,0.6110651582321525
0.581875,0.56850713,0.5981102006428688
0.516875,0.61478513,0.6495337445893138
0.5675,0.56038964,0.6838533836583047
0.575625,0.5918687,0.7006953567733615
1.314375,0.6262947,0.7119940046109259
2.700625,1.4137945,0.7152911753232032
3.119375,2.5933943,0.7093880427160859
5.0675,2.4556334,0.9998387719450147
5.348125,4.3056407,1.1366689145988227
5.449375,3.6792662,1.1520246143345536
5.25375,3.8937647,1.154535989759639
5.15,3.5208824,1.1569105187959225
5.467499999999999,3.567695,1.1641759357745947
4.746875,3.9919353,1.1816115411487222
3.0775,3.3405104,1.2072801561763138
4.13375,2.2331917,1.2642549989698828
5.1899999999999995,4.0866156,1.3850930513617397
5.215625,4.5791893,1.5649640245386958
5.5,4.4136906,1.7669640455141662
5.115,4.669836,1.3332916598843785
4.930625,3.7331078,0.8477786129467935
4.5075,3.6560133,0.6754980793806165
2.479375,3.066926,0.6330688216482102
1.605,1.3705906,0.6101571679903567
1.5818750000000001,1.178393,0.5968717059398442
1.57625,1.1858934,0.5853573730437457
1.564375,1.2014246,0.5840157202836126
1.584375,1.2357903,0.5878267875586449
1.5587499999999999,1.2765371,0.591750880183205
1.578125,1.2388871,0.5938287924291938
1.94625,1.2505325,0.5930787785357237
2.52,1.5958836,0.6797523774575441
2.415,2.1301932,0.7110807318792491
2.44125,1.7821163,0.7070953424381464
2.36625,1.8870125,0.7027134672471136
2.4162500000000002,1.727865,0.7008999785040319
2.113125,1.8527855,0.7036372052889317
2.505,1.5296462,0.7174949702997505
2.98375,2.1895664,0.7383714699787646
2.665,2.5994923,0.7608963058398663
4.18375,2.1593952,0.7892554026003926
4.670625,4.214416,0.8299721867499873
3.16125,3.9406433,0.9019437691414357
2.606875,2.2725787,0.6875105610394477
2.580625,1.9425882,0.5755785872475803
2.544375,1.8825004,0.5570606694655865
2.245,1.8398947,0.5463033273363858
1.540625,1.5471818,0.5376741309418529
1.5037500000000001,1.005084,0.5324300138647854
1.546875,1.1597997,0.5647149973030388
1.57125,1.1819614,0.5763144480549544
1.55875,1.2163538,0.577087286291495
1.544375,1.1912514,0.5782096658867597
1.519375,1.1765741,0.5784505673592537
2.04875,1.1319598,0.5772882202462106
2.513125,1.6606063,0.6566656042766571
6.665625,2.0191374,0.685121579908207
7.584375,6.0158787,0.6809838952871412
7.72375,5.180844,0.6754930958995967
7.379999999999999,5.503817,0.6713709597393125
6.8725000000000005,4.938549,0.6685909746872634
3.973125,4.652838,0.667689163961932
1.79,2.3790035,0.6717732263272256
1.793125,1.3109685,0.6865833345609158
2.3606249999999998,1.7044127,0.7064682211866229
2.903125,2.2597258,0.7310679792051017
2.93,2.958475,0.7893083271688223
2.9375,2.9165554,0.6307356555043906
2.54,2.2510407,0.5586559814096241
1.69,1.812327,0.5480862175060063
1.568125,1.113304,0.5393386136024445
1.545,1.1779609,0.5321999763809144
1.5825,1.0786308,0.5275841765908151
1.55125,1.119563,0.6376471456610411
1.575,1.1100334,0.6876298655750602
1.51875,1.1646152,0.6953920359417796
2.135625,1.1196308,0.6985008310715108
2.6725,1.882438,0.6973424707432836
3.11625,2.2171438,0.692237193447426
3.993125,2.5487761,1.0039996297528222
4.33875,3.4836876,1.1599240297685565
4.365,3.4280202,1.184747745424062
3.4268749999999994,3.3684232,1.1918374448619784
3.1925,2.4357798,1.1948675009915979
3.36125,2.5574162,1.1989562478290499
3.065,2.6918988,1.2090608536142857
3.0456250000000002,2.3866189,1.223557102213353
3.3775000000000004,2.6055007,1.2577330176897348
5.054375,3.0403705,1.341253368831128
5.275625,4.6488676,1.5250505276946724
5.436875,4.256305,1.7771773908552526
7.14375,4.5429854,1.3461799384976179
6.079375,5.6126413,0.8472350148371608
5.25875,3.7764635,0.6685529008922726
3.2125000000000004,3.6525187,0.6258488540164381
1.573125,1.8662794,0.6034584724732488
1.6356249999999999,1.0168964,0.5900144360566884
1.513125,1.3477058,0.6520419305865466
1.56875,1.1437736,0.6902097140293568
1.535,1.371521,0.7065525416854769
2.049375,1.3372589,0.7171165247511119
2.71,1.988863,0.7202523303479701
3.061875,2.4038384,0.7153077204801886
3.8381250000000002,2.46115,1.0142875778047742
4.66875,3.1715052,1.1583915096853674
3.700625,3.5878806,1.1762477208575608
3.204375,2.4421844,1.1795740947686135
3.17625,2.4136405,1.1820636425468327
3.276875,2.4381537,1.1881305323402584
3.215,2.6068969,1.202419069450423
3.7499999999999996,2.6209066,1.2237748803339155
4.061875000000001,3.4225905,1.2629049739616365
5.855,3.5856812,1.3655581047732384
6.714375,5.157297,1.5769857754722238
7.169374999999999,5.192459,1.8343440976680814
6.68125,5.452672,1.3998588066143542
5.971875,4.5049434,0.8851002511472628
5.84375,3.9746294,0.6845451904934644
4.229375,4.0101075,0.633759631787166
2.1025,2.5632005,0.6087083703882992
2.013125,1.2709677,0.5935716448085755
2.086875,1.6896201,0.6517783044406026
2.05375,1.6733056,0.6904776259689778
2.066875,1.7380773,0.7097449596267194
2.30625,1.837914,0.7232783996927737
3.14625,2.0904636,0.7286901610713452
3.583125,2.830096,0.7246702859415859
4.26,2.825535,1.0170935267929362
4.3725000000000005,3.4052198,1.1559115301907064
4.355625,3.1868916,1.1710494518058747
4.309374999999999,3.129159,1.1723498413431646
4.250624999999999,3.05955,1.1740932623431086
4.07125,3.0849345,1.1800372594945878
3.2731250000000003,3.050528,1.1951690015932919
3.136875,2.4651058,1.2200270035982133
3.4825000000000004,2.7690408,1.2700363353008777
5.58375,3.2357469,1.3874560187220575
5.876875,5.1196566,1.6075767740422489
5.953749999999999,4.5998816,1.8542849986204504
5.443125,4.7926397,1.4211066752989592
4.999375,3.8226027,0.9051597091130913
4.766249999999999,3.5063066,0.6945209234595299
3.025625,3.2846978,0.6399607765592634
1.625,1.786015,0.6141470425643771
1.6056249999999999,1.072749,0.5983757205116004
1.5325,1.2923357,0.6510416462762654
1.5775,1.1861764,0.6879449212451278
1.5625,1.3662698,0.7079596773862094
1.8399999999999996,1.3648827,0.7223766886370628
2.67125,1.737039,0.7286418213054537
3.124375,2.4438095,0.7251152111270278
3.05,2.4979143,1.013942372074537
2.928125,2.415826,1.15014753637366
2.915,2.2957327,1.1649372123351693
2.93,2.2661018,1.1664331536676735
2.9575,2.2584176,1.1680189969977737
2.96375,2.3148403,1.1736927898083627
2.198125,2.3789713,1.188400637011528
1.953125,1.6826086,1.2149187362137437
2.00625,1.8122449,1.2750523086168617
4.25875,1.9467548,1.4024102492268384
5.38375,4.3796034,1.6072448742063343
5.448125,4.459397,1.837438839381337
5.415,4.345856,1.4067731871899962
4.72375,3.969811,0.897501095481962
3.088125,3.0979068,0.694111380989328
2.368125,1.8824316,0.6419462950671464
1.493125,1.6867112,0.6166728700844198
1.58,0.93555444,0.6014128531842678
1.56125,1.2802167,0.6501158151724189
1.5325,1.2188185,0.6851572616323083
1.558125,1.313413,0.7047355645056813
1.8250000000000002,1.386832,0.7188081175484508
2.71125,1.7023804,0.7247523140391707
3.059375,2.475114,0.7204873513128608
3.0725,2.3809152,1.00764539496243
3.0025,2.4482417,1.1416530933059008
3.010625,2.3314672,1.155146864863038
3.0525,2.330088,1.1562392439025642
3.0025,2.353554,1.158135358760953
2.995625,2.3249543,1.1668189747682214
3.140625,2.4170566,1.1852443991424888
2.97625,2.6752725,1.2140444343036414
3.08875,2.5257266,1.2836848937784882
4.7631250000000005,2.860671,1.4159381077941509
5.468125,4.4825683,1.6065057243014873
5.696875,4.427727,1.8169794570636748
5.163125,4.547322,1.3829290245637298
4.89625,3.5692062,0.8811628526283801
3.575,3.4755347,0.6887984918741882
2.355,2.2139444,0.6400450970581174
1.5725,1.574956,0.6155638462182879
1.479375,1.0867285,0.60114573860161
1.50875,1.1547455,0.5877507396382838
1.4775,1.2102984,0.5856437238631397
1.486875,1.1967907,0.5892910339518637
1.4693749999999999,1.2215197,0.5932069536675513
1.49125,1.1810851,0.5951909771311282
1.9287499999999997,1.1790987,0.5944947848326713
3.22125,1.5653851,0.6791541603959351
5.490625,2.8316631,0.7092099331044406
8.761875,4.6761794,0.704520078786388
8.486875,6.62948,0.6992718752548843
8.619375,5.3473725,0.6967276088550687
10.305625,5.957641,0.698921038191095
9.721874999999999,7.11052,0.7115954257989674
8.799375000000001,6.1327853,0.7325767779186367
8.730625,5.922609,0.7574162413741647
6.79,6.1802793,0.7907205460201948
3.07375,4.5496235,0.8456816139684991
3.323125,2.0276198,0.9410018016336114
3.109375,3.6420774,0.7163829563450068
3.03125,2.276559,0.582124987584725
2.6793750000000003,2.4726324,0.5572506397620588
2.1706250000000002,2.0232022,0.5452862985298782
1.500625,1.6299915,0.5354268800108134
1.47125,1.0473466,0.5294952418922633
1.49875,1.1437576,0.5639853160121292
1.459375,1.0904601,0.5768141915316134
1.52375,1.0429899,0.5785057843289524
1.518125,1.1028124,0.580155615555346
1.52125,1.0763627,0.5803115985112637
1.9675,1.0987802,0.5788041951724141
2.43,1.5709616,0.6534769737809896
4.1025,2.0037863,0.6801986980176716
5.126875,3.7994761,0.6766532502809912
5.581875,4.185033,0.6719085776717215
5.279375,4.376002,0.6677208589012176
4.76875,3.864796,0.6648279481692612
3.333125,3.4861205,0.6644535890750587
1.408125,2.214527,0.668951978052333
1.354375,0.87652725,0.6800989287276565
2.45875,1.308195,0.6982437831205129
5.2225,2.43116,0.7273346542339771
8.568125,5.30303,0.793576279983744
6.613125,7.182053,0.6407317210730165
2.07375,3.7182949,0.5649134395172447
1.48875,0.97206914,0.5530352128370851
1.44875,1.402839,0.5441484701434522
1.458125,1.0429982,0.5367171032468229
1.4775,1.1060585,0.5316312615269422
1.503125,1.0952924,0.645784173470065
1.47875,1.2101982,0.6974070566572994
1.46125,1.2419564,0.7047812131918222
2.05625,1.2741747,0.707326775296703
2.588125,1.9356079,0.7063767244751006
2.950625,2.1741,0.7019267749333381
4.7837499999999995,2.3301666,1.0085149625655636
5.07875,4.0849476,1.162100614938736
4.979375,3.6064608,1.186816886743456
4.949375,3.6036234,1.1943905818580092
4.908125,3.5297678,1.1980929095771908
5.07875,3.5423298,1.1999080927038193
3.5618750000000006,3.8178325,1.2100068179814518
3.166875,2.4272716,1.2279427648499608
3.244375,2.762012,1.263601265929714
5.075625,2.899307,1.357941153043434
5.220000000000001,4.820408,1.5678825503630938
6.091875,4.2721195,1.843033295174092
5.93125,5.1981397,1.4122653819522262
6.238125,4.238197,0.8935925513181836
5.31625,4.6281652,0.6865478521760553
3.113125,3.3778677,0.6350834436852485
1.54,1.8388683,0.6110111372978985
1.44,0.98829806,0.5963038881124556
1.501875,1.156006,0.6602424479437619
1.4537499999999999,1.1903831,0.7001447817903012
1.45625,1.2035042,0.7173248342577367
1.955625,1.2987372,0.7283854710417985
2.59125,1.9085981,0.7318191891340166
3.031875,2.333117,0.7269501288384944
4.2975,2.5013182,1.0195694696679711
4.924375,3.6039813,1.1600982522650063
4.905,3.6215463,1.177210928069055
4.876250000000001,3.470961,1.1805717876687647
4.843125000000001,3.4206467,1.1837614148606361
4.889375,3.4086912,1.1885846271307767
5.085,3.5779464,1.2037732805827261
5.545625,3.9048495,1.2257292022506148
3.8006249999999997,4.430372,1.2748749963621795
4.04875,2.6503036,1.391177483008355
5.069375,3.893075,1.6148386029145867
5.443125,4.561513,1.8780047735604644
7.2775,4.6052155,1.444548970015794
7.568125000000001,5.8677135,0.9207120570098609
6.408125,5.26031,0.699650819151625
4.76,4.2014537,0.6419724085076898
2.146875,2.9588575,0.6157662752173095
1.430625,1.1440046,0.5997063099438696
1.506875,1.1524445,0.6564915811194479
1.489375,1.2307445,0.6953307391252368
1.485625,1.2075986,0.7151552259609848
1.504375,1.2862035,0.728829499200657
1.9368750000000001,1.3734406,0.7345781438961625
3.0006250000000003,1.8821272,0.7313916064625233
2.969375,2.7669747,1.0192314899852128
2.980625,2.3196347,1.1559885748072714
2.9175,2.437607,1.1717930868436397
2.939375,2.2592258,1.17393199689731
3.006875,2.2792857,1.1762658607284726
3.25375,2.3134494,1.1811905366721749
2.8674999999999997,2.5986228,1.1970789705289155
3.01375,2.180662,1.2217692285627126
3.3481249999999996,2.6573012,1.2812983047181368
4.399375,3.0337155,1.410792165293172
5.2575,4.1182666,1.6346000985502451
5.445,4.5062876,1.8862153575493394
4.883125,4.4387717,1.456247990718484
3.75625,3.4512076,0.9339197767564655
2.733125,2.4298813,0.70769216412507
2.7268749999999997,1.8290045,0.6479582668997347
2.43,2.0476258,0.6212983378276974
1.52625,1.6643049,0.6048742794309556
1.491875,0.966836,0.6558363530349731
1.52875,1.2802317,0.69258165165551
1.54,1.2689949,0.712710928190425
1.5175,1.3379451,0.7266529140304774
2.09,1.3141748,0.7321032475521415
3.23625,1.9228628,0.7281735734288394
3.17625,2.812871,1.0144141582226753
4.381875,2.4365258,1.1489000714047999
5.14125,3.7274134,1.1634824345558883
5.1225000000000005,3.8309011,1.1656046001133322
3.4418750000000005,3.6461492,1.1684123929894716
3.6343750000000004,2.2513506,1.1753172052815557
3.57625,3.013265,1.1919326293494552
3.275,2.7405655,1.222956094402373
3.276875,2.7081082,1.2942889440315217
5.0,2.9640243,1.430465851993263
6.630625,4.719945,1.642545960027352
7.557499999999999,5.417707,1.8748582036446033
6.978125,5.74572,1.444141919286102
6.985625,4.7650247,0.926848715537563
6.983750000000001,4.9392667,0.7069459376771747
3.89,4.680892,0.6493724791435151
2.5475,2.0906649,0.6232722946596145
1.489375,1.9266835,0.6074461543156207
1.533125,0.9669479,0.6506942976491898
1.516875,1.3734429,0.6839606281698495
1.5375,1.2215856,0.7038042515727132
1.525,1.3931503,0.7176015171239525
2.07125,1.4107486,0.7229448054733127
3.2712499999999998,2.0291357,0.7189544325511902
4.75,2.9595733,1.002973630680479
5.204375,3.8793247,1.135958170535788
4.7825,3.7126129,1.1507950898973645
3.65625,3.2372775,1.1539121576055884
4.07125,2.4432425,1.1568994554680587
4.060625,3.0945425,1.1656028060601653
3.8356249999999994,2.9210787,1.184652261927724
2.305625,2.9909177,1.2266616115494073
2.46,1.6977023,1.3095123821809889
3.959375,2.5906885,1.4443197298888864
7.3675,4.065184,1.6402070130455495
7.815,6.370609,1.8593432318554817
6.608125,5.542953,1.4241051361589134
5.548125,4.515206,0.910950813066885
5.218125,3.6647398,0.7010968260043114
2.903125,3.501967,0.6467791752904654
2.3875,1.5766984,0.6214127585519105
1.463125,1.8890573,0.606376599619165
1.499375,0.8989965,0.5876134945710003
1.505,1.334876,0.5835110929955541
1.466875,1.2034568,0.5866360346037894
1.501875,1.2296472,0.5901950374088436
1.5231249999999998,1.2757698,0.5929919662963599
1.465,1.2648407,0.59325967889674
2.04375,1.1487633,0.6765117194200306
2.638125,1.8226908,0.7042620341391861
2.786875,2.1021721,0.6985448850437254
2.965,2.056075,0.6927800938697158
2.618125,2.2334917,0.6899133962479234
0.698125,1.8127906,0.6919575204925984
0.6018749999999999,0.53350496,0.7032676303365081
0.606875,0.7406622,0.7236263463375717
1.790625,0.6124176,0.7479793223759532
2.63,2.0827398,0.782989572244659
5.845625,2.628359,0.8399725879471005
8.07375,5.8650856,0.9497081423143298
7.828125,6.4395185,0.7297847328425199
7.654375,4.739505,0.5904270682851225
7.7250000000000005,4.8402443,0.5629822409524768
4.5275,4.887392,0.5491775998493283
2.2512499999999998,2.5000308,0.5372317971665412
1.506875,1.572274,0.5292082930551469
1.4775,1.1844355,0.5595913807970285
1.51375,1.2537398,0.5715235287418217
1.501875,1.273721,0.5732944585569948
1.48875,1.3018847,0.5752099093217402
1.505625,1.2981341,0.5761976352598518
1.505625,1.2376431,0.5771028347522765
2.16125,1.1521091,0.6531425822045653
3.3793749999999996,1.9723433,0.6806850857651978
5.343125000000001,2.841679,0.6771398373677581
5.396875,4.355829,0.6719267175426333
5.2,3.5707726,0.667226298244819
5.001250000000001,3.6009948,0.6634248989229649
4.374375,3.4690626,0.6621150407717377
3.9800000000000004,3.1159043,0.6659938833886384
7.796250000000001,3.081354,0.6730153091365844
7.9275,6.9167624,0.6877456816739589
8.859375,5.615911,0.7213389285495132
9.335625,7.057078,0.8029458223185688
9.55125,6.8782454,0.6551216221871227
7.957499999999999,5.9677925,0.5728291010993719
2.27625,4.8286114,0.5595882910387963
1.53,0.93997145,0.5510255742810666
1.488125,1.6403679,0.5431890503775328
1.54,1.1341583,0.537589312094897
1.5075,1.2801836,0.6545186209837347
1.49625,1.2608962,0.706832613318786
1.526875,1.3856115,0.7140764019898325
1.5362500000000001,1.4654353,0.716665818727687
2.344375,1.4500818,0.7157850382922589
3.2675,2.2130394,0.7114093426176905
3.23,2.6792786,1.0116468312124163
3.2575000000000003,2.4418697,1.1625467361596227
3.223125,2.5086777,1.1874475961013138
3.180625,2.4093502,1.195485950986147
3.181875,2.4084203,1.1995268564058095
3.16125,2.4784503,1.2002934154562652
3.205625,2.5395992,1.205701190050021
3.214375,2.727058,1.2210472218325734
3.68125,2.8303123,1.2501075940421968
4.913125,3.436244,1.3294322528434546
5.17375,4.3869395,1.5128561489786208
5.42875,4.182953,1.7703227123822272
5.33,4.4384513,1.3621636565114559
5.271875,3.812166,0.8735765493068472
5.0275,3.7541966,0.6866012750925868
3.6324999999999994,3.4610782,0.6405715519930422
2.285,2.2653666,0.6178957166570425
1.501875,1.510875,0.6040901785273105
1.5037500000000001,1.0594912,0.6685220033099502
1.4925000000000002,1.2833803,0.7074632230070232
1.515,1.2443498,0.7236949190364033
1.4375,1.3585122,0.7342914940679073
1.626875,1.2892095,0.7377914924576878
2.009375,1.5264713,0.7335269284098594
2.568125,1.7521352,1.0192254101383686
3.1625,2.2790103,1.1575741191285105
3.148125,2.6390612,1.176154330423251
3.134375,2.4040012,1.18041151891917
3.1350000000000002,2.4490354,1.1843034182563426
3.17875,2.4279644,1.1879939849603176
3.17875,2.517843,1.1975810064068437
3.131875,2.5645015,1.216709898961857
3.46,2.6222932,1.2568158578428628
4.473125,3.1276155,1.3579137438978255
5.89375,4.0954156,1.5610541846698522
6.2387500000000005,4.9928503,1.8126849921297281
5.69875,4.837973,1.4003477857720108
5.51375,4.031176,0.9001961121826247
4.4575,3.9633892,0.698715519433841
2.75625,2.8120258,0.647322773400098
2.37,1.7246221,0.6226522499511391
1.4962499999999999,1.8077035,0.6075390464018285
1.50125,0.9340362,0.6641586666683107
1.4837500000000001,1.331726,0.7012932748261094
1.495625,1.2207237,0.7197396298206598
1.465625,1.3426019,0.7327702366518228
2.00875,1.3173711,0.7381098372252285
3.2325,1.9190028,0.7348157562711835
3.241875,2.8882205,1.0167874912235142
3.163125,2.4798987,1.1506707022111118
3.1675,2.4963202,1.1666810320135952
3.1725000000000003,2.4454815,1.1699637506309153
3.11375,2.4370627,1.1735344147815556
3.1975,2.3930194,1.1786090935039522
3.19,2.5663643,1.1890367285288872
3.225625,2.6000438,1.208997264396474
3.9425,2.7774258,1.256312426590249
5.963125,3.6409605,1.369945461793393
7.8343750000000005,5.1685996,1.5753487019572407
7.811249999999999,6.005001,1.8197582460802793
5.889375,5.4999967,1.408657142354697
5.828125,3.633342,0.908829694040455
5.524375,4.2138934,0.7045587505991011
3.9337499999999994,3.6350496,0.6521522648563236
2.629375,2.482926,0.6272999440197646
1.7674999999999998,1.82913,0.6122120565540343
1.764375,1.2638702,0.656420915358588
1.956875,1.5287861,0.6892532843520492
1.526875,1.7056456,0.7083713129184395
1.5375,1.2265581,0.7219514980364591
2.1106249999999998,1.4723462,0.7274718993012607
3.24,1.9893042,0.7248647413709759
3.264375,2.8666472,1.008797575774193
3.1793750000000003,2.495087,1.1430254443091155
3.1925,2.4829507,1.158335894037187
3.2325,2.4458542,1.1606990607367456
3.19375,2.4675019,1.1632622643644364
3.211875,2.441214,1.1677727133657785
3.220625,2.5474741,1.1776205702088773
3.22625,2.6355636,1.2000153372153641
3.735,2.7666798,1.2584661874173582
5.74375,3.4507592,1.3818840882635117
5.946875,5.077476,1.5792965159514547
6.211875,4.524165,1.8138558111605048
6.058125,4.9129877,1.4023261280672252
5.825,4.252126,0.9038003649953381
5.64,4.058397,0.7037859123625606
5.166875,3.887431,0.6530386267904937
2.473125,3.5166018,0.6285870774975418
1.62,1.2805223,0.6137669026321917
1.611875,1.3361057,0.646582128450945
1.57375,1.3169811,0.6742245009712129
1.620625,1.2917222,0.6924933443718403
1.591875,1.4268509,0.7060529975480586
2.111875,1.4123726,0.7123766362836211
3.315625,2.0102568,0.7103316150123625
3.270625,2.9856572,0.9891388395171613
3.2325,2.4895668,1.1167796425098182
3.2325,2.5382552,1.1304933849191665
3.258125,2.4442403,1.1337629471465946
3.259375,2.468579,1.1372708194363863
3.271875,2.472175,1.1423032382397353
3.230625,2.5491192,1.1525129954744875
3.2024999999999997,2.583582,1.186264318367988
3.295625,2.7129352,1.2565804381994903
5.504375,2.9637494,1.3771996161049604
6.150625,5.073305,1.5533915842539072
6.225,4.751865,1.7696602084154633
5.1812499999999995,4.8560677,1.3587285430445524
3.035625,3.4419417,0.8761671620801464
2.82125,1.8253764,0.6945090627747029
2.785625,2.196942,0.6490435693962127
2.419375,1.9837894,0.6256014740186184
1.57875,1.7159271,0.6116812161558121
1.569375,1.0381212,0.5834669393537193
1.560625,1.3414402,0.5755255630095303
1.558125,1.2289853,0.5787160872279852
1.556875,1.2598046,0.582990119889751
1.5525,1.2279071,0.586164995977804
1.538125,1.20225,0.5870476701360196
2.11125,1.1540698,0.6750447819470614
3.203125,1.8079104,0.7042584460328519
4.700625,2.6690757,0.6959111153247952
3.6162500000000004,3.917081,0.6859612964600325
2.483125,2.217138,0.6780037736373394
1.72,1.7247921,0.6731807607064396
1.72875,1.2083088,0.6756561553985625
1.735625,1.4183022,0.6915833607376366
2.758125,1.3987077,0.7158092580100148
3.3825,2.7928185,0.7426333429468422
3.428125,3.1130946,0.7889482208303362
3.471875,3.0723817,0.8846961406713725
2.986875,3.1594694,0.6978639421971887
2.925,2.08492,0.5869599608700722
2.948125,2.1839435,0.5662732321482896
2.9456249999999997,2.1472583,0.5543990919225663
2.435625,2.1550624,0.5439128511608392
1.720625,1.6461675,0.5366180316441506
1.708125,1.1737368,0.5569591061224043
1.769375,1.357423,0.5646718403574079
1.7449999999999999,1.3609114,0.5664752624688297
1.73,1.3488041,0.5693188367386907
1.75,1.345929,0.571787254557386
1.740625,1.3581117,0.5731646887112408
2.336875,1.3253266,0.6485488094005734
4.688125,2.038249,0.6769094012054055
5.3618749999999995,4.357432,0.6747640126264095
5.4556249999999995,3.960955,0.6702470850997417
6.06125,4.036436,0.6655977963171898
6.3793750000000005,4.497809,0.6613518704883754
4.7625,4.539772,0.6582560324092954
3.611875,3.0389807,0.6585436789337545
2.088125,2.6953058,0.6631605750896782
2.83875,1.4233787,0.6702925344466417
4.195,2.858713,0.6861813669818639
8.763125,4.0358157,0.7366451921535283
9.1175,7.70077,0.6233999714433401
3.725,5.271702,0.5696116660834103
2.8200000000000003,1.7382649,0.5621789038120955
2.799375,2.4392126,0.5559583234640211
2.161875,2.0034819,0.5500229975695162
1.61625,1.5038486,0.5454358029604702
1.591875,1.1782758,0.6639528489021956
1.6212499999999999,1.2749709,0.7166261502187699
1.6175,1.3266209,0.7234226216334849
1.55375,1.3863094,0.7252521571854501
2.41125,1.3564388,0.7238161172948032
3.30625,2.3166635,0.7193102530959993
4.811875,2.815506,1.0091371501708777
5.456875,4.014729,1.155413481097594
5.386875,3.96643,1.1806345795296134
5.375,3.8025277,1.1896011575891823
5.225625,3.7657,1.1944123098352553
5.314375,3.605767,1.1953518953467162
5.254375,3.8466146,1.1959693486450613
3.30625,3.8639407,1.2012755598956346
4.0649999999999995,2.2153032,1.221915244556591
6.156874999999999,3.916176,1.2669536536116899
6.2925,5.307442,1.380682969668135
6.47375,4.8424783,1.568753563175723
6.324375,5.1590357,1.19757502622962
6.04375,4.61456,0.7956213012550026
5.934375,4.3177195,0.6710869013211875
3.9393750000000005,4.179604,0.6422150043637305
2.321875,2.3055644,0.6241777931609004
1.611875,1.5540004,0.6134985920140892
1.56125,1.1602162,0.6775537653012573
1.565625,1.2844515,0.7146442198172211
1.568125,1.283961,0.7284926158837228
1.55375,1.3681933,0.7358927861891686
2.330625,1.396438,0.7368413419664651
3.251875,2.2618983,0.7317075591591745
4.56,2.8289828,1.0109591108316929
5.7718750000000005,3.7795305,1.1468600336145611
5.683125,4.305051,1.1665200655766577
5.654999999999999,3.870058,1.1727093496639283
5.61375,3.9196625,1.17833839081496
5.698125,3.8205426,1.1833085161055625
5.64625,4.0250654,1.18847688427113
5.5525,4.0778747,1.1963486912202836
4.1925,4.200314,1.2156519059413673
6.59,3.0454123,1.272598940910846
8.214375,5.894554,1.4028741116401553
7.443124999999999,6.1213813,1.5858447103417666
5.703125,5.3097405,1.213025412104726
5.5825000000000005,3.8508062,0.8066587150175124
5.4975000000000005,4.1993737,0.6784754102810472
3.780625,3.8672323,0.6480460758353024
2.39,2.3096035,0.6289260538765042
1.585625,1.6388805,0.6176167413895577
1.56875,1.1188695,0.6685556916416436
1.564375,1.3308716,0.7013714158084988
1.63375,1.2877134,0.7164455488666147
1.590625,1.4470319,0.726468724571988
2.1087499999999997,1.3951267,0.7303839466003328
3.291875,1.9950081,0.7278396802005171
4.738125,2.9478993,1.0069680402222276
5.50625,3.8906934,1.140465330439657
5.779375,4.0402365,1.1580033961835503
5.5875,4.100897,1.1626176012597234
5.588125,3.7821426,1.1667312655022741
4.066875,3.890505,1.1709512772297859
3.8918749999999998,2.6510096,1.1773305316135287
3.7381249999999997,3.1319318,1.1858828827307373
3.4462499999999996,2.9705389,1.2086603810795398
3.6500000000000004,2.9614298,1.2744290744805336
5.740625,3.4476821,1.4006758981623502
6.616875,5.233892,1.579913271562457
5.5287500000000005,5.1324997,1.2114926926822962
5.58,3.867314,0.8064904726982861
5.70875,4.244353,0.6805318935586512
4.079375,3.9935532,0.6510305829484015
2.3987499999999997,2.4321597,0.632048105065748
1.53375,1.5352179,0.6208109533839672
1.6025,1.080857,0.6602527139146626
1.56375,1.3293345,0.6868754662182927
2.22,1.2301155,0.7000784018231183
2.765,2.1045787,0.7088042777494341
2.88,2.4124475,0.7114816030924767
3.305625,2.3972714,0.7068514508770406
3.6725000000000003,2.7672744,1.00256727763813
3.77125,2.9774504,1.1442392209462822
3.8943750000000006,2.894125,1.1617148935078085
4.056875,2.91322,1.1649372123351693
4.0325,2.981573,1.1672096796801688
3.854375,2.9419572,1.1707168542826176
3.60875,2.8854077,1.1836370271743835
3.4049999999999994,2.8334348,1.2081017328572274
4.491875,2.8257918,1.2518445365168154
5.3225,4.161671,1.356071251295209
6.989375,4.5049815,1.542146459002495
8.034375,5.725531,1.7561175987443327
7.11375,5.9494624,1.3301992105723919
6.070625,4.692515,0.8466111328483001
5.90125,4.042248,0.6752497026865929
3.4749999999999996,4.072064,0.6335736482755094
2.538125,1.9531137,0.6110740288283676
1.57625,1.9441392,0.5978889340855926
1.564375,1.0201242,0.6488435324680805
1.573125,1.3885524,0.6831642679028957
2.115625,1.3038392,0.7003665466956794
2.7575,2.0412614,0.7120421450375766
2.88625,2.4835806,0.7156555674553662
3.2875,2.3743787,0.7100036022916436
3.20875,2.688646,1.0003580506672711
3.179375,2.475133,1.136921776425764
3.30625,2.471495,1.1520467409902813
3.7050000000000005,2.527662,1.1543455211150646
4.1425,2.8398583,1.1566064267840983
3.8874999999999997,3.1823132,1.1637933041018993
3.9450000000000003,2.9059796,1.1812876148824394
5.593125,3.2606308,1.2070446368633212
5.303125,4.8965015,1.2642091509445013
4.5625,4.004456,1.3854029242115469
5.27,3.7117298,1.5656522432675213
6.19625,4.5633116,1.7679118039344994
5.713125,4.999988,1.334264036700949
5.981249999999999,3.9482856,0.8483756339729578
5.72,4.4710035,0.6757119703859835
3.690625,3.9460754,0.6331524444597214
2.403125,2.2099578,0.6101971355081349
1.620625,1.6999923,0.5968430010891705
1.58875,1.1303592,0.5853034517791121
1.585,1.3218559,0.58393678194426
1.549375,1.2601371,0.5877556234496831
1.5875,1.2569926,0.5917046334793419
1.615,1.2949419,0.5938168320747464
1.559375,1.2848336,0.5930985131205618
2.095,1.1794406,0.679842478794381
4.20375,1.8445121,0.7112048205566406
4.5287500000000005,3.8799534,0.70719471304968
4.74625,3.2240772,0.7027589165940136
4.26,3.622303,0.7009008755306154
3.4118749999999998,2.9391437,0.7035764068204909
3.435625,2.4255059,0.7174330754654854
3.7425,2.7587433,0.7382901395685225
5.47,3.1122537,0.7608459726815671
6.24625,4.987189,0.7892511168067157
6.43125,5.093461,0.8300142473297938
8.191875,5.222367,0.9020094514212758
8.08625,6.7454047,0.6875517245926708
7.091875,5.198891,0.5756000162159651
7.41625,4.5968666,0.5570983445820957
7.95125,5.1159024,0.5463318328478187
7.003125000000001,5.320931,0.5376823038507252
7.733749999999999,4.4529343,0.532429914195165
7.1274999999999995,5.5650887,0.564710013822019
6.071875,4.690404,0.5763044810929149
5.923125,4.2401366,0.5770685484028607
6.105625,4.4066505,0.5781914263462274
5.814375,4.5386176,0.5784383079959452
6.1587499999999995,4.2107425,0.5772771569183468
6.1525,4.674733,0.6566642089019715
6.6125,4.628643,0.6851361316727846
7.04875,5.0954638,0.6810016364795715
7.1431249999999995,5.2116637,0.6755122324667125
6.443125,5.1518674,0.6713818237279355
5.56875,4.4742618,0.6685928684100508
3.48875,3.9645221,0.66768109072268
3.485,2.287109,0.6717576778664439
3.315625,3.0637677,0.6865681847786158
3.22375,2.6446548,0.7064572575283795
4.100625,2.8780293,0.7310684775532037
7.9674999999999985,3.988109,0.7893137093283236
9.4275,7.1593685,0.6307366522005945
6.938125,5.8734317,0.5586544863653182
3.1712499999999997,3.977946,0.548088410237655
2.89375,1.8063772,0.5393414043518155
2.30375,2.3609765,0.5322027671302855
1.66875,1.5094724,0.5275862696528434
1.6625,1.2055241,0.6376456506167352
1.658125,1.348356,0.6876234867193549
1.669375,1.3542966,0.6953877501481026
1.6625,1.4719481,0.6984972429651767
2.51125,1.5080249,0.6973402780116349
3.313125,2.4071972,0.6922364957600832
3.7499999999999996,2.7894974,1.004000576614216
3.9149999999999996,2.9958327,1.1599258238217236
3.9312499999999995,2.980351,1.184749240468368
3.715625,2.878224,1.1918383418885619
3.43125,2.675867,1.1948678000004591
3.6018749999999997,2.527031,1.1989559488201886
3.5112500000000004,2.8363416,1.2090600562573224
3.336875,2.7773218,1.223555108820945
3.8537500000000007,2.8126562,1.25773182165429
6.00625,3.5603871,1.3412525714741648
6.161875,5.317195,1.5250503283554315
6.21,4.7067246,1.777177988872975
6.00125,4.9543657,1.3461814335419238
5.81625,4.246316,0.8472387026131154
5.532500000000001,4.0748906,0.6685531999011337
4.4125,3.774585,0.6258492526949196
2.30375,2.7913392,0.6034586718124896
1.6025,1.3283898,0.5900146353959291
1.629375,1.2409303,0.652042030256167
1.58125,1.3366301,0.690209514690116
1.565625,1.3054315,0.7065521430069953
1.628125,1.3874875,0.7171161260726302
2.3512500000000003,1.502363,0.7202520313391089
3.279375,2.237472,0.7153075211409479
3.8437500000000004,2.81407,1.0142874781351536
4.248749999999999,3.0687568,1.158391709024608
4.34875,3.2477846,1.1762479201968015
4.005,3.1436126,1.1795742941078544
3.25,2.806744,1.1820638418860734
3.4074999999999993,2.3365822,1.1881306320098788
2.966875,2.7463481,1.2024191691200437
3.576875,2.2587938,1.223774780664295
2.7575000000000003,3.344734,1.2629047746223956
3.355,2.1368225,1.3655578057643771
5.16,3.499219,1.576985576132983
6.181875,4.769628,1.8343440976680814
5.779375,5.019843,1.3998590059535951
5.653125,4.1167088,0.8851002013124526
5.81125,4.0815997,0.6845450908238441
4.708125,4.0573387,0.633759631787166
2.40375,2.8922076,0.6087083703882992
1.533125,1.34487,0.5935718441478163
1.5118749999999999,1.1562835,0.6517783044406026
1.518125,1.2352794,0.6904776259689778
1.534375,1.2462953,0.7097449596267194
1.49375,1.3390794,0.7232783000231534
2.064375,1.3521767,0.7286900614017248
3.26125,2.0270002,0.7246702859415859
3.3599999999999994,2.9797528,1.0170935267929362
3.4256250000000006,2.5928931,1.1559115301907064
3.509375,2.7159328,1.1710494518058747
2.814375,2.6496181,1.172349941012785
2.333125,1.9884033,1.1740932623431086
2.4456249999999997,1.8186316,1.1800372594945878
2.799375,2.011074,1.1951689019236713
2.900625,2.3756564,1.2200270035982133
2.58375,2.5058057,1.2700363353008777
4.2787500000000005,2.279745,1.3874560187220575
5.608750000000001,4.299471,1.6075766743726283
5.93125,4.7349095,1.8542847992812095
5.86125,4.6945415,1.4211066752989592
9.12125,4.257149,0.9051597091130913
8.995625,6.9023957,0.6945208237899094
3.026875,5.4733853,0.6399607765592634
2.4,1.1183668,0.6141470425643771
1.59,2.2232103,0.5983757205116004
1.58,0.9304831,0.6510416462762654
1.5775,1.4023281,0.6879449212451278
2.050625,1.2684706,0.7079596773862094
2.790625,1.9708688,0.7223766886370628
2.945,2.5965245,0.7286418213054537
3.29375,2.4764736,0.7251152111270278
3.420625,2.7837563,1.013942372074537
3.5412499999999993,2.691757,1.15014753637366
3.588125,2.7341037,1.1649372123351693
3.17375,2.6602046,1.1664331536676735
2.52875,2.284218,1.1680189969977737
2.54375,1.8891745,1.1736926901387423
2.500625,2.09557,1.188400637011528
2.25875,2.058825,1.2149187362137437
2.255,1.9704278,1.2750523086168617
2.62,2.1983845,1.4024102492268384
4.9775,2.7275467,1.6072448742063343
5.15125,4.8305645,1.8374387397117167
5.324375,4.030204,1.4067732868596168
5.6899999999999995,4.12518,0.897501095481962
5.57,4.1077147,0.694111380989328
5.1975,3.7604926,0.6419462950671464
2.411875,3.4484951,0.6166728700844198
1.576875,1.1578575,0.6014128531842678
1.54625,1.2757244,0.6501158151724189
1.534375,1.2295135,0.6851572616323083
1.9906249999999996,1.2568629,0.7047355645056813
2.745625,1.8501779,0.7188081175484508
2.85,2.5290093,0.7247523140391707
3.2800000000000002,2.3604903,0.7204873513128608
3.351875,2.804095,1.0076454946320506
3.373125,2.6542878,1.1416530933059008
3.03625,2.6434338,1.1551469645326584
2.5075,2.2524986,1.1562392439025642
2.421875,1.8619485,1.158135358760953
2.34375,1.9304154,1.1668189747682214
2.34625,1.8750302,1.1852443991424888
2.1574999999999998,1.9955722,1.2140444343036414
2.2800000000000002,1.8911499,1.2836848937784882
2.32375,2.248196,1.4159382074637712
3.066875,2.3211505,1.6065057243014873
6.62625,3.2053347,1.8169794570636748
6.49,5.941339,1.3829290245637298
6.999375,4.2724924,0.8811628526283801
8.72875,5.1973996,0.6887985915438085
8.041875000000001,6.1319194,0.6400450970581174
1.58375,4.8518815,0.6155638462182879
0.6481250000000001,0.66307867,0.60114573860161
0.634375,0.9755967,0.5877508393079042
0.5856250000000001,0.56741613,0.5856437238631397
0.625625,0.59638333,0.5892910339518637
0.630625,0.6050416,0.5932069536675513
0.6125,0.6300019,0.5951909771311282
0.595625,0.6609074,0.5944947848326713
1.150625,0.6864743,0.6791542600655556
1.69125,1.2989844,0.7092098334348201
2.174375,1.5005624,0.704520078786388
2.53625,1.73098,0.6992718752548843
1.915,1.8872831,0.696727708524689
0.886875,1.1921265,0.6989209385214745
1.099375,0.6742381,0.7115954257989674
1.33625,1.009178,0.7325767779186367
2.17625,1.116933,0.7574162413741647
2.663125,2.1827443,0.7907205460201948
4.470625,2.531457,0.8456816139684991
7.59875,4.6712737,0.9410017517988012
5.941875,6.6459417,0.7163829563450068
5.584375,3.3710287,0.582124987584725
5.4575,4.0258183,0.5572506397620588
5.34125,3.5459843,0.5452862985298782
5.418125,3.578637,0.5354268800108134
5.738125,3.7202663,0.5294952418922633
5.483125,4.101614,0.5639853160121292
4.855,3.898592,0.5768141915316134
0.728125,3.530977,0.5785057843289524
0.61,0.38208786,0.5801549178680032
1.2275,0.9815839,0.5803112995024025
4.159375,1.0893241,0.5788041951724141
4.564375,4.061856,0.6534769737809896
5.32875,3.5072858,0.6801985983480513
3.03625,4.5253897,0.6766531506113708
2.58125,1.6073169,0.6719085776717215
2.2375,2.0991676,0.6677208589012176
2.96625,1.5188135,0.6648279481692612
3.105625,2.4821992,0.6644535890750587
2.878125,2.3052258,0.6689518783827125
1.845625,2.241394,0.680099028397277
1.9656249999999997,1.2864465,0.6982438827901333
2.4175,1.9056197,0.7273346542339771
8.191875,2.3176267,0.793576279983744
8.15375,7.700611,0.6407317210730165
3.4293750000000003,4.541618,0.5649134395172447
1.841875,1.6773812,0.5530352128370851
1.894375,1.471287,0.5441484701434522
1.39625,1.4510292,0.5367171032468229
0.58625,0.92662627,0.5316312615269422
0.6675,0.46590117,0.645784173470065
0.63,0.68072116,0.6974070566572994
1.565,0.5849435,0.7047812131918222
1.428125,1.7248843,0.7073265759574622
1.4825,1.1651884,0.7063767244751006
2.374375,1.4096334,0.7019267749333381
2.373125,2.1657321,1.0085149625655636
2.611875,1.9199303,1.162100614938736
2.666875,2.2052379,1.186816886743456
2.51,2.0698214,1.1943905818580092
2.505,1.9306794,1.1980929095771908
2.526875,1.9841465,1.1999080927038193
2.510625,2.0417526,1.2100068179814518
2.4631250000000002,2.108718,1.2279428645195813
2.546875,2.1532097,1.2636011662600934
2.45375,2.3642426,1.3579412527130545
4.0962499999999995,2.3139207,1.5678825503630938
4.8256250000000005,4.1453686,1.843033295174092
4.929375,4.1094093,1.4122653819522262
4.593125000000001,3.6929348,0.8935929499966652
4.685,3.1690032,0.6865478521760553
4.135625,3.3708167,0.6350834436852485
1.798125,2.6656003,0.6110112369675189
1.5274999999999999,0.8546656,0.5963038881124556
1.518125,1.2816758,0.6602424479437619
1.473125,1.1574605,0.7001445824510604
1.519375,1.2085319,0.717324634918496
1.511875,1.3268372,0.7283854710417985
2.2424999999999997,1.3452266,0.7318191891340166
3.24625,2.1668942,0.7269501288384944
3.305625,2.837728,1.0195694696679711
2.6574999999999998,2.5875387,1.1600982522650063
2.41625,2.0135293,1.177210928069055
2.388125,1.931072,1.1805717876687647
2.34375,1.8864126,1.1837614148606361
2.370625,1.8550627,1.188584726800397
2.40625,1.9382402,1.2037733802523465
2.46375,2.0468605,1.225729301920235
2.42875,2.1913202,1.2748750960318
4.903125,2.2326024,1.391177483008355
6.0825,4.788074,1.6148386029145867
5.905625000000001,4.8210025,1.8780047735604644
5.47375,4.5404186,1.444548970015794
5.421875,3.8531275,0.9207120570098609
5.4781249999999995,3.8198578,0.6996507194820046
3.7425,3.7953103,0.6419724085076898
1.455625,2.2380724,0.6157662752173095
0.54375,0.7917285,0.5997063099438696
0.579375,0.5548871,0.6564915811194479
0.5525,0.63229114,0.6953307391252368
0.5025,0.55365914,0.7151552259609848
0.545625,0.6352277,0.7288293995310365
1.10625,0.7610704,0.734578044226542
2.286875,1.2706174,0.7313916064625233
2.288125,2.2289968,1.0192314899852128
2.19875,1.8245052,1.1559885748072714
2.215,1.8128327,1.1717930868436397
2.213125,1.7546726,1.17393199689731
2.228125,1.7308582,1.1762658607284726
2.159375,1.7629285,1.1811906363417954
2.16875,1.7395488,1.1970788708592952
2.184375,1.8420978,1.2217691288930923
2.77625,1.9485991,1.2812983047181368
4.035,2.771548,1.410796451086849
4.161875,3.8858705,1.6346107631996274
5.015625,3.5776753,1.8862183476379513
5.021875,4.412421,1.4562478910488637
4.655,3.5898907,0.9339198764260859
4.5962499999999995,3.2405581,0.70769216412507
2.7006249999999996,3.225606,0.6479580675604939
2.150625,1.4870269,0.6212980388188362
1.50875,1.6409131,0.6048741797613352
1.5525,0.9749692,0.6558364527045935
1.5525,1.3240768,0.6925818509947508
2.0012499999999998,1.260745,0.7127111275296658
2.7775,1.8873055,0.7266530137000977
2.89375,2.5120194,0.7321034468913823
3.23375,2.3330395,0.7281736730984598
5.00125,2.6428454,1.0144141582226753
4.97875,4.1828523,1.1488999717351795
4.82125,3.4486694,1.1634823348862677
3.7668749999999998,3.4744475,1.1656045004437119
2.720625,2.517113,1.1684099012489617
2.605,2.0329719,1.1753174046207966
2.54875,2.1576138,1.1919325296798349
2.291875,2.1283433,1.2229561940719933
2.715,2.0222085,1.294289043701142
4.028125,2.8021562,1.4304659516628833
4.766249999999999,3.9799566,1.642545960027352
4.953749999999999,4.162755,1.8748580043053626
4.543125,4.1102705,1.4441417199468614
4.476875,3.20036,0.9268486158679426
4.431875,3.2004216,0.7069458380075544
3.8293749999999998,3.0345945,0.6493724791435151
1.454375,2.503246,0.6232722946596145
0.543125,0.71502,0.6074461543156207
0.543125,0.5814945,0.6506942976491898
0.523125,0.5939621,0.6839606281698495
1.003125,0.54183376,0.7038042515727132
1.7518749999999998,1.0725075,0.7176015171239525
1.880625,1.7810231,0.7229449051429331
2.3118749999999997,1.6504467,0.7189544325511902
4.00875,2.057559,1.002973630680479
4.844375,3.5163102,1.1359580708661676
4.95,3.5696683,1.1507950898973645
4.823125,3.4992561,1.153912057935968
4.758125,3.3003635,1.1568993557984382
4.721875,3.3037148,1.1656028060601653
3.86375,3.3937738,1.184652261927724
2.76375,2.7745135,1.2266616115494073
2.438125,2.1656303,1.3095123821809889
2.370625,2.2601812,1.4443197298888864
4.5287500000000005,2.3750777,1.6402071127151698
5.091875,4.7071767,1.8593432318554817
5.63375,4.2798967,1.4241051361589134
8.5975,4.531857,0.910950813066885
8.735,6.478031,0.7010968260043114
4.00875,5.5473967,0.6467791752904654
2.66,1.8962684,0.6214127585519105
1.5150000000000001,2.0953848,0.606376599619165
1.53,0.8839602,0.5876134945710003
1.5475,1.3344371,0.5835110929955541
1.5225,1.1986457,0.5866360346037894
1.5543749999999998,1.264141,0.5901950374088436
1.57625,1.3255163,0.5929919662963599
1.513125,1.3552107,0.59325967889674
2.1306249999999998,1.2288233,0.6765117194200306
2.668125,2.0456958,0.7042621338088065
3.9624999999999995,2.2000837,0.6985448850437254
6.2125,3.3739107,0.6927801935393363
5.513125,4.994195,0.6899132965783029
0.6875,3.426769,0.6919575204925984
0.599375,0.4816115,0.7032677300061285
0.651875,0.9926202,0.7236264460071921
1.8981250000000003,0.59432185,0.7479793223759532
3.191875,2.1264439,0.782989572244659
3.32375,3.3042638,0.8399725879471005
6.11875,3.1820219,0.94970819214914
8.834999999999999,6.0831156,0.7297847328425199
8.37875,5.8638783,0.5904270682851225
2.485,4.8734193,0.5629823406220972
1.6412499999999999,1.0139472,0.5491775998493283
1.6075,1.6223942,0.537231996505782
1.63375,1.1226186,0.5292083927247673
1.64875,1.255651,0.5595913807970285
1.585625,1.2639046,0.5715234290722012
1.62125,1.2712255,0.5732944585569948
1.6475,1.3600975,0.5752099093217402
2.269375,1.3797216,0.5761976352598518
2.83,1.9294167,0.5771028347522765
2.713125,2.145403,0.653141984186843
3.221875,2.050682,0.6806787069094926
3.2199999999999998,2.581337,0.6771396380285173
3.6500000000000004,2.269253,0.6719265182033926
3.116875,2.7882388,0.667226298244819
3.193125,2.086121,0.6634249985925853
3.026875,2.5271492,0.6621152401109784
2.638125,2.2788942,0.6659939830582589
2.68,2.062311,0.6730154088062048
2.70125,2.3670778,0.6877457813435792
2.7675,2.3969088,0.7213388288798928
2.799375,2.5523787,0.802945622979328
7.423749999999999,2.6011074,0.6551216221871227
3.0549999999999997,5.9428167,0.5728290014297515
2.76875,0.9279709,0.5595882910387963
2.79,2.5703697,0.5510254746114462
2.2912500000000002,1.8718908,0.5431890503775328
1.549375,1.6121312,0.5375894117645174
1.5306250000000001,1.0418596,0.654518720653355
1.520625,1.2447035,0.706832613318786
1.554375,1.1813917,0.7140765016594529
1.554375,1.3233179,0.716665818727687
2.401875,1.3397073,0.7157849386226386
3.23125,2.284508,0.7114092429480702
4.000624999999999,2.7298567,1.0116466817079857
4.284375,3.3232796,1.1625467361596227
4.183125,3.2779374,1.1874475961013138
4.22375,3.0769544,1.1954860506557674
3.476875,3.1094248,1.1995268564058095
3.38375,2.4323344,1.2002934154562652
3.3275,2.6847885,1.2057012897196413
3.249375,2.6339915,1.2210472218325734
3.8700000000000006,2.7312293,1.2501074943725765
5.595625,3.5626938,1.3294322528434546
5.87625,4.945824,1.5128552519520373
5.91875,4.6201277,1.7703177289012073
5.920625,4.7513204,1.362159869065881
5.9825,4.321294,0.873576499472037
5.24,4.2746816,0.6866042651811987
2.8575,3.4484868,0.6405719506715237
2.27,1.6065977,0.6178959159962832
1.59,1.7745028,0.6040903778665513
1.626875,1.036266,0.6685219036403298
1.554375,1.4144611,0.7074630236677825
1.560625,1.262072,0.7236945203579217
1.544375,1.4038975,0.734291394398287
2.38375,1.3923651,0.7377913927880674
3.27125,2.2997472,0.7335269284098594
3.676875,2.7687023,1.0192254101383686
3.9487500000000004,2.9227302,1.1575742187981308
3.395,3.0469623,1.176154330423251
3.354375,2.4135196,1.1804116185887903
3.3531250000000004,2.5841057,1.1843034182563426
3.4681249999999997,2.5366824,1.1879938852906973
3.5062499999999996,2.7512238,1.197579013014436
3.5181250000000004,2.8592546,1.216707407221347
3.564375,3.008551,1.2568158578428628
5.88375,3.1621592,1.3579136442282052
9.610624999999999,5.3015084,1.5610533873128891
6.689375,7.264226,1.8126851914689688
5.8125,3.935485,1.4003476861023902
6.133125,4.3392277,0.9001962616870552
6.6068750000000005,4.230844,0.6987154197642207
4.49625,4.6093416,0.6473228730697185
2.421875,2.593919,0.6226522499511391
1.60625,1.5882765,0.6075391460714489
1.604375,1.2152867,0.6641586666683107
1.5625,1.3812715,0.7012931751564889
1.59625,1.3100051,0.7197397294902801
1.55,1.4680204,0.7327700373125821
2.183125,1.4243851,0.7381097375556082
3.35,2.122647,0.7348157562711835
3.9599999999999995,2.982943,1.016787441388704
4.344375,3.0992203,1.1506707022111118
4.099375,3.2803383,1.1666810320135952
3.4062500000000004,2.859294,1.1699637506309153
2.6625,2.391936,1.1735343151119353
2.505,1.9857948,1.1786090935039522
2.54875,2.0454435,1.1890367285288872
2.40375,2.1374834,1.2089971647268534
2.32625,2.0884693,1.256312426590249
3.8700000000000006,2.231802,1.369945461793393
5.733750000000001,3.9916077,1.5753487019572407
5.894375,4.9716883,1.819758146410659
5.428125,4.5214057,1.4086570426850766
5.574375,3.89454,0.9088296442056448
5.405,4.0014544,0.7045587505991011
4.291875,3.5986118,0.6521522648563236
2.3850000000000002,2.6932085,0.6272999440197646
1.526875,1.4143465,0.6122120565540343
1.5425,1.1322714,0.656420915358588
1.570625,1.2899649,0.6892532843520492
2.026875,1.2889833,0.7083713129184395
2.795,1.9114379,0.7219516973756999
2.9425,2.5805025,0.7274718993012607
3.216875,2.428189,0.7248647413709759
3.406875,2.671368,1.008797625609003
3.4675000000000002,2.7243729,1.1430253446394951
3.4106249999999996,2.6626062,1.158335894037187
3.5900000000000003,2.5529637,1.1606990607367456
3.54375,2.7194977,1.1632622643644364
3.453125,2.6517854,1.1677727133657785
2.693125,2.6908133,1.1776205702088773
2.346875,2.014849,1.2000153372153641
2.410625,2.0422127,1.2584661874173582
2.565,2.2739406,1.3818840882635117
5.474375,2.5517776,1.5792965159514547
5.948125,5.271882,1.8138558111605048
5.413125,4.5046263,1.4023261280672252
5.475625,3.960573,0.9038004148301483
4.18,3.983759,0.7037859123625606
2.78375,2.5147507,0.6530386267904937
2.441875,1.8198287,0.6285870774975418
1.5425,1.7995715,0.6137669026321917
1.4993750000000001,0.9561807,0.646582128450945
1.52,1.2816743,0.6742245009712129
2.004375,1.2241732,0.6924933443718403
2.71,1.8852391,0.7060529975480586
2.66125,2.4460206,0.7123766362836211
2.305625,2.1375241,0.7103316150123625
2.6012500000000003,1.7952929,0.9891388395171613
3.12875,2.2613375,1.1167796425098182
2.94375,2.5508037,1.1304933849191665
2.5337500000000004,2.1795697,1.1337629471465946
2.423125,1.8926687,1.1372708194363863
2.380625,1.9070249,1.1423032382397353
2.45375,1.9064423,1.1525129954744875
2.191875,2.0774083,1.186264318367988
2.2775,1.8640282,1.2565804381994903
2.7424999999999997,2.1994262,1.377199715774581
4.636875,2.7372928,1.5533915842539072
5.039375,4.431956,1.7696602084154633
4.268125,4.047594,1.3587284433749318
1.940625,2.9160779,0.8761579924750701
1.8081250000000002,0.976458,0.6945064713645726
1.7818749999999999,1.4885517,0.6490430710481107
1.28875,1.2201115,0.6256010753401369
0.555625,0.86167157,0.6116792227634043
0.561875,0.5276312,0.5834645472828298
0.57875,0.5713017,0.5755254633399098
0.525,0.53736776,0.5787199743431806
0.568125,0.5469107,0.5829960003973543
0.53125,0.59746677,0.5861655939955264
0.564375,0.5819081,0.5870480688145011
1.0625,0.6132383,0.6750445826078206
3.9131250000000004,0.9711169,0.7042578480151296
7.6381250000000005,3.8864334,0.6959106169766932
7.72375,6.0930033,0.6859609974511712
7.50375,5.038019,0.6780035742980987
6.735625000000001,5.1668196,0.6731809600456804
6.800625,4.3291473,0.6756564544074237
6.135625,4.7924795,0.6915837594161183
1.848125,4.158398,0.715809557018876
2.255,0.78378844,0.7426336419557035
2.409375,2.606671,0.7889482208303362
2.5025,2.0637295,0.8846959413321317
1.825625,2.7115867,0.6978639421971887
1.848125,1.3062898,0.5869598612004518
1.1512499999999999,1.5948547,0.5662731324786693
0.60875,0.7725219,0.5543990919225663
0.625,0.6235728,0.5439128511608392
0.6425,0.64379436,0.5366179319745302
0.588125,0.6165965,0.5569591061224043
0.611875,0.6012921,0.5646718403574079
0.629375,0.5923601,0.5664752624688297
0.5925,0.57526195,0.5693188367386907
1.3043749999999998,0.5498522,0.571787254557386
1.848125,1.1563905,0.5731647883808613
1.855,1.4524276,0.6485487097309529
2.605,1.4572496,0.6769094012054055
6.243125,2.3355842,0.6747639129567891
7.214375000000001,5.6452765,0.6702470850997417
1.873125,5.11325,0.6655976966475695
2.11875,0.7659906,0.6613519701579957
1.400625,2.238408,0.6582560324092954
0.90125,0.7762215,0.6585436789337545
0.73,0.7994652,0.6631605750896782
0.57125,0.67095,0.6702925344466417
1.4175,0.6102205,0.6861812673122435
3.3862499999999995,1.7279338,0.7366451921535283
2.338125,3.8291893,0.6233997721040994
1.89625,1.2870634,0.56961156641379
1.856875,1.4888968,0.5621789038120955
1.8812500000000003,1.3689294,0.5559583234640211
1.283125,1.3652407,0.5500229975695162
0.566875,0.82316875,0.5454358029604702
0.635625,0.5352631,0.6639528489021956
0.5843750000000001,0.67095613,0.7166261502187699
0.62,0.6041632,0.7234226216334849
0.62,0.6291244,0.7252521571854501
0.694375,0.6558504,0.7238162169644237
3.6924999999999994,0.75701886,0.7193102530959993
4.153125,3.961229,1.0091372000056877
4.203749999999999,3.0714705,1.155413481097594
3.745,3.294975,1.1806345795296134
2.3775,2.6860986,1.1896011575891823
2.549375,1.6549603,1.1944123098352553
2.5575,2.1531527,1.1953517956770956
2.40125,1.9721153,1.1959693486450613
2.256875,1.9511433,1.2012755598956346
2.2725,1.9272188,1.221915244556591
2.629375,2.1016326,1.2669536536116899
4.4675,2.6087835,1.380682969668135
5.235625,4.34888,1.568753563175723
5.740625,4.2911096,1.1975749265599995
7.5475,4.4656715,0.7956213012550026
2.75,5.7432895,0.6710869013211875
0.531875,0.9718665,0.6422150043637305
0.543125,0.6851428,0.6241777931609004
0.541875,0.61125684,0.6134985920140892
0.5425,0.5283673,0.6775540643101186
0.548125,0.5635978,0.7146441201476007
0.5293749999999999,0.579045,0.7284926158837228
0.5587500000000001,0.67252254,0.7358927861891686
1.353125,0.7832589,0.7368413419664651
3.9106250000000005,1.5345849,0.7317075591591745
4.656875,3.7701895,1.0109591606665032
4.6068750000000005,3.35602,1.1468600336145611
3.7106250000000003,3.2883043,1.166520165246278
2.47375,2.4627886,1.1727094493335486
2.401875,1.7677736,1.17833839081496
3.16125,1.9911005,1.1833085161055625
3.6518749999999995,2.6517806,1.18847688427113
2.348125,3.0884862,1.1963486912202836
3.53375,1.6948147,1.2156518062717467
2.598125,3.7973862,1.272599140250087
3.6206249999999995,1.9859636,1.4028744106490165
4.140625,3.7744093,1.5858446106721462
2.99375,3.5439348,1.213025412104726
4.46125,1.9248123,0.8066587150175124
2.75,3.9404776,0.6784754102810472
1.5175,1.3372337,0.6480460758353024
1.5387499999999998,1.0430726,0.6289260538765042
1.52125,1.1549326,0.6176167413895577
1.530625,1.0717977,0.6685556916416436
1.513125,1.2058243,0.7013714158084988
1.515625,1.2383373,0.7164455488666147
1.5150000000000001,1.3022597,0.726468724571988
2.24,1.3173922,0.7303839466003328
5.238125,2.1052477,0.7278396802005171
5.68,4.8329606,1.0069679903874174
5.3881250000000005,3.9361482,1.140465330439657
4.835625,3.8626044,1.1580033961835503
3.25875,3.2767527,1.1626176012597234
2.650625,2.18833,1.1667312655022741
2.665,2.116716,1.1709513768994064
2.4768749999999997,2.1705315,1.1773305316135287
2.315,2.043308,1.1858828827307373
2.280625,2.0697246,1.2086603810795398
2.4924999999999997,2.20353,1.2744290744805336
2.8431249999999997,2.5635939,1.4006759978319705
4.92625,2.822347,1.5799133712320774
6.59,4.6013646,1.2114925930126756
5.75,5.046379,0.8064904726982861
2.0025,3.6985087,0.6805318935586512
0.635,0.9216061,0.6510305829484015
0.556875,0.6994458,0.632048105065748
0.504375,0.5918638,0.6208108537143469
0.525,0.5197624,0.6573946875498443
0.5375,0.552211,0.6829230674215406
0.565,0.5509474,0.696849903479293
0.513125,0.67503566,0.706772014189586
1.21625,0.73023486,0.71097488274239
4.02125,1.3781921,0.70901029485479
4.78875,3.9007385,0.9873648697785661
4.681875,3.4335227,1.118569409883246
4.82375,3.3438969,1.1361378748613598
4.920624999999999,3.3754466,1.142212738224417
4.74375,3.332275,1.1473582820469141
4.633125,3.213913,1.1526434630075844
2.308125,3.3420174,1.160216859113276
2.7556249999999998,1.4606918,1.1697036129216851
4.095625,2.788847,1.1986686013045909
6.00375,3.8921282,1.2713270568849893
7.019375,5.2623005,1.3910845909221472
5.23375,5.435276,1.558968099514991
4.67375,3.6952624,1.19017126781784
4.649375,3.585491,0.7915709272214025
2.5075000000000003,3.3055766,0.6758907776849716
0.673125,1.331961,0.6497753437491506
0.714375,0.6034762,0.631483975014314
0.6543749999999999,0.70987695,0.6208771340119094
0.66,0.5616543,0.6472827062126993
0.67125,0.6219148,0.6680439878105372
0.6643749999999999,0.6634281,0.6803236837216466
0.6475,0.7413211,0.6884751636256278
1.3468749999999998,0.7868817,0.6912269421751052
4.05,1.4050937,0.6887671956133842
4.626875,3.8611588,0.9682241165387259
4.7275,3.3069434,1.0932226280599089
4.793125,3.4764333,1.1065091864762455
4.62,3.317989,1.1105170015819372
4.633125,3.1400793,1.1137246689751
4.335625,3.2912385,1.1169905434265732
2.3912500000000003,3.1080003,1.1226447013219447
2.29375,1.5927424,1.1315536703409255
2.355,2.1756554,1.1596528287314625
2.4475,2.1223443,1.2136417690372467
3.579375,2.4475875,1.30888894870542
4.981875,3.6592696,1.4516608957790584
4.604375,4.430565,1.0980120523287356
4.1587499999999995,3.2856746,0.7579861522635817
1.41125,2.9883597,0.6677235499809682
0.551875,0.7657607,0.6459793265867978
0.531875,0.67786527,0.6296909185434132
0.5231250000000001,0.58309835,0.6202948640895635
0.535,0.5436075,0.5844456950259953
0.503125,0.5096526,0.5727975058297068
0.526875,0.48463118,0.5736503787714242
0.53125,0.537777,0.574810134474337
1.1212499999999999,0.56611747,0.5769670847292989
1.7768749999999998,1.0405846,0.5784778768352419
1.7175000000000002,1.4135201,0.6646566160918027
1.708125,1.2828457,0.6958316786373406
1.7225000000000004,1.276609,0.6917777164974064
6.750000000000001,1.2236782,0.6859884065967797
3.7718750000000005,6.196314,0.6807758847893775
1.8825000000000003,1.4171423,0.6766271368404477
1.039375,1.4375813,0.674437395280376
0.48,0.7262398,0.6746197906856983
1.7306249999999999,0.5370018,0.6812631695634871
2.194375,1.8843409,0.696209027820155
2.993125,1.9435785,0.7201034239351004
6.870000000000001,3.0458958,0.7558818275681882
6.126250000000001,6.4749384,0.6288945582764596
2.403125,3.4704263,0.5735822047510742
1.176875,1.213315,0.5648254312424361
0.57625,0.98042995,0.5572119679493457
0.575,0.56962305,0.5509289944189042
0.53125,0.57058287,0.5464301070935279
0.55375,0.4842583,0.5694224931439011
1.043125,0.52689725,0.5771025357434153
1.5175,0.9714867,0.5762437822940946
1.500625,1.2961373,0.575802245875746
2.284375,1.1579303,0.575023228122741
2.72125,1.989333,0.5734598104572296
2.089375,2.022593,0.6555346530940384
2.2125,1.3743367,0.6871956050390005
2.180625,1.7175388,0.6856837165672331
2.21125,1.5086133,0.6820090970025211
1.648125,1.6212671,0.6777592840585113
1.689375,1.0946081,0.6737608378971368
0.865,1.3777578,0.6711751089352369
0.4149999999999999,0.6014998,0.6750880385623127
0.47,0.538453,0.689204745246917
0.403125,0.6332771,0.7081445645320416
1.329375,0.61702055,0.7326695703352243
1.7531249999999998,1.6583313,0.7847684756294637
1.8018749999999997,1.7183411,0.6265565083212405
1.7374999999999998,1.3225739,0.555710345448479
1.105,1.213182,0.5460791703601181
0.534375,0.71662855,0.5387137847521901
1.0275,0.5474625,0.5328593905894458
1.49875,0.8671749,0.5290166283751279
1.52125,1.0933453,0.636239611281827
1.44375,1.1057348,0.6845591442403197
1.51125,1.1015785,0.6915369146945327
1.52125,1.2325332,0.6934767845162749
2.52375,1.2171322,0.6920265915395319
3.23125,2.30852,0.6869495207462459
2.71625,2.5706036,1.0001490933081136
2.2199999999999998,2.0780263,1.1558486386602373
2.188125,1.7908827,1.1797190143966676
2.1881250000000003,1.8283857,1.186259334886968
2.21875,1.7910864,1.1887273540271819
2.185625,1.8550462,1.1901030937974901
2.144375,1.844943,1.1978099475248905
2.17,1.8723128,1.2105966627949476
2.2,1.9527379,1.240779912947938
2.220625,2.014411,1.3105810398508608
3.3737500000000002,2.08383,1.4752613661834597
5.090625,3.4338784,1.7078853763733057
3.490625,4.549476,1.2835185451820492
1.7831249999999998,1.8905276,0.8089894890904427
1.061875,1.0997244,0.6558280804564803
0.53375,0.7496832,0.6207430783724784
0.53375,0.54503316,0.6000358177088946
0.5175,0.55957574,0.5877844279699772
0.47500000000000003,0.52548903,0.6499604302342236
0.5331250000000001,0.5847565,0.6872984640872478
0.52625,0.6708219,0.702456518965736
0.5275,0.6938877,0.711832440156266
1.36875,0.7151394,0.7144014246219397
2.36125,1.3766997,0.7094806357934326
2.4,1.9991745,1.0104067417954654
2.419375,1.9073578,1.155304143524021
2.4918750000000003,1.9729464,1.1736804307754338
2.37875,1.9813567,1.1774166461655498
2.435,1.8532182,1.1796215375079215
2.496875,1.9889724,1.1844214270868898
2.51875,2.0687287,1.1971532243961096
1.63375,2.152484,1.2173795791412891
1.185,1.3150852,1.2524720564468206
1.143125,1.2565467,1.3417281949026882
3.655,1.3425328,1.5322171720795335
4.743125,4.082433,1.7729553857353328
4.40125,4.0465503,1.343813383030966
4.27,3.1236951,0.8502110998673366
2.544375,3.058105,0.6726526113879681
1.311875,1.3803008,0.6288774151017517
0.52,0.84218735,0.6053928604658693
0.4875,0.53261125,0.5913219021370262
0.51375,0.54096264,0.6505092111641169
0.530625,0.5559748,0.688518918588981
0.49625,0.5802211,0.7062882178521901
0.536875,0.64387244,0.7183301020490378
1.210625,0.74644154,0.7228321788022667
2.293125,1.3089803,0.718751106525585
2.315625,2.1209247,1.0127846595988423
2.40875,1.886286,1.1524900714617967
2.3525,2.013805,1.1682337850297242
2.338125,1.8254123,1.1701925920793415
2.654375,1.840551,1.1722825643493981
2.324375,2.1526995,1.1781751319767535
1.6931249999999998,1.7643837,1.1930506234814227
2.0231250000000003,1.4109318,1.2182882670704276
3.985,1.9801457,1.2641564257153124
4.13,4.028016,1.3743606266376376
4.539375,3.4408991,1.5850100769405813
4.814375,4.0625906,1.8235665226059405
4.38625,4.020902,1.3907024575975537
4.458125,3.0219529,0.8830932538361848
2.15,3.24493,0.6859741538410633
0.518125,1.0045346,0.635857278617993
0.48625,0.55930746,0.6108758856230229
0.4781250000000001,0.57352173,0.5958909568751602
0.50375,0.5060724,0.6493078932294994
0.486875,0.5625714,0.686037444050014
0.5025000000000001,0.6192701,0.7052570359595864
0.49000000000000005,0.71787363,0.718869514034614
1.10625,0.7438874,0.7246126769009977
2.8825000000000003,1.1725802,0.7209966630730777
3.283125,2.709356,1.0111843143389747
3.17375,2.493573,1.14828650522165
3.310625,2.429374,1.163036911352724
2.760625,2.5373626,1.1641820156214386
2.524375,1.9691715,1.1657634734882414
2.38,1.9924474,1.1710675916767865
1.9681250000000001,1.9034573,1.185917368419394
1.1437499999999998,1.629361,1.2131083372288942
1.154375,1.097071,1.2690146220222116
2.759375,1.4145669,1.3915042000240088
4.454375,3.20791,1.5945275289920717
5.08375,4.1954784,1.8231410329964757
4.3793750000000005,4.22193,1.3911355220981687
4.316875,2.9515426,0.8846863730485738
2.59375,3.1074736,0.6883704108545928
0.513125,1.3956145,0.6385589233484119
0.47437499999999994,0.5206685,0.6137894279664009
0.533125,0.59698176,0.5990930427695811
0.50875,0.51459605,0.6488936662871391
0.5018750000000001,0.5420869,0.6841804993524402
0.509375,0.5673462,0.7032379287896305
0.525,0.67035615,0.7166831612416357
1.186875,0.7601483,0.7222091440051793
2.450625,1.3061806,0.7176958045848458
2.55375,2.287273,1.0054940760410205
2.479375,2.0123866,1.1399528292515875
2.47125,1.981858,1.1536937814673036
2.5481249999999998,1.9130334,1.1549923769514263
2.496875,1.9706237,1.1572131157634409
2.364375,1.9192659,1.1656735714906454
1.7924999999999998,1.8764377,1.1835186196653547
1.143125,1.4626158,1.20982960539639
1.2037499999999999,1.1231884,1.2746248256149888
6.596875,1.4191787,1.4032650158913433
5.185625,6.4438815,1.5907945030298085
5.270625,3.2236342,1.7993606589272617
4.66625,4.5935903,1.365136601948589
4.12875,2.9758875,0.868187562436536
1.653125,2.811836,0.6831497161383181
0.55375,0.791068,0.6367712490370124
0.648125,0.60047555,0.6129087472005933
1.441875,0.61300147,0.5990303505783527
1.50875,1.2635466,0.5870693981132656
1.47375,1.1466174,0.5856781098821758
1.480625,1.2155547,0.5893348885848373
1.506875,1.2269148,0.5932950616119802
2.134375,1.2288238,0.5954483240909874
2.6775,1.8129258,0.5943359114577621
1.8737499999999998,2.0172758,0.67925133827582
1.7149999999999999,1.1529555,0.709992339624539
1.8149999999999997,1.2943138,0.7057088383488357
1.675,1.3192925,0.7007613380620629
1.720625,1.2041928,0.6984261785258352
1.7268750000000002,1.3462051,0.7005720654529333
5.79625,1.3877378,0.7138478595502674
6.05875,5.930555,0.7351520415703952
4.42875,4.454102,0.760254832163006
6.983750000000001,3.288041,0.7940299760957807
7.925624999999999,6.194816,0.8471337505028398
8.955,5.677057,0.9353507833312825
8.403125,6.670597,0.7099572559181601
7.548750000000001,5.1623325,0.5803580445543677
1.55125,4.857545,0.5572317025341839
0.574375,0.5848092,0.5456999274545162
0.639375,0.9633406,0.5362693873120099
1.5587499999999999,0.5943756,0.5305523378861695
1.5118749999999999,1.57766,0.5647328381650895
1.5425,1.1679996,0.5771845638410001
1.5575,1.4311163,0.5784868471010775
1.5325,1.3041794,0.5800423908665776
2.2475,1.2236463,0.5804481458912044
2.765,1.8225085,0.5788978846155852
2.05,1.9930047,0.6552145142733306
2.23125,1.2439516,0.68208205516465
2.4325,1.6881759,0.6774368528365343
2.56875,1.7300966,0.6724794852573425
1.8931250000000002,1.9096711,0.6688309791331738
1.67125,1.269879,0.6661775744990259
0.8987499999999999,1.361014,0.665667764390707
0.376875,0.6573231,0.6700821318779885
0.394375,0.5221599,0.6829271538759768
0.423125,0.6325532,0.7019551807751506
1.315,0.6730442,0.7287244474207609
1.74875,1.6212411,0.7920591090220958
1.7831249999999998,1.7153817,0.6367170287635177
1.7531249999999998,1.2963889,0.5622458817970007
1.08625,1.2290401,0.5508219492466002
0.5225,0.7072419,0.5420873023936897
0.5293749999999999,0.54257053,0.5347627813301236
0.5125,0.5359114,0.5297198972166329
0.5275,0.48517188,0.6420229410052299
1.4075,0.5956775,0.6930192012890428
1.46875,1.4060309,0.7008209404950588
1.45875,1.1520641,0.7034706573532521
2.3981250000000003,1.2556001,0.7024799413265288
3.3793749999999996,2.2079744,0.697783209804669
2.561875,2.7702556,1.00663025987871
2.478125,1.8130089,1.1612310971704125
2.4050000000000002,2.1117427,1.1859401927624644
2.3925,1.8804933,1.1935334231226147
2.415,1.9331622,1.19724930591017
2.36125,1.9733601,1.201382405728698
1.5825,1.9725051,1.2130060761983694
0.95875,1.2939953,1.2300647310681643
1.165625,1.0693744,1.265854995386079
2.825,1.3988802,1.3578030109495671
3.8768749999999996,3.179328,1.5602781570054591
5.071875,3.5936959,1.8299832527669517
3.2875,4.459629,1.3969679889444262
1.8749999999999998,1.7487577,0.8806183574921639
1.073125,1.2198579,0.6806715306968242
0.52625,0.74553376,0.63152334451437
0.5331250000000001,0.5523794,0.607858088856712
0.45374999999999993,0.5573732,0.5934405792577564
0.515,0.497348,0.6563018101622163
0.48,0.5928881,0.6955135332090407
0.513125,0.62641,0.7128412960539012
0.5181250000000001,0.71871287,0.7238500049657374
1.3399999999999999,0.72773397,0.7270197979031503
3.775,1.3892257,0.7219937579555064
4.61625,3.6075304,1.0174080342800915
4.5525,3.3983111,1.15940983419694
4.4975000000000005,3.3040442,1.1769448101826012
4.564375,3.1964066,1.1804433135280759
4.796875,3.2468696,1.1836859649579972
4.655625,3.5062978,1.1909017464657128
3.8700000000000006,3.4136066,1.2063666841053964
1.06625,2.8724558,1.2273549134288728
1.04375,0.92377514,1.2719651417947562
1.22875,1.4878812,1.381258163047433
3.280625,1.4559798,1.5991141255833954
4.904999999999999,3.9110012,1.8598423773144184
4.376250000000001,4.5023727,1.4257717118815334
2.3356250000000003,3.1113274,0.9056562631618977
1.30125,1.3151007,0.6932008990070223
0.5237499999999999,0.8976329,0.6384607487723231
0.4856250000000001,0.5819793,0.6127294415535033
0.515625,0.5809802,0.5970690517882258
0.516875,0.5346617,0.6544436694291978
0.47250000000000003,0.57661414,0.6932562156463414
0.49687499999999996,0.56297606,0.7131761859784275
0.53125,0.6327454,0.7268616222155839
1.1475,0.7025273,0.7320501236444711
3.8831249999999993,1.2175118,0.7282712496568262
4.64625,3.8805063,1.0184662266398221
4.68,3.4101102,1.1568224108514935
4.79,3.4448807,1.172459278586358
3.6525,3.4475765,1.174186254098937
2.47125,2.4054854,1.1765514141909033
2.464375,1.8387779,1.1831432638749482
1.8656249999999999,2.084249,1.1987733540756256
1.004375,1.509754,1.2226698432525993
1.03875,1.0594157,1.2773292610947788
1.145,1.3561419,1.4011395612364264
2.475625,1.5224463,1.6236753114587814
4.16625,3.0533383,1.873573063559234
2.65875,4.060774,1.442371986167133
1.8450000000000002,1.4850483,0.9226449997929856
1.368125,1.3508418,0.7023594407554715
0.546875,0.8857023,0.6446062778962404
0.49750000000000005,0.5763727,0.6183101429386436
0.529375,0.5865364,0.6021356572713703
0.5375,0.5422104,0.6537550520218909
0.53625,0.5844453,0.690582478409633
0.506875,0.5852295,0.7110053816462307
0.5393749999999999,0.6227075,0.7255513653858751
1.141875,0.7027063,0.731448617485389
3.7893749999999997,1.2022231,0.727820942311883
4.765625,3.786347,1.0146108562185243
4.82,3.5710852,1.1498203210099043
4.785,3.5218728,1.1648392370983214
4.7212499999999995,3.4120507,1.1672305106308312
4.68125,3.2853909,1.170104583804533
4.4225,3.2858365,1.1772682381007822
1.986875,3.1507537,1.1923371883386373
1.435,1.281351,1.2186932247380913
2.71125,1.5565546,1.28487724144727
2.9762500000000003,2.9690828,1.4177478090916575
4.285,2.8873127,1.62697278117992
4.8793750000000005,4.3089476,1.8585680015480517
4.42,4.2097125,1.4285814981500804
1.8631250000000001,3.2326982,0.915215078105852
1.92,0.9164114,0.701865876795277
0.665,1.6123013,0.6463687357936799
0.4856250000000001,0.5357834,0.6205693542241305
0.51625,0.6025224,0.6049638824196905
0.51375,0.5358,0.6502297375485301
0.48374999999999996,0.57508904,0.6841722267739474
0.5125,0.5756239,0.7040171458818764
0.504375,0.6578582,0.718281662613526
1.108125,0.6989505,0.7238422307353466
3.3075,1.1771566,0.7199587036462873
3.1775,3.2605817,1.0070803678844125
2.513125,2.2664866,1.1420022359861435
4.35125,1.9267586,1.1561728639353812
3.3187499999999996,3.8228898,1.1577030916173012
2.34,2.0277257,1.1593575076462328
2.4768749999999997,1.8141581,1.1677469986037166
1.706875,2.0657802,1.185342374379337
1.045,1.3387086,1.2215807533105463
1.078125,1.1100117,1.2980589474229516
1.1681249999999999,1.3294929,1.431397663274333
2.99,1.485506,1.6254055760688335
4.74625,3.5212328,1.8414754590073226
4.53125,4.346702,1.4082107221249491
3.8325,3.2239704,0.8996636770704761
2.043125,2.6047928,0.6966342184207588
0.72875,1.0928714,0.6445509612569212
0.585,0.6509979,0.6194678055795282
0.5175000000000001,0.61100966,0.6045650045988709
1.468125,0.5250418,0.5879935348335653
1.4875,1.3965292,0.5847920469568669
1.504375,1.0693718,0.5879597468322515
1.459375,1.2473072,0.5914890480904281
2.175625,1.1489042,0.5937151690619439
2.579375,1.9320847,0.5937125776518136
1.661875,1.9666895,0.6785856448812038
0.619375,1.044004,0.7085650706604868
0.594375,0.64878255,0.7031717481616884
0.765625,0.6782179,0.6970149563706666
0.77875,0.68069863,0.6938320070433617
1.01125,0.6703107,0.6956205783813446
0.85,0.91273046,0.7070688303191215
0.898125,0.73602676,0.7274197720897942
1.118125,0.93027675,0.7515949375253915
1.2331249999999998,1.1528677,0.7848488093435019
1.1368749999999999,1.2170025,0.8413296396635845
1.196875,1.0995008,0.9448632020669431
0.6475,1.2343581,0.7226485873614996
0.6975,0.5683839,0.5865304844757914
0.71,0.6306976,0.5600782668926566
0.6956249999999999,0.5870814,0.5463305371427536
0.638125,0.5766,0.5354952533704042
0.71375,0.54838955,0.5290319774966686
0.69375,0.58937967,0.5618667385610193
0.69875,0.6004178,0.5748109318313003
0.6799999999999999,0.6137104,0.5767970483569056
0.70625,0.60880834,0.5787325327153503
0.650625,0.6248703,0.5792365619856864
0.64375,0.60117805,0.5779271025129408
0.608125,0.6050161,0.6524385160060971
1.109375,0.65989214,0.6797334402296692
1.32,0.997716,0.6764300900009275
1.278125,1.0204988,0.6715361123003065
0.759375,0.9832065,0.6671129738864302
0.778125,0.6383606,0.663611281113103
0.775,0.7278651,0.6628808024652302
0.76125,0.68209106,0.6673082266727834
0.74375,0.700112,0.6762006505347788
0.7875,0.7035385,0.6930929568081349
0.8875,0.76984894,0.7255292387301474
0.8574999999999999,0.8832002,0.8003180327768623
0.8549999999999999,0.88804895,0.6494539092233776
0.56125,0.6774197,0.5695753863415867
0.5125,0.5434432,0.5569183412476628
0.54875,0.5511507,0.5482008375694603
0.520625,0.54810387,0.5403650113532692
0.534375,0.5296079,0.5348072339808195
0.540625,0.5337219,0.6508733042874187
0.55125,0.649044,0.7028601809283346
0.49000000000000005,0.65652776,0.710052938753739
0.54625,0.6310304,0.7125364066851139
0.6699999999999999,0.66598207,0.7115924357103556
1.296875,0.70850885,0.707202786288932
2.549375,1.1765947,1.0106708662895114
2.550625,2.4977674,1.1630767792008818
2.4575,2.0224571,1.1879268076361715
2.3581250000000002,2.065871,1.195486449334249
2.400625,1.9195348,1.199185288616717
2.3206249999999997,1.996704,1.1997623757188023
1.6225,1.8854554,1.2072385939446093
1.08125,1.3043113,1.2239239860860258
2.394375,1.1136274,1.25548945453465
3.464375,2.6278472,1.3387484719313683
4.49625,3.2786536,1.5355350740728528
4.99125,4.0861316,1.8064345108955353
4.82,4.1976523,1.389091995871216
4.510625,3.4701772,0.8847074033384771
1.669375,3.1464581,0.6873338468024879
0.528125,0.77481645,0.6384152994254231
0.5237499999999999,0.6186904,0.6149708119769394
0.5075000000000001,0.5665576,0.6007073916111141
0.526875,0.5208022,0.6651803799469769
0.5393749999999999,0.5735906,0.7047054642803221
0.509375,0.6461746,0.7216221896106749
0.521875,0.7134834,0.7328308357810228
1.4575,0.76995856,0.7363449872568995
2.349375,1.5560849,0.7315600481209904
2.42875,2.0068395,1.020648692317605
2.47625,1.9669168,1.1604439065085352
2.3712500000000003,2.0010042,1.1779335328169167
2.375625,1.8340448,1.1814310394661873
2.453125,1.880031,1.184761599501297
1.054375,1.9549929,1.1882054838947953
1.15375,0.9606456,1.2005092001844198
1.6243750000000001,1.3279244,1.2212292185594142
3.240625,1.6481049,1.2651912953838707
3.3475,3.4584625,1.3717707115516813
3.511875,2.916173,1.5877675366584212
3.8243750000000003,3.2896051,1.8518162817928938
3.1731249999999998,3.4110425,1.4305786780035497
3.2475,2.080046,0.9162608117630333
1.258125,2.3907526,0.7011715782196074
0.520625,0.67958176,0.6455037031582742
0.5081249999999999,0.6083073,0.619878344745934
0.48937499999999995,0.5530091,0.6041430034261196
0.509375,0.52533084,0.660900765786469
0.5125,0.58240867,0.6984792027638852
0.518125,0.64595413,0.7172296497702598
0.460625,0.71784073,0.7308932583605497
0.6275,0.71024126,0.7368193149803578
1.211875,0.7976101,0.733709124475941
1.259375,1.1318071,1.0190566694710403
1.181875,1.2059002,1.1545976852546633
1.258125,1.1683432,1.1703602363808454
1.315625,1.195804,1.1731657368557156
1.28,1.2043928,1.1764825424832106
1.2625,1.1790714,1.1807401296576112
1.090625,1.1989924,1.193838511830643
1.065625,1.1134443,1.21549103917405
1.130625,1.1699796,1.269806596825868
1.18875,1.2784451,1.393135991049111
1.3331250000000001,1.4011585,1.6130991686994582
2.986875,1.6398698,1.8688616806031761
3.21375,3.3210313,1.4474479605945945
2.795625,2.2642558,0.9310196898118407
0.516875,1.9476708,0.7093971126515418
0.490625,0.4880628,0.6515068043946475
0.435625,0.67415357,0.6254030318044126
0.47500000000000003,0.52029496,0.6092124993282556
0.49499999999999994,0.5504132,0.6577815053465962
0.48125,0.5841658,0.6923509164842963
0.47062499999999996,0.6120034,0.7110691702032834
0.4512500000000001,0.64814836,0.7243609114398807
0.599375,0.66851526,0.7297296155424415
1.155,0.7469251,0.7262061947918683
1.1768750000000001,1.0878136,1.0128292119191586
1.20625,1.1724111,1.1475055937458576
1.115,1.1993093,1.1620816777108611
1.07,1.115219,1.1643065029773116
1.019375,1.0983267,1.1668356195948273
1.053125,1.0674548,1.171374474437982
0.954375,1.1052805,1.1856312169392407
0.9524999999999999,1.0595738,1.214495339666307
1.039375,1.1171155,1.2838271223267914
1.065,1.2223452,1.4180751241250338
1.2125,1.2990551,1.6327682705970108
3.00875,1.5474523,1.8774518065065144
3.128125,3.3695006,1.4524258601155877
3.24625,2.1547909,0.933779242591709
1.9824999999999997,2.452164,0.711181198856607
0.47875,1.0815061,0.6530560689740628
0.505625,0.54545337,0.6269187077217548
0.48125,0.62130255,0.6109330959851295
0.458125,0.53016573,0.6476841754436492
0.48875,0.5702267,0.6783027824985236
0.47875,0.586922,0.6982775711218268
0.48250000000000004,0.624508,0.7132837294988333
0.580625,0.67506135,0.7204514702495187
1.0462500000000001,0.7389123,0.7174773287769407
1.1625,1.0098546,0.996669278016463
1.061875,1.1787864,1.1261185862711818
1.0818750000000001,1.1195138,1.140248648684919
1.08875,1.1194223,1.1433282406158747
1.0306250000000001,1.0929692,1.1467883711574973
1.0325,1.0558236,1.1524887757567317
0.9656250000000001,1.0752065,1.1715080317293107
1.0162499999999999,1.0567458,1.2156898800667375
1.094375,1.1485046,1.3014872833556683
1.40125,1.2590969,1.4384631429944934
2.129375,1.6290034,1.6372992515401543
3.8956249999999994,2.3882997,1.8634117457599937
3.5168749999999998,3.8701794,1.4314683290351928
3.188125,2.2789426,0.9178496451817454
0.606875,2.305329,0.7048713145286589
0.6025,0.4893856,0.6495028470069915
0.588125,0.72830904,0.6239386857415735
0.569375,0.5578443,0.6086747817262261
0.60875,0.5694666,0.5842401762687415
0.6,0.55175966,0.5781689010120182
0.603125,0.55278105,0.5817799313589185
0.578125,0.5834881,0.586737697616592
0.5762499999999999,0.5912759,0.5906858106196672
0.54375,0.6037449,0.5919207172163575
0.505625,0.5993722,0.6774077493073791
0.52375,0.6806273,0.7048067286146432
0.675,0.66157305,0.6953708063126355
0.736875,0.6935969,0.6846268199125677
0.6675,0.6788371,0.6790741256907582
0.5425,0.6392371,0.6788267456929385
0.569375,0.5975445,0.6874663077279924
0.578125,0.63373286,0.7076324620224536
1.216875,0.652182,0.7339912891712784
1.4693749999999999,1.3062977,0.7686798055053502
2.005,1.3502876,0.8234840931407734
5.54375,1.9809375,0.9373802063069493
4.665625,5.6663404,0.7278017060751467
0.6187499999999999,2.6205554,0.5928886089000105
0.520625,0.48351327,0.5662832987799495
0.46124999999999994,0.7563158,0.5528222188583016
0.48312499999999997,0.47323474,0.5410234288655966
0.49562500000000004,0.4956104,0.5329257705566287
0.4256249999999999,0.47084376,0.5575131695421784
0.494375,0.45902923,0.5671409558634459
0.49499999999999994,0.53522545,0.5685719126034527
0.456875,0.5500997,0.5708128843484074
0.45625000000000004,0.5549411,0.5735127350256591
0.438125,0.5766659,0.5751608718685061
0.390625,0.57466316,0.6512796573297679
0.916875,0.62007064,0.6794764919482916
0.8512500000000001,0.8285312,0.6764020828375965
1.383125,0.68172723,0.6711832818441092
0.689375,1.1777164,0.6661510623800009
0.36375,0.5648389,0.6618399526194483
0.35375,0.5428734,0.6591548530460148
0.366875,0.527485,0.6618978606688976
0.316875,0.54074216,0.6681239228460938
0.391875,0.53945345,0.6768423235508799
0.39312499999999995,0.6014675,0.701888601468727
0.42187500000000006,0.6154327,0.7726189482425898
0.46312500000000006,0.67201364,0.6420806497154384
0.458125,0.54774255,0.5722465321681648
0.438125,0.5436677,0.561574507234022
0.471875,0.5337011,0.5541859982741624
0.45625000000000004,0.53808516,0.5472850730972737
0.4656249999999999,0.51848555,0.542063880032897
0.4781250000000001,0.51589113,0.6603672343084961
0.46937500000000004,0.62103564,0.7127500983512401
0.43624999999999997,0.6200796,0.7194384282278269
0.45125,0.61423945,0.7216006609726697
0.5825,0.6323404,0.7205830341484397
0.9581249999999998,0.6918527,0.7161724541067331
0.99875,0.86990786,1.010759422747232
1.01625,1.113105,1.1591263737965376
1.028125,1.1325788,1.183832877978459
1.0550000000000002,1.1241506,1.1922796789676697
1.0075,1.1325815,1.196725841063857
0.996875,1.0953271,1.1974342927256227
0.944375,1.0997632,1.1981495219215752
1.044375,1.0705827,1.2087963304417582
1.0006249999999999,1.1552399,1.2329079066595436
1.1556250000000001,1.1255294,1.2933442753694206
3.340625,1.299941,1.4364286867029965
3.42125,3.6122017,1.6601243919675053
3.156875,2.8611908,1.2743502358108014
1.855,2.3143692,0.8289169346440584
0.615,1.0299556,0.6773413693401962
0.46,0.6004816,0.641697719033882
0.42937500000000006,0.58657163,0.6215542894128709
0.46375,0.5269272,0.6094143303095549
0.424375,0.5381141,0.6748026844391226
0.43624999999999997,0.58277464,0.7126014909472316
0.443125,0.63945156,0.7266875990583748
0.460625,0.67161644,0.7352442359692603
0.5725,0.69853354,0.7373220485456288
0.950625,0.7460197,0.7325865455414354
1.06875,0.89214987,1.0146671197192372
1.00625,1.144202,1.1515701208655538
1.149375,1.0972449,1.1706528663863243
1.244375,1.1690315,1.1762905787943305
0.98125,1.1868031,1.181493831327036
1.096875,1.0322856,1.1856600214595348
1.196875,1.1669075,1.1906910448881984
1.108125,1.1956285,1.203899262982905
1.00375,1.1559938,1.2284787880684436
1.0625,1.140255,1.3045638851980121
2.09,1.251752,1.4668853306247294
2.8425000000000002,2.3961432,1.6819112739592044
0.53625,2.8159652,1.2929235699017347
0.426875,0.46647835,0.8424416536183283
0.4806249999999999,0.6782734,0.6856622875988483
0.4475,0.57221407,0.647666434251219
0.47500000000000003,0.5630128,0.6261710858991741
0.460625,0.56231046,0.6132136365693808
0.45437500000000003,0.5538187,0.6674695917882025
0.47062500000000007,0.6248688,0.7032805873871595
0.39375000000000004,0.6506498,0.7208142676677555
0.44937499999999997,0.62838584,0.7326582079984992
0.5675,0.668238,0.7367764570435881
1.200625,0.703099,0.7329135615659504
1.268125,1.0999261,1.0117912524923682
1.19375,1.1878064,1.1447688653090597
1.109375,1.1713101,1.1614772811327876
1.25125,1.121156,1.1656496507817506
1.15125,1.2259371,1.1696252726000549
1.16625,1.1241621,1.1742629000370206
1.059375,1.1785959,1.1814019359370322
1.065625,1.1079714,1.1960688189262152
1.0037500000000001,1.1564916,1.2269672982751578
0.9918750000000001,1.1341606,1.3116395312194526
1.090625,1.194085,1.469328532029465
2.13375,1.3423363,1.6770319476927815
3.3125,2.4862702,1.2914961015984416
2.778125,2.751223,0.8432085116776452
0.5506249999999999,1.7962425,0.6884208436825126
0.468125,0.51731354,0.6512018153562397
0.445,0.6631283,0.6298697258424013
0.45125,0.5402279,0.6170746383242308
0.46312500000000006,0.55013126,0.6572340201217681
0.47437499999999994,0.58133644,0.6857469071065634
0.46124999999999994,0.6076516,0.7011630066322535
0.4131249999999999,0.6323615,0.7128632233703881
0.595625,0.63947827,0.7184365492036193
1.1324999999999998,0.7364172,0.7168900753735751
2.854375,1.0522376,0.9966074828518182
3.285625,2.8122408,1.1288876076649874
3.3793749999999996,2.5496411,1.1462322146756947
3.3956249999999994,2.6652002,1.1516897244100273
3.3600000000000003,2.5992563,1.156499580951035
2.489375,2.5812955,1.161436017909944
0.8700000000000001,1.7809383,1.1685009992820026
1.01375,0.9361886,1.1816342658221721
1.07125,1.2364749,1.2219400622920693
2.373125,1.1355321,1.3170294649511576
3.440625,2.8175588,1.4674501583635062
3.6093750000000004,3.378465,1.6661961655723303
1.4425,3.2687838,1.2801652604734899
0.60875,0.7822321,0.8327198788450285
0.45875,0.70627904,0.6853040749831497
0.4599999999999999,0.60875314,0.6509554320546239
0.445,0.5838129,0.6300793310540914
0.445,0.5524011,0.6177522920732945
0.424375,0.5462772,0.647154331741631
0.46187500000000004,0.57037085,0.6708856683576107
0.42749999999999994,0.60357946,0.6855999940861016
0.445,0.60687625,0.6959879606021195
0.59875,0.6391688,0.7000264739508927
0.939375,0.70784867,0.6970555219061673
0.90375,0.8494559,0.9767905709072203
0.88,1.0427353,1.10337407856673
0.84125,1.0432609,1.1173205495397003
0.891875,1.0081409,1.1216958465357871
0.87875,1.0281457,1.1252134864483774
0.8568749999999999,1.0058501,1.12904727839686
0.8731249999999999,1.0054746,1.1357569375722112
0.85375,1.0251069,1.1515804865060748
0.86,1.0318896,1.1921668529573828
0.8956249999999999,1.0739244,1.2722693334762007
0.9275,1.1368335,1.400184227924943
0.945625,1.1926131,1.5835173250359298
0.4325,1.2572867,1.208778888258189
0.46125000000000005,0.5528667,0.7976575515996664
0.42000000000000004,0.6133336,0.675164385491535
0.46499999999999997,0.5630274,0.6469838966907561
0.44812500000000005,0.5854765,0.6278284920167178
0.456875,0.5658151,0.6166680859426409
0.42562500000000003,0.5720083,0.5840133282127231
0.4475,0.52847296,0.5737587196487933
0.46187500000000004,0.54060805,0.5756791538945585
0.4225,0.5421453,0.5782115596095472
0.43624999999999997,0.5279177,0.5798685670486092
0.403125,0.5369326,0.5814336790976673
0.35625,0.52190083,0.6694303922302276
0.33125,0.5873459,0.7000689332091808
0.36875,0.5768306,0.6943119162655621
0.3525,0.5915328,0.6867392178472131
0.329375,0.5768822,0.6801622189366072
0.369375,0.5707104,0.6755562864389271
0.7168749999999999,0.58946705,0.6736185096792131
0.825625,0.7463845,0.6768593670559674
0.973125,0.7492495,0.692103137807995
0.95125,0.8774454,0.7148903041099757
1.351875,0.8293473,0.7448970393652469
1.158125,1.2931665,0.8015845346432179
0.5275,0.97251433,0.6528991889915615
0.430625,0.5289036,0.577993083801642
0.47375,0.53152335,0.5650292556161433
0.43,0.5201522,0.5556365899293869
0.438125,0.49555266,0.5477058782345802
0.41999999999999993,0.50278103,0.5421976366634667
0.46,0.49635082,0.5586848855995387
0.426875,0.53706497,0.5650543723604827
0.418125,0.5277289,0.5664672888991982
0.47437499999999994,0.5343073,0.568356327214539
0.426875,0.5545755,0.5699215389332175
0.346875,0.53158265,0.5706603898292034
0.365625,0.5069462,0.644205705691874
1.318125,0.5735556,0.6726457341841607
1.176875,1.2748101,0.6716906998815387
1.0587499999999999,0.78981465,0.6686101112543791
0.593125,0.8393401,0.6648762879351526
0.50875,0.59159464,0.6609589728447794
0.388125,0.6087394,0.6577410394807159
0.44062499999999993,0.5401033,0.655510333706662
0.366875,0.58226335,0.6575653219399601
0.545625,0.54239887,0.6627876113701612
0.6587500000000001,0.65257907,0.6725790552081168
0.47062500000000007,0.6894957,0.6932950867982953
0.43500000000000005,0.60169464,0.6029756728320569
0.466875,0.5362684,0.5674574069081991
0.443125,0.5421693,0.5630876914108545
0.44437499999999996,0.5285498,0.5582676685685664
0.4781250000000001,0.5279958,0.5535311688681691
0.46375,0.5330755,0.5496093686448782
0.4775,0.5202954,0.6653493199535458
0.4256249999999999,0.63759536,0.7174997544415295
0.44625000000000004,0.6141612,0.725332690238729
0.47125,0.6347253,0.7276674510964751
0.5425,0.6422429,0.7266004878101497
0.9518749999999999,0.6740864,0.7227240372641385
0.898125,0.87043136,1.006874450448677
0.863125,1.0532815,1.149932648672089
0.8856250000000001,1.0685577,1.174931683189869
0.8818750000000001,1.0700737,1.184731598945558
0.9381250000000001,1.0615852,1.1905827040108294
0.8724999999999999,1.0862399,1.1920676816850901
0.8887499999999999,1.0445863,1.192913079405278
0.8806249999999999,1.0681746,1.1953948529531062
0.8631249999999999,1.0602808,1.2099476142269374
0.9275,1.0699658,1.2403681777460873
0.928125,1.1261569,1.3248667862116545
0.9406250000000002,1.1607052,1.4588760792690516
0.736875,1.2161251,1.1006160208311677
0.46937500000000004,0.67077804,0.763012790228948
0.47437499999999994,0.58051336,0.666846756330356
0.438125,0.59780794,0.6433344935400038
0.484375,0.566581,0.6278200200989842
0.464375,0.58929026,0.6188456678090244
0.445625,0.5697566,0.6632021373213828
0.47687500000000005,0.61363566,0.6892800954799354
0.46625,0.6296822,0.698728376814872
0.450625,0.62111413,0.70360142389521
0.581875,0.6167762,0.7035491970141232
0.96,0.67228836,0.6982415903888642
0.86125,0.8399456,1.0028851240575687
0.890625,1.0348188,1.1515731109541656
0.906875,1.0821015,1.1723288110532613
0.861875,1.0680599,1.177290962774232
0.9000000000000001,1.045946,1.1796011052357407
0.9074999999999999,1.0675879,1.1820482934252918
0.8737500000000001,1.0639238,1.192071668469906
0.91375,1.0586537,1.2098916995698958
0.8962499999999999,1.0962704,1.240042856105119
0.9275,1.0926653,1.3169424533725531
0.9199999999999998,1.1576743,1.4933330630749464
0.99625,1.2182332,1.7238697920744865
0.4675,1.3516902,1.3002700182817877
0.444375,0.53592557,0.8238801303774118
0.47437499999999994,0.5834827,0.6636321120637655
0.505,0.5649471,0.6253656556967645
0.439375,0.57466245,0.6036474460735172
0.45625000000000004,0.5448131,0.5909969791745394
0.46937500000000004,0.5588595,0.650763767374605
0.44437499999999996,0.6275596,0.6877387048005312
0.48875,0.61859053,0.7038066436436027
0.445625,0.64081806,0.7142173348330706
0.5918749999999999,0.61253303,0.7174633750300854
0.9493749999999999,0.6812265,0.7129447531198709
0.9087500000000001,0.82644254,1.0086987035107613
0.8581250000000001,1.0559384,1.1497827455630154
0.8625,1.0554065,1.1665105969627203
0.8856250000000001,1.0535293,1.169339220789522
0.8568749999999999,1.0599982,1.1716804601725936
0.8768750000000001,1.0419291,1.1767353046405316
0.890625,1.0604328,1.190078575070873
0.8418749999999999,1.070514,1.2136859226790817
0.91625,1.0618707,1.252256770066768
2.9625,1.1253849,1.349891734830737
3.263125,3.2839818,1.546474612268135
3.403125,2.7921026,1.7761153113803265
2.49375,3.121069,1.3486436718441546
0.501875,1.5043057,0.8573515809768439
0.44875000000000004,0.5042735,0.677269607213512
0.46124999999999994,0.62108487,0.6325439614272117
0.468125,0.522718,0.6091155207876116
0.42500000000000004,0.5324979,0.5951942662286013
0.4775,0.51380765,0.6492243700876087
0.4231250000000001,0.63699055,0.6853605876579135
0.45562500000000006,0.63994205,0.7034610890696943
0.45374999999999993,0.68752235,0.7159690284115076
0.5475000000000001,0.6827655,0.7208803486260771
1.073125,0.71440625,0.7166770813947916
1.16625,0.94765556,1.0084580013775082
1.21125,1.1481441,1.1464130153670908
1.12375,1.1788796,1.161469307563156
1.134375,1.1051669,1.1630556492413582
1.0899999999999999,1.1339351,1.1649326275326313
1.109375,1.1022816,1.1699625545954704
1.02375,1.1440908,1.185177520827204
1.506875,1.1077499,1.2124443382178247
3.238125,1.6272595,1.2651193339179456
3.421875,3.3271508,1.3832742801287772
3.5281249999999997,2.8711545,1.5821024151048064
3.540625,3.1607013,1.8043449373039602
3.075625,3.0221672,1.3717977220188082
3.0393749999999997,2.0521023,0.8708683762162924
1.78375,2.179888,0.6831281875003129
0.45125,0.9836006,0.6362347274704278
0.431875,0.50072813,0.612178368222341
0.445,0.5576554,0.5980356477668136
0.47125,0.50974035,0.6481413599923997
0.45437500000000003,0.59347916,0.6833156660562754
0.43375,0.64649385,0.7020973096538334
0.45875,0.68632907,0.7151309065736084
0.5775,0.7082971,0.7200161133476346
2.165,0.75238883,0.7148592071884126
2.95875,2.1277812,1.003565767895244
3.005625,2.4175458,1.138567919876203
2.8893750000000002,2.331158,1.1526743605899066
2.83625,2.215475,1.1542800381744653
2.69125,2.1876926,1.1566034366954863
2.374375,2.0660758,1.1644257078433038
1.05125,1.8600541,1.1821443749393523
1.378125,0.96991366,1.2083999443614484
3.2075,1.5946823,1.2695841342331469
3.23,3.4784977,1.3950359930226952
3.4368749999999997,2.831658,1.5802509522363544
3.4681249999999997,3.302455,1.7880110799136757
3.27125,3.1219919,1.353502665508017
2.39125,2.3304505,0.859707571463734
0.561875,1.4902798,0.6797506830739974
0.486875,0.52671766,0.6350666991890221
0.41875,0.6222554,0.6115655993961543
0.46874999999999994,0.5008815,0.5979018911362439
0.43312500000000004,0.5335094,0.586040010273829
0.418125,0.49652344,0.5846554995769262
0.4525,0.5093006,0.5885408207191527
0.445,0.550572,0.5924924221589416
0.41,0.56209767,0.5948228972230106
0.39125,0.56159896,0.5938469323001057
0.37625000000000003,0.55770016,0.6794625382014363
0.47375,0.63547826,0.710653448216617
0.505,0.6501206,0.7065205477373302
0.42375,0.62446666,0.701721455515325
0.351875,0.5782342,0.6995365977666527
0.33499999999999996,0.5542223,0.7017335155393928
0.34562499999999996,0.55477995,0.7153607447182386
0.37875000000000003,0.5772089,0.7367986833689362
1.150625,0.61365247,0.761852237169072
1.1400000000000001,1.3224615,0.793758077371344
1.21,1.0137275,0.8400200805212186
0.9268750000000001,1.2173976,0.9196274522007257
0.498125,0.8929076,0.6986853195388615
0.47875,0.53573704,0.5779115540521591
0.48937499999999995,0.5440843,0.5571759872163832
0.46124999999999994,0.52122307,0.5459941521739214
0.479375,0.5041068,0.5369184358800202
0.4925000000000001,0.50915545,0.5314391981684417
0.44625,0.51091826,0.5646998475207388
0.4937499999999999,0.53257966,0.5767286749973147
0.48312499999999997,0.5588615,0.5777911531507224
0.451875,0.55111927,0.5791560289324075
0.446875,0.5460041,0.5795497239329666
0.419375,0.5461022,0.578192821720913
0.37625,0.53267133,0.655992634999752
0.891875,0.587985,0.683607997052893
0.9106249999999999,0.83820325,0.6788898365626483
0.889375,0.7323671,0.6736229948121308
0.62875,0.75464076,0.669960534941107
0.578125,0.62403965,0.6673643406690657
0.3675,0.63553834,0.6666595767832547
0.34875,0.5349038,0.6709029112019389
0.361875,0.55922174,0.6847595798469335
0.404375,0.5673163,0.7042793766531348
0.370625,0.60183626,0.7298524085147678
0.416875,0.59720445,0.7912235785943269
0.453125,0.65487313,0.6341091731458902
0.42749999999999994,0.52204233,0.5605538903211802
0.4775,0.51355916,0.5495010277675092
0.4656249999999999,0.53287566,0.5407398687955737
0.46249999999999997,0.5189636,0.5334646841941029
0.44937499999999997,0.5168763,0.5284771167199314
0.46375,0.5060153,0.6396513023879379
0.4806249999999999,0.6144273,0.6901620719508081
0.435625,0.6181462,0.6980082638075202
0.485625,0.5989435,0.7009207097850739
0.54625,0.6298643,0.7000440158040822
1.138125,0.64902484,0.6950274444703758
1.298125,1.0452324,1.0053294716629386
1.181875,1.2493178,1.1605679951859267
1.1556250000000001,1.180162,1.1853284206324817
1.125625,1.1817478,1.1929312192761898
1.14,1.1539189,1.1966873685903847
1.0525,1.1651362,1.2011803754081578
0.971875,1.1113373,1.2117962863460183
1.0125,1.0957654,1.2276138551026583
1.001875,1.1434318,1.263470200378895
1.089375,1.1501442,1.354064503158182
1.204375,1.2735358,1.55265492608957
2.0481249999999998,1.4738117,1.8186237067913262
3.261875,2.438093,1.3845580248394609
3.08,2.71047,0.8710183789949865
0.7318749999999999,2.0635962,0.6765551753745228
0.44062499999999993,0.5326387,0.6291455263806134
0.46312500000000006,0.63338935,0.6057667212119698
0.420625,0.53962266,0.5916027711272984
0.46124999999999994,0.51788193,0.6536030558507889
0.451875,0.58470565,0.6923842061375081
0.415,0.5975541,0.7094690741174667
0.46312500000000006,0.61780393,0.7206067555180937
0.541875,0.6672269,0.7238203034188598
0.9899999999999999,0.7050314,0.7189585190056264
1.096875,0.9390407,1.01612987106815
1.138125,1.1642746,1.1589582311469317
1.143125,1.1774005,1.1767327132304013
1.00625,1.15354,1.1804247749786825
1.146875,1.0723054,1.1833091141232848
1.21125,1.1743345,1.1897661108109356
1.5225,1.181774,1.2043713979747146
1.13625,1.4972172,1.2255172049680352
1.033125,1.1104562,1.267066080943495
1.069375,1.1883045,1.3726021555250139
1.26,1.2584357,1.5876474347658456
2.830625,1.5674397,1.8474573306145519
2.94125,3.235247,1.4133355346664043
2.488125,2.0359995,0.8957638041636721
0.596875,1.7254323,0.6889897578757256
0.44812499999999994,0.52145034,0.6361505066411942
0.43687500000000007,0.6284672,0.6107560827393085
0.445625,0.52801937,0.5953029061148315
0.4674999999999999,0.5332263,0.6530258690790832
0.42375,0.58492047,0.6917586795999109
0.45374999999999993,0.59428537,0.711432166960761
0.43687500000000007,0.64483434,0.7253891032438725
0.525,0.65380657,0.7306652142690867
1.070625,0.7061814,0.7266484288975597
1.2475,1.0133953,1.018030869737938
1.085625,1.2239475,1.1567222428829969
1.100625,1.1268774,1.1723212361621111
1.235625,1.1453352,1.173887045898512
1.186875,1.2000592,1.1756986409188062
1.195625,1.1432996,1.1817181876425447
1.08125,1.1803019,1.197026045960486
1.15125,1.1195366,1.2213495197912305
1.160625,1.2248898,1.2736167670743168
1.0775000000000001,1.2446971,1.3942247819823028
1.149375,1.2600751,1.6163051417090744
2.785625,1.4778455,1.864646652356684
5.121875,3.2141526,1.4323367504376918
4.5575,4.502351,0.9143359422191606
0.464375,2.8829665,0.6985424929728359
0.46249999999999997,0.41913885,0.6422975308094173
0.44625,0.74046195,0.6162283435774594
0.42625,0.5071294,0.6002792109218984
0.459375,0.52216804,0.6523222015590966
0.44375,0.5565414,0.689252486995086
0.46187500000000004,0.5769605,0.7095102376706898
0.451875,0.6532546,0.7242090149383992
0.515625,0.6870495,0.7302310534026474
1.065625,0.7310646,0.7266528143608569
1.128125,1.0538809,1.0144207364176214
1.053125,1.1733472,1.150444751181677
1.13,1.1356746,1.1655586524183303
1.108125,1.1491015,1.167390779380426
1.0525,1.1014119,1.1693386227717997
1.055,1.0763359,1.1755141524514556
0.955625,1.094148,1.1903815707168728
1.014375,1.0555035,1.2163049412941933
1.02625,1.1471761,1.2796114960625768
1.2275,1.1900685,1.409845204229802
2.6425,1.4823498,1.6170467833544315
3.4675000000000002,3.0035198,1.8480650162900982
0.72375,3.2342021,1.4177994379550218
0.513125,0.5003936,0.9064755972763524
0.494375,0.7182212,0.697995805104971
0.515,0.5695565,0.6441470999550819
0.505625,0.58298683,0.6186234045555442
0.526875,0.55520606,0.6032025208880752
0.48375000000000007,0.56649154,0.6501473107724637
0.53375,0.6099413,0.6846324014113098
0.4875,0.6638534,0.7043427665317058
0.486875,0.652062,0.7186220343671739
0.641875,0.6700346,0.7244161284095794
2.3075,0.7306708,0.7206283838257194
3.243125,2.2809267,1.0082833303677663
3.28875,2.7085648,1.1426944414997846
3.331875,2.5666265,1.1562130307924003
3.205,2.6183872,1.15718510860011
2.034375,2.455863,1.1588536777151377
1.0162499999999999,1.4413446,1.1672697804612666
1.030625,1.0272799,1.1853417763616145
1.04,1.1584673,1.2180882301422955
0.988125,1.1227851,1.291094931376353
1.10625,1.2094294,1.4239049995611608
1.191875,1.4570626,1.6161042077543588
2.191875,1.5844774,1.8293538391141593
0.52625,2.6250253,1.3957736478832365
0.47624999999999995,0.49433848,0.890575103395544
0.390625,0.706024,0.6927610569722205
0.46499999999999997,0.55653304,0.6423032119777798
0.45562500000000006,0.59436744,0.6175046130666136
0.42749999999999994,0.5544386,0.6028516838242858
0.465,0.5413069,0.5878774197258055
0.450625,0.54124075,0.58520188843593
0.43500000000000005,0.53179765,0.5887924865106493
0.450625,0.53348124,0.5924015234651416
0.450625,0.5446294,0.594335114100799
0.37124999999999997,0.5471448,0.5940766707751155
0.355,0.5221584,0.6789488409779221
1.3475,0.61580396,0.7089563735901564
5.9975,1.3727666,0.7038757146905362
2.78625,5.782695,0.6983593002105504
0.384375,0.9239819,0.695587089388892
0.39312499999999995,0.6217929,0.6974823072206974
0.369375,0.63739014,0.7094505355680734
0.39,0.5410677,0.7300478606403619
0.9262500000000001,0.5490558,0.7545282144536077
0.9325,1.0404271,0.7874735091269761
1.224375,0.9327066,0.8432792272733153
1.565625,1.4146367,0.9422396484841035
0.599375,1.7138981,0.7189102789093553
0.543125,0.5294617,0.5841580485015362
0.491875,0.61837745,0.5580816850569099
0.53625,0.54913574,0.5456482985911518
0.515625,0.5629043,0.5355542577856779
0.50625,0.52842224,0.5292351041830331
0.515,0.5165634,0.5635848434773832
0.501875,0.5490711,0.5766610989946872
0.5275,0.54116136,0.5784523614124208
0.48312499999999997,0.5540203,0.5797508572269231
0.51125,0.53794265,0.5798257091118395
0.4656249999999999,0.55899465,0.5783880745072663
0.39312499999999995,0.54047185,0.6525046966340392
0.94625,0.6056955,0.6796141356940567
0.87625,0.92192954,0.6764078636755794
0.89375,0.7294825,0.6716640880928934
0.37375,0.7789629,0.667415670523569
0.3725,0.52349234,0.6641433175467699
0.321875,0.5775703,0.6636971963258832
0.35250000000000004,0.5196298,0.6682457191222161
0.3575,0.54825366,0.6782490605731308
0.370625,0.5513553,0.6956983206852525
0.371875,0.57879746,0.7263964640972018
0.40062499999999995,0.59908706,0.7956248893613368
0.43375,0.64779973,0.6440410514789819
0.4512500000000001,0.52135384,0.5670601238013059
0.453125,0.5281336,0.5549927241816371
0.415,0.52759224,0.5462171131147444
0.450625,0.51052696,0.5384921195164323
0.464375,0.52077216,0.53301198477827
0.423125,0.51396215,0.6484449536561221
0.466875,0.60065377,0.7002155472207814
0.45875,0.62341374,0.7073413270612806
0.424375,0.6126292,0.7098691479737311
0.5287499999999999,0.6050243,0.7089834837269038
1.11625,0.65700877,0.7045513750471919
1.211875,1.0282521,1.0095301474840939
1.236875,1.1950109,1.162622086392641
1.208125,1.2341561,1.187468327382356
1.01,1.1975294,1.1950141150031985
1.17,1.0898749,1.198720927855298
1.16625,1.2143389,1.1992947258599103
0.97,1.1584985,1.2082867196726799
1.10125,1.0735552,1.2258186059001088
2.045,1.2059811,1.2595309579720348
3.3462500000000004,2.135748,1.3468444358567895
3.38375,3.2417116,1.552281962370053
3.32125,2.9254498,1.8313550057524441
3.214375,3.0251007,1.4075761256518962
2.923125,2.265892,0.8934227641198412
1.305,2.014149,0.6881415694061667
0.46124999999999994,0.7215742,0.6370452408234775
0.465625,0.55437976,0.613141475764215
0.4325,0.55183977,0.5985174507118016
0.47375,0.509669,0.6625603646356613
0.420625,0.60612065,0.7025735311000794
0.46625,0.6247591,0.719843485565111
0.46312500000000006,0.70390695,0.7308573772972077
0.550625,0.70291483,0.7342804307400435
1.064375,0.7439223,0.7294610059154778
0.97375,0.9815677,1.0204644031894952
1.7674999999999998,1.0869485,1.1605224461694061
1.8443750000000003,1.7518117,1.1776486770418286
1.150625,1.4751288,1.180979436416179
1.214375,1.0671533,1.1841594953244925
1.151875,1.2271783,1.1876212205800414
1.2806250000000001,1.1181424,1.2016495203113557
1.12625,1.2970828,1.223345802618116
1.14125,1.157362,1.27003942505911
1.268125,1.2916677,1.3828092216800154
2.978125,1.4657611,1.6076895003829152
3.494375,3.3347232,1.8772205729871987
2.714375,3.1409016,1.44882300267756
1.443125,1.7727658,0.9256542249719426
0.44062500000000004,0.8519169,0.7024890112619847
0.465625,0.5546972,0.6442078984235227
0.43375,0.59006965,0.6180040575344116
0.46625,0.5181701,0.601865153921619
0.473125,0.53607005,0.6583291899106651
0.43125,0.594756,0.6966407966157049
0.445,0.6219394,0.7160319199419767
0.49312500000000004,0.6658111,0.7298159294337034
0.52625,0.7015581,0.7359114244081825
1.089375,0.71352786,0.7329266182862222
1.22125,1.0254272,1.019516644769162
1.146875,1.1922812,1.1554693957546354
1.07375,1.1498322,1.1711133400325477
1.0425,1.1062344,1.173715614151433
1.00625,1.0901684,1.1762863926702738
1.0325,1.0736861,1.1803343746329844
0.97375,1.106499,1.1949646788714827
1.0525,1.088184,1.2182659410754593
1.0225,1.1773401,1.2758315257091075
1.420625,1.1776719,1.4054848576767742
3.34875,1.6675414,1.633582372056395
3.340625,3.5682015,1.8896695079137384
2.959375,2.8449929,1.4618251039972903
2.73625,2.1211708,0.9389467137306929
0.533125,1.9121063,0.7105939454532414
0.4925,0.4760515,0.6502361164042353
0.5,0.6565242,0.6234657533928006
0.485,0.53152543,0.6068885027895122
0.503125,0.54008675,0.656430483642146
0.48624999999999996,0.591049,0.6923378597640246
0.494375,0.6336175,0.711864234765172
0.46187500000000004,0.69052935,0.7256368819201737
0.62,0.68933564,0.731250374610424
1.170625,0.7674293,0.7275264185836166
1.165,1.0764172,1.0141687716172636
1.0162499999999999,1.1589116,1.1484633191282303
1.08125,1.0979296,1.1628110599929096
1.164375,1.121279,1.1647895019577443
1.166875,1.1417196,1.1673170238613337
1.2806250000000001,1.1357032,1.1723753567659856
0.956875,1.241027,1.188360968502611
1.04,1.0309113,1.2188915672826768
1.0825,1.1956054,1.291364139021039
2.3025,1.2289103,1.4321539563538879
3.328125,2.6456068,1.6489272078035027
3.3493750000000007,3.1968799,1.8855555446623264
2.73125,2.9757826,1.4550972052814066
0.530625,1.8432764,0.934844860338159
0.42937500000000006,0.5071336,0.710507232883498
0.44062500000000004,0.64539206,0.6514941463528573
0.456875,0.53156996,0.6251008335153758
0.45562500000000006,0.5415798,0.6090525295875221
0.42562500000000003,0.532047,0.6490486525468528
0.45499999999999996,0.5918476,0.6816453028880805
0.4393749999999999,0.64847904,0.7023254534149169
0.44625,0.66356766,0.716757215769589
0.568125,0.68157566,0.7224513411827385
0.9537500000000001,0.72531617,0.7187373521179705
0.9675000000000001,0.8669648,1.0004051943977177
1.06375,1.0737745,1.1316389875359834
1.0275,1.1200789,1.1459567278449239
0.9662499999999999,1.0675498,1.1488551204060018
1.02875,1.0452253,1.1521185031169654
0.9912499999999999,1.0914894,1.1601295485258103
0.901875,1.0700161,1.1791718281807007
2.17875,1.0576004,1.223040215561986
3.21,2.4179544,1.3110094198793174
3.32125,3.011646,1.4516487360853703
3.42625,2.9104612,1.6497566583844274
3.68125,3.0479343,1.8705068273574113
3.196875,3.213428,1.4342432309366018
1.9068749999999997,2.1224144,0.9182410976158456
0.498125,1.1328499,0.7040304019413888
0.44937499999999997,0.52473307,0.6482976419571786
0.43375,0.57957107,0.6226129801207035
0.47,0.5113863,0.6073658206015825
0.43875,0.5405101,0.5857503703569621
0.42500000000000004,0.5044065,0.5807834344942122
0.49000000000000005,0.53804433,0.5845470590299368
0.420625,0.5879304,0.5892713990366458
0.40124999999999994,0.5635601,0.5925203296526521
0.41812499999999997,0.5698726,0.5929655538469553
0.3375,0.56983554,0.6771291727183759
0.350625,0.5836266,0.7038522923297434
0.651875,0.56799155,0.6950128927057981
0.47062499999999996,0.6702994,0.68801110187307
0.42937500000000006,0.5544097,0.684813002763465
0.34375,0.57776344,0.6855773690822721
0.33,0.5474486,0.6964526203723996
0.370625,0.57665175,0.7175225787845999
0.853125,0.6156738,0.7428025819622724
0.9299999999999999,0.9922988,0.7788465054640918
1.0,0.90091074,0.8365202814706788
0.890625,1.0274302,0.9514839559409023
0.44625,0.93676746,0.734312624027431
0.475625,0.519573,0.5931402746915072
0.453125,0.5535825,0.5649867963578552
0.459375,0.50933087,0.5511023198887706
0.47124999999999995,0.50819296,0.5390338239032775
0.425,0.5024372,0.5308862311144917
0.47687500000000005,0.4845538,0.5584031195826828
0.453125,0.5450111,0.5692118912360071
0.42749999999999994,0.53285474,0.5708781679497659
0.48937499999999995,0.53316337,0.5727684023005515
0.47062499999999996,0.5589506,0.5747482396400719
0.43500000000000005,0.5476768,0.5761785983623564
0.34125,0.5397224,0.6525563254974037
0.8962499999999999,0.56742054,0.6804412938737124
0.8662499999999999,0.85000336,0.6770814309702068
0.88,0.7079637,0.6718419983652979
0.34625,0.7580421,0.6670054303660243
0.375,0.5070672,0.663035788724944
0.360625,0.5837209,0.6614513407695293
0.349375,0.54192096,0.6649394784744829
0.38125,0.5538924,0.6717061486726998
0.42874999999999996,0.57290816,0.682419137820825
0.4868750000000001,0.6003544,0.7129493379224091
0.40062499999999995,0.64601284,0.7909239717154204
0.4325,0.6268418,0.6505296434362977
0.45437500000000003,0.53097284,0.5729772101552784
0.43375,0.5301601,0.5607488440986722
0.4775,0.5206431,0.5526753058378399
0.45562499999999995,0.53356296,0.5452156327690184
0.41562499999999997,0.51549095,0.5397685883448272
0.41875,0.5008231,0.6573639893067628
0.459375,0.6143139,0.7097255240507423
0.456875,0.6302605,0.7167233280986547
0.43875,0.6263345,0.7191412134198099
0.5137499999999999,0.6234406,0.7182512633793056
1.056875,0.6593462,0.7138762653920799
1.221875,0.9741296,1.0114008465892823
1.19625,1.2105517,1.1609653779624403
1.225,1.1969519,1.185612379380986
1.0943749999999999,1.2166157,1.1939053901459278
1.0262499999999999,1.123721,1.198078058803752
1.069375,1.1101676,1.1987907962591946
0.909375,1.1381603,1.2011338296954335
1.015,1.0451566,1.2147090313324334
1.0525,1.156415,1.2414689290337264
1.1275,1.1640713,1.3138237909504027
1.130625,1.2715162,1.4822547847680747
1.886875,1.3539537,1.7287326728535442
3.259375,2.252,1.33028462743707
2.62125,2.7995887,0.8583411009681226
0.51,1.6120394,0.6840051804901659
0.47437499999999994,0.5096465,0.6415867867463827
0.41125,0.6537167,0.6198426630218327
0.451875,0.521135,0.6066404251043498
0.46312500000000006,0.54889673,0.6712122857036441
0.46625,0.5894848,0.7096331303126364
0.44875000000000004,0.62329316,0.7250340800560265
0.44062499999999993,0.6429146,0.7349199110244959
0.524375,0.6636139,0.7379481731009483
0.969375,0.7092246,0.733533107926324
1.05125,0.9230941,1.0172660050710292
1.8068749999999998,1.1386559,1.1547043317484855
3.35125,1.7955811,1.1733973690535129
3.319375,3.0704672,1.1785939437216522
3.30875,2.4590967,1.1829405358670653
2.129375,2.6514978,1.1866243250368536
1.23375,1.4791403,1.192674669673294
1.1375,1.151982,1.209349596504569
1.08375,1.1870372,1.2412992913398146
1.055625,1.1465532,1.3301054214596004
1.320625,1.2514522,1.514684687834382
2.1237500000000002,1.6773803,1.7516813039405643
0.4925,2.5693047,1.3511604294287414
0.47874999999999995,0.48000678,0.8735980281100423
0.44937499999999997,0.7298625,0.6928111907912791
0.48312499999999997,0.59624064,0.6477222492386401
0.43687499999999996,0.6184743,0.6245262381538004
0.48312499999999997,0.56931674,0.6103623877387494
0.47687500000000005,0.58450603,0.6662744533700495
0.450625,0.61415195,0.7036576375611127
0.4675,0.6044767,0.7214063052129001
0.48187499999999994,0.616821,0.7332674883879721
0.54625,0.6268872,0.7377381692107766
1.023125,0.66254306,0.7341560430537909
1.10625,0.95037025,1.0144381287663804
1.013125,1.1453202,1.1477695189006627
1.0,1.1137413,1.1640280260579288
0.9237500000000001,1.1135358,1.167745603229031
0.98125,1.0673977,1.1714801242356003
1.0725,1.1010611,1.1763244664652646
1.06375,1.1360495,1.1839055371317269
1.016875,1.1224161,1.2017470968697221
1.0625,1.116456,1.240126179907769
1.0006249999999999,1.1792024,1.3387857483693957
1.1099999999999999,1.1815646,1.5209477274407448
1.545,1.3792145,1.7471949749873577
2.564375,1.8438479,1.34918288449049
3.028125,2.224425,0.874632499100119
0.63625,2.2939806,0.6960630118262767
0.479375,0.49055234,0.6516637840467691
0.5225,0.6814158,0.6285792035975307
0.46937500000000004,0.5739639,0.6145885789827257
0.50375,0.5579214,0.6568132149844617
0.46937500000000004,0.6061175,0.6874367058507352
0.51625,0.60115534,0.7046919092119485
0.47,0.6530678,0.717279683919698
0.620625,0.64399594,0.723662028061673
2.305625,0.73032,0.7223370201281458
3.42625,2.338187,1.00325415082708
3.20625,2.9025605,1.1360677074486019
3.270625,2.4093032,1.1529727714333684
2.084375,2.6146853,1.1573728861649335
1.084375,1.4197506,1.1606803228481115
1.065,1.0619335,1.1652926342014969
0.9150000000000001,1.1343223,1.1726913094626368
0.8931249999999998,1.0115492,1.1896997308437527
0.9800000000000001,1.0611849,1.2375820131775737
1.021875,1.2167826,1.3477869117872419
1.12,1.3379484,1.5229953401221334
0.9943750000000001,1.5054936,1.7401022854608297
0.403125,1.3877656,1.341466761488393
0.4375,0.58832914,0.8669685531442985
0.39749999999999996,0.6484368,0.6940867625930905
0.45562500000000006,0.5752889,0.6519448523762822
0.450625,0.59291965,0.6292668243086338
0.389375,0.56614137,0.6156490637437254
0.43624999999999997,0.5380831,0.6467788762816041
0.40874999999999995,0.58956295,0.6724886548624187
0.46312500000000006,0.57207614,0.689000721533969
0.443125,0.60814214,0.7009816079231351
0.50375,0.6041159,0.706150574106425
2.035,0.64804447,0.7036537504459172
1.626875,2.0916865,0.9829386914412678
1.08875,1.2101008,1.1100957977661492
0.9231249999999999,1.1052383,1.1239295423984528
1.03125,1.043191,1.1277519720102103
1.073125,1.0916353,1.1315000480851531
1.52875,1.0830339,1.1361728588981181
0.9937499999999999,1.4818534,1.1437036960759015
1.02625,0.9813352,1.168303155085519
1.019375,1.1643049,1.2206710686852038
1.0118749999999999,1.1376618,1.3206706951930374
1.105,1.2046185,1.4746968374535443
2.2024999999999997,1.3519946,1.6785043669948725
0.55125,2.5648122,1.2864472373077274
0.415,0.47827086,0.8361434804707766
0.42562500000000003,0.64894354,0.6843381766919047
0.456875,0.5616358,0.6480179690023511
0.40874999999999995,0.57927686,0.6266125226479023
0.41562499999999997,0.5458038,0.6140599313161522
0.47500000000000003,0.5548265,0.5836388694489002
0.4074999999999999,0.54775953,0.5743896283458918
0.40874999999999995,0.52029514,0.5770840968636423
0.46187500000000004,0.53336424,0.580517216938138
0.39749999999999996,0.5504815,0.582954238826409
0.385625,0.5229735,0.5839748557392508
0.473125,0.5268271,0.6722155601025372
0.6525000000000001,0.6397843,0.7024200398846715
0.40812499999999996,0.6989944,0.6956646323535591
0.3525,0.56796855,0.6869081578537821
0.33375,0.5809463,0.6794845651875436
0.344375,0.56120366,0.6745402543286234
0.35125,0.56982297,0.6728125811287016
0.359375,0.5725808,0.6822289681851118
0.85375,0.58466107,0.7034718533886969
0.8775,0.91110903,0.7288053791525214
0.8850000000000001,0.7889985,0.7656530384732038
0.9224999999999999,0.8722221,0.8389879517672212
0.41,0.93893355,0.6728266345451772
0.45875,0.4928907,0.5818967441540212
0.453125,0.55181605,0.5655004935813694
0.3993749999999999,0.51136005,0.5550152495158464
0.41875,0.4938244,0.5457098944165557
0.46312500000000006,0.49915373,0.5394203426911681
0.41562499999999997,0.511105,0.5575199470763653
0.443125,0.5158646,0.564639049052298
0.45562500000000006,0.5356464,0.5664330025497823
0.4175,0.53863347,0.5688120167189836
0.424375,0.5283539,0.5708077015281469
0.345,0.5348541,0.5718977881664037
0.335,0.50291556,0.6463117247708141
0.956875,0.56808436,0.6747455737466365
1.0625,0.8995293,0.6732419578533619
1.235625,0.8017982,0.6694960745100677
0.7525,1.0077875,0.6652606139913946
0.6950000000000001,0.6366147,0.6612122333502024
0.411875,0.6829299,0.658033968495056
0.325625,0.5374704,0.656745638981834
0.3725,0.5350078,0.6602316836247593
0.325,0.552413,0.6664953212488443
0.40062499999999995,0.5338678,0.6789533261108398
0.44187499999999996,0.5896881,0.7126797315992415
0.479375,0.6201872,0.6119848098195344
0.45374999999999993,0.5379843,0.5683191504461318
0.48312499999999997,0.5323966,0.5625209699492901
0.43125,0.5477121,0.5570394398364424
0.4437500000000001,0.5226667,0.5517614350884408
0.4775,0.5285735,0.5475775037635118
0.42124999999999996,0.5301662,0.6654672291144729
0.4231250000000001,0.6093826,0.718276878471747
0.464375,0.6177272,0.7249550420470535
0.45625000000000004,0.6325195,0.7267771023774892
0.538125,0.6275277,0.7257636616773158
1.104375,0.6700918,0.7214051091774553
1.201875,1.0262519,1.0080967986731977
1.184375,1.1839901,1.1526534299696238
1.161875,1.195296,1.177888382478878
1.15,1.1754242,1.1873692557796836
1.2068750000000001,1.1678809,1.1925811795693637
1.051875,1.2000927,1.1937684440875054
0.9074999999999999,1.0926697,1.1945339067721368
1.6937500000000003,1.0526652,1.1972344551367313
3.245625,1.7679666,1.215221333181262
3.315,3.1617782,1.2518639720927924
2.9875,2.660783,1.3485116095971317
0.9650000000000001,2.5413837,1.5105841799817235
0.6956249999999999,1.0552993,1.1470394389312715
0.44125000000000003,0.72205997,0.7785408187383412
0.45374999999999993,0.53662163,0.6687796492786705
0.47,0.5659656,0.6427089670024067
0.446875,0.5498784,0.6259983584470301
0.47375,0.5601737,0.6161966486381739
0.431875,0.60168356,0.6787177071282268
0.45562500000000006,0.6643641,0.7143418221889436
0.46375,0.6929072,0.7269216233270615
0.48625,0.6870731,0.7343591697401552
0.52125,0.683186,0.7360525565906614
0.989375,0.6737694,0.7311719346191734
1.0875,0.87116534,1.0088318621236085
1.2262499999999998,1.1047682,1.1439607440268993
1.0375,1.205218,1.1638362617082894
1.00625,1.0648224,1.1702888729326428
1.096875,1.1020685,1.176040208707899
1.218125,1.1515834,1.1809252161426842
1.3512499999999998,1.2260906,1.1865158844898642
1.2575,1.3371189,1.192766365724057
3.39625,1.2180907,1.2088742720849068
3.41375,3.5155687,1.2533740665113926
3.5537499999999995,2.5886805,1.3632692916104943
3.6175,3.1016467,1.5263607845243812
0.716875,2.962118,1.1635512065939606
0.49687499999999996,0.49722242,0.7900649192572384
0.485,0.6924264,0.6763230448286235
0.44062499999999993,0.54069084,0.6486634294640272
0.48875,0.53758454,0.6309744639148562
0.451875,0.55218965,0.6205757330798357
0.44,0.56813127,0.6691684604678303
0.443125,0.6708218,0.6997952404315769
0.46187500000000004,0.69557416,0.7133268864444643
0.4675,0.71014065,0.7221453554481267
0.591875,0.69934195,0.7252683036639541
1.035625,0.7276317,0.7224902123346925
1.2618749999999999,0.8866554,1.0026972468231246
1.24875,1.1915978,1.137346468678266
1.15625,1.1622614,1.155658170015663
1.053125,1.1184552,1.1607134131620824
1.07625,1.0792289,1.1647392684690654
1.153125,1.1207708,1.1685940907074512
0.99875,1.1757611,1.174515562524721
0.973125,1.0849693,1.1824900291828813
0.9781249999999999,1.1198388,1.1989511646784097
2.581875,1.1280346,1.2523149771250786
3.191875,2.814168,1.3628013427427412
1.0975,2.7802136,1.521751064581126
0.49687499999999996,1.0711566,1.1623204861213268
0.4806249999999999,0.66494566,0.7891255330850183
0.4775,0.59680265,0.6776841331647336
0.4575000000000001,0.5745908,0.6511562663397192
0.44062500000000004,0.5549214,0.6336226857287436
0.46,0.55057037,0.623309770436883
0.49749999999999994,0.569089,0.6572938218940049
0.44812499999999994,0.64585465,0.6814226409561187
0.47250000000000003,0.63969976,0.694258094670549
0.438125,0.66675645,0.7029500829259305
0.528125,0.6420586,0.7062420708179473
1.204375,0.6755828,0.7039374101855606
1.3981249999999998,1.0747957,0.9818936554714293
1.2975,1.2430803,1.1120423454524577
1.420625,1.1798631,1.1294699772569539
1.335,1.3076278,1.1358622883609684
1.0575,1.1897734,1.1411807589748502
1.044375,1.0550245,1.1461126111312212
1.15625,1.1052976,1.1529203452130408
1.4993750000000001,1.1732631,1.1620573583234848
1.2675,1.5006818,1.185310579770431
1.1675,1.1909707,1.2437097014394403
1.53125,1.2568178,1.3479285423178227
2.738125,1.663625,1.4947693023048343
0.68125,2.8667636,1.1352992546753586
0.50625,0.49541083,0.7730311817925423
0.4725,0.69342923,0.6726792231766134
0.44937499999999997,0.56868064,0.6493647049131244
0.45875,0.5724746,0.6326193116602301
0.4575000000000001,0.5627726,0.6229662092553824
0.44187499999999996,0.5634814,0.6613732994567603
0.484375,0.6113178,0.686387184747979
0.43875,0.64726925,0.6978933447352051
0.473125,0.6300316,0.7049841405389458
0.548125,0.6550114,0.7059577133909613
0.9975000000000002,0.6727753,0.7000373379395157
1.0,0.8817588,0.9944307980120183
1.1168749999999998,1.0790108,1.1356674342530966
1.099375,1.162221,1.1540815959602595
1.020625,1.1120553,1.1582135994129628
1.040625,1.0803343,1.160791354805231
1.043125,1.1051488,1.1669559208266438
0.9387500000000001,1.1073829,1.1827605325326325
1.1125,1.066511,1.2062325287963451
1.35625,1.2216091,1.2568734668834507
3.5,1.4317598,1.3679674185070396
3.6012499999999994,3.6855407,1.539358699720055
3.29625,2.9335282,1.7373006721011548
0.531875,2.890481,1.3084712333263457
0.535625,0.45147747,0.8342572329048067
0.549375,0.7102868,0.671025903513506
0.5475,0.55028194,0.6315397900017351
0.5762499999999999,0.5664382,0.6096842356415838
0.554375,0.56430405,0.5972046024719625
0.540625,0.56544507,0.5860218704029172
0.588125,0.565112,0.5845850331553072
0.5137499999999999,0.6049655,0.5879608431980758
0.58875,0.58106035,0.5914462898232787
0.49312500000000004,0.62274396,0.593038213000223
0.520625,0.57191026,0.5919805189885944
0.5175000000000001,0.5871078,0.6790130282134562
0.383125,0.6350775,0.7104507202087342
0.38375,0.56630546,0.7070734151216596
0.35562499999999997,0.57313204,0.7035253759748489
0.354375,0.5561306,0.7023444903124123
0.3775,0.5734798,0.7056850173095613
0.3625,0.5995081,0.7195410879368335
0.365625,0.6121114,0.7388265614654869
0.8693749999999999,0.6346989,0.7597107357052714
0.87625,1.0026402,0.7861950469061731
0.9562499999999999,0.83005834,0.8239608129351214
0.9531250000000001,0.96856314,0.8915493241000921
0.45125,0.9466898,0.6809286783174425
0.48,0.49858102,0.5739078254009038
0.47125,0.5484151,0.5567035532157123
0.46124999999999994,0.5079612,0.5463236599389464
0.49312500000000004,0.5061664,0.5380174927841127
0.4575000000000001,0.5140676,0.5330188619820774
0.438125,0.49953058,0.5647282533625513
0.48125000000000007,0.5355408,0.5762304265649616
0.438125,0.5550303,0.5768695081709325
0.446875,0.5370508,0.577804708219096
0.44937499999999997,0.5482413,0.5779019857686013
0.38625,0.5444744,0.5766164470047503
0.403125,0.51905286,0.6567225156299025
0.89,0.60298187,0.6856309913380444
0.89375,0.8247028,0.6818625826605409
0.874375,0.7282694,0.6767024870734661
0.39625,0.75007486,0.6722731691431254
0.35125,0.5311546,0.6694368707555532
0.380625,0.57065123,0.6684367857845127
0.3975,0.5620499,0.6728607215553521
0.310625,0.57541895,0.6879149206893891
0.5125,0.5505902,0.7077750892492384
0.660625,0.674928,0.7323946815221757
0.56625,0.7298545,0.7884573479498922
0.4987500000000001,0.691636,0.6295965314128995
0.5293749999999999,0.5386866,0.5578488568236678
0.516875,0.5492837,0.5473171667150407
0.540625,0.53541905,0.5386331520292907
0.556875,0.5410965,0.5319411343767494
0.5275,0.53803116,0.5278026523987204
0.5625,0.52290034,0.6369764687854051
0.520625,0.646251,0.6865209413785487
0.52125,0.62368524,0.6941813490628451
0.54,0.63535833,0.6970996755480021
0.538125,0.64327115,0.6959333416501432
1.105,0.64232624,0.6907808209542184
1.38,1.0121452,1.0032390508795903
1.39,1.3318753,1.159386611175388
1.394375,1.3026215,1.1838400541911274
1.3775,1.3044719,1.1907091847591103
1.31875,1.2799698,1.1933051796919107
1.27625,1.2335258,1.1962966636784376
1.173125,1.2202535,1.2055743106232584
1.0193750000000001,1.1706954,1.2195139043924212
0.9662499999999999,1.1110864,1.2525480046975612
1.1099999999999999,1.1309686,1.3314994007704408
1.7425,1.2890121,1.507225612783283
2.5168749999999998,2.000752,1.7528620899333804
1.130625,2.7122722,1.3245224276731908
0.5625,0.6625941,0.8341450049122423
0.4375,0.633205,0.6641737167809904
0.445625,0.55982053,0.6240821103253216
0.468125,0.55505794,0.6022917398969083
0.4599999999999999,0.5482029,0.5892742894556373
0.459375,0.5416613,0.6513337779336422
0.4725,0.6149797,0.6892168052709847
0.41562499999999997,0.6335372,0.7051051394581049
0.46874999999999994,0.6169242,0.7153333355726301
0.549375,0.65213895,0.7184040569073706
0.9612499999999998,0.6741075,0.7134581513345242
0.9781249999999999,0.8636245,1.0132982571527362
1.0175,1.0919515,1.1575203972031176
1.426875,1.1241424,1.1754239514449984
1.1556250000000001,1.4080418,1.1789198633803428
1.085,1.0989338,1.1813838957357408
1.233125,1.1445733,1.1873809171252698
1.7337499999999997,1.2305194,1.2014679222629965
1.759375,1.6998786,1.2229506125732512
2.480625,1.5738256,1.261799338862598
2.54,2.4493003,1.361773549617231
2.631875,2.2192025,1.5666872126056999
2.496875,2.5241175,1.8171768029120563
0.71375,2.3557708,1.3832342129413784
0.614375,0.5430075,0.8745020315670222
0.4525,0.67410433,0.6808550224679708
0.49000000000000005,0.5227488,0.6321674096013605
0.39875,0.56293184,0.6075742297778278
0.4775,0.51229066,0.5927335229706764
0.43624999999999997,0.57942873,0.6513733467729389
0.47375,0.6377434,0.6899930322746187
0.4375,0.68103385,0.7089300608103722
0.450625,0.6584153,0.722031034393534
0.569375,0.66277647,0.7271927246945351
0.9556250000000002,0.69153714,0.7230788611127436
1.200625,0.8324149,1.01586220830258
1.1075,1.193829,1.1548205465258659
1.145,1.1112205,1.1700234527335316
1.13875,1.1639233,1.171496968401447
1.189375,1.1434392,1.1734150105763228
1.3275000000000001,1.1907494,1.179377745616436
1.1549999999999998,1.304498,1.1945117801164091
1.05875,1.1562012,1.2194394511859865
1.1025,1.1634251,1.2680941730778665
1.214375,1.2179874,1.3836809321799874
1.29875,1.3721719,1.6018668011594563
2.0250000000000004,1.5314181,1.847643015117347
1.15875,2.3375862,1.414327347058952
0.4956249999999999,0.7060627,0.899790656166859
0.409375,0.58808696,0.6922197512638568
0.44875000000000004,0.5641286,0.6387357372549921
0.46625,0.55831933,0.6130914416147768
0.45125,0.55390775,0.5975044086901098
0.43,0.547616,0.6503161511094123
0.458125,0.61304003,0.6871828473275899
0.4306250000000001,0.639734,0.7069515191759169
0.4375,0.63060707,0.7212442424101382
0.535,0.64030075,0.7274719989708811
1.086875,0.6746468,0.7239395082848519
1.35375,0.97369164,1.0131180046442525
1.435625,1.281717,1.1495823099564015
1.3518750000000002,1.320114,1.164512420413047
1.3275000000000001,1.2334143,1.1657334729325026
1.29875,1.24338,1.1671953272548319
1.129375,1.2179983,1.1727492175120862
0.890625,1.1233823,1.187465038284883
1.02375,1.0351764,1.2142389894026517
0.98625,1.1722889,1.2727902069123835
1.099375,1.1401508,1.3986347640062868
1.080625,1.3362547,1.6025475446667523
1.6668749999999999,1.3566269,1.8323001727626471
0.54375,2.0444465,1.4013748812101783
0.45875,0.51760715,0.8931259978251159
0.44937499999999997,0.62999094,0.6921882556638121
0.43437499999999996,0.56338495,0.6408089650288223
0.47687500000000005,0.5620962,0.6156619211247563
0.43375,0.5685819,0.6005263915804773
0.46937500000000004,0.5464694,0.6499180706455558
0.4725,0.6268111,0.6851103172411024
0.44375,0.62693447,0.7044180170951039
0.450625,0.6216208,0.7181981394716351
0.54625,0.62934905,0.7239914361570775
3.0,0.6666654,0.7196698610863834
3.8125000000000004,3.0993786,1.0069970440817624
2.3725,3.002904,1.1410830827468634
2.331875,1.5772485,1.154716292102933
2.471875,2.0545497,1.155861695380509
2.71875,1.9667917,1.1578268812858314
2.571875,2.250347,1.1666113629489392
1.7687499999999998,2.0342915,1.1847762509354949
1.4918749999999998,1.3989962,1.211772963654846
2.48375,1.4255676,1.2798543909274787
2.6031250000000004,2.627416,1.4112306119532885
3.8512500000000007,2.38772,1.6009791435202212
3.089375,3.8342962,1.8103114597896486
0.486875,2.513096,1.3762475718909501
0.45374999999999993,0.49284714,0.8764543600913137
0.47125,0.67924136,0.6868319105941801
0.42562500000000003,0.55244946,0.6389150429020821
0.424375,0.54286665,0.6145630635599046
0.466875,0.53369755,0.6002752241370827
0.4175,0.5530428,0.5875914675848931
0.47500000000000003,0.5307636,0.5858045906304568
0.41125,0.5685782,0.5894900741837918
0.46249999999999997,0.54344106,0.593574036879465
0.390625,0.57534885,0.5956233439444005
0.41125,0.53716904,0.594741168134287
0.33375,0.5489978,0.6793052595404535
0.31937499999999996,0.5726548,0.7094353857857734
0.35562499999999997,0.56742674,0.7048868629894405
0.343125,0.5742443,0.6997686286429315
0.329375,0.56615853,0.6972845626938343
0.345,0.57138777,0.6994631412564217
0.45374999999999993,0.59025174,0.7123499248253554
0.6875,0.64946675,0.7334965291756391
0.9343749999999998,0.76852363,0.7586284232974052
0.931875,0.9413591,0.7922604416552931
0.9193749999999998,0.8849628,0.8469557405608148
0.9025,0.9224816,0.9413174054865913
0.4525,0.9451347,0.7158266005239635
0.42937500000000006,0.49901947,0.5818889699236304
0.445,0.5238021,0.5571517674986273
0.44062499999999993,0.50199145,0.5452962654919177
0.48250000000000004,0.49843243,0.5356722666162252
0.43500000000000005,0.51290524,0.5298379060471803
0.41875,0.4933459,0.5642243237618356
0.43624999999999997,0.5351485,0.5768945252456515
0.46874999999999994,0.5432139,0.5785267149492352
0.44,0.55513585,0.5803074123872071
0.413125,0.5420495,0.5805607725622505
0.371875,0.53414285,0.5790325382727384
0.3375,0.51583326,0.654152036119923
0.8837499999999999,0.5668654,0.6805373753877729
0.975,0.8377117,0.6767828207875043
1.713125,0.76649743,0.6720455237301439
1.205,1.5907209,0.6680198677624016
0.624375,0.77665716,0.6652251316065341
0.426875,0.62384063,0.6647684454058855
0.405,0.56977457,0.6692976322958618
0.42375,0.55823183,0.6810999107252806
0.42812500000000003,0.57039547,0.6994776930209994
0.42874999999999996,0.58697355,0.7277604428523033
0.38375,0.6119183,0.7930615860640258
0.4575000000000001,0.6255958,0.6394016299888491
0.43375,0.52786386,0.5639484382525831
0.48624999999999996,0.51458955,0.5521368905484676
0.4375,0.54047763,0.5434200845576077
0.42124999999999996,0.5144609,0.5360682540180534
0.48375000000000007,0.511992,0.5309396540310234
0.446875,0.5264746,0.6444582685099541
0.48,0.60516894,0.6959950371451675
0.47687500000000005,0.6240579,0.7035160070305317
0.450625,0.6140771,0.7060443262910843
0.534375,0.6075254,0.7050881956226378
1.13875,0.6495152,0.7005960858314484
1.345625,1.0485632,1.0079123600406572
1.39875,1.2969277,1.1618093803079428
1.251875,1.338332,1.1865705034418406
1.313125,1.2001227,1.1941111082424225
1.35125,1.2774779,1.1977839337539673
1.138125,1.2669635,1.200397669879198
1.1225,1.1275969,1.2109969359904529
1.08875,1.177038,1.2289949770324677
1.009375,1.156702,1.265553993132487
1.21375,1.1474534,1.360059232146442
2.5725,1.4017134,1.567056887227744
4.590625,2.9457586,1.8396366541806608
2.9775,4.3621182,1.4077146664242446
0.53125,1.5376526,0.8895603171554953
0.484375,0.5414718,0.6846621029581874
0.46312500000000006,0.6573142,0.6339080398519337
0.46124999999999994,0.53395945,0.6099200539634376
0.471875,0.5372721,0.5953322089832276
0.4175,0.52965593,0.6588893331772834
0.456875,0.5883451,0.6986031917716562
0.456875,0.6495106,0.715878229387328
0.4325,0.6677293,0.7269372714574635
0.4987500000000001,0.6729677,0.7302962373343854
1.329375,0.7011664,0.7253621924463659
2.173125,1.2666428,1.0188665496701375
2.41625,1.9970704,1.159853463677317
2.30125,1.990395,1.1770630183523894
2.221875,1.8349992,1.1804802909572423
2.190625,1.7973857,1.1836962309288979
2.305625,1.7855812,1.1893632462053
2.395,1.9489876,1.2048877862779797
3.9518750000000007,2.0489511,1.226887562578842
4.50125,3.805707,1.275591222254336
4.588125,3.70518,1.3893790443779528
4.703749999999999,3.825503,1.6105944711389393
4.05375,3.9461052,1.8725357021501658
0.565625,3.235719,1.4385171639287473
0.55875,0.43276867,0.9157341574888677
0.446875,0.7805364,0.6974983540295809
0.44125000000000003,0.49796456,0.6407821539009362
0.4656249999999999,0.5368325,0.6147588146943599
0.46249999999999997,0.5313248,0.5987995157375187
0.426875,0.57918894,0.6558372500615567
0.49625,0.6833176,0.6946978370357304
0.4393749999999999,0.7383703,0.7145703646285086
0.45875,0.6982502,0.7282301857732236
0.54625,0.69933635,0.733652312792316
0.999375,0.6971817,0.7302888617824763
1.223125,0.8595003,1.019001751510203
1.123125,1.1783476,1.1562627659329772
1.133125,1.1036205,1.1721397377833724
1.059375,1.1423963,1.1740682452683897
1.2349999999999999,1.09529,1.1763701151514054
1.18125,1.25581,1.1820658352784812
2.1643749999999997,1.1743615,1.1983740775763243
2.325625,2.2840395,1.2230714121531696
2.269375,2.0080647,1.2806334086804838
2.4206250000000002,2.059483,1.4079167964144053
3.1925,2.2619712,1.6311522273719312
4.845,3.0578103,1.8820986035485565
3.643125,4.35241,1.451733754271567
1.6556250000000001,2.084029,0.930376123072952
1.0775000000000001,0.9287684,0.7059777469846605
0.4806249999999999,0.8233186,0.6468500403905659
0.45499999999999996,0.5165432,0.6202775215756148
0.46312500000000006,0.5481761,0.6039225342258066
0.44250000000000006,0.5253633,0.6552753127417713
0.491875,0.6066417,0.6921430056561529
0.41562499999999997,0.70094776,0.712644747562483
0.50875,0.67812747,0.7268645126345753
0.5862499999999999,0.7413817,0.732384415551275
1.116875,0.74561167,0.7283566665215044
1.9368750000000001,0.9969689,1.0144977311993764
1.7131249999999996,1.8057616,1.1491848275102676
1.020625,1.339439,1.1639140040121974
0.9675000000000001,1.0331138,1.1661165032836796
1.148125,1.0745548,1.169031141992882
1.039375,1.1452435,1.1767494577266275
1.005625,1.0726764,1.1932995981931687
0.9943750000000001,1.1216214,1.22220787456207
1.013125,1.15281,1.291455037714839
1.203125,1.2316469,1.4263642477747798
1.50875,1.4720811,1.637396130411178
2.90375,1.7871037,1.8693034163607656
0.886875,3.134676,1.4388294288494439
0.401875,0.555273,0.9229151542990656
0.46375,0.64373577,0.7052867375064641
0.46499999999999997,0.5810073,0.6484001023269444
0.424375,0.5620319,0.6223997868026793
0.471875,0.5349317,0.6067102935082465
0.39499999999999996,0.5553316,0.6506347948858141
0.47125,0.5756245,0.684045347347185
0.42562500000000003,0.6460508,0.7039596365109085
0.460625,0.6284122,0.7177882979925722
0.5093749999999999,0.66345096,0.7231399585900455
0.9493749999999999,0.67309403,0.719229122024998
0.9612499999999998,0.86770445,1.0043997534438969
0.90625,1.0726842,1.138214391732663
0.9374999999999999,1.0612409,1.1533296883440018
1.03625,1.0670781,1.1559807009072602
0.9262500000000001,1.1064488,1.1584935713766515
0.90375,1.0343219,1.1675985905389488
1.086875,1.0566123,1.1851848963791132
1.771875,1.177502,1.2248906817342342
2.29125,1.8391044,1.3051931991811843
3.1706250000000002,2.1992261,1.4392594035918267
2.9925,3.074678,1.6346267103388905
3.6375,2.5776212,1.8533284692735223
0.54375,3.4213037,1.4189599910148978
0.46625,0.4086745,0.9073095329901949
0.46124999999999994,0.7124283,0.6996679623263329
0.42625,0.5256431,0.6460859730806201
0.435625,0.5366842,0.6208276978801935
0.46937500000000004,0.53000027,0.6058888164969534
0.42874999999999996,0.55776435,0.5880650976210087
0.42812500000000003,0.52412146,0.5840811035545915
0.46124999999999994,0.54992974,0.5870817571461946
0.4393749999999999,0.5774996,0.5906186332955211
0.36875,0.5687571,0.5932210070840269
0.416875,0.54211175,0.5933939338754117
0.331875,0.55515254,0.6762816819361597
0.36250000000000004,0.5560616,0.7057036555285752
0.31062500000000004,0.56784177,0.7008542301482706
0.34625,0.5321375,0.6951997732440381
0.378125,0.56026345,0.6920021724825353
0.31437499999999996,0.57827455,0.6937121044900268
0.33625,0.56738067,0.7047433387360722
0.35124999999999995,0.6051387,0.7249585304837673
0.853125,0.6228534,0.7491293104560672
0.9099999999999999,0.98527247,0.7835060602175444
0.879375,0.8605175,0.8403732598210871
0.903125,0.8964885,0.9481606717880816
0.439375,0.9669555,0.7270422235677391
0.46625,0.5018465,0.5889678053729236
0.4325,0.5440233,0.561977770518139
0.44812499999999994,0.49492097,0.5481791095922142
0.45125,0.50225437,0.5363246042817086
0.4124999999999999,0.49589762,0.5286342957112938
0.47812499999999997,0.4848608,0.5602191000662744
0.44375,0.55149615,0.572596571874991
0.45937500000000003,0.5347602,0.5744597957586497
0.43500000000000005,0.5511056,0.5763594987233728
0.385625,0.5390848,0.5773657632108777
0.4175,0.52568287,0.5776326784542948
0.341875,0.5378657,0.6529951708360016
0.84125,0.56219643,0.6803008593785762
1.01875,0.8075775,0.676799664953351
0.9487499999999999,0.80525726,0.6717692395424097
0.388125,0.76731974,0.6671756660776585
0.33125,0.52441937,0.6634575905584543
0.348125,0.5622803,0.6622842797871679
0.363125,0.54526615,0.6664362171639502
0.339375,0.55834603,0.6738937971707433
0.39312499999999995,0.55284685,0.6902738015952706
0.6525000000000001,0.5963086,0.7241176178964972
0.554375,0.7587828,0.8037372987741231
0.514375,0.6833024,0.6541004072565585
0.485,0.5531237,0.5719766268361359
0.44125000000000003,0.53850776,0.5588194395870715
0.506875,0.5222023,0.5501101088177413
0.44625,0.5417673,0.5422503618926554
0.43624999999999997,0.5061931,0.5365679974947124
0.47125,0.5065319,0.6532580992946029
0.46249999999999997,0.6286455,0.7054701296079904
0.446875,0.6228779,0.7127265763208269
0.450625,0.62224483,0.7152885839130729
0.5331250000000001,0.6280161,0.71443182385616
1.036875,0.6644056,0.7099715086738765
1.885625,0.94599575,1.0116416483921558
2.4768749999999997,1.8762084,1.1633229631632567
2.393125,2.206319,1.1882429596720636
2.384375,1.946819,1.1960355292730034
2.3043750000000003,2.0034692,1.1997841036960484
2.2806249999999997,1.8739033,1.2002587304283678
2.119375,1.8894159,1.2062424957583846
2.135,1.7402104,1.2219229191173613
2.175625,1.8704724,1.2517334048900755
2.27,1.9386979,1.3323712109400332
2.27375,2.1232214,1.5203460219424219
2.919375,2.236443,1.7824087502209096
1.788125,3.0717652,1.3712202362382413
0.580625,0.97633517,0.8773641443862766
0.9918750000000001,0.59461987,0.6868834397879242
0.650625,0.9076629,0.6398313057223707
0.529375,0.57622725,0.6168891531606763
0.43500000000000005,0.59208,0.6029261370307206
0.435625,0.54220515,0.6673391242551058
0.45000000000000007,0.62799346,0.7065144678904861
0.44250000000000006,0.63928336,0.7229499882935733
0.418125,0.6440964,0.7337372313088923
0.5662499999999999,0.63791,0.7373865347900241
0.935,0.7022177,0.7331693138118833
0.946875,0.8448605,1.0200277505825461
1.1375,1.0830932,1.1590012884229421
1.58125,1.1988555,1.177219001308307
2.3756250000000003,1.5166004,1.1813213032141328
2.375625,2.1937225,1.1850951937207581
1.840625,1.9148421,1.1886843964207918
0.9025,1.4774194,1.1993605078093708
1.016875,0.9974189,1.2189047236725687
1.018125,1.1842653,1.2601858870476486
0.9500000000000001,1.1212877,1.3628059275452793
1.165,1.1709136,1.5700214604167642
1.233125,1.5129379,1.8257499849799275
0.53,1.5921968,1.4104970435471833
0.514375,0.5661296,0.9055761786219105
0.3975,0.65614766,0.6995314149463921
0.46874999999999994,0.5605699,0.6466812997232377
0.4875,0.6068269,0.6217166512244939
0.42625,0.5841423,0.606347296750769
0.43624999999999997,0.5580418,0.6630832314642519
0.435625,0.62309957,0.7002229227726906
0.45499999999999996,0.61426663,0.7188012403446435
0.473125,0.622878,0.7321299590104073
0.51125,0.62830216,0.737694314577803
0.99625,0.6453518,0.7344672116086631
1.189375,0.91456825,1.01753640875116
1.27625,1.1958354,1.1520586016751082
1.226875,1.2507912,1.1680323527269065
1.19,1.1944894,1.171284572440386
1.1793749999999998,1.1843368,1.1748727784442157
1.145625,1.1763616,1.1799588195033373
1.033125,1.1568555,1.1917893044353276
0.96,1.1050254,1.2127289946536721
0.9537500000000001,1.0978155,1.264056357416436
1.0525,1.1359255,1.3823160563983024
1.018125,1.2564754,1.593361195094213
1.260625,1.3015302,1.84056826612249
0.939375,1.6481783,1.4245478686127067
0.4775,0.71555156,0.9178694794362039
0.4375,0.5787496,0.7065641033614426
0.4675,0.5888545,0.6519429586534947
0.4674999999999999,0.58011687,0.6267307308176905
0.44125000000000003,0.5739788,0.6112528361273557
0.500625,0.5620879,0.6568839804149419
0.445,0.6444748,0.6907345742503553
0.47437499999999994,0.6146899,0.71001028015621
0.48875,0.6408334,0.7231447427318245
0.515,0.63825274,0.7281629087794572
1.09,0.6481676,0.7253485377083718
1.254375,1.0003884,1.0108232113042848
1.23875,1.202834,1.144871724357307
1.27875,1.203111,1.1595469795946032
1.214375,1.2283072,1.1618482514598967
1.22875,1.1730437,1.1645001610497385
1.29125,1.2003233,1.1691570247234404
1.169375,1.2396597,1.180838503572941
1.025625,1.1550167,1.2061359489341825
1.0225,1.1197039,1.2703647467000783
1.006875,1.179006,1.3998790395472944
1.0787499999999999,1.217284,1.6073722519811988
1.460625,1.3840443,1.848333625917062
0.54375,1.8146046,1.4299844477267565
0.51625,0.54130274,0.9204518694658206
0.4925,0.6448094,0.708150245700404
0.49687499999999996,0.5826739,0.6534433851189166
0.4956249999999999,0.59274083,0.628181322472915
0.505625,0.58298194,0.6127471827459335
0.48312499999999997,0.58654743,0.6466154181041568
0.54,0.62073404,0.675322461509481
0.47687500000000005,0.6516464,0.6944292274087667
0.490625,0.61604375,0.7086922490961104
0.645625,0.63347477,0.7154579225981235
1.10375,0.69201756,0.7134874542029201
1.16625,0.95516855,0.9920551726099104
1.084375,1.1389087,1.1199816287346185
1.034375,1.1106231,1.13363048622109
1.0925,1.0921365,1.1366928353077175
1.02375,1.1299142,1.1401798766468465
1.065,1.0757713,1.1454360537479817
0.9237500000000001,1.1249241,1.1583707784043253
1.0587499999999999,1.0432614,1.1969576726008953
1.08,1.1847928,1.276009934329614
0.9625,1.1980183,1.4031355450544507
1.10875,1.1806644,1.5888600153675676
1.365,1.407328,1.8122184386366604
0.529375,1.6680245,1.3929002723968775
0.515625,0.5463008,0.8959831769981609
0.46937500000000004,0.6360457,0.6996294898528606
0.520625,0.5701794,0.649543910890594
0.471875,0.5990493,0.6250994381406902
0.49687499999999996,0.5669195,0.610558238542825
0.47875,0.58479017,0.5835129867183416
0.48125,0.55065155,0.5762052101510018
0.510625,0.5562304,0.579594774601385
0.505625,0.56540823,0.5841964213053882
0.458125,0.5606845,0.5877989797345549
0.446875,0.5436276,0.5888387332145124
0.605,0.5414054,0.6761952683752774
0.735625,0.68462044,0.7049254351325333
0.47062500000000007,0.71578056,0.6959973295464367
0.383125,0.5892356,0.6854213861263543
0.39312499999999995,0.5896512,0.677129970075339
0.348125,0.5878514,0.6739196116024255
0.3925,0.5689782,0.6788981091411411
0.39937500000000004,0.6010212,0.6966313280017674
0.8956249999999999,0.6059455,0.7217833553868532
0.9412499999999999,0.9656792,0.7506149858176708
0.945625,0.8482979,0.8015053969646245
0.96125,0.93577904,0.9047857486973704
0.47062499999999996,0.9974501,0.708417160943821
0.47250000000000003,0.51055646,0.5890371754287183
0.4674999999999999,0.54977185,0.5664204441776126
0.466875,0.51502013,0.5539531700409204
0.49499999999999994,0.5137052,0.5429821362455934
0.459375,0.5182075,0.5353011966194957
0.49187499999999995,0.50356364,0.5570233930275589
0.4674999999999999,0.5498094,0.5654074021559208
0.465625,0.5380365,0.5668216143997014
0.458125,0.5449585,0.5696640923037379
0.4775,0.54292095,0.5723476968328655
0.4131249999999999,0.5510211,0.5738376579881459
0.36375,0.52436465,0.649597931824848
0.9143750000000002,0.5737089,0.6778907482878118
0.94,0.8535849,0.675394422975406
0.87125,0.7398169,0.6705773902217298
0.345625,0.7399907,0.6657152071300149
0.405625,0.5135585,0.6614397790935636
0.3875,0.59767586,0.658452381561473
0.38,0.55034435,0.6595185474908352
0.369375,0.56358266,0.664756186042577
0.389375,0.56102514,0.6724191851370036
0.409375,0.5788107,0.690077950791195
0.42937500000000006,0.5953129,0.747628285972923
0.48125,0.6334423,0.6292402125199884
0.4675,0.54243714,0.5703651684135943
0.44062499999999993,0.5335247,0.5619315238142758
0.4806249999999999,0.5258665,0.5553854224859923
0.508125,0.53755194,0.5491286620657145
0.44937499999999997,0.5377464,0.5443184068462252
0.516875,0.5117401,0.6629326306678355
0.4468749999999999,0.6586017,0.7156999204364418
0.5137499999999999,0.6155462,0.7223081159382313
0.41999999999999993,0.6598904,0.7240984813293815
0.59875,0.60652703,0.7227546358375996
0.98625,0.70369035,0.7182517617274076
0.8968750000000001,0.86904734,1.0096974429419265
0.9256249999999999,1.0552133,1.156812643228695
0.900625,1.1021311,1.1818090863363446
0.8518749999999998,1.070157,1.1905383510297538
0.898125,1.0521771,1.1952274079908431
0.9418750000000001,1.074562,1.1960644334629178
0.8768750000000001,1.0838325,1.196665241934657
0.9349999999999998,1.0517682,1.2037082959902288
0.8574999999999999,1.1027339,1.2255263745731115
0.9349999999999998,1.0656332,1.2747539974430204
1.029375,1.1562616,1.3973069653233887
1.0225,1.2511264,1.5976326363458484
0.8049999999999999,1.3081949,1.2223652528926732
0.51,0.68878883,0.8047938964199275
0.52875,0.5874266,0.6725062963852286
0.5762499999999999,0.61170226,0.6419662289912254
0.53625,0.61025864,0.6232385066583007
0.51875,0.58896774,0.6121307261437923
0.55625,0.586108,0.6769837547422201
0.55875,0.67191106,0.7148215320719034
0.52875,0.6709956,0.7282247039441019
0.5275,0.66072994,0.735687068092674
0.615625,0.6627665,0.7369624405552446
1.025625,0.69699484,0.7319423807848244
0.954375,0.9036903,1.012166707952395
0.8731249999999999,1.0641009,1.148399630240798
0.891875,1.0601789,1.1678809545735271
0.9524999999999999,1.0672789,1.1739504357770831
0.9475,1.0888486,1.1794802059862017
1.034375,1.0782043,1.1841769375080615
1.063125,1.1350329,1.1892791250456871
1.0899999999999999,1.1359148,1.1989034229302407
2.731875,1.1605527,1.219538024440557
4.7575,2.8926814,1.282530619904697
4.79,4.1788526,1.4229667097547651
4.235,3.6382532,1.6156746316904576
0.595,3.3149366,1.2375359658129514
0.57125,0.45482337,0.8160742050473392
0.5225,0.7897977,0.6800378312503547
0.559375,0.5304173,0.6477549408741295
0.45875,0.5748334,0.6279002541434019
0.526875,0.51637024,0.6161346541342884
0.5081249999999999,0.60666984,0.66828459027417
0.47437499999999994,0.694355,0.7021021934652328
0.48624999999999996,0.7305271,0.7179828530915826
0.503125,0.7354667,0.7286708251649886
0.5956250000000001,0.7298238,0.7329748583824932
0.9906249999999999,0.7397124,0.7305207929891347
1.04,0.86968213,1.008928940333873
0.9224999999999999,1.0817409,1.1419351583316177
0.919375,1.0259447,1.1591320549649
0.9150000000000001,1.0318753,1.1636276531928034
0.8675,1.0276451,1.1676529104820639
0.920625,1.0205705,1.1720162471237034
1.413125,1.0807127,1.178757302229479
2.27625,1.5195522,1.1893547742875665
2.356875,2.2667553,1.2145954079651833
2.25,2.0359905,1.2866749823903294
3.29125,2.0217028,1.4224337762945145
4.67375,3.1504126,1.611120627065003
1.559375,4.028835,1.2373350318582357
0.453125,0.68969893,0.8168859144358337
0.456875,0.6492477,0.6824984748386591
0.49625,0.5710882,0.6510002833838016
0.43624999999999997,0.55365837,0.6312652001975476
0.42124999999999996,0.52237564,0.6195675748695433
0.466875,0.53825784,0.6574010664055496
0.4175,0.6539914,0.6838557757291942
0.46687500000000004,0.66307604,0.6982912258598208
0.44812499999999994,0.70878696,0.7087688950341939
0.52625,0.6886417,0.713425559368655
0.9806250000000001,0.7083197,0.7115894456217438
0.9600000000000001,0.8729425,0.9901347383641452
0.89375,1.0405056,1.1218029913777114
0.8925,1.0231415,1.1394626540584862
0.9412499999999999,1.0134034,1.1453531286238134
0.955,1.0362742,1.1504374752993882
0.9943750000000001,1.0493097,1.1558375753323735
1.2149999999999999,1.0937675,1.1634817368685455
1.66,1.2790605,1.1731309521581978
2.375625,1.66402,1.206037575018853
2.46875,2.3115382,1.2863884322316945
3.1725000000000003,2.1793933,1.4136514873630555
4.495625,2.9934266,1.5916560472285004
0.624375,3.945257,1.2178524118204415
0.48250000000000004,0.4041595,0.8020487957350164
0.42749999999999994,0.775059,0.6779392873929441
0.505,0.5153652,0.6500157468735426
0.42625,0.5761254,0.6309651946401595
0.531875,0.51644015,0.619843261039555
0.435625,0.590273,0.6473705151482672
0.4525,0.6040017,0.669101482482925
0.51,0.6760723,0.6821154444874823
0.42374999999999996,0.70057833,0.6909496612911671
0.61875,0.65432906,0.6939643682992458
0.930625,0.73146975,0.6914017626892774
0.89375,0.8072778,0.9709860115546733
0.9287500000000002,1.0073364,1.0966726919698715
1.02375,1.0271797,1.1106289305656405
0.9099999999999999,1.0518663,1.1147184747600556
1.055,0.985494,1.1177627836453916
1.055625,1.1057884,1.1211277296995372
1.029375,1.0811857,1.127137508800477
2.375,1.0991244,1.1363986105883122
2.40375,2.5075133,1.1685926953327657
2.380625,1.9513416,1.2317086817869545
2.61625,2.153568,1.3378576248642802
2.5075000000000003,2.3588173,1.4939166287023575
0.4806249999999999,2.1995914,1.1329309051555396
0.47437499999999994,0.47703195,0.7696904554561526
0.438125,0.6597728,0.6698456158687919
0.45625000000000004,0.5297473,0.6462761427163333
0.47624999999999995,0.5561297,0.6290640963007509
0.456875,0.5542183,0.6191247427461296
0.41812499999999997,0.5595339,0.5842611068890243
0.459375,0.51466703,0.5731135581959783
0.43687500000000007,0.55223954,0.574261652553305
0.4675,0.55314106,0.5759163675910979
0.43500000000000005,0.5734565,0.5778132798064499
0.35875,0.55498105,0.5793761991238594
0.38625,0.52428097,0.6661739863926917
0.381875,0.5861068,0.6971682482468337
0.30374999999999996,0.5628402,0.6926057717036456
0.38125,0.5287525,0.6862797408971936
0.6950000000000001,0.57206655,0.6806092371840775
0.54,0.707948,0.6762996224678307
0.40062499999999995,0.6109905,0.6742316771838813
0.38625,0.5991312,0.6753524620652198
0.8587500000000001,0.60418147,0.6836604232732206
0.9143750000000002,0.8872174,0.7017384990204125
0.9656250000000001,0.7969886,0.7281708823490888
0.931875,0.8959346,0.7689229993791132
0.456875,0.86500674,0.635419429975599
0.45875,0.5127673,0.5747197341286391
0.453125,0.5460434,0.5648045006221533
0.46874999999999994,0.5115689,0.5565753780838847
0.40375,0.5158969,0.5498463830021768
0.473125,0.4872148,0.5450759956308454
0.45437500000000003,0.5208575,0.5687845079037547
0.47875,0.53692544,0.5768101050771772
0.43125,0.5555509,0.576088098347038
0.4956249999999999,0.53521353,0.5757650691073387
0.375625,0.5657773,0.57512399410896
0.41624999999999995,0.51031446,0.5736415081752091
0.379375,0.5377479,0.6558815033730119
0.875,0.58165437,0.6874838495811819
0.9312499999999998,0.8263494,0.6857764093142003
0.9231249999999999,0.7494159,0.6819002577770501
0.34875,0.77516824,0.6775115053822099
0.358125,0.51248556,0.6734152833232283
0.401875,0.58533716,0.6708752030474692
0.343125,0.56934,0.6748061728758364
0.37124999999999997,0.5528698,0.6890657061264663
0.405,0.58636796,0.7081889175131172
0.34500000000000003,0.6084936,0.7328728963608294
0.43,0.5930462,0.7850714712754636
0.42375,0.6625191,0.6267334218974411
0.485625,0.5083065,0.5558251648511737
0.45374999999999993,0.53559107,0.5461775442754477
0.456875,0.5136066,0.5387768756218999
0.45437500000000003,0.5171729,0.5328838096464424
0.44812499999999994,0.5089983,0.528990913613066
0.48625,0.503709,0.6361373502513021
0.405625,0.62009716,0.6844461188907921
0.47875,0.5802481,0.6914643552108853
0.44437499999999996,0.6269859,0.6934516677719355
0.561875,0.5991641,0.6920599808623641
0.9268750000000001,0.6624638,0.6870267647020518
0.9575,0.82173485,1.0002354570341856
0.9656250000000001,1.0918416,1.1559234905451536
1.106875,1.1080422,1.179766855814457
1.039375,1.1744957,1.1862515606565773
1.033125,1.1032033,1.1886784162435682
1.004375,1.1187997,1.1900380095353724
0.9256249999999999,1.0950054,1.1977527371627839
0.9262500000000001,1.0673877,1.2105667619088292
0.88875,1.0907497,1.2407619724162668
0.898125,1.0858619,1.3106023691496254
0.8993750000000001,1.1386154,1.4753416002278776
0.9662499999999999,1.2086071,1.7079977040354906
0.713125,1.341638,1.2836196101771296
0.4656249999999999,0.6272582,0.809068128420934
0.47875,0.5634851,0.6558523998438567
0.44125000000000003,0.57761925,0.6207622149395943
0.48312499999999997,0.5494784,0.6000427945823222
0.456875,0.5677709,0.5877830325952917
0.4375,0.54826283,0.649944881773442
0.43624999999999997,0.6116574,0.687275540074557
0.473125,0.6122597,0.7024210365808755
0.44,0.62834877,0.711817290373966
0.589375,0.6086371,0.7144023216485231
0.92875,0.67871314,0.7094888087023049
0.935,0.8140491,1.0104200975245983
1.034375,1.0773757,1.1553194926455617
1.12,1.1439046,1.1736907964159549
1.02625,1.1633531,1.1774189385668188
1.0,1.0983286,1.1796172517142445
0.9862500000000001,1.1023993,1.1844144502134621
0.87625,1.0941606,1.1971468455404044
0.905625,1.0498631,1.2173747949995102
0.8581250000000001,1.096059,1.2524626875025036
0.9175,1.0755368,1.341732381026745
0.905,1.1689535,1.5322305278086663
0.9243750000000001,1.2218356,1.7729795057834683
0.485625,1.3164834,1.3438477690500021
0.486875,0.5515761,0.8502611340167746
0.43125,0.59937006,0.672679123506993
0.466875,0.5504615,0.6288847906536609
0.47062500000000007,0.5707553,0.6053958505544811
0.456875,0.56059736,0.5913202077534795
0.505,0.55605614,0.6505049253704398
0.44125000000000003,0.6445274,0.6885136360991001
0.456875,0.610375,0.7062843307369947
0.49499999999999994,0.6280047,0.718319537069276
0.573125,0.63629353,0.7228265973035246
1.100625,0.66489834,0.7187525019002705
1.259375,0.9811149,1.0127869520001114
1.33125,1.2156383,1.1524922641934454
1.4381249999999999,1.2774192,1.1682356787525119
1.39625,1.3427899,1.1701926917489618
1.288125,1.2767544,1.1722818666620554
1.3575,1.2113726,1.1781736369324476
1.1625,1.2985839,1.1930488294282555
0.9418750000000001,1.1418661,1.2182865726868808
0.864375,1.0794399,1.2641557280279696
1.0193750000000001,1.0864711,1.3743607263072581
0.9793750000000001,1.24936,1.5850114723152668
1.06875,1.2718997,1.8235688150072096
0.5393749999999999,1.4669216,1.3907051486773045
0.52,0.5640343,0.8830944498716295
0.570625,0.6258411,0.6859746521891653
0.501875,0.61076516,0.6358577769660949
0.556875,0.57731456,0.6108762843015044
0.55125,0.60154116,0.5958911562144011
0.531875,0.5865289,0.6493074945510179
0.53,0.64238405,0.6860368460322916
0.523125,0.64180666,0.7052563382722437
0.5575,0.6378945,0.7188688163472712
0.640625,0.65347826,0.7246122782225162
1.099375,0.6842123,0.7209970617515593
1.4275,0.96382594,1.0111845136782156
1.728125,1.382869,1.1482868042305112
1.75375,1.6106895,1.1630371106919646
1.946875,1.528705,1.164182115291059
2.213125,1.7343866,1.1657634734882414
2.4381250000000003,1.916898,1.1710674920071662
2.63625,2.074796,1.185917169080153
1.464375,2.2339816,1.2131081378896535
0.8262499999999999,1.1388782,1.2690143230133504
0.9224999999999999,1.0470096,1.3915041003543884
0.901875,1.183233,1.5945277283313126
0.9418750000000001,1.2120509,1.823141132666096
0.47624999999999995,1.3779956,1.3911357214374096
0.46187500000000004,0.5411185,0.8846866222226247
0.453125,0.6162642,0.6883706101938337
0.45749999999999996,0.5942941,0.6385591226876527
0.4656249999999999,0.6035406,0.6137934147512167
0.4775,0.5955101,0.5990931424392014
0.42749999999999994,0.5865282,0.6488938656263799
0.46249999999999997,0.6125973,0.6841803996828199
0.475625,0.62139326,0.7032376297807693
0.4331249999999999,0.6088231,0.7166829619023949
0.594375,0.58932424,0.7222089446659385
0.9231250000000001,0.66057175,0.7176957049152255
1.1456250000000001,0.79852,1.0054941258758308
1.029375,1.1886853,1.1399530285908281
1.036875,1.0949248,1.1536938811369242
0.9606250000000001,1.1308154,1.1549923769514263
0.954375,1.0761753,1.1572132154330612
0.9125000000000001,1.084946,1.1656736711602658
1.329375,1.0613972,1.1835186196653547
1.323125,1.391165,1.2098295057267696
0.93125,1.2481086,1.2746246262757481
0.90125,1.0819209,1.4032650158913433
0.8931249999999998,1.1735988,1.590794403360188
0.97,1.2002636,1.7993606589272617
0.46125000000000005,1.3333721,1.3651367016182094
0.485625,0.535644,0.868187562436536
0.44437499999999996,0.6012566,0.6831493174598365
0.443125,0.5554039,0.6367712490370124
0.4718750000000001,0.56620455,0.6129087472005933
0.401875,0.57233864,0.5990303505783527
0.44625000000000004,0.5450373,0.5870693981132656
0.44937499999999997,0.56191975,0.5856782095517963
0.45000000000000007,0.5533185,0.5893348885848373
0.4781250000000001,0.5535725,0.5932949619423598
0.34625,0.55964094,0.5954483240909874
0.42625,0.5045329,0.5943359114577621
0.3425,0.5442032,0.67925133827582
0.375625,0.56593364,0.709992339624539
0.39125,0.6012301,0.7057088383488357
0.308125,0.60156494,0.7007612383924424
0.370625,0.57320637,0.6984262781954557
0.303125,0.6166954,0.7005721651225537
0.40375,0.57952523,0.7138476602110266
0.374375,0.6430958,0.7351520415703952
0.8850000000000001,0.6175749,0.760254832163006
0.94625,0.9850475,0.7940300757654011
0.88,0.8663933,0.8471337505028398
0.93625,0.8793275,0.9353506338268519
0.4675,0.9880365,0.7099571562485396
0.431875,0.494701,0.5803580445543677
0.48187499999999994,0.5254214,0.5572316028645634
0.465,0.5173837,0.5456999274545162
0.438125,0.5065926,0.5362693873120099
0.44125000000000003,0.49894932,0.5305521385469287
0.464375,0.50358516,0.5647328381650895
0.4468749999999999,0.55005133,0.5771845638410001
0.423125,0.543314,0.5784868471010775
0.47375,0.5383767,0.5800423908665776
0.39125,0.55761385,0.5804483452304452
0.41875,0.51878256,0.5788992799902707
0.375625,0.536023,0.6552145142733306
0.84875,0.57580954,0.6820822545038908
0.883125,0.8076631,0.677436753166914
0.891875,0.72564644,0.6724794852573425
0.35875,0.7632909,0.668830779793933
0.381875,0.51606417,0.6661773751597851
0.305,0.5934925,0.6656676647210866
0.36624999999999996,0.5250448,0.6700822315476089
0.33875,0.57422775,0.6829272535455971
0.378125,0.55751896,0.7019553801143914
0.40812499999999996,0.5977979,0.7287246467600017
0.39125,0.6162681,0.7920591090220958
0.4925,0.6308443,0.6367171284331381
0.4306250000000001,0.5413161,0.5622458817970007
0.459375,0.5091184,0.5508219492466002
0.4331249999999999,0.52756006,0.5420873023936897
0.47875,0.50734764,0.5347627813301236
0.426875,0.52363497,0.5297197975470125
0.47687500000000005,0.49438304,0.6420230406748503
0.42937500000000006,0.628288,0.6930191016194224
0.460625,0.5974081,0.7008209404950588
0.431875,0.6230666,0.7034707570228725
0.5587500000000001,0.6044414,0.7024799413265288
1.660625,0.6679017,0.6977833094742893
2.17875,1.6101544,1.00663025987871
2.373125,1.9261142,1.161231196840033
1.575,2.0562005,1.1859401927624644
1.259375,1.2360278,1.1935334231226147
1.05875,1.214546,1.19724930591017
1.08625,1.0821451,1.201382405728698
1.163125,1.1405094,1.2130060761983694
0.9418750000000001,1.1891198,1.2300647310681643
0.88625,1.0712395,1.265854995386079
0.909375,1.1230892,1.3578030109495671
0.9950000000000001,1.1877041,1.5602782566750795
0.8837499999999999,1.369632,1.8299832527669517
0.758125,1.3148526,1.3969679889444262
0.45875,0.6932361,0.8806183574921639
0.5075,0.5654998,0.6806714310272037
0.509375,0.6047968,0.63152334451437
0.44125000000000003,0.5772344,0.607858088856712
0.515,0.550143,0.5934405792577564
0.443125,0.57704026,0.6563018101622163
0.47875,0.5959091,0.6955135332090407
0.45499999999999996,0.6306177,0.7128412960539012
0.47812499999999997,0.61550367,0.7238500049657374
0.611875,0.63698715,0.7270196982335299
2.07625,0.69212955,0.7219937579555064
3.5400000000000005,2.067851,1.0174080342800915
3.11375,3.158202,1.15940983419694
2.340625,2.2864926,1.1769448101826012
2.4525,1.8006504,1.1804433135280759
2.32,2.0788603,1.1836859649579972
2.2675,1.8120365,1.1909016467960925
2.120625,1.883174,1.2063666841053964
2.016875,1.7740015,1.2273549134288728
2.04,1.7940472,1.2719651417947562
1.9493749999999999,1.911563,1.3812582627170533
1.44875,1.8953856,1.5991142252530157
0.9518749999999999,1.5593973,1.8598423773144184
0.42874999999999996,1.3223361,1.4257717118815334
0.466875,0.5559426,0.9056562631618977
0.479375,0.61190856,0.6932008990070223
0.43687500000000007,0.58307666,0.6384608484419435
0.48375000000000007,0.5668399,0.6127294415535033
0.43624999999999997,0.585935,0.5970690517882258
0.45499999999999996,0.5537686,0.6544436694291978
0.46124999999999994,0.6342829,0.6932562156463414
0.48,0.62769973,0.7131761859784275
0.4875,0.63397723,0.7268616222155839
0.571875,0.6312918,0.7320501236444711
1.044375,0.66540784,0.7282712496568262
2.048125,0.9246583,1.0184662266398221
2.219375,2.0419278,1.1568223111818732
2.271875,1.8566985,1.172459278586358
2.214375,1.9556355,1.1741863537685573
2.136875,1.8342462,1.1765514141909033
2.065,1.7771416,1.1831432638749482
2.24625,1.7238052,1.1987733540756256
2.071875,1.9626491,1.2226699429222196
1.023125,1.7363231,1.2773292610947788
1.003125,1.0333996,1.4011395612364264
0.9806250000000001,1.2976147,1.6236753114587814
1.0125,1.2875438,1.873573063559234
0.490625,1.4607152,1.442371986167133
0.49499999999999994,0.55296934,0.9226449997929856
0.5,0.6401523,0.7023594407554715
0.475625,0.613215,0.6446062778962404
0.485,0.6068269,0.6183101429386436
0.49000000000000005,0.6018763,0.6021356572713703
0.494375,0.5882523,0.6537550520218909
0.47875,0.6412706,0.690582478409633
0.49625,0.623432,0.7110053816462307
0.510625,0.6257464,0.7255513653858751
0.559375,0.6246839,0.731448617485389
1.36625,0.64481443,0.727820942311883
2.07875,1.2879852,1.014610806383714
2.3375,1.9398613,1.1498202213402837
2.226875,2.02717,1.1648393367679417
2.37,1.8523531,1.1672305106308312
2.3518749999999997,2.0406642,1.170104583804533
1.484375,1.9206984,1.1772682381007822
0.879375,1.180831,1.1923371883386373
0.8431249999999999,1.0212034,1.2186932247380913
0.853125,1.0541447,1.28487724144727
0.8431249999999999,1.0821074,1.4177486064486207
0.98875,1.1503823,1.62697278117992
0.9268750000000001,1.4080565,1.8585682008872926
0.39937500000000004,1.3664582,1.4285814981500804
0.446875,0.5579909,0.915215078105852
0.43500000000000005,0.64208263,0.701865876795277
0.45437500000000003,0.5905712,0.6463687357936799
0.39875,0.59415036,0.6205693542241305
0.431875,0.55576897,0.6049638824196905
0.413125,0.56727844,0.6502298372181504
0.43687500000000007,0.5905401,0.6841722267739474
0.44062499999999993,0.59957176,0.7040171458818764
0.453125,0.59597033,0.718281662613526
0.52875,0.6073802,0.7238422307353466
1.0306250000000001,0.6436214,0.7199587036462873
0.9312499999999998,0.9439889,1.0070803678844125
0.9818749999999999,1.0522057,1.1420022359861435
0.988125,1.1224831,1.1561728639353812
0.8424999999999999,1.0966991,1.1577030916173012
0.8856250000000001,1.0292356,1.1593575076462328
0.9074999999999999,1.0642514,1.1677469986037166
0.848125,1.0599025,1.185342374379337
0.8768750000000001,1.0414833,1.2215807533105463
0.8837499999999999,1.0868937,1.2980589474229516
0.838125,1.1177095,1.4313975636047125
0.8987499999999999,1.1403482,1.6254055760688335
0.8474999999999999,1.2480627,1.8414755586769431
0.43437499999999996,1.2468392,1.4082107221249491
0.494375,0.55061346,0.8996636770704761
0.3925,0.61048937,0.6966342184207588
0.47624999999999995,0.54375,0.6445509612569212
0.4225,0.5895821,0.6194678055795282
0.44,0.55116934,0.6045650045988709
0.443125,0.5675565,0.5879935348335653
0.41125,0.54987687,0.5847920469568669
0.4599999999999999,0.53845125,0.5879597468322515
0.44937499999999997,0.55686915,0.5914891477600485
0.403125,0.5437234,0.5937167637758701
0.35875,0.52790254,0.593712677321434
0.361875,0.5127589,0.6785856448812038
0.3275,0.59094673,0.7085649709908663
0.34750000000000003,0.57542264,0.703171648492068
0.3225,0.59194106,0.6970147570314258
0.76125,0.5797788,0.6938319073737412
0.4231250000000001,0.80288255,0.6956207777205854
0.379375,0.5749169,0.7070688303191215
0.35624999999999996,0.63010454,0.7274198717594146
0.8837499999999999,0.603071,0.751595037195012
0.865625,0.9747251,0.7848487096738815
0.8856250000000001,0.79335135,0.8413296894983948
0.8975000000000001,0.9153871,0.9448632020669431
0.418125,0.95573825,0.7226486870311201
0.44875000000000004,0.4855549,0.5865304844757914
0.443125,0.53520095,0.5600782668926566
0.458125,0.5010701,0.5463305371427536
0.4331249999999999,0.5112279,0.5354952533704042
0.424375,0.496993,0.5290319774966686
0.44250000000000006,0.4987091,0.5618667385610193
0.43624999999999997,0.5420256,0.5748109318313003
0.44250000000000006,0.5395006,0.5767970483569056
0.47,0.5438088,0.5787325327153503
0.39749999999999996,0.55184096,0.5792365619856864
0.36062500000000003,0.52089894,0.5779271025129408
0.338125,0.51291794,0.6524385160060971
0.8968750000000001,0.564968,0.6797333405600487
0.8700000000000001,0.8568452,0.6764300900009275
0.88625,0.7135441,0.6715361123003065
0.32,0.77123815,0.6671129738864302
0.363125,0.5006722,0.663611281113103
0.315625,0.59035075,0.6628809021348506
0.35875,0.52838135,0.6673082266727834
0.3275,0.5669105,0.6762006505347788
0.345,0.54789567,0.6930929568081349
0.35,0.5776522,0.7255293383997679
0.346875,0.59137195,0.8003178334376215
0.45187499999999997,0.6168668,0.6494539092233776
0.458125,0.5315781,0.5695753863415867
0.4225,0.52409685,0.5569183412476628
0.5025,0.5145204,0.5482008375694603
0.42187500000000006,0.5416819,0.5403651110228895
0.45437500000000003,0.4996524,0.5348072339808195
0.396875,0.51785463,0.6508733042874187
0.44812499999999994,0.5930743,0.7028601809283346
0.43687500000000007,0.6254518,0.710052938753739
0.4475,0.6101491,0.7125365063547343
0.578125,0.6224336,0.7115926350495964
0.91375,0.67780286,0.7072028859585523
0.8881249999999999,0.8198879,1.0106708662895114
0.9237500000000001,1.0654668,1.1630768788705022
0.9875,1.1030407,1.1879268076361715
0.876875,1.1152183,1.195486449334249
0.861875,1.0523123,1.199185288616717
0.9425,1.0609121,1.1997623757188023
0.889375,1.09209,1.2072385939446093
0.89,1.0612661,1.2239239860860258
0.85375,1.0874094,1.25548945453465
0.8731250000000002,1.0842848,1.3387484719313683
0.87625,1.1477468,1.5355350740728528
0.8850000000000001,1.2295796,1.8064346105651556
0.7,1.3175273,1.389091995871216
2.3831249999999997,0.645587,0.8847073036688566
0.426875,2.335223,0.6873326507670432
0.446875,0.38292766,0.6384152994254231
0.47687500000000005,0.6703332,0.614970712307319
0.39,0.5496333,0.6007073916111141
0.47,0.53664535,0.6651805792862177
0.47125,0.6245131,0.704705663619563
0.42187500000000006,0.62165505,0.7216221896106749
0.46124999999999994,0.61563754,0.7328308357810228
0.4912500000000001,0.6469328,0.7363449872568995
1.00875,0.65675133,0.73155994845137
1.099375,0.94899523,1.020648692317605
1.19,1.1452477,1.1604439065085352
1.365625,1.2152438,1.1779336324865373
1.3225,1.3058866,1.1814310394661873
1.09375,1.2279773,1.1847616991709173
1.003125,1.1062043,1.188205683234036
0.8724999999999999,1.0942975,1.2005092001844198
0.84875,1.0371337,1.2212292185594142
0.835,1.0615902,1.2651911957142503
0.9443750000000002,1.0814859,1.3717708112213016
0.958125,1.2074692,1.5877675366584212
1.00875,1.2965499,1.8518162817928938
0.499375,1.4375529,1.43057877767317
0.499375,0.56708175,0.9162608117630333
0.545625,0.631891,0.7011715782196074
0.545625,0.6106139,0.6455035038190334
0.5825,0.6021377,0.619878344745934
0.5393749999999999,0.6095837,0.6041430034261196
0.486875,0.58541113,0.660900765786469
0.55,0.6299674,0.6984792027638852
0.5406249999999999,0.6613464,0.7172295501006394
0.514375,0.647502,0.7308932583605497
0.618125,0.6434721,0.7368193149803578
1.069375,0.69163543,0.733709124475941
1.255625,0.95000684,1.0190566196362303
1.475,1.2322788,1.1545976852546633
1.363125,1.422104,1.1703602363808454
1.319375,1.2382737,1.1731657368557156
1.2650000000000001,1.2539895,1.176482642152831
1.22875,1.2063696,1.1807401296576112
1.008125,1.1972879,1.1938384121610224
0.87875,1.0773575,1.21549103917405
0.87125,1.0621483,1.2698066964954884
0.913125,1.104775,1.393135991049111
0.8850000000000001,1.1841006,1.6130991686994582
0.9650000000000001,1.2456826,1.8688616806031761
0.40249999999999997,1.4105004,1.4474479605945945
0.44125000000000003,0.5320226,0.9310114172333479
0.43875000000000003,0.62105733,0.7093947205806523
0.43500000000000005,0.57400215,0.651506704725027
0.42812500000000003,0.57690084,0.6254029321347921
0.41125,0.56497353,0.6092123996586353
0.45499999999999996,0.5566232,0.6577814056769758
0.4512500000000001,0.6297771,0.692351115823537
0.394375,0.61999196,0.7110693695425242
0.44187499999999996,0.5973212,0.7243610111095011
0.53,0.62337,0.7297296155424415
0.891875,0.65101403,0.7262061947918683
0.919375,0.8115553,1.0128291620843486
1.0318749999999999,1.0660309,1.1475055937458576
1.053125,1.1395642,1.1620816777108611
1.1375,1.1198139,1.1643065029773116
1.08375,1.1735433,1.1668357192644478
0.91375,1.1206303,1.171374474437982
0.9456249999999999,1.0499586,1.1856312169392407
0.800625,1.0978774,1.2144954393359275
0.87625,1.0269444,1.2838270226571709
0.8300000000000001,1.1347871,1.4180751241250338
0.83875,1.1313684,1.6327681709273905
0.9143749999999999,1.2303863,1.8774518065065144
0.394375,1.3453472,1.4524258601155877
0.42937499999999995,0.5311384,0.933779242591709
0.44187499999999996,0.603663,0.711181198856607
0.44,0.5711374,0.6530560689740628
0.43687500000000007,0.574132,0.6269187077217548
0.4124999999999999,0.5684354,0.6109330959851295
0.45000000000000007,0.5581806,0.6476841754436492
0.4331249999999999,0.62123376,0.6783027824985236
0.44125000000000003,0.6069547,0.6982775711218268
0.40375,0.61406624,0.7132837294988333
0.53375,0.5937381,0.7204514702495187
0.9099999999999999,0.6545627,0.7174773287769407
1.11625,0.80999684,0.996669278016463
1.14125,1.1496952,1.1261185862711818
1.18,1.1483229,1.140248648684919
1.08625,1.1740797,1.1433282406158747
1.00375,1.1072036,1.1467883711574973
0.9175,1.0815219,1.1524887757567317
0.860625,1.0478736,1.1715080317293107
0.8406250000000001,1.0432717,1.2156898800667375
0.84125,1.0659863,1.3014871836860478
0.860625,1.1085445,1.4384632426641137
0.8993750000000001,1.1651049,1.6372992515401543
0.9025,1.2507427,1.8634117457599937
0.47874999999999995,1.3073151,1.4314683290351928
0.816875,0.56567603,0.9178495953469351
0.5175,0.7583686,0.7048713145286589
0.48937499999999995,0.56211704,0.6495028470069915
0.4575000000000001,0.60147685,0.6239386857415735
0.4124999999999999,0.56766355,0.6086747817262261
0.443125,0.5549471,0.5842401762687415
0.446875,0.54624933,0.5781690006816387
0.45499999999999996,0.5414343,0.5817799313589185
0.394375,0.54503655,0.586737697616592
0.43375,0.5218207,0.5906857109500467
0.35625,0.5429598,0.5919207172163575
0.363125,0.5066445,0.6774077493073791
0.34375,0.5987131,0.7048067286146432
0.306875,0.5819299,0.6953708063126355
0.324375,0.56834817,0.6846269195821881
0.35124999999999995,0.5773232,0.6790740260211378
0.3875,0.5864479,0.6788267456929385
0.299375,0.6024933,0.6874664073976129
0.33625,0.5647456,0.7076324620224536
0.864375,0.6011324,0.7339912891712784
0.8618750000000001,0.94184834,0.7686799051749705
0.8687499999999999,0.7951396,0.8234847908281162
0.871875,0.8914945,0.9373803059765697
0.45749999999999996,0.94244546,0.7278019054143875
0.4512500000000001,0.50709534,0.5928887085696309
0.4175,0.53655666,0.5662832987799495
0.4525,0.4979024,0.5528222188583016
0.44062499999999993,0.51205486,0.5410234288655966
0.416875,0.4989517,0.532925870226249
0.44250000000000006,0.49446508,0.5575131695421784
0.44625,0.5365509,0.5671409558634459
0.42562500000000003,0.5364237,0.5685719126034527
0.431875,0.53163874,0.5708128843484074
0.45374999999999993,0.53705996,0.5735127350256591
0.359375,0.54298437,0.5751608718685061
0.3175,0.5062785,0.6512796573297679
0.863125,0.5603631,0.6794764919482916
0.88,0.8209117,0.6764020828375965
0.80125,0.7203736,0.6711832818441092
0.356875,0.71404594,0.6661509627103805
0.3725,0.52263737,0.6618399526194483
0.404375,0.58228946,0.6591548530460148
0.378125,0.5672156,0.6618977609992772
0.35625,0.5610116,0.6681239228460938
0.37687499999999996,0.55900985,0.6768423235508799
0.43375,0.57578284,0.701888601468727
0.3925,0.61258686,0.7726188485729694
0.5,0.61705554,0.6420806497154384
0.48187499999999994,0.55178976,0.5722465321681648
0.45125,0.53270024,0.561574507234022
0.5131249999999999,0.52787316,0.5541859982741624
0.4475,0.5468561,0.5472850730972737
0.48187499999999994,0.5125169,0.542063880032897
0.4925,0.529272,0.6603672343084961
0.43500000000000005,0.63901395,0.7127500983512401
0.49375,0.6153781,0.7194384282278269
0.459375,0.6490324,0.7216006609726697
0.594375,0.6245392,0.7205830341484397
1.158125,0.69346195,0.7161724541067331
1.223125,1.0503533,1.010759422747232
1.0375,1.1910919,1.1591263737965376
1.033125,1.1131496,1.183832877978459
1.055625,1.132424,1.1922796789676697
0.995625,1.1290913,1.196725841063857
1.0125,1.0901693,1.1974342927256227
0.9612499999999998,1.1141955,1.1981495219215752
0.861875,1.080023,1.2087963304417582
0.860625,1.0550603,1.2329079066595436
0.8356250000000001,1.0859201,1.2933442753694206
0.88625,1.1037698,1.4364286867029965
0.8856250000000001,1.2073961,1.660124292297885
0.696875,1.2653071,1.2743502358108014
0.456875,0.65903026,0.8289168848092481
0.41374999999999995,0.5749307,0.6773413693401962
0.46312500000000006,0.5705924,0.641697719033882
0.44,0.5796499,0.6215543890824914
0.39499999999999996,0.5606504,0.6094143303095549
0.46249999999999997,0.54578125,0.6748026844391226
0.410625,0.6444223,0.712601590616852
0.468125,0.61240405,0.7266875990583748
0.45062499999999994,0.64963216,0.735245432004705
0.498125,0.62998974,0.7373267330177873
0.916875,0.65611273,0.7325864458718151
0.8443750000000001,0.8427471,1.0146673190584778
0.84625,1.0287098,1.1515700211959332
0.8968750000000001,1.0645609,1.1706526670470834
0.8512500000000001,1.0727402,1.1762905787943305
0.9912499999999999,1.044525,1.181493831327036
1.003125,1.1246045,1.1856601211291553
0.8812499999999999,1.0992653,1.1906911445578188
0.9150000000000001,1.0509295,1.2038994623221457
0.8375,1.0944445,1.228478887738064
0.838125,1.0581608,1.3045639848676325
0.8818750000000001,1.1176586,1.466885230955109
0.89,1.2025303,1.681911174289584
0.4358333333333333,1.2574071,1.2929235699017347
0.47437499999999994,0.55028576,0.8424416037835182
0.405625,0.6169193,0.685662187929228
0.46312500000000006,0.5536145,0.647666434251219
0.46249999999999997,0.59143984,0.6261710858991741
0.416875,0.5743619,0.6132136365693808
0.49000000000000005,0.5580016,0.6674695917882025
0.43,0.65432686,0.703280487717539
0.42874999999999996,0.6174875,0.7208142676677555
0.480625,0.6294441,0.7326582079984992
0.50625,0.6454207,0.7367765567132085
0.9025,0.64776003,0.7329135615659504
0.903125,0.8308271,1.0117912524923682
1.195625,1.0508406,1.1447690646483004
1.12,1.2543532,1.161477181463167
0.8443750000000001,1.1199199,1.1656496507817506
0.9606250000000001,1.0210649,1.1696252726000549
0.961875,1.1108986,1.1742629000370206
0.883125,1.0732101,1.1814019359370322
0.9275,1.0514431,1.1960689185958355
0.834375,1.0947499,1.2269672982751578
0.8574999999999999,1.0567521,1.3116395312194526
0.94375,1.1352875,1.469328532029465
0.883125,1.2323718,1.6770319476927815
0.46499999999999997,1.2381463,1.2914961015984416
0.466875,0.56813985,0.8432085116776452
0.42937500000000006,0.6093661,0.688420943352133
0.4956249999999999,0.56789297,0.6512020146954804
0.3875,0.60009843,0.6298697258424013
0.42187500000000006,0.544345,0.6170746383242308
0.486875,0.5706871,0.6572340201217681
0.42124999999999996,0.6345229,0.6857447143749147
0.42812500000000003,0.60250646,0.7011630066322535
0.460625,0.6166518,0.7128632233703881
0.528125,0.6249008,0.7184367485428601
1.243125,0.6500345,0.7168902747128159
1.46875,1.155208,0.9966075326866285
1.12625,1.3367344,1.1288876076649874
1.235625,1.0983745,1.1462322146756947
1.103125,1.2392061,1.1516897244100273
1.150625,1.0951499,1.156499580951035
1.1025,1.1711992,1.161436017909944
0.9762499999999998,1.1185259,1.168500899612382
0.874375,1.0709454,1.1816342658221721
0.8424999999999999,1.0477971,1.2219400622920693
0.88,1.073724,1.3170294649511576
0.9643749999999999,1.1470822,1.4674501583635062
0.894375,1.2414421,1.66619606590271
0.446875,1.2408881,1.2801652604734899
0.431875,0.56361336,0.8327198788450285
0.42375,0.5979962,0.6853040749831497
0.5275,0.570837,0.6509554320546239
0.47125,0.6095152,0.6300794307237119
0.460625,0.57257485,0.6177522920732945
0.47624999999999995,0.5780554,0.647153833393529
0.431875,0.61463445,0.6708857680272311
0.43687500000000007,0.59469515,0.6855999940861016
0.4525,0.60364944,0.6959879606021195
0.565625,0.60681975,0.700026573620513
0.976875,0.65411556,0.6970556215757876
1.17875,0.8536359,0.9767905709072203
1.08875,1.1608013,1.10337407856673
1.09125,1.096354,1.1173206492093206
1.15125,1.120063,1.1216959462054075
1.181875,1.1433492,1.1252134864483774
1.146875,1.1510129,1.1290473780664803
0.933125,1.128678,1.1357570372418315
0.8568749999999999,1.0259649,1.1515804865060748
0.8562500000000001,1.0326369,1.1921668529573828
0.8962499999999999,1.0596545,1.272269433145821
0.865625,1.1259562,1.4001843275945633
0.865625,1.1458232,1.5835173250359298
0.45374999999999993,1.2159668,1.208778888258189
0.47062500000000007,0.5605644,0.797657451930046
0.42625,0.6089913,0.675164385491535
0.48125,0.56694174,0.6469838966907561
0.42562500000000003,0.59414494,0.6278284920167178
0.435625,0.5609224,0.6166680859426409
0.456875,0.5718429,0.5840133282127231
0.4656249999999999,0.54421884,0.5737587196487933
0.43,0.5448846,0.5756791538945585
0.4675,0.5301736,0.5782115596095472
0.40124999999999994,0.54662246,0.5798685670486092
0.37625000000000003,0.5161444,0.5814336790976673
0.37875,0.5148791,0.6694303922302276
0.3475,0.59454465,0.7000689332091808
0.339375,0.57961005,0.6943119162655621
0.3175,0.580131,0.6867392178472131
0.41125,0.569871,0.6801622189366072
0.44625,0.61306626,0.6755562864389271
0.7206250000000001,0.613808,0.6736185096792131
0.39562499999999995,0.74263924,0.6768593670559674
0.9143750000000002,0.5534058,0.692103137807995
0.895,0.97252274,0.7148903041099757
0.8581250000000001,0.759548,0.7448970393652469
0.91375,0.8250529,0.8015845346432179
0.438125,0.90286285,0.6528991889915615
0.46375,0.49522316,0.577993083801642
0.4599999999999999,0.5452931,0.5650292556161433
0.424375,0.5120149,0.5556365899293869
0.444375,0.50264764,0.5477058782345802
0.5,0.51016945,0.5421976366634667
0.396875,0.52876496,0.5586848855995387
0.48250000000000004,0.5110197,0.5650543723604827
0.43,0.5568453,0.5664672888991982
0.471875,0.5268584,0.568356327214539
0.39312499999999995,0.5523178,0.5699215389332175
0.39937500000000004,0.5152922,0.5706603898292034
0.341875,0.52507544,0.6442058053614944
0.879375,0.55485886,0.6726457341841607
0.898125,0.829471,0.6716906998815387
0.8318749999999999,0.7226845,0.6686102109239995
0.38,0.7234954,0.6648762879351526
0.3475,0.5298692,0.6609589728447794
0.35250000000000004,0.56838673,0.6577411391503364
0.32499999999999996,0.54720557,0.655510333706662
0.40375,0.5409189,0.6575653219399601
0.29374999999999996,0.5812176,0.6627877110397815
0.3725,0.5271502,0.6725790552081168
0.36625,0.5872095,0.6932950867982953
0.420625,0.57653415,0.6029757725016772
0.47500000000000003,0.526969,0.5674574069081991
0.43624999999999997,0.5405065,0.5630876914108545
0.46625,0.52373374,0.5582676685685664
0.4325,0.53714204,0.5535311688681691
0.450625,0.515881,0.5496093686448782
0.42625,0.52280164,0.6653493199535458
0.479375,0.6157709,0.7174997544415295
0.45499999999999996,0.6447706,0.725332690238729
0.43875000000000003,0.6276114,0.7276674510964751
0.549375,0.6296803,0.7266004878101497
1.053125,0.67924017,0.7227240372641385
0.956875,0.9614357,1.006874450448677
0.9325,1.0644419,1.1499325490024686
1.201875,1.0970855,1.174931683189869
1.0787499999999999,1.2363225,1.184731598945558
1.1712500000000001,1.1050014,1.1905827040108294
1.07375,1.20465,1.1920676816850901
0.96875,1.1074809,1.1929131790748984
0.831875,1.0814356,1.1953947532834859
0.89125,1.0275353,1.2099476142269374
0.88625,1.0912877,1.2403681777460873
0.826875,1.0899322,1.3248667862116545
0.906875,1.1160758,1.4588760792690516
0.723125,1.2172343,1.1006160208311677
0.438125,0.6695595,0.763012790228948
0.45374999999999993,0.5737085,0.666846756330356
0.41562499999999997,0.6009589,0.6433344935400038
0.453125,0.5627516,0.6278200200989842
0.44062499999999993,0.5827095,0.6188456678090244
0.44875000000000004,0.56484646,0.679676329537183
0.42625,0.6318402,0.713871481250301
0.4375,0.62051564,0.725403854347691
0.459375,0.6301835,0.7317763311972468
0.551875,0.6368157,0.7327698379733413
1.040625,0.6746831,0.7285366698559373
1.245,0.93970025,1.0061024594039099
1.1400000000000001,1.2165877,1.14110999354437
2.08375,1.1416553,1.1611419925297797
2.4518750000000002,2.085798,1.1678753730747848
2.3725,2.0485091,1.1736280045551062
2.151875,1.9549816,1.178293938164264
2.211875,1.7539929,1.1837767639821768
1.226875,1.8904636,1.1903845608054846
0.865,1.0556383,1.2029687474069
0.863125,1.0497192,1.2387372837475688
0.8406250000000001,1.0674521,1.332450448288247
0.9256249999999999,1.1154574,1.4704640680146217
0.4925,1.2536924,1.1145919940117748
0.47,0.5772739,0.7726440649869293
0.3975,0.64675933,0.6736984447147697
0.460625,0.5971299,0.6492265628192574
0.44437499999999996,0.6357572,0.6329293838492781
0.4175,0.60195565,0.6233955859800427
0.471875,0.58075583,0.6650840990936756
0.42187500000000006,0.6318681,0.6907595913250744
0.445,0.5907084,0.7012835072033107
0.41374999999999995,0.6012786,0.7072528204383701
0.566875,0.5799382,0.7079451256216317
0.9287500000000002,0.65080404,0.7031892900148778
1.459375,0.81386805,1.0028178470638023
1.374375,1.4981502,1.1481694930873068
1.3375,1.2466269,1.1675490547376126
1.304375,1.2854933,1.1718985373020172
1.218125,1.2337439,1.1743961583194882
1.210625,1.1817487,1.1777168510621787
1.22,1.1912661,1.18891373621732
1.11,1.2009261,1.2102742315729709
0.8968750000000001,1.1466712,1.24485101826258
0.878125,1.0659873,1.3327158684873581
3.2649999999999997,1.136358,1.5195631170742214
4.773125,3.7078977,1.7447716078370807
0.9256249999999999,4.159003,1.3219047047631443
0.44375,0.4693241,0.8415939136620612
0.4325,0.71889186,0.6720136294516176
0.46625,0.5420671,0.6308718042058498
0.43375,0.5597397,0.6086358109046518
0.466875,0.5213914,0.5955453026316314
0.445625,0.54306585,0.6505417034603656
0.42000000000000004,0.6092081,0.6861057177399844
0.453125,0.63101333,0.7028563934827595
0.4675,0.6639645,0.7140983293063193
0.56125,0.66956997,0.7180294984739274
1.194375,0.7027565,0.7131147894922644
1.3131249999999999,1.0715139,1.006007823099345
1.165625,1.2134227,1.1449207618105413
1.13375,1.1377949,1.1606575981746614
1.318125,1.1363753,1.1629133210234344
1.38,1.2622362,1.165234327473566
1.161875,1.2666222,1.1702401344882698
1.061875,1.1248125,1.1853756640325488
0.8587500000000001,1.1335971,1.2118491112448275
0.8987499999999999,1.0464151,1.2606199482444673
1.5081250000000002,1.1341636,1.3720863652394713
4.48,1.7475377,1.5643291290567816
4.55375,4.558897,1.7816890358920394
2.850625,3.4750252,1.3512498330782354
0.4475,1.6832106,0.8582713322338462
0.444375,0.50254697,0.6790067490273713
0.45875,0.64760673,0.6347949001342058
0.43375,0.5199888,0.6114208791073411
0.443125,0.5161187,0.5977436157790571
0.458125,0.51494735,0.6482934558331221
0.4781250000000001,0.5991318,0.6831875905940681
0.426875,0.66475433,0.7014279284832626
0.41125,0.665751,0.7139534096782654
0.5587500000000001,0.68077344,0.7181992358374595
1.103125,0.73610777,0.7127093334764987
1.221875,0.98098207,1.0020864215545358
1.3074999999999999,1.1745194,1.1377721576269717
1.405625,1.223593,1.1522470769272746
1.519375,1.2653797,1.154141597071737
1.386875,1.3447703,1.1564054928293825
1.166875,1.2171144,1.163944702255279
2.1,1.1230569,1.1816464255158603
2.090625,2.1601095,1.2077478060352058
2.115625,1.7717441,1.2670228243282438
2.19875,2.0085802,1.3905471723289788
4.229375,2.0957959,1.5743500123608858
4.68125,4.1804743,1.7816465766337513
3.5806250000000004,3.766711,1.347323149043545
1.736875,2.2687755,0.8558030140847713
1.0175,0.9533193,0.6782148738933355
0.511875,0.7632535,0.6342702392524481
0.46937500000000004,0.53501546,0.6109099726331979
0.47437499999999994,0.5404671,0.5972926107467711
0.508125,0.5218191,0.5855398681186884
0.47062500000000007,0.5286973,0.5842105743914843
0.515,0.5367787,0.5881468267097324
0.439375,0.5920479,0.5921005212115497
0.49687499999999996,0.56513315,0.594347273794487
0.405625,0.6028896,0.5935268931490183
1.411875,0.5550021,0.6795246323749423
1.8150000000000002,1.3675444,0.7109032202853262
1.91625,1.342467,0.7068585274200886
1.7324999999999997,1.4382569,0.7022081422717124
1.695,1.2377414,0.7001559447877854
1.609375,1.3036449,0.7026012392545491
1.5987500000000001,1.2369599,0.7163504640487581
1.604375,1.3168894,0.7377399632639438
2.14,1.3775457,0.7617524678790569
2.104375,2.0641513,0.7917931904748827
2.140625,1.793717,0.8352881656233594
2.159375,1.971958,0.910979617587179
1.7099999999999997,1.9600023,0.6931682073715328
1.743125,1.1281496,0.5767611672935634
0.7875,1.2947168,0.5571530632036924
0.5125,0.55615866,0.5461414638728648
0.45125,0.54711694,0.5373209018071741
0.505625,0.4933358,0.5319231938450784
0.485625,0.51414496,0.5646881861751526
0.491875,0.53441095,0.5764935543628037
0.48625,0.54883677,0.5774189867881685
0.49375,0.55214906,0.5786688438279182
0.460625,0.5632318,0.5790501797955483
0.41812499999999997,0.5531911,0.5777762027076632
1.4100000000000001,0.54060024,0.6563784561002999
2.1887499999999998,1.3842641,0.6844656541363895
2.179375,1.810121,0.6799148389387876
2.16875,1.6059034,0.674335632597953
1.608125,1.662325,0.6705297481431811
1.6212499999999999,1.061814,0.6679428231458365
1.5787499999999999,1.2966843,0.667141678737104
1.6325,1.1937035,0.6712305252441764
1.61625,1.3411559,0.685606173602566
1.59,1.3453301,0.7054178030572831
1.650625,1.3897152,0.7303448761091381
1.64375,1.4996756,0.7905895801389962
1.7231249999999998,1.519562,0.6326896784122288
1.72625,1.3046807,0.5596719138503075
0.831875,1.2557268,0.5487891873386502
0.49375,0.5914706,0.5400323141603917
0.4856250000000001,0.5470056,0.5327939076488465
0.49124999999999996,0.52011377,0.5278339486595243
0.49625,0.50580376,0.6384992212457955
0.46249999999999997,0.6072317,0.6888409511324763
0.47500000000000003,0.60573536,0.6967013957449049
0.475625,0.6304575,0.6998479656607657
0.6025,0.63827276,0.6987829957668483
1.03875,0.6994644,0.6936654591076821
2.229375,0.92888147,1.0046691604278237
2.43,2.2609386,1.1603293861147017
2.4625,1.9828707,1.185077053849846
2.466875,2.0687895,1.192631313388422
2.4125,2.0099752,1.1958746625056864
2.36875,1.9502041,1.2000647733470797
2.231875,1.9368303,1.2105118439479918
2.196875,1.8424087,1.2261761208284647
2.228125,1.9094195,1.2621784820985795
1.4325,2.0048542,1.3501806770602613
2.30625,1.2913867,1.5418860222844035
2.84125,2.7224743,1.800884408083856
1.923125,2.8759203,1.3676343226356804
0.41624999999999995,1.1702363,0.8603940958090127
0.45562500000000006,0.50923324,0.6728514522806555
0.47624999999999995,0.62570715,0.6275199148719758
0.4375,0.55372655,0.6046034770723432
0.48125,0.54468,0.5908482721009105
0.41999999999999993,0.5571774,0.6527551663900911
0.4781250000000001,0.60027367,0.6912216596852243
0.45187499999999997,0.6473211,0.708024462639466
0.45374999999999993,0.6310237,0.7190108455563337
0.575,0.6417856,0.7221705718620867
0.9099999999999999,0.68732786,0.717239018714577
1.264375,0.8167816,1.0152620975181834
1.251875,1.2765046,1.1587097547832876
1.1912500000000001,1.1965396,1.1766521801771224
1.615625,1.179742,1.180087791992128
2.5675,1.5578538,1.1826977406717838
2.550625,2.3992984,1.1889254972325265
1.370625,2.0397072,1.2033857650986315
0.8525,1.1175525,1.2246819735491277
0.928125,1.0490195,1.2646354379109295
1.0262499999999999,1.121142,1.3685533762053401
1.175,1.2115312,1.5820107190540433
1.86125,1.4810305,1.8410991065207123
0.8812499999999999,2.2697737,1.4069500010965765
0.55375,0.6110277,0.8906594737292082
0.5275,0.64295197,0.6868384887891262
0.578125,0.60259914,0.6349847707610577
0.56375,0.6176005,0.6097518116442113
0.51625,0.5943973,0.5944093679679929
0.573125,0.5765489,0.6524574532339722
0.564375,0.6649049,0.6911942505396157
0.55125,0.650099,0.7106750765242428
0.56375,0.6495391,0.724468056281805
0.621875,0.6557448,0.7297667923108488
1.088125,0.6791745,0.725705653958246
0.9575,0.9655768,1.0177074916545674
1.0518750000000001,1.0613593,1.15661699176386
1.11625,1.1639698,1.1718861782690884
1.2875,1.1566083,1.1731646404898912
1.281875,1.2698761,1.1749428461873532
1.3,1.2169818,1.1808500652489067
1.314375,1.2537142,1.1961392853478343
1.275,1.2665551,1.2206708693459631
1.049375,1.25241,1.2718201224970818
1.198125,1.1401246,1.3907854823913426
1.345,1.3797452,1.6124101526136696
1.5,1.5658796,1.860022779327333
0.550625,1.7676417,1.4271155573733152
0.9387500000000001,0.5381121,0.9099574059604109
0.4575000000000001,0.8903926,0.6966035201776772
0.4875,0.5149645,0.6412067464838177
0.45374999999999993,0.6042989,0.6151930752304196
0.48937499999999995,0.55242485,0.5993101232028007
0.456875,0.5781209,0.6516671728138625
0.45875,0.6219237,0.6885523079118132
0.47875,0.6343209,0.708737100425288
0.4925,0.64061683,0.7233626205220073
0.535625,0.6431677,0.7296206766473502
1.045,0.65677416,0.7260802123916894
1.018125,0.93534344,1.0143796226992086
1.126875,1.0851035,1.1505140215678513
1.226875,1.183867,1.1653443627344817
1.1256249999999999,1.2046505,1.1670944615989924
1.174375,1.1327693,1.168742997120321
1.201875,1.1884238,1.1746131390830874
1.118125,1.1895899,1.189411685640812
0.8568749999999999,1.1494566,1.2156437330324947
0.894375,1.0414866,1.2772979648339748
1.07625,1.1352137,1.4061141716599466
1.065,1.2943702,1.6121838029057534
1.0025,1.3301728,1.842711362300217
0.49625,1.3594688,1.412273156182617
0.484375,0.5623706,0.9019992851199955
0.431875,0.6061725,0.6960975971845537
0.4775,0.558852,0.6430139560408145
0.471875,0.58235526,0.6176266086819767
0.4475,0.5681601,0.6022975207348913
0.44625,0.56169784,0.650102459443286
0.4881249999999999,0.62071615,0.6849033034395426
0.46874999999999994,0.6388934,0.7045366239433736
0.43437499999999996,0.62449735,0.7187256907723844
0.584375,0.6128458,0.7246818476175516
0.905625,0.6778172,0.7207671239373088
0.9175,0.80138344,1.0081834115733206
0.955625,1.0615036,1.142184432052225
0.9612499999999998,1.0924761,1.1556896656157076
0.9099999999999999,1.0812708,1.1567189537855238
0.94375,1.0570703,1.158483803753853
0.9325,1.0783433,1.1670207060799003
0.94,1.0692503,1.185354534073025
0.91375,1.0895935,1.2161331108686328
1.28,1.0897279,1.287408451126814
3.143125,1.4365495,1.4200870550823212
2.985,3.3430939,1.6115283754820378
1.715625,2.4687612,1.823340172898024
1.02,1.5680605,1.3895150934097917
0.631875,0.75633514,0.8859864137421921
0.4475,0.61655617,0.6908111205188184
0.505,0.5515777,0.6411659816090762
0.47437499999999994,0.56768066,0.6164813050740212
0.5293749999999999,0.54352677,0.6019509694647789
0.531875,0.5784855,0.5877883150851726
0.47,0.5679269,0.5854232546628266
0.54625,0.562232,0.5891046517617256
0.4525,0.6025792,0.5928374783847481
0.5375,0.5583883,0.5947680789317935
0.46312500000000006,0.59912556,0.5942661427234858
0.439375,0.5488481,0.679033161476776
0.36624999999999996,0.61086714,0.7090827546688169
0.42749999999999994,0.5644749,0.7041923650745302
0.38625,0.5972381,0.6987984445580094
0.4325,0.5708809,0.6961847084327787
0.39625,0.6117036,0.6983783371080458
0.383125,0.5999487,0.7106643122052401
0.415,0.61862224,0.73130240215227
0.8925000000000001,0.6457854,0.755909535722658
0.950625,0.9981123,0.7891284235040098
0.9112500000000001,0.8858663,0.8445555964320899
1.01375,0.9151895,0.9409956221171469
0.54375,1.0599067,0.7171512097790091
0.47500000000000003,0.5243716,0.5829791562315076
0.490625,0.538988,0.5575819415802509
0.51875,0.5181441,0.5454485606718809
0.48250000000000004,0.5236772,0.5354499036931246
0.494375,0.50488853,0.5292496559476108
0.5025,0.5160207,0.5637497966991365
0.49750000000000005,0.55634284,0.5767296716935187
0.52,0.55835897,0.5784803685757517
0.491875,0.56994605,0.5799513925031572
0.4856250000000001,0.55751216,0.5800703980299085
0.41999999999999993,0.5574383,0.5785825299366563
0.4375,0.5286226,0.6528112803863734
0.890625,0.60628104,0.6798195547816902
0.915625,0.8172271,0.676501951797232
0.93625,0.73766744,0.6717702362386136
0.389375,0.7848402,0.66755989246428
0.42625,0.521546,0.6645099024105817
0.375,0.6059498,0.6641108252505212
0.398125,0.54657924,0.6686455936392396
0.405,0.578288,0.679160937930122
0.3675,0.5814885,0.6969230609806627
0.40874999999999995,0.582125,0.7269038821346312
0.44062499999999993,0.62027794,0.794016421027407
0.49499999999999994,0.6560911,0.6420072928748279
0.498125,0.5404755,0.565932661055401
0.491875,0.53733426,0.553989449782744
0.52,0.53490734,0.5451146674435585
0.50375,0.54072905,0.5374456881719082
0.48312499999999997,0.5270639,0.5322574857518821
0.49499999999999994,0.517741,0.6471257265605778
0.505,0.6307331,0.69879605248712
0.47875,0.6325359,0.706102832358256
0.51625,0.6222193,0.7086299555833637
0.593125,0.64470845,0.7076738249149173
1.025625,0.6734595,0.7031998549946398
1.0943749999999999,0.9150603,1.0090884117265047
1.083125,1.1456722,1.162408195387274
0.9425,1.1554536,1.1872219440807403
0.929375,1.0772727,1.1947547746509315
0.84625,1.0874144,1.1984547102992238
0.87625,1.0365063,1.199477220934853
0.8512499999999998,1.0644971,1.2090549731066824
0.8556250000000001,1.0518516,1.226857263014242
1.8575,1.075136,1.2615264434419573
4.375,2.0333183,1.3524458685229719
4.495,4.228771,1.5622742404931038
3.9075,3.4996073,1.841168775585368
0.7018749999999999,3.248485,1.4134367990007253
0.44875000000000004,0.49239385,0.8957043512351066
0.59625,0.6796214,0.687967147570476
0.40874999999999995,0.5735163,0.6362074179944396
0.4675,0.4951493,0.61206703725636
0.431875,0.53307897,0.5973519141709059
0.424375,0.5240328,0.6611847245349735
0.44375,0.6589586,0.7013093216349929
0.4225,0.7010621,0.7186041935051232
0.418125,0.6982421,0.7297021067272126
0.565,0.6938343,0.7331760913460701
1.2325,0.73225677,0.7283664341443031
4.406875,1.07425,1.0200793794459104
5.415625,4.19612,1.1603075584678353
3.055,3.8940666,1.1774018950617313
2.9125,1.8140332,1.1807164082879573
2.82125,2.5094118,1.1839317502418907
1.43875,2.1217546,1.1879048803196848
0.944375,1.1234109,1.2025712649607658
0.9099999999999999,1.100808,1.2244756574349105
0.8693749999999999,1.0896477,1.2724631908878685
1.0175,1.1493428,1.3881419450496137
1.591875,1.4218765,1.6148562444373966
2.521875,2.095713,1.8808276165492832
0.41562499999999997,2.8238854,1.4488583853928
0.46,0.45540264,0.9246217972090841
0.41624999999999995,0.74463093,0.7015139433656633
0.41999999999999993,0.5629123,0.6432025309626013
0.44187499999999996,0.57400006,0.6168919439100474
0.46124999999999994,0.54886585,0.6007291195883602
0.41125,0.54505765,0.6572891374218464
0.4375,0.5719073,0.6959778939704596
0.42374999999999996,0.59818816,0.7156071280198544
0.42812500000000003,0.6073608,0.7292638594063371
0.573125,0.63315326,0.7352747348731011
0.920625,0.70721835,0.7322558417409658
0.8925,0.8638054,1.0194733383191006
0.89125,1.0772724,1.155780364970267
0.918125,1.0895872,1.1714484292963148
0.90625,1.0811406,1.1738303338845075
0.81,1.061011,1.176224298496768
0.878125,1.0108019,1.1803893922634423
0.865,1.0557034,1.1957628331916035
0.8275,1.0446496,1.2198906555575133
0.8806249999999999,1.0524702,1.2788847051906587
0.8925000000000001,1.1249986,1.4106533255119622
0.82125,1.1792003,1.6361360074005276
0.9325,1.2218264,1.8890569384267926
0.45625000000000004,1.393099,1.4598946031198652
0.3875,0.55255175,0.9369979733127356
0.450625,0.58408827,0.7093397029501944
0.43875,0.5813629,0.649145431748256
0.42874999999999996,0.56616193,0.6223823446191102
0.43437499999999996,0.5611054,0.6058193467715383
0.456875,0.5600437,0.656050443379581
0.4131249999999999,0.62637234,0.6925180624376982
0.42124999999999996,0.6065171,0.7123413532380014
0.4475,0.61767405,0.7262143677007407
0.5475,0.6247155,0.7317659655567258
1.0,0.66438365,0.7279254957436769
0.9237500000000001,0.89417684,1.0143025282478333
0.9125000000000001,1.0528291,1.148668040528521
0.8675,1.0841417,1.1630896365819128
0.954375,1.0480685,1.165165655105114
0.9531250000000001,1.0951433,1.1678344088608028
0.8843749999999999,1.0746292,1.1737886719831825
0.868125,1.0516415,1.1903252573813499
1.00625,1.0629296,1.2211702141441405
0.9368749999999999,1.1589488,1.2948597519475222
1.0525,1.12849,1.4330863656526804
0.9418750000000001,1.2891992,1.6468002581042798
0.9500000000000001,1.2434572,1.880870474486053
0.586875,1.3532535,1.4501491069769115
0.519375,0.5979392,0.9311468184126541
0.464375,0.6104342,0.7088094605696946
0.44062499999999993,0.57390046,0.6504190101576596
0.43687500000000007,0.5684641,0.6241648361102491
0.410625,0.56364924,0.608217696847096
0.42124999999999996,0.55294514,0.6500133548026532
0.44875000000000004,0.61408746,0.683404471688047
0.416875,0.6260823,0.7034045763949305
0.46,0.60962117,0.717275398126021
0.5275000000000001,0.63137394,0.722792111614868
0.9106249999999999,0.6483969,0.7188947304485738
0.9325,0.8182513,1.001718042637557
0.894375,1.0570025,1.1337334449389578
0.9106249999999999,1.0576649,1.1483240806685389
0.9150000000000001,1.06342,1.1513350999006629
0.93375,1.0602863,1.154843570208177
0.828125,1.0694808,1.1630572439552844
0.889375,1.0217581,1.1819519129023701
0.826875,1.0805669,1.226348648941368
0.913125,1.0608828,1.3125420396321268
0.959375,1.1630592,1.4500334902172536
1.05125,1.2085962,1.6466699899104238
1.035,1.358156,1.8659915942142902
0.46625,1.3708024,1.429780324344188
0.784375,0.5517452,0.9149458206263558
0.506875,0.7392702,0.7026573532508313
0.41562499999999997,0.5543909,0.6475221126408874
0.43624999999999997,0.56864446,0.6219768886033445
0.45374999999999993,0.56258774,0.6068681701869517
0.41,0.5658091,0.5866938429836184
0.46375,0.53309274,0.5822097067620605
0.4175,0.5584802,0.5859070510002226
0.4175,0.53359485,0.5898499811830371
0.43687500000000007,0.54065734,0.5927643208833784
0.35,0.5430934,0.5931386799775809
0.369375,0.50764775,0.6768191005293279
0.315,0.59834546,0.7033162691112608
0.325,0.5632713,0.6964871060610562
0.34625,0.57761633,0.6903849332220107
0.329375,0.5839743,0.6873370362303406
0.339375,0.5793783,0.6890232468681782
0.31,0.5917321,0.7000533847483992
0.315625,0.58211905,0.7209116448868811
0.8468750000000002,0.5974195,0.7461329426581412
0.8543749999999999,0.9499628,0.7821780621954053
0.8768750000000001,0.8000985,0.8395200878705085
0.9299999999999999,0.9090492,0.9514039710705355
0.41437499999999994,0.9967554,0.7325178731729834
0.44625,0.48666424,0.5919484253708273
0.43687500000000007,0.5402632,0.5639922928855567
0.40874999999999995,0.50044477,0.5501324348127097
0.46124999999999994,0.4924351,0.5380995208816975
0.410625,0.5084835,0.5300121285436302
0.45374999999999993,0.48515883,0.559001635653153
0.41624999999999995,0.54491353,0.5703709492515773
0.443125,0.52590835,0.5721057986641674
0.42937500000000006,0.54406536,0.5739807835630327
0.411875,0.53416276,0.5754493157499283
0.39,0.5310419,0.5766507333541662
0.32625,0.5218436,0.6529716488055884
0.86125,0.55950874,0.6808163506552577
0.83375,0.8253485,0.6773819348756969
0.8775,0.7009301,0.6722051944620162
0.32499999999999996,0.7682662,0.6673104194044321
0.328125,0.50043637,0.6633884198419004
0.333125,0.5730943,0.6619161002094298
0.3275,0.54012585,0.6654723122651129
0.365,0.54853666,0.6723730381027608
0.340625,0.56847733,0.6851277594246715
0.34875,0.56419754,0.7171458276195078
0.4325,0.5912123,0.7969154116062075
0.543125,0.6625653,0.6528006157369911
0.40375,0.5590806,0.5728765438386798
0.45562500000000006,0.5034178,0.560162188713029
0.385625,0.53736335,0.5518570182543993
0.46187500000000004,0.49568713,0.544250432165116
0.445625,0.5281265,0.5386966415774822
0.42374999999999996,0.5055889,0.6558986465477198
0.44812499999999994,0.6142381,0.7082564935157448
0.41624999999999995,0.6252451,0.7154231379006057
0.4231250000000001,0.60922396,0.7179212572661787
0.548125,0.6199855,0.7170797466611862
0.974375,0.6725556,0.7126379700282961
1.19625,0.87765837,1.011479585589394
1.219375,1.2198513,1.161732435360998
1.149375,1.2102159,1.186560835488662
1.21375,1.1667277,1.1947944431598485
1.038125,1.215704,1.1989056156618894
1.368125,1.0884564,1.199605495736301
1.6325,1.3834834,1.2035382596178354
1.074375,1.5097957,1.2183279355793446
1.065,1.0677911,1.24669440789178
1.13375,1.2111489,1.3248449585647881
1.143125,1.2545251,1.5042601425676794
2.598125,1.3703364,1.7576907840326428
1.9287499999999997,3.0620832,1.352797104265243
0.963125,1.0853012,0.8697701166691632
0.4775,0.7173867,0.6863968527011572
0.47875,0.5816676,0.6413267487067729
0.43125,0.5881177,0.6189184266319125
0.46937500000000004,0.5427469,0.605319304286018
0.418125,0.5602603,0.669651459448263
0.46312500000000006,0.60135543,0.7084496532400697
0.423125,0.6469601,0.7244114439374209
0.4775,0.632275,0.7347622336850315
0.535625,0.6715399,0.738113225992322
0.9937499999999999,0.6855903,0.7338212527988851
1.17375,0.9111171,1.0184292492106557
1.080625,1.1852986,1.156215721872151
1.121875,1.1246161,1.1747154001136124
1.1600000000000001,1.1624011,1.1793538249075413
1.243125,1.1634537,1.1834289170069994
1.108125,1.2149636,1.1872281235972046
1.035625,1.1190082,1.1950440158893167
0.93125,1.12182,1.2130065745464713
0.9450000000000001,1.0807172,1.2487906593479217
1.063125,1.1360861,1.344139103350416
1.165,1.2587698,1.5394118236277252
2.35625,1.4333141,1.7869491997779905
2.9825,2.778653,1.3804833314184846
0.75625,2.2929385,0.8892104767879099
0.535,0.5337757,0.6963773698090017
0.55375,0.69128096,0.6476958367892355
0.500625,0.5889197,0.6236461554057151
0.5599999999999999,0.56908923,0.6089149855113775
0.5075,0.58301747,0.6656021817804872
0.520625,0.6146847,0.7025486136949807
0.535625,0.65388733,0.7204985143103451
0.5375,0.6745031,0.7330349591635912
0.62625,0.68777204,0.7380640888694674
1.038125,0.7292636,0.7347049236533045
1.21625,0.9361303,1.0157716584524512
1.15375,1.2047546,1.149256689306572
1.255625,1.150873,1.1653031991812588
1.155625,1.2231761,1.1687761871039124
1.085,1.127526,1.1724134305609764
1.028125,1.118038,1.1774022937402129
1.12375,1.0947992,1.1863900017593056
0.9662499999999999,1.1761916,1.2053079933975637
0.9718749999999999,1.0773956,1.2480050633999706
0.9925,1.1576395,1.3542644404166937
1.1556250000000001,1.2088367,1.5482464391098918
2.85375,1.4591244,1.7831596611409632
0.8025,3.2254848,1.3785275144574791
0.7562500000000001,0.5095396,0.8908754577966035
0.5625,0.8179979,0.7000413247243314
0.5125,0.58274853,0.6518955159141868
0.558125,0.60099286,0.627929557011798
0.4806249999999999,0.5931989,0.6133345358189195
0.56625,0.559064,0.6566379957918077
0.5131249999999999,0.657075,0.68834190534316
0.5506249999999999,0.63281536,0.7065231391474605
0.516875,0.6750035,0.7197410251953452
0.6231249999999999,0.6570774,0.726015227799192
1.079375,0.7116517,0.7237634917352348
1.2037499999999999,0.95523167,1.0060009458955377
1.1675,1.1788182,1.1395747823814304
1.2125,1.1594498,1.1560077113743872
1.15625,1.1892741,1.1594182064450533
1.1075,1.1386846,1.1623287586998194
1.14625,1.1271634,1.1667719307073952
0.9406250000000002,1.1614858,1.174708722249046
0.9412500000000001,1.0424348,1.1945538406962157
0.8812499999999999,1.1060187,1.2471903639228643
1.085,1.0937719,1.3639582080266626
0.9881249999999998,1.327922,1.5507101724564285
1.001875,1.2445387,1.7768901430092752
0.9143749999999999,1.3820709,1.3719528079481424
0.4131249999999999,0.73739564,0.8853269496988506
0.45499999999999996,0.5483613,0.698934194580987
0.468125,0.605245,0.6524853607276827
0.416875,0.57532716,0.6288806045296043
0.431875,0.5576583,0.6147295118259638
0.44999999999999996,0.5638568,0.6466788079827278
0.43,0.6060275,0.6733433218573034
0.47687500000000005,0.60147005,0.690696101776883
0.42937500000000006,0.62906104,0.7034954750887304
0.56375,0.6027434,0.7091795338702201
0.89125,0.6697046,0.7069326816176623
1.144375,0.79735833,0.9860308417443931
1.463125,1.1644592,1.1134505775190144
1.370625,1.3972414,1.127204985133484
1.16625,1.2133913,1.1307377748283745
1.205,1.1256785,1.134439305190593
1.20625,1.1781089,1.139290125945583
1.005,1.159049,1.147191833780855
0.92125,1.052002,1.1763420083184541
1.0975000000000001,1.0698524,1.2377927147550882
2.12,1.2298027,1.3488935435824843
2.438125,2.3153934,1.5152261928819866
3.000625,2.312447,1.725278921167627
1.529375,2.9846816,1.3234085199956596
0.45875,0.8000587,0.8555882260528207
0.7475,0.5888229,0.6891294946835189
0.466875,0.7148959,0.6484986755815147
0.39312499999999995,0.5273797,0.6261255368826538
0.45562499999999995,0.54292643,0.61288014201954
0.451875,0.55399275,0.5835351133740693
0.389375,0.52122885,0.5749292396707087
0.45374999999999993,0.5107267,0.5779106570255756
0.44,0.5532116,0.5817807287158817
0.43687500000000007,0.5482275,0.584588023243919
0.41125,0.5546458,0.5853086345993727
0.345625,0.5438711,0.6735403686968237
0.304375,0.5884021,0.7033158704327792
0.35375,0.560468,0.6958074589195847
0.31625000000000003,0.5714763,0.6864944292595238
0.346875,0.54135054,0.6789532264412194
0.350625,0.5638518,0.6740043307797611
0.294375,0.5643532,0.6731716907709837
0.345625,0.55149794,0.6863324661263823
0.906875,0.5956096,0.7097120686519891
0.9237500000000001,0.98838496,0.7354774628809839
0.935625,0.822344,0.776933745779097
1.091875,0.92156535,0.8611186939492822
0.7737499999999999,1.1001672,0.6849194499180465
0.53125,0.6101701,0.5843259918119013
0.485,0.55284345,0.5658020938526839
0.47,0.531417,0.5546458739026635
0.446875,0.512876,0.5448329014267027
0.44375,0.4989846,0.5380209812208264
0.44250000000000006,0.49802518,0.5570245890630037
0.44125000000000003,0.5241636,0.5644374174102396
0.40249999999999997,0.52787805,0.5663915399876982
0.453125,0.5205991,0.5690547122446448
0.45187499999999997,0.5467082,0.5712985744085908
0.413125,0.54193395,0.5725273014888167
0.425,0.53081447,0.6474498521661013
0.8512499999999998,0.60325736,0.6758685513596236
0.8549999999999999,0.7877286,0.6740273544620722
0.850625,0.71226513,0.6698924605903774
0.36,0.73143786,0.6654454014676063
0.334375,0.5158856,0.6612838958072662
0.321875,0.559498,0.6581348341508955
0.345,0.5292158,0.6576633968464285
0.344375,0.5518928,0.6616313441039622
0.44125000000000003,0.55341893,0.6683392092261463
0.55,0.60577244,0.6822722248003631
0.44125000000000003,0.6588956,0.7248106207671016
0.43375,0.61143667,0.6174431169108301
0.41562499999999997,0.5347555,0.5688550739949941
0.426875,0.5217652,0.5623575117718428
0.4656249999999999,0.52494824,0.5564933499862998
0.394375,0.5312449,0.5508817510188371
0.439375,0.4978127,0.5464926996151358
0.465625,0.5172459,0.6650810093354433
0.40874999999999995,0.6326482,0.7176189593075215
0.438125,0.6104507,0.7241902770497649
0.456875,0.6341294,0.7262530395134538
0.5543750000000001,0.63768995,0.7249037121925502
0.9450000000000001,0.68135357,0.7203228964392095
0.95875,0.8564708,1.0085922065213695
0.930625,1.0856707,1.154070632302016
0.9606249999999998,1.0909939,1.1794136266797781
0.9175,1.0990866,1.1885787466231734
0.9243750000000001,1.0689849,1.1935306323732435
0.8568749999999999,1.0770067,1.1946291909292341
0.9425,1.0397162,1.1953399349922686
0.96875,1.098721,1.198845415211171
1.04,1.0970235,1.2182897621147335
1.0543749999999998,1.1620959,1.2590624110865594
1.520625,1.1810051,1.3640157173976302
2.8475,1.6944501,1.5398686094979943
2.648125,3.0214267,1.172768653088063
0.8175,1.778427,0.7872861302406341
0.43624999999999997,0.605058,0.6699769804284721
0.42749999999999994,0.6207468,0.6424684642083942
0.4475,0.5564802,0.6250851853849738
0.45374999999999993,0.55212486,0.6148751291413604
0.43500000000000005,0.5449243,0.6781472978907078
0.4475,0.6084063,0.7144635187954456
0.423125,0.6428517,0.7276985480180382
0.4674999999999999,0.65059406,0.7355806209380924
0.5549999999999999,0.68504435,0.7366384146193414
0.8956249999999999,0.7140826,0.7314216070182621
1.28375,0.8495111,1.0098862670377642
1.235,1.2825735,1.1454461203796418
0.9850000000000002,1.1690367,1.1651412360481173
1.08875,1.0614796,1.1714459375558048
1.279375,1.14641,1.1771945822513104
0.9456249999999999,1.2364578,1.1821051051089169
0.88,1.0167885,1.1875329132963717
0.91875,1.0624504,1.1938303389217706
0.905,1.0807546,1.2117725649763644
1.15875,1.0902399,1.262615234375149
1.06875,1.331985,1.3827571941381693
3.871875,1.2335849,1.5559841904196143
4.9075,4.1594768,1.188340735569671
1.4637499999999999,3.6641407,0.7985180991021543
0.491875,0.6912538,0.6774249921517074
0.4662499999999999,0.69155335,0.6483240544065833
0.4449999999999999,0.58145124,0.6299322186943889
0.43500000000000005,0.5434697,0.6190980312878638
0.425,0.525104,0.6688548998420685
0.46375,0.5620834,0.7005715671048313
0.44625000000000004,0.62130415,0.7149107363821565
0.41374999999999995,0.65718323,0.7243017076853663
0.563125,0.6733394,0.7278206433030218
0.975,0.7508556,0.7251697304093837
0.9912500000000001,0.928347,1.0050634534461051
0.9175,1.1075891,1.139045636366755
1.10125,1.0700474,1.1568645711009204
1.13375,1.1448843,1.1616536963608861
1.088125,1.113416,1.1656705814020336
1.234375,1.0964795,1.1696893601659686
1.203125,1.2133231,1.1758610027304293
1.24,1.1672288,1.1840765702003242
1.098125,1.2459388,1.2037453730890155
1.146875,1.14926,1.263276841315329
1.06125,1.2887967,1.380954170705229
2.535625,1.2360526,1.5501725545240195
1.8618750000000002,2.9053879,1.1864690397682787
0.970625,1.0434358,0.7976203748312592
0.44062499999999993,0.741995,0.6790546901147813
0.4662500000000001,0.5774136,0.6510748362598567
0.4149999999999999,0.59810865,0.6328396811909228
0.43,0.543149,0.622099980584532
0.45187499999999997,0.55353236,0.6574300702650845
0.43375,0.59112537,0.6822017583787441
0.453125,0.6038213,0.6955828035952151
0.44125000000000003,0.63392293,0.7048294532880932
0.55375,0.6368532,0.7085511169136315
0.9662499999999999,0.69169134,0.7064535697524249
0.935,0.87088424,0.9846335733360798
1.05,1.0519481,1.1152983526115121
1.0062499999999999,1.1250441,1.132805520773083
1.098125,1.0662316,1.139059789452851
0.8837499999999999,1.1297002,1.1443053019046039
1.114375,0.9963499,1.1493939343738557
1.078125,1.1789984,1.1565609774371983
0.8968750000000001,1.0966654,1.1661761057166755
0.959375,1.0405664,1.1921031640699506
1.0543749999999998,1.1244804,1.2573473959284276
1.455,1.202466,1.3693062805178018
3.4375,1.6311098,1.5267770048591496
3.128125,3.576304,1.1626559740635753
3.061875,2.0230482,0.7822558044993132
1.6325,2.3277028,0.6742833060472458
0.4475,0.8572189,0.6496148756603152
0.4675,0.5618616,0.6320704310607165
0.4124999999999999,0.59623665,0.6219685163552313
0.44062499999999993,0.51641124,0.6472582871557027
0.43124999999999997,0.56705296,0.6669878885128349
0.45374999999999993,0.5647835,0.6784846795557439
0.43437499999999996,0.6193951,0.686027576757595
0.53625,0.6417388,0.6886763965892047
1.0525,0.7070222,0.6861908355958014
1.089375,1.0002804,0.9654501614987105
1.075,1.114388,1.089184214380756
1.16125,1.1107976,1.1020622270230949
1.07875,1.1260103,1.1063005779607595
0.92,1.0494481,1.1095721335805953
0.875,0.9859633,1.1128285394181312
0.8837499999999999,0.98086596,1.1183219302158058
0.948125,0.99848425,1.1268257422278822
0.961875,1.0570638,1.1507162512276323
1.0631249999999999,1.0879622,1.1980034062580764
1.41875,1.2172889,1.2824163985197246
3.01875,1.5834895,1.4135050726906955
3.3968750000000005,3.1867015,1.0670134050112963
1.42875,2.4732108,0.7475737666905671
0.69125,0.7750827,0.6658382991112023
0.693125,0.7015055,0.6457204845826328
0.598125,0.6590311,0.6303202325265854
0.4987500000000001,0.58902115,0.6214982750862091
0.53,0.5524404,0.5963340880074351
0.535,0.5478042,0.588294437417537
0.515625,0.5508463,0.5890390691515058
0.53,0.5576149,0.5897364574854076
0.53625,0.5784396,0.5893616997127235
0.49750000000000005,0.5874025,0.5873132896743715
0.453125,0.57646936,0.6741365923660249
0.95875,0.66009456,0.7081334015345573
1.9337499999999999,0.8927741,0.7085219137148558
2.643125,1.7293293,0.7082718426372856
2.801875,2.1707067,0.7090607276827097
2.8118749999999997,2.1777444,0.7131188759467005
2.696875,2.2092938,0.724340778176561
3.3475,2.1063437,0.7401529647736996
4.329375,2.9255786,0.7576447838137298
5.30875,3.7815754,0.7800018757037073
6.5125,4.491524,0.8138599447606504
5.82625,5.3427625,0.8760211959210784
1.10125,4.286507,0.6714544828812032
0.48624999999999996,0.52313185,0.5708824537434428
0.47624999999999995,0.7565177,0.555635094885081
0.4468749999999999,0.47518808,0.5462429275464267
0.47062499999999996,0.4844699,0.5388418602143973
0.4731249999999999,0.47373867,0.5343916116637736
0.439375,0.49448898,0.5656753140955418
0.5231250000000001,0.5459894,0.576946652457118
0.45749999999999996,0.6131685,0.577187553929612
0.466875,0.5774758,0.5775846376972645
0.485625,0.59363365,0.5771760919232666
0.45562500000000006,0.5880751,0.5755260613576323
1.340625,0.5605908,0.6558195088691264
2.98875,1.1785893,0.6853994588098674
3.06,2.6536322,0.6824963817766309
3.01625,2.1792595,0.6781063336767256
2.36,2.3553245,0.6738999766872078
0.65375,1.60446,0.6710611865591257
0.556875,0.5443149,0.6699689071892202
0.59375,0.6745249,0.6746751073250175
0.6481250000000001,0.592393,0.6894861125852912
0.9243750000000001,0.6937965,0.7089224859192222
0.686875,1.014138,0.7332271221917123
0.49124999999999996,0.72387123,0.7867823999791592
0.4475,0.7102923,0.6279700228776782
0.504375,0.53991425,0.5567640526752918
0.46312500000000006,0.56132936,0.5463609363769739
0.48875,0.53544724,0.5382717499857396
0.46187500000000004,0.5414091,0.5321039945364743
0.498125,0.51465166,0.5281760147967189
0.4987500000000001,0.5199296,0.6365693183860928
0.4675,0.6061857,0.6856508255925029
0.459375,0.59429437,0.6931306319246441
0.4806249999999999,0.5970979,0.6956694164953381
0.5856250000000001,0.616376,0.6943675319137423
1.0531249999999999,0.66896105,0.6891221191316098
0.9975000000000002,0.9563734,1.0022842657510191
0.943125,1.1012259,1.1580792447646708
0.9518749999999999,1.1081764,1.1819937741429358
1.060625,1.0997381,1.1884416012255103
1.094375,1.145106,1.1909306506556272
0.969375,1.1360939,1.1932063074284793
0.8587500000000001,1.068615,1.2019830148611963
1.233125,1.0427277,1.2153834956536442
4.8025,1.3286248,1.246953150226325
4.92125,4.798532,1.3213452591838688
4.913125,3.5346782,1.491557050109133
5.03125,4.063467,1.7306208141423016
4.953125,3.9957187,1.3041164682720603
4.5275,3.4557498,0.8215691905589402
1.3687500000000001,3.0135677,0.6600181912978739
0.468125,0.6303326,0.6224187240305542
0.43875,0.5926492,0.6011034786825626
0.48624999999999996,0.5011792,0.5884637761025876
0.48625,0.5060393,0.6506071864009648
0.43375,0.5847015,0.6881985804290324
0.4675,0.66120934,0.7037504299777001
0.4781250000000001,0.7644297,0.7136542014778405
0.5662499999999999,0.76119053,0.7165440224515647
1.8300000000000003,0.78145087,0.7116160574103891
3.6568750000000003,1.7463372,1.0119032811456918
2.774375,3.1658792,1.15641496144332
2.556875,1.7772723,1.174556427069083
2.54,2.0734692,1.178149217875451
2.3375,1.9471523,1.1806050773219765
2.26375,1.8357782,1.18648199681893
2.186875,1.8757163,1.2002843455208094
2.278125,1.8923289,1.2210157262325287
2.3725,2.12092,1.2577435826694965
4.31125,2.2596397,1.3520841674705595
4.840624999999999,4.2819753,1.5496072284371407
5.0575,3.973739,1.7951482220908999
5.023125,4.1990004,1.3634806908753514
4.9775,3.5879688,0.8623025697003306
3.390625,3.4969835,0.6767610928102582
1.16625,2.005163,0.6305044219850748
0.538125,0.682886,0.6064509531559795
0.49124999999999996,0.57658756,0.5920081274734437
0.499375,0.5126137,0.6510446363648772
0.51,0.5450023,0.68941255640544
0.471875,0.59628767,0.7077262511352449
0.5237499999999999,0.6752384,0.7202452538049221
0.629375,0.7914261,0.7250187309344858
1.3325,0.84101427,0.7209135386096686
3.0231250000000003,1.325029,1.014318874065578
3.10875,2.7935627,1.1536816217736154
2.784375,2.2774465,1.1692060621766747
2.63125,2.103423,1.1708634682942183
2.60375,2.0030942,1.1728529735869169
2.491875,2.0171714,1.1788122201903164
2.244375,1.9597158,1.193786284949556
2.40125,1.8361095,1.2189137936080248
2.96875,2.1942794,1.266139851161167
4.694375,2.8806748,1.3794830471082031
4.851875,4.4504166,1.5956748259924354
5.005,3.9734602,1.8406681350821255
4.603125,4.2256513,1.4073283469755948
4.220000000000001,3.182511,0.8943608545869962
2.585625,2.9138973,0.6899432971340418
0.45437500000000003,1.4833497,0.6374880729468911
0.464375,0.47906142,0.612036239343658
0.451875,0.60537964,0.5965890428964048
0.45499999999999996,0.48685032,0.6495959384324401
0.450625,0.54480064,0.6864178829910605
0.47250000000000003,0.59432834,0.7060442266214638
0.451875,0.69990915,0.7201155836287886
0.575,0.7361279,0.7261935367500781
1.733125,0.799257,0.7226447999159247
3.390625,1.7163574,1.0122799326411636
2.52625,2.9956484,1.1489596738377958
2.525,1.64736,1.1637555293157698
2.543125,2.1087599,1.1648660482262077
2.6174999999999997,1.9235991,1.1663330853687972
2.293125,2.0592477,1.1717698638220877
2.148125,1.7740848,1.1865276455050708
2.28375,1.8324677,1.213593130262494
2.3725,2.0836296,1.2708279114260526
2.50375,2.2371817,1.395128586100042
3.5025,2.4911718,1.598753919575289
4.835625,3.533585,1.8280181665312498
4.381875,4.327883,1.3965385125501455
4.286875,2.9491596,0.8890937138276175
1.9156250000000001,3.1418297,0.6903630059055239
0.44937499999999997,0.8751561,0.639700339841172
0.485,0.5675243,0.6146771852752566
0.44437499999999996,0.5805089,0.5997227554312348
0.46125000000000005,0.49652815,0.6493453690067679
0.44187499999999996,0.5493917,0.6845889454568177
0.48625,0.5670663,0.7037889024511724
0.471875,0.6814898,0.7174432417667657
0.546875,0.7198127,0.723091319815293
1.281875,0.7687576,0.7187172188546508
2.425,1.2753075,1.0061829924571888
2.451875,2.2561321,1.1404840683282913
2.55375,1.8830041,1.1541898371680082
2.3775,2.065017,1.1554030157874524
2.410625,1.794184,1.1575429225373268
2.291875,1.9183928,1.1664083359321953
2.113125,1.8032937,1.1842852783854307
3.4843749999999996,1.7516129,1.2105498180733623
4.67875,3.455284,1.2769844042082132
4.786875,4.1234775,1.4071561178715528
7.350625,3.9610903,1.5958101773369313
7.380624999999999,6.118611,1.8047811912324279
6.083125,5.099645,1.3706547108121216
3.7312499999999997,3.9962013,0.8723045157765598
0.666875,2.2017124,0.6849666933181137
0.505,0.52657586,0.6377899722270667
0.514375,0.6682158,0.613653079925701
0.510625,0.5011891,0.5996342488083243
0.47,0.52140427,0.5874399697618932
0.501875,0.49505642,0.5859778164307028
0.50875,0.5645397,0.589646655157432
0.48937499999999995,0.62775487,0.5936452009884268
0.50125,0.64056647,0.59567118536219
0.48875,0.62250674,0.5945773112783581
1.633125,0.6146023,0.6792560227479786
4.001875,1.5326939,0.7096971182089299
2.559375,3.5966694,0.7052895282558351
0.588125,1.2527386,0.7002607972284406
0.38125,0.5858072,0.6978582610288262
0.383125,0.5953422,0.7000320554496348
0.334375,0.5282768,0.7131327300239354
0.3625,0.5130443,0.7343803993692993
0.8574999999999999,0.57216156,0.75946544876948
0.88625,1.1301509,0.7932319214452803
0.921875,1.004938,0.8477147247201204
0.9981249999999999,1.110129,0.9398327766560018
0.4575000000000001,1.1463636,0.7139120467858016
0.42625,0.539159,0.5813114841430634
0.46187500000000004,0.5698557,0.5571585450328141
0.466875,0.53788525,0.5455075650871545
0.424375,0.5168159,0.5359756609407067
0.43437499999999996,0.482758,0.5301891417894512
0.44375,0.48254988,0.5644657235824316
0.43500000000000005,0.51799774,0.5770160225129127
0.46,0.5184234,0.5785631940302998
0.43875000000000003,0.53499335,0.5803021298973262
0.438125,0.5343254,0.5807087819485366
0.396875,0.544713,0.5791586203425377
0.37124999999999997,0.5317004,0.6547555356714129
0.85375,0.6127411,0.681285096879974
0.8687499999999999,0.8222074,0.6770929926461726
0.9074999999999999,0.73137575,0.6722107759607583
0.390625,0.76785636,0.6683908380895107
0.3825,0.5246938,0.6656744422552734
0.368125,0.57154447,0.6651583529608697
0.35562499999999997,0.533268,0.669662323436886
0.33125,0.54376835,0.6820324196936934
0.32875,0.54825765,0.7007132973050326
0.340625,0.5723179,0.7282070624212921
0.39249999999999996,0.5978511,0.7925562610886245
0.45875,0.65144,0.6380713395654409
0.43500000000000005,0.5303917,0.5630516110082715
0.465,0.5202941,0.5514451833829284
0.443125,0.53390366,0.5427142243059724
0.446875,0.51680094,0.5353879091892391
0.443125,0.5153094,0.5303275828921794
0.439375,0.5049169,0.6432386113651841
0.45374999999999993,0.60195255,0.694526504958272
0.409375,0.6081878,0.7022180095641315
0.465625,0.58994865,0.7048003497589379
0.56625,0.6256671,0.7037837196309119
2.365625,0.66354054,0.6992576224991679
4.06125,2.404653,1.00732216638349
3.9050000000000002,3.5262566,1.1615097734290363
2.584375,2.903686,1.1862665110996367
2.56875,1.8167716,1.1938330300015212
2.42625,2.1881912,1.1975049584864825
2.470625,1.866594,1.2008739909950645
2.485,2.0514705,1.2119808744829894
2.231875,2.0759945,1.2300637343719603
2.199375,1.900532,1.2665046419718118
2.285,2.0466712,1.3594446692670883
3.253125,2.2263336,1.5638651669738441
4.83125,3.3942568,1.83490434060432
4.673125,4.4650683,1.4023650988887997
4.34,3.2608612,0.885005614842698
1.5075,3.0960927,0.6826126962236314
0.643125,0.7320897,0.6326784157451242
0.5081249999999999,0.68090475,0.608841628670767
0.42000000000000004,0.5471178,0.5944124577262252
0.445625,0.49920684,0.6576144590628147
0.46937500000000004,0.5522183,0.6970563192631304
0.4331249999999999,0.59360933,0.71437122472696
0.423125,0.6500961,0.725398073509708
0.558125,0.6989146,0.7286674363978952
0.974375,0.77295244,0.7236632240971177
2.293125,0.961303,1.0180846913329513
2.465,2.2591078,1.1596048876440526
2.55875,1.9255341,1.1769784985142946
2.688125,2.0870817,1.180471121352166
2.5168749999999998,2.1224961,1.1836978256428243
2.535625,1.9253914,1.1901289082291724
2.44875,2.0587792,1.2060475419808925
2.2075,1.9999433,1.2275906320811063
2.2775,1.8756111,1.274048137191385
2.31,2.1294281,1.3854564467976989
3.69625,2.2242315,1.604878916757405
4.80875,3.825423,1.8662192396272717
4.445625,4.2665987,1.4321039222044498
4.196875,3.1208973,0.9106224016676844
1.0875,3.0289369,0.695313097602427
0.46375,0.5965524,0.6395874141612649
0.4675,0.65704703,0.6137104896270483
0.43875,0.53526014,0.5979459451084583
0.411875,0.51136655,0.6551501276985555
0.45562500000000006,0.54042894,0.6939479228118807
0.46124999999999994,0.6058316,0.7140069322644174
0.4231250000000001,0.6716997,0.7275957886394113
0.5543750000000001,0.6919428,0.7327428275062143
0.98875,0.76632464,0.7291428604871779
2.065625,0.9621428,1.0186666124116257
2.44125,2.043956,1.1565164251168818
2.4675000000000002,1.9923359,1.1722296397809684
2.429375,1.96733,1.174092066307664
2.3137499999999998,1.9057819,1.1764704824591428
2.368125,1.8162147,1.1828910000657291
2.4725,1.9418002,1.1991272808976472
2.298125,2.0835876,1.2230883559886367
2.2262500000000003,1.9481475,1.2790154717326165
2.178125,2.0470357,1.4044932446234675
2.72625,2.1103852,1.6273476386222243
4.4325,2.8963172,1.8778604519501327
4.336875,4.2948284,1.4471343999688329
3.4037500000000005,3.02278,0.9265981959467009
1.1825,2.2684345,0.7041717334631085
0.75,0.70350057,0.6457179928421228
0.5225,0.71783346,0.6192666722855716
0.536875,0.5470521,0.6030324845156818
0.5231250000000001,0.5624787,0.6545971606446057
0.48375000000000007,0.581093,0.6914290721652656
0.521875,0.6049738,0.7118773911550641
0.53375,0.6865184,0.7262659965641051
0.6187499999999999,0.71529627,0.7320670674799382
1.119375,0.7619579,0.7284633130153269
2.42625,1.0617323,1.0146736979141833
2.35375,2.3592434,1.149505664018318
2.4387499999999998,1.7802521,1.1643794611394407
2.40125,2.032003,1.166684022102207
2.32875,1.8657156,1.169644807845652
2.265625,1.8471615,1.1776512684519589
2.263125,1.8266199,1.1932569395956398
2.330625,1.9097726,1.2205718974129112
2.385625,2.0548944,1.2882558422394097
2.41625,2.1938338,1.4220810455079378
3.4675000000000002,2.328182,1.632192578869611
4.89875,3.5273516,1.8638736147809027
4.4325,4.395369,1.433721061795354
4.309375,3.0001233,0.9192882764825225
1.70625,3.2010343,0.7037025885599106
0.554375,0.79759806,0.6474317122951895
0.5081249999999999,0.6345923,0.6215259832406789
0.5349999999999999,0.5749242,0.6058550284956395
0.484375,0.54565233,0.6504582799880951
0.525625,0.5578926,0.6840777399738133
0.536875,0.62158936,0.7039070109513401
0.5075,0.69063056,0.7179787666371464
0.746875,0.7231366,0.7235078391589224
1.389375,0.8578102,0.7196137470901012
2.638125,1.3000593,1.0058580196598919
2.57875,2.4524627,1.1404356288927795
2.5025,1.932846,1.15533673548989
2.495,1.996421,1.157183613555804
2.83875,1.9341369,1.1593516271386297
2.6075,2.3154216,1.1679182310115546
2.40875,1.973706,1.1853307130337507
1.395,1.9939293,1.2232638741901518
1.035625,1.1643854,1.301516785563305
1.1099999999999999,1.2145928,1.4350459700592608
3.535625,1.3909951,1.629731038254723
5.56625,4.0161586,1.8472956664902715
7.521875,4.8228765,1.413535970273018
6.19125,5.723009,0.9034332319486141
1.87125,3.782853,0.6981526850874722
1.1325,0.8821476,0.645403634859398
0.5549999999999999,1.0433336,0.6202887842427194
0.54,0.5255362,0.6054279441722482
0.46249999999999997,0.5654901,0.5881262947679311
0.5025,0.46907791,0.5844868585792183
0.46937500000000004,0.516877,0.5875424301316589
0.48000000000000004,0.5053759,0.5910661498910933
0.444375,0.57254297,0.5934432703375071
0.48624999999999996,0.5860562,0.5935419432616978
0.385,0.61938727,0.6777714437521993
0.7424999999999999,0.70037043,0.7077153871466219
0.4175,0.8274222,0.7024874165480584
0.3775,0.58036864,0.6962344435733556
0.446875,0.5936442,0.6929462431269139
0.44250000000000006,0.58222985,0.6946603612584621
0.420625,0.56353533,0.7058251527958362
0.41,0.55500174,0.7260949634955078
0.9275,0.57635576,0.7503296316944807
0.9237500000000001,1.0772407,0.7841476335640252
0.970625,0.9096583,0.8408773887610436
0.9906249999999999,1.0754455,0.9465146778420732
0.4599999999999999,1.0915273,0.7246587242656201
0.499375,0.5202435,0.5876896421609819
0.504375,0.5782788,0.5610130682623387
0.43437499999999996,0.5394026,0.5472579629605263
0.47500000000000003,0.5082497,0.535479804579243
0.49187499999999995,0.5152124,0.5286541299657523
0.480625,0.5078254,0.5610035996484011
0.49375,0.53825045,0.5737334035652131
0.4725,0.54614407,0.5756427744831144
0.44125000000000003,0.5396582,0.5775452681972086
0.499375,0.5348207,0.5785370805897563
0.47375,0.5609157,0.5778035121836513
0.381875,0.54527336,0.6526452307987958
0.9043749999999999,0.59167796,0.6799264006147533
0.8850000000000001,0.86490524,0.6766089969695359
0.9187500000000001,0.72737336,0.6716590049422532
0.39875000000000005,0.78468597,0.667136396247223
0.346875,0.5265184,0.6634921759167314
0.376875,0.56410885,0.6625603646356613
0.39875,0.54947585,0.6668844314468652
0.36312500000000003,0.56380236,0.6751374746940284
0.385,0.5544912,0.6917394433631747
0.39125,0.58777565,0.7250946791852265
0.45499999999999996,0.60612446,0.802746881756261
0.465625,0.67645,0.6522285121159255
0.50375,0.5304383,0.570894613437131
0.47125,0.54719,0.5578937081528454
0.450625,0.5304716,0.5491572672467678
0.48375000000000007,0.5236642,0.5413104773723334
0.49750000000000005,0.5293723,0.5356996757618337
0.471875,0.52452075,0.6520360500789434
0.46499999999999997,0.62127143,0.7041832951390743
0.475625,0.62127453,0.711404658145532
0.490625,0.62685186,0.7139521139732002
0.58625,0.63478994,0.7130579778086393
1.33,0.67776895,0.7086374308048934
1.101875,1.2492594,1.0112428702409566
1.09,1.0979496,1.1632815006011725
1.1525,1.1832471,1.1881058142744005
1.206875,1.1799108,1.1957741955283285
0.9906249999999999,1.2048287,1.1994803106930851
0.9912499999999999,1.0692351,1.20000676562801
0.985625,1.1125901,1.206739548155293
1.149375,1.100413,1.2229655630163103
1.7568750000000002,1.2249997,1.2535296507888287
3.401875,1.8040205,1.3354929631204158
3.613125,3.4022882,1.5278734703531116
3.9575,3.070589,1.7943320275694876
3.9418750000000005,3.5655408,1.3800930251850188
3.675625,2.7616935,0.8810295943459124
3.13125,2.52815,0.6870999222034215
0.46937500000000004,2.0869238,0.6391057108858973
0.524375,0.40794057,0.6159207631289213
0.5175000000000001,0.69444597,0.6017794380480795
0.47624999999999995,0.5096191,0.6662492369560897
0.4925,0.57225734,0.7056311957145482
0.499375,0.6327155,0.7223260564699023
0.485625,0.7097642,0.7333102466551215
0.63625,0.7365702,0.7370149664451927
1.0375,0.8108937,0.732459666114673
0.9925,0.9797205,1.0206530777809024
1.229375,1.1221379,1.1602440689196438
1.39375,1.2415166,1.1780040989081562
1.0318749999999999,1.2600119,1.1816350631791355
1.060625,1.043645,1.1850202421662213
1.21125,1.117748,1.188480372707844
1.1256249999999999,1.1858897,1.19995623313047
1.144375,1.1369442,1.2200444457817823
1.123125,1.2221235,1.2626026760029794
1.619375,1.2396204,1.3670100918031485
3.574375,1.8394635,1.578668098994866
4.04875,3.7213116,1.8386579981780051
3.770625,3.4270434,1.4206213839172572
3.671875,2.673756,0.9109350652668625
1.21625,2.584986,0.7003044525221734
0.499375,0.6610451,0.6460627500590682
0.48375000000000007,0.6272285,0.620804574528262
0.505,0.54440993,0.6052683731099963
0.49687499999999996,0.53265476,0.6619240737790614
0.45374999999999993,0.56606185,0.6993597838600725
0.505,0.6007233,0.7180368740258366
0.49687500000000007,0.7096804,0.7315106119892746
0.6,0.7341782,0.7372675292632729
1.619375,0.7888127,0.7340978359954804
1.139375,1.6099575,1.0183097453358025
1.14625,1.0963341,1.1534453051036597
1.2875,1.205838,1.1695430451632292
1.36375,1.2003059,1.1727054625487328
1.245,1.233253,1.1761345958384126
1.211875,1.1458815,1.1807439171031864
1.010625,1.1692985,1.193228434084207
1.073125,1.0687357,1.2143434431648255
1.053125,1.1913433,1.266996112869978
2.92,1.2032673,1.387279703163579
4.44625,3.3036842,1.6028058883228153
6.895625,3.9781559,1.8544819457903503
5.7056249999999995,5.695255,1.4358221970628948
5.23625,3.4385035,0.9243565763492138
4.203125,3.730926,0.7079844951216876
0.5231250000000001,2.5761206,0.6517452141266316
0.48937499999999995,0.41291645,0.6261302213548123
0.51625,0.7381433,0.6103396630652994
0.510625,0.48478067,0.6573532249877602
0.486875,0.5484145,0.6920060595977306
0.501875,0.5597502,0.7107157417293638
0.510625,0.6952213,0.7237260159579664
0.640625,0.7840447,0.7289298665083944
1.163125,0.892289,0.7257560867861658
2.021875,1.1672896,1.0119065702431649
1.50875,1.9046681,1.1461803864730895
1.1712500000000001,1.2189248,1.1607803911469878
1.188125,1.1382635,1.1631042880161107
1.113125,1.1390013,1.1658288567592203
1.109375,1.0849162,1.170537648305148
1.11875,1.109407,1.1840147750356793
1.0150000000000001,1.1289419,1.2120907104046643
2.83625,1.1207142,1.2799513694681228
3.5687500000000005,3.25116,1.411686301457733
3.5412499999999993,3.2049146,1.6222228260807694
3.58375,3.1484387,1.8642782734397052
3.2199999999999998,3.173847,1.4419751017387212
3.068125,2.2057958,0.9274723981871829
1.3831250000000002,2.1672013,0.7097656909077614
0.518125,0.74975526,0.6533012562402337
0.518125,0.5840826,0.6275866935176402
0.48625,0.5692666,0.611833710675016
0.515625,0.5253255,0.6472520079696178
0.520625,0.5725154,0.6769247503269463
0.48312499999999997,0.6356097,0.6964522216939181
0.514375,0.68498504,0.7110934895906597
0.6262500000000001,0.7383338,0.71801753811948
1.763125,0.77342945,0.7160367040837555
2.065,1.7240014,0.9945667473742367
1.185,1.6952322,1.1230030136072635
1.1075,1.0623488,1.1368762274092437
1.1912500000000001,1.1294277,1.1399396728616953
1.0425,1.1184641,1.1434201360058784
1.1,1.0417175,1.148889207416177
0.97,1.1136588,1.1643944115824998
1.125,1.0465267,1.20776654392384
2.955625,1.2900152,1.2919986358244717
3.7474999999999996,3.268483,1.4254363236089052
3.9037500000000005,3.3024905,1.6203016941476613
3.918125,3.3681846,1.8479388345506786
3.48125,3.327878,1.4207914202896506
3.4037500000000005,2.3480132,0.9120690563729034
2.129375,2.4131994,0.7036767741282284
0.4449999999999999,1.222627,0.6497950783339888
0.47250000000000003,0.48579073,0.624565308644995
0.4775,0.5952616,0.6095124052160232
0.44375,0.51161593,0.5837225919300317
0.47500000000000003,0.47851405,0.5770355577585101
0.47250000000000003,0.5273262,0.5805745269698649
0.44187499999999996,0.55737007,0.585477873614803
0.48250000000000004,0.5681075,0.589270701349303
0.44812499999999994,0.5965679,0.5905278342713415
0.39125,0.5865328,0.6770444535410404
0.431875,0.64642924,0.705169027684778
0.535,0.6253824,0.695896663229838
0.8025,0.6236664,0.684964002238363
0.73,0.7050911,0.6771260829601436
0.41437499999999994,0.6336827,0.6757686823999881
0.396875,0.53618795,0.6829249611443281
0.40874999999999995,0.5728325,0.7019864770359545
0.92125,0.5918798,0.727834597049877
1.1018750000000002,1.0495539,0.7603860970530658
6.210625,1.0703794,0.8135428956981748
9.860624999999999,6.4132433,0.921964555294551
8.514375,7.3466167,0.7184750216770917
1.2875,4.6599097,0.5911334268848598
0.453125,0.6920268,0.5664395807447284
0.484375,0.90817475,0.5534017977008968
0.49625,0.48797488,0.5419499576567858
0.44875000000000004,0.51158684,0.5340369871544093
0.453125,0.42883512,0.5572328985696285
0.48,0.47532144,0.5662388461292535
0.47437499999999994,0.521307,0.5675397340146452
0.475625,0.54017025,0.5701891518639772
0.44812499999999994,0.55208975,0.572948804313466
0.47125,0.58096087,0.5745293651536851
0.4325,0.6217982,0.650502931978032
1.4056250000000001,0.6713993,0.6787568772890419
1.309375,1.2301453,0.6758986515849829
1.2349999999999999,0.8053355,0.6708778941272199
0.82125,0.9011439,0.6659126526480168
1.049375,0.6306448,0.6615614757000654
0.61,0.91562265,0.6586712560478597
0.445,0.5397257,0.6606534854582696
0.390625,0.5582583,0.6664632276310771
0.35562499999999997,0.56141776,0.6746776987351477
0.44,0.5877646,0.6957296169460564
0.46375,0.6686726,0.7598774829801916
0.445625,0.70057935,0.6355782036808878
0.48812500000000003,0.5518897,0.5713034582199901
0.46625,0.56895566,0.5617497264266759
0.540625,0.54933417,0.554739164667353
0.4725,0.5672886,0.5481753221466392
0.46312500000000006,0.52023286,0.5431799804420769
0.498125,0.5143472,0.6617279239661246
0.44375,0.61852896,0.7142763392483442
0.5237499999999999,0.5962446,0.720841676813364
0.46249999999999997,0.6516952,0.7228246039111167
0.6156250000000001,0.62380093,0.7216269737524539
2.553125,0.7152116,0.7172079217930137
3.7024999999999997,2.6153932,1.010273034999706
3.7425,3.1125154,1.1581225013799221
3.811875,2.9123464,1.1829014653758705
3.60875,2.9732275,1.191385343463868
1.34625,2.6828609,1.1959723387336731
1.450625,1.0719616,1.1967852441576123
1.166875,1.5542133,1.1973938268597424
1.04125,1.0775142,1.206232229787484
1.078125,1.1408165,1.2292607959100605
1.189375,1.231567,1.2840339367891103
3.2,1.4383521,1.4164660577733816
5.26375,3.6204348,1.6285294213112445
1.91875,4.650082,1.2481857644217462
0.56625,0.79572576,0.8161233421701938
0.479375,0.7297745,0.6746700241743773
0.47062499999999996,0.6233963,0.6417990830378234
0.9975000000000002,0.5721263,0.6223714806304872
1.46,0.8099965,0.6107841895722598
1.441875,1.0726193,0.676389325126186
1.4675,1.1219071,0.7139563997668773
1.46375,1.249006,0.7274713012835383
1.459375,1.225492,0.7354691903024911
1.565625,1.2128283,0.7371199185554683
2.8425,1.2899977,0.7322384992270171
2.98125,2.573537,1.013412079859227
2.468125,2.3179545,1.1499729151987286
2.679375,1.9039662,1.1692967615312337
2.868125,2.272761,1.1751179657103867
2.52,2.3122325,1.180690593856275
2.48,1.9448575,1.1850314051637054
2.43,2.097727,1.190058142798692
2.32625,2.0449305,1.201452373802215
2.3875,2.0175247,1.223439691400528
2.630625,2.1652255,1.2929225732055307
4.3175,2.4766247,1.4432150914860518
6.153125,4.1381793,1.6469829525184632
4.12375,5.0634065,1.2638322004401685
1.823125,2.2476916,0.8279012015426158
1.7181250000000001,1.0706068,0.6824278090777993
1.46625,1.3693058,0.6476660355727374
1.45625,0.9690374,0.6270330287763476
1.4849999999999999,1.091079,0.6146861555410921
1.483125,1.0876884,0.667963654096499
1.480625,1.2408578,0.7027515410421044
1.4537499999999999,1.2806466,0.7194091253594309
1.481875,1.2659721,0.73079737618573
1.5925,1.2784789,0.7354366980062425
3.5943749999999994,1.3286033,0.7321268692521751
5.554375,3.4065032,1.010394033918865
4.15375,4.392389,1.1433343204627187
2.450625,2.5849557,1.1602102809183301
2.536875,1.7540655,1.1645890663511307
2.554375,2.1310225,1.1686194067910314
2.41375,1.9932832,1.1731715176936985
2.3375,1.9744161,1.1800808151187003
2.301875,2.0224416,1.192765369027853
2.3000000000000003,2.0937004,1.2204974442064762
2.965,2.1809905,1.2988995610013605
4.490625,2.9778752,1.4442892309850455
4.8306249999999995,4.1394725,1.6424984176184239
4.190625,3.8728344,1.2632812267786264
2.00875,2.8590252,0.8288453718566149
1.9456250000000002,1.0206555,0.6850767285790295
1.72625,1.5754173,0.6510722448497265
1.52375,1.1238286,0.630536515602842
1.475625,1.0944048,0.618344329618439
1.478125,1.0845227,0.6573613978966325
1.466875,1.2136916,0.6848345314014702
1.4425,1.2479799,0.6997126143162697
1.464375,1.2560087,0.7107460412939638
1.585,1.2773348,0.7158695581303537
3.35375,1.346348,0.7141956068558245
4.991875,3.1514108,0.9933178371958807
4.055,4.0197024,1.1253278075029702
2.455625,2.663135,1.1428453413050623
2.336875,1.7027175,1.148510961206779
2.575625,1.9432926,1.1534863689872623
2.60375,2.064131,1.1589832482216509
2.3275,2.1104255,1.1661820858938992
2.1950000000000003,1.9246699,1.177414652773142
2.39,1.9766033,1.2140855978568643
3.5112500000000004,2.310008,1.301749314787686
4.915625,3.4920423,1.4386676650555432
4.79375,4.307113,1.6271120196396114
4.36625,3.739113,1.2477134300906956
4.2425,3.1052492,0.815308543023467
2.1975,2.9855301,0.680941436028853
0.506875,1.1215116,0.6503805376841872
0.47437499999999994,0.55114686,0.63044511856094
0.5125,0.5858,0.6188008164798467
0.47375,0.5268608,0.6473182882671803
0.506875,0.5281214,0.6700921985096484
0.47875,0.6029455,0.6839050125216692
0.50125,0.6693471,0.6934992101808637
0.62,0.7461228,0.6969850554845481
2.989375,0.80340075,0.6941929107388108
4.14625,3.058911,0.9738484732175992
4.055,3.2028203,1.1000231859290601
4.13375,2.913395,1.1140108204552532
4.02125,2.9874282,1.1184522980792821
1.45625,2.817404,1.121688769992739
1.06,1.020989,1.1251738179394604
1.024375,1.2251755,1.131538919237107
1.04,1.0476731,1.143149333647266
2.425,1.1424491,1.1792688067213446
2.676875,2.8377461,1.250742688863352
4.3725000000000005,2.542952,1.3674899013557285
3.9656249999999997,4.266876,1.5375698293732107
1.7775,3.0531301,1.1700491674955935
1.7875,0.95573914,0.7823181976816803
0.700625,1.4455024,0.6719771503705531
0.859375,0.58353734,0.6465815304332226
0.583125,0.7736306,0.6284500317694991
0.471875,0.5352853,0.6179278102748096
0.4575000000000001,0.53801453,0.5841150908951461
0.48,0.47967878,0.5734447603445499
0.4912500000000001,0.50491405,0.5749748883568495
0.45374999999999993,0.5370203,0.5770624685560166
0.48125,0.54310054,0.5787033295165747
0.445625,0.5727455,0.580365220767036
0.40812499999999996,0.57082844,0.6677152774024755
0.6812499999999999,0.6567046,0.6985532572918385
1.9650000000000003,0.7435946,0.6934263516883552
1.6937500000000003,1.8112589,0.6865410746418684
1.6968750000000001,1.0358409,0.6804269414483756
1.62375,1.3157873,0.6759702143724262
1.64875,1.1694816,0.6739854932215065
1.6556250000000001,1.2778646,0.6761239049270749
2.1425,1.2991779,0.6877036210941523
2.2725,1.9153506,0.7081641994472593
2.53625,1.889982,0.7364404707532376
2.34,2.2640316,0.7840973004057258
1.769375,1.9438361,0.6433697765856236
1.6993749999999999,1.219929,0.5761472024319321
0.458125,1.3052304,0.5648386873019486
0.4925,0.45898378,0.556037859821096
0.4875,0.58893275,0.5487328740031272
0.459375,0.49800742,0.5435775625578314
0.48312499999999997,0.49952838,0.5592033669648319
0.48750000000000004,0.52126205,0.565223611375913
0.485625,0.5273289,0.5664909105992317
0.459375,0.5395609,0.5681535992066562
0.48312499999999997,0.54552233,0.5695300366643071
0.47375,0.5621709,0.5701066254182905
0.405625,0.5554361,0.6431485100283474
1.2531249999999998,0.5906881,0.6715934223320335
2.248125,1.1820706,0.6708812828943133
2.8362499999999997,1.9264982,0.6680587389143556
1.9212500000000001,2.26319,0.6646085753347725
1.87125,1.1551325,0.6607461782052367
1.9312500000000001,1.5127593,0.6575380124639719
1.9993750000000001,1.4422545,0.6552344481974095
2.039375,1.5714475,0.6565006510549038
3.745,1.6235499,0.6610480774854123
5.040625,3.687872,0.6695051444455236
4.979375,4.3571634,0.6870569645970315
3.739375,3.9783409,0.6001986778686196
1.71875,2.4644518,0.5665737360537797
0.569375,1.0251596,0.5632454684199393
0.5293749999999999,0.5686299,0.558934458329007
0.57125,0.57695156,0.5543964008428156
0.5231250000000001,0.5247749,0.5506551023020595
0.51625,0.47592872,0.6427753469695896
0.89125,0.6250261,0.6832946357663721
1.8125,0.96030533,0.687883823767826
1.8175000000000001,1.8068043,0.6885381548257171
1.9000000000000001,1.4090042,0.6868632068549841
2.98625,1.5211818,0.6827289110010117
3.225625,2.47484,0.9974887118005381
2.494375,2.4560325,1.15442515714176
2.450625,1.7945995,1.1791672433781624
2.310625,1.9916729,1.1858642445117236
1.10375,1.8085431,1.1876608890889586
1.1324999999999998,0.98522395,1.1870901808425784
1.18,1.2651618,1.1931869715221226
1.45375,1.2155815,1.2049530698793383
4.089375,1.6037775,1.233166349985227
4.9712499999999995,4.261769,1.2979091439834982
5.158125,3.9709644,1.456887371333316
5.61375,4.128296,1.6837993155783413
5.47,4.3970547,1.2626684579524399
4.928125,3.661053,0.7969719242809713
0.6875,3.1845453,0.6518537543432414
0.58,0.3996636,0.6192972708590329
0.621875,0.8463037,0.5992340752824395
0.6225,0.5077942,0.587442461502403
0.6168750000000001,0.5675475,0.6497003921946137
0.613125,0.6236675,0.6865300113140046
0.611875,0.73566884,0.7008816392938793
0.84625,0.81832445,0.7096745928747207
1.985,0.9970532,0.7118380216550082
2.428125,1.9590098,0.7068184602326899
2.50625,1.8284298,1.0086366591720657
2.65625,2.0096924,1.1541246532362701
2.6418749999999998,2.0740016,1.1725517719940841
2.69875,1.9985645,1.176023065533191
1.448125,2.0882943,1.1779284496662765
1.3275000000000001,1.0967547,1.18182812323384
1.210625,1.3648304,1.1937823978343607
1.725,1.1829349,1.2135159859763087
4.714375,1.9009484,1.2468207889704406
4.76,4.7654123,1.330763639632687
7.595624999999999,3.6297631,1.5146565810014307
8.38625,6.3403344,1.7507916529089211
8.170625,5.6735225,1.3241766737600416
7.022500000000001,5.408814,0.8381118558039516
0.7625000000000001,4.2077518,0.6685497114644199
1.391875,0.46268174,0.6272350590968877
1.588125,1.8023627,0.6042749660035223
1.575625,1.0248345,0.5908418932452052
1.58875,1.2870561,0.6500578074533492
1.550625,1.3652525,0.6876466100712865
1.57,1.4713203,0.70482865593113
1.69,1.5515778,0.7163862454424799
2.935,1.6268685,0.7205241294027864
4.301875,2.763038,0.716469868253991
4.45,3.5272875,1.0112328036092968
2.8581250000000002,3.1375039,1.1513954000210018
2.53875,1.8390471,1.1673947661652417
2.515,2.0443797,1.1696284620279074
1.36125,1.9502972,1.1717741496157648
1.305,1.0853604,1.1776660195557773
1.150625,1.379907,1.1923940000222624
1.1375,1.1658653,1.2168790383076669
2.543125,1.3759372,1.2592010515285283
3.4487499999999995,2.9581318,1.363167728267312
4.80375,3.2435894,1.5668049224273861
5.608750000000001,4.2997828,1.8008024796558915
4.566875,4.396056,1.3704389260839671
3.63375,2.7982738,0.8706393354286254
0.511875,2.3239703,0.681774474716112
0.514375,0.4387084,0.634141964451
0.53625,0.6904587,0.6099187582583725
0.5362499999999999,0.4902095,0.5955397211328893
0.51,0.51805156,0.6492099179926514
0.54375,0.5229071,0.6856414566481858
0.506875,0.6734279,0.7043277164190263
0.5475,0.73726,0.7174747373668104
0.63,0.8310349,0.7228086567718536
1.376875,0.8379771,0.7188882519232481
3.3274999999999997,1.320376,1.0098588080573454
2.754375,3.036549,1.1474759918686004
2.533125,1.8000259,1.162286199771911
2.44125,2.0177042,1.1635869879876823
1.2818749999999999,1.8521796,1.1653275185686351
1.189375,1.0490237,1.1704856207633019
1.001875,1.2427369,1.1854861976415665
1.185625,1.0492479,1.2127578988435865
2.463125,1.3641407,1.2670852175106109
3.5675,2.8234484,1.38756525662601
4.829375,3.4593918,1.589956281522289
4.95375,4.3094683,1.8180075491980463
4.53625,3.9199429,1.3856306692941487
4.445625,3.1265783,0.8801887315934525
2.251875,3.0643504,0.6863608719681948
0.545625,1.0928386,0.6375080068709701
0.588125,0.552749,0.613014995015934
0.54,0.61768943,0.5985357899219542
0.571875,0.5015122,0.6484798380232601
0.5775,0.57830536,0.6837522189936042
0.5756249999999999,0.63309526,0.7026848620660603
0.58,0.7328813,0.7159497921747714
1.983125,0.80652565,0.7213197919823974
3.01,2.1511953,0.7164701672628522
3.2325,2.4820795,1.0046461367455126
2.4431249999999998,2.499957,1.1392948104177416
2.574375,1.7197708,1.1532176596906782
2.45625,2.0817611,1.1546180178572238
1.20875,1.8310457,1.1569391239769757
1.204375,1.0116813,1.1650274133416265
1.074375,1.2837878,1.1827718948693573
1.215625,1.0859038,1.2090760033965857
2.436875,1.394009,1.2721586005279422
3.770625,2.8160691,1.399303945837617
5.0131250000000005,3.6726453,1.5857671673770994
5.10625,4.359232,1.793881919563785
4.37,3.977514,1.3594944044076651
4.085,2.8783207,0.863932666341886
0.700625,2.777142,0.681389650311768
0.59125,0.46773797,0.6359457852409035
0.5918749999999999,0.7550524,0.6122704629515856
0.613125,0.5180631,0.5985501423472911
0.563125,0.5691763,0.5865525114618987
0.55875,0.51552886,0.5851309236662089
0.590625,0.5669646,0.5888592651563137
0.590625,0.61533034,0.592873558787331
0.585625,0.65542024,0.5951922728361934
0.54,0.64835596,0.5941122528295963
0.49375,0.6236077,0.6793711411595345
2.73125,0.7008511,0.7103616155681014
7.598125,2.734618,0.7061464876519888
6.114375,6.420143,0.7012678590729087
0.788125,3.3792758,0.6990031659583001
0.600625,0.5492733,0.7010729052954167
0.81625,0.9567823,0.7145195331221074
0.53125,0.7084133,0.7359419233120232
1.023125,0.5773542,0.7610204941868781
1.0787499999999999,1.2213205,0.7946512168397009
1.4143750000000002,1.1772301,0.8443549614862353
1.1131250000000001,1.741487,0.9279522575745732
0.553125,1.2289789,0.7043691789811104
0.546875,0.57911277,0.5791161610842496
0.5487500000000001,0.62130094,0.5571932300607114
0.55125,0.5931945,0.5458739506117254
0.5237499999999999,0.57783026,0.5365773664390295
0.535625,0.5409828,0.5309609833297878
0.560625,0.5252724,0.5646995485118776
0.56375,0.55484146,0.5769411706279963
0.51125,0.5482128,0.5781197638891638
0.535625,0.5307792,0.5795750400165468
0.530625,0.5512681,0.5800589360235631
2.428125,0.5518902,0.5785461505252123
4.06875,2.3987172,0.655614388790354
4.52125,3.5398786,0.6828835982518643
3.775,3.504017,0.6780065643867105
2.6793750000000003,2.5683572,0.6729260051567107
1.9506250000000003,1.7708108,0.6693213536655157
1.8368749999999998,1.3652225,0.6667427012466639
1.063125,1.417689,0.6661913289066403
0.533125,0.71784455,0.6704700460405647
0.46249999999999997,0.55451375,0.6838364398228377
0.453125,0.5782438,0.7030642046412825
0.44812499999999994,0.6405684,0.7292339585202187
0.5675,0.72071105,0.791655646398738
0.54125,0.8789846,0.6354458424250036
0.525,0.57321036,0.5614198199831694
0.5587500000000001,0.5878281,0.5501912398887425
0.5399999999999999,0.59979385,0.5414201139547675
0.53,0.5782377,0.5341248957595974
0.551875,0.55782425,0.5291390226689726
0.5575,0.5425633,0.640849032216221
0.5287499999999999,0.6220269,0.6915812676756083
0.534375,0.60379934,0.6994460977513343
0.558125,0.6075186,0.7021878096691518
0.6487499999999999,0.62676257,0.7011859306449443
3.3562499999999997,0.6860527,0.6963533494304865
4.9275,3.555993,1.0059410444536805
4.843125,3.9409535,1.1609129517421126
4.8925,3.5408502,1.1856925137557834
4.61875,3.6604552,1.1932605277019739
2.025625,3.2355106,1.1969794005781413
1.39625,1.289567,1.201899890397787
1.219375,1.422363,1.2128694291488082
1.275625,1.1905777,1.2289994621653855
2.439375,1.3381375,1.2647623173376918
3.7212499999999995,2.744788,1.3560291907154025
4.8925,3.7344186,1.5564389828974754
5.049375,4.4422903,1.8248538554229585
4.875625,4.162474,1.3913362567136438
4.615625,3.5715225,0.8759839194830508
1.9731249999999998,3.1599698,0.6786211272660643
0.528125,0.8958161,0.6303427578607946
0.541875,0.59209234,0.6067876371336728
0.53375,0.578202,0.5925540179843455
0.5081249999999999,0.50729644,0.6549287614716589
0.565625,0.54298973,0.693870479516834
0.50875,0.62108135,0.7110845193248242
0.764375,0.6720256,0.722152232651934
1.8906250000000002,0.92968065,0.7253693686590343
2.42625,1.9791836,0.7203476145050675
3.216875,1.9694592,1.0167177224892379
4.869375,2.7011964,1.1591846805244685
4.205,3.8758929,1.176844741883725
2.908125,2.6904895,1.1804198911672832
1.165625,2.0541055,1.1836802837896347
1.180625,1.0504918,1.1906691175717117
1.1981249999999999,1.3196061,1.2055513866105676
1.08625,1.1941979,1.2264818075542152
2.405625,1.199557,1.269504597876072
2.9675000000000002,2.8936749,1.3768369183563443
4.515625,2.9035053,1.5932949147966504
4.99875,4.352552,1.8536184081992506
4.71875,4.059846,1.419592095747441
4.47625,3.341786,0.9007330822625012
1.2137499999999999,3.035295,0.6911383358825742
0.613125,0.6437534,0.6373024881137163
0.6212500000000001,0.6962324,0.611752380264774
0.579375,0.5557767,0.5961717261958122
0.60875,0.5318921,0.6536933565268666
0.5875,0.590111,0.6924323465641588
0.614375,0.62583613,0.7122380955112725
0.6218750000000001,0.75104445,0.7260596804498881
2.0,0.8218131,0.7313128674624115
4.29125,2.1774142,0.7273254846289009
5.001875,3.8638651,1.0182321525363252
5.01875,3.5798075,1.1567768618349732
4.9556249999999995,3.5342999,1.1723813369432092
5.029375,3.3786535,1.1741892441875488
3.8700000000000006,3.4426405,1.1763735039184988
3.5712500000000005,2.569554,1.1825622896576673
1.2375,2.8017662,1.1979446011820436
1.0618750000000001,0.93613327,1.2220073392858357
2.205,1.416766,1.2754986291769892
2.401875,2.557692,1.3976940821290016
4.451874999999999,2.5293386,1.6199972034573555
4.786875,4.603585,1.8691580980542302
4.475625,3.932826,1.4373867110942304
3.3987499999999997,3.340721,0.9185056207883731
1.096875,2.1127594,0.700449770828709
0.575625,0.71320045,0.6434756257224827
0.6,0.6603463,0.6172754726093262
0.569375,0.5766242,0.6012264709941297
0.600625,0.5339501,0.653081883405745
0.59875,0.5851182,0.6899156886491924
0.61625,0.6052083,0.7102407163185626
0.5725,0.7086285,0.7249696934812515
1.9681250000000001,0.7549354,0.7308972451453656
3.078125,2.162158,0.7272760484971851
5.09,2.6076317,1.0145898757634313
4.8999999999999995,4.2123775,1.1501894972838462
4.9,3.2573528,1.1653155582141876
3.359375,3.528488,1.1675341042945535
1.5274999999999999,2.153325,1.1699579697929323
1.34875,1.2072417,1.1765177258592099
1.2850000000000001,1.3803166,1.191362618790418
1.1724999999999999,1.2615155,1.2169468136495352
2.3525,1.2699178,1.2817541935618222
2.564375,2.8403344,1.4135002885489167
4.621875,2.5717125,1.6217747114674748
4.911875,4.60132,1.8531226515074073
4.536875,3.873822,1.4231759162879736
4.326875,3.2704208,0.9109238524345682
2.2525,2.9528973,0.6999807255951315
0.538125,1.1221054,0.6452235318553448
0.508125,0.56295323,0.6195491359897702
0.536875,0.5862562,0.604057486891821
0.535625,0.5119531,0.650204720473811
0.498125,0.5516206,0.6844120318806171
0.541875,0.547119,0.7041738265251368
0.5393749999999999,0.6920891,0.7185417006531357
1.87875,0.7659688,0.7241500105231254
4.188124999999999,2.0892396,0.7203089426923542
4.9175,3.792911,1.0080348041693121
4.836875,3.548076,1.14264281263642
4.89375,3.4052203,1.1564680853509903
3.4268749999999994,3.3836257,1.1575691356474906
1.189375,2.2090676,1.1591581684054435
1.200625,1.0432129,1.1675403834806384
1.19125,1.371164,1.1853433710755408
1.158125,1.1939363,1.219910788820833
2.44125,1.3165977,1.2946657948662341
3.339375,2.982461,1.4277630112273991
4.720625,3.3282275,1.6208516711129994
5.0275,4.376228,1.8355148170292377
4.489375,4.0107684,1.402187387955636
2.87625,3.0823557,0.895257731666118
1.023125,1.6671462,0.6947058106053621
0.55625,0.7171914,0.6434128338616341
0.57875,0.6115686,0.6184918406566232
0.494375,0.554746,0.6037204042356461
0.5231250000000001,0.49667823,0.5879840662196278
0.549375,0.50985914,0.5850094263989478
0.47062500000000007,0.5428345,0.5883912166189402
0.514375,0.53833836,0.5919312821961193
0.5275,0.61544234,0.5939259703090787
0.485,0.6232901,0.5938688596165925
0.43500000000000005,0.6052361,0.6788351179410517
0.746875,0.6950985,0.7088654748963564
1.81125,0.7861259,0.7036563418560475
1.9143749999999997,1.5966835,0.6977954691679775
1.9987499999999996,1.3226849,0.6947271399041265
1.9049999999999998,1.5394751,0.6965427217092365
2.124375,1.4156951,0.7082536030967533
1.790625,1.7866957,0.7287063075498491
1.6793750000000003,1.3527184,0.7530745330401509
3.176875,1.4786509,0.7858684295601397
4.059375,3.3320222,0.842074670076035
6.576875,3.671047,0.9434396208788455
5.46625,6.0318537,0.7207562599486858
0.7474999999999999,3.2308698,0.5853749148969352
0.5349999999999999,0.49090937,0.5591178504305333
0.506875,0.8168267,0.5459934544865787
0.5287499999999999,0.4778955,0.5356566184858232
0.49687499999999996,0.51911616,0.5292755700489133
0.520625,0.46933508,0.5627169204229862
0.52125,0.52418774,0.575847196874544
0.536875,0.5485822,0.5779608905142546
0.51,0.5896132,0.5794392899935692
0.525625,0.5888029,0.5795600895734876
0.51625,0.606463,0.5781785689651966
0.40062499999999995,0.6030048,0.6524153926541656
0.9325,0.6121106,0.6795758625598252
0.9531250000000001,0.8368015,0.6763544407590478
0.94375,0.71286476,0.6715614283838868
0.401875,0.73841476,0.6672555014435947
0.41624999999999995,0.5065526,0.6638142084602267
0.438125,0.5655895,0.6632570552822202
0.420625,0.5501283,0.6678105615595727
0.384375,0.57230973,0.6772964183413982
0.42625,0.58334035,0.6944016189239174
0.48624999999999996,0.63267434,0.7260128357283026
0.47250000000000003,0.67849857,0.797922074772194
1.14,0.69014734,0.6466905689979344
0.5225,1.0049102,0.568318951106891
0.52875,0.50213194,0.5559645029804855
0.49562500000000004,0.5867194,0.5471744398186356
0.5225,0.52464277,0.5394624032709747
0.526875,0.53407943,0.5339514706201106
0.521875,0.5182999,0.6497091631212085
0.49312500000000004,0.6233565,0.7015402561454475
0.5225,0.6204719,0.7087558383139223
0.52,0.6484678,0.711182195552811
0.66625,0.6516563,0.7102899531110376
2.746875,0.72386235,0.7058757849629969
3.288125,2.7842855,1.0101434146583825
2.57875,2.5980532,1.1628959785094857
2.508125,1.9529618,1.187750392408073
2.300625,2.1059322,1.1952668771605195
1.175,1.7979298,1.1989508656695487
1.27375,1.0520571,1.199531740217209
1.314375,1.3231164,1.2077512944719195
1.916875,1.2323393,1.2248730402114243
4.684374999999999,1.9684951,1.2574865347184987
4.864375,4.6112914,1.3420731514588744
5.07125,3.7257516,1.5431347829583288
5.27125,4.241188,1.8183983537796138
5.16625,4.202727,1.3980092374686897
1.7825,3.6336684,0.8888479783785344
0.578125,0.77973974,0.687690165695399
0.620625,0.6539248,0.6377437255232036
0.605625,0.5966046,0.6140400970616936
0.5762499999999999,0.5462023,0.5995737493487447
0.604375,0.53516996,0.6639959061782061
0.601875,0.6756528,0.7037169409852475
0.603125,0.7512731,0.7209039703261106
0.831875,0.819947,0.7319862354177982
1.964375,0.93942404,0.7353541715605557
2.415625,1.8856069,0.7305232847296447
2.9699999999999998,1.8154167,1.0206111168707164
4.155625,2.464423,1.1604991234782338
3.1325000000000003,3.3539464,1.1777934970002621
2.40875,2.0178483,1.1812322982431203
1.315625,1.8914055,1.1845027574971319
1.2306249999999999,1.1021708,1.1879783368299157
1.123125,1.2954196,1.2010947592042387
1.160625,1.1440299,1.2223144213862718
4.28125,1.3384157,1.2676150612126291
4.72625,4.6085315,1.3773019768051058
4.826875,3.7067833,1.5977582200675458
5.395,4.0570016,1.8655143760718405
5.085625,4.327805,1.4407669066002966
4.660625,3.405014,0.92158047841236
1.056875,3.0983388,0.7019952479625493
0.6625,0.5549675,0.6448897382966429
0.51125,0.7774497,0.6190067339155823
0.556875,0.49170732,0.603003480656147
0.569375,0.5536287,0.6596041636947542
0.56625,0.57249236,0.6975789867524802
0.5562499999999999,0.6898587,0.7165575775199383
0.57375,0.771437,0.7303197593647986
1.933125,0.8457084,0.7363562499240041
3.295625,2.067276,0.7333367587741464
4.866875,2.7695508,1.0192962752384693
3.779375,3.822611,1.1550397200211138
2.608125,2.3483577,1.1707503432750703
2.6706250000000002,1.9016886,1.1734152099155635
1.45,2.1486132,1.176371510526091
1.299375,1.1026942,1.1805151753243806
1.0506250000000001,1.3590683,1.1943652657744288
1.683125,1.0856303,1.2167383048036695
4.61625,1.9708177,1.272751236090809
4.910625,4.7464833,1.399354478335157
4.930625,3.8641717,1.623863587371707
4.8375,4.1052647,1.8832766984616218
4.343125,3.8117692,1.4589522268590331
2.564375,2.8956065,0.9377630373188853
0.878125,1.4356071,0.7108951470460743
0.53125,0.65674675,0.6511245714004338
0.499375,0.5823949,0.6245282315462082
0.5275,0.51745117,0.6080002177353948
0.5475,0.5190244,0.6569878361593932
0.49499999999999994,0.58955616,0.6922077909094095
0.528125,0.6564134,0.7113909037379175
0.5425,0.7759479,0.7250087639724463
1.9056250000000001,0.8092375,0.7305600628195703
2.376875,2.0062082,0.7268835495320707
2.488125,1.7968383,1.0137199094818161
2.3562499999999997,2.0235763,1.1482389628127219
2.483125,1.7998477,1.1626024514774234
2.430625,1.9603795,1.1645794980675728
1.35,1.8618301,1.1670322677558662
1.361875,1.0832232,1.1716463731624187
1.14625,1.3811653,1.1868230662599206
2.190625,1.1120996,1.2167735878492891
4.92375,2.4778168,1.2877162309145929
4.890000000000001,4.739197,1.4249102673524618
4.9243749999999995,3.730423,1.6437948203708976
5.00875,4.087024,1.8853918871456383
4.691875,3.9499617,1.4568485998509826
4.58875,3.1916583,0.9361902507090569
2.125,3.1710494,0.7114520012152195
0.55,0.98970586,0.6524252599465846
0.5425,0.5659311,0.626064240066111
0.5225,0.5951335,0.6099728788622468
0.538125,0.5092674,0.6482172085735202
0.51125,0.5725161,0.6798237409057468
0.535625,0.6409723,0.7001751810245216
0.52125,0.75681144,0.7154750657728314
1.8749999999999998,0.793037,0.7217992028564959
2.525625,2.0056503,0.718278373516053
3.07,1.9675627,0.9987894501814992
2.86375,2.511992,1.129346087918803
2.31625,2.074926,1.1435977472694219
2.324375,1.6973466,1.1464437136101724
1.156875,1.8562279,1.1496405170147121
1.06,0.9798379,1.1562850919279457
1.00375,1.1761296,1.1757527615226806
1.21625,1.0695385,1.2194982562620194
3.575,1.4342068,1.306343087591678
4.87,3.9667718,1.4473418124488742
5.275,4.1774626,1.646970294476673
5.293125,4.266386,1.8698390409007668
4.874375,4.096731,1.4349410179489852
4.378125,3.2800415,0.9193554538066686
0.8875,2.887581,0.7048994213616102
0.63625,0.52345,0.6489896481315791
0.594375,0.7853617,0.623275185078606
0.62875,0.5219634,0.6079762970265
0.620625,0.59007066,0.5849044742886722
0.595625,0.5612743,0.5793994221454113
0.635,0.584389,0.5831103214519471
0.62125,0.6396265,0.588002804108262
0.596875,0.66283727,0.5919365646860003
0.618125,0.65307903,0.5926145174439251
0.59,0.6611208,0.6773280136110633
3.4006250000000002,0.7236731,0.7043339956051111
7.86625,3.419222,0.6947797654636949
7.808125000000001,6.385829,0.6860014633170515
7.875625,4.940958,0.6819582654961198
4.2675,5.564547,0.6822504968231171
1.8056249999999998,2.2631464,0.6922449676778167
1.7781250000000002,1.3207991,0.7134831684092432
2.3525,1.6452671,0.7392186617521196
5.8425,2.1395159,0.7746937707303464
8.374375,5.973625,0.831204153092876
8.610625,6.848031,0.9458536190848053
8.433125,6.5683136,0.7319294237341731
7.916250000000001,5.3198433,0.5932577851739526
4.476875,4.9114456,0.565709201766476
0.7825,2.4473326,0.5519848943773656
0.578125,0.60477364,0.5400195564489811
0.54125,0.76251847,0.5318552191639692
0.568125,0.4842863,0.5579371641073375
0.569375,0.56204367,0.5681690479978173
0.54375,0.54207057,0.5697394425367563
0.568125,0.5565277,0.5715370838101953
0.56875,0.57226825,0.5740266315884143
0.568125,0.5782308,0.5756614127021282
0.60375,0.61584264,0.651983424519375
3.4425,0.79968786,0.6800316517338901
7.95625,3.4856014,0.6768140173786878
8.14125,6.323537,0.6715549498585611
7.528125,5.0894017,0.6665152551729232
3.555,4.961068,0.6623400947745889
1.8275,1.767367,0.6602110520133376
1.7637500000000002,1.485418,0.6634530057559161
1.7775,1.5201771,0.6700894077602774
1.9131249999999997,1.534046,0.6791240601705759
1.9362500000000002,1.8660808,0.7081293150801211
1.823125,2.032793,0.7846212636001407
1.881875,2.053564,0.6481020901619643
2.590625,1.4501821,0.5730370119275152
1.57,1.9876891,0.5612774917652458
1.59625,0.9064651,0.5535371490453929
1.551875,1.2817062,0.5462908686338365
1.538125,1.0596325,0.5408737250957638
1.524375,1.1026561,0.6587075357896834
1.8881249999999998,1.0846113,0.7111442214274406
2.83,1.4592042,0.7180792336145043
2.828125,2.4165227,0.7203964526190608
2.9050000000000002,2.120549,0.7194928478405624
4.071875,2.3784068,0.715084061852023
4.9193750000000005,3.5876439,1.0112574220055341
4.811249999999999,3.98373,1.1601304455523938
4.9275,3.6434767,1.184776749283597
4.760625,3.8062768,1.1931136146815122
3.424375,3.4657602,1.1973824645230176
3.5900000000000003,2.3466504,1.1980702845733613
1.880625,2.9679627,1.1987996668554097
1.25125,1.2526927,1.2112188005654514
2.370625,1.327185,1.2369925670425594
3.6587500000000004,2.5531404,1.3033280815747381
4.813124999999999,3.6394439,1.45870394983463
6.053125,4.353261,1.693969802982658
5.9175,5.037056,1.3019896182424575
3.9649999999999994,4.249169,0.8434642140887678
1.269375,2.31141,0.6806462146132439
1.505625,0.75893754,0.6416540637401491
1.5162499999999999,1.3452135,0.6206886587597429
1.509375,1.0009953,0.6080465641088784
1.4725,1.1228241,0.6730127177264541
1.510625,1.1746213,0.7111353508312255
1.53375,1.3163065,0.725850075238198
3.118125,1.3622043,0.7350828708538413
2.8275,3.1075559,0.7376124858194589
3.283125,2.0038912,0.7330194107028096
4.456875,2.7576237,1.0159349172906578
5.735625000000001,3.6058307,1.1531703166209908
4.8875,4.3299403,1.1720408655199408
4.72375,3.1137226,1.1774802353833616
1.9512499999999997,3.4604125,1.1822741447851062
1.161875,1.1964126,1.18618149291344
1.003125,1.3064793,1.1912709227396547
1.059375,1.0918154,1.2063876147256791
2.321875,1.2319281,1.2342721844235063
3.6975000000000002,2.7740538,1.3168998944446446
5.04,3.6652493,1.4907689624206721
5.02625,4.4464493,1.7169083674380181
4.63625,3.9168868,1.3220869008292258
3.925625,3.288905,0.8580319756404684
1.30625,2.5244946,0.6892476031836867
0.590625,0.7265912,0.6476752051778137
0.555625,0.65264636,0.6253590775018185
0.5825,0.54995346,0.6117838758648186
0.59,0.5419157,0.6668673879417777
1.109375,0.56729734,0.7036514580446481
1.508125,1.171284,0.7218118608982861
1.56125,1.4747844,0.7333940688058733
2.908125,1.4445877,0.7373438761924952
3.8962499999999998,2.8137903,0.7335373937200009
5.566875,3.1141016,1.0130919410385193
3.9218749999999996,4.3236303,1.146184273588285
2.314375,2.3063679,1.1627221546915174
2.355,1.7142904,1.1666586063490063
1.1375,1.9742198,1.170491999619007
1.125,0.96880585,1.1752580015270413
1.11625,1.284066,1.1826269752413034
1.071875,1.1516052,1.198916379980892
2.154375,1.2872308,1.2332210686068237
3.861875,2.5714207,1.3242723565956205
4.885625,3.7938619,1.494428332533464
4.96875,4.1040635,1.711719367661029
2.8031249999999996,3.8437054,1.320079455004856
2.090625,1.4658202,0.8587699793446809
1.9587500000000002,1.5005429,0.6922074919005483
0.59625,1.3308966,0.6514419194717704
0.586875,0.49670783,0.6292226706667989
0.5599999999999999,0.62214524,0.6158591673035174
0.583125,0.51758236,0.6570707612835616
0.583125,0.58909607,0.6865966902900487
0.585,0.6577341,0.7028880884220451
0.5549999999999999,0.7491488,0.7150265524810552
1.930625,0.7858298,0.7210089224363863
2.446875,2.0710266,0.7196413555749506
2.9475,1.8924961,0.9999614652477206
3.521875,2.456205,1.1325373098246008
3.38375,2.7401295,1.1496062306652963
2.373125,2.4483705,1.1547446979447455
1.225,1.6671314,1.1587049706415087
1.0587499999999999,1.0739466,1.1633934295848758
1.060625,1.1359566,1.1706337298192084
1.0856249999999998,1.1094934,1.1858236789762229
1.125,1.2172626,1.229730638500601
2.77625,1.3655906,1.3329533811927587
3.3918749999999998,3.1779613,1.4957201504833997
3.7168750000000004,3.060241,1.7034169879517702
3.2199999999999998,3.294486,1.3109270927728713
3.053125,2.1683073,0.8499034695839882
1.764375,2.1649594,0.6897353863058984
0.528125,0.94416493,0.6514505907287448
0.531875,0.5600176,0.629673675699085
0.53375,0.59539264,0.616748419656679
0.499375,0.53097814,0.6469494110020995
0.55125,0.55172956,0.671692792943567
0.530625,0.60293126,0.6872993611138314
0.8800000000000001,0.66304237,0.6984894687347859
1.589375,0.9701752,0.7030527426349371
3.3025,1.5580288,0.7002801331347972
3.54625,3.047066,0.9798493318875134
3.47875,2.6415632,1.1067294563373178
3.5493750000000004,2.6315513,1.1206017731127143
3.36375,2.6280267,1.1247283944059163
3.35,2.440804,1.128599861470908
3.5,2.5501137,1.1328371160427482
2.7956250000000002,2.7537434,1.1400097406048328
1.013125,2.0652313,1.1601026377283037
1.7306250000000003,0.9290601,1.2058976388718188
3.48625,2.1115985,1.2949833422768116
3.8031250000000005,3.6494446,1.4359780803491922
3.9575,3.3889234,1.63226802877225
3.2406249999999996,3.5608442,1.2493083433562517
1.745625,2.2024207,0.8165300938910246
0.60875,1.0197711,0.6795426725762337
0.593125,0.62748736,0.6475591897396743
0.56375,0.6454076,0.6272767209982126
0.5918749999999999,0.56832796,0.6153458687584847
0.591875,0.5784385,0.5838103011959791
0.59625,0.53755975,0.5740129768504202
0.564375,0.55191255,0.5763210262499004
0.5725,0.5592281,0.5793272613402456
0.608125,0.587001,0.5814047749077529
0.5862499999999999,0.6072272,0.582719417200759
1.9493749999999999,0.60701966,0.6708221788094192
1.425,1.9251109,0.7013998216503113
0.6275,0.8481321,0.6951329945983737
0.51625,0.6389985,0.6868849348322301
0.4925,0.6211552,0.679857130228579
0.48312499999999997,0.5793484,0.6750682043078542
0.48750000000000004,0.5672543,0.673183651125431
0.465625,0.5730986,0.6790411350464075
1.01,0.5898988,0.6975022411447763
1.123125,1.1115956,0.7218346852413564
3.65375,1.0382571,0.7546084484980256
6.786875,4.085939,0.8197670641525835
5.915,5.924029,0.6626558481319993
1.7518749999999998,3.443329,0.5799001623182743
0.5425,0.8205452,0.5652558046633005
0.506875,0.67364573,0.5553583123492449
0.503125,0.5349861,0.5467422723446042
0.536875,0.488819,0.5408234916070849
0.479375,0.49245206,0.5581209548873454
0.53375,0.46400553,0.5648565281639992
0.543125,0.5470935,0.5664460592700541
0.5075,0.5700865,0.5685737066566199
0.505,0.5843012,0.570378723481968
0.5225,0.6028904,0.5712512313389033
0.49625,0.617993,0.6452570208477973
1.610625,0.6763102,0.6737157872287184
3.225625,1.4685396,0.672445796925649
3.1262499999999998,2.7191532,0.669049454941079
2.5825,2.1140933,0.6650828033886105
0.524375,1.7965307,0.6611132614171504
0.42625,0.46498808,0.6579146639594435
0.439375,0.62078714,0.6558506057906895
0.48312499999999997,0.5128197,0.6587474036378413
0.4856250000000001,0.56681097,0.6646168479132651
0.47062500000000007,0.60697305,0.6756638299593329
0.514375,0.66907996,0.7027809435801208
0.6912499999999999,0.7389742,0.6076045293424278
0.55375,0.6474414,0.5679774829874187
0.568125,0.5851128,0.5628464909294992
0.5175,0.61100197,0.5576868936905265
0.54,0.57248604,0.5526591593593358
0.535625,0.56973815,0.5486325066953898
0.5325,0.54310143,0.6654262649004906
0.5125,0.6263372,0.7182003322032838
0.535625,0.61333185,0.7254064457578212
0.5462499999999999,0.6298243,0.7273039559908956
0.628125,0.648132,0.7262145670399814
1.07875,0.70293254,0.7223160895078629
1.024375,1.0208566,1.0076271554218978
0.971875,1.1144352,1.1512806802879274
0.94,1.1233586,1.1763896503970028
1.12,1.0962207,1.186210297433734
0.9974999999999999,1.1855226,1.1917186386744678
0.928125,1.0739801,1.1929962038686872
0.9662499999999999,1.065952,1.1938136940951647
0.9756249999999999,1.0856934,1.1963387242582442
1.2818749999999999,1.089032,1.2125687259040774
3.058125,1.3460178,1.2460681836668404
3.6956250000000006,3.1978657,1.3362830442012847
3.7787499999999996,3.1579409,1.482382860230282
3.83,3.2348619,1.1214654103734345
1.7387499999999998,2.7983565,0.7699119213526696
0.50875,0.84403265,0.6676672366454451
0.533125,0.5993932,0.6429760815850645
0.534375,0.60737,0.6268933916381746
0.50125,0.5517683,0.6175554445730149
0.5331250000000001,0.5440022,0.6793096450037509
0.52875,0.63438416,0.7141726828431337
0.53375,0.68997014,0.7262005136235058
0.501875,0.73398674,0.7331180836270004
0.649375,0.72287726,0.734403024373129
1.05,0.78721356,0.7302732136520743
0.9950000000000001,0.93542737,1.0076096135687083
0.948125,1.0867244,1.142466995426044
0.96,1.0724188,1.162477067094967
0.969375,1.0575863,1.1690854619359972
0.931875,1.0520705,1.1748181594922393
0.9643749999999999,1.0362839,1.1796275176851452
0.961875,1.0799513,1.1852018402145803
0.9531250000000001,1.0874531,1.1915868754363061
1.916875,1.1023997,1.2058878712490202
3.555625,2.077027,1.245821900034845
3.754375,3.3972135,1.3473869376005978
3.86875,3.0523543,1.497466362232715
3.41875,3.269344,1.138180603731349
3.4443750000000004,2.2901134,0.7809963791760057
2.79125,2.4961138,0.6750221569432318
0.584375,1.803456,0.6489847643201798
0.581875,0.48132393,0.6319593991035968
0.579375,0.68658555,0.6219629348564892
0.565,0.5451356,0.6693865375972539
0.596875,0.590927,0.6990221031861752
0.590625,0.674446,0.7118673245234042
0.57375,0.7419729,0.7200543864818661
0.671875,0.7721778,0.7227750681097805
1.123125,0.81218225,0.7198830544044077
1.0475,1.0378686,0.9995039318552986
0.97375,1.1126348,1.1346306708617508
1.01875,1.0870228,1.1537649455762655
1.08375,1.0788708,1.1595165803603829
1.240625,1.0902435,1.1636806774308532
1.1256249999999999,1.1843221,1.1675196521995963
0.984375,1.0938953,1.1732141762912274
0.9800000000000001,1.0705469,1.1809189369565993
0.989375,1.1083347,1.1941224705791473
2.680625,1.1320981,1.2415658079047502
5.373125,2.952896,1.3447958264791966
5.571875,4.766471,1.4930656494834276
5.06125,4.0610714,1.1375765061621368
3.6162500000000004,3.575096,0.7802820470066368
0.514375,2.1851377,0.676241614748761
0.535625,0.4835587,0.6512361017056554
0.53625,0.7143554,0.6343747926842421
0.50625,0.5192099,0.6245430823196471
0.536875,0.5259358,0.6638264678235352
0.51,0.56572115,0.6890187617352604
0.531875,0.6468637,0.700245248767659
0.50625,0.75729275,0.7071541475141793
0.6599999999999999,0.7709272,0.7085916824491322
1.076875,0.83358735,0.7035831843546777
0.969375,0.9873792,1.0003544625609369
0.9637499999999999,1.0971282,1.1435092406465113
0.9806250000000001,1.0925739,1.1622022779515386
0.9806250000000001,1.0519477,1.1664002626929433
0.9349999999999998,1.0419229,1.1690455940878393
0.963125,1.0199708,1.1724457235179842
0.974375,1.0531448,1.1848625648267568
0.9824999999999999,1.085896,1.2085126707021148
0.9756249999999999,1.1404825,1.25111844333224
1.071875,1.1812353,1.3533311340913177
1.07,1.334066,1.5379659164446593
1.25875,1.3682075,1.7518252268724142
0.629375,1.6005487,1.3263831598163396
0.51,0.5964647,0.8443129507412389
0.53375,0.62030864,0.6744047036448866
0.526875,0.5953357,0.633299556819424
0.4956249999999999,0.58108544,0.6110651582321525
0.518125,0.5619754,0.5981102006428688
0.5325,0.5696268,0.6495336449196935
0.53125,0.62594366,0.6838532839886844
0.4731249999999999,0.6376072,0.7006953567733615
0.531875,0.6237666,0.7119940046109259
0.65625,0.6637277,0.7152910756535827
1.061875,0.70730186,0.7093879430464655
0.969375,0.92325544,0.9998387719450147
1.035625,1.0675914,1.1366689145988227
1.118125,1.1317676,1.1520246143345536
1.24375,1.1428664,1.1545358900900187
0.9524999999999999,1.2103872,1.1569106184655429
0.92125,1.0240793,1.1641799225594105
0.98125,1.0695915,1.1816113418094814
0.9899999999999999,1.1006399,1.207280455185175
2.379375,1.1181734,1.2642548993002625
4.686875000000001,2.6109543,1.385092852022499
6.54625,4.346905,1.5649640245386958
8.61,5.2003746,1.766964244853407
7.320625,6.3838634,1.3332917595539988
5.453125,4.368972,0.8477785132771731
4.171875,3.3299043,0.6754979797109961
3.809375,2.7238219,0.6330689213178307
3.8725000000000005,2.7155344,0.6101571679903567
3.7743750000000005,2.8503563,0.5968718056094646
1.576875,2.8143728,0.5853573730437457
0.756875,0.80743915,0.5840158199532329
0.75125,0.7383332,0.5878267875586449
0.731875,0.7225615,0.5917509798528253
0.72875,0.6787738,0.5938288920988142
0.7887500000000001,0.6807692,0.5930787785357237
3.11125,0.71469754,0.6797524771271646
4.920625,3.2774897,0.7110807318792491
6.1725,4.0944753,0.7070953424381464
5.995,4.718013,0.7027134672471136
5.9662500000000005,4.0081844,0.7009000781736523
6.161875,4.144489,0.7036372052889317
7.458125,4.296112,0.7174949702997505
8.15625,5.5568104,0.7383714699787646
9.180625,5.8305,0.7608963058398663
9.415625,6.7783513,0.7892554026003926
12.06625,6.7176657,0.8299722365847975
12.15625,8.700033,0.9019437691414357
10.24375,8.014837,0.6875106607090682
6.315625,6.1604075,0.5755785872475803
2.033125,3.5265918,0.5570606694655865
0.515,1.1265417,0.5463033273363858
0.491875,0.6020372,0.5376743302810937
0.5425,0.5856908,0.532429914195165
0.51,0.53396845,0.5647149973030388
0.45562500000000006,0.5219539,0.5763144480549544
0.498125,0.5222204,0.577087286291495
0.5325,0.63026285,0.5782095662171394
0.451875,0.66001314,0.5784505673592537
0.53875,0.6000584,0.5772882202462106
0.42937500000000006,0.65050316,0.6566656042766571
1.326875,0.65098035,0.685121579908207
2.173125,1.1568857,0.6809838952871412
2.399375,1.6597075,0.6754930958995967
2.59375,1.7316117,0.6713709597393125
3.2375,2.0051017,0.6685909746872634
1.9274999999999998,2.7269945,0.667689163961932
1.82625,1.1244344,0.6717732263272256
1.83125,1.660256,0.6865833345609158
1.870625,1.5155448,0.7064682211866229
1.8499999999999999,1.6718872,0.7310678795354812
5.6575,1.6458014,0.7893082274992018
3.529375,5.9091063,0.6307355558347701
1.660625,1.6079445,0.5586559814096241
0.513125,1.1672527,0.5480861178363859
0.5275,0.5392845,0.5393386136024445
0.49312500000000004,0.5742529,0.5321999763809144
0.4912500000000001,0.47862846,0.5275841765908151
0.545625,0.48527205,0.6376472453306615
0.79,0.6057834,0.6876298655750602
1.795625,0.79252416,0.6953921356114
1.76625,1.828553,0.6985008310715108
1.934375,1.3584201,0.697342570412904
2.27875,1.6251465,0.692237193447426
3.896875,1.7842817,1.0039996795876325
4.819375,3.4522486,1.1599241294381768
4.8825,3.6779099,1.184747745424062
4.855,3.5447533,1.1918374448619784
3.593125,3.5366852,1.1948674013219773
3.5343749999999994,2.4343767,1.1989562478290499
3.4831250000000007,2.893337,1.2090608536142857
2.6075,2.7834475,1.223557102213353
2.443125,2.0285912,1.2577329180201144
4.438750000000001,2.3045487,1.341253368831128
5.04875,4.468332,1.5250505276946724
5.073125,4.2434177,1.7771772911856323
4.964375,4.2820587,1.3461799384976179
4.590625,3.6576183,0.8472350148371608
3.09375,3.167263,0.6685530005618929
0.788125,1.8626676,0.6258488540164381
0.56375,0.56730753,0.6034583728036285
0.625625,0.63201565,0.5900144360566884
0.573125,0.55135936,0.652042030256167
0.555,0.5729538,0.6902097140293568
0.555625,0.61022276,0.7065525416854769
0.8256249999999999,0.69926643,0.7171165247511119
1.9524999999999997,0.93908805,0.7202524300175905
2.3362499999999997,1.9999272,0.7153077204801886
2.361875,1.8352052,1.0142875778047742
2.396875,1.9811667,1.1583915096853674
2.551875,1.9283496,1.1762477208575608
2.611875,2.0250473,1.1795740947686135
1.419375,2.0198605,1.1820636425468327
3.4825000000000004,1.102049,1.1881305323402584
3.665,3.5942204,1.2024191691200437
3.674375,2.768035,1.2237748803339155
3.319375,3.2389092,1.2629050736312568
4.815625,2.7611458,1.3655581047732384
4.8325,4.46833,1.5769857754722238
5.074375,3.8546054,1.8343441973377017
4.745625,4.3140554,1.3998589062839748
4.913125,3.2704227,0.8851002013124526
3.434375,3.6650107,0.6845451904934644
2.076875,2.0445328,0.633759631787166
0.551875,1.3703308,0.6087083703882992
0.606875,0.49692422,0.5935716448085755
0.5925,0.65605754,0.6517783044406026
0.55125,0.5756359,0.6904776259689778
0.58875,0.63238114,0.7097449596267194
0.579375,0.73192966,0.7232783996927737
1.931875,0.7726048,0.7286901610713452
2.33625,2.0770967,0.7246703856112062
3.233125,1.7983153,1.0170935267929362
5.015625,2.7957003,1.1559115301907064
5.00375,4.016921,1.1710493521362544
4.84375,3.3810546,1.1723498413431646
3.72,3.4194322,1.1740931626734883
2.20125,2.4926713,1.1800371598249675
1.165,1.6325877,1.1951690015932919
1.0375,1.1325061,1.2200270035982133
2.474375,1.2170916,1.2700363353008777
4.34375,2.907195,1.3874560187220575
5.105,4.296732,1.6075766743726283
5.02625,4.4068623,1.85428489895083
4.588125,4.131754,1.4211066752989592
4.4475,3.2788649,0.9051597091130913
1.6843750000000004,3.1205165,0.6945208237899094
0.750625,0.8039845,0.6399607765592634
0.5237499999999999,0.7066786,0.6141470425643771
0.535625,0.53869396,0.5983757205116004
0.520625,0.5322772,0.6510416462762654
0.52875,0.54213154,0.6879449212451278
0.51125,0.59354913,0.7079596773862094
0.53625,0.67596257,0.7223766886370628
1.840625,0.77675545,0.7286418213054537
2.278125,2.0283682,0.7251152111270278
3.37875,1.8013697,1.013942372074537
4.92125,2.928288,1.15014753637366
4.83375,3.8453708,1.1649372123351693
4.770625,3.250089,1.1664331536676735
3.83375,3.3599648,1.1680189969977737
3.19375,2.5709689,1.1736927898083627
1.218125,2.4272382,1.1884007366811484
1.039375,0.9786908,1.2149187362137437
2.3899999999999997,1.3253613,1.2750523086168617
4.16875,2.7455873,1.4024102492268384
5.01875,4.20931,1.6072448742063343
4.88,4.3974347,1.837438839381337
4.354375,4.0396833,1.4067731871899962
4.430625,3.1183252,0.8975010456471518
3.4556249999999995,3.2239585,0.694111380989328
2.02,2.1010127,0.6419462950671464
0.513125,1.2080874,0.6166728700844198
0.54125,0.5041756,0.6014128531842678
0.51125,0.6000756,0.6501158151724189
0.48625,0.5295824,0.6851572616323083
0.514375,0.53132856,0.7047355645056813
0.515,0.63201404,0.7188082172180712
1.69625,0.72286636,0.7247523140391707
2.2906250000000004,1.9163628,0.7204873513128608
3.07,1.9416946,1.0076454946320506
4.73,2.61966,1.1416530933059008
4.644375,3.822976,1.1551469645326584
4.72625,3.1051266,1.1562392439025642
3.631875,3.3764312,1.158135358760953
3.401875,2.3985868,1.1668189747682214
3.4774999999999996,2.6486824,1.1852444988121094
1.734375,2.7492964,1.2140444343036414
3.04875,1.2493763,1.2836848937784882
4.5649999999999995,3.5003264,1.4159381077941509
5.863125,4.2997503,1.6065057243014873
6.015,5.0563345,1.8169794570636748
6.310625,4.722328,1.3829284265460076
7.7875,4.791497,0.8811628526283801
5.586875,5.7574434,0.6887984918741882
0.610625,3.0143423,0.6400450970581174
0.51,0.48427364,0.6155638462182879
0.505,0.8189851,0.60114573860161
0.53375,0.4818177,0.5877509389775246
0.5025,0.5582599,0.5856436241935193
0.55875,0.4836851,0.5892910339518637
0.551875,0.5860192,0.5932069536675513
0.51875,0.6045938,0.5951909771311282
0.53625,0.65333796,0.5944947848326713
0.486875,0.6583633,0.6791542600655556
0.6543749999999999,0.76046145,0.7092098334348201
2.276875,0.7890836,0.704520078786388
2.3875,2.132825,0.6992718752548843
2.42625,1.5835876,0.6967276088550687
2.27125,1.8407239,0.698921038191095
2.415625,1.6340322,0.7115954257989674
2.438125,1.9516166,0.7325767779186367
2.4543749999999998,1.965236,0.7574162413741647
2.396875,2.1047685,0.7907205460201948
2.6418749999999998,2.1063776,0.8456816139684991
6.047499999999999,2.5083218,0.9410018016336114
8.07,6.0682197,0.7163829563450068
8.048124999999999,5.4388585,0.582124987584725
6.836875,5.113576,0.5572506397620588
4.130625,4.2391825,0.5452862985298782
0.46937500000000004,2.422746,0.5354268800108134
0.518125,0.4366881,0.5294952418922633
0.52,0.7782479,0.5639853160121292
0.49000000000000005,0.48417807,0.5768141915316134
0.520625,0.4983788,0.5785057843289524
0.48125,0.52656436,0.5801549178680032
0.48812500000000003,0.52736545,0.5803112995024025
0.494375,0.59067976,0.5788041951724141
0.47687499999999994,0.607776,0.6534769737809896
0.865625,0.7747215,0.6801985983480513
1.060625,0.90433776,0.6766532502809912
2.533125,0.8696884,0.6719085776717215
1.17625,2.2565262,0.6677208589012176
0.7525,0.6535694,0.6648280478388816
0.764375,0.6969171,0.6644535890750587
0.76,0.64929986,0.6689518783827125
0.8025,0.67430866,0.680099028397277
0.8325,0.7538436,0.6982438827901333
0.878125,0.8610621,0.7273348535732179
3.040625,0.97855103,0.7935761803141236
1.990625,3.6411464,0.6407317210730165
0.52375,1.0133116,0.5649134395172447
0.490625,0.57152873,0.5530352128370851
0.515,0.61225057,0.5441484701434522
0.53125,0.5501193,0.5367171032468229
0.5075,0.53522825,0.5316312615269422
0.515625,0.5037584,0.645784173470065
0.50625,0.6073404,0.6974070566572994
0.514375,0.60437965,0.7047812131918222
0.513125,0.632027,0.707326775296703
0.5800000000000001,0.6502811,0.7063767244751006
1.0943749999999999,0.694957,0.7019267749333381
1.120625,1.0329709,1.0085149625655636
1.7612499999999998,1.1612483,1.162100614938736
2.311875,1.7713935,1.186816886743456
2.37125,2.027422,1.1943905818580092
1.105625,1.9396988,1.1980929095771908
1.078125,1.0254015,1.1999080927038193
1.096875,1.1863811,1.2100068179814518
1.138125,1.1112804,1.2279427648499608
2.906875,1.1882379,1.263601265929714
4.828749999999999,3.1845737,1.3579412527130545
4.9193750000000005,4.3421555,1.567882650032714
5.085,3.9362125,1.843033295174092
5.155625000000001,4.2352214,1.4122653819522262
5.035625,3.7108667,0.8935929499966652
2.936875,3.5188947,0.6865477525064348
0.565,1.6141455,0.6350835433548688
0.589375,0.5096895,0.6110112369675189
0.596875,0.6728186,0.5963038881124556
0.55375,0.52322984,0.6602424479437619
0.5800000000000001,0.5711239,0.7001445824510604
0.610625,0.66893244,0.7173247345881164
0.7193750000000001,0.76933646,0.7283854710417985
1.864375,0.8866706,0.7318191891340166
2.34,1.9418467,0.7269501288384944
2.375625,1.8345876,1.01956917065911
2.355,1.9545074,1.1600982522650063
2.411875,1.8573726,1.177210928069055
2.39125,1.8989662,1.1805717876687647
1.4056250000000001,1.8558037,1.1837614148606361
1.2625,1.123145,1.1885846271307767
1.33625,1.2747942,1.2037732805827261
1.125,1.3013614,1.2257292022506148
3.539375,1.1816399,1.2748748966925592
4.728125,3.9619467,1.3911776823475956
4.7275,4.0190034,1.6148385032449664
4.913125,3.8913555,1.8780047735604644
4.8125,4.036072,1.444549169355035
3.9968750000000006,3.3477335,0.9207122563491017
1.615625,2.5269403,0.699650819151625
1.0425,0.79826826,0.6419724085076898
0.511875,0.86111003,0.6157662752173095
0.55,0.4919288,0.5997063099438696
0.55375,0.5645976,0.6564915811194479
0.5525,0.549835,0.6953308387948572
0.51,0.66757196,0.7151552259609848
0.5275,0.7298826,0.7288293995310365
1.7181250000000001,0.80522346,0.7345781438961625
2.30125,1.8426152,0.7313916064625233
3.5237500000000006,1.8258498,1.0192314899852128
5.0775,3.0043838,1.1559885748072714
5.008125,3.923459,1.1717930868436397
4.7775,3.361133,1.17393199689731
1.95,3.3248608,1.1762658607284726
1.335625,1.2051853,1.1811906363417954
1.190625,1.4299183,1.1970788708592952
1.10125,1.1917014,1.2217691288930923
2.72625,1.2254541,1.2812984043877573
4.83,3.268163,1.4107965507564695
4.9225,4.605928,1.6346107631996274
5.005,4.0213966,1.8862183476379513
4.523125,4.1648645,1.4562478910488637
4.8462499999999995,3.0832357,0.9339197767564655
1.9000000000000001,3.5385365,0.70769216412507
1.40875,0.8350142,0.6479580675604939
0.573125,1.2076855,0.6212980388188362
0.569375,0.48901615,0.6048741797613352
0.534375,0.59376484,0.6558364527045935
0.55625,0.5310772,0.6925818509947508
0.5706249999999999,0.61822826,0.7127111275296658
0.581875,0.7094599,0.7266530137000977
1.75,0.80043834,0.7321034468913823
2.35,1.9324555,0.7281736730984598
2.740625,1.9371475,1.014414058553055
4.044375,2.2658362,1.1488999717351795
3.7306249999999994,3.3150303,1.1634823348862677
2.429375,2.5227213,1.1656045004437119
1.555625,1.6903567,1.168410000918582
1.4,1.2983255,1.1753174046207966
1.3,1.3198609,1.1919326293494552
1.14375,1.2585148,1.2229561940719933
3.5631250000000003,1.2132597,1.294289043701142
4.83875,4.0597997,1.4304659516628833
4.99,4.199771,1.642545960027352
5.15875,4.136055,1.8748580043053626
4.52125,4.1676493,1.4441395272152127
4.452500000000001,3.0000458,0.9268401439502091
3.5181250000000004,3.1370513,0.7069388611341267
2.033125,2.202485,0.6493720804650336
0.554375,1.2277622,0.6232717963115125
0.566875,0.5068427,0.6074460546460002
0.523125,0.619884,0.6506948956669122
0.501875,0.5242742,0.683961026848331
0.49750000000000005,0.5730482,0.7038046502511948
0.5062500000000001,0.66257674,0.7176016167935728
1.6624999999999999,0.76122016,0.7229448054733127
2.30875,1.8593637,0.7189541335423291
3.6075,1.927126,1.0029734313412384
4.93125,3.0979147,1.1359579711965473
2.7399999999999998,3.7597554,1.1507949902277441
2.919375,1.5530667,1.1539121576055884
1.80375,2.4813652,1.156899555137679
1.1868750000000001,1.2241564,1.165603005399406
1.155,1.1776484,1.1846524612669647
1.151875,1.205047,1.2266617112190277
3.725625,1.2657826,1.3095124818506092
4.830625,4.2312155,1.4443202282369882
4.930625,4.154102,1.6402068137063086
5.06125,4.1171246,1.859343032516241
5.03375,4.0962157,1.4241048371500522
10.061875,3.5934176,0.9109506137276442
1.2662499999999999,7.4778175,0.7010968260043114
0.569375,0.49476975,0.6467791752904654
0.6168750000000001,1.2927839,0.6214127585519105
0.618125,0.52301556,0.606376599619165
0.5975,0.61831546,0.5876134945710003
0.59375,0.5283702,0.5835110929955541
0.599375,0.5853186,0.5866361342734098
0.57875,0.60313255,0.5901950374088436
0.5606249999999999,0.64274985,0.5929919662963599
0.545625,0.66139895,0.59325967889674
0.538125,0.6332221,0.6765116197504103
2.7356249999999998,0.7571391,0.7042620341391861
4.783125,2.7129073,0.6985448850437254
7.4506250000000005,3.9213765,0.6927799942000955
7.520625,5.851555,0.6899134959175437
7.5125,4.917896,0.6919575204925984
2.91875,5.245812,0.7032677300061285
1.9143749999999997,1.246487,0.7236265456768125
2.34125,1.8853998,0.7479792227063328
4.11125,2.0381582,0.7829853861206024
5.018125,4.234833,0.8399470226894692
7.440625,4.635899,0.9496960324554519
7.988124999999999,6.742195,0.7297837361463159
8.0125,5.1337705,0.5904267692762613
1.224375,5.1863847,0.5629821412828564
0.5856250000000001,0.6128076,0.5491777991885691
0.61375,1.0634063,0.5372321958450228
0.6075,0.5330837,0.529208592064008
0.55375,0.56690884,0.5595914804666489
0.54625,0.5029762,0.5715235287418217
0.5475,0.5198322,0.5732943588873743
0.67125,0.54271823,0.5752099093217402
1.8093750000000002,0.6606862,0.5761976352598518
1.786875,1.6889935,0.5771026354130357
1.77375,1.2056801,0.6531417848476022
4.665625,1.4512801,0.6806787069094926
8.46625,4.42484,0.6771398373677581
8.47,6.438927,0.6719267175426333
8.205,5.3388014,0.6672264975840598
8.241875,5.49973,0.6634251979318261
8.49,5.4643764,0.6621164361464232
8.595625,5.774578,0.6659939830582589
8.560625,5.9229937,0.6730153091365844
8.58125,6.066665,0.6877455820043384
8.365,6.2649474,0.7213387292102724
5.385625,6.19885,0.8029455233097076
5.404999999999999,3.6735106,0.6551216221871227
1.805,4.4053845,0.5728290014297515
0.58,0.704486,0.5595882910387963
0.54625,0.7403645,0.5510255742810666
0.57875,0.5535627,0.5431891500471532
0.528125,0.5523092,0.5375894117645174
0.939375,0.5051866,0.6545188203229755
1.654375,1.0549552,0.706832613318786
4.798125000000001,1.6247092,0.7140764019898325
8.254375,4.6153946,0.716665818727687
8.3975,6.1618576,0.7157849386226386
8.7575,5.3470607,0.7114092429480702
10.420625000000001,5.853022,1.011646731542796
11.3925,6.773115,1.1625468358292432
11.306875,7.07915,1.1874475961013138
11.114375,7.0324445,1.1954860506557674
5.306875,7.089417,1.1995268564058095
5.658125,2.815213,1.2002935151258856
8.45,4.984015,1.2057012897196413
5.805,6.5745077,1.2210472218325734
3.966875,3.6907697,1.2501075940421968
5.93375,3.4153657,1.3294322528434546
6.077500000000001,5.4193463,1.5128552519520373
5.96875,4.672703,1.7703177289012073
5.739375,4.823985,1.362159869065881
5.605625,4.161873,0.8735765493068472
1.961875,4.024238,0.6866042651811987
1.504375,0.81911325,0.6405720503411442
1.539375,1.3893636,0.6178958163266629
1.56875,1.0833541,0.6040903778665513
1.523125,1.1914169,0.6685220033099502
1.565,1.2444521,0.7074629239981621
1.554375,1.3865026,0.7236945203579217
1.598125,1.3825728,0.734291394398287
4.246875,1.4421362,0.7377913927880674
8.7525,4.2160244,0.7335269284098594
9.201875,6.703364,1.0192253603035584
11.20625,5.6010704,1.1575742187981308
11.349375,7.2377653,1.1761542307536303
11.265625,6.6390953,1.1804116185887903
11.160625,6.9506316,1.1843034182563426
11.1975,6.8961496,1.1879939849603176
11.157499999999999,7.0949874,1.197579013014436
7.765625,7.1926312,1.216707407221347
4.784375,4.5818553,1.2568158578428628
5.8625,3.414359,1.3579248072256893
5.95,5.2617693,1.5610669423812629
5.955,4.83419,1.812696852814555
5.58625,5.128759,1.4003565566986054
5.159375,4.3094034,0.9001966603655369
1.818125,3.9954474,0.6987156191034615
1.6175,0.8239461,0.647322773400098
1.628125,1.5045561,0.6226520506118982
1.64125,1.1107315,0.6075387473929673
1.5918750000000002,1.2042816,0.6641585669986904
1.61375,1.2173617,0.7012933744957298
1.595625,1.3135905,0.7197398291599005
1.6025,1.2934473,0.7327704359910637
2.738125,1.3198038,0.7381103355733305
3.325625,2.5344503,0.7348159556104242
5.09375,2.6098936,1.0167875410583243
7.012499999999999,4.3389645,1.1506706025414914
10.604375000000001,5.2244897,1.1666808326743543
5.65,7.2969475,1.169963451622054
5.9125,2.5999272,1.1735342154423147
5.851875,4.807362,1.1786090935039522
5.258125,3.7407336,1.1890367285288872
4.4624999999999995,3.7594898,1.2089973640660943
3.04,3.310893,1.25631262592949
5.789375,2.33622,1.369945760802254
6.00875,5.6322403,1.5753489012964816
6.0175,4.649166,1.8197582460802793
5.475,5.0134025,1.4086569430154563
4.2175,4.0273805,0.9088296442056448
1.88875,2.8105626,0.7045587505991011
2.2075,0.9997336,0.6521523645259439
1.6887500000000002,1.9024026,0.6272999440197646
1.634375,1.0138525,0.6122120565540343
1.624375,1.261974,0.656420915358588
1.605,1.2597214,0.6892532843520492
1.645,1.3352325,0.7083713129184395
1.626875,1.4116687,0.7219516973756999
2.788125,1.3815919,0.7274719989708811
3.34375,2.6198568,0.7248648410405963
4.425,2.6122513,1.008797575774193
6.06375,3.7034914,1.1430254443091155
5.864375,4.6609926,1.158335894037187
5.922499999999999,3.940873,1.1606990607367456
5.160625,4.2398524,1.1632599719631673
4.945625,3.3826804,1.1677705206341298
4.95375,3.6326096,1.1776205702088773
4.828125,3.7311897,1.2000152375457436
3.46875,3.7891734,1.2584661874173582
4.948125,2.5868573,1.3818842876027524
5.07,4.7980785,1.5792965159514547
5.14875,4.1624207,1.8138558111605048
5.203749999999999,4.454724,1.4023261280672252
6.465,4.0088706,0.9038002653257177
7.365624999999999,5.1373506,0.7037860120321809
1.758125,5.2910333,0.6530385271208733
1.576875,0.6965316,0.6285870774975418
1.591875,1.7447575,0.6137669026321917
1.55125,1.045015,0.646582128450945
1.56125,1.2642539,0.6742244013015926
1.575625,1.2567104,0.6924933443718403
1.573125,1.3463074,0.7060531968872994
2.73875,1.3785547,0.7123767359532416
3.27375,2.6596923,0.7103318143516033
4.920625,2.630229,0.9891389391867818
5.770625000000001,4.186519,1.1167796425098182
5.155,4.1765723,1.1304932852495462
4.944375,3.4286258,1.1337629471465946
4.75875,3.4494686,1.1372708194363863
4.7375,3.260462,1.1423032382397353
4.9281250000000005,3.444474,1.1525128958048672
3.843125,3.776174,1.186264318367988
3.8574999999999995,2.7954152,1.2565804381994903
4.92875,3.5162425,1.3771998154442013
5.035625,4.518677,1.5533916839235276
5.083125,4.2513885,1.7696602084154633
4.6450000000000005,4.3563933,1.3587284433749318
4.44125,3.3990095,0.8761579924750701
1.826875,3.298403,0.694506571034193
1.626875,0.8496815,0.6490430710481107
0.77875,1.4225426,0.6256010753401369
0.60875,0.5759405,0.6116792227634043
0.609375,0.61385834,0.5834645472828298
0.58375,0.5487277,0.5755254633399098
0.580625,0.54157305,0.5787198746735602
0.663125,0.56542057,0.5829959007277339
1.8231249999999999,0.63031167,0.586165494325906
2.41625,1.716695,0.5870480688145011
2.719375,1.8050535,0.6750445826078206
2.75125,2.1378002,0.7042578480151296
2.365625,2.0160499,0.6959106169766932
2.083125,1.6026582,0.6859608977815509
2.09625,1.4634751,0.6780034746284782
3.6018749999999997,1.5572685,0.67318086037606
4.36,3.3039744,0.6756565540770441
2.97125,3.5648818,0.6915838590857386
2.4518750000000002,1.9853078,0.7158094573492556
2.51,2.1166615,0.7426337416253238
2.535,2.1966496,0.7889481211607158
7.595624999999999,2.236442,0.8846957419928909
7.677499999999999,7.237388,0.6978639421971887
7.653124999999999,4.4228916,0.5869598612004518
2.965,5.0864334,0.5662731324786693
0.585,1.2003416,0.5543990919225663
0.585,0.66091883,0.5439127514912188
0.61,0.64848065,0.5366180316441506
0.596875,0.5385147,0.5569591061224043
0.586875,0.5377835,0.5646718403574079
0.56625,0.5497072,0.5664752624688297
0.59125,0.5603576,0.5693189364083111
0.57375,0.6022176,0.571787254557386
0.569375,0.5998861,0.5731676787998526
0.5175000000000001,0.6352793,0.6485488094005734
0.9968750000000002,0.727526,0.6769096005446463
1.06375,0.8975727,0.6747638132871687
1.02875,0.7921023,0.670246885760501
0.565,0.7594168,0.6655974973083287
0.56625,0.56570107,0.6613518704883754
0.5331250000000001,0.5989229,0.6582560324092954
1.875625,0.5547021,0.6585436789337545
3.6531249999999997,2.0199249,0.6631605750896782
7.034375,3.5763354,0.6702925344466417
7.776875,6.253048,0.6861814666514844
7.828125,5.6840672,0.7366451921535283
7.748124999999999,5.7824144,0.6233999714433401
2.0968750000000003,4.7999573,0.5696116660834103
0.62375,0.84764636,0.5621789038120955
0.645,0.8636549,0.5559583234640211
0.63125,0.6301262,0.5500229975695162
0.59625,0.59719145,0.5454357032908499
0.62375,0.5485273,0.6639528489021956
0.640625,0.70558316,0.7166260505491495
0.660625,0.81365293,0.7234228209727257
0.5925,0.90958565,0.7252521571854501
0.724375,0.88743687,0.7238162169644237
1.13,0.9028457,0.7193102530959993
3.250625,1.0103151,1.009137249840498
9.059375,3.019123,1.155413481097594
9.05625,6.945755,1.1806345795296134
7.99625,5.203247,1.189601057919562
3.9512500000000004,5.189712,1.1944123098352553
2.583125,2.2181742,1.1953517956770956
2.600625,2.2347162,1.1959693486450613
2.605625,2.2016962,1.2012755598956346
3.368750000000001,2.2685158,1.221915244556591
5.06625,3.4055562,1.2669536536116899
5.06625,4.785745,1.380682969668135
5.17375,4.180161,1.568753563175723
4.8325,4.380812,1.1975749265599995
2.68375,3.5365288,0.7956213012550026
0.815625,1.4577916,0.6710869013211875
1.331875,0.6894417,0.6422150043637305
0.604375,1.1733257,0.6241777931609004
0.590625,0.49788722,0.6134985920140892
0.564375,0.5996176,0.6775540643101186
0.593125,0.57296795,0.7146441201476007
0.58375,0.64773643,0.7284926158837228
0.69125,0.70508784,0.7358927861891686
1.83125,0.8371104,0.7368413419664651
2.274375,1.9399675,0.7317075591591745
2.3925,1.8280233,1.0109591606665032
3.3075,2.0259132,1.1468600336145611
3.7856249999999996,2.8168888,1.166520165246278
5.124375000000001,2.8469644,1.1727094493335486
5.095,4.0784154,1.17833839081496
4.373125,3.4994557,1.1833085161055625
2.8525,3.068863,1.18847688427113
3.4393749999999996,2.0042095,1.1963486912202836
5.073125,3.1650286,1.2156518062717467
5.85,4.491624,1.2725990405804664
5.73875,4.733699,1.4028744106490165
5.9075,4.541675,1.5858446106721462
5.621875,4.7420664,1.213025412104726
5.526875,4.0706353,0.8066587150175124
1.901875,4.0479894,0.6784754102810472
1.5725,0.8032556,0.648045976165682
1.5925,1.4856465,0.6289260538765042
1.595625,1.1116678,0.6176167413895577
1.558125,1.2186478,0.6685556916416436
1.571875,1.2722216,0.7013714158084988
1.578125,1.3696109,0.7164455488666147
1.578125,1.3912785,0.726468724571988
2.720625,1.3853247,0.7303839466003328
3.275,2.5493538,0.7278396802005171
6.060625,2.533466,1.0069679903874174
9.2575,5.069905,1.140465330439657
9.504375,6.4749794,1.1580033961835503
8.258125,5.9022536,1.1626176012597234
8.129375,5.1516113,1.1667312655022741
5.425625,5.41597,1.1709513768994064
3.339375,3.126525,1.1773305316135287
3.299375,2.5067317,1.1858828827307373
4.244375,2.8674111,1.2086603810795398
5.896875,3.943655,1.2744290744805336
6.0425,5.2544084,1.4006759978319705
6.125,4.8376207,1.5799133712320774
5.640625,4.9620094,1.2114925930126756
5.74375,4.1689157,0.8064904726982861
2.01,4.308803,0.6805318935586512
1.7525,0.8678487,0.6510305829484015
1.7831249999999998,1.6144764,0.632048105065748
1.735625,1.2056276,0.6208109533839672
1.74375,1.2839676,0.6573946875498443
1.739375,1.3743554,0.6829230674215406
1.71875,1.4293201,0.696849903479293
1.78125,1.462455,0.706772014189586
2.915625,1.5660814,0.71097488274239
3.47375,2.7341487,0.70901029485479
8.53125,2.7436028,0.9873649196133764
9.4,6.847162,1.1185695095528663
8.282499999999999,5.697032,1.1361378748613598
8.291875,5.223966,1.1422126385547966
8.219375,5.472754,1.1473582820469141
8.32375,5.260878,1.1526434630075844
8.353125,5.533716,1.1602167594436557
8.19125,5.654529,1.1697036129216851
8.606875,5.7153907,1.1986686013045909
8.40125,6.295091,1.2713269572153687
9.688125,6.0422764,1.3910846905917675
8.766875,7.116132,1.558968099514991
5.577500000000001,5.9308434,1.19017126781784
5.55875,3.3699229,0.7915709272214025
2.30375,4.4179187,0.6758907776849716
1.6325,0.9781351,0.6497753437491506
1.6475,1.5155026,0.631483975014314
1.63625,1.2461467,0.6208771340119094
1.6324999999999998,1.3086598,0.6472827062126993
1.5750000000000002,1.3765768,0.6680439878105372
1.63,1.3580556,0.6803234843824059
1.633125,1.444856,0.6884751636256278
2.735,1.374626,0.6912269421751052
4.32,2.4754493,0.6887671956133842
9.206875,3.6239977,0.9682241165387259
9.355,6.9960876,1.0932226280599089
8.340625,5.5654035,1.1065091864762455
8.381875,5.3832707,1.1105170015819372
8.273125,5.515247,1.1137247686447205
8.1325,5.3543143,1.1169905434265732
8.34625,5.4363165,1.1226446016523242
5.983125,5.8126097,1.1315536703409255
4.80125,3.7661302,1.1596528287314625
5.8462499999999995,3.8371994,1.2136417690372467
5.933125,5.074516,1.30888894870542
6.293125,4.7723308,1.4516608957790584
6.17625,5.1866174,1.0980120523287356
5.674375,4.6035247,0.7579861522635817
2.9987500000000002,4.147125,0.6677235499809682
1.585625,1.6488746,0.6459793265867978
1.605,1.1574596,0.6296910182130336
1.59875,1.2684742,0.6202948640895635
1.56125,1.1624851,0.5954140377415716
1.563125,1.1996905,0.5876452891799062
1.58625,1.2304512,0.5886506566408276
1.59375,1.2605313,0.5897152278562635
2.6975,1.2512518,0.5896507416118681
2.781875,2.4090774,0.5877720689370483
2.729375,1.9504567,0.674949996138066
2.520625,2.1297376,0.7088140453722328
5.095,1.8471432,0.7086913520695268
7.976875,4.647977,0.7079371520520001
8.070625,6.167523,0.7084159649083763
8.06125,5.42979,0.7122191582833975
3.5156249999999996,5.6803308,0.7235929570147395
3.9325000000000006,1.6754154,0.7397040528034419
7.88,3.7383237,0.7575763107845187
5.734375,6.659226,0.7803285927193612
3.078125,3.5235057,0.8144180946348607
4.151875,2.3220518,0.8768535369209945
7.399374999999999,4.327064,0.6720730325453728
8.27875,5.9124393,0.5711699009286612
7.149375,5.526062,0.5558389192587881
2.51,4.6775346,0.5463473813086003
0.634375,1.0624114,0.5388193348801881
0.66625,0.67005324,0.5342885532762854
0.653125,0.6431216,0.5655451455713063
0.62125,0.57173103,0.5768186766645312
0.6168750000000001,0.5546108,0.5770773193294555
0.7050000000000001,0.5636984,0.5775229422022402
1.7806250000000001,0.66058075,0.577165825952366
1.7650000000000001,1.7523609,0.5755690189640223
1.7774999999999999,1.2658585,0.6559799769579618
2.2125,1.520823,0.6855913228291273
5.24625,1.8101174,0.6826266499704867
8.018749999999999,4.7962775,0.6781326464565098
3.94,5.9898605,0.6738561220542341
1.795625,1.7009542,0.6709737763020396
1.6412499999999999,1.3733383,0.6698509980282932
1.8225000000000002,1.3405141,0.674547231202051
5.06,1.5131903,0.6893854462686926
5.69375,5.2501025,0.7088594947191328
5.884375,4.6346707,0.7332558270423859
6.113125,5.1117325,0.7868859567147493
6.224375,5.0853167,0.6280550410638749
5.780625,4.343065,0.5568089040044695
0.7175,3.8584511,0.5464013025732338
0.6481250000000001,0.4293221,0.5382996574794501
0.640625,1.0225383,0.532136486832723
0.578125,0.4916206,0.5281825929916649
0.5662499999999999,0.5501842,0.6365460953645408
0.728125,0.5659659,0.6856097617089003
1.7806250000000001,0.78296196,0.6930836875334382
1.7462499999999999,1.9388641,0.6956347314674407
1.7856250000000002,1.4455415,0.6943569669339805
2.295625,1.5502727,0.6891353751911222
4.5600000000000005,1.8777027,1.002302355787121
4.969375,3.9467165,1.1581114380520583
4.819375,3.4498825,1.1820138077366353
4.809375,3.4012644,1.1884413022166491
4.833125,3.3842356,1.1909238731214404
4.514375,3.473255,1.1931876692094654
2.506875,3.2843375,1.2019608882054686
2.425625,1.7034467,1.2153612693282962
2.9837499999999997,2.3393462,1.2469490637718887
4.855625,2.8695915,1.321346554888934
5.045625,4.696985,1.4915715022040905
5.12,4.179828,1.7306511137069016
5.0125,4.369504,1.3041816522037983
4.689375,3.67849,0.8216245071982592
2.050625,3.2583466,0.660044504077658
0.710625,0.92121303,0.6224315814115852
0.605625,0.65277046,0.6011101565471291
0.556875,0.5892474,0.5884691582620889
0.625625,0.52382547,0.65060090721488
0.58,0.6108157,0.68818283262901
0.563125,0.6126139,0.7037388683017343
0.7262500000000001,0.7078776,0.7136451315423846
1.845625,0.86291885,0.7165430257553607
2.279375,1.9203153,0.7116155590622871
3.12375,1.8003904,1.0119072180956976
5.616875,2.686826,1.156418250540793
5.81625,4.5637484,1.1745585201311113
4.904375,3.8572884,1.1781542013564705
4.7425,3.217808,1.1806047783131153
3.081875,3.3563936,1.186477412016392
2.73875,2.0513165,1.2002820531195402
2.465,2.3554254,1.2210133341616394
2.9,2.0550847,1.2577419879555702
4.89375,2.889133,1.3520844664794207
4.986875,4.7653155,1.5496091221599282
5.11375,4.1422186,1.7951610794719308
5.3975,4.4144964,1.3634940466044845
5.623125,4.1432714,0.8623270884269476
2.50125,4.0977945,0.6767625878545641
1.588125,1.0814444,0.6305058173597604
1.6575,1.2592524,0.606451850182563
1.665625,1.1959977,0.5920084264823049
1.6400000000000001,1.1968348,0.6510497195155173
1.61375,1.2843589,0.6894111610307544
1.67,1.3488965,0.7077228623681515
1.6668749999999999,1.4762512,0.720240968011245
2.80125,1.4743413,0.7250124517484009
3.3225,2.6620677,0.7209079571109265
5.0275,2.6035075,1.0143192727440595
5.895,4.197679,1.1536824191305788
5.755,4.2111163,1.1692120423538983
4.7725,3.9537275,1.1708637673030795
4.78125,3.1027915,1.1728531729261578
4.81875,3.4850101,1.1788160076358916
4.951875,3.5003774,1.1937855872622132
2.91875,3.8512561,1.2189132952599229
3.0168749999999998,1.9517272,1.2661391534738242
5.076875,3.0578134,1.3794825487601012
7.644375000000001,4.838992,1.595675025331676
7.734374999999999,6.259967,1.8406688327694682
5.6175,5.563535,1.4073318354123086
5.17875,3.5757709,0.8943613031002879
2.213125,3.7900374,0.6899433968036621
1.7125000000000001,0.9538226,0.6374882722861319
1.73,1.4548098,0.6120364386828988
1.7149999999999999,1.2264166,0.5965891425660252
1.69875,1.279541,0.6495959384324401
1.7175000000000002,1.3799562,0.6864175839821994
1.75625,1.4848462,0.7060398411581665
1.728125,1.5712048,0.7201143875933438
2.83125,1.523662,0.7261930384019762
3.375625,2.6431863,0.7226447002463042
4.4325,2.6064413,1.0122801319804042
6.014375,3.6203818,1.1489598731770367
5.90625,4.5543013,1.163755828324631
5.998749999999999,3.9318764,1.1648660482262077
5.94875,4.23749,1.1663330853687972
5.711875,4.087382,1.1717697641524674
4.95875,4.0379963,1.18652744616583
4.940625,3.548719,1.2135929309232534
3.8175,3.9981775,1.270827811756432
5.051875,2.9041362,1.395128386760801
6.1293750000000005,4.8139796,1.598753919575289
5.984999999999999,5.079495,1.8280184655401108
5.609375,4.7635465,1.3965387118893862
5.646875,4.1924,0.8890938633320481
4.6475,4.2026014,0.6903630059055239
2.865,2.9785163,0.6397004395107925
1.80875,1.7746766,0.6146771852752566
1.78375,1.246318,0.5997228551008552
1.7924999999999998,1.3753707,0.6493454686763882
1.7725,1.3892792,0.6845888457871974
1.775625,1.4540426,0.7037887031119316
1.81875,1.5145757,0.7174432417667657
2.878125,1.591354,0.7230911204760522
3.464375,2.689839,0.7187171191850305
5.15,2.758495,1.0061829924571888
6.113125,4.2968307,1.1404840683282913
5.925,4.4021134,1.1541898371680082
5.930625,4.05088,1.1554030157874524
5.21375,4.125584,1.1575430222069472
4.82125,3.399816,1.1664089339499175
4.285625,3.459131,1.1842852783854307
2.381875,3.1555278,1.2105498180733623
3.1875,1.7081573,1.2769844042082132
4.5025,3.4098182,1.4071561178715528
5.023125,4.2953997,1.5958101773369313
5.210625,4.422939,1.8047812909020482
4.6475,4.4343038,1.370654810481742
4.5806249999999995,3.360781,0.8723045157765598
2.018125,3.4341543,0.6849666933181137
1.06125,0.91217625,0.6377899722270667
0.74875,0.8417395,0.613653079925701
0.7175,0.62489146,0.5996342488083243
0.683125,0.6152791,0.5874399697618932
0.64625,0.5879116,0.5859778164307028
0.669375,0.5731095,0.589646655157432
0.71,0.6184443,0.5936451013188063
1.865,0.6526562,0.59567118536219
1.80375,1.8285147,0.5945773112783581
1.7912499999999998,1.2178289,0.6792560227479786
3.125,1.4600693,0.7096971182089299
5.788125,2.7487185,0.7052895282558351
6.33375,4.916347,0.7002607972284406
6.2,4.406241,0.6978582610288262
6.198125,4.3869076,0.7000320554496348
6.539375,4.4122434,0.7131328296935558
4.8706249999999995,4.8011127,0.7343803993692993
3.8262499999999995,3.2069707,0.7594653490998595
3.025625,3.0352085,0.7932319214452803
3.53125,2.4190156,0.8477147247201204
3.615625,3.5058234,0.9398326769863815
7.395625000000001,3.388582,0.713912146455422
10.05875,6.1138544,0.5813114841430634
8.938125,6.4876738,0.5571585450328141
3.299375,5.241525,0.5455075650871545
1.916875,1.451584,0.5359756609407067
1.946875,1.6832608,0.5301891417894512
1.9274999999999998,1.4384195,0.5644657235824316
1.9518750000000002,1.4535097,0.5770160225129127
1.8931250000000002,1.5209124,0.5785631940302998
2.011875,1.4985607,0.5803021298973262
3.0975,1.6901937,0.5807087819485366
3.075,2.7497957,0.5791585206729173
3.033125,2.2084765,0.6547554360017925
4.7225,2.5058372,0.681285096879974
7.891875000000001,4.221414,0.6770929926461726
7.56875,6.1684074,0.6722107759607583
6.645,4.762322,0.6683908380895107
6.703125,4.393778,0.6656744422552734
3.9606250000000003,4.6274548,0.6651583529608697
0.776875,2.3231723,0.669662323436886
0.793125,0.5407725,0.6820324196936934
1.180625,1.093256,0.7007132973050326
5.165625,1.2137469,0.7282071620909124
4.883125,5.92244,0.7925562610886245
1.684375,3.9224458,0.6380713395654409
1.683125,0.78987736,0.5630516110082715
1.671875,1.6245581,0.5514451833829284
1.663125,1.1538857,0.5427142243059724
1.675625,1.2103772,0.5353879091892391
1.670625,1.1737585,0.5303275828921794
1.691875,1.173864,0.6432386113651841
1.6862499999999998,1.2302871,0.694526504958272
1.62625,1.2411798,0.702217909894511
1.6656250000000001,1.2141589,0.7048003497589379
1.7543750000000002,1.3361124,0.7037837196309119
2.153125,1.4442632,0.6992575228295475
4.223125,1.8685483,1.00732216638349
5.715,3.9938385,1.1615097734290363
3.5387500000000003,4.4424143,1.1862665110996367
3.581875,2.128707,1.1938330300015212
3.5862499999999997,3.029599,1.1975048588168622
3.6012499999999994,2.6340027,1.2008739909950645
3.21875,2.7925906,1.2119808744829894
2.5881250000000002,2.449642,1.2300637343719603
3.256875,2.0547352,1.2665046419718118
5.610625000000001,3.135367,1.3594446692670883
5.9975,5.114429,1.5638651669738441
6.23125,4.69443,1.83490434060432
6.470625,5.040059,1.4023649992191791
6.234375,4.7318873,0.885005614842698
3.84875,4.3233314,0.6826116995274275
1.7912499999999998,2.1662855,0.6326701431666314
1.671875,1.1088191,0.6088412299922853
1.735625,1.3513561,0.5944117600388824
1.705,1.2735735,0.657614558732435
1.7006249999999998,1.3826537,0.697056717941612
1.6556250000000001,1.4591813,0.714371723075062
1.823125,1.4625643,0.7253984721881895
2.95875,1.6881299,0.7286675360675156
3.361875,2.7516403,0.7236634234363586
3.3975,2.5802011,1.0180845916633308
3.4362499999999994,2.6913989,1.1596046883048117
3.5943749999999994,2.6358032,1.176978299175054
3.595625,2.724586,1.1804710216825456
3.6068750000000005,2.6843314,1.1836978256428243
3.5037499999999997,2.7682652,1.1901289082291724
3.593125,2.7522125,1.2060476416505128
3.5231250000000003,3.0179656,1.2275901337330044
4.5725,2.988925,1.274048137191385
5.79375,4.2167635,1.3854565464673192
5.8793750000000005,4.8300366,1.6048788170877846
6.11875,4.5992274,1.8662192396272717
6.991875,4.872,1.4321038225348295
7.406875,5.16476,0.9106225013373047
2.36,5.1200423,0.6953129979328065
1.7531249999999998,0.852614,0.6395842247334123
1.7725,1.7192525,0.6137104896270483
1.77375,1.2410675,0.5979459451084583
1.73,1.3692415,0.6551501276985555
1.7606250000000003,1.4143792,0.6939480224815011
1.7781249999999997,1.5681776,0.7140071316036581
1.763125,1.6095257,0.7275958883090317
2.82875,1.5777297,0.7327429271758348
3.4375,2.6280313,0.7291429601567984
4.679375,2.669141,1.018666662246436
5.846875,3.7919984,1.1565163254472615
3.643125,4.3013067,1.172229540111348
3.6399999999999997,2.1503747,1.1740919666380436
3.6306249999999998,2.9251995,1.1764704824591428
3.541875,2.6532865,1.1828910000657291
3.569375,2.8028235,1.1991272808976472
3.6068750000000005,3.0026684,1.2230882563190162
4.729375,3.1780314,1.2790154717326165
5.98875,4.37565,1.4044933442930878
6.159375,4.98027,1.627347538952604
6.11875,4.7775807,1.8778604519501327
5.661875,4.747701,1.447139782128334
4.827500000000001,3.916099,0.9265983454511315
1.916875,3.1822588,0.7041718331327289
1.7618750000000003,0.86904293,0.6457178931725025
1.7106249999999998,1.55732,0.6192667719551921
1.691875,1.194153,0.6030324845156818
1.69875,1.3092461,0.6545971606446057
1.6993749999999999,1.423726,0.6914291718348861
1.70125,1.4983652,0.7118773911550641
1.7075,1.526414,0.7262659965641051
2.8025,1.5079722,0.732067266819179
3.3862499999999995,2.574783,0.7284633130153269
3.839375,2.5915842,1.0146736979141833
5.083125,3.051744,1.1495055643486978
4.3125,4.0106487,1.1643792618001998
4.2675,2.7864223,1.166684022102207
3.826875,3.2206469,1.1696447081760317
3.599375,2.7334256,1.1776512684519589
3.6825,2.8394034,1.1932569395956398
3.618125,3.0806212,1.2205718974129112
3.961875,3.1017563,1.2882557425697894
5.07125,3.6273785,1.4220812448471785
5.21125,4.519238,1.632192578869611
5.2368749999999995,4.240805,1.8638736147809027
5.091875,4.3089423,1.4337209621257336
4.776875,3.713129,0.9192882764825225
1.0662500000000001,3.3518527,0.7037025885599106
0.8325,0.55813694,0.6474337056875974
0.8475,0.960542,0.6215259832406789
0.850625,0.6315397,0.6058551281652599
0.8,0.7022905,0.6504582799880951
0.83,0.6957705,0.6840777399738133
0.8325,0.8213348,0.7039070109513401
0.8125,0.8563624,0.7179787666371464
1.9187500000000002,0.8663293,0.7235078391589224
2.53625,1.9294444,0.7196137470901012
3.6575000000000006,1.9962041,1.005858069494702
4.89875,3.1120896,1.1404356288927795
4.86625,3.811147,1.15533673548989
6.105,3.355225,1.157183613555804
4.801875,4.673146,1.1593515274690092
3.4187499999999997,2.9192162,1.1679182310115546
3.0168749999999998,2.5035965,1.1853307130337507
3.403125,2.4429045,1.2232638741901518
4.8925,3.0596316,1.3015166858936846
5.934375,4.572502,1.4350459700592608
5.916875,4.950543,1.629731038254723
6.075,4.7052937,1.8472956664902715
5.6575,4.864061,1.4135361696122588
3.8649999999999998,3.9941409,0.9034333316182346
1.901875,2.320417,0.6981525854178517
1.850625,1.1403667,0.645403634859398
1.67375,1.5042264,0.6202887842427194
1.7149999999999999,1.1549917,0.6054279441722482
1.7162500000000003,1.3343517,0.5881261950983107
1.7,1.3542484,0.5844868585792183
1.683125,1.3683611,0.5875424301316589
1.7225000000000004,1.3455604,0.5910661498910933
2.88875,1.3652214,0.5934432703375071
2.830625,2.4959843,0.5935419432616978
2.83375,1.9147706,0.6777717427610606
2.7375,2.1949356,0.7077156861554831
4.82875,1.9948214,0.7024874165480584
8.569375,4.2877183,0.6962345432429761
8.720625,6.775285,0.6929462431269139
8.82,5.7419934,0.6946603612584621
8.91375,6.2441835,0.7058251527958362
10.055,6.1072116,0.7260949634955078
9.401250000000001,7.1178555,0.7503298310337215
6.0075,6.1703644,0.7841475338944047
3.5306249999999997,3.6679869,0.8408773887610436
6.975,2.7087576,0.9465146778420732
9.074375,6.609938,0.7246587242656201
8.73,6.1771736,0.5876896421609819
2.589375,5.7028003,0.5610129685927182
1.740625,0.9144115,0.5472580626301468
1.7081250000000003,1.8459362,0.5354799042488634
1.714375,1.239051,0.5286541299657523
1.7337500000000001,1.3660996,0.5610035996484011
1.7268750000000002,1.357386,0.5737335032348334
1.7125000000000001,1.3596318,0.5756427744831144
1.7712500000000002,1.335501,0.5775447698491066
2.895625,1.3821135,0.5785371802593767
2.901875,2.4642873,0.5778033128444106
2.8293749999999998,2.0129967,0.6526452307987958
3.2643750000000002,2.1702414,0.6799265999539941
3.276875,2.557809,0.6766091963087767
3.294375,2.4101107,0.6716590049422532
2.8175,2.5180416,0.667136396247223
2.7925,2.010347,0.6634920762471109
3.1375,2.26445,0.6625603646356613
3.4025,2.6516192,0.6668843317772448
6.973124999999999,2.9026089,0.6751374746940284
7.499374999999999,6.4508133,0.6917394433631747
9.098125,5.4473143,0.7250946791852265
9.219375,7.0694146,0.802746881756261
9.4825,6.365044,0.6522286117855459
6.165625,5.9241834,0.570894613437131
1.7706249999999997,3.3071601,0.5578937081528454
1.713125,0.93935966,0.5491574665860086
1.686875,1.7254615,0.5413106767115742
1.7231249999999998,1.2608292,0.5356996757618337
1.690625,1.4678644,0.6520358507397025
1.8156249999999998,1.4960622,0.7041832951390743
2.865625,1.7723073,0.711404658145532
2.865,2.8237038,0.7139521139732002
2.941875,2.2854843,0.7130579778086393
3.37875,2.3582335,0.7086374308048934
5.020625,2.553564,1.0112428702409566
5.875,3.9786339,1.1632816002707929
5.8343750000000005,4.119051,1.1881058142744005
5.868125,3.9465737,1.1957741955283285
5.9375,4.1028757,1.1994802110234648
5.869375,4.2417426,1.20000676562801
5.82,4.3094487,1.2067394484856726
4.028125,4.449442,1.22296546334669
3.9706250000000005,2.818939,1.2535296507888287
5.941875,3.6588075,1.3354929631204158
6.095000000000001,5.257966,1.5278734703531116
6.141875000000001,4.7346888,1.794331927899867
5.969374999999999,4.9662404,1.3800930251850188
5.086875,4.328625,0.8810295445111022
1.7387499999999998,3.4344063,0.6870999222034215
1.7462499999999999,0.79396284,0.6391057108858973
1.7306249999999999,1.6195787,0.6159207631289213
1.684375,1.1679335,0.6017794380480795
1.7137499999999999,1.2695599,0.6662492369560897
1.7449999999999999,1.4273274,0.7056311957145482
1.743125,1.5136403,0.7223260564699023
1.788125,1.5301598,0.7333102466551215
2.966875,1.5665078,0.7370149664451927
3.434375,2.7263448,0.732459666114673
4.523125,2.6020129,1.0206530777809024
6.034375,3.7096252,1.1602440689196438
6.225,4.5596833,1.1780041985777767
6.285625,4.2736816,1.1816350631791355
6.276875,4.4082417,1.1850202421662213
6.148125,4.3591795,1.188480372707844
5.3149999999999995,4.3472624,1.1999561334608495
4.4106250000000005,3.7313874,1.2200445454514026
4.495,3.3434582,1.2626027756725997
5.91375,3.8553178,1.3670100918031485
5.949375,5.1557856,1.5786679993252457
6.109999999999999,4.732824,1.8386580978476255
5.771875,5.036744,1.4206214835868776
5.81,4.224213,0.9109350652668625
3.2600000000000002,4.3448553,0.7003044525221734
1.7018750000000002,1.7509457,0.6460628497286885
1.755,1.1920189,0.620804574528262
1.7700000000000002,1.3866463,0.6052683731099963
1.7006249999999998,1.2765285,0.6619240737790614
1.7162500000000003,1.3617263,0.6993597838600725
1.74375,1.4582169,0.7180378707220405
1.78375,1.5136606,0.7315106119892746
2.8293749999999998,1.558728,0.7372675292632729
3.385625,2.6159282,0.7340978359954804
4.53,2.6542377,1.0183096955009923
5.94375,3.749721,1.15344540477328
5.874375000000001,4.496649,1.1695430451632292
5.839375,3.9962542,1.1727054625487328
5.904375,4.117593,1.1761345958384126
5.888125,4.1345057,1.1807439171031864
5.795,4.194942,1.193228434084207
3.3693749999999993,4.2490463,1.2143434431648255
4.035625,2.18343,1.266996112869978
6.055625,3.9410772,1.3872796034939587
6.186875,5.2707934,1.602805788653195
6.225,4.863899,1.8544819457903503
5.5775,5.047637,1.4358220973932743
5.56125,4.0058484,0.9243565763492138
2.228125,4.1846642,0.7079844951216876
1.8056249999999998,0.9258049,0.6517452141266316
1.7862499999999997,1.602706,0.6261302213548123
1.795625,1.2441704,0.6103396630652994
1.793125,1.3495452,0.6573532249877602
1.790625,1.4431856,0.6920060595977306
1.7781249999999997,1.5094023,0.7107157417293638
1.78375,1.5256232,0.7237260159579664
2.899375,1.5361533,0.7289297668387741
3.4525,2.674894,0.7257559871165454
4.40625,2.6763728,1.0119065702431649
5.880625,3.6249068,1.1461803864730895
6.144375,4.512001,1.1607803911469878
6.073125,4.266037,1.1631042880161107
5.989375,4.232579,1.1658288567592203
6.115,4.1689863,1.170537648305148
6.125,4.3957767,1.1840147750356793
5.88,4.4593782,1.2120909097439052
5.959375,4.387875,1.2799513694681228
6.001250000000001,4.700346,1.4116862017881127
6.313125,4.7828727,1.6222228260807694
6.175,5.1246142,1.8642782734397052
5.516875,4.8880334,1.4419751017387212
5.665625,4.004761,0.9274724480219931
3.78,4.338305,0.7097656909077614
1.6724999999999999,2.2165542,0.6533012562402337
1.69125,1.0200326,0.6275866935176402
1.6799999999999997,1.4423194,0.611833710675016
1.6887500000000002,1.2073815,0.6472521076392382
1.6212499999999999,1.3985924,0.6769248499965668
2.8325,1.3398287,0.6964522216939181
2.878125,2.732147,0.7110934895906597
2.885,2.1910486,0.71801753811948
3.335,2.3108737,0.7160367040837555
3.358125,2.6284556,0.994566847043857
3.3200000000000003,2.5708413,1.1230030136072635
3.260625,2.5615118,1.1368762274092437
3.306875,2.5049741,1.1399396728616953
3.3049999999999997,2.6019175,1.143420036336258
3.3125,2.6183307,1.1488891077465564
3.27625,2.708293,1.1643944115824998
3.25875,2.7387211,1.20776654392384
3.3943750000000006,2.8312395,1.2919986358244717
4.220000000000001,3.061494,1.4254362239392848
5.915625,3.8660116,1.6203017938172817
6.06875,5.023437,1.8479388345506786
5.58125,4.5803595,1.4207914202896506
5.543125,3.9176204,0.9120690563729034
1.8425,3.9480333,0.7036767741282284
1.653125,0.77383006,0.6497950783339888
1.6925000000000003,1.597827,0.624565308644995
1.0275,1.1888916,0.6095124052160232
0.675625,0.7089234,0.5837225919300317
0.70875,0.58150595,0.5770355577585101
0.70375,0.6735322,0.5805745269698649
0.7075,0.6439528,0.585477873614803
0.691875,0.6646525,0.589270701349303
0.781875,0.66570497,0.5905278342713415
1.82625,0.69650745,0.6770444535410404
1.79625,1.713188,0.705169027684778
1.76625,1.1974955,0.695896663229838
1.87,1.2963631,0.684964002238363
2.125625,1.3594896,0.6771261826297641
1.8431250000000003,1.6240345,0.6757686823999881
2.0575,1.2911904,0.6829249611443281
4.0425,1.7486497,0.7019864770359545
5.7524999999999995,4.031028,0.727834597049877
6.808125000000001,4.994624,0.7603860970530658
7.865625,5.515014,0.8135428956981748
9.775625,6.115501,0.921964555294551
9.468125,7.335433,0.7184750216770917
4.564375,5.5884395,0.5911333272152394
1.879375,2.3436296,0.5664395807447284
1.804375,1.4178015,0.5534017977008968
1.8162500000000001,1.5543729,0.5419499576567858
1.84125,1.4075106,0.5340369871544093
1.86,1.5146936,0.5572328985696285
1.8093750000000002,1.5715822,0.5662388461292535
1.8300000000000003,1.528548,0.5675397340146452
1.8449999999999998,1.4885267,0.5701891518639772
1.858125,1.4042443,0.572948804313466
2.019375,1.4026678,0.5745293651536851
2.910625,1.511064,0.650502931978032
5.03375,2.3613706,0.6787567776194214
7.071875,4.193809,0.6758986515849829
7.313750000000001,5.3123918,0.6708778941272199
6.839999999999999,4.955882,0.6659126526480168
5.82125,4.6703796,0.6615614757000654
1.65625,3.9310427,0.6586712560478597
0.5918749999999999,0.6945946,0.6606534854582696
1.83125,0.82498944,0.6664632276310771
3.48125,1.9693893,0.6746776987351477
2.205,3.6179163,0.6957295172764361
3.22375,1.5954465,0.7598775826498121
1.708125,3.77283,0.6355782036808878
1.7075,0.8395751,0.5713034582199901
1.7037499999999997,1.5402066,0.5617497264266759
1.0325,1.1999707,0.554739164667353
0.689375,0.712913,0.5481753221466392
0.75375,0.61511505,0.5431799804420769
0.7375,0.6374707,0.6617279239661246
0.704375,0.67014545,0.7142763392483442
0.69,0.65886104,0.720841676813364
0.7375,0.6671697,0.7228246039111167
0.76125,0.7218285,0.7216269737524539
1.2475,0.754686,0.7172078221233934
1.183125,1.2037599,1.010273034999706
1.175,1.1926205,1.1581224017103018
3.4299999999999997,1.219932,1.1829014653758705
4.333125,3.4161325,1.191385343463868
1.2075,3.315583,1.1959723387336731
1.105625,1.0271093,1.1967852441576123
1.149375,1.3506739,1.1973938268597424
1.125,1.1022915,1.206232229787484
1.145625,1.1539651,1.2292607959100605
1.33,1.1923231,1.2840339367891103
1.396875,1.4784216,1.4164660577733816
1.3206250000000002,1.6050059,1.6285294213112445
1.301875,1.6309366,1.2481857644217462
1.690625,1.0509188,0.8161233421701938
1.7537500000000001,1.4199437,0.6746700241743773
1.695,1.2610496,0.6417990830378234
1.65625,1.1902715,0.6223714806304872
1.72375,1.1366,0.6107841895722598
1.704375,1.1924355,0.676389325126186
1.684375,1.2353913,0.7139563997668773
1.6868750000000001,1.2487223,0.7274713012835383
1.716875,1.2828113,0.7354692899721116
1.8287499999999999,1.3498348,0.7371199185554683
2.248125,1.4890707,0.7322384992270171
2.199375,1.9251691,1.013412079859227
2.184375,1.8825775,1.1499729151987286
2.15,1.9272815,1.1692967615312337
2.0931249999999997,1.8434626,1.1751179657103867
2.11125,1.782088,1.180690593856275
2.134375,1.8054645,1.1850314051637054
2.14625,1.8137245,1.190058142798692
2.1275,1.8312969,1.201452373802215
2.17625,1.8323418,1.223439691400528
2.2668749999999998,1.9264697,1.2929225732055307
2.276875,2.0701454,1.4432150914860518
2.239375,2.1481187,1.6469830521880835
1.8162499999999997,2.1950572,1.2638322004401685
1.75125,1.2352444,0.8279012015426158
1.708125,1.3222944,0.6824278090777993
1.725,1.2237419,0.6476660355727374
1.728125,1.2649244,0.627033128445968
1.76,1.2456722,0.6146861555410921
1.714375,1.2807453,0.667963654096499
1.7162500000000003,1.3166679,0.7027515410421044
1.73125,1.3413539,0.7194091253594309
1.6931249999999998,1.3445877,0.73079737618573
1.805,1.2946203,0.7354366980062425
2.251875,1.4334284,0.7321268692521751
2.216875,1.8777677,1.0103939840840548
2.123125,1.8425347,1.1433343204627187
3.918125,1.8173537,1.1602103805879505
4.40875,3.7299905,1.1645889666815104
3.4231250000000006,3.4076812,1.1686194067910314
2.86875,2.4672654,1.1731715176936985
2.88,2.2807035,1.1800808151187003
2.880625,2.367054,1.192765369027853
2.871875,2.3502254,1.2204974442064762
2.775,2.4166408,1.2988995610013605
1.79,2.419855,1.4442892309850455
1.513125,1.537064,1.6424984176184239
0.7825,1.7239547,1.2632812267786264
0.6956249999999999,0.630591,0.8288453718566149
0.706875,0.6877955,0.6850767285790295
0.701875,0.6712239,0.6510722448497265
0.7475,0.68477297,0.630536515602842
0.744375,0.70810044,0.618344329618439
0.6925,0.6974778,0.6573613978966325
0.72375,0.71558034,0.6848345314014702
0.7575000000000001,0.7224768,0.6997126143162697
0.708125,0.71554875,0.710745841954723
0.8,0.68112534,0.7158695581303537
1.274375,0.7200309,0.7141956068558245
1.223125,1.0717616,0.9933177873610706
1.16625,1.1419013,1.1253278075029702
1.9300000000000002,1.1639802,1.1428453413050623
2.53875,1.916832,1.1485110608763993
2.5425,2.2510004,1.1534863689872623
2.5543750000000003,2.096681,1.1589831485520303
2.6125,2.1480725,1.1661820858938992
2.3275,2.166909,1.177414652773142
2.364375,1.8450669,1.2140852988480033
2.444375,2.0467062,1.3017490157788247
2.426875,2.147605,1.4386676650555432
2.4506249999999996,2.2011845,1.6271120196396114
3.8725000000000005,2.351891,1.2477133304210752
6.305625,3.4549398,0.8153084433538467
3.2875,5.270845,0.6809415356984734
1.8356249999999998,1.441819,0.6503805376841872
1.87875,1.3947423,0.63044511856094
1.8718750000000004,1.4072145,0.6188009161494672
1.285625,1.3325337,0.6473182882671803
0.728125,0.8778757,0.6700921985096484
1.8687499999999997,0.6436107,0.6839050125216692
1.931875,1.9340776,0.6934992101808637
1.9824999999999997,1.4577924,0.6969849558149278
2.399375,1.6979142,0.6941929107388108
2.380625,2.0256383,0.9738485230524093
2.3606249999999998,1.964916,1.1000231859290601
2.353125,1.9559315,1.1140108204552532
2.3274999999999997,1.89107,1.1184521984096618
2.434375,1.8512741,1.121688769992739
2.519375,1.9789544,1.1251738179394604
2.3443750000000003,2.0496397,1.131538919237107
2.325,1.8884758,1.1431492339776457
2.3668750000000003,1.9928415,1.1792687070517243
4.611875,2.0797508,1.250742688863352
5.88,4.472003,1.367490001025349
6.273125,4.6602144,1.5375698293732107
6.0975,4.809757,1.1700492671652138
4.7,4.283906,0.7823181976816803
0.930625,2.9305778,0.6719771503705531
0.799375,0.5696414,0.6465815304332226
0.729375,0.9566768,0.6284500317694991
0.758125,0.5795085,0.6179278102748096
0.72,0.6767259,0.5841150908951461
0.7481249999999999,0.61732453,0.5734447603445499
0.7368750000000001,0.6928765,0.5749748883568495
0.6875,0.67220443,0.5770624685560166
0.735625,0.6613159,0.5787032298469543
0.875,0.69589895,0.580365220767036
3.089375,0.7316705,0.6677152774024755
4.179375,3.0006666,0.6985532572918385
4.20375,3.1051188,0.6934263516883552
4.235625000000001,2.958284,0.6865410746418684
4.363125,3.032301,0.6804268417787551
5.1625,3.1749308,0.6759702143724262
3.8631250000000006,4.06087,0.6739854932215065
3.8793750000000005,2.4951096,0.6761239049270749
5.5775,3.3284194,0.6877036210941523
4.60875,4.9501796,0.7081640997776388
5.75875,3.3148527,0.7364404707532376
6.56125,5.260939,0.7840973004057258
5.909375,5.2496824,0.6433695772463828
5.955,3.9544532,0.5761440130040795
4.67375,4.251137,0.5648353982044756
4.811875,2.9884722,0.5560374611426144
4.255625,3.6624675,0.5487415452601015
4.11125,2.8890755,0.5435785592540353
4.019375,3.0928879,0.5592040646521746
3.28875,2.9883204,0.5652240100543946
0.7518750000000001,2.3467698,0.5664910102688521
0.743125,0.47283986,0.5681534995370358
0.698125,0.8975641,0.5695335251010208
0.8687499999999999,0.5455079,0.5701143996486813
1.875625,0.8064306,0.643154988553673
5.423125,1.9192026,0.6715936216712742
6.145625,5.146463,0.6708811832246929
5.07,4.4029346,0.6680583402358741
3.09875,3.4242435,0.66460797731705
3.045,1.8593209,0.6607453808482736
0.875625,2.381083,0.6575378131247311
0.49000000000000005,0.5201169,0.6552345478670298
0.55,0.64325917,0.6565010497333854
0.9643749999999999,0.57279503,0.6610486755031347
1.86125,1.0614643,0.6695094302392005
1.8775000000000002,2.1026866,0.6870615493995696
1.925,1.8418862,0.6002056547420471
1.841875,1.4373827,0.5665745334107428
0.6825,1.3022921,0.5632445713933557
0.65875,0.6144564,0.5589342589897662
0.65125,0.69538635,0.5543963011731952
0.671875,0.60922396,0.5506546039539575
0.668125,0.5950472,0.665189748891294
0.6799999999999999,0.65440524,0.7167545246898382
0.6325000000000001,0.6530178,0.7244302814956755
0.673125,0.6340351,0.7275397743127495
0.7649999999999999,0.68557173,0.7269203276219963
1.400625,0.76006097,0.7231022834735363
2.336875,1.3767352,1.0061653010995686
2.374375,2.280519,1.1485449485473336
2.3431249999999997,1.9766356,1.1734244791902602
2.284375,1.9846145,1.1831517357926817
2.340625,1.8525542,1.189372814488858
2.35875,1.9123536,1.19110806257993
2.319375,1.8937361,1.1920638942395152
2.3125,1.8841534,1.1944519783441723
1.09,1.9377947,1.207310754749775
1.1875,0.99448335,1.2347691371507943
1.19875,1.3909441,1.313137266605124
1.1956250000000002,1.2975508,1.4364960633663835
1.004375,1.4451708,1.0815811167281866
0.660625,0.79637045,0.7569709175102413
0.68125,0.67366594,0.6663101350941508
0.705625,0.71735334,0.6437710464773326
0.665,0.69707,0.6287561171737313
0.663125,0.66416085,0.6201190468791872
0.696875,0.6483728,0.6641482013581693
0.694375,0.68784916,0.6897479446780681
0.665625,0.6716772,0.6987504038009792
0.84625,0.65784085,0.7032183935440331
1.96875,0.74110335,0.7029200823701918
2.35875,1.8464353,0.6974845996219664
2.36375,1.8167028,1.0023310606377944
2.341875,2.023419,1.1513761637842657
1.043125,1.9810836,1.172429975717962
1.08375,1.0007823,1.1776253543506563
1.083125,1.2167288,1.1800363624680044
1.03625,1.0862983,1.1823825853320957
1.0325,1.1048896,1.1922967224727572
1.059375,1.125142,1.2099994424295426
1.0431249999999999,1.1714764,1.2399214585074783
1.296875,1.1822252,1.3165399874453991
2.44125,1.485631,1.492678433008194
2.450625,2.717152,1.7231053260860592
1.9375,2.2867553,1.2996227637669444
1.8881249999999998,1.2892946,0.8234413348736241
0.875,1.3489987,0.6634654644584655
0.7112499999999999,0.62381244,0.6253149238599837
0.68875,0.6578683,0.6036460506988316
0.711875,0.5994942,0.5910517974657565
0.716875,0.6088861,0.6509099827077239
0.715,0.66981316,0.6878796376437694
0.721875,0.7008355,0.7038729239411652
0.7625,0.7293286,0.7142059724963457
1.885625,0.7618378,0.7173888221540302
2.4,1.8459958,0.7128374089387058
2.3918749999999998,1.8640119,1.0085937514004857
2.336875,1.9763936,1.1497221464338154
2.2675,1.9012947,1.1665025237234683
2.296875,1.8143752,1.1693743044959009
2.636875,1.8651196,1.1717465411309154
2.471875,2.2275226,1.1768014852684736
2.31875,1.9631459,1.1901334930317105
2.3275,1.9801027,1.213746621477902
2.3275,2.0678782,1.2523099936440587
4.255625,2.1066337,1.3498522656610608
5.043125,4.1966386,1.54637235123761
5.158125,4.1484404,1.775968697368726
3.6262500000000006,4.2059817,1.3485160947300494
3.406875,2.1446483,0.8572322764412315
1.885625,2.5132618,0.6772038252640515
0.7324999999999999,0.98893803,0.6325232301461696
0.6893750000000001,0.6132588,0.6091068495306372
0.756875,0.63355684,0.5951974556564539
0.76,0.62516415,0.6492564637053757
0.735625,0.70037323,0.6853901895351707
0.735,0.75379664,0.7034859068051725
0.70875,0.81096196,0.7159868692735583
1.9968749999999997,0.80006456,0.7208921096412837
2.468125,2.0224197,0.7166670147631317
3.336875,1.8647305,1.0084325856243075
4.798125000000001,2.8616812,1.1463741442151367
4.831875,3.8506014,1.1614361175795644
4.99,3.3415537,1.163034917960316
3.603125,3.6531076,1.164920467838943
2.761875,2.3716128,1.1699680364245921
2.54,2.1695035,1.1851904778778553
2.520625,2.105424,1.2124666642127933
2.9143749999999997,2.2187293,1.26513308832556
4.9725,2.8457844,1.383266705237627
4.970000000000001,4.779171,1.5820864679655433
4.949999999999999,4.00224,1.804287328263372
4.4575,4.202856,1.3717159929300846
4.55875,3.0840263,0.8708119632111491
2.311875,3.3579414,0.683113835074976
0.649375,1.1149613,0.6362298436590283
0.715,0.60480505,0.6121759761514515
0.7025,0.67820734,0.598035747436434
0.6725,0.5743988,0.6481445494202525
0.65625,0.62558776,0.6833220449119806
1.8737499999999998,0.66494,0.702118140604496
1.915,2.056913,0.7151373850989341
1.9962499999999999,1.5498124,0.7200160136780143
2.445625,1.7198699,0.7148569147871434
4.05375,1.9836409,1.0035623791281507
4.8575,3.4937215,1.1385652287964523
4.8306249999999995,3.6120398,1.152673164554462
4.939375,3.398348,1.1542803371833266
4.81625,3.5436015,1.1566048320701718
2.893125,3.41054,1.1644279005749525
2.5568750000000002,1.8980058,1.182152348508984
2.474375,2.270112,1.2084023364323377
2.563125,2.114223,1.2695850312597305
4.960625,2.4710634,1.3950349963264912
4.966875,4.92612,1.5802445733806492
5.195625,3.9694686,1.7879987208807466
4.585,4.445138,1.3534868180383743
2.59375,3.1178656,0.8597015912865102
0.815,1.4764098,0.6797469952980428
0.735625,0.65625864,0.6350665995194017
0.74125,0.693764,0.6115654000569135
0.705625,0.6002902,0.5979019908058643
0.705625,0.59281915,0.5860402096130699
0.705625,0.6032146,0.5846559979250282
0.71875,0.62972623,0.5885413190672546
0.7000000000000001,0.6527389,0.5924928208374232
0.7106250000000001,0.6560989,0.5948230965622514
0.78,0.66197693,0.5938469323001057
1.8306249999999997,0.6852166,0.6794620398533344
1.7825,1.7241744,0.7106526508596539
2.819375,1.1997253,0.706519750380367
4.4087499999999995,2.481515,0.7017211565064638
4.745,3.7290132,0.6995365977666527
4.9275,3.5588696,0.7017339142178743
3.5018750000000005,3.8344653,0.7153613427359611
3.6375,2.2903442,0.7367990820474177
4.199375,3.1512375,0.7618524365083128
2.968125,3.5574005,0.7937581770409643
6.826250000000001,2.0811973,0.8400202300256491
6.273125,6.687824,0.9196272030266748
2.00625,4.395399,0.698685219869241
1.8918750000000002,0.85625595,0.5779113547129183
0.73875,1.8101385,0.5571759872163832
0.73875,0.5008407,0.5459939528346807
0.794375,0.74699074,0.5369182365407794
0.756875,0.61647254,0.5314390984988212
0.74625,0.6149477,0.5646999471903592
0.7625,0.6373318,0.5767286749973147
0.716875,0.65435797,0.5777912528203427
0.741875,0.6366638,0.5791560289324075
0.773125,0.6569297,0.5795497239329666
0.9493749999999999,0.6614267,0.578192821720913
1.8375,0.734206,0.6559925353301316
4.827500000000001,1.6203697,0.6836078973832727
6.115625,4.5844707,0.678889736893028
6.411875,4.601193,0.6736228951425105
6.151875,4.702733,0.6699604352714866
5.758125,4.3114414,0.6673642409994452
1.495,4.0604916,0.6666595767832547
0.575,0.6337529,0.6709029112019389
0.65875,0.8292341,0.6847596795165538
0.848125,0.69896394,0.7042793766531348
0.70875,0.93843055,0.7298525081843883
0.6956249999999999,0.8481797,0.7912235785943269
0.675625,1.0666393,0.6341091731458902
0.71625,0.63483864,0.5605538903211802
0.700625,0.68064225,0.5495010277675092
0.6856249999999999,0.65220404,0.5407397691259532
0.710625,0.6548648,0.5334646841941029
0.7,0.64997846,0.5284771167199314
0.65125,0.61716276,0.6396513023879379
0.710625,0.6621254,0.6901620719508081
0.743125,0.668022,0.6980082638075202
0.715625,0.6594734,0.7009207097850739
0.7581249999999999,0.64658386,0.7000440158040822
1.21875,0.6811565,0.6950274444703758
3.678125,1.1368272,1.0053294716629386
5.2375,3.779146,1.1605679951859267
3.9006250000000002,4.1775937,1.1853284206324817
3.4774999999999996,2.6082075,1.1929312192761898
3.389375,2.750037,1.1966873685903847
3.5062499999999996,2.5557964,1.2011803754081578
3.5625,2.7041614,1.2117962863460183
3.4475,2.7528632,1.2276138551026583
3.8193749999999995,2.7459073,1.263470200378895
5.944375,3.3200946,1.354064503158182
6.285,5.2675614,1.5526550257591905
6.29125,4.856938,1.8186238064609466
5.1725,5.042596,1.3845580248394609
4.579375,3.4466412,0.8710183789949865
4.29,3.2752736,0.6765551753745228
2.32625,2.9823163,0.6291455263806134
1.671875,1.2718636,0.6057667212119698
1.63,1.2861847,0.5916027711272984
1.64125,1.2065961,0.6536030558507889
1.608125,1.3376232,0.6923842061375081
1.656875,1.359376,0.7094690741174667
1.7337500000000001,1.4679528,0.7206067555180937
2.8762499999999998,1.5212066,0.7238203034188598
3.280625,2.6608992,0.7189585190056264
3.35375,2.4942627,1.01612987106815
3.461875,2.6959782,1.1589582311469317
3.5975000000000006,2.6899483,1.1767327132304013
3.440625,2.744597,1.1804247749786825
3.5318749999999994,2.5868518,1.1833091141232848
4.230625,2.7801476,1.189766210480556
4.655625,3.5152626,1.2043713979747146
5.20125,3.7707078,1.2255172049680352
5.97125,4.2981644,1.267066080943495
6.17,4.797741,1.3726021555250139
8.529375,4.7452235,1.5876474347658456
9.058125,6.672318,1.8474573306145519
7.44625,6.2223325,1.4133355346664043
7.08125,4.6754575,0.8957641031725333
6.071875,4.891951,0.6889895585364848
2.08125,3.8507035,0.6361505066411942
1.6868750000000001,0.86299646,0.6107560827393085
1.63,1.6337245,0.5953029061148315
1.643125,1.1884557,0.6530257694094628
1.61375,1.4295334,0.6917586795999109
1.6425,1.4368619,0.7114320672911405
1.6531250000000002,1.5619651,0.7253891032438725
2.736875,1.5381052,0.7306652142690867
3.2424999999999997,2.5959728,0.7266483292279392
4.5024999999999995,2.5001886,1.0180308199031278
5.053125,3.657674,1.1567222428829969
4.62875,3.6266131,1.1723211364924908
3.5712500000000005,3.1078773,1.173887045898512
3.35,2.4469082,1.1756987405884267
3.32875,2.5864806,1.1817181876425447
3.4081249999999996,2.620266,1.197026045960486
3.48125,2.8866057,1.2213495197912305
4.148125,3.095368,1.2736167670743168
6.0125,3.9112835,1.3942247819823028
5.881875,5.231531,1.6163051417090744
5.8025,4.4665627,1.864646652356684
4.686875000000001,4.6286373,1.4323368501073122
4.201874999999999,2.9857886,0.9143359920539708
4.26,2.9278562,0.6985424929728359
1.736875,2.9788704,0.6422975308094173
1.563125,0.7659749,0.6162283435774594
1.58125,1.3962194,0.6002792109218984
1.606875,1.1304163,0.6523221018894761
1.641875,1.3555076,0.689252486995086
1.544375,1.4202441,0.7095102376706898
1.60125,1.3548347,0.7242090149383992
2.699375,1.4632186,0.7302310534026474
3.236875,2.5280352,0.7266528143608569
3.374375,2.5119615,1.0144207364176214
3.896875,2.680696,1.150444751181677
4.0275,3.0651157,1.1655587520879507
3.9893750000000003,2.924597,1.167390779380426
3.495625,2.9198587,1.1693386227717997
3.4025,2.5502198,1.1755141524514556
3.416875,2.7300022,1.1903815707168728
3.478125,2.818694,1.2163049412941933
4.15625,3.02123,1.2796114960625768
6.115,3.8236268,1.409845204229802
5.940625000000001,5.2762384,1.6170467833544315
6.08,4.449279,1.8480650162900982
6.376875,4.859838,1.4177994379550218
6.385625,4.588634,0.9064755972763524
5.509375,4.4295087,0.697995805104971
2.109375,3.569057,0.6441470999550819
1.54,0.9248211,0.6186234045555442
1.586875,1.3789669,0.6032025208880752
1.56125,1.1885066,0.6501473107724637
1.543125,1.2843071,0.6846324014113098
2.573125,1.3248715,0.7043427665317058
2.725625,2.5455425,0.7186221340367943
2.790625,2.2296658,0.7244161284095794
3.1825,2.3306665,0.7206282841560989
4.23125,2.5434904,1.0082833802025766
4.046875,3.4559903,1.1426943418301643
3.241875,2.8189685,1.1562131304620207
3.3825,2.301788,1.1571852082697303
3.25625,2.6576662,1.1588536777151377
3.22875,2.4433088,1.1672697804612666
3.1975,2.6121397,1.1853418760312349
3.315,2.6800497,1.2180882301422955
4.33875,2.9766402,1.291094931376353
6.101875,4.079863,1.4239049995611608
5.949375,5.171375,1.6161042077543588
6.0125,4.453733,1.8293538391141593
5.54125,4.732698,1.3957737475528569
7.46,3.7566998,0.890575103395544
7.921875000000001,5.7196317,0.6927610569722205
7.7625,5.191101,0.6423032119777798
3.075625,5.2203245,0.6175046130666136
2.739375,1.2890859,0.6028516838242858
1.675,2.5020957,0.5878774197258055
1.625,1.0183607,0.58520188843593
1.666875,1.5069164,0.5887924865106493
1.5825,1.3507906,0.5924015234651416
1.625,1.3169672,0.594335114100799
1.74375,1.3896176,0.5940767704447358
2.679375,1.4545014,0.6789488409779221
2.578125,2.5064404,0.7089563735901564
4.9875,1.8812528,0.7038756150209158
7.773124999999999,4.5633216,0.6983593002105504
5.4799999999999995,5.9242954,0.695587089388892
4.80875,2.986803,0.6974823072206974
7.709999999999999,3.562848,0.7094505355680734
1.864375,6.1282654,0.7300478606403619
2.131875,0.57583827,0.7545281147839874
2.998125,2.6831682,0.7874735091269761
7.630000000000001,2.6221983,0.8432792272733153
9.155,7.322915,0.942239548814483
8.942499999999999,6.877852,0.7189102789093553
6.99125,5.708004,0.5841580485015362
3.9200000000000004,4.236206,0.5580816850569099
2.781875,2.3021286,0.5456482985911518
2.723125,2.0673163,0.5355542577856779
2.599375,2.019194,0.5292351041830331
1.6475,1.8776407,0.5635848434773832
1.62,1.0872066,0.5766610989946872
1.5775,1.4156862,0.5784523614124208
1.575,1.2525513,0.5797508572269231
1.5899999999999999,1.308845,0.5798257091118395
1.7231249999999998,1.2926828,0.5783880745072663
2.7262500000000003,1.3904238,0.6525046966340392
6.015625,2.502964,0.6796140360244363
8.978125,5.3208327,0.6764076643363386
9.15875,6.4738073,0.6716640880928934
8.7375,5.9340086,0.6674157701931893
8.591875,5.676894,0.6641434172163904
6.984999999999999,5.5984907,0.663697395665124
7.095625,4.27475,0.6682457191222161
7.75625,5.2001076,0.6782490605731308
6.61875,5.722181,0.6956983206852525
6.601875,4.768587,0.7263964640972018
7.4418750000000005,5.4756355,0.7956142247119545
9.2375,6.16088,0.6440410514789819
9.223125,6.336268,0.5670601238013059
5.313125,5.7206664,0.5549927241816371
2.63875,2.913693,0.5462171131147444
1.6287500000000001,1.8517935,0.5384921195164323
1.61625,1.240077,0.5330120844478905
1.561875,1.3096355,0.6484449536561221
1.7987500000000003,1.2073253,0.700215447551161
2.705625,1.5693713,0.7073413270612806
2.7024999999999997,2.5069091,0.7098691479737311
2.805625,2.1682653,0.7089834837269038
2.666875,2.3771431,0.7045513750471919
4.0425,2.0339725,1.0095301474840939
4.82875,3.564558,1.162622086392641
4.796875,3.6455073,1.187468327382356
4.733124999999999,3.4592946,1.195014015333578
4.819375,3.4125798,1.1987210275249183
4.769375,3.523026,1.1992947258599103
4.76,3.5173616,1.2082867196726799
2.86125,3.6747284,1.2258186059001088
2.37,1.9342235,1.2595309579720348
5.125,2.2203887,1.3468445355264098
5.058125,5.0665894,1.552281962370053
4.965,4.0193205,1.8313549060828238
3.768125,4.371251,1.4075760259822756
4.63125,2.4205613,0.8934227641198412
4.304375,3.9162817,0.6881415694061667
2.718125,2.7976499,0.6370452408234775
1.7249999999999999,1.647023,0.613141475764215
1.75625,1.161208,0.5985174507118016
1.7762500000000003,1.3347737,0.6625603646356613
1.7618750000000003,1.3579435,0.7025735311000794
1.7525,1.4298669,0.719843485565111
1.796875,1.4760988,0.7308573772972077
1.8687499999999997,1.55557,0.7342804307400435
2.265625,1.5982147,0.7294611055850982
3.094375,1.9438572,1.0204644031894952
4.6381250000000005,2.7643101,1.1605224461694061
4.66375,3.8965683,1.1776485773722083
4.57,3.3436697,1.180979436416179
3.9487500000000004,3.38522,1.1841594953244925
2.335625,2.7584028,1.1876212205800414
2.363125,1.6359372,1.2016495203113557
2.438125,2.1256354,1.223345802618116
2.75375,2.0528412,1.27003942505911
4.343125000000001,2.6163373,1.3828092216800154
4.898125,4.2751784,1.6076895003829152
4.90375,4.2144303,1.8772205729871987
4.67875,4.1713305,1.4488229030079396
4.586875,3.4448779,0.9256542249719426
2.62125,3.3204591,0.7024890112619847
1.87875,1.4141287,0.6442078984235227
1.789375,1.3789145,0.6180040575344116
1.72875,1.2747959,0.601865153921619
1.709375,1.2410215,0.6583291899106651
1.7643749999999998,1.3522007,0.6966407966157049
1.768125,1.4888563,0.7160319199419767
1.7412500000000002,1.5128249,0.7298159294337034
1.7806250000000001,1.5051683,0.7359114244081825
2.283125,1.5211095,0.7329266182862222
3.8443750000000008,1.9622829,1.019516644769162
4.753125,3.4441335,1.1554693957546354
4.77375,3.667795,1.1711133400325477
4.649375,3.4806478,1.173715614151433
4.898125,3.3558693,1.1762863926702738
5.11625,3.625258,1.1803343746329844
5.0575,3.772681,1.1949645792018622
2.491875,3.776375,1.2182658414058387
2.435625,1.5736057,1.275831625378728
4.355625,2.4675915,1.4054848576767742
4.733125,4.3426933,1.633582372056395
4.923125,4.103759,1.8896695079137384
4.45125,4.352821,1.4618252036669106
4.363125,3.2455668,0.9389467137306929
2.4675,3.3162684,0.7105939454532414
1.8668750000000003,1.3333329,0.6502361164042353
1.7725,1.4058796,0.6234657533928006
1.799375,1.2459136,0.6068885027895122
1.7400000000000002,1.3044358,0.656430483642146
1.7418749999999996,1.3272032,0.6923378597640246
1.7712500000000002,1.4242449,0.711864234765172
1.7674999999999998,1.4829893,0.7256368819201737
1.81125,1.4788932,0.731250374610424
2.259375,1.511103,0.7275264185836166
3.143125,1.926783,1.0141687716172636
4.770625,2.818843,1.1484633191282303
4.818125,4.0243864,1.16281115966253
5.109375,3.4611962,1.1647895019577443
5.16125,3.8847332,1.1673169241917134
5.144375,3.6926725,1.1723753567659856
5.0806249999999995,3.74821,1.1883610681722314
5.0975,3.755131,1.2188915672826768
4.843125,3.915937,1.291364139021039
5.006875,3.789293,1.4321538566842675
4.991875,4.2042704,1.6489271081338823
4.771875,4.1966143,1.8855555446623264
4.29375,4.0948167,1.4550972052814066
4.41875,3.1676958,0.934844860338159
2.9056249999999997,3.4780626,0.710507232883498
1.734375,1.7486284,0.651494046683237
1.60625,1.1940738,0.6251008335153758
1.653125,1.2282519,0.6090525295875221
1.623125,1.212135,0.6490486525468528
1.64625,1.2875079,0.6816453028880805
1.635,1.3580583,0.7023253537452966
1.649375,1.3379153,0.716757215769589
2.646875,1.3505211,0.7224512415131181
3.085,2.3937955,0.7187373521179705
4.66125,2.3671124,1.0004051943977177
5.9662500000000005,4.043549,1.131638887866363
5.940625,4.5080495,1.1459567278449239
4.671875,4.1650515,1.1488552200756224
5.3175,3.0476584,1.1521185031169654
5.224375,4.1537476,1.1601353293637933
5.303125,3.6639729,1.1791718281807007
5.17625,4.085521,1.223040215561986
3.83,3.9917512,1.3110094198793174
5.26125,2.8654273,1.4516485367461294
6.098125,4.9394317,1.649756558714807
6.26125,4.9234447,1.8705066280181704
5.671250000000001,5.012065,1.434243330606222
3.935625,4.061402,0.9182412471202761
3.305625,2.4518578,0.7040304019413888
3.160625,2.410671,0.6482945521989465
3.0456250000000002,2.2874684,0.6226129801207035
3.0081249999999997,2.2324367,0.6073657209319621
2.959375,2.239879,0.5857497723392396
2.9775,2.2673006,0.5807834344942122
2.97375,2.3069715,0.5845471586995572
2.960625,2.2778614,0.5892712993670255
2.95125,2.2510376,0.5925202299830317
2.94,2.2170918,0.5929656535165757
2.9368749999999997,2.1900568,0.6771290730487555
4.13875,2.265075,0.7038522923297434
5.855,3.5855188,0.6950127930361777
5.94,4.7991824,0.6880110022034496
6.0025,4.2957783,0.684813002763465
5.989375,4.51349,0.6855773690822721
6.17875,4.3970265,0.6964525207027793
6.115,4.643877,0.7175226784542202
6.50375,4.548984,0.7428026816318929
7.5825,5.057838,0.7788466051337123
8.414375,5.9366484,0.8365202316358686
7.040625,6.372101,0.9514840556105227
5.28,5.0065713,0.7343125243578106
3.3425000000000002,3.5499983,0.5931401750218868
3.179375,2.207699,0.5649867963578552
3.0387500000000003,2.569581,0.5511024195583909
3.04,2.2604756,0.5390338239032775
3.034375,2.37854,0.5308862311144917
3.0168749999999998,2.3272371,0.5584031195826828
3.0625,2.3422222,0.5692117915663868
3.003125,2.3573313,0.5708781679497659
3.025625,2.238704,0.5727684023005515
3.029375,2.257666,0.5747484389793127
3.0125,2.2282352,0.5761786980319767
3.07375,2.2155492,0.652565993450582
6.50125,2.3325126,0.6804428885876387
7.19875,5.804398,0.6770796369170398
7.543125000000001,5.006385,0.6718420980349182
7.14125,5.583116,0.6670055300356448
4.750624999999999,4.9259677,0.6630354897160827
1.8918750000000002,2.9565384,0.6614512410999089
1.7612499999999998,1.1456141,0.6649394784744829
1.7762500000000003,1.6878029,0.6717062483423203
1.8618750000000002,1.4584949,0.6824192374904453
1.886875,1.7496002,0.7129493379224091
2.35875,1.8638037,0.7909240713850408
2.695,2.5733662,0.6505296434362977
1.8987499999999997,2.020092,0.572977110485658
1.87125,1.2574422,0.5607488440986722
1.8968750000000003,1.5007486,0.5526753058378399
1.6849999999999998,1.3539069,0.5452156327690184
1.53125,1.1688223,0.5397685883448272
1.524375,1.0881884,0.6573639893067628
1.546875,1.1200991,0.709725424381122
1.518125,1.1491013,0.7167233280986547
1.52125,1.1399668,0.7191341368767619
1.586875,1.2127237,0.7182510640400648
2.3831249999999997,1.3183382,0.7138760660528392
4.9087499999999995,2.194631,1.0114008465892823
6.202500000000001,4.4888935,1.1609677700333298
4.094375,4.6066146,1.185612379380986
4.281874999999999,2.5172653,1.1939055894851685
4.506875,3.5004234,1.198078058803752
4.06125,3.2098117,1.1987906965895743
3.765625,2.8906388,1.2011336303561926
3.8243750000000003,2.8569908,1.2147089316628128
4.610625000000001,3.1128576,1.2414689290337264
6.39125,4.0251985,1.3138236912807824
6.46,5.3819385,1.4822548844376953
6.26375,4.9042563,1.728732872192785
5.993125,4.9427075,1.3302849264459313
5.773125,4.33637,0.8583412504725532
5.686875000000001,4.135328,0.6840052801597863
3.4843749999999996,4.0458994,0.6415903748527169
2.940625,2.008022,0.6198470484851301
2.97125,2.270537,0.6066432158537208
2.934375,2.2009838,0.6712122857036441
2.940625,2.3152752,0.7096330306430161
2.9425,2.3865633,0.7250335817079245
2.61625,2.4107547,0.7349195123460144
2.6925,2.0753438,0.7379477744224667
3.153125,2.2592702,0.7335329085870832
3.21,2.5916696,1.0172662044102698
3.31625,2.6030366,1.1547046307573468
3.414375,2.700791,1.1733975683927536
3.5281249999999997,2.6989822,1.1785941430608928
3.6393750000000002,2.7772582,1.1829406355366856
3.8206249999999997,2.862802,1.1866243250368536
3.7881249999999995,3.0584223,1.1926745700036734
3.7487500000000007,3.0159786,1.2093494968349487
4.8925,3.0827043,1.2412992913398146
6.215,4.3060894,1.3301052221203595
5.826875,5.0037107,1.5146844884951414
6.081875,4.364165,1.7516814036101847
5.725,4.890236,1.3511607284376026
5.75625,3.9752693,0.8735981277796626
5.18125,4.208085,0.6928113901305198
2.95375,3.5394256,0.6477225482475012
2.936875,1.7322968,0.6245262381538004
2.98875,2.41969,0.6103624874083697
2.996875,2.1977715,0.6662744533700495
