model,start_epoch_time,end_epoch_time,epoch,train_loss,val_loss
models/powernet_lstm64_mlp132_mlp216_final32_dropout0.2_lr0.001.pt,2025-06-23 15:50:20,2025-06-23 15:50:20,1,0.012402429269509069,0.03628687234595418
models/powernet_lstm64_mlp132_mlp216_final32_dropout0.2_lr0.001.pt,2025-06-23 15:50:22,2025-06-23 15:50:22,2,0.011994582987273626,0.03720843738743237
models/powernet_lstm64_mlp132_mlp216_final32_dropout0.2_lr0.001.pt,2025-06-23 15:50:23,2025-06-23 15:50:24,3,0.013645126481205024,0.034079984395897815
models/powernet_lstm64_mlp132_mlp216_final32_dropout0.2_lr0.001.pt,2025-06-23 15:50:25,2025-06-23 15:50:25,4,0.011538811725139531,0.028731322603388912
models/powernet_lstm64_mlp132_mlp216_final32_dropout0.2_lr0.001.pt,2025-06-23 15:50:27,2025-06-23 15:50:27,5,0.005222577801694856,0.012006035928303996
models/powernet_lstm64_mlp132_mlp216_final32_dropout0.2_lr0.001.pt,2025-06-23 15:50:29,2025-06-23 15:50:29,6,0.0032223389350673963,0.007297002746435325
models/powernet_lstm64_mlp132_mlp216_final32_dropout0.2_lr0.001.pt,2025-06-23 15:50:30,2025-06-23 15:50:31,7,0.0027946816295936977,0.0068222129817253774
models/powernet_lstm64_mlp132_mlp216_final32_dropout0.2_lr0.001.pt,2025-06-23 15:50:32,2025-06-23 15:50:32,8,0.0027245633442805643,0.006235774986201986
models/powernet_lstm64_mlp132_mlp216_final32_dropout0.2_lr0.001.pt,2025-06-23 15:50:34,2025-06-23 15:50:34,9,0.0026534600506482836,0.006533210271126812
models/powernet_lstm64_mlp132_mlp216_final32_dropout0.2_lr0.001.pt,2025-06-23 15:50:36,2025-06-23 15:50:36,10,0.002640365326631477,0.006477034021545911
models/powernet_lstm64_mlp132_mlp216_final32_dropout0.2_lr0.001.pt,2025-06-23 15:50:38,2025-06-23 15:50:38,11,0.002605980713321831,0.006318150600972807
models/powernet_lstm64_mlp132_mlp216_final32_dropout0.2_lr0.001.pt,2025-06-23 15:50:39,2025-06-23 15:50:39,12,0.002603289571100025,0.0064136448393886285
models/powernet_lstm64_mlp132_mlp216_final32_dropout0.2_lr0.001.pt,2025-06-23 15:50:41,2025-06-23 15:50:41,13,0.0025919379424593765,0.00628182365714262
models/powernet_lstm64_mlp132_mlp216_final32_dropout0.2_lr0.001.pt,2025-06-23 15:50:43,2025-06-23 15:50:43,14,0.002536302247832823,0.006491755093780479
models/powernet_lstm64_mlp132_mlp216_final32_dropout0.2_lr0.001.pt,2025-06-23 15:50:45,2025-06-23 15:50:45,15,0.0025701709472412395,0.006550324523621904
models/powernet_lstm64_mlp132_mlp216_final32_dropout0.2_lr0.001.pt,2025-06-23 15:50:46,2025-06-23 15:50:46,16,0.002556263659899223,0.006540913362100366
models/powernet_lstm64_mlp132_mlp216_final32_dropout0.2_lr0.001.pt,2025-06-23 15:50:48,2025-06-23 15:50:48,17,0.002523017414387793,0.0066900880705188254
models/powernet_lstm64_mlp132_mlp216_final32_dropout0.2_lr0.001.pt,2025-06-23 15:50:50,2025-06-23 15:50:50,18,0.002539968149809335,0.00668844457028345
models/powernet_lstm64_mlp132_mlp216_final32_dropout0.2_lr0.001.pt,2025-06-23 15:50:51,2025-06-23 15:50:52,19,0.002540922248243658,0.006621274384780831
models/powernet_lstm64_mlp132_mlp216_final32_dropout0.2_lr0.001.pt,2025-06-23 15:50:53,2025-06-23 15:50:53,20,0.00250033148228296,0.006366518051696143
models/powernet_lstm64_mlp132_mlp216_final32_dropout0.2_lr0.0005.pt,2025-06-23 15:50:55,2025-06-23 15:50:55,1,0.013489703869461299,0.04391326176534806
models/powernet_lstm64_mlp132_mlp216_final32_dropout0.2_lr0.0005.pt,2025-06-23 15:50:57,2025-06-23 15:50:57,2,0.016107661159826762,0.04315036373390328
models/powernet_lstm64_mlp132_mlp216_final32_dropout0.2_lr0.0005.pt,2025-06-23 15:50:59,2025-06-23 15:50:59,3,0.018186606315930966,0.029159594815047013
models/powernet_lstm64_mlp132_mlp216_final32_dropout0.2_lr0.0005.pt,2025-06-23 15:51:00,2025-06-23 15:51:01,4,0.015333145637378951,0.029518740185137306
models/powernet_lstm64_mlp132_mlp216_final32_dropout0.2_lr0.0005.pt,2025-06-23 15:51:02,2025-06-23 15:51:02,5,0.009297186504341378,0.019943319504991883
models/powernet_lstm64_mlp132_mlp216_final32_dropout0.2_lr0.0005.pt,2025-06-23 15:51:04,2025-06-23 15:51:04,6,0.005344477104416157,0.01207973742635832
models/powernet_lstm64_mlp132_mlp216_final32_dropout0.2_lr0.0005.pt,2025-06-23 15:51:06,2025-06-23 15:51:06,7,0.00371036779756243,0.0087196815404154
models/powernet_lstm64_mlp132_mlp216_final32_dropout0.2_lr0.0005.pt,2025-06-23 15:51:08,2025-06-23 15:51:08,8,0.003110114507609561,0.007096891970528911
models/powernet_lstm64_mlp132_mlp216_final32_dropout0.2_lr0.0005.pt,2025-06-23 15:51:10,2025-06-23 15:51:10,9,0.002854883763803533,0.006401604812015735
models/powernet_lstm64_mlp132_mlp216_final32_dropout0.2_lr0.0005.pt,2025-06-23 15:51:11,2025-06-23 15:51:11,10,0.0027505082914517694,0.00627902293178652
models/powernet_lstm64_mlp132_mlp216_final32_dropout0.2_lr0.0005.pt,2025-06-23 15:51:13,2025-06-23 15:51:13,11,0.002711387614419769,0.0062546681978606754
models/powernet_lstm64_mlp132_mlp216_final32_dropout0.2_lr0.0005.pt,2025-06-23 15:51:15,2025-06-23 15:51:15,12,0.0026270569641738514,0.0062971301432255475
models/powernet_lstm64_mlp132_mlp216_final32_dropout0.2_lr0.0005.pt,2025-06-23 15:51:17,2025-06-23 15:51:17,13,0.002666168389656234,0.006306227759480299
models/powernet_lstm64_mlp132_mlp216_final32_dropout0.2_lr0.0005.pt,2025-06-23 15:51:18,2025-06-23 15:51:18,14,0.002610941951711392,0.006181058773238744
models/powernet_lstm64_mlp132_mlp216_final32_dropout0.2_lr0.0005.pt,2025-06-23 15:51:19,2025-06-23 15:51:19,15,0.0026236647963187973,0.006274429995322689
models/powernet_lstm64_mlp132_mlp216_final32_dropout0.2_lr0.0005.pt,2025-06-23 15:51:20,2025-06-23 15:51:20,16,0.0025907131432998747,0.006261692221631252
models/powernet_lstm64_mlp132_mlp216_final32_dropout0.2_lr0.0005.pt,2025-06-23 15:51:21,2025-06-23 15:51:21,17,0.002567483784603147,0.006363043722341813
models/powernet_lstm64_mlp132_mlp216_final32_dropout0.2_lr0.0005.pt,2025-06-23 15:51:22,2025-06-23 15:51:23,18,0.0025655447110478637,0.006342911787907637
models/powernet_lstm64_mlp132_mlp216_final32_dropout0.2_lr0.0005.pt,2025-06-23 15:51:24,2025-06-23 15:51:24,19,0.0025478800941583298,0.006521912197405029
models/powernet_lstm64_mlp132_mlp216_final32_dropout0.2_lr0.0005.pt,2025-06-23 15:51:25,2025-06-23 15:51:25,20,0.0025235104235483744,0.006452132459907304
models/powernet_lstm64_mlp132_mlp216_final32_dropout0.3_lr0.001.pt,2025-06-23 15:51:26,2025-06-23 15:51:26,1,0.010969289343058896,0.039491103950976617
models/powernet_lstm64_mlp132_mlp216_final32_dropout0.3_lr0.001.pt,2025-06-23 15:51:27,2025-06-23 15:51:27,2,0.010826182047372073,0.03682752682029137
models/powernet_lstm64_mlp132_mlp216_final32_dropout0.3_lr0.001.pt,2025-06-23 15:51:28,2025-06-23 15:51:28,3,0.0099486015347128,0.026271722867109236
models/powernet_lstm64_mlp132_mlp216_final32_dropout0.3_lr0.001.pt,2025-06-23 15:51:29,2025-06-23 15:51:29,4,0.005432647165200193,0.011696414179390385
models/powernet_lstm64_mlp132_mlp216_final32_dropout0.3_lr0.001.pt,2025-06-23 15:51:30,2025-06-23 15:51:30,5,0.0034933252257793993,0.007734383553421746
models/powernet_lstm64_mlp132_mlp216_final32_dropout0.3_lr0.001.pt,2025-06-23 15:51:31,2025-06-23 15:51:31,6,0.0030066789554325218,0.006988523078949324
models/powernet_lstm64_mlp132_mlp216_final32_dropout0.3_lr0.001.pt,2025-06-23 15:51:32,2025-06-23 15:51:32,7,0.002922339382776273,0.006524672906380147
models/powernet_lstm64_mlp132_mlp216_final32_dropout0.3_lr0.001.pt,2025-06-23 15:51:33,2025-06-23 15:51:34,8,0.002871677980832939,0.006619032567998927
models/powernet_lstm64_mlp132_mlp216_final32_dropout0.3_lr0.001.pt,2025-06-23 15:51:35,2025-06-23 15:51:35,9,0.0027884012579502317,0.0065619658964264785
models/powernet_lstm64_mlp132_mlp216_final32_dropout0.3_lr0.001.pt,2025-06-23 15:51:36,2025-06-23 15:51:36,10,0.00273015122425886,0.006401319720593858
models/powernet_lstm64_mlp132_mlp216_final32_dropout0.3_lr0.001.pt,2025-06-23 15:51:37,2025-06-23 15:51:37,11,0.0027281693728452073,0.006713926279363001
models/powernet_lstm64_mlp132_mlp216_final32_dropout0.3_lr0.001.pt,2025-06-23 15:51:38,2025-06-23 15:51:38,12,0.0026914690316389364,0.006451990660501733
models/powernet_lstm64_mlp132_mlp216_final32_dropout0.3_lr0.001.pt,2025-06-23 15:51:39,2025-06-23 15:51:39,13,0.0026913462501410627,0.006564658021532176
models/powernet_lstm64_mlp132_mlp216_final32_dropout0.3_lr0.001.pt,2025-06-23 15:51:40,2025-06-23 15:51:40,14,0.002634666035077818,0.0063468559570277906
models/powernet_lstm64_mlp132_mlp216_final32_dropout0.3_lr0.001.pt,2025-06-23 15:51:41,2025-06-23 15:51:41,15,0.002599588328336973,0.006527816316866804
models/powernet_lstm64_mlp132_mlp216_final32_dropout0.3_lr0.001.pt,2025-06-23 15:51:42,2025-06-23 15:51:42,16,0.0026083139366888373,0.006693265969044573
models/powernet_lstm64_mlp132_mlp216_final32_dropout0.3_lr0.001.pt,2025-06-23 15:51:43,2025-06-23 15:51:43,17,0.0025863853150955318,0.006468665417438994
models/powernet_lstm64_mlp132_mlp216_final32_dropout0.3_lr0.001.pt,2025-06-23 15:51:44,2025-06-23 15:51:45,18,0.002554044457672808,0.00670124413833643
models/powernet_lstm64_mlp132_mlp216_final32_dropout0.3_lr0.001.pt,2025-06-23 15:51:46,2025-06-23 15:51:46,19,0.0025799946851551027,0.0064737232917520615
models/powernet_lstm64_mlp132_mlp216_final32_dropout0.3_lr0.001.pt,2025-06-23 15:51:47,2025-06-23 15:51:47,20,0.0025688081799652078,0.006450164730527571
models/powernet_lstm64_mlp132_mlp216_final32_dropout0.3_lr0.0005.pt,2025-06-23 15:51:48,2025-06-23 15:51:48,1,0.016561437984235837,0.04399932896540988
models/powernet_lstm64_mlp132_mlp216_final32_dropout0.3_lr0.0005.pt,2025-06-23 15:51:49,2025-06-23 15:51:49,2,0.01743882714426913,0.042845913918600195
models/powernet_lstm64_mlp132_mlp216_final32_dropout0.3_lr0.0005.pt,2025-06-23 15:51:50,2025-06-23 15:51:50,3,0.018965674965228472,0.02832861856690475
models/powernet_lstm64_mlp132_mlp216_final32_dropout0.3_lr0.0005.pt,2025-06-23 15:51:51,2025-06-23 15:51:51,4,0.014116709191505681,0.02924689939910812
models/powernet_lstm64_mlp132_mlp216_final32_dropout0.3_lr0.0005.pt,2025-06-23 15:51:52,2025-06-23 15:51:52,5,0.008777454807070472,0.018573968815395518
models/powernet_lstm64_mlp132_mlp216_final32_dropout0.3_lr0.0005.pt,2025-06-23 15:51:54,2025-06-23 15:51:54,6,0.005177460133730631,0.011974720273255593
models/powernet_lstm64_mlp132_mlp216_final32_dropout0.3_lr0.0005.pt,2025-06-23 15:51:55,2025-06-23 15:51:55,7,0.003683222617889758,0.008204027744276183
models/powernet_lstm64_mlp132_mlp216_final32_dropout0.3_lr0.0005.pt,2025-06-23 15:51:56,2025-06-23 15:51:56,8,0.003107947433681568,0.006862907784081818
models/powernet_lstm64_mlp132_mlp216_final32_dropout0.3_lr0.0005.pt,2025-06-23 15:51:57,2025-06-23 15:51:57,9,0.0028999401968912183,0.006326922617431376
models/powernet_lstm64_mlp132_mlp216_final32_dropout0.3_lr0.0005.pt,2025-06-23 15:51:58,2025-06-23 15:51:58,10,0.002818760986808741,0.0061876628647691435
models/powernet_lstm64_mlp132_mlp216_final32_dropout0.3_lr0.0005.pt,2025-06-23 15:51:59,2025-06-23 15:51:59,11,0.0027962220923668005,0.006341019199074556
models/powernet_lstm64_mlp132_mlp216_final32_dropout0.3_lr0.0005.pt,2025-06-23 15:52:00,2025-06-23 15:52:00,12,0.0027604227726315197,0.006317599513013626
models/powernet_lstm64_mlp132_mlp216_final32_dropout0.3_lr0.0005.pt,2025-06-23 15:52:01,2025-06-23 15:52:01,13,0.002753659785050468,0.006509071376751221
models/powernet_lstm64_mlp132_mlp216_final32_dropout0.3_lr0.0005.pt,2025-06-23 15:52:02,2025-06-23 15:52:02,14,0.0026866828543021374,0.006253607338294387
models/powernet_lstm64_mlp132_mlp216_final32_dropout0.3_lr0.0005.pt,2025-06-23 15:52:04,2025-06-23 15:52:04,15,0.002725141211343999,0.006298902317038959
models/powernet_lstm64_mlp132_mlp216_final32_dropout0.3_lr0.0005.pt,2025-06-23 15:52:05,2025-06-23 15:52:05,16,0.0026742962542280813,0.006445579288993031
models/powernet_lstm64_mlp132_mlp216_final32_dropout0.3_lr0.0005.pt,2025-06-23 15:52:06,2025-06-23 15:52:06,17,0.0026595612604414717,0.006365359705384998
models/powernet_lstm64_mlp132_mlp216_final32_dropout0.3_lr0.0005.pt,2025-06-23 15:52:07,2025-06-23 15:52:07,18,0.00264497838554404,0.00645753341294559
models/powernet_lstm64_mlp132_mlp216_final32_dropout0.3_lr0.0005.pt,2025-06-23 15:52:08,2025-06-23 15:52:08,19,0.002618148792109462,0.006424853700168785
models/powernet_lstm64_mlp132_mlp216_final32_dropout0.3_lr0.0005.pt,2025-06-23 15:52:09,2025-06-23 15:52:09,20,0.002616039858950514,0.006387242908766936
models/powernet_lstm64_mlp132_mlp216_final64_dropout0.2_lr0.001.pt,2025-06-23 15:52:10,2025-06-23 15:52:10,1,0.010477864235434281,0.0363326169816511
models/powernet_lstm64_mlp132_mlp216_final64_dropout0.2_lr0.001.pt,2025-06-23 15:52:11,2025-06-23 15:52:11,2,0.011243210544356556,0.0334264950693718
models/powernet_lstm64_mlp132_mlp216_final64_dropout0.2_lr0.001.pt,2025-06-23 15:52:13,2025-06-23 15:52:13,3,0.01041629713345369,0.03096849333849691
models/powernet_lstm64_mlp132_mlp216_final64_dropout0.2_lr0.001.pt,2025-06-23 15:52:14,2025-06-23 15:52:14,4,0.007555693198184442,0.016402066191880123
models/powernet_lstm64_mlp132_mlp216_final64_dropout0.2_lr0.001.pt,2025-06-23 15:52:15,2025-06-23 15:52:15,5,0.00360286057822191,0.007917625740880058
models/powernet_lstm64_mlp132_mlp216_final64_dropout0.2_lr0.001.pt,2025-06-23 15:52:16,2025-06-23 15:52:16,6,0.002923727547603836,0.007166581350334343
models/powernet_lstm64_mlp132_mlp216_final64_dropout0.2_lr0.001.pt,2025-06-23 15:52:17,2025-06-23 15:52:17,7,0.002846732568886635,0.00702133676081541
models/powernet_lstm64_mlp132_mlp216_final64_dropout0.2_lr0.001.pt,2025-06-23 15:52:18,2025-06-23 15:52:18,8,0.0027972351372977182,0.006802266957016573
models/powernet_lstm64_mlp132_mlp216_final64_dropout0.2_lr0.001.pt,2025-06-23 15:52:19,2025-06-23 15:52:19,9,0.002750482376290178,0.007010790131365259
models/powernet_lstm64_mlp132_mlp216_final64_dropout0.2_lr0.001.pt,2025-06-23 15:52:20,2025-06-23 15:52:20,10,0.0027102548717191496,0.00704945925722963
models/powernet_lstm64_mlp132_mlp216_final64_dropout0.2_lr0.001.pt,2025-06-23 15:52:22,2025-06-23 15:52:22,11,0.002671268616439349,0.007124985263328112
models/powernet_lstm64_mlp132_mlp216_final64_dropout0.2_lr0.001.pt,2025-06-23 15:52:23,2025-06-23 15:52:23,12,0.0026821284550986933,0.007066997247637205
models/powernet_lstm64_mlp132_mlp216_final64_dropout0.2_lr0.001.pt,2025-06-23 15:52:24,2025-06-23 15:52:24,13,0.002627080331237713,0.007219179516791233
models/powernet_lstm64_mlp132_mlp216_final64_dropout0.2_lr0.001.pt,2025-06-23 15:52:25,2025-06-23 15:52:25,14,0.002594602299899223,0.007188878218931634
models/powernet_lstm64_mlp132_mlp216_final64_dropout0.2_lr0.001.pt,2025-06-23 15:52:26,2025-06-23 15:52:26,15,0.0025761932388687,0.0070095578973580685
models/powernet_lstm64_mlp132_mlp216_final64_dropout0.2_lr0.001.pt,2025-06-23 15:52:27,2025-06-23 15:52:27,16,0.002580766101688227,0.007148356958558517
models/powernet_lstm64_mlp132_mlp216_final64_dropout0.2_lr0.001.pt,2025-06-23 15:52:28,2025-06-23 15:52:28,17,0.0025777538118931533,0.007287262063029976
models/powernet_lstm64_mlp132_mlp216_final64_dropout0.2_lr0.001.pt,2025-06-23 15:52:29,2025-06-23 15:52:29,18,0.0025519888698009485,0.007290492654733714
models/powernet_lstm64_mlp132_mlp216_final64_dropout0.2_lr0.001.pt,2025-06-23 15:52:30,2025-06-23 15:52:31,19,0.002551598617764053,0.006734039803545568
models/powernet_lstm64_mlp132_mlp216_final64_dropout0.2_lr0.001.pt,2025-06-23 15:52:32,2025-06-23 15:52:32,20,0.0025540622288472183,0.007033724720323724
models/powernet_lstm64_mlp132_mlp216_final64_dropout0.2_lr0.0005.pt,2025-06-23 15:52:33,2025-06-23 15:52:33,1,0.011384729310364453,0.040693553419606315
models/powernet_lstm64_mlp132_mlp216_final64_dropout0.2_lr0.0005.pt,2025-06-23 15:52:34,2025-06-23 15:52:34,2,0.013992935781889532,0.04314812722926339
models/powernet_lstm64_mlp132_mlp216_final64_dropout0.2_lr0.0005.pt,2025-06-23 15:52:35,2025-06-23 15:52:35,3,0.015316238511256927,0.0379005795832546
models/powernet_lstm64_mlp132_mlp216_final64_dropout0.2_lr0.0005.pt,2025-06-23 15:52:36,2025-06-23 15:52:36,4,0.01367839734375854,0.03210992558992335
models/powernet_lstm64_mlp132_mlp216_final64_dropout0.2_lr0.0005.pt,2025-06-23 15:52:37,2025-06-23 15:52:37,5,0.007991260466782132,0.01688869388419248
models/powernet_lstm64_mlp132_mlp216_final64_dropout0.2_lr0.0005.pt,2025-06-23 15:52:38,2025-06-23 15:52:39,6,0.004298446070071974,0.010966453307663045
models/powernet_lstm64_mlp132_mlp216_final64_dropout0.2_lr0.0005.pt,2025-06-23 15:52:40,2025-06-23 15:52:40,7,0.0033524862349665085,0.008297594790790407
models/powernet_lstm64_mlp132_mlp216_final64_dropout0.2_lr0.0005.pt,2025-06-23 15:52:41,2025-06-23 15:52:41,8,0.0029969098132273087,0.007210402314307257
models/powernet_lstm64_mlp132_mlp216_final64_dropout0.2_lr0.0005.pt,2025-06-23 15:52:42,2025-06-23 15:52:42,9,0.0028817381020658315,0.006899546964892319
models/powernet_lstm64_mlp132_mlp216_final64_dropout0.2_lr0.0005.pt,2025-06-23 15:52:43,2025-06-23 15:52:43,10,0.0027930781370513707,0.006788093186471434
models/powernet_lstm64_mlp132_mlp216_final64_dropout0.2_lr0.0005.pt,2025-06-23 15:52:44,2025-06-23 15:52:44,11,0.002731823743498128,0.006663418000763548
models/powernet_lstm64_mlp132_mlp216_final64_dropout0.2_lr0.0005.pt,2025-06-23 15:52:45,2025-06-23 15:52:45,12,0.0027426008253373328,0.0067618429782756026
models/powernet_lstm64_mlp132_mlp216_final64_dropout0.2_lr0.0005.pt,2025-06-23 15:52:47,2025-06-23 15:52:47,13,0.002709003169615094,0.0066510048373380586
models/powernet_lstm64_mlp132_mlp216_final64_dropout0.2_lr0.0005.pt,2025-06-23 15:52:48,2025-06-23 15:52:48,14,0.002666805603367854,0.006464901715627916
models/powernet_lstm64_mlp132_mlp216_final64_dropout0.2_lr0.0005.pt,2025-06-23 15:52:49,2025-06-23 15:52:49,15,0.0026409037502331902,0.006364635222347542
models/powernet_lstm64_mlp132_mlp216_final64_dropout0.2_lr0.0005.pt,2025-06-23 15:52:50,2025-06-23 15:52:50,16,0.0026402870775669844,0.006532713490915263
models/powernet_lstm64_mlp132_mlp216_final64_dropout0.2_lr0.0005.pt,2025-06-23 15:52:51,2025-06-23 15:52:51,17,0.002592972835839232,0.006326884108905991
models/powernet_lstm64_mlp132_mlp216_final64_dropout0.2_lr0.0005.pt,2025-06-23 15:52:52,2025-06-23 15:52:52,18,0.002600806683605899,0.006424691220412829
models/powernet_lstm64_mlp132_mlp216_final64_dropout0.2_lr0.0005.pt,2025-06-23 15:52:53,2025-06-23 15:52:53,19,0.002565141388079098,0.006375000421290419
models/powernet_lstm64_mlp132_mlp216_final64_dropout0.2_lr0.0005.pt,2025-06-23 15:52:55,2025-06-23 15:52:55,20,0.0025729179065155055,0.006293218621673684
models/powernet_lstm64_mlp132_mlp216_final64_dropout0.3_lr0.001.pt,2025-06-23 15:52:56,2025-06-23 15:52:56,1,0.010491385061617634,0.03771448649820827
models/powernet_lstm64_mlp132_mlp216_final64_dropout0.3_lr0.001.pt,2025-06-23 15:52:57,2025-06-23 15:52:57,2,0.011932647333995315,0.035392745109718474
models/powernet_lstm64_mlp132_mlp216_final64_dropout0.3_lr0.001.pt,2025-06-23 15:52:58,2025-06-23 15:52:58,3,0.011976454820897844,0.0360085090755352
models/powernet_lstm64_mlp132_mlp216_final64_dropout0.3_lr0.001.pt,2025-06-23 15:52:59,2025-06-23 15:52:59,4,0.01198249812718601,0.02915911232343032
models/powernet_lstm64_mlp132_mlp216_final64_dropout0.3_lr0.001.pt,2025-06-23 15:53:00,2025-06-23 15:53:01,5,0.006904964228809518,0.014264033686014869
models/powernet_lstm64_mlp132_mlp216_final64_dropout0.3_lr0.001.pt,2025-06-23 15:53:02,2025-06-23 15:53:02,6,0.0034272441441046348,0.0075268364716542975
models/powernet_lstm64_mlp132_mlp216_final64_dropout0.3_lr0.001.pt,2025-06-23 15:53:03,2025-06-23 15:53:03,7,0.00292842452842859,0.006855425219761119
models/powernet_lstm64_mlp132_mlp216_final64_dropout0.3_lr0.001.pt,2025-06-23 15:53:04,2025-06-23 15:53:04,8,0.0028117090208275666,0.006782951770305988
models/powernet_lstm64_mlp132_mlp216_final64_dropout0.3_lr0.001.pt,2025-06-23 15:53:05,2025-06-23 15:53:05,9,0.002782677791597101,0.0068153013320018845
models/powernet_lstm64_mlp132_mlp216_final64_dropout0.3_lr0.001.pt,2025-06-23 15:53:06,2025-06-23 15:53:06,10,0.002758949481238324,0.006973085963788132
models/powernet_lstm64_mlp132_mlp216_final64_dropout0.3_lr0.001.pt,2025-06-23 15:53:07,2025-06-23 15:53:07,11,0.0027433372632649188,0.0067916392858716704
models/powernet_lstm64_mlp132_mlp216_final64_dropout0.3_lr0.001.pt,2025-06-23 15:53:08,2025-06-23 15:53:08,12,0.002686390612804536,0.006806808471169677
models/powernet_lstm64_mlp132_mlp216_final64_dropout0.3_lr0.001.pt,2025-06-23 15:53:10,2025-06-23 15:53:10,13,0.0026626005759074665,0.0066500736561249055
models/powernet_lstm64_mlp132_mlp216_final64_dropout0.3_lr0.001.pt,2025-06-23 15:53:11,2025-06-23 15:53:11,14,0.0026147779894128563,0.0070579397447762034
models/powernet_lstm64_mlp132_mlp216_final64_dropout0.3_lr0.001.pt,2025-06-23 15:53:12,2025-06-23 15:53:12,15,0.0026114278555473005,0.007026561097951517
models/powernet_lstm64_mlp132_mlp216_final64_dropout0.3_lr0.001.pt,2025-06-23 15:53:13,2025-06-23 15:53:13,16,0.0026075658854201444,0.006905235436057583
models/powernet_lstm64_mlp132_mlp216_final64_dropout0.3_lr0.001.pt,2025-06-23 15:53:14,2025-06-23 15:53:14,17,0.0025716249636056464,0.007064447449963717
models/powernet_lstm64_mlp132_mlp216_final64_dropout0.3_lr0.001.pt,2025-06-23 15:53:15,2025-06-23 15:53:15,18,0.002615242879474736,0.0070138986311143355
models/powernet_lstm64_mlp132_mlp216_final64_dropout0.3_lr0.001.pt,2025-06-23 15:53:16,2025-06-23 15:53:16,19,0.002576073773877485,0.006975667778446916
models/powernet_lstm64_mlp132_mlp216_final64_dropout0.3_lr0.001.pt,2025-06-23 15:53:18,2025-06-23 15:53:18,20,0.0025846702940670245,0.006924723724036345
models/powernet_lstm64_mlp132_mlp216_final64_dropout0.3_lr0.0005.pt,2025-06-23 15:53:19,2025-06-23 15:53:19,1,0.011079657222932925,0.03849821498927971
models/powernet_lstm64_mlp132_mlp216_final64_dropout0.3_lr0.0005.pt,2025-06-23 15:53:20,2025-06-23 15:53:20,2,0.012599138428576417,0.0369960460146623
models/powernet_lstm64_mlp132_mlp216_final64_dropout0.3_lr0.0005.pt,2025-06-23 15:53:21,2025-06-23 15:53:21,3,0.012331704249940179,0.03424983961685073
models/powernet_lstm64_mlp132_mlp216_final64_dropout0.3_lr0.0005.pt,2025-06-23 15:53:22,2025-06-23 15:53:22,4,0.01093100726953499,0.03181914368733054
models/powernet_lstm64_mlp132_mlp216_final64_dropout0.3_lr0.0005.pt,2025-06-23 15:53:23,2025-06-23 15:53:23,5,0.007063029437481533,0.01832503004975262
models/powernet_lstm64_mlp132_mlp216_final64_dropout0.3_lr0.0005.pt,2025-06-23 15:53:24,2025-06-23 15:53:24,6,0.00435241076052748,0.012029945539931456
models/powernet_lstm64_mlp132_mlp216_final64_dropout0.3_lr0.0005.pt,2025-06-23 15:53:25,2025-06-23 15:53:25,7,0.003437709663258148,0.009113213069559563
models/powernet_lstm64_mlp132_mlp216_final64_dropout0.3_lr0.0005.pt,2025-06-23 15:53:26,2025-06-23 15:53:27,8,0.0031128671795537023,0.007918537231273063
models/powernet_lstm64_mlp132_mlp216_final64_dropout0.3_lr0.0005.pt,2025-06-23 15:53:28,2025-06-23 15:53:28,9,0.002927988899321342,0.0073413677247507235
models/powernet_lstm64_mlp132_mlp216_final64_dropout0.3_lr0.0005.pt,2025-06-23 15:53:29,2025-06-23 15:53:29,10,0.002872231703582904,0.007025856533021267
models/powernet_lstm64_mlp132_mlp216_final64_dropout0.3_lr0.0005.pt,2025-06-23 15:53:30,2025-06-23 15:53:30,11,0.002782569591326916,0.0067101773761567615
models/powernet_lstm64_mlp132_mlp216_final64_dropout0.3_lr0.0005.pt,2025-06-23 15:53:31,2025-06-23 15:53:31,12,0.002792524431565506,0.006727940754942773
models/powernet_lstm64_mlp132_mlp216_final64_dropout0.3_lr0.0005.pt,2025-06-23 15:53:32,2025-06-23 15:53:32,13,0.0027360760494269678,0.006741431148146235
models/powernet_lstm64_mlp132_mlp216_final64_dropout0.3_lr0.0005.pt,2025-06-23 15:53:33,2025-06-23 15:53:33,14,0.0027465716329416576,0.006535903902702211
models/powernet_lstm64_mlp132_mlp216_final64_dropout0.3_lr0.0005.pt,2025-06-23 15:53:34,2025-06-23 15:53:34,15,0.002714056061886628,0.006506833275558338
models/powernet_lstm64_mlp132_mlp216_final64_dropout0.3_lr0.0005.pt,2025-06-23 15:53:36,2025-06-23 15:53:36,16,0.00270216193776803,0.006597810555138581
models/powernet_lstm64_mlp132_mlp216_final64_dropout0.3_lr0.0005.pt,2025-06-23 15:53:37,2025-06-23 15:53:37,17,0.002701310055193952,0.006474944280593523
models/powernet_lstm64_mlp132_mlp216_final64_dropout0.3_lr0.0005.pt,2025-06-23 15:53:38,2025-06-23 15:53:38,18,0.002671573727306539,0.0064194376325412165
models/powernet_lstm64_mlp132_mlp216_final64_dropout0.3_lr0.0005.pt,2025-06-23 15:53:39,2025-06-23 15:53:39,19,0.0026809994733118783,0.0065874379111586934
models/powernet_lstm64_mlp132_mlp216_final64_dropout0.3_lr0.0005.pt,2025-06-23 15:53:40,2025-06-23 15:53:40,20,0.0026698742637358184,0.006276396008962322
models/powernet_lstm64_mlp132_mlp232_final32_dropout0.2_lr0.001.pt,2025-06-23 15:53:41,2025-06-23 15:53:41,1,0.010462289208635574,0.04259978079547485
models/powernet_lstm64_mlp132_mlp232_final32_dropout0.2_lr0.001.pt,2025-06-23 15:53:42,2025-06-23 15:53:42,2,0.010648652380954067,0.04009339006041132
models/powernet_lstm64_mlp132_mlp232_final32_dropout0.2_lr0.001.pt,2025-06-23 15:53:43,2025-06-23 15:53:43,3,0.011560540277979047,0.03564022996995066
models/powernet_lstm64_mlp132_mlp232_final32_dropout0.2_lr0.001.pt,2025-06-23 15:53:45,2025-06-23 15:53:45,4,0.009133828120843564,0.02137158252298832
models/powernet_lstm64_mlp132_mlp232_final32_dropout0.2_lr0.001.pt,2025-06-23 15:53:46,2025-06-23 15:53:46,5,0.004418877366196705,0.009746682131662965
models/powernet_lstm64_mlp132_mlp232_final32_dropout0.2_lr0.001.pt,2025-06-23 15:53:47,2025-06-23 15:53:47,6,0.0030995480087001584,0.00708609029451119
models/powernet_lstm64_mlp132_mlp232_final32_dropout0.2_lr0.001.pt,2025-06-23 15:53:48,2025-06-23 15:53:48,7,0.0028724695101470478,0.007013777057485034
models/powernet_lstm64_mlp132_mlp232_final32_dropout0.2_lr0.001.pt,2025-06-23 15:53:49,2025-06-23 15:53:49,8,0.0027752803020460086,0.00656093096698723
models/powernet_lstm64_mlp132_mlp232_final32_dropout0.2_lr0.001.pt,2025-06-23 15:53:50,2025-06-23 15:53:50,9,0.002749274337364237,0.006736314130691989
models/powernet_lstm64_mlp132_mlp232_final32_dropout0.2_lr0.001.pt,2025-06-23 15:53:51,2025-06-23 15:53:51,10,0.0027371850035276006,0.006804882850874925
models/powernet_lstm64_mlp132_mlp232_final32_dropout0.2_lr0.001.pt,2025-06-23 15:53:52,2025-06-23 15:53:53,11,0.00265730511716118,0.006805467652156949
models/powernet_lstm64_mlp132_mlp232_final32_dropout0.2_lr0.001.pt,2025-06-23 15:53:54,2025-06-23 15:53:54,12,0.0026298592172835965,0.006876400045474016
models/powernet_lstm64_mlp132_mlp232_final32_dropout0.2_lr0.001.pt,2025-06-23 15:53:55,2025-06-23 15:53:55,13,0.002634723899360474,0.006887837013761912
models/powernet_lstm64_mlp132_mlp232_final32_dropout0.2_lr0.001.pt,2025-06-23 15:53:56,2025-06-23 15:53:56,14,0.0025662108159963688,0.006810327564987044
models/powernet_lstm64_mlp132_mlp232_final32_dropout0.2_lr0.001.pt,2025-06-23 15:53:57,2025-06-23 15:53:57,15,0.002596753228007854,0.006832412904172781
models/powernet_lstm64_mlp132_mlp232_final32_dropout0.2_lr0.001.pt,2025-06-23 15:53:58,2025-06-23 15:53:58,16,0.0025409943626588127,0.006758083112626558
models/powernet_lstm64_mlp132_mlp232_final32_dropout0.2_lr0.001.pt,2025-06-23 15:53:59,2025-06-23 15:53:59,17,0.002547574995261263,0.006777405672307525
models/powernet_lstm64_mlp132_mlp232_final32_dropout0.2_lr0.001.pt,2025-06-23 15:54:00,2025-06-23 15:54:00,18,0.002540296037657617,0.006881288610332247
models/powernet_lstm64_mlp132_mlp232_final32_dropout0.2_lr0.001.pt,2025-06-23 15:54:02,2025-06-23 15:54:02,19,0.0025080536977441373,0.006857204866329474
models/powernet_lstm64_mlp132_mlp232_final32_dropout0.2_lr0.001.pt,2025-06-23 15:54:03,2025-06-23 15:54:03,20,0.002512887859212962,0.006841894061792465
models/powernet_lstm64_mlp132_mlp232_final32_dropout0.2_lr0.0005.pt,2025-06-23 15:54:04,2025-06-23 15:54:04,1,0.0112956956394666,0.042810173239558935
models/powernet_lstm64_mlp132_mlp232_final32_dropout0.2_lr0.0005.pt,2025-06-23 15:54:05,2025-06-23 15:54:05,2,0.012650043682909177,0.041596797782750355
models/powernet_lstm64_mlp132_mlp232_final32_dropout0.2_lr0.0005.pt,2025-06-23 15:54:06,2025-06-23 15:54:06,3,0.012795818028166242,0.038099584967962334
models/powernet_lstm64_mlp132_mlp232_final32_dropout0.2_lr0.0005.pt,2025-06-23 15:54:07,2025-06-23 15:54:07,4,0.013004790673071625,0.03738381496320168
models/powernet_lstm64_mlp132_mlp232_final32_dropout0.2_lr0.0005.pt,2025-06-23 15:54:08,2025-06-23 15:54:08,5,0.010568497786765725,0.027331609290004485
models/powernet_lstm64_mlp132_mlp232_final32_dropout0.2_lr0.0005.pt,2025-06-23 15:54:10,2025-06-23 15:54:10,6,0.005909655983741295,0.01609410491905042
models/powernet_lstm64_mlp132_mlp232_final32_dropout0.2_lr0.0005.pt,2025-06-23 15:54:11,2025-06-23 15:54:11,7,0.003868095114752884,0.010818569665952097
models/powernet_lstm64_mlp132_mlp232_final32_dropout0.2_lr0.0005.pt,2025-06-23 15:54:12,2025-06-23 15:54:12,8,0.0032160107504464203,0.008359445738495282
models/powernet_lstm64_mlp132_mlp232_final32_dropout0.2_lr0.0005.pt,2025-06-23 15:54:13,2025-06-23 15:54:13,9,0.002984788682934324,0.0075481470474707225
models/powernet_lstm64_mlp132_mlp232_final32_dropout0.2_lr0.0005.pt,2025-06-23 15:54:14,2025-06-23 15:54:14,10,0.0028813279360458905,0.007137522555976396
models/powernet_lstm64_mlp132_mlp232_final32_dropout0.2_lr0.0005.pt,2025-06-23 15:54:15,2025-06-23 15:54:15,11,0.002839213029032291,0.007052726478182844
models/powernet_lstm64_mlp132_mlp232_final32_dropout0.2_lr0.0005.pt,2025-06-23 15:54:16,2025-06-23 15:54:16,12,0.002776163470377231,0.006808939181999969
models/powernet_lstm64_mlp132_mlp232_final32_dropout0.2_lr0.0005.pt,2025-06-23 15:54:18,2025-06-23 15:54:18,13,0.0027236509478538746,0.0065585644278187485
models/powernet_lstm64_mlp132_mlp232_final32_dropout0.2_lr0.0005.pt,2025-06-23 15:54:19,2025-06-23 15:54:19,14,0.0027099695733106216,0.006560213132096189
models/powernet_lstm64_mlp132_mlp232_final32_dropout0.2_lr0.0005.pt,2025-06-23 15:54:20,2025-06-23 15:54:20,15,0.0027189260847250243,0.006230543001687953
models/powernet_lstm64_mlp132_mlp232_final32_dropout0.2_lr0.0005.pt,2025-06-23 15:54:21,2025-06-23 15:54:21,16,0.002659157943966303,0.006417854536613006
models/powernet_lstm64_mlp132_mlp232_final32_dropout0.2_lr0.0005.pt,2025-06-23 15:54:22,2025-06-23 15:54:22,17,0.002637096740994736,0.006293222638002287
models/powernet_lstm64_mlp132_mlp232_final32_dropout0.2_lr0.0005.pt,2025-06-23 15:54:23,2025-06-23 15:54:23,18,0.0026466930582132574,0.006275939846610916
models/powernet_lstm64_mlp132_mlp232_final32_dropout0.2_lr0.0005.pt,2025-06-23 15:54:24,2025-06-23 15:54:24,19,0.002627169020805887,0.006354040945769243
models/powernet_lstm64_mlp132_mlp232_final32_dropout0.2_lr0.0005.pt,2025-06-23 15:54:25,2025-06-23 15:54:26,20,0.002625029270080716,0.006316750665150937
models/powernet_lstm64_mlp132_mlp232_final32_dropout0.3_lr0.001.pt,2025-06-23 15:54:27,2025-06-23 15:54:27,1,0.01115318626429515,0.044487640217301394
models/powernet_lstm64_mlp132_mlp232_final32_dropout0.3_lr0.001.pt,2025-06-23 15:54:28,2025-06-23 15:54:28,2,0.01391737013427277,0.03906728797370479
models/powernet_lstm64_mlp132_mlp232_final32_dropout0.3_lr0.001.pt,2025-06-23 15:54:29,2025-06-23 15:54:29,3,0.01469771315633256,0.0399351825250224
models/powernet_lstm64_mlp132_mlp232_final32_dropout0.3_lr0.001.pt,2025-06-23 15:54:30,2025-06-23 15:54:30,4,0.011737962173799547,0.029371349384919518
models/powernet_lstm64_mlp132_mlp232_final32_dropout0.3_lr0.001.pt,2025-06-23 15:54:31,2025-06-23 15:54:31,5,0.007233708411612461,0.014927451581960278
models/powernet_lstm64_mlp132_mlp232_final32_dropout0.3_lr0.001.pt,2025-06-23 15:54:32,2025-06-23 15:54:32,6,0.003536927197965139,0.008151491787949843
models/powernet_lstm64_mlp132_mlp232_final32_dropout0.3_lr0.001.pt,2025-06-23 15:54:33,2025-06-23 15:54:34,7,0.002923907068270963,0.007131099013522977
models/powernet_lstm64_mlp132_mlp232_final32_dropout0.3_lr0.001.pt,2025-06-23 15:54:35,2025-06-23 15:54:35,8,0.0027922731070544765,0.007103114133878123
models/powernet_lstm64_mlp132_mlp232_final32_dropout0.3_lr0.001.pt,2025-06-23 15:54:36,2025-06-23 15:54:36,9,0.0027781636343069717,0.0069271332440188245
models/powernet_lstm64_mlp132_mlp232_final32_dropout0.3_lr0.001.pt,2025-06-23 15:54:37,2025-06-23 15:54:37,10,0.0027358992995696785,0.0069248247586767234
models/powernet_lstm64_mlp132_mlp232_final32_dropout0.3_lr0.001.pt,2025-06-23 15:54:38,2025-06-23 15:54:38,11,0.0027011015742856967,0.006927607575475815
models/powernet_lstm64_mlp132_mlp232_final32_dropout0.3_lr0.001.pt,2025-06-23 15:54:39,2025-06-23 15:54:39,12,0.002688810546209829,0.006971945282116178
models/powernet_lstm64_mlp132_mlp232_final32_dropout0.3_lr0.001.pt,2025-06-23 15:54:40,2025-06-23 15:54:40,13,0.0027059275951836505,0.006972374718835843
models/powernet_lstm64_mlp132_mlp232_final32_dropout0.3_lr0.001.pt,2025-06-23 15:54:41,2025-06-23 15:54:41,14,0.00267295945633126,0.006801695108324999
models/powernet_lstm64_mlp132_mlp232_final32_dropout0.3_lr0.001.pt,2025-06-23 15:54:43,2025-06-23 15:54:43,15,0.0026574944563028087,0.007023288114439873
models/powernet_lstm64_mlp132_mlp232_final32_dropout0.3_lr0.001.pt,2025-06-23 15:54:44,2025-06-23 15:54:44,16,0.0026054780854756765,0.0070149039716592854
models/powernet_lstm64_mlp132_mlp232_final32_dropout0.3_lr0.001.pt,2025-06-23 15:54:45,2025-06-23 15:54:45,17,0.0026219207904308677,0.007007480560181041
models/powernet_lstm64_mlp132_mlp232_final32_dropout0.3_lr0.001.pt,2025-06-23 15:54:46,2025-06-23 15:54:46,18,0.0025978696852376666,0.006994375401908266
models/powernet_lstm64_mlp132_mlp232_final32_dropout0.3_lr0.001.pt,2025-06-23 15:54:47,2025-06-23 15:54:47,19,0.002591168969396233,0.006834048378680434
models/powernet_lstm64_mlp132_mlp232_final32_dropout0.3_lr0.001.pt,2025-06-23 15:54:48,2025-06-23 15:54:48,20,0.0026041949257558364,0.007160159961564378
models/powernet_lstm64_mlp132_mlp232_final32_dropout0.3_lr0.0005.pt,2025-06-23 15:54:49,2025-06-23 15:54:49,1,0.014107768270616857,0.037060792258541496
models/powernet_lstm64_mlp132_mlp232_final32_dropout0.3_lr0.0005.pt,2025-06-23 15:54:51,2025-06-23 15:54:51,2,0.01816658523214537,0.03703996964863369
models/powernet_lstm64_mlp132_mlp232_final32_dropout0.3_lr0.0005.pt,2025-06-23 15:54:52,2025-06-23 15:54:52,3,0.016633155374115124,0.03079323654639579
models/powernet_lstm64_mlp132_mlp232_final32_dropout0.3_lr0.0005.pt,2025-06-23 15:54:53,2025-06-23 15:54:53,4,0.01052326283271184,0.02330907480791211
models/powernet_lstm64_mlp132_mlp232_final32_dropout0.3_lr0.0005.pt,2025-06-23 15:54:54,2025-06-23 15:54:54,5,0.006163198941236606,0.014267875602291454
models/powernet_lstm64_mlp132_mlp232_final32_dropout0.3_lr0.0005.pt,2025-06-23 15:54:55,2025-06-23 15:54:55,6,0.003985959410470891,0.008999062513577797
models/powernet_lstm64_mlp132_mlp232_final32_dropout0.3_lr0.0005.pt,2025-06-23 15:54:56,2025-06-23 15:54:56,7,0.0032401170314428993,0.007245928908343471
models/powernet_lstm64_mlp132_mlp232_final32_dropout0.3_lr0.0005.pt,2025-06-23 15:54:57,2025-06-23 15:54:57,8,0.0029403943850952585,0.006603511155671662
models/powernet_lstm64_mlp132_mlp232_final32_dropout0.3_lr0.0005.pt,2025-06-23 15:54:58,2025-06-23 15:54:58,9,0.0028511089428278325,0.006463632902263531
models/powernet_lstm64_mlp132_mlp232_final32_dropout0.3_lr0.0005.pt,2025-06-23 15:55:00,2025-06-23 15:55:00,10,0.002803074618821086,0.006480302550785598
models/powernet_lstm64_mlp132_mlp232_final32_dropout0.3_lr0.0005.pt,2025-06-23 15:55:01,2025-06-23 15:55:01,11,0.0027597463028597243,0.006429720658897644
models/powernet_lstm64_mlp132_mlp232_final32_dropout0.3_lr0.0005.pt,2025-06-23 15:55:02,2025-06-23 15:55:02,12,0.0027140329557401714,0.006435376675134259
models/powernet_lstm64_mlp132_mlp232_final32_dropout0.3_lr0.0005.pt,2025-06-23 15:55:03,2025-06-23 15:55:03,13,0.0026943780540283784,0.006535997908074586
models/powernet_lstm64_mlp132_mlp232_final32_dropout0.3_lr0.0005.pt,2025-06-23 15:55:04,2025-06-23 15:55:04,14,0.0026749023294489827,0.006362062801296513
models/powernet_lstm64_mlp132_mlp232_final32_dropout0.3_lr0.0005.pt,2025-06-23 15:55:05,2025-06-23 15:55:05,15,0.0026820662026051565,0.006594055548443326
models/powernet_lstm64_mlp132_mlp232_final32_dropout0.3_lr0.0005.pt,2025-06-23 15:55:06,2025-06-23 15:55:06,16,0.002660718024729194,0.006577928963538614
models/powernet_lstm64_mlp132_mlp232_final32_dropout0.3_lr0.0005.pt,2025-06-23 15:55:07,2025-06-23 15:55:07,17,0.002681407636044235,0.006667223254529138
models/powernet_lstm64_mlp132_mlp232_final32_dropout0.3_lr0.0005.pt,2025-06-23 15:55:08,2025-06-23 15:55:09,18,0.0026332081827451057,0.0065475888411691855
models/powernet_lstm64_mlp132_mlp232_final32_dropout0.3_lr0.0005.pt,2025-06-23 15:55:10,2025-06-23 15:55:10,19,0.002636961390919012,0.006454407852808279
models/powernet_lstm64_mlp132_mlp232_final32_dropout0.3_lr0.0005.pt,2025-06-23 15:55:11,2025-06-23 15:55:11,20,0.002573631837663423,0.006543876143128034
models/powernet_lstm64_mlp132_mlp232_final64_dropout0.2_lr0.001.pt,2025-06-23 15:55:12,2025-06-23 15:55:12,1,0.010191383177629841,0.03624415323359981
models/powernet_lstm64_mlp132_mlp232_final64_dropout0.2_lr0.001.pt,2025-06-23 15:55:13,2025-06-23 15:55:13,2,0.009306345947585852,0.02930824356597094
models/powernet_lstm64_mlp132_mlp232_final64_dropout0.2_lr0.001.pt,2025-06-23 15:55:14,2025-06-23 15:55:14,3,0.005721960298960702,0.010913012441181178
models/powernet_lstm64_mlp132_mlp232_final64_dropout0.2_lr0.001.pt,2025-06-23 15:55:15,2025-06-23 15:55:15,4,0.0030828263776670594,0.007153395286184691
models/powernet_lstm64_mlp132_mlp232_final64_dropout0.2_lr0.001.pt,2025-06-23 15:55:16,2025-06-23 15:55:16,5,0.0027965223141294972,0.007051228703598359
models/powernet_lstm64_mlp132_mlp232_final64_dropout0.2_lr0.001.pt,2025-06-23 15:55:17,2025-06-23 15:55:18,6,0.00269923166887823,0.006995367254906644
models/powernet_lstm64_mlp132_mlp232_final64_dropout0.2_lr0.001.pt,2025-06-23 15:55:19,2025-06-23 15:55:19,7,0.0026777379788912327,0.007227067259095964
models/powernet_lstm64_mlp132_mlp232_final64_dropout0.2_lr0.001.pt,2025-06-23 15:55:20,2025-06-23 15:55:20,8,0.0026641108666665145,0.0071011086388136305
models/powernet_lstm64_mlp132_mlp232_final64_dropout0.2_lr0.001.pt,2025-06-23 15:55:21,2025-06-23 15:55:21,9,0.002638918772583083,0.007295010054284441
models/powernet_lstm64_mlp132_mlp232_final64_dropout0.2_lr0.001.pt,2025-06-23 15:55:22,2025-06-23 15:55:22,10,0.002601310420161953,0.007311848610351305
models/powernet_lstm64_mlp132_mlp232_final64_dropout0.2_lr0.001.pt,2025-06-23 15:55:23,2025-06-23 15:55:23,11,0.0025992472028617637,0.007158398191677406
models/powernet_lstm64_mlp132_mlp232_final64_dropout0.2_lr0.001.pt,2025-06-23 15:55:24,2025-06-23 15:55:24,12,0.0025757130404527877,0.00733746184379838
models/powernet_lstm64_mlp132_mlp232_final64_dropout0.2_lr0.001.pt,2025-06-23 15:55:25,2025-06-23 15:55:25,13,0.0025688488172316308,0.007348479728014874
models/powernet_lstm64_mlp132_mlp232_final64_dropout0.2_lr0.001.pt,2025-06-23 15:55:26,2025-06-23 15:55:27,14,0.0025259206636569307,0.007192027200722978
models/powernet_lstm64_mlp132_mlp232_final64_dropout0.2_lr0.001.pt,2025-06-23 15:55:28,2025-06-23 15:55:28,15,0.002530706320045596,0.007308154705069249
models/powernet_lstm64_mlp132_mlp232_final64_dropout0.2_lr0.001.pt,2025-06-23 15:55:29,2025-06-23 15:55:29,16,0.002508307247472498,0.007391384908086842
models/powernet_lstm64_mlp132_mlp232_final64_dropout0.2_lr0.001.pt,2025-06-23 15:55:30,2025-06-23 15:55:30,17,0.0025038264998932464,0.007296376498526938
models/powernet_lstm64_mlp132_mlp232_final64_dropout0.2_lr0.001.pt,2025-06-23 15:55:31,2025-06-23 15:55:31,18,0.0024766856477463177,0.007335706769178311
models/powernet_lstm64_mlp132_mlp232_final64_dropout0.2_lr0.001.pt,2025-06-23 15:55:32,2025-06-23 15:55:32,19,0.002460558525560754,0.007421183871060964
models/powernet_lstm64_mlp132_mlp232_final64_dropout0.2_lr0.001.pt,2025-06-23 15:55:33,2025-06-23 15:55:33,20,0.0024926594470933874,0.007478373807056674
models/powernet_lstm64_mlp132_mlp232_final64_dropout0.2_lr0.0005.pt,2025-06-23 15:55:34,2025-06-23 15:55:35,1,0.011160311869330584,0.04467384552671796
models/powernet_lstm64_mlp132_mlp232_final64_dropout0.2_lr0.0005.pt,2025-06-23 15:55:36,2025-06-23 15:55:36,2,0.013364114930250725,0.043423010635056665
models/powernet_lstm64_mlp132_mlp232_final64_dropout0.2_lr0.0005.pt,2025-06-23 15:55:37,2025-06-23 15:55:37,3,0.014976560235804608,0.03902982413724419
models/powernet_lstm64_mlp132_mlp232_final64_dropout0.2_lr0.0005.pt,2025-06-23 15:55:38,2025-06-23 15:55:38,4,0.015015744400130565,0.0359046444562929
models/powernet_lstm64_mlp132_mlp232_final64_dropout0.2_lr0.0005.pt,2025-06-23 15:55:39,2025-06-23 15:55:39,5,0.010762515842677161,0.02546907655362572
models/powernet_lstm64_mlp132_mlp232_final64_dropout0.2_lr0.0005.pt,2025-06-23 15:55:40,2025-06-23 15:55:40,6,0.005651532339477097,0.01482395054439881
models/powernet_lstm64_mlp132_mlp232_final64_dropout0.2_lr0.0005.pt,2025-06-23 15:55:41,2025-06-23 15:55:41,7,0.003806102170532162,0.010326297172079129
models/powernet_lstm64_mlp132_mlp232_final64_dropout0.2_lr0.0005.pt,2025-06-23 15:55:43,2025-06-23 15:55:43,8,0.0031891163701640514,0.00823650386051408
models/powernet_lstm64_mlp132_mlp232_final64_dropout0.2_lr0.0005.pt,2025-06-23 15:55:44,2025-06-23 15:55:44,9,0.0029540332806159784,0.007713668114904847
models/powernet_lstm64_mlp132_mlp232_final64_dropout0.2_lr0.0005.pt,2025-06-23 15:55:45,2025-06-23 15:55:45,10,0.0028508154213354223,0.007304584269323165
models/powernet_lstm64_mlp132_mlp232_final64_dropout0.2_lr0.0005.pt,2025-06-23 15:55:46,2025-06-23 15:55:46,11,0.0028317201918902335,0.007175703679898842
models/powernet_lstm64_mlp132_mlp232_final64_dropout0.2_lr0.0005.pt,2025-06-23 15:55:47,2025-06-23 15:55:47,12,0.00276701073006307,0.006826405518776959
models/powernet_lstm64_mlp132_mlp232_final64_dropout0.2_lr0.0005.pt,2025-06-23 15:55:48,2025-06-23 15:55:48,13,0.0027175897775772013,0.006662513805730711
models/powernet_lstm64_mlp132_mlp232_final64_dropout0.2_lr0.0005.pt,2025-06-23 15:55:49,2025-06-23 15:55:49,14,0.0026848870008790823,0.006533683613053567
models/powernet_lstm64_mlp132_mlp232_final64_dropout0.2_lr0.0005.pt,2025-06-23 15:55:50,2025-06-23 15:55:50,15,0.002697714782815667,0.0064767928866093
models/powernet_lstm64_mlp132_mlp232_final64_dropout0.2_lr0.0005.pt,2025-06-23 15:55:51,2025-06-23 15:55:52,16,0.00266904390972933,0.00630958382472662
models/powernet_lstm64_mlp132_mlp232_final64_dropout0.2_lr0.0005.pt,2025-06-23 15:55:53,2025-06-23 15:55:53,17,0.0026286212382875683,0.006288700630345072
models/powernet_lstm64_mlp132_mlp232_final64_dropout0.2_lr0.0005.pt,2025-06-23 15:55:54,2025-06-23 15:55:54,18,0.0026312818475139384,0.006310139879739533
models/powernet_lstm64_mlp132_mlp232_final64_dropout0.2_lr0.0005.pt,2025-06-23 15:55:55,2025-06-23 15:55:55,19,0.002590370492168492,0.006253880186704919
models/powernet_lstm64_mlp132_mlp232_final64_dropout0.2_lr0.0005.pt,2025-06-23 15:55:56,2025-06-23 15:55:56,20,0.00257163130192964,0.006204111759351301
models/powernet_lstm64_mlp132_mlp232_final64_dropout0.3_lr0.001.pt,2025-06-23 15:55:57,2025-06-23 15:55:57,1,0.010180078361013997,0.03507254288221399
models/powernet_lstm64_mlp132_mlp232_final64_dropout0.3_lr0.001.pt,2025-06-23 15:55:58,2025-06-23 15:55:58,2,0.01197467770481292,0.03806049344573347
models/powernet_lstm64_mlp132_mlp232_final64_dropout0.3_lr0.001.pt,2025-06-23 15:55:59,2025-06-23 15:55:59,3,0.011897583152242605,0.03463949502578804
models/powernet_lstm64_mlp132_mlp232_final64_dropout0.3_lr0.001.pt,2025-06-23 15:56:00,2025-06-23 15:56:00,4,0.011853324670192709,0.033539463976575506
models/powernet_lstm64_mlp132_mlp232_final64_dropout0.3_lr0.001.pt,2025-06-23 15:56:02,2025-06-23 15:56:02,5,0.013205625650499644,0.034414385489764665
models/powernet_lstm64_mlp132_mlp232_final64_dropout0.3_lr0.001.pt,2025-06-23 15:56:03,2025-06-23 15:56:03,6,0.007854408425611517,0.016740458019609963
models/powernet_lstm64_mlp132_mlp232_final64_dropout0.3_lr0.001.pt,2025-06-23 15:56:04,2025-06-23 15:56:04,7,0.003515752066223253,0.007923989703634842
models/powernet_lstm64_mlp132_mlp232_final64_dropout0.3_lr0.001.pt,2025-06-23 15:56:05,2025-06-23 15:56:05,8,0.002946305675156695,0.007021416735369712
models/powernet_lstm64_mlp132_mlp232_final64_dropout0.3_lr0.001.pt,2025-06-23 15:56:06,2025-06-23 15:56:06,9,0.0028024166953870126,0.006529677573347553
models/powernet_lstm64_mlp132_mlp232_final64_dropout0.3_lr0.001.pt,2025-06-23 15:56:07,2025-06-23 15:56:07,10,0.002737434396728261,0.006731900417002007
models/powernet_lstm64_mlp132_mlp232_final64_dropout0.3_lr0.001.pt,2025-06-23 15:56:08,2025-06-23 15:56:08,11,0.002706905742483397,0.006493533936528755
models/powernet_lstm64_mlp132_mlp232_final64_dropout0.3_lr0.001.pt,2025-06-23 15:56:09,2025-06-23 15:56:09,12,0.0026688168324122464,0.006639987008557433
models/powernet_lstm64_mlp132_mlp232_final64_dropout0.3_lr0.001.pt,2025-06-23 15:56:11,2025-06-23 15:56:11,13,0.002639399930877748,0.006602711540402933
models/powernet_lstm64_mlp132_mlp232_final64_dropout0.3_lr0.001.pt,2025-06-23 15:56:12,2025-06-23 15:56:12,14,0.0026429483008163722,0.006776852743877541
models/powernet_lstm64_mlp132_mlp232_final64_dropout0.3_lr0.001.pt,2025-06-23 15:56:13,2025-06-23 15:56:13,15,0.0026137411028117953,0.006715503723604516
models/powernet_lstm64_mlp132_mlp232_final64_dropout0.3_lr0.001.pt,2025-06-23 15:56:14,2025-06-23 15:56:14,16,0.0025994217527980624,0.006664235194745872
models/powernet_lstm64_mlp132_mlp232_final64_dropout0.3_lr0.001.pt,2025-06-23 15:56:15,2025-06-23 15:56:15,17,0.002548491698116027,0.006852017676768203
models/powernet_lstm64_mlp132_mlp232_final64_dropout0.3_lr0.001.pt,2025-06-23 15:56:16,2025-06-23 15:56:16,18,0.00255561113120958,0.0067317194327534665
models/powernet_lstm64_mlp132_mlp232_final64_dropout0.3_lr0.001.pt,2025-06-23 15:56:17,2025-06-23 15:56:17,19,0.002548031589818708,0.006828484042281551
models/powernet_lstm64_mlp132_mlp232_final64_dropout0.3_lr0.001.pt,2025-06-23 15:56:18,2025-06-23 15:56:18,20,0.002549971543973492,0.006882506248075515
models/powernet_lstm64_mlp132_mlp232_final64_dropout0.3_lr0.0005.pt,2025-06-23 15:56:20,2025-06-23 15:56:20,1,0.013620568351218424,0.03572956168846715
models/powernet_lstm64_mlp132_mlp232_final64_dropout0.3_lr0.0005.pt,2025-06-23 15:56:21,2025-06-23 15:56:21,2,0.019228294271872275,0.02667637554086035
models/powernet_lstm64_mlp132_mlp232_final64_dropout0.3_lr0.0005.pt,2025-06-23 15:56:22,2025-06-23 15:56:22,3,0.018992085082416413,0.030085419254776622
models/powernet_lstm64_mlp132_mlp232_final64_dropout0.3_lr0.0005.pt,2025-06-23 15:56:23,2025-06-23 15:56:23,4,0.014106334060660853,0.029528346644448384
models/powernet_lstm64_mlp132_mlp232_final64_dropout0.3_lr0.0005.pt,2025-06-23 15:56:24,2025-06-23 15:56:24,5,0.008796234964340921,0.01728022932851066
models/powernet_lstm64_mlp132_mlp232_final64_dropout0.3_lr0.0005.pt,2025-06-23 15:56:25,2025-06-23 15:56:25,6,0.0047773449668346984,0.010436005006167329
models/powernet_lstm64_mlp132_mlp232_final64_dropout0.3_lr0.0005.pt,2025-06-23 15:56:26,2025-06-23 15:56:26,7,0.003442317886631869,0.007513580904785721
models/powernet_lstm64_mlp132_mlp232_final64_dropout0.3_lr0.0005.pt,2025-06-23 15:56:27,2025-06-23 15:56:27,8,0.0030480531628675907,0.0069570243580355535
models/powernet_lstm64_mlp132_mlp232_final64_dropout0.3_lr0.0005.pt,2025-06-23 15:56:29,2025-06-23 15:56:29,9,0.002917870490496317,0.0064893812467787595
models/powernet_lstm64_mlp132_mlp232_final64_dropout0.3_lr0.0005.pt,2025-06-23 15:56:30,2025-06-23 15:56:30,10,0.0029119532664872265,0.0063820741017393415
models/powernet_lstm64_mlp132_mlp232_final64_dropout0.3_lr0.0005.pt,2025-06-23 15:56:31,2025-06-23 15:56:31,11,0.0028175270538188775,0.006226102707885383
models/powernet_lstm64_mlp132_mlp232_final64_dropout0.3_lr0.0005.pt,2025-06-23 15:56:32,2025-06-23 15:56:32,12,0.00278214029154651,0.006288836183514269
models/powernet_lstm64_mlp132_mlp232_final64_dropout0.3_lr0.0005.pt,2025-06-23 15:56:33,2025-06-23 15:56:33,13,0.002798843712578895,0.006393087077109764
models/powernet_lstm64_mlp132_mlp232_final64_dropout0.3_lr0.0005.pt,2025-06-23 15:56:34,2025-06-23 15:56:34,14,0.0027667825966368274,0.006620431019525442
models/powernet_lstm64_mlp132_mlp232_final64_dropout0.3_lr0.0005.pt,2025-06-23 15:56:35,2025-06-23 15:56:35,15,0.0027355999119081584,0.006464638057098325
models/powernet_lstm64_mlp132_mlp232_final64_dropout0.3_lr0.0005.pt,2025-06-23 15:56:36,2025-06-23 15:56:36,16,0.0027458080625508688,0.006369492748663539
models/powernet_lstm64_mlp132_mlp232_final64_dropout0.3_lr0.0005.pt,2025-06-23 15:56:38,2025-06-23 15:56:38,17,0.0027230053119214107,0.0063371451327665935
models/powernet_lstm64_mlp132_mlp232_final64_dropout0.3_lr0.0005.pt,2025-06-23 15:56:39,2025-06-23 15:56:39,18,0.0026676592555904335,0.00636696051584468
models/powernet_lstm64_mlp132_mlp232_final64_dropout0.3_lr0.0005.pt,2025-06-23 15:56:40,2025-06-23 15:56:40,19,0.0026707406851336174,0.006268397960368367
models/powernet_lstm64_mlp132_mlp232_final64_dropout0.3_lr0.0005.pt,2025-06-23 15:56:41,2025-06-23 15:56:41,20,0.002698770058239096,0.00649268163501152
models/powernet_lstm64_mlp164_mlp216_final32_dropout0.2_lr0.001.pt,2025-06-23 15:56:42,2025-06-23 15:56:42,1,0.011428589359619304,0.036671974341429416
models/powernet_lstm64_mlp164_mlp216_final32_dropout0.2_lr0.001.pt,2025-06-23 15:56:43,2025-06-23 15:56:43,2,0.00911387216042532,0.03102706817333542
models/powernet_lstm64_mlp164_mlp216_final32_dropout0.2_lr0.001.pt,2025-06-23 15:56:44,2025-06-23 15:56:44,3,0.006482167540343001,0.013960415320027442
models/powernet_lstm64_mlp164_mlp216_final32_dropout0.2_lr0.001.pt,2025-06-23 15:56:45,2025-06-23 15:56:45,4,0.0036894979623420076,0.008488985205379626
models/powernet_lstm64_mlp164_mlp216_final32_dropout0.2_lr0.001.pt,2025-06-23 15:56:46,2025-06-23 15:56:47,5,0.003025169049115938,0.006917560741948407
models/powernet_lstm64_mlp164_mlp216_final32_dropout0.2_lr0.001.pt,2025-06-23 15:56:48,2025-06-23 15:56:48,6,0.0028480619066841334,0.006782559522738059
models/powernet_lstm64_mlp164_mlp216_final32_dropout0.2_lr0.001.pt,2025-06-23 15:56:49,2025-06-23 15:56:49,7,0.0027625405092036857,0.00662598464017113
models/powernet_lstm64_mlp164_mlp216_final32_dropout0.2_lr0.001.pt,2025-06-23 15:56:50,2025-06-23 15:56:50,8,0.002734226082699076,0.006695820667248752
models/powernet_lstm64_mlp164_mlp216_final32_dropout0.2_lr0.001.pt,2025-06-23 15:56:51,2025-06-23 15:56:51,9,0.002685010277402861,0.006620195203660322
models/powernet_lstm64_mlp164_mlp216_final32_dropout0.2_lr0.001.pt,2025-06-23 15:56:52,2025-06-23 15:56:52,10,0.002670570744685979,0.006683883527460109
models/powernet_lstm64_mlp164_mlp216_final32_dropout0.2_lr0.001.pt,2025-06-23 15:56:53,2025-06-23 15:56:53,11,0.0026350555097868693,0.006564980993668239
models/powernet_lstm64_mlp164_mlp216_final32_dropout0.2_lr0.001.pt,2025-06-23 15:56:54,2025-06-23 15:56:54,12,0.0026192495578630432,0.006413800852550637
models/powernet_lstm64_mlp164_mlp216_final32_dropout0.2_lr0.001.pt,2025-06-23 15:56:55,2025-06-23 15:56:55,13,0.0026103261884094942,0.0064721353105380245
models/powernet_lstm64_mlp164_mlp216_final32_dropout0.2_lr0.001.pt,2025-06-23 15:56:56,2025-06-23 15:56:57,14,0.0025865091729135583,0.006303439130230497
models/powernet_lstm64_mlp164_mlp216_final32_dropout0.2_lr0.001.pt,2025-06-23 15:56:58,2025-06-23 15:56:58,15,0.0025875453146808366,0.006405233976519888
models/powernet_lstm64_mlp164_mlp216_final32_dropout0.2_lr0.001.pt,2025-06-23 15:56:59,2025-06-23 15:56:59,16,0.00254757144996616,0.0063748478188201604
models/powernet_lstm64_mlp164_mlp216_final32_dropout0.2_lr0.001.pt,2025-06-23 15:57:00,2025-06-23 15:57:00,17,0.0025452346536345483,0.0065723484828292085
models/powernet_lstm64_mlp164_mlp216_final32_dropout0.2_lr0.001.pt,2025-06-23 15:57:01,2025-06-23 15:57:01,18,0.002536510261567226,0.006706812407910114
models/powernet_lstm64_mlp164_mlp216_final32_dropout0.2_lr0.001.pt,2025-06-23 15:57:02,2025-06-23 15:57:02,19,0.0025190831548313184,0.0065865838218347305
models/powernet_lstm64_mlp164_mlp216_final32_dropout0.2_lr0.001.pt,2025-06-23 15:57:03,2025-06-23 15:57:03,20,0.002511602965572442,0.006513431560181614
models/powernet_lstm64_mlp164_mlp216_final32_dropout0.2_lr0.0005.pt,2025-06-23 15:57:04,2025-06-23 15:57:04,1,0.014774649309636574,0.04187246008465687
models/powernet_lstm64_mlp164_mlp216_final32_dropout0.2_lr0.0005.pt,2025-06-23 15:57:05,2025-06-23 15:57:06,2,0.01940842174113758,0.02536442803795494
models/powernet_lstm64_mlp164_mlp216_final32_dropout0.2_lr0.0005.pt,2025-06-23 15:57:07,2025-06-23 15:57:07,3,0.015591420102125955,0.035769542324401084
models/powernet_lstm64_mlp164_mlp216_final32_dropout0.2_lr0.0005.pt,2025-06-23 15:57:08,2025-06-23 15:57:08,4,0.01745911154438705,0.02665888677750315
models/powernet_lstm64_mlp164_mlp216_final32_dropout0.2_lr0.0005.pt,2025-06-23 15:57:09,2025-06-23 15:57:09,5,0.015108387028309434,0.03805309127173608
models/powernet_lstm64_mlp164_mlp216_final32_dropout0.2_lr0.0005.pt,2025-06-23 15:57:10,2025-06-23 15:57:10,6,0.010218821121417287,0.02563879566843666
models/powernet_lstm64_mlp164_mlp216_final32_dropout0.2_lr0.0005.pt,2025-06-23 15:57:11,2025-06-23 15:57:11,7,0.006331760573992005,0.014935769872473819
models/powernet_lstm64_mlp164_mlp216_final32_dropout0.2_lr0.0005.pt,2025-06-23 15:57:12,2025-06-23 15:57:12,8,0.0039271833437685205,0.008958123474647956
models/powernet_lstm64_mlp164_mlp216_final32_dropout0.2_lr0.0005.pt,2025-06-23 15:57:13,2025-06-23 15:57:13,9,0.0031126814481395875,0.0069544354753036585
models/powernet_lstm64_mlp164_mlp216_final32_dropout0.2_lr0.0005.pt,2025-06-23 15:57:14,2025-06-23 15:57:14,10,0.0028718794978673965,0.00616700236042518
models/powernet_lstm64_mlp164_mlp216_final32_dropout0.2_lr0.0005.pt,2025-06-23 15:57:16,2025-06-23 15:57:16,11,0.0027520821003297986,0.00602909317240119
models/powernet_lstm64_mlp164_mlp216_final32_dropout0.2_lr0.0005.pt,2025-06-23 15:57:17,2025-06-23 15:57:17,12,0.0027106242670279536,0.006001671853785713
models/powernet_lstm64_mlp164_mlp216_final32_dropout0.2_lr0.0005.pt,2025-06-23 15:57:18,2025-06-23 15:57:18,13,0.0027190198251638748,0.0058355704046941055
models/powernet_lstm64_mlp164_mlp216_final32_dropout0.2_lr0.0005.pt,2025-06-23 15:57:19,2025-06-23 15:57:19,14,0.0026827324414156347,0.005861052329973539
models/powernet_lstm64_mlp164_mlp216_final32_dropout0.2_lr0.0005.pt,2025-06-23 15:57:20,2025-06-23 15:57:20,15,0.002668027776871569,0.0058180228238814465
models/powernet_lstm64_mlp164_mlp216_final32_dropout0.2_lr0.0005.pt,2025-06-23 15:57:22,2025-06-23 15:57:22,16,0.0026317654805730253,0.005725926295521536
models/powernet_lstm64_mlp164_mlp216_final32_dropout0.2_lr0.0005.pt,2025-06-23 15:57:24,2025-06-23 15:57:24,17,0.002596995189795763,0.005965855216518754
models/powernet_lstm64_mlp164_mlp216_final32_dropout0.2_lr0.0005.pt,2025-06-23 15:57:26,2025-06-23 15:57:26,18,0.002599398191082775,0.005937570478722808
models/powernet_lstm64_mlp164_mlp216_final32_dropout0.2_lr0.0005.pt,2025-06-23 15:57:27,2025-06-23 15:57:28,19,0.00256577851421844,0.005720629979069123
models/powernet_lstm64_mlp164_mlp216_final32_dropout0.2_lr0.0005.pt,2025-06-23 15:57:29,2025-06-23 15:57:29,20,0.0025481767555785126,0.005763693479821086
models/powernet_lstm64_mlp164_mlp216_final32_dropout0.3_lr0.001.pt,2025-06-23 15:57:31,2025-06-23 15:57:31,1,0.011268817629228265,0.040574325958178156
models/powernet_lstm64_mlp164_mlp216_final32_dropout0.3_lr0.001.pt,2025-06-23 15:57:33,2025-06-23 15:57:33,2,0.011775032818844412,0.038425141878958256
models/powernet_lstm64_mlp164_mlp216_final32_dropout0.3_lr0.001.pt,2025-06-23 15:57:34,2025-06-23 15:57:35,3,0.011868129817902038,0.03436160460114479
models/powernet_lstm64_mlp164_mlp216_final32_dropout0.3_lr0.001.pt,2025-06-23 15:57:36,2025-06-23 15:57:36,4,0.008966431291396296,0.02016583253585157
models/powernet_lstm64_mlp164_mlp216_final32_dropout0.3_lr0.001.pt,2025-06-23 15:57:38,2025-06-23 15:57:38,5,0.004514762451605184,0.010763268926114376
models/powernet_lstm64_mlp164_mlp216_final32_dropout0.3_lr0.001.pt,2025-06-23 15:57:39,2025-06-23 15:57:39,6,0.0032036215794818495,0.0076765213549758
models/powernet_lstm64_mlp164_mlp216_final32_dropout0.3_lr0.001.pt,2025-06-23 15:57:40,2025-06-23 15:57:40,7,0.002873136221633984,0.006899200784530313
models/powernet_lstm64_mlp164_mlp216_final32_dropout0.3_lr0.001.pt,2025-06-23 15:57:41,2025-06-23 15:57:41,8,0.0028049896394426676,0.006688448201332774
models/powernet_lstm64_mlp164_mlp216_final32_dropout0.3_lr0.001.pt,2025-06-23 15:57:42,2025-06-23 15:57:42,9,0.002720354814320222,0.006677836346040879
models/powernet_lstm64_mlp164_mlp216_final32_dropout0.3_lr0.001.pt,2025-06-23 15:57:43,2025-06-23 15:57:43,10,0.0026793032701525298,0.00654768071226066
models/powernet_lstm64_mlp164_mlp216_final32_dropout0.3_lr0.001.pt,2025-06-23 15:57:45,2025-06-23 15:57:45,11,0.0026602160560482892,0.00660745691718711
models/powernet_lstm64_mlp164_mlp216_final32_dropout0.3_lr0.001.pt,2025-06-23 15:57:47,2025-06-23 15:57:47,12,0.0026183572130367046,0.006749469689869632
models/powernet_lstm64_mlp164_mlp216_final32_dropout0.3_lr0.001.pt,2025-06-23 15:57:48,2025-06-23 15:57:48,13,0.0026361566234824807,0.006584751466843521
models/powernet_lstm64_mlp164_mlp216_final32_dropout0.3_lr0.001.pt,2025-06-23 15:57:50,2025-06-23 15:57:50,14,0.0025692094369531913,0.006857963644766382
models/powernet_lstm64_mlp164_mlp216_final32_dropout0.3_lr0.001.pt,2025-06-23 15:57:52,2025-06-23 15:57:52,15,0.0025266669181291945,0.006858936549785237
models/powernet_lstm64_mlp164_mlp216_final32_dropout0.3_lr0.001.pt,2025-06-23 15:57:54,2025-06-23 15:57:54,16,0.0025646343974487966,0.007007346208584273
models/powernet_lstm64_mlp164_mlp216_final32_dropout0.3_lr0.001.pt,2025-06-23 15:57:55,2025-06-23 15:57:55,17,0.0025821871473766882,0.006780664880006086
models/powernet_lstm64_mlp164_mlp216_final32_dropout0.3_lr0.001.pt,2025-06-23 15:57:57,2025-06-23 15:57:57,18,0.002541684356714619,0.0067372756893746555
models/powernet_lstm64_mlp164_mlp216_final32_dropout0.3_lr0.001.pt,2025-06-23 15:57:59,2025-06-23 15:57:59,19,0.0025350205015003476,0.006841643414060984
models/powernet_lstm64_mlp164_mlp216_final32_dropout0.3_lr0.001.pt,2025-06-23 15:58:00,2025-06-23 15:58:00,20,0.002522935105104243,0.006831119505001143
models/powernet_lstm64_mlp164_mlp216_final32_dropout0.3_lr0.0005.pt,2025-06-23 15:58:01,2025-06-23 15:58:01,1,0.012331356582883578,0.04510930213811142
models/powernet_lstm64_mlp164_mlp216_final32_dropout0.3_lr0.0005.pt,2025-06-23 15:58:02,2025-06-23 15:58:02,2,0.012726938872311038,0.04414618307990687
models/powernet_lstm64_mlp164_mlp216_final32_dropout0.3_lr0.0005.pt,2025-06-23 15:58:04,2025-06-23 15:58:04,3,0.013568204307493063,0.04128859426072311
models/powernet_lstm64_mlp164_mlp216_final32_dropout0.3_lr0.0005.pt,2025-06-23 15:58:05,2025-06-23 15:58:05,4,0.013882360335061407,0.039214547080475656
models/powernet_lstm64_mlp164_mlp216_final32_dropout0.3_lr0.0005.pt,2025-06-23 15:58:06,2025-06-23 15:58:06,5,0.012106497752896217,0.03712826840845602
models/powernet_lstm64_mlp164_mlp216_final32_dropout0.3_lr0.0005.pt,2025-06-23 15:58:07,2025-06-23 15:58:07,6,0.007324633367236964,0.017242568312212825
models/powernet_lstm64_mlp164_mlp216_final32_dropout0.3_lr0.0005.pt,2025-06-23 15:58:08,2025-06-23 15:58:08,7,0.004572241499844361,0.011464272259867616
models/powernet_lstm64_mlp164_mlp216_final32_dropout0.3_lr0.0005.pt,2025-06-23 15:58:09,2025-06-23 15:58:09,8,0.0036230399899746333,0.008729271934412065
models/powernet_lstm64_mlp164_mlp216_final32_dropout0.3_lr0.0005.pt,2025-06-23 15:58:10,2025-06-23 15:58:10,9,0.00314679889412727,0.007477438462609868
models/powernet_lstm64_mlp164_mlp216_final32_dropout0.3_lr0.0005.pt,2025-06-23 15:58:11,2025-06-23 15:58:11,10,0.0029637584324857707,0.006995155913977041
models/powernet_lstm64_mlp164_mlp216_final32_dropout0.3_lr0.0005.pt,2025-06-23 15:58:13,2025-06-23 15:58:13,11,0.002856492820445375,0.006682761285143594
models/powernet_lstm64_mlp164_mlp216_final32_dropout0.3_lr0.0005.pt,2025-06-23 15:58:14,2025-06-23 15:58:14,12,0.0028269971882249312,0.006657150155487692
models/powernet_lstm64_mlp164_mlp216_final32_dropout0.3_lr0.0005.pt,2025-06-23 15:58:15,2025-06-23 15:58:15,13,0.0027866228566026,0.006533932716896136
models/powernet_lstm64_mlp164_mlp216_final32_dropout0.3_lr0.0005.pt,2025-06-23 15:58:16,2025-06-23 15:58:16,14,0.002747146423474642,0.006621412323078229
models/powernet_lstm64_mlp164_mlp216_final32_dropout0.3_lr0.0005.pt,2025-06-23 15:58:17,2025-06-23 15:58:17,15,0.002740323409086801,0.006479558033225615
models/powernet_lstm64_mlp164_mlp216_final32_dropout0.3_lr0.0005.pt,2025-06-23 15:58:18,2025-06-23 15:58:18,16,0.0026943139473391917,0.00668208663617926
models/powernet_lstm64_mlp164_mlp216_final32_dropout0.3_lr0.0005.pt,2025-06-23 15:58:20,2025-06-23 15:58:20,17,0.0026766121163517803,0.006380733906380122
models/powernet_lstm64_mlp164_mlp216_final32_dropout0.3_lr0.0005.pt,2025-06-23 15:58:21,2025-06-23 15:58:21,18,0.002651796596626314,0.006542328420826899
models/powernet_lstm64_mlp164_mlp216_final32_dropout0.3_lr0.0005.pt,2025-06-23 15:58:22,2025-06-23 15:58:22,19,0.0026459795991159094,0.006559086769508819
models/powernet_lstm64_mlp164_mlp216_final32_dropout0.3_lr0.0005.pt,2025-06-23 15:58:23,2025-06-23 15:58:23,20,0.0025859170854734223,0.006535546732179466
models/powernet_lstm64_mlp164_mlp216_final64_dropout0.2_lr0.001.pt,2025-06-23 15:58:24,2025-06-23 15:58:24,1,0.01023595042873673,0.03828548712079369
models/powernet_lstm64_mlp164_mlp216_final64_dropout0.2_lr0.001.pt,2025-06-23 15:58:25,2025-06-23 15:58:25,2,0.012122294636421142,0.034896986381638614
models/powernet_lstm64_mlp164_mlp216_final64_dropout0.2_lr0.001.pt,2025-06-23 15:58:26,2025-06-23 15:58:26,3,0.010987230073933917,0.03036245714784378
models/powernet_lstm64_mlp164_mlp216_final64_dropout0.2_lr0.001.pt,2025-06-23 15:58:28,2025-06-23 15:58:28,4,0.008275017392234109,0.018004717022579695
models/powernet_lstm64_mlp164_mlp216_final64_dropout0.2_lr0.001.pt,2025-06-23 15:58:29,2025-06-23 15:58:29,5,0.0038718769557759044,0.008359706797082686
models/powernet_lstm64_mlp164_mlp216_final64_dropout0.2_lr0.001.pt,2025-06-23 15:58:30,2025-06-23 15:58:30,6,0.002963578794725276,0.007126321672417578
models/powernet_lstm64_mlp164_mlp216_final64_dropout0.2_lr0.001.pt,2025-06-23 15:58:31,2025-06-23 15:58:31,7,0.0027909811312732485,0.006926563410421035
models/powernet_lstm64_mlp164_mlp216_final64_dropout0.2_lr0.001.pt,2025-06-23 15:58:32,2025-06-23 15:58:32,8,0.0027743497928400026,0.006925133428358961
models/powernet_lstm64_mlp164_mlp216_final64_dropout0.2_lr0.001.pt,2025-06-23 15:58:33,2025-06-23 15:58:34,9,0.002677452496497468,0.006896792040649979
models/powernet_lstm64_mlp164_mlp216_final64_dropout0.2_lr0.001.pt,2025-06-23 15:58:35,2025-06-23 15:58:35,10,0.0026547201819101173,0.007025080666478191
models/powernet_lstm64_mlp164_mlp216_final64_dropout0.2_lr0.001.pt,2025-06-23 15:58:37,2025-06-23 15:58:37,11,0.0026352944760186943,0.00676876022979351
models/powernet_lstm64_mlp164_mlp216_final64_dropout0.2_lr0.001.pt,2025-06-23 15:58:39,2025-06-23 15:58:39,12,0.002642029377986096,0.007105239015626943
models/powernet_lstm64_mlp164_mlp216_final64_dropout0.2_lr0.001.pt,2025-06-23 15:58:41,2025-06-23 15:58:41,13,0.00261521671121935,0.007009249003160568
models/powernet_lstm64_mlp164_mlp216_final64_dropout0.2_lr0.001.pt,2025-06-23 15:58:43,2025-06-23 15:58:43,14,0.0026042258195240237,0.0071001532265827765
models/powernet_lstm64_mlp164_mlp216_final64_dropout0.2_lr0.001.pt,2025-06-23 15:58:44,2025-06-23 15:58:45,15,0.0025716409521965196,0.007070416276941874
models/powernet_lstm64_mlp164_mlp216_final64_dropout0.2_lr0.001.pt,2025-06-23 15:58:46,2025-06-23 15:58:46,16,0.0025776403837822256,0.00728547258213872
models/powernet_lstm64_mlp164_mlp216_final64_dropout0.2_lr0.001.pt,2025-06-23 15:58:48,2025-06-23 15:58:48,17,0.0025439873158532834,0.007209100843673306
models/powernet_lstm64_mlp164_mlp216_final64_dropout0.2_lr0.001.pt,2025-06-23 15:58:50,2025-06-23 15:58:50,18,0.002531984559131793,0.007326463043379287
models/powernet_lstm64_mlp164_mlp216_final64_dropout0.2_lr0.001.pt,2025-06-23 15:58:52,2025-06-23 15:58:52,19,0.0025354038071100965,0.007258623730324741
models/powernet_lstm64_mlp164_mlp216_final64_dropout0.2_lr0.001.pt,2025-06-23 15:58:53,2025-06-23 15:58:54,20,0.002552460650481554,0.007205144141889399
models/powernet_lstm64_mlp164_mlp216_final64_dropout0.2_lr0.0005.pt,2025-06-23 15:58:55,2025-06-23 15:58:55,1,0.011083357037209045,0.04066399911728998
models/powernet_lstm64_mlp164_mlp216_final64_dropout0.2_lr0.0005.pt,2025-06-23 15:58:57,2025-06-23 15:58:57,2,0.01134107844066626,0.040019689327371974
models/powernet_lstm64_mlp164_mlp216_final64_dropout0.2_lr0.0005.pt,2025-06-23 15:58:59,2025-06-23 15:58:59,3,0.01057029925555902,0.03142683871001715
models/powernet_lstm64_mlp164_mlp216_final64_dropout0.2_lr0.0005.pt,2025-06-23 15:59:01,2025-06-23 15:59:01,4,0.008219705138307092,0.021725141365701955
models/powernet_lstm64_mlp164_mlp216_final64_dropout0.2_lr0.0005.pt,2025-06-23 15:59:02,2025-06-23 15:59:02,5,0.005002780835964971,0.013049028802751786
models/powernet_lstm64_mlp164_mlp216_final64_dropout0.2_lr0.0005.pt,2025-06-23 15:59:04,2025-06-23 15:59:04,6,0.0035944682994826552,0.008872957451135985
models/powernet_lstm64_mlp164_mlp216_final64_dropout0.2_lr0.0005.pt,2025-06-23 15:59:06,2025-06-23 15:59:06,7,0.003071620068546238,0.007573293505369553
models/powernet_lstm64_mlp164_mlp216_final64_dropout0.2_lr0.0005.pt,2025-06-23 15:59:08,2025-06-23 15:59:08,8,0.0028900389791041525,0.006715272309347277
models/powernet_lstm64_mlp164_mlp216_final64_dropout0.2_lr0.0005.pt,2025-06-23 15:59:10,2025-06-23 15:59:10,9,0.002831565265785352,0.00643920469918244
models/powernet_lstm64_mlp164_mlp216_final64_dropout0.2_lr0.0005.pt,2025-06-23 15:59:11,2025-06-23 15:59:11,10,0.0027369060883766683,0.006354252990734365
models/powernet_lstm64_mlp164_mlp216_final64_dropout0.2_lr0.0005.pt,2025-06-23 15:59:13,2025-06-23 15:59:13,11,0.0027111977165941263,0.006192180799275991
models/powernet_lstm64_mlp164_mlp216_final64_dropout0.2_lr0.0005.pt,2025-06-23 15:59:15,2025-06-23 15:59:15,12,0.002694833095364463,0.006089840034422066
models/powernet_lstm64_mlp164_mlp216_final64_dropout0.2_lr0.0005.pt,2025-06-23 15:59:17,2025-06-23 15:59:17,13,0.002633962729070786,0.006248336587478185
models/powernet_lstm64_mlp164_mlp216_final64_dropout0.2_lr0.0005.pt,2025-06-23 15:59:18,2025-06-23 15:59:18,14,0.002676196123046073,0.0061842019467370675
models/powernet_lstm64_mlp164_mlp216_final64_dropout0.2_lr0.0005.pt,2025-06-23 15:59:20,2025-06-23 15:59:20,15,0.002612648039324356,0.006208141924746867
models/powernet_lstm64_mlp164_mlp216_final64_dropout0.2_lr0.0005.pt,2025-06-23 15:59:22,2025-06-23 15:59:22,16,0.002617920599249859,0.00611241649658907
models/powernet_lstm64_mlp164_mlp216_final64_dropout0.2_lr0.0005.pt,2025-06-23 15:59:24,2025-06-23 15:59:24,17,0.002583655194603875,0.0063753212189545765
models/powernet_lstm64_mlp164_mlp216_final64_dropout0.2_lr0.0005.pt,2025-06-23 15:59:25,2025-06-23 15:59:25,18,0.0025801106401096186,0.006391377518108736
models/powernet_lstm64_mlp164_mlp216_final64_dropout0.2_lr0.0005.pt,2025-06-23 15:59:27,2025-06-23 15:59:27,19,0.0025609231042411965,0.006316137920033985
models/powernet_lstm64_mlp164_mlp216_final64_dropout0.2_lr0.0005.pt,2025-06-23 15:59:29,2025-06-23 15:59:29,20,0.002557308643858748,0.006356644197478003
models/powernet_lstm64_mlp164_mlp216_final64_dropout0.3_lr0.001.pt,2025-06-23 15:59:31,2025-06-23 15:59:31,1,0.010266017954146462,0.036690123357056154
models/powernet_lstm64_mlp164_mlp216_final64_dropout0.3_lr0.001.pt,2025-06-23 15:59:33,2025-06-23 15:59:33,2,0.009237148699642319,0.027064884635841564
models/powernet_lstm64_mlp164_mlp216_final64_dropout0.3_lr0.001.pt,2025-06-23 15:59:34,2025-06-23 15:59:34,3,0.005420538224405059,0.010469790135088954
models/powernet_lstm64_mlp164_mlp216_final64_dropout0.3_lr0.001.pt,2025-06-23 15:59:36,2025-06-23 15:59:36,4,0.003312360960103515,0.007262066710695979
models/powernet_lstm64_mlp164_mlp216_final64_dropout0.3_lr0.001.pt,2025-06-23 15:59:38,2025-06-23 15:59:38,5,0.0029158935335332923,0.006875155158230059
models/powernet_lstm64_mlp164_mlp216_final64_dropout0.3_lr0.001.pt,2025-06-23 15:59:40,2025-06-23 15:59:40,6,0.0028111776582688914,0.006738183127405743
models/powernet_lstm64_mlp164_mlp216_final64_dropout0.3_lr0.001.pt,2025-06-23 15:59:41,2025-06-23 15:59:41,7,0.0027811748174262838,0.0066578742449304885
models/powernet_lstm64_mlp164_mlp216_final64_dropout0.3_lr0.001.pt,2025-06-23 15:59:43,2025-06-23 15:59:43,8,0.0027422571724708823,0.006584584480151534
models/powernet_lstm64_mlp164_mlp216_final64_dropout0.3_lr0.001.pt,2025-06-23 15:59:45,2025-06-23 15:59:45,9,0.0026966926904009674,0.006568415647572172
models/powernet_lstm64_mlp164_mlp216_final64_dropout0.3_lr0.001.pt,2025-06-23 15:59:47,2025-06-23 15:59:47,10,0.002683923352815588,0.006894311048589381
models/powernet_lstm64_mlp164_mlp216_final64_dropout0.3_lr0.001.pt,2025-06-23 15:59:48,2025-06-23 15:59:48,11,0.002644703923566033,0.00693470226334674
models/powernet_lstm64_mlp164_mlp216_final64_dropout0.3_lr0.001.pt,2025-06-23 15:59:50,2025-06-23 15:59:50,12,0.002601645721350446,0.006959910278618779
models/powernet_lstm64_mlp164_mlp216_final64_dropout0.3_lr0.001.pt,2025-06-23 15:59:52,2025-06-23 15:59:52,13,0.002594362820177773,0.006656671885312313
models/powernet_lstm64_mlp164_mlp216_final64_dropout0.3_lr0.001.pt,2025-06-23 15:59:54,2025-06-23 15:59:54,14,0.0025781215019678484,0.006824511104717939
models/powernet_lstm64_mlp164_mlp216_final64_dropout0.3_lr0.001.pt,2025-06-23 15:59:55,2025-06-23 15:59:56,15,0.0025659396842424172,0.006828050513008964
models/powernet_lstm64_mlp164_mlp216_final64_dropout0.3_lr0.001.pt,2025-06-23 15:59:57,2025-06-23 15:59:57,16,0.002571296491620538,0.006982843469207485
models/powernet_lstm64_mlp164_mlp216_final64_dropout0.3_lr0.001.pt,2025-06-23 15:59:59,2025-06-23 15:59:59,17,0.0025722414458451766,0.006866735777640272
models/powernet_lstm64_mlp164_mlp216_final64_dropout0.3_lr0.001.pt,2025-06-23 16:00:01,2025-06-23 16:00:01,18,0.002534661397290346,0.006646190842037045
models/powernet_lstm64_mlp164_mlp216_final64_dropout0.3_lr0.001.pt,2025-06-23 16:00:03,2025-06-23 16:00:03,19,0.0025213615473641056,0.006855152738613209
models/powernet_lstm64_mlp164_mlp216_final64_dropout0.3_lr0.001.pt,2025-06-23 16:00:04,2025-06-23 16:00:04,20,0.002530284754138717,0.0067292679602923315
models/powernet_lstm64_mlp164_mlp216_final64_dropout0.3_lr0.0005.pt,2025-06-23 16:00:06,2025-06-23 16:00:06,1,0.011225367810720692,0.04381666828079948
models/powernet_lstm64_mlp164_mlp216_final64_dropout0.3_lr0.0005.pt,2025-06-23 16:00:08,2025-06-23 16:00:08,2,0.014209502652007084,0.039751851897952814
models/powernet_lstm64_mlp164_mlp216_final64_dropout0.3_lr0.0005.pt,2025-06-23 16:00:10,2025-06-23 16:00:10,3,0.014536243577894178,0.037054293256785185
models/powernet_lstm64_mlp164_mlp216_final64_dropout0.3_lr0.0005.pt,2025-06-23 16:00:11,2025-06-23 16:00:12,4,0.013926392792382754,0.03665046582353257
models/powernet_lstm64_mlp164_mlp216_final64_dropout0.3_lr0.0005.pt,2025-06-23 16:00:13,2025-06-23 16:00:13,5,0.010403007525050642,0.02512113059250017
models/powernet_lstm64_mlp164_mlp216_final64_dropout0.3_lr0.0005.pt,2025-06-23 16:00:15,2025-06-23 16:00:15,6,0.005679809789200009,0.014573928938868145
models/powernet_lstm64_mlp164_mlp216_final64_dropout0.3_lr0.0005.pt,2025-06-23 16:00:17,2025-06-23 16:00:17,7,0.0038312879209715447,0.010262729178759315
models/powernet_lstm64_mlp164_mlp216_final64_dropout0.3_lr0.0005.pt,2025-06-23 16:00:19,2025-06-23 16:00:19,8,0.003256019377130865,0.008264771731947326
models/powernet_lstm64_mlp164_mlp216_final64_dropout0.3_lr0.0005.pt,2025-06-23 16:00:20,2025-06-23 16:00:20,9,0.003022487199048288,0.00751553819836339
models/powernet_lstm64_mlp164_mlp216_final64_dropout0.3_lr0.0005.pt,2025-06-23 16:00:22,2025-06-23 16:00:22,10,0.0028758552901285758,0.007016489936393641
models/powernet_lstm64_mlp164_mlp216_final64_dropout0.3_lr0.0005.pt,2025-06-23 16:00:24,2025-06-23 16:00:24,11,0.002798577653862516,0.006991117250262981
models/powernet_lstm64_mlp164_mlp216_final64_dropout0.3_lr0.0005.pt,2025-06-23 16:00:26,2025-06-23 16:00:26,12,0.0027768505411410343,0.006707008271145501
models/powernet_lstm64_mlp164_mlp216_final64_dropout0.3_lr0.0005.pt,2025-06-23 16:00:28,2025-06-23 16:00:28,13,0.0027100042408494127,0.006841955196467184
models/powernet_lstm64_mlp164_mlp216_final64_dropout0.3_lr0.0005.pt,2025-06-23 16:00:29,2025-06-23 16:00:29,14,0.002714060109718302,0.00666860294240039
models/powernet_lstm64_mlp164_mlp216_final64_dropout0.3_lr0.0005.pt,2025-06-23 16:00:31,2025-06-23 16:00:31,15,0.002690851467237624,0.0066292527342392575
models/powernet_lstm64_mlp164_mlp216_final64_dropout0.3_lr0.0005.pt,2025-06-23 16:00:33,2025-06-23 16:00:33,16,0.0026669784037101725,0.006598226451647601
models/powernet_lstm64_mlp164_mlp216_final64_dropout0.3_lr0.0005.pt,2025-06-23 16:00:35,2025-06-23 16:00:35,17,0.0026234333868339612,0.0068012130712824205
models/powernet_lstm64_mlp164_mlp216_final64_dropout0.3_lr0.0005.pt,2025-06-23 16:00:36,2025-06-23 16:00:36,18,0.002611620009310984,0.006603916613606825
models/powernet_lstm64_mlp164_mlp216_final64_dropout0.3_lr0.0005.pt,2025-06-23 16:00:38,2025-06-23 16:00:38,19,0.0026280969737776084,0.006665811527498244
models/powernet_lstm64_mlp164_mlp216_final64_dropout0.3_lr0.0005.pt,2025-06-23 16:00:40,2025-06-23 16:00:40,20,0.0026051301610744543,0.0065764936346871155
models/powernet_lstm64_mlp164_mlp232_final32_dropout0.2_lr0.001.pt,2025-06-23 16:00:42,2025-06-23 16:00:42,1,0.010179451210029994,0.039981079110432236
models/powernet_lstm64_mlp164_mlp232_final32_dropout0.2_lr0.001.pt,2025-06-23 16:00:43,2025-06-23 16:00:44,2,0.010158940740588946,0.03767221873360021
models/powernet_lstm64_mlp164_mlp232_final32_dropout0.2_lr0.001.pt,2025-06-23 16:00:45,2025-06-23 16:00:45,3,0.010067184757997071,0.027240435127168894
models/powernet_lstm64_mlp164_mlp232_final32_dropout0.2_lr0.001.pt,2025-06-23 16:00:47,2025-06-23 16:00:47,4,0.005580918219011013,0.010869399181544958
models/powernet_lstm64_mlp164_mlp232_final32_dropout0.2_lr0.001.pt,2025-06-23 16:00:49,2025-06-23 16:00:49,5,0.0031341375359776346,0.007097241538022423
models/powernet_lstm64_mlp164_mlp232_final32_dropout0.2_lr0.001.pt,2025-06-23 16:00:50,2025-06-23 16:00:51,6,0.002762764966445825,0.006473985187421065
models/powernet_lstm64_mlp164_mlp232_final32_dropout0.2_lr0.001.pt,2025-06-23 16:00:52,2025-06-23 16:00:52,7,0.002689331652171823,0.006527698203821534
models/powernet_lstm64_mlp164_mlp232_final32_dropout0.2_lr0.001.pt,2025-06-23 16:00:54,2025-06-23 16:00:54,8,0.002639701614690666,0.006425709032642078
models/powernet_lstm64_mlp164_mlp232_final32_dropout0.2_lr0.001.pt,2025-06-23 16:00:56,2025-06-23 16:00:56,9,0.002620102125472443,0.00645853537190262
models/powernet_lstm64_mlp164_mlp232_final32_dropout0.2_lr0.001.pt,2025-06-23 16:00:58,2025-06-23 16:00:58,10,0.0025989272067935445,0.006547413318739494
models/powernet_lstm64_mlp164_mlp232_final32_dropout0.2_lr0.001.pt,2025-06-23 16:00:59,2025-06-23 16:01:00,11,0.002586483119456615,0.006555346023690488
models/powernet_lstm64_mlp164_mlp232_final32_dropout0.2_lr0.001.pt,2025-06-23 16:01:01,2025-06-23 16:01:01,12,0.0025596976392142185,0.006648355540597723
models/powernet_lstm64_mlp164_mlp232_final32_dropout0.2_lr0.001.pt,2025-06-23 16:01:03,2025-06-23 16:01:03,13,0.0025382792715834017,0.006499998325515273
models/powernet_lstm64_mlp164_mlp232_final32_dropout0.2_lr0.001.pt,2025-06-23 16:01:05,2025-06-23 16:01:05,14,0.002513485369953706,0.006614240365923338
models/powernet_lstm64_mlp164_mlp232_final32_dropout0.2_lr0.001.pt,2025-06-23 16:01:06,2025-06-23 16:01:07,15,0.0025225271215847207,0.0064174714664529476
models/powernet_lstm64_mlp164_mlp232_final32_dropout0.2_lr0.001.pt,2025-06-23 16:01:08,2025-06-23 16:01:08,16,0.002520503446480216,0.006498677182077829
models/powernet_lstm64_mlp164_mlp232_final32_dropout0.2_lr0.001.pt,2025-06-23 16:01:10,2025-06-23 16:01:10,17,0.0025067194986941985,0.006561795208004436
models/powernet_lstm64_mlp164_mlp232_final32_dropout0.2_lr0.001.pt,2025-06-23 16:01:12,2025-06-23 16:01:12,18,0.002495212926684568,0.006558491640524673
models/powernet_lstm64_mlp164_mlp232_final32_dropout0.2_lr0.001.pt,2025-06-23 16:01:14,2025-06-23 16:01:14,19,0.002469236655368371,0.006709768701555385
models/powernet_lstm64_mlp164_mlp232_final32_dropout0.2_lr0.001.pt,2025-06-23 16:01:15,2025-06-23 16:01:15,20,0.0024740726177801386,0.00671945408629697
models/powernet_lstm64_mlp164_mlp232_final32_dropout0.2_lr0.0005.pt,2025-06-23 16:01:17,2025-06-23 16:01:17,1,0.011974778548646618,0.043134722858667374
models/powernet_lstm64_mlp164_mlp232_final32_dropout0.2_lr0.0005.pt,2025-06-23 16:01:19,2025-06-23 16:01:19,2,0.010631621714078865,0.042521657643928415
models/powernet_lstm64_mlp164_mlp232_final32_dropout0.2_lr0.0005.pt,2025-06-23 16:01:21,2025-06-23 16:01:21,3,0.010696153117915011,0.03886157925063301
models/powernet_lstm64_mlp164_mlp232_final32_dropout0.2_lr0.0005.pt,2025-06-23 16:01:23,2025-06-23 16:01:23,4,0.009716064718584896,0.030879280662962368
models/powernet_lstm64_mlp164_mlp232_final32_dropout0.2_lr0.0005.pt,2025-06-23 16:01:24,2025-06-23 16:01:25,5,0.006785529321201453,0.018636953141096802
models/powernet_lstm64_mlp164_mlp232_final32_dropout0.2_lr0.0005.pt,2025-06-23 16:01:26,2025-06-23 16:01:26,6,0.0042861548368088856,0.01254063472706115
models/powernet_lstm64_mlp164_mlp232_final32_dropout0.2_lr0.0005.pt,2025-06-23 16:01:28,2025-06-23 16:01:28,7,0.003426031526958396,0.009528649516314977
models/powernet_lstm64_mlp164_mlp232_final32_dropout0.2_lr0.0005.pt,2025-06-23 16:01:30,2025-06-23 16:01:30,8,0.003045039622911743,0.007852371671192702
models/powernet_lstm64_mlp164_mlp232_final32_dropout0.2_lr0.0005.pt,2025-06-23 16:01:32,2025-06-23 16:01:32,9,0.0029029827865381394,0.007354576179447274
models/powernet_lstm64_mlp164_mlp232_final32_dropout0.2_lr0.0005.pt,2025-06-23 16:01:33,2025-06-23 16:01:34,10,0.0028097065564955995,0.007067962630008836
models/powernet_lstm64_mlp164_mlp232_final32_dropout0.2_lr0.0005.pt,2025-06-23 16:01:35,2025-06-23 16:01:35,11,0.0027485377237444417,0.007013610345200591
models/powernet_lstm64_mlp164_mlp232_final32_dropout0.2_lr0.0005.pt,2025-06-23 16:01:37,2025-06-23 16:01:37,12,0.0027373189447275747,0.006706702043413229
models/powernet_lstm64_mlp164_mlp232_final32_dropout0.2_lr0.0005.pt,2025-06-23 16:01:39,2025-06-23 16:01:39,13,0.0026856898884063648,0.006565882264459063
models/powernet_lstm64_mlp164_mlp232_final32_dropout0.2_lr0.0005.pt,2025-06-23 16:01:41,2025-06-23 16:01:41,14,0.0026632361433228417,0.0066748239942604586
models/powernet_lstm64_mlp164_mlp232_final32_dropout0.2_lr0.0005.pt,2025-06-23 16:01:42,2025-06-23 16:01:42,15,0.0026737464794544434,0.006511186393687413
models/powernet_lstm64_mlp164_mlp232_final32_dropout0.2_lr0.0005.pt,2025-06-23 16:01:44,2025-06-23 16:01:44,16,0.0026504833372347357,0.006582619816375275
models/powernet_lstm64_mlp164_mlp232_final32_dropout0.2_lr0.0005.pt,2025-06-23 16:01:46,2025-06-23 16:01:46,17,0.0026044513989326723,0.006555466771325362
models/powernet_lstm64_mlp164_mlp232_final32_dropout0.2_lr0.0005.pt,2025-06-23 16:01:48,2025-06-23 16:01:48,18,0.0025903852189153326,0.006365292052838153
models/powernet_lstm64_mlp164_mlp232_final32_dropout0.2_lr0.0005.pt,2025-06-23 16:01:49,2025-06-23 16:01:50,19,0.0025974199696678474,0.006585083477797785
models/powernet_lstm64_mlp164_mlp232_final32_dropout0.2_lr0.0005.pt,2025-06-23 16:01:51,2025-06-23 16:01:52,20,0.0025991822278300654,0.006548891755907486
models/powernet_lstm64_mlp164_mlp232_final32_dropout0.3_lr0.001.pt,2025-06-23 16:01:53,2025-06-23 16:01:53,1,0.011275197473487326,0.03858148040516036
models/powernet_lstm64_mlp164_mlp232_final32_dropout0.3_lr0.001.pt,2025-06-23 16:01:55,2025-06-23 16:01:55,2,0.013380628136757722,0.037343065875271954
models/powernet_lstm64_mlp164_mlp232_final32_dropout0.3_lr0.001.pt,2025-06-23 16:01:57,2025-06-23 16:01:57,3,0.014150246863268436,0.03325537987984717
models/powernet_lstm64_mlp164_mlp232_final32_dropout0.3_lr0.001.pt,2025-06-23 16:01:59,2025-06-23 16:01:59,4,0.013119081069471641,0.032673916657499615
models/powernet_lstm64_mlp164_mlp232_final32_dropout0.3_lr0.001.pt,2025-06-23 16:02:01,2025-06-23 16:02:01,5,0.006067562924270722,0.010966891846952162
models/powernet_lstm64_mlp164_mlp232_final32_dropout0.3_lr0.001.pt,2025-06-23 16:02:02,2025-06-23 16:02:02,6,0.0033673668624691357,0.007067363980847101
models/powernet_lstm64_mlp164_mlp232_final32_dropout0.3_lr0.001.pt,2025-06-23 16:02:04,2025-06-23 16:02:04,7,0.002924377518494473,0.006489569409972145
models/powernet_lstm64_mlp164_mlp232_final32_dropout0.3_lr0.001.pt,2025-06-23 16:02:06,2025-06-23 16:02:06,8,0.0027738407459823537,0.0064218612831263315
models/powernet_lstm64_mlp164_mlp232_final32_dropout0.3_lr0.001.pt,2025-06-23 16:02:08,2025-06-23 16:02:08,9,0.002692808722628624,0.006638384329909016
models/powernet_lstm64_mlp164_mlp232_final32_dropout0.3_lr0.001.pt,2025-06-23 16:02:10,2025-06-23 16:02:10,10,0.002680097757365077,0.0066348556068814585
models/powernet_lstm64_mlp164_mlp232_final32_dropout0.3_lr0.001.pt,2025-06-23 16:02:11,2025-06-23 16:02:11,11,0.0026565037525778865,0.0069133329670876265
models/powernet_lstm64_mlp164_mlp232_final32_dropout0.3_lr0.001.pt,2025-06-23 16:02:13,2025-06-23 16:02:13,12,0.0026630898782675485,0.006635796905140437
models/powernet_lstm64_mlp164_mlp232_final32_dropout0.3_lr0.001.pt,2025-06-23 16:02:15,2025-06-23 16:02:15,13,0.0026062519240420893,0.006678299709511478
models/powernet_lstm64_mlp164_mlp232_final32_dropout0.3_lr0.001.pt,2025-06-23 16:02:17,2025-06-23 16:02:17,14,0.0026005757635661256,0.006799389896470876
models/powernet_lstm64_mlp164_mlp232_final32_dropout0.3_lr0.001.pt,2025-06-23 16:02:19,2025-06-23 16:02:19,15,0.0026029462400708253,0.007029573826695837
models/powernet_lstm64_mlp164_mlp232_final32_dropout0.3_lr0.001.pt,2025-06-23 16:02:20,2025-06-23 16:02:20,16,0.002609633156680502,0.00702555919165856
models/powernet_lstm64_mlp164_mlp232_final32_dropout0.3_lr0.001.pt,2025-06-23 16:02:22,2025-06-23 16:02:22,17,0.0026140140192616582,0.0071629596752158945
models/powernet_lstm64_mlp164_mlp232_final32_dropout0.3_lr0.001.pt,2025-06-23 16:02:24,2025-06-23 16:02:24,18,0.002580286885213648,0.006973702241555743
models/powernet_lstm64_mlp164_mlp232_final32_dropout0.3_lr0.001.pt,2025-06-23 16:02:26,2025-06-23 16:02:26,19,0.0025521119661469807,0.007031759976165458
models/powernet_lstm64_mlp164_mlp232_final32_dropout0.3_lr0.001.pt,2025-06-23 16:02:28,2025-06-23 16:02:28,20,0.002584654968813993,0.0069541755420643656
models/powernet_lstm64_mlp164_mlp232_final32_dropout0.3_lr0.0005.pt,2025-06-23 16:02:30,2025-06-23 16:02:30,1,0.012869844817006494,0.03920720193889879
models/powernet_lstm64_mlp164_mlp232_final32_dropout0.3_lr0.0005.pt,2025-06-23 16:02:32,2025-06-23 16:02:32,2,0.012976646732163822,0.03733939112031034
models/powernet_lstm64_mlp164_mlp232_final32_dropout0.3_lr0.0005.pt,2025-06-23 16:02:33,2025-06-23 16:02:34,3,0.01747134263129858,0.026445566515793047
models/powernet_lstm64_mlp164_mlp232_final32_dropout0.3_lr0.0005.pt,2025-06-23 16:02:35,2025-06-23 16:02:35,4,0.01828201381593115,0.02662958748017748
models/powernet_lstm64_mlp164_mlp232_final32_dropout0.3_lr0.0005.pt,2025-06-23 16:02:37,2025-06-23 16:02:37,5,0.012992222788810437,0.026654995490042938
models/powernet_lstm64_mlp164_mlp232_final32_dropout0.3_lr0.0005.pt,2025-06-23 16:02:39,2025-06-23 16:02:39,6,0.007631771015218212,0.016042908032735188
models/powernet_lstm64_mlp164_mlp232_final32_dropout0.3_lr0.0005.pt,2025-06-23 16:02:41,2025-06-23 16:02:41,7,0.004507116310375219,0.009721673459612898
models/powernet_lstm64_mlp164_mlp232_final32_dropout0.3_lr0.0005.pt,2025-06-23 16:02:42,2025-06-23 16:02:42,8,0.0034204063066873886,0.007543658056030316
models/powernet_lstm64_mlp164_mlp232_final32_dropout0.3_lr0.0005.pt,2025-06-23 16:02:44,2025-06-23 16:02:44,9,0.003093804051007618,0.006704394106886217
models/powernet_lstm64_mlp164_mlp232_final32_dropout0.3_lr0.0005.pt,2025-06-23 16:02:46,2025-06-23 16:02:46,10,0.0028954279837161002,0.006363293261355942
models/powernet_lstm64_mlp164_mlp232_final32_dropout0.3_lr0.0005.pt,2025-06-23 16:02:48,2025-06-23 16:02:48,11,0.002828106076763709,0.006165813308187006
models/powernet_lstm64_mlp164_mlp232_final32_dropout0.3_lr0.0005.pt,2025-06-23 16:02:50,2025-06-23 16:02:50,12,0.002780106968574366,0.006020251534036582
models/powernet_lstm64_mlp164_mlp232_final32_dropout0.3_lr0.0005.pt,2025-06-23 16:02:52,2025-06-23 16:02:52,13,0.0027690554704470393,0.006057646879482837
models/powernet_lstm64_mlp164_mlp232_final32_dropout0.3_lr0.0005.pt,2025-06-23 16:02:53,2025-06-23 16:02:53,14,0.002712754934046027,0.00622319213635776
models/powernet_lstm64_mlp164_mlp232_final32_dropout0.3_lr0.0005.pt,2025-06-23 16:02:55,2025-06-23 16:02:55,15,0.0026952653790176945,0.006148555199615657
models/powernet_lstm64_mlp164_mlp232_final32_dropout0.3_lr0.0005.pt,2025-06-23 16:02:57,2025-06-23 16:02:57,16,0.002671062399136273,0.006002346488891081
models/powernet_lstm64_mlp164_mlp232_final32_dropout0.3_lr0.0005.pt,2025-06-23 16:02:59,2025-06-23 16:02:59,17,0.002627053414523605,0.006241321574807877
models/powernet_lstm64_mlp164_mlp232_final32_dropout0.3_lr0.0005.pt,2025-06-23 16:03:00,2025-06-23 16:03:00,18,0.002604479336940874,0.0064352063068543516
models/powernet_lstm64_mlp164_mlp232_final32_dropout0.3_lr0.0005.pt,2025-06-23 16:03:02,2025-06-23 16:03:02,19,0.0026235717000760218,0.006134817701032651
models/powernet_lstm64_mlp164_mlp232_final32_dropout0.3_lr0.0005.pt,2025-06-23 16:03:04,2025-06-23 16:03:04,20,0.002588053215066627,0.006410580294738922
models/powernet_lstm64_mlp164_mlp232_final64_dropout0.2_lr0.001.pt,2025-06-23 16:03:06,2025-06-23 16:03:06,1,0.01020122072385085,0.038308669901674704
models/powernet_lstm64_mlp164_mlp232_final64_dropout0.2_lr0.001.pt,2025-06-23 16:03:08,2025-06-23 16:03:08,2,0.011466518795590491,0.037401725482639106
models/powernet_lstm64_mlp164_mlp232_final64_dropout0.2_lr0.001.pt,2025-06-23 16:03:10,2025-06-23 16:03:10,3,0.01108037063673157,0.03308603777328417
models/powernet_lstm64_mlp164_mlp232_final64_dropout0.2_lr0.001.pt,2025-06-23 16:03:11,2025-06-23 16:03:11,4,0.007049800355657501,0.013933824275487236
models/powernet_lstm64_mlp164_mlp232_final64_dropout0.2_lr0.001.pt,2025-06-23 16:03:13,2025-06-23 16:03:13,5,0.003446701971966753,0.007692337934193867
models/powernet_lstm64_mlp164_mlp232_final64_dropout0.2_lr0.001.pt,2025-06-23 16:03:15,2025-06-23 16:03:15,6,0.002857181712702137,0.006857380315306641
models/powernet_lstm64_mlp164_mlp232_final64_dropout0.2_lr0.001.pt,2025-06-23 16:03:17,2025-06-23 16:03:17,7,0.0027416420121085545,0.006488986099914958
models/powernet_lstm64_mlp164_mlp232_final64_dropout0.2_lr0.001.pt,2025-06-23 16:03:19,2025-06-23 16:03:19,8,0.0026745580355941375,0.006721830425140936
models/powernet_lstm64_mlp164_mlp232_final64_dropout0.2_lr0.001.pt,2025-06-23 16:03:20,2025-06-23 16:03:21,9,0.0026414144118840134,0.00655207847843745
models/powernet_lstm64_mlp164_mlp232_final64_dropout0.2_lr0.001.pt,2025-06-23 16:03:22,2025-06-23 16:03:22,10,0.002587410109654848,0.006867827490038637
models/powernet_lstm64_mlp164_mlp232_final64_dropout0.2_lr0.001.pt,2025-06-23 16:03:24,2025-06-23 16:03:24,11,0.0025651343168392876,0.006922873892887894
models/powernet_lstm64_mlp164_mlp232_final64_dropout0.2_lr0.001.pt,2025-06-23 16:03:26,2025-06-23 16:03:26,12,0.0025411519356736225,0.006820830915655408
models/powernet_lstm64_mlp164_mlp232_final64_dropout0.2_lr0.001.pt,2025-06-23 16:03:28,2025-06-23 16:03:28,13,0.002537273197906554,0.00696203372873632
models/powernet_lstm64_mlp164_mlp232_final64_dropout0.2_lr0.001.pt,2025-06-23 16:03:29,2025-06-23 16:03:30,14,0.0025434341461804118,0.006755554463736536
models/powernet_lstm64_mlp164_mlp232_final64_dropout0.2_lr0.001.pt,2025-06-23 16:03:31,2025-06-23 16:03:31,15,0.002501961932900215,0.006859369997289919
models/powernet_lstm64_mlp164_mlp232_final64_dropout0.2_lr0.001.pt,2025-06-23 16:03:33,2025-06-23 16:03:33,16,0.0025020390327024277,0.0067008043711428485
models/powernet_lstm64_mlp164_mlp232_final64_dropout0.2_lr0.001.pt,2025-06-23 16:03:35,2025-06-23 16:03:35,17,0.0024992764916389474,0.007009059379232072
models/powernet_lstm64_mlp164_mlp232_final64_dropout0.2_lr0.001.pt,2025-06-23 16:03:37,2025-06-23 16:03:37,18,0.0025011554022827003,0.007052248407576588
models/powernet_lstm64_mlp164_mlp232_final64_dropout0.2_lr0.001.pt,2025-06-23 16:03:39,2025-06-23 16:03:39,19,0.002490052594832482,0.006849894774079855
models/powernet_lstm64_mlp164_mlp232_final64_dropout0.2_lr0.001.pt,2025-06-23 16:03:40,2025-06-23 16:03:40,20,0.00245667320435598,0.006857020794303112
models/powernet_lstm64_mlp164_mlp232_final64_dropout0.2_lr0.0005.pt,2025-06-23 16:03:42,2025-06-23 16:03:42,1,0.012872571134493322,0.04486234200053981
models/powernet_lstm64_mlp164_mlp232_final64_dropout0.2_lr0.0005.pt,2025-06-23 16:03:44,2025-06-23 16:03:44,2,0.017890630493117465,0.037735498732044584
models/powernet_lstm64_mlp164_mlp232_final64_dropout0.2_lr0.0005.pt,2025-06-23 16:03:46,2025-06-23 16:03:46,3,0.01917559760839655,0.03282515358711992
models/powernet_lstm64_mlp164_mlp232_final64_dropout0.2_lr0.0005.pt,2025-06-23 16:03:48,2025-06-23 16:03:48,4,0.01329136576034516,0.031128231469275697
models/powernet_lstm64_mlp164_mlp232_final64_dropout0.2_lr0.0005.pt,2025-06-23 16:03:49,2025-06-23 16:03:50,5,0.008249577228365864,0.019291716561253582
models/powernet_lstm64_mlp164_mlp232_final64_dropout0.2_lr0.0005.pt,2025-06-23 16:03:51,2025-06-23 16:03:51,6,0.004435233625290852,0.010749017858567337
models/powernet_lstm64_mlp164_mlp232_final64_dropout0.2_lr0.0005.pt,2025-06-23 16:03:53,2025-06-23 16:03:53,7,0.0032362688998220234,0.007801106909201259
models/powernet_lstm64_mlp164_mlp232_final64_dropout0.2_lr0.0005.pt,2025-06-23 16:03:55,2025-06-23 16:03:55,8,0.002917531371985789,0.006919660511249233
models/powernet_lstm64_mlp164_mlp232_final64_dropout0.2_lr0.0005.pt,2025-06-23 16:03:57,2025-06-23 16:03:57,9,0.002791013723599397,0.006372857450818022
models/powernet_lstm64_mlp164_mlp232_final64_dropout0.2_lr0.0005.pt,2025-06-23 16:03:58,2025-06-23 16:03:58,10,0.002727362474518007,0.006321084183929045
models/powernet_lstm64_mlp164_mlp232_final64_dropout0.2_lr0.0005.pt,2025-06-23 16:04:00,2025-06-23 16:04:00,11,0.0026785517522420962,0.006338678505493417
models/powernet_lstm64_mlp164_mlp232_final64_dropout0.2_lr0.0005.pt,2025-06-23 16:04:02,2025-06-23 16:04:02,12,0.0026899008952435037,0.006385572795157454
models/powernet_lstm64_mlp164_mlp232_final64_dropout0.2_lr0.0005.pt,2025-06-23 16:04:04,2025-06-23 16:04:04,13,0.0026463242363490122,0.006377993833406695
models/powernet_lstm64_mlp164_mlp232_final64_dropout0.2_lr0.0005.pt,2025-06-23 16:04:06,2025-06-23 16:04:06,14,0.0026127082296967586,0.006508270411619118
models/powernet_lstm64_mlp164_mlp232_final64_dropout0.2_lr0.0005.pt,2025-06-23 16:04:07,2025-06-23 16:04:07,15,0.0025965528856884894,0.006409109093337541
models/powernet_lstm64_mlp164_mlp232_final64_dropout0.2_lr0.0005.pt,2025-06-23 16:04:09,2025-06-23 16:04:09,16,0.002598144589771231,0.00660351972328499
models/powernet_lstm64_mlp164_mlp232_final64_dropout0.2_lr0.0005.pt,2025-06-23 16:04:11,2025-06-23 16:04:11,17,0.002580050479232227,0.006673638088007768
models/powernet_lstm64_mlp164_mlp232_final64_dropout0.2_lr0.0005.pt,2025-06-23 16:04:13,2025-06-23 16:04:13,18,0.0025654359858655823,0.006629395958346625
models/powernet_lstm64_mlp164_mlp232_final64_dropout0.2_lr0.0005.pt,2025-06-23 16:04:15,2025-06-23 16:04:15,19,0.002544165098009878,0.006500761606730521
models/powernet_lstm64_mlp164_mlp232_final64_dropout0.2_lr0.0005.pt,2025-06-23 16:04:16,2025-06-23 16:04:16,20,0.0025464335953446246,0.006618952705702256
models/powernet_lstm64_mlp164_mlp232_final64_dropout0.3_lr0.001.pt,2025-06-23 16:04:18,2025-06-23 16:04:18,1,0.010244266611234348,0.03796526605618142
models/powernet_lstm64_mlp164_mlp232_final64_dropout0.3_lr0.001.pt,2025-06-23 16:04:20,2025-06-23 16:04:20,2,0.012226564751472324,0.03714149055026826
models/powernet_lstm64_mlp164_mlp232_final64_dropout0.3_lr0.001.pt,2025-06-23 16:04:22,2025-06-23 16:04:22,3,0.01243495499295029,0.03561489206428329
models/powernet_lstm64_mlp164_mlp232_final64_dropout0.3_lr0.001.pt,2025-06-23 16:04:24,2025-06-23 16:04:24,4,0.011233595343420156,0.030070795300638394
models/powernet_lstm64_mlp164_mlp232_final64_dropout0.3_lr0.001.pt,2025-06-23 16:04:25,2025-06-23 16:04:25,5,0.004799459905308959,0.011445442813315563
models/powernet_lstm64_mlp164_mlp232_final64_dropout0.3_lr0.001.pt,2025-06-23 16:04:27,2025-06-23 16:04:27,6,0.003152707099391308,0.008182511975367865
models/powernet_lstm64_mlp164_mlp232_final64_dropout0.3_lr0.001.pt,2025-06-23 16:04:29,2025-06-23 16:04:29,7,0.002897761564882886,0.007419558774147715
models/powernet_lstm64_mlp164_mlp232_final64_dropout0.3_lr0.001.pt,2025-06-23 16:04:31,2025-06-23 16:04:31,8,0.0027598495105712086,0.007071551556388537
models/powernet_lstm64_mlp164_mlp232_final64_dropout0.3_lr0.001.pt,2025-06-23 16:04:32,2025-06-23 16:04:33,9,0.0026923216950093267,0.006870597722895798
models/powernet_lstm64_mlp164_mlp232_final64_dropout0.3_lr0.001.pt,2025-06-23 16:04:34,2025-06-23 16:04:34,10,0.002666542535461235,0.007336664193731156
models/powernet_lstm64_mlp164_mlp232_final64_dropout0.3_lr0.001.pt,2025-06-23 16:04:36,2025-06-23 16:04:36,11,0.0026417482142773955,0.0070028901599081496
models/powernet_lstm64_mlp164_mlp232_final64_dropout0.3_lr0.001.pt,2025-06-23 16:04:38,2025-06-23 16:04:38,12,0.002624017124082626,0.007066446251147205
models/powernet_lstm64_mlp164_mlp232_final64_dropout0.3_lr0.001.pt,2025-06-23 16:04:40,2025-06-23 16:04:40,13,0.0025521327366849647,0.007193541509054956
models/powernet_lstm64_mlp164_mlp232_final64_dropout0.3_lr0.001.pt,2025-06-23 16:04:42,2025-06-23 16:04:42,14,0.0025797639024457693,0.007173819958032774
models/powernet_lstm64_mlp164_mlp232_final64_dropout0.3_lr0.001.pt,2025-06-23 16:04:43,2025-06-23 16:04:43,15,0.0025743058500913686,0.00739035309414335
models/powernet_lstm64_mlp164_mlp232_final64_dropout0.3_lr0.001.pt,2025-06-23 16:04:45,2025-06-23 16:04:45,16,0.0025635978500273223,0.007229098373846639
models/powernet_lstm64_mlp164_mlp232_final64_dropout0.3_lr0.001.pt,2025-06-23 16:04:47,2025-06-23 16:04:47,17,0.002531751704417498,0.007280200398305342
models/powernet_lstm64_mlp164_mlp232_final64_dropout0.3_lr0.001.pt,2025-06-23 16:04:49,2025-06-23 16:04:49,18,0.0025560536321849684,0.007374544059746854
models/powernet_lstm64_mlp164_mlp232_final64_dropout0.3_lr0.001.pt,2025-06-23 16:04:51,2025-06-23 16:04:51,19,0.0025394117953794035,0.007395364272053398
models/powernet_lstm64_mlp164_mlp232_final64_dropout0.3_lr0.001.pt,2025-06-23 16:04:52,2025-06-23 16:04:52,20,0.0025330429155190517,0.00687181212872799
models/powernet_lstm64_mlp164_mlp232_final64_dropout0.3_lr0.0005.pt,2025-06-23 16:04:54,2025-06-23 16:04:54,1,0.014092077724977753,0.03911842781651233
models/powernet_lstm64_mlp164_mlp232_final64_dropout0.3_lr0.0005.pt,2025-06-23 16:04:56,2025-06-23 16:04:56,2,0.01896159611116614,0.039416631583922675
models/powernet_lstm64_mlp164_mlp232_final64_dropout0.3_lr0.0005.pt,2025-06-23 16:04:58,2025-06-23 16:04:58,3,0.018187975341130355,0.03516976952198006
models/powernet_lstm64_mlp164_mlp232_final64_dropout0.3_lr0.0005.pt,2025-06-23 16:05:00,2025-06-23 16:05:00,4,0.010471072834847566,0.025301095098257065
models/powernet_lstm64_mlp164_mlp232_final64_dropout0.3_lr0.0005.pt,2025-06-23 16:05:01,2025-06-23 16:05:01,5,0.006090159663201583,0.015388083389206301
models/powernet_lstm64_mlp164_mlp232_final64_dropout0.3_lr0.0005.pt,2025-06-23 16:05:03,2025-06-23 16:05:03,6,0.0038213464399648655,0.00977565525543122
models/powernet_lstm64_mlp164_mlp232_final64_dropout0.3_lr0.0005.pt,2025-06-23 16:05:04,2025-06-23 16:05:04,7,0.0032126890684437926,0.00800560598561008
models/powernet_lstm64_mlp164_mlp232_final64_dropout0.3_lr0.0005.pt,2025-06-23 16:05:05,2025-06-23 16:05:05,8,0.0029719995400358467,0.007316504727073368
models/powernet_lstm64_mlp164_mlp232_final64_dropout0.3_lr0.0005.pt,2025-06-23 16:05:06,2025-06-23 16:05:06,9,0.0028692889210369978,0.00717121219661619
models/powernet_lstm64_mlp164_mlp232_final64_dropout0.3_lr0.0005.pt,2025-06-23 16:05:07,2025-06-23 16:05:07,10,0.0028417417092130295,0.007215026846443791
models/powernet_lstm64_mlp164_mlp232_final64_dropout0.3_lr0.0005.pt,2025-06-23 16:05:08,2025-06-23 16:05:08,11,0.0027550810316492435,0.006918114388272876
models/powernet_lstm64_mlp164_mlp232_final64_dropout0.3_lr0.0005.pt,2025-06-23 16:05:10,2025-06-23 16:05:10,12,0.0027406932363632105,0.006992954658233516
models/powernet_lstm64_mlp164_mlp232_final64_dropout0.3_lr0.0005.pt,2025-06-23 16:05:11,2025-06-23 16:05:11,13,0.0026898497075516746,0.007054046231565908
models/powernet_lstm64_mlp164_mlp232_final64_dropout0.3_lr0.0005.pt,2025-06-23 16:05:12,2025-06-23 16:05:12,14,0.002668177579841693,0.006637463213077613
models/powernet_lstm64_mlp164_mlp232_final64_dropout0.3_lr0.0005.pt,2025-06-23 16:05:13,2025-06-23 16:05:13,15,0.0026578138695642147,0.006702401633707008
models/powernet_lstm64_mlp164_mlp232_final64_dropout0.3_lr0.0005.pt,2025-06-23 16:05:14,2025-06-23 16:05:14,16,0.0026353383435495114,0.0068579778169459175
models/powernet_lstm64_mlp164_mlp232_final64_dropout0.3_lr0.0005.pt,2025-06-23 16:05:15,2025-06-23 16:05:15,17,0.002633087943399018,0.006748448017918106
models/powernet_lstm64_mlp164_mlp232_final64_dropout0.3_lr0.0005.pt,2025-06-23 16:05:16,2025-06-23 16:05:16,18,0.0026062972715652738,0.006805160315707326
models/powernet_lstm64_mlp164_mlp232_final64_dropout0.3_lr0.0005.pt,2025-06-23 16:05:18,2025-06-23 16:05:18,19,0.0025965704974959566,0.006697541366087361
models/powernet_lstm64_mlp164_mlp232_final64_dropout0.3_lr0.0005.pt,2025-06-23 16:05:19,2025-06-23 16:05:19,20,0.0026003832656939807,0.006613825101383208
models/powernet_lstm128_mlp132_mlp216_final32_dropout0.2_lr0.001.pt,2025-06-23 16:05:22,2025-06-23 16:05:22,1,0.01220373449076007,0.03627193106027941
models/powernet_lstm128_mlp132_mlp216_final32_dropout0.2_lr0.001.pt,2025-06-23 16:05:25,2025-06-23 16:05:25,2,0.012498096238763745,0.03398989143204831
models/powernet_lstm128_mlp132_mlp216_final32_dropout0.2_lr0.001.pt,2025-06-23 16:05:28,2025-06-23 16:05:28,3,0.012927936249895366,0.026848999672524985
models/powernet_lstm128_mlp132_mlp216_final32_dropout0.2_lr0.001.pt,2025-06-23 16:05:31,2025-06-23 16:05:31,4,0.006483633281952221,0.012281449251098647
models/powernet_lstm128_mlp132_mlp216_final32_dropout0.2_lr0.001.pt,2025-06-23 16:05:34,2025-06-23 16:05:34,5,0.003288753502514033,0.007707296161069756
models/powernet_lstm128_mlp132_mlp216_final32_dropout0.2_lr0.001.pt,2025-06-23 16:05:37,2025-06-23 16:05:37,6,0.002937565298957957,0.00718865306338384
models/powernet_lstm128_mlp132_mlp216_final32_dropout0.2_lr0.001.pt,2025-06-23 16:05:40,2025-06-23 16:05:40,7,0.002834232996374796,0.007101121003783885
models/powernet_lstm128_mlp132_mlp216_final32_dropout0.2_lr0.001.pt,2025-06-23 16:05:43,2025-06-23 16:05:43,8,0.002768742889101203,0.006706811113482607
models/powernet_lstm128_mlp132_mlp216_final32_dropout0.2_lr0.001.pt,2025-06-23 16:05:46,2025-06-23 16:05:47,9,0.0027459249694040547,0.006771834991273603
models/powernet_lstm128_mlp132_mlp216_final32_dropout0.2_lr0.001.pt,2025-06-23 16:05:50,2025-06-23 16:05:50,10,0.0027213091086316686,0.007007724009565122
models/powernet_lstm128_mlp132_mlp216_final32_dropout0.2_lr0.001.pt,2025-06-23 16:05:53,2025-06-23 16:05:53,11,0.002707840130139913,0.006890604172700218
models/powernet_lstm128_mlp132_mlp216_final32_dropout0.2_lr0.001.pt,2025-06-23 16:05:56,2025-06-23 16:05:56,12,0.002635533603729837,0.007006003075124075
models/powernet_lstm128_mlp132_mlp216_final32_dropout0.2_lr0.001.pt,2025-06-23 16:05:59,2025-06-23 16:05:59,13,0.002563731730802946,0.006101726482267536
models/powernet_lstm128_mlp132_mlp216_final32_dropout0.2_lr0.001.pt,2025-06-23 16:06:02,2025-06-23 16:06:02,14,0.002492863663716749,0.006101602139616651
models/powernet_lstm128_mlp132_mlp216_final32_dropout0.2_lr0.001.pt,2025-06-23 16:06:05,2025-06-23 16:06:05,15,0.0024680386715029085,0.0060055750100651666
models/powernet_lstm128_mlp132_mlp216_final32_dropout0.2_lr0.001.pt,2025-06-23 16:06:08,2025-06-23 16:06:08,16,0.002435426026890238,0.005993817824803825
models/powernet_lstm128_mlp132_mlp216_final32_dropout0.2_lr0.001.pt,2025-06-23 16:06:11,2025-06-23 16:06:12,17,0.0024638172690956903,0.0059938413573295945
models/powernet_lstm128_mlp132_mlp216_final32_dropout0.2_lr0.001.pt,2025-06-23 16:06:15,2025-06-23 16:06:15,18,0.0024229414252479606,0.006036657754087909
models/powernet_lstm128_mlp132_mlp216_final32_dropout0.2_lr0.001.pt,2025-06-23 16:06:18,2025-06-23 16:06:18,19,0.0024302269783376728,0.005931415031054279
models/powernet_lstm128_mlp132_mlp216_final32_dropout0.2_lr0.001.pt,2025-06-23 16:06:21,2025-06-23 16:06:21,20,0.0024210750791137806,0.005906775380329539
models/powernet_lstm128_mlp132_mlp216_final32_dropout0.2_lr0.0005.pt,2025-06-23 16:06:24,2025-06-23 16:06:24,1,0.01188917240081188,0.04078450246847102
models/powernet_lstm128_mlp132_mlp216_final32_dropout0.2_lr0.0005.pt,2025-06-23 16:06:27,2025-06-23 16:06:27,2,0.010337910155401028,0.04004993478191041
models/powernet_lstm128_mlp132_mlp216_final32_dropout0.2_lr0.0005.pt,2025-06-23 16:06:30,2025-06-23 16:06:31,3,0.010305178438072963,0.03399856070366999
models/powernet_lstm128_mlp132_mlp216_final32_dropout0.2_lr0.0005.pt,2025-06-23 16:06:34,2025-06-23 16:06:34,4,0.008608632688252021,0.022629402012431195
models/powernet_lstm128_mlp132_mlp216_final32_dropout0.2_lr0.0005.pt,2025-06-23 16:06:37,2025-06-23 16:06:37,5,0.005145609640749171,0.013395676267377678
models/powernet_lstm128_mlp132_mlp216_final32_dropout0.2_lr0.0005.pt,2025-06-23 16:06:40,2025-06-23 16:06:40,6,0.0036729544268793335,0.009326602881109076
models/powernet_lstm128_mlp132_mlp216_final32_dropout0.2_lr0.0005.pt,2025-06-23 16:06:43,2025-06-23 16:06:43,7,0.0031576886752037845,0.007740117581782951
models/powernet_lstm128_mlp132_mlp216_final32_dropout0.2_lr0.0005.pt,2025-06-23 16:06:46,2025-06-23 16:06:46,8,0.0029656081826561283,0.007197097334678152
models/powernet_lstm128_mlp132_mlp216_final32_dropout0.2_lr0.0005.pt,2025-06-23 16:06:49,2025-06-23 16:06:49,9,0.002843835803069463,0.007001292514836504
models/powernet_lstm128_mlp132_mlp216_final32_dropout0.2_lr0.0005.pt,2025-06-23 16:06:52,2025-06-23 16:06:52,10,0.0028371445902024054,0.006864190324752902
models/powernet_lstm128_mlp132_mlp216_final32_dropout0.2_lr0.0005.pt,2025-06-23 16:06:55,2025-06-23 16:06:55,11,0.0027869648441875114,0.006470530720738073
models/powernet_lstm128_mlp132_mlp216_final32_dropout0.2_lr0.0005.pt,2025-06-23 16:06:58,2025-06-23 16:06:59,12,0.0027592388733509612,0.006441355699540249
models/powernet_lstm128_mlp132_mlp216_final32_dropout0.2_lr0.0005.pt,2025-06-23 16:07:01,2025-06-23 16:07:02,13,0.002709833325945028,0.006370556454861625
models/powernet_lstm128_mlp132_mlp216_final32_dropout0.2_lr0.0005.pt,2025-06-23 16:07:05,2025-06-23 16:07:05,14,0.0026707527237922607,0.006476068615614038
models/powernet_lstm128_mlp132_mlp216_final32_dropout0.2_lr0.0005.pt,2025-06-23 16:07:08,2025-06-23 16:07:08,15,0.002678861956722954,0.006310613284031639
models/powernet_lstm128_mlp132_mlp216_final32_dropout0.2_lr0.0005.pt,2025-06-23 16:07:11,2025-06-23 16:07:11,16,0.0026652885537657564,0.006188933167972469
models/powernet_lstm128_mlp132_mlp216_final32_dropout0.2_lr0.0005.pt,2025-06-23 16:07:14,2025-06-23 16:07:14,17,0.002626683015497752,0.00615660575844924
models/powernet_lstm128_mlp132_mlp216_final32_dropout0.2_lr0.0005.pt,2025-06-23 16:07:17,2025-06-23 16:07:17,18,0.0026030614885011703,0.006156656533546213
models/powernet_lstm128_mlp132_mlp216_final32_dropout0.2_lr0.0005.pt,2025-06-23 16:07:20,2025-06-23 16:07:21,19,0.0025778754900011823,0.006116591596288518
models/powernet_lstm128_mlp132_mlp216_final32_dropout0.2_lr0.0005.pt,2025-06-23 16:07:24,2025-06-23 16:07:24,20,0.002585964704190688,0.006110662951998945
models/powernet_lstm128_mlp132_mlp216_final32_dropout0.3_lr0.001.pt,2025-06-23 16:07:27,2025-06-23 16:07:27,1,0.010055446631139926,0.03825364535718802
models/powernet_lstm128_mlp132_mlp216_final32_dropout0.3_lr0.001.pt,2025-06-23 16:07:30,2025-06-23 16:07:30,2,0.010917934024223296,0.03731925164659818
models/powernet_lstm128_mlp132_mlp216_final32_dropout0.3_lr0.001.pt,2025-06-23 16:07:33,2025-06-23 16:07:33,3,0.011531468347719733,0.03668498008378914
models/powernet_lstm128_mlp132_mlp216_final32_dropout0.3_lr0.001.pt,2025-06-23 16:07:36,2025-06-23 16:07:37,4,0.012025103605966548,0.03346199919247911
models/powernet_lstm128_mlp132_mlp216_final32_dropout0.3_lr0.001.pt,2025-06-23 16:07:40,2025-06-23 16:07:40,5,0.0077595420895890405,0.01805212839861356
models/powernet_lstm128_mlp132_mlp216_final32_dropout0.3_lr0.001.pt,2025-06-23 16:07:43,2025-06-23 16:07:43,6,0.0038790124366068243,0.008496892943401776
models/powernet_lstm128_mlp132_mlp216_final32_dropout0.3_lr0.001.pt,2025-06-23 16:07:46,2025-06-23 16:07:46,7,0.0030236371003085493,0.00715784103764842
models/powernet_lstm128_mlp132_mlp216_final32_dropout0.3_lr0.001.pt,2025-06-23 16:07:49,2025-06-23 16:07:49,8,0.0029011200166284023,0.00683235693889271
models/powernet_lstm128_mlp132_mlp216_final32_dropout0.3_lr0.001.pt,2025-06-23 16:07:52,2025-06-23 16:07:52,9,0.0028433293429320997,0.006722848430009825
models/powernet_lstm128_mlp132_mlp216_final32_dropout0.3_lr0.001.pt,2025-06-23 16:07:55,2025-06-23 16:07:56,10,0.0027507866328451984,0.006568851282021829
models/powernet_lstm128_mlp132_mlp216_final32_dropout0.3_lr0.001.pt,2025-06-23 16:07:59,2025-06-23 16:07:59,11,0.002718095804886362,0.00683596854408582
models/powernet_lstm128_mlp132_mlp216_final32_dropout0.3_lr0.001.pt,2025-06-23 16:08:02,2025-06-23 16:08:02,12,0.002714464587478032,0.006949992049374573
models/powernet_lstm128_mlp132_mlp216_final32_dropout0.3_lr0.001.pt,2025-06-23 16:08:05,2025-06-23 16:08:05,13,0.0026884773158527557,0.006900658901681059
models/powernet_lstm128_mlp132_mlp216_final32_dropout0.3_lr0.001.pt,2025-06-23 16:08:08,2025-06-23 16:08:08,14,0.002683426101197986,0.006932618742298689
models/powernet_lstm128_mlp132_mlp216_final32_dropout0.3_lr0.001.pt,2025-06-23 16:08:11,2025-06-23 16:08:11,15,0.002619808084805251,0.006729617130033495
models/powernet_lstm128_mlp132_mlp216_final32_dropout0.3_lr0.001.pt,2025-06-23 16:08:14,2025-06-23 16:08:14,16,0.002609460357485646,0.006981013068330607
models/powernet_lstm128_mlp132_mlp216_final32_dropout0.3_lr0.001.pt,2025-06-23 16:08:17,2025-06-23 16:08:17,17,0.0026023977100335925,0.006722793179852445
models/powernet_lstm128_mlp132_mlp216_final32_dropout0.3_lr0.001.pt,2025-06-23 16:08:21,2025-06-23 16:08:21,18,0.00258518050893754,0.006608998795161911
models/powernet_lstm128_mlp132_mlp216_final32_dropout0.3_lr0.001.pt,2025-06-23 16:08:24,2025-06-23 16:08:24,19,0.002555602238946227,0.0066233232085193905
models/powernet_lstm128_mlp132_mlp216_final32_dropout0.3_lr0.001.pt,2025-06-23 16:08:27,2025-06-23 16:08:27,20,0.0025413598468926515,0.006609277356238593
models/powernet_lstm128_mlp132_mlp216_final32_dropout0.3_lr0.0005.pt,2025-06-23 16:08:30,2025-06-23 16:08:31,1,0.011394541505219308,0.04173089535019937
models/powernet_lstm128_mlp132_mlp216_final32_dropout0.3_lr0.0005.pt,2025-06-23 16:08:34,2025-06-23 16:08:34,2,0.011726986655863636,0.0407965938516316
models/powernet_lstm128_mlp132_mlp216_final32_dropout0.3_lr0.0005.pt,2025-06-23 16:08:37,2025-06-23 16:08:37,3,0.010752902258568073,0.030496016311060106
models/powernet_lstm128_mlp132_mlp216_final32_dropout0.3_lr0.0005.pt,2025-06-23 16:08:40,2025-06-23 16:08:40,4,0.008112523600869682,0.021984756879863284
models/powernet_lstm128_mlp132_mlp216_final32_dropout0.3_lr0.0005.pt,2025-06-23 16:08:43,2025-06-23 16:08:43,5,0.00506393210090343,0.013277418201877958
models/powernet_lstm128_mlp132_mlp216_final32_dropout0.3_lr0.0005.pt,2025-06-23 16:08:46,2025-06-23 16:08:46,6,0.0036728402366966017,0.009331723270449965
models/powernet_lstm128_mlp132_mlp216_final32_dropout0.3_lr0.0005.pt,2025-06-23 16:08:49,2025-06-23 16:08:49,7,0.003170402967953123,0.007764810208408605
models/powernet_lstm128_mlp132_mlp216_final32_dropout0.3_lr0.0005.pt,2025-06-23 16:08:52,2025-06-23 16:08:52,8,0.00291794748488842,0.0072049667831465955
models/powernet_lstm128_mlp132_mlp216_final32_dropout0.3_lr0.0005.pt,2025-06-23 16:08:55,2025-06-23 16:08:56,9,0.002899431991228153,0.007106378325261176
models/powernet_lstm128_mlp132_mlp216_final32_dropout0.3_lr0.0005.pt,2025-06-23 16:08:59,2025-06-23 16:08:59,10,0.002852989131458334,0.006805387034546584
models/powernet_lstm128_mlp132_mlp216_final32_dropout0.3_lr0.0005.pt,2025-06-23 16:09:02,2025-06-23 16:09:02,11,0.0028196076472272336,0.006553762367860015
models/powernet_lstm128_mlp132_mlp216_final32_dropout0.3_lr0.0005.pt,2025-06-23 16:09:05,2025-06-23 16:09:05,12,0.0027987042878104347,0.006556423087160857
models/powernet_lstm128_mlp132_mlp216_final32_dropout0.3_lr0.0005.pt,2025-06-23 16:09:08,2025-06-23 16:09:08,13,0.0027946313655573046,0.006528253655969387
models/powernet_lstm128_mlp132_mlp216_final32_dropout0.3_lr0.0005.pt,2025-06-23 16:09:11,2025-06-23 16:09:11,14,0.0027309140441567873,0.006431510896488492
models/powernet_lstm128_mlp132_mlp216_final32_dropout0.3_lr0.0005.pt,2025-06-23 16:09:14,2025-06-23 16:09:15,15,0.002721628909240023,0.006375070788808877
models/powernet_lstm128_mlp132_mlp216_final32_dropout0.3_lr0.0005.pt,2025-06-23 16:09:18,2025-06-23 16:09:18,16,0.002681995614654615,0.006216921749347378
models/powernet_lstm128_mlp132_mlp216_final32_dropout0.3_lr0.0005.pt,2025-06-23 16:09:21,2025-06-23 16:09:21,17,0.00267542367207519,0.00647517919008221
models/powernet_lstm128_mlp132_mlp216_final32_dropout0.3_lr0.0005.pt,2025-06-23 16:09:24,2025-06-23 16:09:24,18,0.00264404097904316,0.00637351830040903
models/powernet_lstm128_mlp132_mlp216_final32_dropout0.3_lr0.0005.pt,2025-06-23 16:09:27,2025-06-23 16:09:27,19,0.002629382655516477,0.006252202950972354
models/powernet_lstm128_mlp132_mlp216_final32_dropout0.3_lr0.0005.pt,2025-06-23 16:09:30,2025-06-23 16:09:30,20,0.0026109884634660306,0.006308611719370154
models/powernet_lstm128_mlp132_mlp216_final64_dropout0.2_lr0.001.pt,2025-06-23 16:09:33,2025-06-23 16:09:34,1,0.010232506158140382,0.03703264767924944
models/powernet_lstm128_mlp132_mlp216_final64_dropout0.2_lr0.001.pt,2025-06-23 16:09:37,2025-06-23 16:09:37,2,0.011485866297559653,0.036919535204236
models/powernet_lstm128_mlp132_mlp216_final64_dropout0.2_lr0.001.pt,2025-06-23 16:09:40,2025-06-23 16:09:40,3,0.011501656737089689,0.03301749611273408
models/powernet_lstm128_mlp132_mlp216_final64_dropout0.2_lr0.001.pt,2025-06-23 16:09:43,2025-06-23 16:09:43,4,0.009481507082005352,0.02011739000833283
models/powernet_lstm128_mlp132_mlp216_final64_dropout0.2_lr0.001.pt,2025-06-23 16:09:46,2025-06-23 16:09:46,5,0.004245218564829235,0.008551670947954768
models/powernet_lstm128_mlp132_mlp216_final64_dropout0.2_lr0.001.pt,2025-06-23 16:09:49,2025-06-23 16:09:49,6,0.0029886864227122597,0.007330499938689172
models/powernet_lstm128_mlp132_mlp216_final64_dropout0.2_lr0.001.pt,2025-06-23 16:09:52,2025-06-23 16:09:52,7,0.002850139368822845,0.007043133334567149
models/powernet_lstm128_mlp132_mlp216_final64_dropout0.2_lr0.001.pt,2025-06-23 16:09:55,2025-06-23 16:09:55,8,0.0028042135710951515,0.007004397222772241
models/powernet_lstm128_mlp132_mlp216_final64_dropout0.2_lr0.001.pt,2025-06-23 16:09:58,2025-06-23 16:09:58,9,0.002754165799424593,0.007165842301522692
models/powernet_lstm128_mlp132_mlp216_final64_dropout0.2_lr0.001.pt,2025-06-23 16:10:01,2025-06-23 16:10:01,10,0.0027098926613011356,0.007242939246463634
models/powernet_lstm128_mlp132_mlp216_final64_dropout0.2_lr0.001.pt,2025-06-23 16:10:04,2025-06-23 16:10:04,11,0.0026761884712943754,0.007415456531037178
models/powernet_lstm128_mlp132_mlp216_final64_dropout0.2_lr0.001.pt,2025-06-23 16:10:07,2025-06-23 16:10:07,12,0.002676235467513045,0.007277320177915196
models/powernet_lstm128_mlp132_mlp216_final64_dropout0.2_lr0.001.pt,2025-06-23 16:10:10,2025-06-23 16:10:10,13,0.0026290201889534602,0.0074655233571926756
models/powernet_lstm128_mlp132_mlp216_final64_dropout0.2_lr0.001.pt,2025-06-23 16:10:13,2025-06-23 16:10:14,14,0.002604963918795265,0.007285276233839492
models/powernet_lstm128_mlp132_mlp216_final64_dropout0.2_lr0.001.pt,2025-06-23 16:10:16,2025-06-23 16:10:17,15,0.0025862823678581143,0.0074045217091528075
models/powernet_lstm128_mlp132_mlp216_final64_dropout0.2_lr0.001.pt,2025-06-23 16:10:19,2025-06-23 16:10:20,16,0.0025643509357892677,0.00740784880084296
models/powernet_lstm128_mlp132_mlp216_final64_dropout0.2_lr0.001.pt,2025-06-23 16:10:23,2025-06-23 16:10:23,17,0.0025564770945349933,0.00733596115051547
models/powernet_lstm128_mlp132_mlp216_final64_dropout0.2_lr0.001.pt,2025-06-23 16:10:26,2025-06-23 16:10:26,18,0.0025412002649833365,0.0074123014623875775
models/powernet_lstm128_mlp132_mlp216_final64_dropout0.2_lr0.001.pt,2025-06-23 16:10:29,2025-06-23 16:10:29,19,0.002541037297302333,0.007092106646658587
models/powernet_lstm128_mlp132_mlp216_final64_dropout0.2_lr0.001.pt,2025-06-23 16:10:32,2025-06-23 16:10:32,20,0.00250051026221066,0.007039864799783875
models/powernet_lstm128_mlp132_mlp216_final64_dropout0.2_lr0.0005.pt,2025-06-23 16:10:35,2025-06-23 16:10:35,1,0.011342681182350623,0.03707908459806016
models/powernet_lstm128_mlp132_mlp216_final64_dropout0.2_lr0.0005.pt,2025-06-23 16:10:38,2025-06-23 16:10:38,2,0.01198772055440746,0.034022911806546506
models/powernet_lstm128_mlp132_mlp216_final64_dropout0.2_lr0.0005.pt,2025-06-23 16:10:41,2025-06-23 16:10:42,3,0.011365442820768352,0.029939619741136476
models/powernet_lstm128_mlp132_mlp216_final64_dropout0.2_lr0.0005.pt,2025-06-23 16:10:44,2025-06-23 16:10:45,4,0.009496896591704709,0.022607645496637338
models/powernet_lstm128_mlp132_mlp216_final64_dropout0.2_lr0.0005.pt,2025-06-23 16:10:48,2025-06-23 16:10:48,5,0.00504706877208228,0.012085680550496494
models/powernet_lstm128_mlp132_mlp216_final64_dropout0.2_lr0.0005.pt,2025-06-23 16:10:51,2025-06-23 16:10:51,6,0.003380933154625134,0.008185525829460295
models/powernet_lstm128_mlp132_mlp216_final64_dropout0.2_lr0.0005.pt,2025-06-23 16:10:54,2025-06-23 16:10:54,7,0.0029156746909833483,0.0071008500609813
models/powernet_lstm128_mlp132_mlp216_final64_dropout0.2_lr0.0005.pt,2025-06-23 16:10:57,2025-06-23 16:10:57,8,0.0027944495247202964,0.006598660896997899
models/powernet_lstm128_mlp132_mlp216_final64_dropout0.2_lr0.0005.pt,2025-06-23 16:11:00,2025-06-23 16:11:00,9,0.0026788515617526855,0.006247157084068195
models/powernet_lstm128_mlp132_mlp216_final64_dropout0.2_lr0.0005.pt,2025-06-23 16:11:03,2025-06-23 16:11:04,10,0.0025846948448170516,0.00592339122557037
models/powernet_lstm128_mlp132_mlp216_final64_dropout0.2_lr0.0005.pt,2025-06-23 16:11:08,2025-06-23 16:11:08,11,0.0025273081733875216,0.005898277300210404
models/powernet_lstm128_mlp132_mlp216_final64_dropout0.2_lr0.0005.pt,2025-06-23 16:11:13,2025-06-23 16:11:13,12,0.0024994597592938516,0.005818130269679906
models/powernet_lstm128_mlp132_mlp216_final64_dropout0.2_lr0.0005.pt,2025-06-23 16:11:18,2025-06-23 16:11:18,13,0.00248256454918234,0.005719596750125112
models/powernet_lstm128_mlp132_mlp216_final64_dropout0.2_lr0.0005.pt,2025-06-23 16:11:22,2025-06-23 16:11:23,14,0.0024704423145085197,0.005866737444497024
models/powernet_lstm128_mlp132_mlp216_final64_dropout0.2_lr0.0005.pt,2025-06-23 16:11:27,2025-06-23 16:11:27,15,0.002453211892371593,0.0057606970963423095
models/powernet_lstm128_mlp132_mlp216_final64_dropout0.2_lr0.0005.pt,2025-06-23 16:11:32,2025-06-23 16:11:32,16,0.0024411746394222998,0.00568403080771012
models/powernet_lstm128_mlp132_mlp216_final64_dropout0.2_lr0.0005.pt,2025-06-23 16:11:36,2025-06-23 16:11:37,17,0.0024170053728078374,0.0056641530467286
models/powernet_lstm128_mlp132_mlp216_final64_dropout0.2_lr0.0005.pt,2025-06-23 16:11:41,2025-06-23 16:11:41,18,0.002433622960385317,0.0056486716119772086
models/powernet_lstm128_mlp132_mlp216_final64_dropout0.2_lr0.0005.pt,2025-06-23 16:11:46,2025-06-23 16:11:46,19,0.0024089748957290356,0.005569557724465128
models/powernet_lstm128_mlp132_mlp216_final64_dropout0.2_lr0.0005.pt,2025-06-23 16:11:50,2025-06-23 16:11:51,20,0.0024247805942982804,0.005551880796528643
models/powernet_lstm128_mlp132_mlp216_final64_dropout0.3_lr0.001.pt,2025-06-23 16:11:55,2025-06-23 16:11:55,1,0.010300587721905041,0.03409316293185666
models/powernet_lstm128_mlp132_mlp216_final64_dropout0.3_lr0.001.pt,2025-06-23 16:12:00,2025-06-23 16:12:00,2,0.007570008661167773,0.014077295285893516
models/powernet_lstm128_mlp132_mlp216_final64_dropout0.3_lr0.001.pt,2025-06-23 16:12:05,2025-06-23 16:12:05,3,0.003613061677444623,0.0075311178751733335
models/powernet_lstm128_mlp132_mlp216_final64_dropout0.3_lr0.001.pt,2025-06-23 16:12:09,2025-06-23 16:12:09,4,0.00292005255341857,0.0069223885989880985
models/powernet_lstm128_mlp132_mlp216_final64_dropout0.3_lr0.001.pt,2025-06-23 16:12:14,2025-06-23 16:12:14,5,0.002827078208177497,0.006933541159101185
models/powernet_lstm128_mlp132_mlp216_final64_dropout0.3_lr0.001.pt,2025-06-23 16:12:19,2025-06-23 16:12:19,6,0.002856597978530759,0.0069819299637206966
models/powernet_lstm128_mlp132_mlp216_final64_dropout0.3_lr0.001.pt,2025-06-23 16:12:23,2025-06-23 16:12:24,7,0.002787650509570111,0.006739116251646053
models/powernet_lstm128_mlp132_mlp216_final64_dropout0.3_lr0.001.pt,2025-06-23 16:12:28,2025-06-23 16:12:28,8,0.002778100397264231,0.007093114892042996
models/powernet_lstm128_mlp132_mlp216_final64_dropout0.3_lr0.001.pt,2025-06-23 16:12:33,2025-06-23 16:12:33,9,0.0027595197834703726,0.0070405070187657005
models/powernet_lstm128_mlp132_mlp216_final64_dropout0.3_lr0.001.pt,2025-06-23 16:12:37,2025-06-23 16:12:38,10,0.0027464559522046837,0.007135710221648749
models/powernet_lstm128_mlp132_mlp216_final64_dropout0.3_lr0.001.pt,2025-06-23 16:12:42,2025-06-23 16:12:42,11,0.0027146791546596347,0.00699845322274736
models/powernet_lstm128_mlp132_mlp216_final64_dropout0.3_lr0.001.pt,2025-06-23 16:12:47,2025-06-23 16:12:47,12,0.0026540380366045172,0.007096278181831751
models/powernet_lstm128_mlp132_mlp216_final64_dropout0.3_lr0.001.pt,2025-06-23 16:12:52,2025-06-23 16:12:52,13,0.002665194554156774,0.007226638008086454
models/powernet_lstm128_mlp132_mlp216_final64_dropout0.3_lr0.001.pt,2025-06-23 16:12:56,2025-06-23 16:12:56,14,0.0026145153844814185,0.007033786004675286
models/powernet_lstm128_mlp132_mlp216_final64_dropout0.3_lr0.001.pt,2025-06-23 16:13:01,2025-06-23 16:13:01,15,0.0025958185064657276,0.007118993473427725
models/powernet_lstm128_mlp132_mlp216_final64_dropout0.3_lr0.001.pt,2025-06-23 16:13:06,2025-06-23 16:13:06,16,0.0025745021810631625,0.0072029787392932036
models/powernet_lstm128_mlp132_mlp216_final64_dropout0.3_lr0.001.pt,2025-06-23 16:13:10,2025-06-23 16:13:11,17,0.0025709452791645203,0.007159628423063883
models/powernet_lstm128_mlp132_mlp216_final64_dropout0.3_lr0.001.pt,2025-06-23 16:13:15,2025-06-23 16:13:15,18,0.002537805615792028,0.006962773679766715
models/powernet_lstm128_mlp132_mlp216_final64_dropout0.3_lr0.001.pt,2025-06-23 16:13:20,2025-06-23 16:13:20,19,0.0025316070171497013,0.006882859316344063
models/powernet_lstm128_mlp132_mlp216_final64_dropout0.3_lr0.001.pt,2025-06-23 16:13:24,2025-06-23 16:13:25,20,0.002532092587960597,0.007110417512844184
models/powernet_lstm128_mlp132_mlp216_final64_dropout0.3_lr0.0005.pt,2025-06-23 16:13:29,2025-06-23 16:13:30,1,0.011492815760475847,0.043048772539588664
models/powernet_lstm128_mlp132_mlp216_final64_dropout0.3_lr0.0005.pt,2025-06-23 16:13:34,2025-06-23 16:13:34,2,0.013056315325294858,0.03753756345914943
models/powernet_lstm128_mlp132_mlp216_final64_dropout0.3_lr0.0005.pt,2025-06-23 16:13:39,2025-06-23 16:13:39,3,0.01110280358535488,0.033384017834794666
models/powernet_lstm128_mlp132_mlp216_final64_dropout0.3_lr0.0005.pt,2025-06-23 16:13:43,2025-06-23 16:13:44,4,0.010600769794279022,0.026311226499577362
models/powernet_lstm128_mlp132_mlp216_final64_dropout0.3_lr0.0005.pt,2025-06-23 16:13:48,2025-06-23 16:13:48,5,0.007878799708866794,0.020047565367782398
models/powernet_lstm128_mlp132_mlp216_final64_dropout0.3_lr0.0005.pt,2025-06-23 16:13:53,2025-06-23 16:13:53,6,0.0051411903188121584,0.012841684788110711
models/powernet_lstm128_mlp132_mlp216_final64_dropout0.3_lr0.0005.pt,2025-06-23 16:13:57,2025-06-23 16:13:58,7,0.003666668611098378,0.008894310607242264
models/powernet_lstm128_mlp132_mlp216_final64_dropout0.3_lr0.0005.pt,2025-06-23 16:14:02,2025-06-23 16:14:02,8,0.00311000920108421,0.007443271879483724
models/powernet_lstm128_mlp132_mlp216_final64_dropout0.3_lr0.0005.pt,2025-06-23 16:14:07,2025-06-23 16:14:07,9,0.002930155837014201,0.006798582412080751
models/powernet_lstm128_mlp132_mlp216_final64_dropout0.3_lr0.0005.pt,2025-06-23 16:14:12,2025-06-23 16:14:12,10,0.0028687527723064627,0.0064857319867726235
models/powernet_lstm128_mlp132_mlp216_final64_dropout0.3_lr0.0005.pt,2025-06-23 16:14:16,2025-06-23 16:14:17,11,0.0027862091199912157,0.006336225684554804
models/powernet_lstm128_mlp132_mlp216_final64_dropout0.3_lr0.0005.pt,2025-06-23 16:14:21,2025-06-23 16:14:21,12,0.0027665429960927546,0.006232062188376274
models/powernet_lstm128_mlp132_mlp216_final64_dropout0.3_lr0.0005.pt,2025-06-23 16:14:26,2025-06-23 16:14:26,13,0.002791560714706398,0.006183813844386134
models/powernet_lstm128_mlp132_mlp216_final64_dropout0.3_lr0.0005.pt,2025-06-23 16:14:30,2025-06-23 16:14:31,14,0.0027208827925415367,0.006172976869579759
models/powernet_lstm128_mlp132_mlp216_final64_dropout0.3_lr0.0005.pt,2025-06-23 16:14:35,2025-06-23 16:14:35,15,0.0027112184352094163,0.00622515836065369
models/powernet_lstm128_mlp132_mlp216_final64_dropout0.3_lr0.0005.pt,2025-06-23 16:14:40,2025-06-23 16:14:40,16,0.0027022293172559724,0.006172323718644856
models/powernet_lstm128_mlp132_mlp216_final64_dropout0.3_lr0.0005.pt,2025-06-23 16:14:45,2025-06-23 16:14:45,17,0.00269096199774407,0.006174874561284447
models/powernet_lstm128_mlp132_mlp216_final64_dropout0.3_lr0.0005.pt,2025-06-23 16:14:49,2025-06-23 16:14:50,18,0.0027006919431920733,0.006144404610885041
models/powernet_lstm128_mlp132_mlp216_final64_dropout0.3_lr0.0005.pt,2025-06-23 16:14:54,2025-06-23 16:14:54,19,0.0026453440869873804,0.006283870817805152
models/powernet_lstm128_mlp132_mlp216_final64_dropout0.3_lr0.0005.pt,2025-06-23 16:14:59,2025-06-23 16:14:59,20,0.002638938028261476,0.006254592721927024
models/powernet_lstm128_mlp132_mlp232_final32_dropout0.2_lr0.001.pt,2025-06-23 16:15:04,2025-06-23 16:15:04,1,0.010724493621816811,0.038481122348457575
models/powernet_lstm128_mlp132_mlp232_final32_dropout0.2_lr0.001.pt,2025-06-23 16:15:09,2025-06-23 16:15:09,2,0.010833901148723391,0.038920650347357706
models/powernet_lstm128_mlp132_mlp232_final32_dropout0.2_lr0.001.pt,2025-06-23 16:15:13,2025-06-23 16:15:13,3,0.00822895806373304,0.016956323408521712
models/powernet_lstm128_mlp132_mlp232_final32_dropout0.2_lr0.001.pt,2025-06-23 16:15:18,2025-06-23 16:15:18,4,0.00379742916391146,0.007430683591380893
models/powernet_lstm128_mlp132_mlp232_final32_dropout0.2_lr0.001.pt,2025-06-23 16:15:23,2025-06-23 16:15:23,5,0.0028629796632680723,0.006736067431380174
models/powernet_lstm128_mlp132_mlp232_final32_dropout0.2_lr0.001.pt,2025-06-23 16:15:27,2025-06-23 16:15:28,6,0.0027794739512387017,0.006605391282521721
models/powernet_lstm128_mlp132_mlp232_final32_dropout0.2_lr0.001.pt,2025-06-23 16:15:32,2025-06-23 16:15:32,7,0.0027516544176896494,0.006506977439303661
models/powernet_lstm128_mlp132_mlp232_final32_dropout0.2_lr0.001.pt,2025-06-23 16:15:37,2025-06-23 16:15:37,8,0.0027034617601610104,0.006260419505581792
models/powernet_lstm128_mlp132_mlp232_final32_dropout0.2_lr0.001.pt,2025-06-23 16:15:41,2025-06-23 16:15:42,9,0.0026923170111702896,0.006599459902472084
models/powernet_lstm128_mlp132_mlp232_final32_dropout0.2_lr0.001.pt,2025-06-23 16:15:46,2025-06-23 16:15:46,10,0.0026546620108376215,0.0064897609104047575
models/powernet_lstm128_mlp132_mlp232_final32_dropout0.2_lr0.001.pt,2025-06-23 16:15:51,2025-06-23 16:15:51,11,0.002612839699105283,0.006473568714379023
models/powernet_lstm128_mlp132_mlp232_final32_dropout0.2_lr0.001.pt,2025-06-23 16:15:55,2025-06-23 16:15:56,12,0.0026151283935073755,0.006778247865094315
models/powernet_lstm128_mlp132_mlp232_final32_dropout0.2_lr0.001.pt,2025-06-23 16:16:00,2025-06-23 16:16:00,13,0.002588907309714371,0.006620410594180049
models/powernet_lstm128_mlp132_mlp232_final32_dropout0.2_lr0.001.pt,2025-06-23 16:16:05,2025-06-23 16:16:05,14,0.0025788208191332286,0.0067536511840964
models/powernet_lstm128_mlp132_mlp232_final32_dropout0.2_lr0.001.pt,2025-06-23 16:16:09,2025-06-23 16:16:10,15,0.0025409460174150122,0.006792029579325269
models/powernet_lstm128_mlp132_mlp232_final32_dropout0.2_lr0.001.pt,2025-06-23 16:16:14,2025-06-23 16:16:14,16,0.002546668197775233,0.006782888307324832
models/powernet_lstm128_mlp132_mlp232_final32_dropout0.2_lr0.001.pt,2025-06-23 16:16:19,2025-06-23 16:16:19,17,0.002520881582430804,0.006675045820884407
models/powernet_lstm128_mlp132_mlp232_final32_dropout0.2_lr0.001.pt,2025-06-23 16:16:24,2025-06-23 16:16:24,18,0.0025008445521975168,0.00687885826863792
models/powernet_lstm128_mlp132_mlp232_final32_dropout0.2_lr0.001.pt,2025-06-23 16:16:29,2025-06-23 16:16:29,19,0.0024909254442650065,0.006751056184016523
models/powernet_lstm128_mlp132_mlp232_final32_dropout0.2_lr0.001.pt,2025-06-23 16:16:33,2025-06-23 16:16:34,20,0.0024696114520195165,0.006826135113702289
models/powernet_lstm128_mlp132_mlp232_final32_dropout0.2_lr0.0005.pt,2025-06-23 16:16:39,2025-06-23 16:16:39,1,0.010439091555980337,0.04015145998536831
models/powernet_lstm128_mlp132_mlp232_final32_dropout0.2_lr0.0005.pt,2025-06-23 16:16:44,2025-06-23 16:16:44,2,0.012228979860969876,0.04065775922277853
models/powernet_lstm128_mlp132_mlp232_final32_dropout0.2_lr0.0005.pt,2025-06-23 16:16:48,2025-06-23 16:16:49,3,0.012178220126780392,0.034528431660007866
models/powernet_lstm128_mlp132_mlp232_final32_dropout0.2_lr0.0005.pt,2025-06-23 16:16:53,2025-06-23 16:16:53,4,0.009478145463731788,0.024863495934932006
models/powernet_lstm128_mlp132_mlp232_final32_dropout0.2_lr0.0005.pt,2025-06-23 16:16:58,2025-06-23 16:16:58,5,0.005323730594304133,0.013902861624956131
models/powernet_lstm128_mlp132_mlp232_final32_dropout0.2_lr0.0005.pt,2025-06-23 16:17:03,2025-06-23 16:17:03,6,0.0035695454049300517,0.009763344157753246
models/powernet_lstm128_mlp132_mlp232_final32_dropout0.2_lr0.0005.pt,2025-06-23 16:17:08,2025-06-23 16:17:08,7,0.0030033454287185513,0.007990635111041013
models/powernet_lstm128_mlp132_mlp232_final32_dropout0.2_lr0.0005.pt,2025-06-23 16:17:13,2025-06-23 16:17:13,8,0.002901569252480514,0.007407426490404066
models/powernet_lstm128_mlp132_mlp232_final32_dropout0.2_lr0.0005.pt,2025-06-23 16:17:17,2025-06-23 16:17:18,9,0.0028139840033876303,0.006942317765649585
models/powernet_lstm128_mlp132_mlp232_final32_dropout0.2_lr0.0005.pt,2025-06-23 16:17:22,2025-06-23 16:17:22,10,0.0027387264236237428,0.006586986968094217
models/powernet_lstm128_mlp132_mlp232_final32_dropout0.2_lr0.0005.pt,2025-06-23 16:17:27,2025-06-23 16:17:27,11,0.0027251499756391654,0.006351198455030542
models/powernet_lstm128_mlp132_mlp232_final32_dropout0.2_lr0.0005.pt,2025-06-23 16:17:31,2025-06-23 16:17:32,12,0.0026789848451174237,0.006256120445738945
models/powernet_lstm128_mlp132_mlp232_final32_dropout0.2_lr0.0005.pt,2025-06-23 16:17:36,2025-06-23 16:17:36,13,0.0026617254500651204,0.006017190844951463
models/powernet_lstm128_mlp132_mlp232_final32_dropout0.2_lr0.0005.pt,2025-06-23 16:17:41,2025-06-23 16:17:41,14,0.0026289501990918503,0.006076391941557328
models/powernet_lstm128_mlp132_mlp232_final32_dropout0.2_lr0.0005.pt,2025-06-23 16:17:45,2025-06-23 16:17:46,15,0.002653475747992223,0.0060948105653681394
models/powernet_lstm128_mlp132_mlp232_final32_dropout0.2_lr0.0005.pt,2025-06-23 16:17:50,2025-06-23 16:17:50,16,0.0026218278450272996,0.006179585785416532
models/powernet_lstm128_mlp132_mlp232_final32_dropout0.2_lr0.0005.pt,2025-06-23 16:17:55,2025-06-23 16:17:55,17,0.002613681437168938,0.005949071025021286
models/powernet_lstm128_mlp132_mlp232_final32_dropout0.2_lr0.0005.pt,2025-06-23 16:17:59,2025-06-23 16:18:00,18,0.002562442769667411,0.006313130605988027
models/powernet_lstm128_mlp132_mlp232_final32_dropout0.2_lr0.0005.pt,2025-06-23 16:18:04,2025-06-23 16:18:04,19,0.0025724626737356764,0.0062884578226311575
models/powernet_lstm128_mlp132_mlp232_final32_dropout0.2_lr0.0005.pt,2025-06-23 16:18:09,2025-06-23 16:18:09,20,0.0025601683678539424,0.00620816633870293
models/powernet_lstm128_mlp132_mlp232_final32_dropout0.3_lr0.001.pt,2025-06-23 16:18:14,2025-06-23 16:18:14,1,0.010006686818713362,0.033830859775965415
models/powernet_lstm128_mlp132_mlp232_final32_dropout0.3_lr0.001.pt,2025-06-23 16:18:18,2025-06-23 16:18:19,2,0.010572510455118736,0.02507657944113903
models/powernet_lstm128_mlp132_mlp232_final32_dropout0.3_lr0.001.pt,2025-06-23 16:18:23,2025-06-23 16:18:23,3,0.005669776306134618,0.010209594734035255
models/powernet_lstm128_mlp132_mlp232_final32_dropout0.3_lr0.001.pt,2025-06-23 16:18:28,2025-06-23 16:18:28,4,0.0031164891557917368,0.0071832845874485515
models/powernet_lstm128_mlp132_mlp232_final32_dropout0.3_lr0.001.pt,2025-06-23 16:18:32,2025-06-23 16:18:33,5,0.002835327848469952,0.006791539196412833
models/powernet_lstm128_mlp132_mlp232_final32_dropout0.3_lr0.001.pt,2025-06-23 16:18:37,2025-06-23 16:18:37,6,0.0028031007245919036,0.006892668244074143
models/powernet_lstm128_mlp132_mlp232_final32_dropout0.3_lr0.001.pt,2025-06-23 16:18:42,2025-06-23 16:18:42,7,0.0027294244080419755,0.007049894094788691
models/powernet_lstm128_mlp132_mlp232_final32_dropout0.3_lr0.001.pt,2025-06-23 16:18:46,2025-06-23 16:18:47,8,0.0027262838908121085,0.0069581807488464705
models/powernet_lstm128_mlp132_mlp232_final32_dropout0.3_lr0.001.pt,2025-06-23 16:18:51,2025-06-23 16:18:51,9,0.0026527699835721145,0.007215472578536719
models/powernet_lstm128_mlp132_mlp232_final32_dropout0.3_lr0.001.pt,2025-06-23 16:18:56,2025-06-23 16:18:56,10,0.0026579903193599693,0.007027586428670301
models/powernet_lstm128_mlp132_mlp232_final32_dropout0.3_lr0.001.pt,2025-06-23 16:19:00,2025-06-23 16:19:01,11,0.0026317949629619075,0.007210944163879114
models/powernet_lstm128_mlp132_mlp232_final32_dropout0.3_lr0.001.pt,2025-06-23 16:19:05,2025-06-23 16:19:05,12,0.002607805752879723,0.007225097578373693
models/powernet_lstm128_mlp132_mlp232_final32_dropout0.3_lr0.001.pt,2025-06-23 16:19:10,2025-06-23 16:19:10,13,0.0025879717652327514,0.007132725576714923
models/powernet_lstm128_mlp132_mlp232_final32_dropout0.3_lr0.001.pt,2025-06-23 16:19:14,2025-06-23 16:19:15,14,0.002587156401785244,0.007044206808565096
models/powernet_lstm128_mlp132_mlp232_final32_dropout0.3_lr0.001.pt,2025-06-23 16:19:19,2025-06-23 16:19:19,15,0.0025584039988816552,0.007068640483166313
models/powernet_lstm128_mlp132_mlp232_final32_dropout0.3_lr0.001.pt,2025-06-23 16:19:24,2025-06-23 16:19:24,16,0.002570958985190999,0.0070060640171591545
models/powernet_lstm128_mlp132_mlp232_final32_dropout0.3_lr0.001.pt,2025-06-23 16:19:28,2025-06-23 16:19:29,17,0.0025091958903228967,0.007156710237419854
models/powernet_lstm128_mlp132_mlp232_final32_dropout0.3_lr0.001.pt,2025-06-23 16:19:33,2025-06-23 16:19:33,18,0.002515562250563461,0.00688552650778244
models/powernet_lstm128_mlp132_mlp232_final32_dropout0.3_lr0.001.pt,2025-06-23 16:19:38,2025-06-23 16:19:38,19,0.00253131476381237,0.006929506991235982
models/powernet_lstm128_mlp132_mlp232_final32_dropout0.3_lr0.001.pt,2025-06-23 16:19:42,2025-06-23 16:19:43,20,0.002515839001834167,0.00698024454703998
models/powernet_lstm128_mlp132_mlp232_final32_dropout0.3_lr0.0005.pt,2025-06-23 16:19:47,2025-06-23 16:19:48,1,0.012642650267816111,0.038599126029848344
models/powernet_lstm128_mlp132_mlp232_final32_dropout0.3_lr0.0005.pt,2025-06-23 16:19:52,2025-06-23 16:19:52,2,0.017146696553542194,0.03554204580861898
models/powernet_lstm128_mlp132_mlp232_final32_dropout0.3_lr0.0005.pt,2025-06-23 16:19:57,2025-06-23 16:19:57,3,0.018167802718498053,0.029345878510780278
models/powernet_lstm128_mlp132_mlp232_final32_dropout0.3_lr0.0005.pt,2025-06-23 16:20:01,2025-06-23 16:20:02,4,0.014188007441162396,0.026521305342958795
models/powernet_lstm128_mlp132_mlp232_final32_dropout0.3_lr0.0005.pt,2025-06-23 16:20:06,2025-06-23 16:20:06,5,0.007202233013596409,0.01376911111375583
models/powernet_lstm128_mlp132_mlp232_final32_dropout0.3_lr0.0005.pt,2025-06-23 16:20:11,2025-06-23 16:20:11,6,0.004022979610180232,0.008801016324598874
models/powernet_lstm128_mlp132_mlp232_final32_dropout0.3_lr0.0005.pt,2025-06-23 16:20:15,2025-06-23 16:20:16,7,0.003210450806077086,0.007084536793020864
models/powernet_lstm128_mlp132_mlp232_final32_dropout0.3_lr0.0005.pt,2025-06-23 16:20:20,2025-06-23 16:20:20,8,0.002918646736518024,0.006550974075383108
models/powernet_lstm128_mlp132_mlp232_final32_dropout0.3_lr0.0005.pt,2025-06-23 16:20:25,2025-06-23 16:20:25,9,0.002859804001572128,0.006491836351675114
models/powernet_lstm128_mlp132_mlp232_final32_dropout0.3_lr0.0005.pt,2025-06-23 16:20:30,2025-06-23 16:20:30,10,0.0027931248875043614,0.0065338124584827925
models/powernet_lstm128_mlp132_mlp232_final32_dropout0.3_lr0.0005.pt,2025-06-23 16:20:34,2025-06-23 16:20:35,11,0.0027827566234944856,0.006575269882367658
models/powernet_lstm128_mlp132_mlp232_final32_dropout0.3_lr0.0005.pt,2025-06-23 16:20:39,2025-06-23 16:20:39,12,0.0027555938571542133,0.0065208159947013926
models/powernet_lstm128_mlp132_mlp232_final32_dropout0.3_lr0.0005.pt,2025-06-23 16:20:44,2025-06-23 16:20:44,13,0.0027221199780930834,0.006454403954280895
models/powernet_lstm128_mlp132_mlp232_final32_dropout0.3_lr0.0005.pt,2025-06-23 16:20:49,2025-06-23 16:20:49,14,0.002714180429256396,0.006260823947654683
models/powernet_lstm128_mlp132_mlp232_final32_dropout0.3_lr0.0005.pt,2025-06-23 16:20:53,2025-06-23 16:20:54,15,0.002700637324716717,0.006281486698537178
models/powernet_lstm128_mlp132_mlp232_final32_dropout0.3_lr0.0005.pt,2025-06-23 16:20:58,2025-06-23 16:20:58,16,0.002675962435195513,0.006280206766123662
models/powernet_lstm128_mlp132_mlp232_final32_dropout0.3_lr0.0005.pt,2025-06-23 16:21:03,2025-06-23 16:21:03,17,0.0026654782055910114,0.006370876152123813
models/powernet_lstm128_mlp132_mlp232_final32_dropout0.3_lr0.0005.pt,2025-06-23 16:21:07,2025-06-23 16:21:08,18,0.0026274442358324673,0.0063288910051120355
models/powernet_lstm128_mlp132_mlp232_final32_dropout0.3_lr0.0005.pt,2025-06-23 16:21:12,2025-06-23 16:21:12,19,0.0025905292143934243,0.006284890090769511
models/powernet_lstm128_mlp132_mlp232_final32_dropout0.3_lr0.0005.pt,2025-06-23 16:21:17,2025-06-23 16:21:17,20,0.0026109354340441704,0.006333074671038915
models/powernet_lstm128_mlp132_mlp232_final64_dropout0.2_lr0.001.pt,2025-06-23 16:21:22,2025-06-23 16:21:22,1,0.010095804368310998,0.0342781988770834
models/powernet_lstm128_mlp132_mlp232_final64_dropout0.2_lr0.001.pt,2025-06-23 16:21:26,2025-06-23 16:21:27,2,0.007927592963837321,0.01407473331727531
models/powernet_lstm128_mlp132_mlp232_final64_dropout0.2_lr0.001.pt,2025-06-23 16:21:31,2025-06-23 16:21:31,3,0.0035000503792675334,0.007080686328533504
models/powernet_lstm128_mlp132_mlp232_final64_dropout0.2_lr0.001.pt,2025-06-23 16:21:36,2025-06-23 16:21:36,4,0.002913367086915069,0.0066861359934721675
models/powernet_lstm128_mlp132_mlp232_final64_dropout0.2_lr0.001.pt,2025-06-23 16:21:40,2025-06-23 16:21:41,5,0.002834095937205315,0.006514200297672124
models/powernet_lstm128_mlp132_mlp232_final64_dropout0.2_lr0.001.pt,2025-06-23 16:21:45,2025-06-23 16:21:45,6,0.002789249949482283,0.00654127731242971
models/powernet_lstm128_mlp132_mlp232_final64_dropout0.2_lr0.001.pt,2025-06-23 16:21:48,2025-06-23 16:21:48,7,0.002718760023875359,0.006795108933666987
models/powernet_lstm128_mlp132_mlp232_final64_dropout0.2_lr0.001.pt,2025-06-23 16:21:51,2025-06-23 16:21:51,8,0.002687532260416678,0.006854806016365599
models/powernet_lstm128_mlp132_mlp232_final64_dropout0.2_lr0.001.pt,2025-06-23 16:21:54,2025-06-23 16:21:54,9,0.0026560050084501402,0.0069389181943344215
models/powernet_lstm128_mlp132_mlp232_final64_dropout0.2_lr0.001.pt,2025-06-23 16:21:57,2025-06-23 16:21:57,10,0.002647796031163787,0.007122607052137721
models/powernet_lstm128_mlp132_mlp232_final64_dropout0.2_lr0.001.pt,2025-06-23 16:22:00,2025-06-23 16:22:00,11,0.0026219747146390424,0.007060977311560973
models/powernet_lstm128_mlp132_mlp232_final64_dropout0.2_lr0.001.pt,2025-06-23 16:22:03,2025-06-23 16:22:03,12,0.0025821694231960976,0.007207718715237986
models/powernet_lstm128_mlp132_mlp232_final64_dropout0.2_lr0.001.pt,2025-06-23 16:22:06,2025-06-23 16:22:06,13,0.002536820658639292,0.007028374258273591
models/powernet_lstm128_mlp132_mlp232_final64_dropout0.2_lr0.001.pt,2025-06-23 16:22:09,2025-06-23 16:22:09,14,0.002522204924317654,0.007080528984910676
models/powernet_lstm128_mlp132_mlp232_final64_dropout0.2_lr0.001.pt,2025-06-23 16:22:12,2025-06-23 16:22:12,15,0.002532006555107943,0.007420619697465251
models/powernet_lstm128_mlp132_mlp232_final64_dropout0.2_lr0.001.pt,2025-06-23 16:22:15,2025-06-23 16:22:15,16,0.0024818156152539286,0.0067887011100538075
models/powernet_lstm128_mlp132_mlp232_final64_dropout0.2_lr0.001.pt,2025-06-23 16:22:18,2025-06-23 16:22:19,17,0.0024906089764103415,0.00695218793892612
models/powernet_lstm128_mlp132_mlp232_final64_dropout0.2_lr0.001.pt,2025-06-23 16:22:21,2025-06-23 16:22:22,18,0.002470881753062035,0.006799642805985752
models/powernet_lstm128_mlp132_mlp232_final64_dropout0.2_lr0.001.pt,2025-06-23 16:22:24,2025-06-23 16:22:25,19,0.002448290638003071,0.006877171994087153
models/powernet_lstm128_mlp132_mlp232_final64_dropout0.2_lr0.001.pt,2025-06-23 16:22:28,2025-06-23 16:22:28,20,0.002457865366177495,0.006886749123666613
models/powernet_lstm128_mlp132_mlp232_final64_dropout0.2_lr0.0005.pt,2025-06-23 16:22:31,2025-06-23 16:22:31,1,0.01048716546873325,0.04143928616706814
models/powernet_lstm128_mlp132_mlp232_final64_dropout0.2_lr0.0005.pt,2025-06-23 16:22:34,2025-06-23 16:22:34,2,0.012000320412408007,0.03558654923524175
models/powernet_lstm128_mlp132_mlp232_final64_dropout0.2_lr0.0005.pt,2025-06-23 16:22:37,2025-06-23 16:22:37,3,0.0110921866879473,0.03310519680824308
models/powernet_lstm128_mlp132_mlp232_final64_dropout0.2_lr0.0005.pt,2025-06-23 16:22:40,2025-06-23 16:22:40,4,0.007603655907704735,0.015324529570837816
models/powernet_lstm128_mlp132_mlp232_final64_dropout0.2_lr0.0005.pt,2025-06-23 16:22:43,2025-06-23 16:22:43,5,0.003942882599954587,0.009218348212362755
models/powernet_lstm128_mlp132_mlp232_final64_dropout0.2_lr0.0005.pt,2025-06-23 16:22:46,2025-06-23 16:22:47,6,0.0030182482132593866,0.007237812132752012
models/powernet_lstm128_mlp132_mlp232_final64_dropout0.2_lr0.0005.pt,2025-06-23 16:22:51,2025-06-23 16:22:51,7,0.002855042850713022,0.006722937920130789
models/powernet_lstm128_mlp132_mlp232_final64_dropout0.2_lr0.0005.pt,2025-06-23 16:22:56,2025-06-23 16:22:56,8,0.002773336814305458,0.006493161765060255
models/powernet_lstm128_mlp132_mlp232_final64_dropout0.2_lr0.0005.pt,2025-06-23 16:23:01,2025-06-23 16:23:01,9,0.002760913603464275,0.006409608303025986
models/powernet_lstm128_mlp132_mlp232_final64_dropout0.2_lr0.0005.pt,2025-06-23 16:23:06,2025-06-23 16:23:06,10,0.0026995599754982944,0.006197703589263949
models/powernet_lstm128_mlp132_mlp232_final64_dropout0.2_lr0.0005.pt,2025-06-23 16:23:10,2025-06-23 16:23:11,11,0.002687758815299142,0.0062839513217719896
models/powernet_lstm128_mlp132_mlp232_final64_dropout0.2_lr0.0005.pt,2025-06-23 16:23:15,2025-06-23 16:23:15,12,0.0026614385753295027,0.00633971886903358
models/powernet_lstm128_mlp132_mlp232_final64_dropout0.2_lr0.0005.pt,2025-06-23 16:23:20,2025-06-23 16:23:20,13,0.0027045149476193123,0.006235185503360948
models/powernet_lstm128_mlp132_mlp232_final64_dropout0.2_lr0.0005.pt,2025-06-23 16:23:24,2025-06-23 16:23:25,14,0.0026613028874302846,0.0062001927206957975
models/powernet_lstm128_mlp132_mlp232_final64_dropout0.2_lr0.0005.pt,2025-06-23 16:23:29,2025-06-23 16:23:29,15,0.0026227871378433913,0.006234283030997696
models/powernet_lstm128_mlp132_mlp232_final64_dropout0.2_lr0.0005.pt,2025-06-23 16:23:34,2025-06-23 16:23:34,16,0.002618178798497686,0.006252478747185142
models/powernet_lstm128_mlp132_mlp232_final64_dropout0.2_lr0.0005.pt,2025-06-23 16:23:38,2025-06-23 16:23:39,17,0.0026079352850058553,0.006134224036941305
models/powernet_lstm128_mlp132_mlp232_final64_dropout0.2_lr0.0005.pt,2025-06-23 16:23:43,2025-06-23 16:23:43,18,0.002583189712529401,0.006108871559956155
models/powernet_lstm128_mlp132_mlp232_final64_dropout0.2_lr0.0005.pt,2025-06-23 16:23:48,2025-06-23 16:23:48,19,0.002564164719389548,0.006352756047687892
models/powernet_lstm128_mlp132_mlp232_final64_dropout0.2_lr0.0005.pt,2025-06-23 16:23:52,2025-06-23 16:23:53,20,0.002544401104517755,0.006327554026419031
models/powernet_lstm128_mlp132_mlp232_final64_dropout0.3_lr0.001.pt,2025-06-23 16:23:57,2025-06-23 16:23:58,1,0.010372920633493139,0.03619721644957151
models/powernet_lstm128_mlp132_mlp232_final64_dropout0.3_lr0.001.pt,2025-06-23 16:24:02,2025-06-23 16:24:02,2,0.0070990709331630155,0.014398875746077724
models/powernet_lstm128_mlp132_mlp232_final64_dropout0.3_lr0.001.pt,2025-06-23 16:24:07,2025-06-23 16:24:07,3,0.0034389301974286314,0.007820171489757263
models/powernet_lstm128_mlp132_mlp232_final64_dropout0.3_lr0.001.pt,2025-06-23 16:24:11,2025-06-23 16:24:12,4,0.0029702301078837357,0.00772645364936796
models/powernet_lstm128_mlp132_mlp232_final64_dropout0.3_lr0.001.pt,2025-06-23 16:24:16,2025-06-23 16:24:16,5,0.0029138141148661073,0.0073948127378354826
models/powernet_lstm128_mlp132_mlp232_final64_dropout0.3_lr0.001.pt,2025-06-23 16:24:21,2025-06-23 16:24:21,6,0.002852743394361178,0.007437028057341065
models/powernet_lstm128_mlp132_mlp232_final64_dropout0.3_lr0.001.pt,2025-06-23 16:24:25,2025-06-23 16:24:26,7,0.0028043707059617036,0.007296504458368179
models/powernet_lstm128_mlp132_mlp232_final64_dropout0.3_lr0.001.pt,2025-06-23 16:24:30,2025-06-23 16:24:30,8,0.002762784501322792,0.0070996410213410854
models/powernet_lstm128_mlp132_mlp232_final64_dropout0.3_lr0.001.pt,2025-06-23 16:24:35,2025-06-23 16:24:35,9,0.002726266073348004,0.007336388796656614
models/powernet_lstm128_mlp132_mlp232_final64_dropout0.3_lr0.001.pt,2025-06-23 16:24:39,2025-06-23 16:24:39,10,0.0026810697273507308,0.007056207861751318
models/powernet_lstm128_mlp132_mlp232_final64_dropout0.3_lr0.001.pt,2025-06-23 16:24:44,2025-06-23 16:24:44,11,0.0026481000855827943,0.006835172024910294
models/powernet_lstm128_mlp132_mlp232_final64_dropout0.3_lr0.001.pt,2025-06-23 16:24:49,2025-06-23 16:24:49,12,0.0026282195249483936,0.007227230038205605
models/powernet_lstm128_mlp132_mlp232_final64_dropout0.3_lr0.001.pt,2025-06-23 16:24:53,2025-06-23 16:24:53,13,0.002612027068836047,0.007078343388413833
models/powernet_lstm128_mlp132_mlp232_final64_dropout0.3_lr0.001.pt,2025-06-23 16:24:58,2025-06-23 16:24:58,14,0.0025669202875820787,0.00703196270513304
models/powernet_lstm128_mlp132_mlp232_final64_dropout0.3_lr0.001.pt,2025-06-23 16:25:02,2025-06-23 16:25:03,15,0.002566676531370903,0.006915095700172796
models/powernet_lstm128_mlp132_mlp232_final64_dropout0.3_lr0.001.pt,2025-06-23 16:25:07,2025-06-23 16:25:07,16,0.002531511695011549,0.007187767823260012
models/powernet_lstm128_mlp132_mlp232_final64_dropout0.3_lr0.001.pt,2025-06-23 16:25:12,2025-06-23 16:25:12,17,0.0025296888102845734,0.007093811332846859
models/powernet_lstm128_mlp132_mlp232_final64_dropout0.3_lr0.001.pt,2025-06-23 16:25:16,2025-06-23 16:25:17,18,0.002525507125035045,0.007293370726983994
models/powernet_lstm128_mlp132_mlp232_final64_dropout0.3_lr0.001.pt,2025-06-23 16:25:21,2025-06-23 16:25:21,19,0.0025152779105211205,0.007063925855271961
models/powernet_lstm128_mlp132_mlp232_final64_dropout0.3_lr0.001.pt,2025-06-23 16:25:26,2025-06-23 16:25:26,20,0.002493330077426742,0.007072560902174917
models/powernet_lstm128_mlp132_mlp232_final64_dropout0.3_lr0.0005.pt,2025-06-23 16:25:31,2025-06-23 16:25:31,1,0.011536535141999186,0.04050010305252813
models/powernet_lstm128_mlp132_mlp232_final64_dropout0.3_lr0.0005.pt,2025-06-23 16:25:35,2025-06-23 16:25:36,2,0.015708859358567036,0.04140551338371422
models/powernet_lstm128_mlp132_mlp232_final64_dropout0.3_lr0.0005.pt,2025-06-23 16:25:40,2025-06-23 16:25:40,3,0.01585260510315708,0.03796075220175442
models/powernet_lstm128_mlp132_mlp232_final64_dropout0.3_lr0.0005.pt,2025-06-23 16:25:45,2025-06-23 16:25:45,4,0.010551549786608749,0.02596366062893399
models/powernet_lstm128_mlp132_mlp232_final64_dropout0.3_lr0.0005.pt,2025-06-23 16:25:49,2025-06-23 16:25:50,5,0.005642572058751548,0.012869228536839642
models/powernet_lstm128_mlp132_mlp232_final64_dropout0.3_lr0.0005.pt,2025-06-23 16:25:54,2025-06-23 16:25:54,6,0.003440512923031835,0.008376580624220272
models/powernet_lstm128_mlp132_mlp232_final64_dropout0.3_lr0.0005.pt,2025-06-23 16:25:59,2025-06-23 16:25:59,7,0.0029492607934498076,0.007360098736604587
models/powernet_lstm128_mlp132_mlp232_final64_dropout0.3_lr0.0005.pt,2025-06-23 16:26:03,2025-06-23 16:26:04,8,0.00282344040837461,0.007117805836190071
models/powernet_lstm128_mlp132_mlp232_final64_dropout0.3_lr0.0005.pt,2025-06-23 16:26:08,2025-06-23 16:26:08,9,0.0028256386591811703,0.006903072486498526
models/powernet_lstm128_mlp132_mlp232_final64_dropout0.3_lr0.0005.pt,2025-06-23 16:26:13,2025-06-23 16:26:13,10,0.002777596693541262,0.006874280743345264
models/powernet_lstm128_mlp132_mlp232_final64_dropout0.3_lr0.0005.pt,2025-06-23 16:26:17,2025-06-23 16:26:18,11,0.002764131297350287,0.006948890405640539
models/powernet_lstm128_mlp132_mlp232_final64_dropout0.3_lr0.0005.pt,2025-06-23 16:26:22,2025-06-23 16:26:22,12,0.0027413132711998803,0.006864835369578074
models/powernet_lstm128_mlp132_mlp232_final64_dropout0.3_lr0.0005.pt,2025-06-23 16:26:27,2025-06-23 16:26:27,13,0.002720643120567902,0.006736192979761178
models/powernet_lstm128_mlp132_mlp232_final64_dropout0.3_lr0.0005.pt,2025-06-23 16:26:31,2025-06-23 16:26:32,14,0.0027094115567285948,0.006768382462074182
models/powernet_lstm128_mlp132_mlp232_final64_dropout0.3_lr0.0005.pt,2025-06-23 16:26:36,2025-06-23 16:26:36,15,0.0026651004325255493,0.006694001433927389
models/powernet_lstm128_mlp132_mlp232_final64_dropout0.3_lr0.0005.pt,2025-06-23 16:26:41,2025-06-23 16:26:41,16,0.0026481195318443355,0.006899133729304941
models/powernet_lstm128_mlp132_mlp232_final64_dropout0.3_lr0.0005.pt,2025-06-23 16:26:45,2025-06-23 16:26:46,17,0.002640851791263775,0.0066546877081106815
models/powernet_lstm128_mlp132_mlp232_final64_dropout0.3_lr0.0005.pt,2025-06-23 16:26:50,2025-06-23 16:26:50,18,0.0026214539930249454,0.006583885517015699
models/powernet_lstm128_mlp132_mlp232_final64_dropout0.3_lr0.0005.pt,2025-06-23 16:26:55,2025-06-23 16:26:55,19,0.002600538434669806,0.00687013670713419
models/powernet_lstm128_mlp132_mlp232_final64_dropout0.3_lr0.0005.pt,2025-06-23 16:26:59,2025-06-23 16:27:00,20,0.0026007849120891296,0.006734307891400974
models/powernet_lstm128_mlp164_mlp216_final32_dropout0.2_lr0.001.pt,2025-06-23 16:27:04,2025-06-23 16:27:05,1,0.01060065860533753,0.033862016429858546
models/powernet_lstm128_mlp164_mlp216_final32_dropout0.2_lr0.001.pt,2025-06-23 16:27:09,2025-06-23 16:27:09,2,0.007853941260991404,0.01720434706658125
models/powernet_lstm128_mlp164_mlp216_final32_dropout0.2_lr0.001.pt,2025-06-23 16:27:14,2025-06-23 16:27:14,3,0.00393638252798054,0.007614717299085376
models/powernet_lstm128_mlp164_mlp216_final32_dropout0.2_lr0.001.pt,2025-06-23 16:27:18,2025-06-23 16:27:19,4,0.0029494310272828337,0.006757193373882079
models/powernet_lstm128_mlp164_mlp216_final32_dropout0.2_lr0.001.pt,2025-06-23 16:27:23,2025-06-23 16:27:23,5,0.002842306022784309,0.006898777563557295
models/powernet_lstm128_mlp164_mlp216_final32_dropout0.2_lr0.001.pt,2025-06-23 16:27:28,2025-06-23 16:27:28,6,0.0027696971608806523,0.006994449961764205
models/powernet_lstm128_mlp164_mlp216_final32_dropout0.2_lr0.001.pt,2025-06-23 16:27:32,2025-06-23 16:27:33,7,0.002705146424433944,0.006851541834683823
models/powernet_lstm128_mlp164_mlp216_final32_dropout0.2_lr0.001.pt,2025-06-23 16:27:37,2025-06-23 16:27:37,8,0.0026671116340047543,0.007002181168423877
models/powernet_lstm128_mlp164_mlp216_final32_dropout0.2_lr0.001.pt,2025-06-23 16:27:42,2025-06-23 16:27:42,9,0.0026537903887209296,0.0068511341024921945
models/powernet_lstm128_mlp164_mlp216_final32_dropout0.2_lr0.001.pt,2025-06-23 16:27:46,2025-06-23 16:27:47,10,0.0026265465435163053,0.006902185551423047
models/powernet_lstm128_mlp164_mlp216_final32_dropout0.2_lr0.001.pt,2025-06-23 16:27:51,2025-06-23 16:27:51,11,0.002575085703684117,0.006977669623059531
models/powernet_lstm128_mlp164_mlp216_final32_dropout0.2_lr0.001.pt,2025-06-23 16:27:56,2025-06-23 16:27:56,12,0.0025731152892413157,0.006955140091512086
models/powernet_lstm128_mlp164_mlp216_final32_dropout0.2_lr0.001.pt,2025-06-23 16:28:00,2025-06-23 16:28:01,13,0.0025311842411650113,0.006990129872325009
models/powernet_lstm128_mlp164_mlp216_final32_dropout0.2_lr0.001.pt,2025-06-23 16:28:05,2025-06-23 16:28:05,14,0.002546498712505244,0.006842951467704205
models/powernet_lstm128_mlp164_mlp216_final32_dropout0.2_lr0.001.pt,2025-06-23 16:28:10,2025-06-23 16:28:10,15,0.0025108409220635252,0.006694470313266807
models/powernet_lstm128_mlp164_mlp216_final32_dropout0.2_lr0.001.pt,2025-06-23 16:28:14,2025-06-23 16:28:15,16,0.0025136788113532572,0.006744021061985265
models/powernet_lstm128_mlp164_mlp216_final32_dropout0.2_lr0.001.pt,2025-06-23 16:28:19,2025-06-23 16:28:19,17,0.0024991573650710364,0.0063704679972336935
models/powernet_lstm128_mlp164_mlp216_final32_dropout0.2_lr0.001.pt,2025-06-23 16:28:24,2025-06-23 16:28:24,18,0.002491995263623581,0.006474047893702629
models/powernet_lstm128_mlp164_mlp216_final32_dropout0.2_lr0.001.pt,2025-06-23 16:28:29,2025-06-23 16:28:29,19,0.0024833086721902033,0.006620843431890188
models/powernet_lstm128_mlp164_mlp216_final32_dropout0.2_lr0.001.pt,2025-06-23 16:28:33,2025-06-23 16:28:34,20,0.002483573630437552,0.006412319741987933
models/powernet_lstm128_mlp164_mlp216_final32_dropout0.2_lr0.0005.pt,2025-06-23 16:28:38,2025-06-23 16:28:39,1,0.011482593934735998,0.040506242951821717
models/powernet_lstm128_mlp164_mlp216_final32_dropout0.2_lr0.0005.pt,2025-06-23 16:28:43,2025-06-23 16:28:43,2,0.013046818164122578,0.03808085487357208
models/powernet_lstm128_mlp164_mlp216_final32_dropout0.2_lr0.0005.pt,2025-06-23 16:28:48,2025-06-23 16:28:48,3,0.01391572597815061,0.04090571780467317
models/powernet_lstm128_mlp164_mlp216_final32_dropout0.2_lr0.0005.pt,2025-06-23 16:28:53,2025-06-23 16:28:53,4,0.009865012679768118,0.021310878706918585
models/powernet_lstm128_mlp164_mlp216_final32_dropout0.2_lr0.0005.pt,2025-06-23 16:28:58,2025-06-23 16:28:58,5,0.005087316305669505,0.011615918569510714
models/powernet_lstm128_mlp164_mlp216_final32_dropout0.2_lr0.0005.pt,2025-06-23 16:29:02,2025-06-23 16:29:03,6,0.003479792248225257,0.008008191863717954
models/powernet_lstm128_mlp164_mlp216_final32_dropout0.2_lr0.0005.pt,2025-06-23 16:29:07,2025-06-23 16:29:07,7,0.0029611995368438613,0.0068905837501266175
models/powernet_lstm128_mlp164_mlp216_final32_dropout0.2_lr0.0005.pt,2025-06-23 16:29:12,2025-06-23 16:29:12,8,0.002820243940099917,0.006548061229599019
models/powernet_lstm128_mlp164_mlp216_final32_dropout0.2_lr0.0005.pt,2025-06-23 16:29:17,2025-06-23 16:29:17,9,0.002753345604558679,0.006449969977395432
models/powernet_lstm128_mlp164_mlp216_final32_dropout0.2_lr0.0005.pt,2025-06-23 16:29:21,2025-06-23 16:29:21,10,0.0026951284084114828,0.006407683299455259
models/powernet_lstm128_mlp164_mlp216_final32_dropout0.2_lr0.0005.pt,2025-06-23 16:29:26,2025-06-23 16:29:26,11,0.0026918839406444087,0.006365697054813306
models/powernet_lstm128_mlp164_mlp216_final32_dropout0.2_lr0.0005.pt,2025-06-23 16:29:30,2025-06-23 16:29:31,12,0.0026518024324658942,0.006314769164115812
models/powernet_lstm128_mlp164_mlp216_final32_dropout0.2_lr0.0005.pt,2025-06-23 16:29:35,2025-06-23 16:29:35,13,0.002633400788791703,0.006461200332047329
models/powernet_lstm128_mlp164_mlp216_final32_dropout0.2_lr0.0005.pt,2025-06-23 16:29:40,2025-06-23 16:29:40,14,0.0026045237307138007,0.006315369413988222
models/powernet_lstm128_mlp164_mlp216_final32_dropout0.2_lr0.0005.pt,2025-06-23 16:29:44,2025-06-23 16:29:45,15,0.0026132846650395018,0.006220568974857174
models/powernet_lstm128_mlp164_mlp216_final32_dropout0.2_lr0.0005.pt,2025-06-23 16:29:49,2025-06-23 16:29:49,16,0.0025691931022718754,0.006386407979464691
models/powernet_lstm128_mlp164_mlp216_final32_dropout0.2_lr0.0005.pt,2025-06-23 16:29:54,2025-06-23 16:29:54,17,0.002565696273104615,0.006190171778490324
models/powernet_lstm128_mlp164_mlp216_final32_dropout0.2_lr0.0005.pt,2025-06-23 16:29:58,2025-06-23 16:29:59,18,0.0025332071838752735,0.006222300256402897
models/powernet_lstm128_mlp164_mlp216_final32_dropout0.2_lr0.0005.pt,2025-06-23 16:30:03,2025-06-23 16:30:03,19,0.0025429526601286312,0.006432834006513336
models/powernet_lstm128_mlp164_mlp216_final32_dropout0.2_lr0.0005.pt,2025-06-23 16:30:08,2025-06-23 16:30:08,20,0.00256080306444933,0.006140053582688172
models/powernet_lstm128_mlp164_mlp216_final32_dropout0.3_lr0.001.pt,2025-06-23 16:30:13,2025-06-23 16:30:13,1,0.010553766589125244,0.033868347616156654
models/powernet_lstm128_mlp164_mlp216_final32_dropout0.3_lr0.001.pt,2025-06-23 16:30:17,2025-06-23 16:30:18,2,0.008350389527334702,0.02122562093704584
models/powernet_lstm128_mlp164_mlp216_final32_dropout0.3_lr0.001.pt,2025-06-23 16:30:22,2025-06-23 16:30:22,3,0.00451102522138204,0.009067613822740636
models/powernet_lstm128_mlp164_mlp216_final32_dropout0.3_lr0.001.pt,2025-06-23 16:30:27,2025-06-23 16:30:27,4,0.0031468939552697817,0.007144833246933385
models/powernet_lstm128_mlp164_mlp216_final32_dropout0.3_lr0.001.pt,2025-06-23 16:30:31,2025-06-23 16:30:32,5,0.0028757109199517065,0.006556193266684811
models/powernet_lstm128_mlp164_mlp216_final32_dropout0.3_lr0.001.pt,2025-06-23 16:30:36,2025-06-23 16:30:36,6,0.0028043082188902503,0.006805441017994391
models/powernet_lstm128_mlp164_mlp216_final32_dropout0.3_lr0.001.pt,2025-06-23 16:30:40,2025-06-23 16:30:41,7,0.0027907805577401194,0.006567845897128184
models/powernet_lstm128_mlp164_mlp216_final32_dropout0.3_lr0.001.pt,2025-06-23 16:30:45,2025-06-23 16:30:45,8,0.0027286585788184104,0.0069447662362584935
models/powernet_lstm128_mlp164_mlp216_final32_dropout0.3_lr0.001.pt,2025-06-23 16:30:50,2025-06-23 16:30:50,9,0.002704800797044717,0.006873186735901982
models/powernet_lstm128_mlp164_mlp216_final32_dropout0.3_lr0.001.pt,2025-06-23 16:30:54,2025-06-23 16:30:55,10,0.0026495529468693706,0.007027514453511685
models/powernet_lstm128_mlp164_mlp216_final32_dropout0.3_lr0.001.pt,2025-06-23 16:30:59,2025-06-23 16:30:59,11,0.002668265700503002,0.006951168096358222
models/powernet_lstm128_mlp164_mlp216_final32_dropout0.3_lr0.001.pt,2025-06-23 16:31:03,2025-06-23 16:31:04,12,0.002612277895608987,0.007283250289869362
models/powernet_lstm128_mlp164_mlp216_final32_dropout0.3_lr0.001.pt,2025-06-23 16:31:08,2025-06-23 16:31:08,13,0.0026197659240211075,0.007148503508817937
models/powernet_lstm128_mlp164_mlp216_final32_dropout0.3_lr0.001.pt,2025-06-23 16:31:13,2025-06-23 16:31:13,14,0.002583207427452053,0.0070529650866297915
models/powernet_lstm128_mlp164_mlp216_final32_dropout0.3_lr0.001.pt,2025-06-23 16:31:17,2025-06-23 16:31:17,15,0.002574876684407156,0.006892783150154476
models/powernet_lstm128_mlp164_mlp216_final32_dropout0.3_lr0.001.pt,2025-06-23 16:31:22,2025-06-23 16:31:22,16,0.002552136813124974,0.006918635396730332
models/powernet_lstm128_mlp164_mlp216_final32_dropout0.3_lr0.001.pt,2025-06-23 16:31:26,2025-06-23 16:31:27,17,0.002575200982783015,0.007125587567099414
models/powernet_lstm128_mlp164_mlp216_final32_dropout0.3_lr0.001.pt,2025-06-23 16:31:31,2025-06-23 16:31:31,18,0.0025214243470670283,0.007144724686873988
models/powernet_lstm128_mlp164_mlp216_final32_dropout0.3_lr0.001.pt,2025-06-23 16:31:36,2025-06-23 16:31:36,19,0.002502571008658232,0.007063827137850846
models/powernet_lstm128_mlp164_mlp216_final32_dropout0.3_lr0.001.pt,2025-06-23 16:31:40,2025-06-23 16:31:41,20,0.0025096258785027767,0.006789999176925491
models/powernet_lstm128_mlp164_mlp216_final32_dropout0.3_lr0.0005.pt,2025-06-23 16:31:45,2025-06-23 16:31:46,1,0.01133842064673999,0.03858315420248324
models/powernet_lstm128_mlp164_mlp216_final32_dropout0.3_lr0.0005.pt,2025-06-23 16:31:50,2025-06-23 16:31:50,2,0.01358785304177459,0.04107492777430231
models/powernet_lstm128_mlp164_mlp216_final32_dropout0.3_lr0.0005.pt,2025-06-23 16:31:55,2025-06-23 16:31:55,3,0.012585929100690443,0.041588231145093836
models/powernet_lstm128_mlp164_mlp216_final32_dropout0.3_lr0.0005.pt,2025-06-23 16:31:59,2025-06-23 16:32:00,4,0.012608483552642326,0.03104670909011648
models/powernet_lstm128_mlp164_mlp216_final32_dropout0.3_lr0.0005.pt,2025-06-23 16:32:04,2025-06-23 16:32:04,5,0.008607140729828875,0.02133706562398445
models/powernet_lstm128_mlp164_mlp216_final32_dropout0.3_lr0.0005.pt,2025-06-23 16:32:09,2025-06-23 16:32:09,6,0.004756060748537969,0.01215597132908269
models/powernet_lstm128_mlp164_mlp216_final32_dropout0.3_lr0.0005.pt,2025-06-23 16:32:13,2025-06-23 16:32:14,7,0.003472116913036844,0.008209473666890213
models/powernet_lstm128_mlp164_mlp216_final32_dropout0.3_lr0.0005.pt,2025-06-23 16:32:18,2025-06-23 16:32:18,8,0.0030423453677796983,0.00722625499059047
models/powernet_lstm128_mlp164_mlp216_final32_dropout0.3_lr0.0005.pt,2025-06-23 16:32:23,2025-06-23 16:32:23,9,0.0028767234567652115,0.007027790842888256
models/powernet_lstm128_mlp164_mlp216_final32_dropout0.3_lr0.0005.pt,2025-06-23 16:32:28,2025-06-23 16:32:28,10,0.002799636574671103,0.0065588537503832155
models/powernet_lstm128_mlp164_mlp216_final32_dropout0.3_lr0.0005.pt,2025-06-23 16:32:32,2025-06-23 16:32:32,11,0.0027760286389025574,0.0065514646398480095
models/powernet_lstm128_mlp164_mlp216_final32_dropout0.3_lr0.0005.pt,2025-06-23 16:32:37,2025-06-23 16:32:37,12,0.0027536417375982982,0.006464424224326476
models/powernet_lstm128_mlp164_mlp216_final32_dropout0.3_lr0.0005.pt,2025-06-23 16:32:42,2025-06-23 16:32:42,13,0.0027215309721905084,0.006372867827026528
models/powernet_lstm128_mlp164_mlp216_final32_dropout0.3_lr0.0005.pt,2025-06-23 16:32:46,2025-06-23 16:32:47,14,0.0027052550356523016,0.006379979544795961
models/powernet_lstm128_mlp164_mlp216_final32_dropout0.3_lr0.0005.pt,2025-06-23 16:32:51,2025-06-23 16:32:51,15,0.002707686358930311,0.006260225424609546
models/powernet_lstm128_mlp164_mlp216_final32_dropout0.3_lr0.0005.pt,2025-06-23 16:32:56,2025-06-23 16:32:56,16,0.0026626913067338133,0.006479308034093785
models/powernet_lstm128_mlp164_mlp216_final32_dropout0.3_lr0.0005.pt,2025-06-23 16:33:00,2025-06-23 16:33:01,17,0.002678093588164103,0.0063646728328118725
models/powernet_lstm128_mlp164_mlp216_final32_dropout0.3_lr0.0005.pt,2025-06-23 16:33:05,2025-06-23 16:33:05,18,0.002630792587870769,0.00648628062446646
models/powernet_lstm128_mlp164_mlp216_final32_dropout0.3_lr0.0005.pt,2025-06-23 16:33:10,2025-06-23 16:33:10,19,0.002623560100791335,0.006370857084957173
models/powernet_lstm128_mlp164_mlp216_final32_dropout0.3_lr0.0005.pt,2025-06-23 16:33:14,2025-06-23 16:33:15,20,0.00258745712491097,0.0065133049197140195
models/powernet_lstm128_mlp164_mlp216_final64_dropout0.2_lr0.001.pt,2025-06-23 16:33:19,2025-06-23 16:33:20,1,0.010251801433285789,0.03649678307452372
models/powernet_lstm128_mlp164_mlp216_final64_dropout0.2_lr0.001.pt,2025-06-23 16:33:24,2025-06-23 16:33:24,2,0.0109503442075439,0.03245854545162902
models/powernet_lstm128_mlp164_mlp216_final64_dropout0.2_lr0.001.pt,2025-06-23 16:33:29,2025-06-23 16:33:29,3,0.008373159962150479,0.015334018517196887
models/powernet_lstm128_mlp164_mlp216_final64_dropout0.2_lr0.001.pt,2025-06-23 16:33:33,2025-06-23 16:33:33,4,0.003571690704915956,0.006974120707517224
models/powernet_lstm128_mlp164_mlp216_final64_dropout0.2_lr0.001.pt,2025-06-23 16:33:38,2025-06-23 16:33:38,5,0.002874149198395177,0.006524807185910288
models/powernet_lstm128_mlp164_mlp216_final64_dropout0.2_lr0.001.pt,2025-06-23 16:33:42,2025-06-23 16:33:43,6,0.00279125189197944,0.006750770941531907
models/powernet_lstm128_mlp164_mlp216_final64_dropout0.2_lr0.001.pt,2025-06-23 16:33:47,2025-06-23 16:33:47,7,0.002713083697330227,0.006937057921840321
models/powernet_lstm128_mlp164_mlp216_final64_dropout0.2_lr0.001.pt,2025-06-23 16:33:52,2025-06-23 16:33:52,8,0.0026771780777318692,0.007102213295487066
models/powernet_lstm128_mlp164_mlp216_final64_dropout0.2_lr0.001.pt,2025-06-23 16:33:56,2025-06-23 16:33:57,9,0.0026246044148151063,0.007182929584468227
models/powernet_lstm128_mlp164_mlp216_final64_dropout0.2_lr0.001.pt,2025-06-23 16:34:01,2025-06-23 16:34:01,10,0.0025951551167272685,0.00727706176084688
models/powernet_lstm128_mlp164_mlp216_final64_dropout0.2_lr0.001.pt,2025-06-23 16:34:06,2025-06-23 16:34:06,11,0.0026024549341623713,0.007432384593855767
models/powernet_lstm128_mlp164_mlp216_final64_dropout0.2_lr0.001.pt,2025-06-23 16:34:10,2025-06-23 16:34:11,12,0.0026023731074130284,0.00706386713205748
models/powernet_lstm128_mlp164_mlp216_final64_dropout0.2_lr0.001.pt,2025-06-23 16:34:15,2025-06-23 16:34:15,13,0.002563079560173869,0.007204251804588628
models/powernet_lstm128_mlp164_mlp216_final64_dropout0.2_lr0.001.pt,2025-06-23 16:34:20,2025-06-23 16:34:20,14,0.002537628205413396,0.007156764775226336
models/powernet_lstm128_mlp164_mlp216_final64_dropout0.2_lr0.001.pt,2025-06-23 16:34:25,2025-06-23 16:34:25,15,0.0025246462882346204,0.007000281196919137
models/powernet_lstm128_mlp164_mlp216_final64_dropout0.2_lr0.001.pt,2025-06-23 16:34:29,2025-06-23 16:34:30,16,0.002525907261734186,0.007215465339998316
models/powernet_lstm128_mlp164_mlp216_final64_dropout0.2_lr0.001.pt,2025-06-23 16:34:34,2025-06-23 16:34:34,17,0.002523505394349098,0.007117779831224609
models/powernet_lstm128_mlp164_mlp216_final64_dropout0.2_lr0.001.pt,2025-06-23 16:34:39,2025-06-23 16:34:39,18,0.0024892285979788093,0.006962988845771179
models/powernet_lstm128_mlp164_mlp216_final64_dropout0.2_lr0.001.pt,2025-06-23 16:34:44,2025-06-23 16:34:44,19,0.0025101496757606485,0.0068582881580195616
models/powernet_lstm128_mlp164_mlp216_final64_dropout0.2_lr0.001.pt,2025-06-23 16:34:48,2025-06-23 16:34:49,20,0.00249383364603596,0.006957231959815891
models/powernet_lstm128_mlp164_mlp216_final64_dropout0.2_lr0.0005.pt,2025-06-23 16:34:53,2025-06-23 16:34:54,1,0.010068432554059351,0.03677270178949194
models/powernet_lstm128_mlp164_mlp216_final64_dropout0.2_lr0.0005.pt,2025-06-23 16:34:58,2025-06-23 16:34:59,2,0.012120906260251784,0.03709024663216302
models/powernet_lstm128_mlp164_mlp216_final64_dropout0.2_lr0.0005.pt,2025-06-23 16:35:03,2025-06-23 16:35:03,3,0.012322516554908569,0.03443898174113461
models/powernet_lstm128_mlp164_mlp216_final64_dropout0.2_lr0.0005.pt,2025-06-23 16:35:08,2025-06-23 16:35:08,4,0.009339183627475073,0.022378925367125442
models/powernet_lstm128_mlp164_mlp216_final64_dropout0.2_lr0.0005.pt,2025-06-23 16:35:13,2025-06-23 16:35:13,5,0.0049473529328562076,0.011855608894534055
models/powernet_lstm128_mlp164_mlp216_final64_dropout0.2_lr0.0005.pt,2025-06-23 16:35:17,2025-06-23 16:35:18,6,0.00329382279137772,0.008228079033350306
models/powernet_lstm128_mlp164_mlp216_final64_dropout0.2_lr0.0005.pt,2025-06-23 16:35:22,2025-06-23 16:35:22,7,0.002950595713601912,0.007132904895115644
models/powernet_lstm128_mlp164_mlp216_final64_dropout0.2_lr0.0005.pt,2025-06-23 16:35:27,2025-06-23 16:35:27,8,0.0028111298498029965,0.006786287856465649
models/powernet_lstm128_mlp164_mlp216_final64_dropout0.2_lr0.0005.pt,2025-06-23 16:35:31,2025-06-23 16:35:31,9,0.002782381000487538,0.006559407380076924
models/powernet_lstm128_mlp164_mlp216_final64_dropout0.2_lr0.0005.pt,2025-06-23 16:35:36,2025-06-23 16:35:36,10,0.0027345586357401235,0.006394278973207942
models/powernet_lstm128_mlp164_mlp216_final64_dropout0.2_lr0.0005.pt,2025-06-23 16:35:41,2025-06-23 16:35:41,11,0.002703983506746298,0.006300425931667199
models/powernet_lstm128_mlp164_mlp216_final64_dropout0.2_lr0.0005.pt,2025-06-23 16:35:44,2025-06-23 16:35:44,12,0.0026457544900627145,0.006152174887358255
models/powernet_lstm128_mlp164_mlp216_final64_dropout0.2_lr0.0005.pt,2025-06-23 16:35:47,2025-06-23 16:35:47,13,0.0026508087696689915,0.0063835520995780826
models/powernet_lstm128_mlp164_mlp216_final64_dropout0.2_lr0.0005.pt,2025-06-23 16:35:50,2025-06-23 16:35:50,14,0.0026130175823950805,0.006168333972926207
models/powernet_lstm128_mlp164_mlp216_final64_dropout0.2_lr0.0005.pt,2025-06-23 16:35:53,2025-06-23 16:35:53,15,0.0025876169618178247,0.006331593437131406
models/powernet_lstm128_mlp164_mlp216_final64_dropout0.2_lr0.0005.pt,2025-06-23 16:35:56,2025-06-23 16:35:56,16,0.002583623467047455,0.006130720068800396
models/powernet_lstm128_mlp164_mlp216_final64_dropout0.2_lr0.0005.pt,2025-06-23 16:35:59,2025-06-23 16:35:59,17,0.002557154552663483,0.006308207086043521
models/powernet_lstm128_mlp164_mlp216_final64_dropout0.2_lr0.0005.pt,2025-06-23 16:36:02,2025-06-23 16:36:03,18,0.0025239154561585496,0.006197924100671939
models/powernet_lstm128_mlp164_mlp216_final64_dropout0.2_lr0.0005.pt,2025-06-23 16:36:05,2025-06-23 16:36:06,19,0.0025269695211641695,0.006341211971760329
models/powernet_lstm128_mlp164_mlp216_final64_dropout0.2_lr0.0005.pt,2025-06-23 16:36:09,2025-06-23 16:36:09,20,0.002510735516569504,0.006200846302644571
models/powernet_lstm128_mlp164_mlp216_final64_dropout0.3_lr0.001.pt,2025-06-23 16:36:12,2025-06-23 16:36:12,1,0.00998136485577561,0.035437497088596934
models/powernet_lstm128_mlp164_mlp216_final64_dropout0.3_lr0.001.pt,2025-06-23 16:36:15,2025-06-23 16:36:15,2,0.009653388680185034,0.02090299873989785
models/powernet_lstm128_mlp164_mlp216_final64_dropout0.3_lr0.001.pt,2025-06-23 16:36:18,2025-06-23 16:36:18,3,0.0042696322250704855,0.007345632882788777
models/powernet_lstm128_mlp164_mlp216_final64_dropout0.3_lr0.001.pt,2025-06-23 16:36:21,2025-06-23 16:36:21,4,0.0029445091208424685,0.0067822107258031054
models/powernet_lstm128_mlp164_mlp216_final64_dropout0.3_lr0.001.pt,2025-06-23 16:36:24,2025-06-23 16:36:24,5,0.0028121554121975103,0.006831500202506071
models/powernet_lstm128_mlp164_mlp216_final64_dropout0.3_lr0.001.pt,2025-06-23 16:36:27,2025-06-23 16:36:27,6,0.002747031774045983,0.007169168969128458
models/powernet_lstm128_mlp164_mlp216_final64_dropout0.3_lr0.001.pt,2025-06-23 16:36:30,2025-06-23 16:36:31,7,0.00268441409336388,0.007015034724082355
models/powernet_lstm128_mlp164_mlp216_final64_dropout0.3_lr0.001.pt,2025-06-23 16:36:33,2025-06-23 16:36:34,8,0.002669472755844651,0.007076815350003363
models/powernet_lstm128_mlp164_mlp216_final64_dropout0.3_lr0.001.pt,2025-06-23 16:36:37,2025-06-23 16:36:37,9,0.00264453323069571,0.0073436185872803135
models/powernet_lstm128_mlp164_mlp216_final64_dropout0.3_lr0.001.pt,2025-06-23 16:36:40,2025-06-23 16:36:40,10,0.0026233228396371467,0.00733533114128347
models/powernet_lstm128_mlp164_mlp216_final64_dropout0.3_lr0.001.pt,2025-06-23 16:36:43,2025-06-23 16:36:43,11,0.002619555295323185,0.007215403685612338
models/powernet_lstm128_mlp164_mlp216_final64_dropout0.3_lr0.001.pt,2025-06-23 16:36:46,2025-06-23 16:36:46,12,0.002572774776615583,0.007241093581320629
models/powernet_lstm128_mlp164_mlp216_final64_dropout0.3_lr0.001.pt,2025-06-23 16:36:49,2025-06-23 16:36:49,13,0.0025914534285400017,0.007129528394822652
models/powernet_lstm128_mlp164_mlp216_final64_dropout0.3_lr0.001.pt,2025-06-23 16:36:52,2025-06-23 16:36:52,14,0.002579796137728421,0.006991263244777829
models/powernet_lstm128_mlp164_mlp216_final64_dropout0.3_lr0.001.pt,2025-06-23 16:36:55,2025-06-23 16:36:55,15,0.002569175482484325,0.007289404933717812
models/powernet_lstm128_mlp164_mlp216_final64_dropout0.3_lr0.001.pt,2025-06-23 16:36:58,2025-06-23 16:36:58,16,0.002556853814959763,0.0070674588704215625
models/powernet_lstm128_mlp164_mlp216_final64_dropout0.3_lr0.001.pt,2025-06-23 16:37:01,2025-06-23 16:37:01,17,0.002556937581312502,0.006954634549661672
models/powernet_lstm128_mlp164_mlp216_final64_dropout0.3_lr0.001.pt,2025-06-23 16:37:04,2025-06-23 16:37:04,18,0.0025344011843756115,0.007018975192858349
models/powernet_lstm128_mlp164_mlp216_final64_dropout0.3_lr0.001.pt,2025-06-23 16:37:07,2025-06-23 16:37:07,19,0.0025204799026288392,0.00702312221429089
models/powernet_lstm128_mlp164_mlp216_final64_dropout0.3_lr0.001.pt,2025-06-23 16:37:10,2025-06-23 16:37:11,20,0.0025049883177116726,0.007047317021282478
models/powernet_lstm128_mlp164_mlp216_final64_dropout0.3_lr0.0005.pt,2025-06-23 16:37:14,2025-06-23 16:37:14,1,0.01107979028731481,0.03874349611855689
models/powernet_lstm128_mlp164_mlp216_final64_dropout0.3_lr0.0005.pt,2025-06-23 16:37:17,2025-06-23 16:37:17,2,0.0114518531686714,0.03563016283858035
models/powernet_lstm128_mlp164_mlp216_final64_dropout0.3_lr0.0005.pt,2025-06-23 16:37:20,2025-06-23 16:37:20,3,0.010200777866353539,0.026512413030667675
models/powernet_lstm128_mlp164_mlp216_final64_dropout0.3_lr0.0005.pt,2025-06-23 16:37:23,2025-06-23 16:37:23,4,0.005893363722509915,0.012606863531150989
models/powernet_lstm128_mlp164_mlp216_final64_dropout0.3_lr0.0005.pt,2025-06-23 16:37:26,2025-06-23 16:37:26,5,0.0036823388903529475,0.008535555829959256
models/powernet_lstm128_mlp164_mlp216_final64_dropout0.3_lr0.0005.pt,2025-06-23 16:37:29,2025-06-23 16:37:29,6,0.0030581083885284715,0.006866637700503426
models/powernet_lstm128_mlp164_mlp216_final64_dropout0.3_lr0.0005.pt,2025-06-23 16:37:32,2025-06-23 16:37:32,7,0.0029355387758245814,0.006700832166686831
models/powernet_lstm128_mlp164_mlp216_final64_dropout0.3_lr0.0005.pt,2025-06-23 16:37:35,2025-06-23 16:37:35,8,0.0028397878016752864,0.006328238031571908
models/powernet_lstm128_mlp164_mlp216_final64_dropout0.3_lr0.0005.pt,2025-06-23 16:37:38,2025-06-23 16:37:39,9,0.0028094210443721157,0.006247114550898827
models/powernet_lstm128_mlp164_mlp216_final64_dropout0.3_lr0.0005.pt,2025-06-23 16:37:42,2025-06-23 16:37:42,10,0.0027374396339834143,0.006259968157835482
models/powernet_lstm128_mlp164_mlp216_final64_dropout0.3_lr0.0005.pt,2025-06-23 16:37:45,2025-06-23 16:37:45,11,0.0027100520486111825,0.006311850275822161
models/powernet_lstm128_mlp164_mlp216_final64_dropout0.3_lr0.0005.pt,2025-06-23 16:37:48,2025-06-23 16:37:48,12,0.0026890282134970278,0.0062188095124881895
models/powernet_lstm128_mlp164_mlp216_final64_dropout0.3_lr0.0005.pt,2025-06-23 16:37:51,2025-06-23 16:37:51,13,0.002685407353792503,0.00633920166624843
models/powernet_lstm128_mlp164_mlp216_final64_dropout0.3_lr0.0005.pt,2025-06-23 16:37:54,2025-06-23 16:37:54,14,0.0026559973423029995,0.00636339019928571
models/powernet_lstm128_mlp164_mlp216_final64_dropout0.3_lr0.0005.pt,2025-06-23 16:37:57,2025-06-23 16:37:57,15,0.0026111113000160426,0.006289474923895406
models/powernet_lstm128_mlp164_mlp216_final64_dropout0.3_lr0.0005.pt,2025-06-23 16:38:00,2025-06-23 16:38:00,16,0.0026185715331747714,0.0061895507152214466
models/powernet_lstm128_mlp164_mlp216_final64_dropout0.3_lr0.0005.pt,2025-06-23 16:38:03,2025-06-23 16:38:04,17,0.002634013978438744,0.006399412626966036
models/powernet_lstm128_mlp164_mlp216_final64_dropout0.3_lr0.0005.pt,2025-06-23 16:38:06,2025-06-23 16:38:07,18,0.0025993975997221485,0.006350412817915813
models/powernet_lstm128_mlp164_mlp216_final64_dropout0.3_lr0.0005.pt,2025-06-23 16:38:10,2025-06-23 16:38:10,19,0.0025811327587334123,0.006341160772578968
models/powernet_lstm128_mlp164_mlp216_final64_dropout0.3_lr0.0005.pt,2025-06-23 16:38:13,2025-06-23 16:38:13,20,0.0025642235892929977,0.006226489672415136
models/powernet_lstm128_mlp164_mlp232_final32_dropout0.2_lr0.001.pt,2025-06-23 16:38:16,2025-06-23 16:38:16,1,0.009885311402517328,0.03506095153057859
models/powernet_lstm128_mlp164_mlp232_final32_dropout0.2_lr0.001.pt,2025-06-23 16:38:19,2025-06-23 16:38:19,2,0.008010506546804949,0.017026349070615003
models/powernet_lstm128_mlp164_mlp232_final32_dropout0.2_lr0.001.pt,2025-06-23 16:38:22,2025-06-23 16:38:22,3,0.003802362669532197,0.007577375461724365
models/powernet_lstm128_mlp164_mlp232_final32_dropout0.2_lr0.001.pt,2025-06-23 16:38:25,2025-06-23 16:38:25,4,0.002883661656133917,0.006902991727526698
models/powernet_lstm128_mlp164_mlp232_final32_dropout0.2_lr0.001.pt,2025-06-23 16:38:28,2025-06-23 16:38:28,5,0.002762008575990873,0.006607715364745153
models/powernet_lstm128_mlp164_mlp232_final32_dropout0.2_lr0.001.pt,2025-06-23 16:38:31,2025-06-23 16:38:32,6,0.0027178204771997924,0.0067770570347506906
models/powernet_lstm128_mlp164_mlp232_final32_dropout0.2_lr0.001.pt,2025-06-23 16:38:35,2025-06-23 16:38:35,7,0.0027222221366323424,0.006701688571844161
models/powernet_lstm128_mlp164_mlp232_final32_dropout0.2_lr0.001.pt,2025-06-23 16:38:38,2025-06-23 16:38:38,8,0.0026731165951096175,0.00671116304805591
models/powernet_lstm128_mlp164_mlp232_final32_dropout0.2_lr0.001.pt,2025-06-23 16:38:41,2025-06-23 16:38:41,9,0.0026409892546531235,0.006907851555817095
models/powernet_lstm128_mlp164_mlp232_final32_dropout0.2_lr0.001.pt,2025-06-23 16:38:44,2025-06-23 16:38:44,10,0.0026086881451087996,0.006731763527828402
models/powernet_lstm128_mlp164_mlp232_final32_dropout0.2_lr0.001.pt,2025-06-23 16:38:47,2025-06-23 16:38:47,11,0.0026041849716199315,0.00692082305821324
models/powernet_lstm128_mlp164_mlp232_final32_dropout0.2_lr0.001.pt,2025-06-23 16:38:50,2025-06-23 16:38:50,12,0.0025854139195715066,0.007090173809999777
models/powernet_lstm128_mlp164_mlp232_final32_dropout0.2_lr0.001.pt,2025-06-23 16:38:53,2025-06-23 16:38:53,13,0.0025508930096075216,0.006986149761360139
models/powernet_lstm128_mlp164_mlp232_final32_dropout0.2_lr0.001.pt,2025-06-23 16:38:56,2025-06-23 16:38:57,14,0.0025488519928969717,0.006954315926469419
models/powernet_lstm128_mlp164_mlp232_final32_dropout0.2_lr0.001.pt,2025-06-23 16:38:59,2025-06-23 16:39:00,15,0.0025041033872165368,0.006975692951874364
models/powernet_lstm128_mlp164_mlp232_final32_dropout0.2_lr0.001.pt,2025-06-23 16:39:03,2025-06-23 16:39:03,16,0.0025322464270530584,0.007166119724778193
models/powernet_lstm128_mlp164_mlp232_final32_dropout0.2_lr0.001.pt,2025-06-23 16:39:06,2025-06-23 16:39:06,17,0.0025030970095141912,0.00683627758103068
models/powernet_lstm128_mlp164_mlp232_final32_dropout0.2_lr0.001.pt,2025-06-23 16:39:09,2025-06-23 16:39:09,18,0.0024925572001734102,0.0067785133391485685
models/powernet_lstm128_mlp164_mlp232_final32_dropout0.2_lr0.001.pt,2025-06-23 16:39:12,2025-06-23 16:39:12,19,0.0024885460473841148,0.007002779418447365
models/powernet_lstm128_mlp164_mlp232_final32_dropout0.2_lr0.001.pt,2025-06-23 16:39:15,2025-06-23 16:39:15,20,0.002467635998780477,0.006914678732365636
models/powernet_lstm128_mlp164_mlp232_final32_dropout0.2_lr0.0005.pt,2025-06-23 16:39:18,2025-06-23 16:39:18,1,0.010355519507715386,0.042132809558617215
models/powernet_lstm128_mlp164_mlp232_final32_dropout0.2_lr0.0005.pt,2025-06-23 16:39:21,2025-06-23 16:39:21,2,0.011593889777934994,0.042195006140640805
models/powernet_lstm128_mlp164_mlp232_final32_dropout0.2_lr0.0005.pt,2025-06-23 16:39:24,2025-06-23 16:39:24,3,0.012208986641494073,0.0365317935079691
models/powernet_lstm128_mlp164_mlp232_final32_dropout0.2_lr0.0005.pt,2025-06-23 16:39:27,2025-06-23 16:39:27,4,0.009676604481582116,0.0251643905926141
models/powernet_lstm128_mlp164_mlp232_final32_dropout0.2_lr0.0005.pt,2025-06-23 16:39:30,2025-06-23 16:39:31,5,0.005597653247455242,0.014486170601144079
models/powernet_lstm128_mlp164_mlp232_final32_dropout0.2_lr0.0005.pt,2025-06-23 16:39:33,2025-06-23 16:39:34,6,0.0037152193862015188,0.009757036127017013
models/powernet_lstm128_mlp164_mlp232_final32_dropout0.2_lr0.0005.pt,2025-06-23 16:39:36,2025-06-23 16:39:37,7,0.0030489676642887994,0.00789812232722484
models/powernet_lstm128_mlp164_mlp232_final32_dropout0.2_lr0.0005.pt,2025-06-23 16:39:39,2025-06-23 16:39:40,8,0.0028381774545289196,0.007282335801781821
models/powernet_lstm128_mlp164_mlp232_final32_dropout0.2_lr0.0005.pt,2025-06-23 16:39:42,2025-06-23 16:39:43,9,0.002795260277062264,0.006896054995844939
models/powernet_lstm128_mlp164_mlp232_final32_dropout0.2_lr0.0005.pt,2025-06-23 16:39:45,2025-06-23 16:39:46,10,0.002739867955107429,0.006710493432668348
models/powernet_lstm128_mlp164_mlp232_final32_dropout0.2_lr0.0005.pt,2025-06-23 16:39:48,2025-06-23 16:39:49,11,0.0027027832901528387,0.00671805434727243
models/powernet_lstm128_mlp164_mlp232_final32_dropout0.2_lr0.0005.pt,2025-06-23 16:39:51,2025-06-23 16:39:52,12,0.002670478361565286,0.0065283744839862694
models/powernet_lstm128_mlp164_mlp232_final32_dropout0.2_lr0.0005.pt,2025-06-23 16:39:55,2025-06-23 16:39:55,13,0.0026718403277818555,0.006414566416337732
models/powernet_lstm128_mlp164_mlp232_final32_dropout0.2_lr0.0005.pt,2025-06-23 16:39:58,2025-06-23 16:39:58,14,0.002687249913621622,0.006209681301178145
models/powernet_lstm128_mlp164_mlp232_final32_dropout0.2_lr0.0005.pt,2025-06-23 16:40:01,2025-06-23 16:40:01,15,0.0026269306479949055,0.006222260549076877
models/powernet_lstm128_mlp164_mlp232_final32_dropout0.2_lr0.0005.pt,2025-06-23 16:40:04,2025-06-23 16:40:04,16,0.002601340977123715,0.006156385269215596
models/powernet_lstm128_mlp164_mlp232_final32_dropout0.2_lr0.0005.pt,2025-06-23 16:40:07,2025-06-23 16:40:07,17,0.002564940018389302,0.006255521200641635
models/powernet_lstm128_mlp164_mlp232_final32_dropout0.2_lr0.0005.pt,2025-06-23 16:40:10,2025-06-23 16:40:10,18,0.0025909551311664846,0.006373999332676509
models/powernet_lstm128_mlp164_mlp232_final32_dropout0.2_lr0.0005.pt,2025-06-23 16:40:13,2025-06-23 16:40:13,19,0.002548760077784649,0.006238377314903552
models/powernet_lstm128_mlp164_mlp232_final32_dropout0.2_lr0.0005.pt,2025-06-23 16:40:16,2025-06-23 16:40:16,20,0.002518680674178521,0.006187431011182655
models/powernet_lstm128_mlp164_mlp232_final32_dropout0.3_lr0.001.pt,2025-06-23 16:40:19,2025-06-23 16:40:20,1,0.010080810341384016,0.04086822289086524
models/powernet_lstm128_mlp164_mlp232_final32_dropout0.3_lr0.001.pt,2025-06-23 16:40:23,2025-06-23 16:40:23,2,0.01165071080228494,0.03697736133333473
models/powernet_lstm128_mlp164_mlp232_final32_dropout0.3_lr0.001.pt,2025-06-23 16:40:26,2025-06-23 16:40:26,3,0.011209353044289865,0.03341278852894902
models/powernet_lstm128_mlp164_mlp232_final32_dropout0.3_lr0.001.pt,2025-06-23 16:40:29,2025-06-23 16:40:29,4,0.01029266410214763,0.026228636104081358
models/powernet_lstm128_mlp164_mlp232_final32_dropout0.3_lr0.001.pt,2025-06-23 16:40:32,2025-06-23 16:40:32,5,0.006117904342950478,0.012172032197538232
models/powernet_lstm128_mlp164_mlp232_final32_dropout0.3_lr0.001.pt,2025-06-23 16:40:35,2025-06-23 16:40:35,6,0.003529197405024405,0.007239013807737224
models/powernet_lstm128_mlp164_mlp232_final32_dropout0.3_lr0.001.pt,2025-06-23 16:40:38,2025-06-23 16:40:38,7,0.002906380217127238,0.006703799623729927
models/powernet_lstm128_mlp164_mlp232_final32_dropout0.3_lr0.001.pt,2025-06-23 16:40:41,2025-06-23 16:40:41,8,0.0028027911692099167,0.0065370277041525
models/powernet_lstm128_mlp164_mlp232_final32_dropout0.3_lr0.001.pt,2025-06-23 16:40:44,2025-06-23 16:40:44,9,0.0027352292582498677,0.006611527905555531
models/powernet_lstm128_mlp164_mlp232_final32_dropout0.3_lr0.001.pt,2025-06-23 16:40:47,2025-06-23 16:40:47,10,0.002699337431624378,0.006704133965762421
models/powernet_lstm128_mlp164_mlp232_final32_dropout0.3_lr0.001.pt,2025-06-23 16:40:50,2025-06-23 16:40:50,11,0.002673692514224472,0.006812046473247132
models/powernet_lstm128_mlp164_mlp232_final32_dropout0.3_lr0.001.pt,2025-06-23 16:40:53,2025-06-23 16:40:53,12,0.002653153259426065,0.006938801263459027
models/powernet_lstm128_mlp164_mlp232_final32_dropout0.3_lr0.001.pt,2025-06-23 16:40:56,2025-06-23 16:40:56,13,0.0026318322231669287,0.007020496846442776
models/powernet_lstm128_mlp164_mlp232_final32_dropout0.3_lr0.001.pt,2025-06-23 16:40:59,2025-06-23 16:40:59,14,0.0026366873322220398,0.007029686979616859
models/powernet_lstm128_mlp164_mlp232_final32_dropout0.3_lr0.001.pt,2025-06-23 16:41:02,2025-06-23 16:41:02,15,0.002643001726999592,0.007246087216550396
models/powernet_lstm128_mlp164_mlp232_final32_dropout0.3_lr0.001.pt,2025-06-23 16:41:05,2025-06-23 16:41:05,16,0.0025945405226378573,0.006974418337146441
models/powernet_lstm128_mlp164_mlp232_final32_dropout0.3_lr0.001.pt,2025-06-23 16:41:08,2025-06-23 16:41:08,17,0.0025697064512024558,0.007070822699461132
models/powernet_lstm128_mlp164_mlp232_final32_dropout0.3_lr0.001.pt,2025-06-23 16:41:11,2025-06-23 16:41:11,18,0.002583070183567132,0.006922053685966169
models/powernet_lstm128_mlp164_mlp232_final32_dropout0.3_lr0.001.pt,2025-06-23 16:41:14,2025-06-23 16:41:14,19,0.002596023282477228,0.006933411611022339
models/powernet_lstm128_mlp164_mlp232_final32_dropout0.3_lr0.001.pt,2025-06-23 16:41:17,2025-06-23 16:41:17,20,0.0025712797769986253,0.007154156112976905
models/powernet_lstm128_mlp164_mlp232_final32_dropout0.3_lr0.0005.pt,2025-06-23 16:41:20,2025-06-23 16:41:20,1,0.010650058364471434,0.038778215169995314
models/powernet_lstm128_mlp164_mlp232_final32_dropout0.3_lr0.0005.pt,2025-06-23 16:41:23,2025-06-23 16:41:23,2,0.009566667327497948,0.034892128758309854
models/powernet_lstm128_mlp164_mlp232_final32_dropout0.3_lr0.0005.pt,2025-06-23 16:41:26,2025-06-23 16:41:26,3,0.008333563853028534,0.024060688114592006
models/powernet_lstm128_mlp164_mlp232_final32_dropout0.3_lr0.0005.pt,2025-06-23 16:41:29,2025-06-23 16:41:29,4,0.005062246836559583,0.013585092461047074
models/powernet_lstm128_mlp164_mlp232_final32_dropout0.3_lr0.0005.pt,2025-06-23 16:41:32,2025-06-23 16:41:32,5,0.0036502311678080048,0.009358490326641393
models/powernet_lstm128_mlp164_mlp232_final32_dropout0.3_lr0.0005.pt,2025-06-23 16:41:35,2025-06-23 16:41:35,6,0.0031134129549238135,0.007986888877071795
models/powernet_lstm128_mlp164_mlp232_final32_dropout0.3_lr0.0005.pt,2025-06-23 16:41:38,2025-06-23 16:41:38,7,0.002903569829992376,0.0071899980927507086
models/powernet_lstm128_mlp164_mlp232_final32_dropout0.3_lr0.0005.pt,2025-06-23 16:41:41,2025-06-23 16:41:41,8,0.002850054047970889,0.0071666397908259
models/powernet_lstm128_mlp164_mlp232_final32_dropout0.3_lr0.0005.pt,2025-06-23 16:41:44,2025-06-23 16:41:44,9,0.002787602397078718,0.006621892785742169
models/powernet_lstm128_mlp164_mlp232_final32_dropout0.3_lr0.0005.pt,2025-06-23 16:41:47,2025-06-23 16:41:47,10,0.0027731120756219764,0.006399260678639014
models/powernet_lstm128_mlp164_mlp232_final32_dropout0.3_lr0.0005.pt,2025-06-23 16:41:50,2025-06-23 16:41:50,11,0.0026959196139585166,0.006739869938298527
models/powernet_lstm128_mlp164_mlp232_final32_dropout0.3_lr0.0005.pt,2025-06-23 16:41:53,2025-06-23 16:41:53,12,0.002736873629834256,0.006835457893820214
models/powernet_lstm128_mlp164_mlp232_final32_dropout0.3_lr0.0005.pt,2025-06-23 16:41:56,2025-06-23 16:41:56,13,0.002690225625404417,0.006646830599666352
models/powernet_lstm128_mlp164_mlp232_final32_dropout0.3_lr0.0005.pt,2025-06-23 16:41:59,2025-06-23 16:41:59,14,0.002645712953211496,0.0067891989906673274
models/powernet_lstm128_mlp164_mlp232_final32_dropout0.3_lr0.0005.pt,2025-06-23 16:42:02,2025-06-23 16:42:02,15,0.00261612798970428,0.006626091470631461
models/powernet_lstm128_mlp164_mlp232_final32_dropout0.3_lr0.0005.pt,2025-06-23 16:42:05,2025-06-23 16:42:05,16,0.0026028448567470357,0.006731105508238432
models/powernet_lstm128_mlp164_mlp232_final32_dropout0.3_lr0.0005.pt,2025-06-23 16:42:08,2025-06-23 16:42:08,17,0.0026081409523352034,0.006762612902093679
models/powernet_lstm128_mlp164_mlp232_final32_dropout0.3_lr0.0005.pt,2025-06-23 16:42:11,2025-06-23 16:42:11,18,0.002612075675883928,0.006539776533221205
models/powernet_lstm128_mlp164_mlp232_final32_dropout0.3_lr0.0005.pt,2025-06-23 16:42:14,2025-06-23 16:42:14,19,0.0025733782101162177,0.006626634412289907
models/powernet_lstm128_mlp164_mlp232_final32_dropout0.3_lr0.0005.pt,2025-06-23 16:42:17,2025-06-23 16:42:17,20,0.002560880062388136,0.006516699535062625
models/powernet_lstm128_mlp164_mlp232_final64_dropout0.2_lr0.001.pt,2025-06-23 16:42:20,2025-06-23 16:42:20,1,0.009991596045386042,0.03383519139052147
models/powernet_lstm128_mlp164_mlp232_final64_dropout0.2_lr0.001.pt,2025-06-23 16:42:23,2025-06-23 16:42:23,2,0.006874058238578223,0.012242854223586619
models/powernet_lstm128_mlp164_mlp232_final64_dropout0.2_lr0.001.pt,2025-06-23 16:42:26,2025-06-23 16:42:26,3,0.0032345978107126464,0.007404889382000658
models/powernet_lstm128_mlp164_mlp232_final64_dropout0.2_lr0.001.pt,2025-06-23 16:42:29,2025-06-23 16:42:29,4,0.0028685371394187387,0.006947172208345451
models/powernet_lstm128_mlp164_mlp232_final64_dropout0.2_lr0.001.pt,2025-06-23 16:42:32,2025-06-23 16:42:32,5,0.002768824882102266,0.006985844947242488
models/powernet_lstm128_mlp164_mlp232_final64_dropout0.2_lr0.001.pt,2025-06-23 16:42:35,2025-06-23 16:42:35,6,0.002702565460656119,0.007235995022624377
models/powernet_lstm128_mlp164_mlp232_final64_dropout0.2_lr0.001.pt,2025-06-23 16:42:38,2025-06-23 16:42:38,7,0.0027160014686284013,0.007217396031289051
models/powernet_lstm128_mlp164_mlp232_final64_dropout0.2_lr0.001.pt,2025-06-23 16:42:41,2025-06-23 16:42:41,8,0.002670193096120236,0.0071403168175103405
models/powernet_lstm128_mlp164_mlp232_final64_dropout0.2_lr0.001.pt,2025-06-23 16:42:44,2025-06-23 16:42:44,9,0.0026577517158828767,0.00725575300332691
models/powernet_lstm128_mlp164_mlp232_final64_dropout0.2_lr0.001.pt,2025-06-23 16:42:47,2025-06-23 16:42:47,10,0.0025834414031332374,0.007724932500249928
models/powernet_lstm128_mlp164_mlp232_final64_dropout0.2_lr0.001.pt,2025-06-23 16:42:50,2025-06-23 16:42:50,11,0.002576574699984076,0.007303665433677712
models/powernet_lstm128_mlp164_mlp232_final64_dropout0.2_lr0.001.pt,2025-06-23 16:42:53,2025-06-23 16:42:53,12,0.002536358579965709,0.0076001974465768965
models/powernet_lstm128_mlp164_mlp232_final64_dropout0.2_lr0.001.pt,2025-06-23 16:42:56,2025-06-23 16:42:56,13,0.002555037153497552,0.007315167539109964
models/powernet_lstm128_mlp164_mlp232_final64_dropout0.2_lr0.001.pt,2025-06-23 16:42:59,2025-06-23 16:42:59,14,0.0025176441209936533,0.00754296034851688
models/powernet_lstm128_mlp164_mlp232_final64_dropout0.2_lr0.001.pt,2025-06-23 16:43:02,2025-06-23 16:43:02,15,0.0025050674833903526,0.007393234897227515
models/powernet_lstm128_mlp164_mlp232_final64_dropout0.2_lr0.001.pt,2025-06-23 16:43:05,2025-06-23 16:43:05,16,0.0024692955850963614,0.007333441817622986
models/powernet_lstm128_mlp164_mlp232_final64_dropout0.2_lr0.001.pt,2025-06-23 16:43:08,2025-06-23 16:43:08,17,0.002479806897014723,0.007176308072216454
models/powernet_lstm128_mlp164_mlp232_final64_dropout0.2_lr0.001.pt,2025-06-23 16:43:11,2025-06-23 16:43:11,18,0.002444504535772444,0.0072155866960418365
models/powernet_lstm128_mlp164_mlp232_final64_dropout0.2_lr0.001.pt,2025-06-23 16:43:14,2025-06-23 16:43:14,19,0.002444753011028903,0.007098882705793672
models/powernet_lstm128_mlp164_mlp232_final64_dropout0.2_lr0.001.pt,2025-06-23 16:43:17,2025-06-23 16:43:17,20,0.0024404379324929116,0.007014692109632527
models/powernet_lstm128_mlp164_mlp232_final64_dropout0.2_lr0.0005.pt,2025-06-23 16:43:20,2025-06-23 16:43:20,1,0.010364432528149337,0.03753534879624134
models/powernet_lstm128_mlp164_mlp232_final64_dropout0.2_lr0.0005.pt,2025-06-23 16:43:23,2025-06-23 16:43:23,2,0.010502747048587975,0.03784018096381
models/powernet_lstm128_mlp164_mlp232_final64_dropout0.2_lr0.0005.pt,2025-06-23 16:43:26,2025-06-23 16:43:26,3,0.011034930985736808,0.03457606195782622
models/powernet_lstm128_mlp164_mlp232_final64_dropout0.2_lr0.0005.pt,2025-06-23 16:43:29,2025-06-23 16:43:29,4,0.008832015332840566,0.022211390292449368
models/powernet_lstm128_mlp164_mlp232_final64_dropout0.2_lr0.0005.pt,2025-06-23 16:43:32,2025-06-23 16:43:32,5,0.004871152224324603,0.012369890081962305
models/powernet_lstm128_mlp164_mlp232_final64_dropout0.2_lr0.0005.pt,2025-06-23 16:43:35,2025-06-23 16:43:35,6,0.003352350577709764,0.00831206745213075
models/powernet_lstm128_mlp164_mlp232_final64_dropout0.2_lr0.0005.pt,2025-06-23 16:43:38,2025-06-23 16:43:38,7,0.002936838975211265,0.007123992725696769
models/powernet_lstm128_mlp164_mlp232_final64_dropout0.2_lr0.0005.pt,2025-06-23 16:43:41,2025-06-23 16:43:41,8,0.0028038542253702985,0.00672154909088498
models/powernet_lstm128_mlp164_mlp232_final64_dropout0.2_lr0.0005.pt,2025-06-23 16:43:44,2025-06-23 16:43:44,9,0.0027553698000636648,0.006687871712659087
models/powernet_lstm128_mlp164_mlp232_final64_dropout0.2_lr0.0005.pt,2025-06-23 16:43:47,2025-06-23 16:43:47,10,0.002701022132198864,0.006332923906267665
models/powernet_lstm128_mlp164_mlp232_final64_dropout0.2_lr0.0005.pt,2025-06-23 16:43:50,2025-06-23 16:43:50,11,0.002667973373128238,0.006387234427079204
models/powernet_lstm128_mlp164_mlp232_final64_dropout0.2_lr0.0005.pt,2025-06-23 16:43:53,2025-06-23 16:43:53,12,0.0026482424121544077,0.0063286535622042025
models/powernet_lstm128_mlp164_mlp232_final64_dropout0.2_lr0.0005.pt,2025-06-23 16:43:56,2025-06-23 16:43:56,13,0.0026239752420276407,0.006232178036866355
models/powernet_lstm128_mlp164_mlp232_final64_dropout0.2_lr0.0005.pt,2025-06-23 16:43:59,2025-06-23 16:43:59,14,0.0025932048108928594,0.006246652729931243
models/powernet_lstm128_mlp164_mlp232_final64_dropout0.2_lr0.0005.pt,2025-06-23 16:44:02,2025-06-23 16:44:02,15,0.0025717468016282705,0.006357424210623971
models/powernet_lstm128_mlp164_mlp232_final64_dropout0.2_lr0.0005.pt,2025-06-23 16:44:05,2025-06-23 16:44:05,16,0.0025594173462994275,0.006388429344432163
models/powernet_lstm128_mlp164_mlp232_final64_dropout0.2_lr0.0005.pt,2025-06-23 16:44:08,2025-06-23 16:44:08,17,0.0025428872751136725,0.006410719851763653
models/powernet_lstm128_mlp164_mlp232_final64_dropout0.2_lr0.0005.pt,2025-06-23 16:44:11,2025-06-23 16:44:11,18,0.0025693334589627203,0.006314833817582223
models/powernet_lstm128_mlp164_mlp232_final64_dropout0.2_lr0.0005.pt,2025-06-23 16:44:14,2025-06-23 16:44:14,19,0.002529137638344523,0.006344058584155781
models/powernet_lstm128_mlp164_mlp232_final64_dropout0.2_lr0.0005.pt,2025-06-23 16:44:17,2025-06-23 16:44:17,20,0.0025021646389930497,0.006444188785584022
models/powernet_lstm128_mlp164_mlp232_final64_dropout0.3_lr0.001.pt,2025-06-23 16:44:20,2025-06-23 16:44:21,1,0.01009027759216377,0.03666423417494765
models/powernet_lstm128_mlp164_mlp232_final64_dropout0.3_lr0.001.pt,2025-06-23 16:44:23,2025-06-23 16:44:24,2,0.011334869729381683,0.03320859805015581
models/powernet_lstm128_mlp164_mlp232_final64_dropout0.3_lr0.001.pt,2025-06-23 16:44:26,2025-06-23 16:44:27,3,0.008211531853217775,0.015128960788604758
models/powernet_lstm128_mlp164_mlp232_final64_dropout0.3_lr0.001.pt,2025-06-23 16:44:29,2025-06-23 16:44:30,4,0.0034652637203760597,0.0073249713972299586
models/powernet_lstm128_mlp164_mlp232_final64_dropout0.3_lr0.001.pt,2025-06-23 16:44:32,2025-06-23 16:44:33,5,0.0029139772500766867,0.007168857394606762
models/powernet_lstm128_mlp164_mlp232_final64_dropout0.3_lr0.001.pt,2025-06-23 16:44:35,2025-06-23 16:44:36,6,0.002820998718213093,0.007057927038875364
models/powernet_lstm128_mlp164_mlp232_final64_dropout0.3_lr0.001.pt,2025-06-23 16:44:38,2025-06-23 16:44:39,7,0.002734950039542854,0.00718098203651607
models/powernet_lstm128_mlp164_mlp232_final64_dropout0.3_lr0.001.pt,2025-06-23 16:44:41,2025-06-23 16:44:42,8,0.0026623987930528086,0.007384738538392065
models/powernet_lstm128_mlp164_mlp232_final64_dropout0.3_lr0.001.pt,2025-06-23 16:44:44,2025-06-23 16:44:45,9,0.0026896404707261886,0.007383413812411683
models/powernet_lstm128_mlp164_mlp232_final64_dropout0.3_lr0.001.pt,2025-06-23 16:44:47,2025-06-23 16:44:48,10,0.0026524036167307145,0.007338680698358942
models/powernet_lstm128_mlp164_mlp232_final64_dropout0.3_lr0.001.pt,2025-06-23 16:44:50,2025-06-23 16:44:51,11,0.0026232951519323186,0.007362471181078858
models/powernet_lstm128_mlp164_mlp232_final64_dropout0.3_lr0.001.pt,2025-06-23 16:44:53,2025-06-23 16:44:54,12,0.002618648813076494,0.007294073584489524
models/powernet_lstm128_mlp164_mlp232_final64_dropout0.3_lr0.001.pt,2025-06-23 16:44:56,2025-06-23 16:44:57,13,0.002580051647245093,0.007235018148397406
models/powernet_lstm128_mlp164_mlp232_final64_dropout0.3_lr0.001.pt,2025-06-23 16:44:59,2025-06-23 16:45:00,14,0.002581663581932391,0.007339007054854717
models/powernet_lstm128_mlp164_mlp232_final64_dropout0.3_lr0.001.pt,2025-06-23 16:45:02,2025-06-23 16:45:03,15,0.0025811498690735363,0.007195079898727792
models/powernet_lstm128_mlp164_mlp232_final64_dropout0.3_lr0.001.pt,2025-06-23 16:45:05,2025-06-23 16:45:06,16,0.0025503490547393783,0.0070565840550920085
models/powernet_lstm128_mlp164_mlp232_final64_dropout0.3_lr0.001.pt,2025-06-23 16:45:08,2025-06-23 16:45:09,17,0.0025443993204216538,0.0072420354893741505
models/powernet_lstm128_mlp164_mlp232_final64_dropout0.3_lr0.001.pt,2025-06-23 16:45:11,2025-06-23 16:45:12,18,0.0025337918191700908,0.007268445411076148
models/powernet_lstm128_mlp164_mlp232_final64_dropout0.3_lr0.001.pt,2025-06-23 16:45:14,2025-06-23 16:45:15,19,0.002554919485094136,0.0070738046363528284
models/powernet_lstm128_mlp164_mlp232_final64_dropout0.3_lr0.001.pt,2025-06-23 16:45:17,2025-06-23 16:45:18,20,0.002538498169133326,0.006968354193737642
models/powernet_lstm128_mlp164_mlp232_final64_dropout0.3_lr0.0005.pt,2025-06-23 16:45:21,2025-06-23 16:45:21,1,0.011847391887317581,0.037733232170077305
models/powernet_lstm128_mlp164_mlp232_final64_dropout0.3_lr0.0005.pt,2025-06-23 16:45:24,2025-06-23 16:45:24,2,0.016096390982297846,0.042343071927981715
models/powernet_lstm128_mlp164_mlp232_final64_dropout0.3_lr0.0005.pt,2025-06-23 16:45:27,2025-06-23 16:45:27,3,0.01676588247911537,0.037864160435717734
models/powernet_lstm128_mlp164_mlp232_final64_dropout0.3_lr0.0005.pt,2025-06-23 16:45:30,2025-06-23 16:45:30,4,0.013565957424498754,0.027051282580941916
models/powernet_lstm128_mlp164_mlp232_final64_dropout0.3_lr0.0005.pt,2025-06-23 16:45:33,2025-06-23 16:45:33,5,0.0064844358379670545,0.013034913600200699
models/powernet_lstm128_mlp164_mlp232_final64_dropout0.3_lr0.0005.pt,2025-06-23 16:45:36,2025-06-23 16:45:36,6,0.0035934193079830497,0.008128898955571154
models/powernet_lstm128_mlp164_mlp232_final64_dropout0.3_lr0.0005.pt,2025-06-23 16:45:39,2025-06-23 16:45:39,7,0.003002291801703742,0.007128871689062743
models/powernet_lstm128_mlp164_mlp232_final64_dropout0.3_lr0.0005.pt,2025-06-23 16:45:42,2025-06-23 16:45:42,8,0.0028540740517148744,0.006946574569502402
models/powernet_lstm128_mlp164_mlp232_final64_dropout0.3_lr0.0005.pt,2025-06-23 16:45:45,2025-06-23 16:45:45,9,0.002873122145368185,0.006664250023840438
models/powernet_lstm128_mlp164_mlp232_final64_dropout0.3_lr0.0005.pt,2025-06-23 16:45:48,2025-06-23 16:45:48,10,0.002792441157891589,0.006468355766541901
models/powernet_lstm128_mlp164_mlp232_final64_dropout0.3_lr0.0005.pt,2025-06-23 16:45:51,2025-06-23 16:45:51,11,0.002759947785444217,0.006604181502812675
models/powernet_lstm128_mlp164_mlp232_final64_dropout0.3_lr0.0005.pt,2025-06-23 16:45:54,2025-06-23 16:45:54,12,0.0027264829607777244,0.00644679655808778
models/powernet_lstm128_mlp164_mlp232_final64_dropout0.3_lr0.0005.pt,2025-06-23 16:45:57,2025-06-23 16:45:57,13,0.002676183063145493,0.006509239657870715
models/powernet_lstm128_mlp164_mlp232_final64_dropout0.3_lr0.0005.pt,2025-06-23 16:46:00,2025-06-23 16:46:00,14,0.0027009361319967435,0.006420400151650288
models/powernet_lstm128_mlp164_mlp232_final64_dropout0.3_lr0.0005.pt,2025-06-23 16:46:03,2025-06-23 16:46:03,15,0.0026717617720057587,0.006430988163975556
models/powernet_lstm128_mlp164_mlp232_final64_dropout0.3_lr0.0005.pt,2025-06-23 16:46:06,2025-06-23 16:46:06,16,0.0026076888807894457,0.006546856816081951
models/powernet_lstm128_mlp164_mlp232_final64_dropout0.3_lr0.0005.pt,2025-06-23 16:46:09,2025-06-23 16:46:09,17,0.002634252905656832,0.006567385402463731
models/powernet_lstm128_mlp164_mlp232_final64_dropout0.3_lr0.0005.pt,2025-06-23 16:46:12,2025-06-23 16:46:12,18,0.0025710926741838547,0.006537382757025105
models/powernet_lstm128_mlp164_mlp232_final64_dropout0.3_lr0.0005.pt,2025-06-23 16:46:15,2025-06-23 16:46:15,19,0.002575867136576927,0.0065622370789891905
models/powernet_lstm128_mlp164_mlp232_final64_dropout0.3_lr0.0005.pt,2025-06-23 16:46:18,2025-06-23 16:46:18,20,0.0025861265784439106,0.006538323603481764
models/powernet_lstm256_mlp132_mlp216_final32_dropout0.2_lr0.001.pt,2025-06-23 16:46:26,2025-06-23 16:46:26,1,0.01019859859958962,0.03374685321579732
models/powernet_lstm256_mlp132_mlp216_final32_dropout0.2_lr0.001.pt,2025-06-23 16:46:34,2025-06-23 16:46:34,2,0.006136258735069438,0.011213323761088153
models/powernet_lstm256_mlp132_mlp216_final32_dropout0.2_lr0.001.pt,2025-06-23 16:46:42,2025-06-23 16:46:42,3,0.0031197440011345857,0.007595803416777579
models/powernet_lstm256_mlp132_mlp216_final32_dropout0.2_lr0.001.pt,2025-06-23 16:46:50,2025-06-23 16:46:51,4,0.0028371031861960903,0.007596946041476691
models/powernet_lstm256_mlp132_mlp216_final32_dropout0.2_lr0.001.pt,2025-06-23 16:46:59,2025-06-23 16:46:59,5,0.0027613021170688748,0.0077855263371020555
models/powernet_lstm256_mlp132_mlp216_final32_dropout0.2_lr0.001.pt,2025-06-23 16:47:07,2025-06-23 16:47:08,6,0.0027035416714558344,0.007537557022823464
models/powernet_lstm256_mlp132_mlp216_final32_dropout0.2_lr0.001.pt,2025-06-23 16:47:15,2025-06-23 16:47:16,7,0.0026427872111147942,0.007789039887332668
models/powernet_lstm256_mlp132_mlp216_final32_dropout0.2_lr0.001.pt,2025-06-23 16:47:23,2025-06-23 16:47:24,8,0.002652495389740195,0.0072823660365039745
models/powernet_lstm256_mlp132_mlp216_final32_dropout0.2_lr0.001.pt,2025-06-23 16:47:31,2025-06-23 16:47:32,9,0.00263442383636491,0.0075094821153297315
models/powernet_lstm256_mlp132_mlp216_final32_dropout0.2_lr0.001.pt,2025-06-23 16:47:39,2025-06-23 16:47:40,10,0.002621809469557227,0.0073919106285930385
models/powernet_lstm256_mlp132_mlp216_final32_dropout0.2_lr0.001.pt,2025-06-23 16:47:47,2025-06-23 16:47:47,11,0.002578947302137625,0.007062568449847666
models/powernet_lstm256_mlp132_mlp216_final32_dropout0.2_lr0.001.pt,2025-06-23 16:47:54,2025-06-23 16:47:55,12,0.0025665821377127466,0.007144813960795069
models/powernet_lstm256_mlp132_mlp216_final32_dropout0.2_lr0.001.pt,2025-06-23 16:48:02,2025-06-23 16:48:02,13,0.0025496813919535823,0.007144268178048411
models/powernet_lstm256_mlp132_mlp216_final32_dropout0.2_lr0.001.pt,2025-06-23 16:48:09,2025-06-23 16:48:10,14,0.0025702817919438766,0.006876523018858972
models/powernet_lstm256_mlp132_mlp216_final32_dropout0.2_lr0.001.pt,2025-06-23 16:48:17,2025-06-23 16:48:17,15,0.0025597253045174426,0.006939040674340157
models/powernet_lstm256_mlp132_mlp216_final32_dropout0.2_lr0.001.pt,2025-06-23 16:48:24,2025-06-23 16:48:24,16,0.0025330261658734433,0.006745853447466202
models/powernet_lstm256_mlp132_mlp216_final32_dropout0.2_lr0.001.pt,2025-06-23 16:48:31,2025-06-23 16:48:32,17,0.002532198341057626,0.006851796706628409
models/powernet_lstm256_mlp132_mlp216_final32_dropout0.2_lr0.001.pt,2025-06-23 16:48:39,2025-06-23 16:48:39,18,0.0025412454360841078,0.006747116564795198
models/powernet_lstm256_mlp132_mlp216_final32_dropout0.2_lr0.001.pt,2025-06-23 16:48:46,2025-06-23 16:48:47,19,0.0025217345994283814,0.00682983911108403
models/powernet_lstm256_mlp132_mlp216_final32_dropout0.2_lr0.001.pt,2025-06-23 16:48:54,2025-06-23 16:48:55,20,0.0024955974342094943,0.006582529741405908
models/powernet_lstm256_mlp132_mlp216_final32_dropout0.2_lr0.0005.pt,2025-06-23 16:49:02,2025-06-23 16:49:03,1,0.010052671561451164,0.033050318159872576
models/powernet_lstm256_mlp132_mlp216_final32_dropout0.2_lr0.0005.pt,2025-06-23 16:49:10,2025-06-23 16:49:10,2,0.008372666724931655,0.017913704693672202
models/powernet_lstm256_mlp132_mlp216_final32_dropout0.2_lr0.0005.pt,2025-06-23 16:49:17,2025-06-23 16:49:18,3,0.004231373390485783,0.008956945301698787
models/powernet_lstm256_mlp132_mlp216_final32_dropout0.2_lr0.0005.pt,2025-06-23 16:49:25,2025-06-23 16:49:25,4,0.003024161972660875,0.006919930007175675
models/powernet_lstm256_mlp132_mlp216_final32_dropout0.2_lr0.0005.pt,2025-06-23 16:49:33,2025-06-23 16:49:33,5,0.0028495464632416973,0.006566653140388163
models/powernet_lstm256_mlp132_mlp216_final32_dropout0.2_lr0.0005.pt,2025-06-23 16:49:40,2025-06-23 16:49:41,6,0.002812210680580177,0.006562512850255838
models/powernet_lstm256_mlp132_mlp216_final32_dropout0.2_lr0.0005.pt,2025-06-23 16:49:48,2025-06-23 16:49:48,7,0.002782470854834819,0.006507201369718781
models/powernet_lstm256_mlp132_mlp216_final32_dropout0.2_lr0.0005.pt,2025-06-23 16:49:55,2025-06-23 16:49:56,8,0.0027526591398638897,0.006671567835534613
models/powernet_lstm256_mlp132_mlp216_final32_dropout0.2_lr0.0005.pt,2025-06-23 16:50:03,2025-06-23 16:50:03,9,0.0027136797208287236,0.006691998114720697
models/powernet_lstm256_mlp132_mlp216_final32_dropout0.2_lr0.0005.pt,2025-06-23 16:50:10,2025-06-23 16:50:11,10,0.002713012702343318,0.006543457150525812
models/powernet_lstm256_mlp132_mlp216_final32_dropout0.2_lr0.0005.pt,2025-06-23 16:50:18,2025-06-23 16:50:18,11,0.0026755503415944568,0.006693854898912832
models/powernet_lstm256_mlp132_mlp216_final32_dropout0.2_lr0.0005.pt,2025-06-23 16:50:25,2025-06-23 16:50:26,12,0.002689419498067937,0.006706488651356527
models/powernet_lstm256_mlp132_mlp216_final32_dropout0.2_lr0.0005.pt,2025-06-23 16:50:33,2025-06-23 16:50:34,13,0.002660577509766712,0.006587936131316903
models/powernet_lstm256_mlp132_mlp216_final32_dropout0.2_lr0.0005.pt,2025-06-23 16:50:41,2025-06-23 16:50:41,14,0.0026583886392081597,0.006624278680343802
models/powernet_lstm256_mlp132_mlp216_final32_dropout0.2_lr0.0005.pt,2025-06-23 16:50:49,2025-06-23 16:50:49,15,0.002631093129201869,0.006758463541267528
models/powernet_lstm256_mlp132_mlp216_final32_dropout0.2_lr0.0005.pt,2025-06-23 16:50:57,2025-06-23 16:50:57,16,0.002606581653881189,0.006786625067304287
models/powernet_lstm256_mlp132_mlp216_final32_dropout0.2_lr0.0005.pt,2025-06-23 16:51:05,2025-06-23 16:51:05,17,0.002604434166648542,0.006554684518570346
models/powernet_lstm256_mlp132_mlp216_final32_dropout0.2_lr0.0005.pt,2025-06-23 16:51:13,2025-06-23 16:51:13,18,0.0025710142840596672,0.0066942812381534
models/powernet_lstm256_mlp132_mlp216_final32_dropout0.2_lr0.0005.pt,2025-06-23 16:51:20,2025-06-23 16:51:21,19,0.002562534393897901,0.0065537322661839426
models/powernet_lstm256_mlp132_mlp216_final32_dropout0.2_lr0.0005.pt,2025-06-23 16:51:28,2025-06-23 16:51:28,20,0.0025613830197647575,0.006621375699372341
models/powernet_lstm256_mlp132_mlp216_final32_dropout0.3_lr0.001.pt,2025-06-23 16:51:36,2025-06-23 16:51:37,1,0.010388703557402295,0.034448657040705995
models/powernet_lstm256_mlp132_mlp216_final32_dropout0.3_lr0.001.pt,2025-06-23 16:51:44,2025-06-23 16:51:44,2,0.008014999270792984,0.013110772712111828
models/powernet_lstm256_mlp132_mlp216_final32_dropout0.3_lr0.001.pt,2025-06-23 16:51:51,2025-06-23 16:51:51,3,0.0033839933800458486,0.008154911526833616
models/powernet_lstm256_mlp132_mlp216_final32_dropout0.3_lr0.001.pt,2025-06-23 16:51:59,2025-06-23 16:51:59,4,0.0029007002500475863,0.0076558621339721696
models/powernet_lstm256_mlp132_mlp216_final32_dropout0.3_lr0.001.pt,2025-06-23 16:52:06,2025-06-23 16:52:06,5,0.0027916737601384654,0.0073348915154513505
models/powernet_lstm256_mlp132_mlp216_final32_dropout0.3_lr0.001.pt,2025-06-23 16:52:14,2025-06-23 16:52:14,6,0.0027758387095999227,0.007188918348956143
models/powernet_lstm256_mlp132_mlp216_final32_dropout0.3_lr0.001.pt,2025-06-23 16:52:21,2025-06-23 16:52:22,7,0.0027282395954331463,0.007198002740984694
models/powernet_lstm256_mlp132_mlp216_final32_dropout0.3_lr0.001.pt,2025-06-23 16:52:29,2025-06-23 16:52:30,8,0.0026928192124210503,0.007204772186620782
models/powernet_lstm256_mlp132_mlp216_final32_dropout0.3_lr0.001.pt,2025-06-23 16:52:37,2025-06-23 16:52:37,9,0.002668096665377473,0.007193585109364774
models/powernet_lstm256_mlp132_mlp216_final32_dropout0.3_lr0.001.pt,2025-06-23 16:52:44,2025-06-23 16:52:44,10,0.0026274690465871446,0.007154316200675177
models/powernet_lstm256_mlp132_mlp216_final32_dropout0.3_lr0.001.pt,2025-06-23 16:52:51,2025-06-23 16:52:52,11,0.00267247068378607,0.007039173259510703
models/powernet_lstm256_mlp132_mlp216_final32_dropout0.3_lr0.001.pt,2025-06-23 16:52:59,2025-06-23 16:52:59,12,0.002613612982403991,0.006993235299541127
models/powernet_lstm256_mlp132_mlp216_final32_dropout0.3_lr0.001.pt,2025-06-23 16:53:06,2025-06-23 16:53:07,13,0.0026203162428225296,0.007273127150256187
models/powernet_lstm256_mlp132_mlp216_final32_dropout0.3_lr0.001.pt,2025-06-23 16:53:14,2025-06-23 16:53:14,14,0.002564096619555723,0.0070659261684687365
models/powernet_lstm256_mlp132_mlp216_final32_dropout0.3_lr0.001.pt,2025-06-23 16:53:21,2025-06-23 16:53:22,15,0.0025605257254950934,0.0069967231303009955
models/powernet_lstm256_mlp132_mlp216_final32_dropout0.3_lr0.001.pt,2025-06-23 16:53:29,2025-06-23 16:53:29,16,0.002558110057652551,0.006996646445865433
models/powernet_lstm256_mlp132_mlp216_final32_dropout0.3_lr0.001.pt,2025-06-23 16:53:36,2025-06-23 16:53:37,17,0.00252244798281926,0.006898685513685147
models/powernet_lstm256_mlp132_mlp216_final32_dropout0.3_lr0.001.pt,2025-06-23 16:53:44,2025-06-23 16:53:44,18,0.0025284537793813927,0.006905679194633627
models/powernet_lstm256_mlp132_mlp216_final32_dropout0.3_lr0.001.pt,2025-06-23 16:53:51,2025-06-23 16:53:52,19,0.0025405262941769974,0.006879430868485499
models/powernet_lstm256_mlp132_mlp216_final32_dropout0.3_lr0.001.pt,2025-06-23 16:53:59,2025-06-23 16:53:59,20,0.0025262386330188917,0.006999502401976358
models/powernet_lstm256_mlp132_mlp216_final32_dropout0.3_lr0.0005.pt,2025-06-23 16:54:07,2025-06-23 16:54:07,1,0.010315822278586297,0.037663217390044815
models/powernet_lstm256_mlp132_mlp216_final32_dropout0.3_lr0.0005.pt,2025-06-23 16:54:14,2025-06-23 16:54:15,2,0.011590731161017317,0.03736848869760122
models/powernet_lstm256_mlp132_mlp216_final32_dropout0.3_lr0.0005.pt,2025-06-23 16:54:22,2025-06-23 16:54:22,3,0.011111101933515473,0.030710562686657623
models/powernet_lstm256_mlp132_mlp216_final32_dropout0.3_lr0.0005.pt,2025-06-23 16:54:30,2025-06-23 16:54:30,4,0.008413940894260575,0.018992475294951527
models/powernet_lstm256_mlp132_mlp216_final32_dropout0.3_lr0.0005.pt,2025-06-23 16:54:38,2025-06-23 16:54:38,5,0.004770488972226108,0.010271462301413218
models/powernet_lstm256_mlp132_mlp216_final32_dropout0.3_lr0.0005.pt,2025-06-23 16:54:46,2025-06-23 16:54:46,6,0.003313609154491876,0.007280721816988219
models/powernet_lstm256_mlp132_mlp216_final32_dropout0.3_lr0.0005.pt,2025-06-23 16:54:53,2025-06-23 16:54:54,7,0.0029293858453169914,0.006694114445486949
models/powernet_lstm256_mlp132_mlp216_final32_dropout0.3_lr0.0005.pt,2025-06-23 16:55:01,2025-06-23 16:55:01,8,0.0028706506395319853,0.006616023879143454
models/powernet_lstm256_mlp132_mlp216_final32_dropout0.3_lr0.0005.pt,2025-06-23 16:55:09,2025-06-23 16:55:09,9,0.0028432822299330066,0.006559205209625708
models/powernet_lstm256_mlp132_mlp216_final32_dropout0.3_lr0.0005.pt,2025-06-23 16:55:17,2025-06-23 16:55:17,10,0.002761399558518753,0.006272235375252508
models/powernet_lstm256_mlp132_mlp216_final32_dropout0.3_lr0.0005.pt,2025-06-23 16:55:25,2025-06-23 16:55:26,11,0.0027681196643699686,0.006221539207867214
models/powernet_lstm256_mlp132_mlp216_final32_dropout0.3_lr0.0005.pt,2025-06-23 16:55:34,2025-06-23 16:55:34,12,0.0026228097446088007,0.005632446349842385
models/powernet_lstm256_mlp132_mlp216_final32_dropout0.3_lr0.0005.pt,2025-06-23 16:55:43,2025-06-23 16:55:43,13,0.002581049785590447,0.005668399373202452
models/powernet_lstm256_mlp132_mlp216_final32_dropout0.3_lr0.0005.pt,2025-06-23 16:55:51,2025-06-23 16:55:52,14,0.002543845032911337,0.005635153290183682
models/powernet_lstm256_mlp132_mlp216_final32_dropout0.3_lr0.0005.pt,2025-06-23 16:55:59,2025-06-23 16:56:00,15,0.002536909646443492,0.005567219422941673
models/powernet_lstm256_mlp132_mlp216_final32_dropout0.3_lr0.0005.pt,2025-06-23 16:56:07,2025-06-23 16:56:08,16,0.0025217520901002826,0.005720413226212952
models/powernet_lstm256_mlp132_mlp216_final32_dropout0.3_lr0.0005.pt,2025-06-23 16:56:15,2025-06-23 16:56:16,17,0.002512064939957299,0.005612552279628636
models/powernet_lstm256_mlp132_mlp216_final32_dropout0.3_lr0.0005.pt,2025-06-23 16:56:24,2025-06-23 16:56:24,18,0.0025011115890216603,0.005410928769768881
models/powernet_lstm256_mlp132_mlp216_final32_dropout0.3_lr0.0005.pt,2025-06-23 16:56:32,2025-06-23 16:56:32,19,0.002477600661066351,0.005490512645337731
models/powernet_lstm256_mlp132_mlp216_final32_dropout0.3_lr0.0005.pt,2025-06-23 16:56:40,2025-06-23 16:56:40,20,0.00246425297025839,0.005324108742310533
models/powernet_lstm256_mlp132_mlp216_final64_dropout0.2_lr0.001.pt,2025-06-23 16:56:48,2025-06-23 16:56:49,1,0.010846902287521777,0.03506279816584928
models/powernet_lstm256_mlp132_mlp216_final64_dropout0.2_lr0.001.pt,2025-06-23 16:56:56,2025-06-23 16:56:57,2,0.010457625881122846,0.024075780889861995
models/powernet_lstm256_mlp132_mlp216_final64_dropout0.2_lr0.001.pt,2025-06-23 16:57:04,2025-06-23 16:57:05,3,0.004700786132279092,0.008093925935792782
models/powernet_lstm256_mlp132_mlp216_final64_dropout0.2_lr0.001.pt,2025-06-23 16:57:12,2025-06-23 16:57:13,4,0.0029291109254230715,0.007644698664080352
models/powernet_lstm256_mlp132_mlp216_final64_dropout0.2_lr0.001.pt,2025-06-23 16:57:21,2025-06-23 16:57:21,5,0.002780640890548927,0.007769645917938934
models/powernet_lstm256_mlp132_mlp216_final64_dropout0.2_lr0.001.pt,2025-06-23 16:57:29,2025-06-23 16:57:29,6,0.002750064674986019,0.007789625423139937
models/powernet_lstm256_mlp132_mlp216_final64_dropout0.2_lr0.001.pt,2025-06-23 16:57:37,2025-06-23 16:57:37,7,0.0027092593516232313,0.007701442338570598
models/powernet_lstm256_mlp132_mlp216_final64_dropout0.2_lr0.001.pt,2025-06-23 16:57:45,2025-06-23 16:57:45,8,0.0027022598200522724,0.007994668968465356
models/powernet_lstm256_mlp132_mlp216_final64_dropout0.2_lr0.001.pt,2025-06-23 16:57:53,2025-06-23 16:57:53,9,0.0026549573478770465,0.008010484208907223
models/powernet_lstm256_mlp132_mlp216_final64_dropout0.2_lr0.001.pt,2025-06-23 16:58:01,2025-06-23 16:58:01,10,0.002653551262913532,0.007682749197729642
models/powernet_lstm256_mlp132_mlp216_final64_dropout0.2_lr0.001.pt,2025-06-23 16:58:09,2025-06-23 16:58:09,11,0.0026125497657031246,0.007722902200406506
models/powernet_lstm256_mlp132_mlp216_final64_dropout0.2_lr0.001.pt,2025-06-23 16:58:17,2025-06-23 16:58:18,12,0.002618687481687848,0.007671793362879683
models/powernet_lstm256_mlp132_mlp216_final64_dropout0.2_lr0.001.pt,2025-06-23 16:58:26,2025-06-23 16:58:26,13,0.0025719978454803185,0.0074625520251824385
models/powernet_lstm256_mlp132_mlp216_final64_dropout0.2_lr0.001.pt,2025-06-23 16:58:34,2025-06-23 16:58:35,14,0.0025458184275237885,0.007072674035693386
models/powernet_lstm256_mlp132_mlp216_final64_dropout0.2_lr0.001.pt,2025-06-23 16:58:42,2025-06-23 16:58:43,15,0.002535986437526528,0.007255976382155149
models/powernet_lstm256_mlp132_mlp216_final64_dropout0.2_lr0.001.pt,2025-06-23 16:58:51,2025-06-23 16:58:51,16,0.002533921993223451,0.007133402481919066
models/powernet_lstm256_mlp132_mlp216_final64_dropout0.2_lr0.001.pt,2025-06-23 16:58:59,2025-06-23 16:59:00,17,0.0025082547615568477,0.007000155849493153
models/powernet_lstm256_mlp132_mlp216_final64_dropout0.2_lr0.001.pt,2025-06-23 16:59:08,2025-06-23 16:59:09,18,0.0025052545339434066,0.00710366876418924
models/powernet_lstm256_mlp132_mlp216_final64_dropout0.2_lr0.001.pt,2025-06-23 16:59:16,2025-06-23 16:59:17,19,0.0024990685965626345,0.006635409632941619
models/powernet_lstm256_mlp132_mlp216_final64_dropout0.2_lr0.001.pt,2025-06-23 16:59:24,2025-06-23 16:59:25,20,0.0024607482950531087,0.006779796553365443
models/powernet_lstm256_mlp132_mlp216_final64_dropout0.2_lr0.0005.pt,2025-06-23 16:59:33,2025-06-23 16:59:33,1,0.010663227604073722,0.03681075570750095
models/powernet_lstm256_mlp132_mlp216_final64_dropout0.2_lr0.0005.pt,2025-06-23 16:59:41,2025-06-23 16:59:42,2,0.009808939699906401,0.03346867279504381
models/powernet_lstm256_mlp132_mlp216_final64_dropout0.2_lr0.0005.pt,2025-06-23 16:59:49,2025-06-23 16:59:50,3,0.007786576675305787,0.018476706064705337
models/powernet_lstm256_mlp132_mlp216_final64_dropout0.2_lr0.0005.pt,2025-06-23 16:59:57,2025-06-23 16:59:58,4,0.004306998780129918,0.010125913163868799
models/powernet_lstm256_mlp132_mlp216_final64_dropout0.2_lr0.0005.pt,2025-06-23 17:00:05,2025-06-23 17:00:05,5,0.003156727708291553,0.007387998100880179
models/powernet_lstm256_mlp132_mlp216_final64_dropout0.2_lr0.0005.pt,2025-06-23 17:00:13,2025-06-23 17:00:13,6,0.0028910934959503233,0.006913398018306387
models/powernet_lstm256_mlp132_mlp216_final64_dropout0.2_lr0.0005.pt,2025-06-23 17:00:21,2025-06-23 17:00:21,7,0.0028180666140607794,0.006809621345296148
models/powernet_lstm256_mlp132_mlp216_final64_dropout0.2_lr0.0005.pt,2025-06-23 17:00:29,2025-06-23 17:00:29,8,0.0028004261434927758,0.006723607394156889
models/powernet_lstm256_mlp132_mlp216_final64_dropout0.2_lr0.0005.pt,2025-06-23 17:00:37,2025-06-23 17:00:37,9,0.0027469132426461893,0.006779914710759407
models/powernet_lstm256_mlp132_mlp216_final64_dropout0.2_lr0.0005.pt,2025-06-23 17:00:44,2025-06-23 17:00:45,10,0.0027457345856018163,0.00666535499649832
models/powernet_lstm256_mlp132_mlp216_final64_dropout0.2_lr0.0005.pt,2025-06-23 17:00:53,2025-06-23 17:00:53,11,0.002709098906039492,0.006760444012581415
models/powernet_lstm256_mlp132_mlp216_final64_dropout0.2_lr0.0005.pt,2025-06-23 17:01:01,2025-06-23 17:01:01,12,0.0026881534251652316,0.006563254582163479
models/powernet_lstm256_mlp132_mlp216_final64_dropout0.2_lr0.0005.pt,2025-06-23 17:01:08,2025-06-23 17:01:09,13,0.002682955888186341,0.006696869103637125
models/powernet_lstm256_mlp132_mlp216_final64_dropout0.2_lr0.0005.pt,2025-06-23 17:01:16,2025-06-23 17:01:17,14,0.002635377200423009,0.006784683958228145
models/powernet_lstm256_mlp132_mlp216_final64_dropout0.2_lr0.0005.pt,2025-06-23 17:01:25,2025-06-23 17:01:25,15,0.0026588213499001223,0.006675916119656037
models/powernet_lstm256_mlp132_mlp216_final64_dropout0.2_lr0.0005.pt,2025-06-23 17:01:33,2025-06-23 17:01:33,16,0.0026267171558034424,0.006677606497846898
models/powernet_lstm256_mlp132_mlp216_final64_dropout0.2_lr0.0005.pt,2025-06-23 17:01:41,2025-06-23 17:01:42,17,0.0025978732617228965,0.006763502445426725
models/powernet_lstm256_mlp132_mlp216_final64_dropout0.2_lr0.0005.pt,2025-06-23 17:01:49,2025-06-23 17:01:50,18,0.0025829395590824455,0.006779774948621967
models/powernet_lstm256_mlp132_mlp216_final64_dropout0.2_lr0.0005.pt,2025-06-23 17:01:57,2025-06-23 17:01:58,19,0.0025834376975062794,0.006814422612521975
models/powernet_lstm256_mlp132_mlp216_final64_dropout0.2_lr0.0005.pt,2025-06-23 17:02:05,2025-06-23 17:02:06,20,0.0025637416608160525,0.006648210277836327
models/powernet_lstm256_mlp132_mlp216_final64_dropout0.3_lr0.001.pt,2025-06-23 17:02:14,2025-06-23 17:02:14,1,0.00996901339093577,0.0389918403566948
models/powernet_lstm256_mlp132_mlp216_final64_dropout0.3_lr0.001.pt,2025-06-23 17:02:22,2025-06-23 17:02:23,2,0.00688507316231821,0.009859631464461841
models/powernet_lstm256_mlp132_mlp216_final64_dropout0.3_lr0.001.pt,2025-06-23 17:02:30,2025-06-23 17:02:30,3,0.0031612495585898854,0.007357876857332442
models/powernet_lstm256_mlp132_mlp216_final64_dropout0.3_lr0.001.pt,2025-06-23 17:02:38,2025-06-23 17:02:38,4,0.0028545285447723464,0.007436231898498677
models/powernet_lstm256_mlp132_mlp216_final64_dropout0.3_lr0.001.pt,2025-06-23 17:02:46,2025-06-23 17:02:46,5,0.0027920278824298764,0.007627370129782884
models/powernet_lstm256_mlp132_mlp216_final64_dropout0.3_lr0.001.pt,2025-06-23 17:02:54,2025-06-23 17:02:54,6,0.002791761256919007,0.007662087994893747
models/powernet_lstm256_mlp132_mlp216_final64_dropout0.3_lr0.001.pt,2025-06-23 17:03:02,2025-06-23 17:03:02,7,0.002765564933157606,0.007508517376014164
models/powernet_lstm256_mlp132_mlp216_final64_dropout0.3_lr0.001.pt,2025-06-23 17:03:10,2025-06-23 17:03:11,8,0.002705785705039101,0.007474805699617025
models/powernet_lstm256_mlp132_mlp216_final64_dropout0.3_lr0.001.pt,2025-06-23 17:03:18,2025-06-23 17:03:19,9,0.002707124150953361,0.007497788545498181
models/powernet_lstm256_mlp132_mlp216_final64_dropout0.3_lr0.001.pt,2025-06-23 17:03:26,2025-06-23 17:03:27,10,0.0026658995883471724,0.007339045441421192
models/powernet_lstm256_mlp132_mlp216_final64_dropout0.3_lr0.001.pt,2025-06-23 17:03:34,2025-06-23 17:03:35,11,0.002644882548377619,0.007404792625623356
models/powernet_lstm256_mlp132_mlp216_final64_dropout0.3_lr0.001.pt,2025-06-23 17:03:42,2025-06-23 17:03:42,12,0.002609555284687949,0.007161792977491305
models/powernet_lstm256_mlp132_mlp216_final64_dropout0.3_lr0.001.pt,2025-06-23 17:03:50,2025-06-23 17:03:50,13,0.002587396870411041,0.007104236178011412
models/powernet_lstm256_mlp132_mlp216_final64_dropout0.3_lr0.001.pt,2025-06-23 17:03:58,2025-06-23 17:03:58,14,0.002572142486953916,0.006784296888370244
models/powernet_lstm256_mlp132_mlp216_final64_dropout0.3_lr0.001.pt,2025-06-23 17:04:06,2025-06-23 17:04:06,15,0.0025789090687276355,0.0069703905818252155
models/powernet_lstm256_mlp132_mlp216_final64_dropout0.3_lr0.001.pt,2025-06-23 17:04:14,2025-06-23 17:04:14,16,0.00253005153706087,0.006692877105836358
models/powernet_lstm256_mlp132_mlp216_final64_dropout0.3_lr0.001.pt,2025-06-23 17:04:22,2025-06-23 17:04:22,17,0.0025373500712413265,0.006734375825284847
models/powernet_lstm256_mlp132_mlp216_final64_dropout0.3_lr0.001.pt,2025-06-23 17:04:30,2025-06-23 17:04:31,18,0.002534095741344005,0.006725697693625642
models/powernet_lstm256_mlp132_mlp216_final64_dropout0.3_lr0.001.pt,2025-06-23 17:04:38,2025-06-23 17:04:39,19,0.0025081235135304175,0.0067723602904672065
models/powernet_lstm256_mlp132_mlp216_final64_dropout0.3_lr0.001.pt,2025-06-23 17:04:46,2025-06-23 17:04:47,20,0.002495491070531836,0.0068291910879668734
models/powernet_lstm256_mlp132_mlp216_final64_dropout0.3_lr0.0005.pt,2025-06-23 17:04:55,2025-06-23 17:04:56,1,0.011460122855348465,0.038611771006669314
models/powernet_lstm256_mlp132_mlp216_final64_dropout0.3_lr0.0005.pt,2025-06-23 17:05:04,2025-06-23 17:05:04,2,0.012348042425437076,0.034088047565005365
models/powernet_lstm256_mlp132_mlp216_final64_dropout0.3_lr0.0005.pt,2025-06-23 17:05:12,2025-06-23 17:05:12,3,0.012129836970390285,0.029365422825018566
models/powernet_lstm256_mlp132_mlp216_final64_dropout0.3_lr0.0005.pt,2025-06-23 17:05:20,2025-06-23 17:05:21,4,0.006940367233861859,0.013986240867303596
models/powernet_lstm256_mlp132_mlp216_final64_dropout0.3_lr0.0005.pt,2025-06-23 17:05:28,2025-06-23 17:05:29,5,0.003680880143103527,0.007926565132081686
models/powernet_lstm256_mlp132_mlp216_final64_dropout0.3_lr0.0005.pt,2025-06-23 17:05:36,2025-06-23 17:05:37,6,0.0029806149711433506,0.006826771639420518
models/powernet_lstm256_mlp132_mlp216_final64_dropout0.3_lr0.0005.pt,2025-06-23 17:05:45,2025-06-23 17:05:45,7,0.0028925611962264696,0.006629307784827515
models/powernet_lstm256_mlp132_mlp216_final64_dropout0.3_lr0.0005.pt,2025-06-23 17:05:53,2025-06-23 17:05:53,8,0.002849708197530531,0.006507788488220069
models/powernet_lstm256_mlp132_mlp216_final64_dropout0.3_lr0.0005.pt,2025-06-23 17:06:01,2025-06-23 17:06:01,9,0.0028280135139607653,0.0065416465305523685
models/powernet_lstm256_mlp132_mlp216_final64_dropout0.3_lr0.0005.pt,2025-06-23 17:06:09,2025-06-23 17:06:10,10,0.0028139098654738977,0.006328324282852312
models/powernet_lstm256_mlp132_mlp216_final64_dropout0.3_lr0.0005.pt,2025-06-23 17:06:17,2025-06-23 17:06:18,11,0.0027736111333721823,0.006300597634565618
models/powernet_lstm256_mlp132_mlp216_final64_dropout0.3_lr0.0005.pt,2025-06-23 17:06:26,2025-06-23 17:06:26,12,0.002761561532131827,0.006441195211317833
models/powernet_lstm256_mlp132_mlp216_final64_dropout0.3_lr0.0005.pt,2025-06-23 17:06:34,2025-06-23 17:06:34,13,0.002754582503035883,0.00644606607550356
models/powernet_lstm256_mlp132_mlp216_final64_dropout0.3_lr0.0005.pt,2025-06-23 17:06:42,2025-06-23 17:06:42,14,0.00272099521604874,0.0063122302304864635
models/powernet_lstm256_mlp132_mlp216_final64_dropout0.3_lr0.0005.pt,2025-06-23 17:06:50,2025-06-23 17:06:50,15,0.002656707596693081,0.0063862464823094866
models/powernet_lstm256_mlp132_mlp216_final64_dropout0.3_lr0.0005.pt,2025-06-23 17:06:58,2025-06-23 17:06:59,16,0.0026432505118102337,0.006488142645962182
models/powernet_lstm256_mlp132_mlp216_final64_dropout0.3_lr0.0005.pt,2025-06-23 17:07:06,2025-06-23 17:07:07,17,0.002647169332358382,0.006443632009904832
models/powernet_lstm256_mlp132_mlp216_final64_dropout0.3_lr0.0005.pt,2025-06-23 17:07:15,2025-06-23 17:07:15,18,0.0026144115758645033,0.006429571370106368
models/powernet_lstm256_mlp132_mlp216_final64_dropout0.3_lr0.0005.pt,2025-06-23 17:07:23,2025-06-23 17:07:23,19,0.0025822695733885045,0.006491838973791649
models/powernet_lstm256_mlp132_mlp216_final64_dropout0.3_lr0.0005.pt,2025-06-23 17:07:31,2025-06-23 17:07:31,20,0.002582148207703315,0.00646252732674059
models/powernet_lstm256_mlp132_mlp232_final32_dropout0.2_lr0.001.pt,2025-06-23 17:07:40,2025-06-23 17:07:40,1,0.01006188706931321,0.033945184744273625
models/powernet_lstm256_mlp132_mlp232_final32_dropout0.2_lr0.001.pt,2025-06-23 17:07:48,2025-06-23 17:07:48,2,0.005900695075066702,0.009002189035527408
models/powernet_lstm256_mlp132_mlp232_final32_dropout0.2_lr0.001.pt,2025-06-23 17:07:56,2025-06-23 17:07:56,3,0.0029708988969825547,0.007361725014301815
models/powernet_lstm256_mlp132_mlp232_final32_dropout0.2_lr0.001.pt,2025-06-23 17:08:04,2025-06-23 17:08:04,4,0.002796600263315006,0.007420609599821979
models/powernet_lstm256_mlp132_mlp232_final32_dropout0.2_lr0.001.pt,2025-06-23 17:08:12,2025-06-23 17:08:12,5,0.0026945432607745033,0.00757862472285827
models/powernet_lstm256_mlp132_mlp232_final32_dropout0.2_lr0.001.pt,2025-06-23 17:08:20,2025-06-23 17:08:20,6,0.0026784824326291836,0.00764434537961192
models/powernet_lstm256_mlp132_mlp232_final32_dropout0.2_lr0.001.pt,2025-06-23 17:08:28,2025-06-23 17:08:28,7,0.0026715522804174417,0.007745824346784502
models/powernet_lstm256_mlp132_mlp232_final32_dropout0.2_lr0.001.pt,2025-06-23 17:08:36,2025-06-23 17:08:36,8,0.0026226963652911228,0.007483227117474945
models/powernet_lstm256_mlp132_mlp232_final32_dropout0.2_lr0.001.pt,2025-06-23 17:08:44,2025-06-23 17:08:44,9,0.0026083205163972886,0.007385049525293566
models/powernet_lstm256_mlp132_mlp232_final32_dropout0.2_lr0.001.pt,2025-06-23 17:08:52,2025-06-23 17:08:52,10,0.002626385816204358,0.007543410745538061
models/powernet_lstm256_mlp132_mlp232_final32_dropout0.2_lr0.001.pt,2025-06-23 17:09:00,2025-06-23 17:09:01,11,0.0026161341091236567,0.0074576200318655795
models/powernet_lstm256_mlp132_mlp232_final32_dropout0.2_lr0.001.pt,2025-06-23 17:09:08,2025-06-23 17:09:09,12,0.002591572331587365,0.0072355577334140735
models/powernet_lstm256_mlp132_mlp232_final32_dropout0.2_lr0.001.pt,2025-06-23 17:09:16,2025-06-23 17:09:17,13,0.0025824787081941115,0.00725463154127023
models/powernet_lstm256_mlp132_mlp232_final32_dropout0.2_lr0.001.pt,2025-06-23 17:09:24,2025-06-23 17:09:25,14,0.0025704502534422955,0.0072181981855205125
models/powernet_lstm256_mlp132_mlp232_final32_dropout0.2_lr0.001.pt,2025-06-23 17:09:33,2025-06-23 17:09:33,15,0.002558900049105654,0.006900761893207562
models/powernet_lstm256_mlp132_mlp232_final32_dropout0.2_lr0.001.pt,2025-06-23 17:09:41,2025-06-23 17:09:41,16,0.0025508661643490545,0.007040958668637488
models/powernet_lstm256_mlp132_mlp232_final32_dropout0.2_lr0.001.pt,2025-06-23 17:09:49,2025-06-23 17:09:50,17,0.00254387792994103,0.0070254825210819645
models/powernet_lstm256_mlp132_mlp232_final32_dropout0.2_lr0.001.pt,2025-06-23 17:09:58,2025-06-23 17:09:58,18,0.0025105153016800703,0.0066184580057216365
models/powernet_lstm256_mlp132_mlp232_final32_dropout0.2_lr0.001.pt,2025-06-23 17:10:06,2025-06-23 17:10:06,19,0.002517073991767708,0.006830664584413171
models/powernet_lstm256_mlp132_mlp232_final32_dropout0.2_lr0.001.pt,2025-06-23 17:10:14,2025-06-23 17:10:14,20,0.0024935156935469186,0.006629899274446957
models/powernet_lstm256_mlp132_mlp232_final32_dropout0.2_lr0.0005.pt,2025-06-23 17:10:22,2025-06-23 17:10:23,1,0.010991279495000426,0.039658715560411416
models/powernet_lstm256_mlp132_mlp232_final32_dropout0.2_lr0.0005.pt,2025-06-23 17:10:31,2025-06-23 17:10:31,2,0.010684012446225384,0.037479395556840156
models/powernet_lstm256_mlp132_mlp232_final32_dropout0.2_lr0.0005.pt,2025-06-23 17:10:39,2025-06-23 17:10:40,3,0.010189250488469285,0.026525703929586426
models/powernet_lstm256_mlp132_mlp232_final32_dropout0.2_lr0.0005.pt,2025-06-23 17:10:48,2025-06-23 17:10:48,4,0.006101264828218541,0.014371268307080581
models/powernet_lstm256_mlp132_mlp232_final32_dropout0.2_lr0.0005.pt,2025-06-23 17:10:56,2025-06-23 17:10:57,5,0.003776304984396811,0.00935960883119454
models/powernet_lstm256_mlp132_mlp232_final32_dropout0.2_lr0.0005.pt,2025-06-23 17:11:04,2025-06-23 17:11:05,6,0.0030806802192746285,0.007399458205327392
models/powernet_lstm256_mlp132_mlp232_final32_dropout0.2_lr0.0005.pt,2025-06-23 17:11:13,2025-06-23 17:11:13,7,0.002900261087823988,0.006807579597946079
models/powernet_lstm256_mlp132_mlp232_final32_dropout0.2_lr0.0005.pt,2025-06-23 17:11:21,2025-06-23 17:11:22,8,0.00283515357728889,0.006554342536089409
models/powernet_lstm256_mlp132_mlp232_final32_dropout0.2_lr0.0005.pt,2025-06-23 17:11:29,2025-06-23 17:11:30,9,0.0027928271028223634,0.006498696299136749
models/powernet_lstm256_mlp132_mlp232_final32_dropout0.2_lr0.0005.pt,2025-06-23 17:11:37,2025-06-23 17:11:38,10,0.0027649267968336976,0.006489600961296154
models/powernet_lstm256_mlp132_mlp232_final32_dropout0.2_lr0.0005.pt,2025-06-23 17:11:45,2025-06-23 17:11:46,11,0.0027395596456093094,0.0063695561825408645
models/powernet_lstm256_mlp132_mlp232_final32_dropout0.2_lr0.0005.pt,2025-06-23 17:11:53,2025-06-23 17:11:54,12,0.0027315822435379374,0.0063018734425505886
models/powernet_lstm256_mlp132_mlp232_final32_dropout0.2_lr0.0005.pt,2025-06-23 17:12:01,2025-06-23 17:12:02,13,0.002717617824385744,0.0063071979758595785
models/powernet_lstm256_mlp132_mlp232_final32_dropout0.2_lr0.0005.pt,2025-06-23 17:12:10,2025-06-23 17:12:10,14,0.002693405105309072,0.006318320963709127
models/powernet_lstm256_mlp132_mlp232_final32_dropout0.2_lr0.0005.pt,2025-06-23 17:12:18,2025-06-23 17:12:18,15,0.0026567678658231614,0.00628389609656075
models/powernet_lstm256_mlp132_mlp232_final32_dropout0.2_lr0.0005.pt,2025-06-23 17:12:26,2025-06-23 17:12:27,16,0.0026250374573324625,0.00638995511135796
models/powernet_lstm256_mlp132_mlp232_final32_dropout0.2_lr0.0005.pt,2025-06-23 17:12:34,2025-06-23 17:12:35,17,0.0026381713924758425,0.006384304745422144
models/powernet_lstm256_mlp132_mlp232_final32_dropout0.2_lr0.0005.pt,2025-06-23 17:12:42,2025-06-23 17:12:43,18,0.002621431114754179,0.005982742776506625
models/powernet_lstm256_mlp132_mlp232_final32_dropout0.2_lr0.0005.pt,2025-06-23 17:12:50,2025-06-23 17:12:51,19,0.0025897392374922366,0.006157825312887629
models/powernet_lstm256_mlp132_mlp232_final32_dropout0.2_lr0.0005.pt,2025-06-23 17:12:59,2025-06-23 17:12:59,20,0.0025842284886366737,0.006314311661602308
models/powernet_lstm256_mlp132_mlp232_final32_dropout0.3_lr0.001.pt,2025-06-23 17:13:07,2025-06-23 17:13:08,1,0.009592046097461735,0.023134138218925467
models/powernet_lstm256_mlp132_mlp232_final32_dropout0.3_lr0.001.pt,2025-06-23 17:13:15,2025-06-23 17:13:16,2,0.0041914861914234425,0.00882754480421898
models/powernet_lstm256_mlp132_mlp232_final32_dropout0.3_lr0.001.pt,2025-06-23 17:13:24,2025-06-23 17:13:24,3,0.0030679921024478135,0.007883412824455826
models/powernet_lstm256_mlp132_mlp232_final32_dropout0.3_lr0.001.pt,2025-06-23 17:13:32,2025-06-23 17:13:32,4,0.0029504786708265357,0.007529279638436579
models/powernet_lstm256_mlp132_mlp232_final32_dropout0.3_lr0.001.pt,2025-06-23 17:13:40,2025-06-23 17:13:40,5,0.002932804780142252,0.007735721977604996
models/powernet_lstm256_mlp132_mlp232_final32_dropout0.3_lr0.001.pt,2025-06-23 17:13:48,2025-06-23 17:13:48,6,0.0028797122913243344,0.007243762455237586
models/powernet_lstm256_mlp132_mlp232_final32_dropout0.3_lr0.001.pt,2025-06-23 17:13:56,2025-06-23 17:13:57,7,0.0028770619761436596,0.007283612366466384
models/powernet_lstm256_mlp132_mlp232_final32_dropout0.3_lr0.001.pt,2025-06-23 17:14:04,2025-06-23 17:14:05,8,0.0028233484529446157,0.007071441631220902
models/powernet_lstm256_mlp132_mlp232_final32_dropout0.3_lr0.001.pt,2025-06-23 17:14:13,2025-06-23 17:14:13,9,0.0027697842663763623,0.0068842130241959934
models/powernet_lstm256_mlp132_mlp232_final32_dropout0.3_lr0.001.pt,2025-06-23 17:14:21,2025-06-23 17:14:21,10,0.002739174954777193,0.006865885518934755
models/powernet_lstm256_mlp132_mlp232_final32_dropout0.3_lr0.001.pt,2025-06-23 17:14:29,2025-06-23 17:14:29,11,0.0027365115409951463,0.006914863325489152
models/powernet_lstm256_mlp132_mlp232_final32_dropout0.3_lr0.001.pt,2025-06-23 17:14:37,2025-06-23 17:14:38,12,0.002741668357803423,0.006835431488330609
models/powernet_lstm256_mlp132_mlp232_final32_dropout0.3_lr0.001.pt,2025-06-23 17:14:45,2025-06-23 17:14:46,13,0.002672929491929745,0.006511347311537801
models/powernet_lstm256_mlp132_mlp232_final32_dropout0.3_lr0.001.pt,2025-06-23 17:14:54,2025-06-23 17:14:54,14,0.0026272103388307244,0.006712867310159795
models/powernet_lstm256_mlp132_mlp232_final32_dropout0.3_lr0.001.pt,2025-06-23 17:15:02,2025-06-23 17:15:02,15,0.0026196536837167802,0.0065370902316533915
models/powernet_lstm256_mlp132_mlp232_final32_dropout0.3_lr0.001.pt,2025-06-23 17:15:10,2025-06-23 17:15:11,16,0.002602414913735466,0.006669680508951258
models/powernet_lstm256_mlp132_mlp232_final32_dropout0.3_lr0.001.pt,2025-06-23 17:15:19,2025-06-23 17:15:19,17,0.0025964463354698816,0.006480443482619843
models/powernet_lstm256_mlp132_mlp232_final32_dropout0.3_lr0.001.pt,2025-06-23 17:15:27,2025-06-23 17:15:27,18,0.0026010486319632767,0.006517239382013767
models/powernet_lstm256_mlp132_mlp232_final32_dropout0.3_lr0.001.pt,2025-06-23 17:15:35,2025-06-23 17:15:36,19,0.0025784525556922107,0.00647840865920963
models/powernet_lstm256_mlp132_mlp232_final32_dropout0.3_lr0.001.pt,2025-06-23 17:15:43,2025-06-23 17:15:44,20,0.002523536039326477,0.006232068851767551
models/powernet_lstm256_mlp132_mlp232_final32_dropout0.3_lr0.0005.pt,2025-06-23 17:15:51,2025-06-23 17:15:52,1,0.010211572507686336,0.037571263898696215
models/powernet_lstm256_mlp132_mlp232_final32_dropout0.3_lr0.0005.pt,2025-06-23 17:16:00,2025-06-23 17:16:00,2,0.011652811310589097,0.03407215018801037
models/powernet_lstm256_mlp132_mlp232_final32_dropout0.3_lr0.0005.pt,2025-06-23 17:16:08,2025-06-23 17:16:08,3,0.010538479807393586,0.021492725537557687
models/powernet_lstm256_mlp132_mlp232_final32_dropout0.3_lr0.0005.pt,2025-06-23 17:16:16,2025-06-23 17:16:16,4,0.005173162253472143,0.012316081201702002
models/powernet_lstm256_mlp132_mlp232_final32_dropout0.3_lr0.0005.pt,2025-06-23 17:16:24,2025-06-23 17:16:24,5,0.0035023970664941994,0.008167163601943426
models/powernet_lstm256_mlp132_mlp232_final32_dropout0.3_lr0.0005.pt,2025-06-23 17:16:33,2025-06-23 17:16:33,6,0.0029385304098279554,0.00703805027573946
models/powernet_lstm256_mlp132_mlp232_final32_dropout0.3_lr0.0005.pt,2025-06-23 17:16:41,2025-06-23 17:16:42,7,0.002852600700523217,0.006631991460121104
models/powernet_lstm256_mlp132_mlp232_final32_dropout0.3_lr0.0005.pt,2025-06-23 17:16:50,2025-06-23 17:16:50,8,0.00281205600756909,0.00655388825439981
models/powernet_lstm256_mlp132_mlp232_final32_dropout0.3_lr0.0005.pt,2025-06-23 17:16:58,2025-06-23 17:16:58,9,0.002791894867128107,0.0064876805880062635
models/powernet_lstm256_mlp132_mlp232_final32_dropout0.3_lr0.0005.pt,2025-06-23 17:17:06,2025-06-23 17:17:07,10,0.0027961379441175625,0.006567096129791545
models/powernet_lstm256_mlp132_mlp232_final32_dropout0.3_lr0.0005.pt,2025-06-23 17:17:14,2025-06-23 17:17:14,11,0.002751969681073424,0.006504484241650928
models/powernet_lstm256_mlp132_mlp232_final32_dropout0.3_lr0.0005.pt,2025-06-23 17:17:22,2025-06-23 17:17:22,12,0.0027412159787637003,0.006505477178420517
models/powernet_lstm256_mlp132_mlp232_final32_dropout0.3_lr0.0005.pt,2025-06-23 17:17:30,2025-06-23 17:17:31,13,0.0027434445116625125,0.006567410598065527
models/powernet_lstm256_mlp132_mlp232_final32_dropout0.3_lr0.0005.pt,2025-06-23 17:17:38,2025-06-23 17:17:38,14,0.00273945931737761,0.0065507784574514345
models/powernet_lstm256_mlp132_mlp232_final32_dropout0.3_lr0.0005.pt,2025-06-23 17:17:46,2025-06-23 17:17:47,15,0.002698913097515532,0.006608578770066656
models/powernet_lstm256_mlp132_mlp232_final32_dropout0.3_lr0.0005.pt,2025-06-23 17:17:54,2025-06-23 17:17:55,16,0.0026593330596539435,0.006630639936442354
models/powernet_lstm256_mlp132_mlp232_final32_dropout0.3_lr0.0005.pt,2025-06-23 17:18:02,2025-06-23 17:18:03,17,0.0026602059178489116,0.006695844002977191
models/powernet_lstm256_mlp132_mlp232_final32_dropout0.3_lr0.0005.pt,2025-06-23 17:18:10,2025-06-23 17:18:11,18,0.0026510869755314104,0.006598371513453978
models/powernet_lstm256_mlp132_mlp232_final32_dropout0.3_lr0.0005.pt,2025-06-23 17:18:19,2025-06-23 17:18:19,19,0.0026403055876292334,0.0065872909451302674
models/powernet_lstm256_mlp132_mlp232_final32_dropout0.3_lr0.0005.pt,2025-06-23 17:18:27,2025-06-23 17:18:27,20,0.0026047005286080577,0.006740392801085753
models/powernet_lstm256_mlp132_mlp232_final64_dropout0.2_lr0.001.pt,2025-06-23 17:18:35,2025-06-23 17:18:36,1,0.010917791287772738,0.03205080334806726
models/powernet_lstm256_mlp132_mlp232_final64_dropout0.2_lr0.001.pt,2025-06-23 17:18:43,2025-06-23 17:18:44,2,0.006943618425787309,0.012275368041758026
models/powernet_lstm256_mlp132_mlp232_final64_dropout0.2_lr0.001.pt,2025-06-23 17:18:52,2025-06-23 17:18:52,3,0.003246623785145277,0.007592398024696324
models/powernet_lstm256_mlp132_mlp232_final64_dropout0.2_lr0.001.pt,2025-06-23 17:19:00,2025-06-23 17:19:00,4,0.0028010055751478847,0.007887042321575185
models/powernet_lstm256_mlp132_mlp232_final64_dropout0.2_lr0.001.pt,2025-06-23 17:19:08,2025-06-23 17:19:08,5,0.002714270852249755,0.007596887229564821
models/powernet_lstm256_mlp132_mlp232_final64_dropout0.2_lr0.001.pt,2025-06-23 17:19:15,2025-06-23 17:19:16,6,0.0026027877553707027,0.006675341981463134
models/powernet_lstm256_mlp132_mlp232_final64_dropout0.2_lr0.001.pt,2025-06-23 17:19:24,2025-06-23 17:19:24,7,0.0026458917805502746,0.00773951172041485
models/powernet_lstm256_mlp132_mlp232_final64_dropout0.2_lr0.001.pt,2025-06-23 17:19:32,2025-06-23 17:19:32,8,0.0026570334976833603,0.007802749576512724
models/powernet_lstm256_mlp132_mlp232_final64_dropout0.2_lr0.001.pt,2025-06-23 17:19:40,2025-06-23 17:19:40,9,0.0026249276100358287,0.00715681812393346
models/powernet_lstm256_mlp132_mlp232_final64_dropout0.2_lr0.001.pt,2025-06-23 17:19:48,2025-06-23 17:19:48,10,0.002504183656571927,0.00689660625565531
models/powernet_lstm256_mlp132_mlp232_final64_dropout0.2_lr0.001.pt,2025-06-23 17:19:56,2025-06-23 17:19:56,11,0.0024985932382232574,0.006487240344064222
models/powernet_lstm256_mlp132_mlp232_final64_dropout0.2_lr0.001.pt,2025-06-23 17:20:04,2025-06-23 17:20:04,12,0.002520966408987059,0.006874269783674251
models/powernet_lstm256_mlp132_mlp232_final64_dropout0.2_lr0.001.pt,2025-06-23 17:20:11,2025-06-23 17:20:12,13,0.0024927215665855487,0.006291419397928708
models/powernet_lstm256_mlp132_mlp232_final64_dropout0.2_lr0.001.pt,2025-06-23 17:20:20,2025-06-23 17:20:20,14,0.0024429121655092814,0.006451353028837946
models/powernet_lstm256_mlp132_mlp232_final64_dropout0.2_lr0.001.pt,2025-06-23 17:20:28,2025-06-23 17:20:28,15,0.002439858037028103,0.006341752637776413
models/powernet_lstm256_mlp132_mlp232_final64_dropout0.2_lr0.001.pt,2025-06-23 17:20:36,2025-06-23 17:20:36,16,0.002439477320224936,0.006159867301383721
models/powernet_lstm256_mlp132_mlp232_final64_dropout0.2_lr0.001.pt,2025-06-23 17:20:44,2025-06-23 17:20:44,17,0.002411754516151143,0.006252704250593004
models/powernet_lstm256_mlp132_mlp232_final64_dropout0.2_lr0.001.pt,2025-06-23 17:20:52,2025-06-23 17:20:53,18,0.00242243309560675,0.006175112392243352
models/powernet_lstm256_mlp132_mlp232_final64_dropout0.2_lr0.001.pt,2025-06-23 17:21:01,2025-06-23 17:21:01,19,0.0023849587575363504,0.00610166875689867
models/powernet_lstm256_mlp132_mlp232_final64_dropout0.2_lr0.001.pt,2025-06-23 17:21:09,2025-06-23 17:21:10,20,0.002396124905118415,0.006129922137396144
models/powernet_lstm256_mlp132_mlp232_final64_dropout0.2_lr0.0005.pt,2025-06-23 17:21:18,2025-06-23 17:21:18,1,0.01090320863806489,0.03742517078561442
models/powernet_lstm256_mlp132_mlp232_final64_dropout0.2_lr0.0005.pt,2025-06-23 17:21:25,2025-06-23 17:21:26,2,0.012223685789141073,0.03839092430037757
models/powernet_lstm256_mlp132_mlp232_final64_dropout0.2_lr0.0005.pt,2025-06-23 17:21:33,2025-06-23 17:21:33,3,0.013572912794345068,0.033390916318499615
models/powernet_lstm256_mlp132_mlp232_final64_dropout0.2_lr0.0005.pt,2025-06-23 17:21:41,2025-06-23 17:21:42,4,0.00936266533669717,0.018871982526477604
models/powernet_lstm256_mlp132_mlp232_final64_dropout0.2_lr0.0005.pt,2025-06-23 17:21:50,2025-06-23 17:21:50,5,0.004401279935969196,0.009865936346440798
models/powernet_lstm256_mlp132_mlp232_final64_dropout0.2_lr0.0005.pt,2025-06-23 17:21:58,2025-06-23 17:21:59,6,0.0031287050652643164,0.007193898790449437
models/powernet_lstm256_mlp132_mlp232_final64_dropout0.2_lr0.0005.pt,2025-06-23 17:22:06,2025-06-23 17:22:06,7,0.0029116293879262985,0.006697564374744182
models/powernet_lstm256_mlp132_mlp232_final64_dropout0.2_lr0.0005.pt,2025-06-23 17:22:14,2025-06-23 17:22:15,8,0.0028414510726247743,0.006613239558646455
models/powernet_lstm256_mlp132_mlp232_final64_dropout0.2_lr0.0005.pt,2025-06-23 17:22:23,2025-06-23 17:22:23,9,0.002771358862074883,0.006714791724724429
models/powernet_lstm256_mlp132_mlp232_final64_dropout0.2_lr0.0005.pt,2025-06-23 17:22:31,2025-06-23 17:22:31,10,0.002783267516150443,0.006447529058537579
models/powernet_lstm256_mlp132_mlp232_final64_dropout0.2_lr0.0005.pt,2025-06-23 17:22:39,2025-06-23 17:22:40,11,0.0027366791657584396,0.0065621780148441234
models/powernet_lstm256_mlp132_mlp232_final64_dropout0.2_lr0.0005.pt,2025-06-23 17:22:47,2025-06-23 17:22:48,12,0.0027178916649083025,0.006475605399048488
models/powernet_lstm256_mlp132_mlp232_final64_dropout0.2_lr0.0005.pt,2025-06-23 17:22:56,2025-06-23 17:22:56,13,0.00266976866040877,0.006476073329048674
models/powernet_lstm256_mlp132_mlp232_final64_dropout0.2_lr0.0005.pt,2025-06-23 17:23:04,2025-06-23 17:23:04,14,0.0026814734358670137,0.0064704668239712534
models/powernet_lstm256_mlp132_mlp232_final64_dropout0.2_lr0.0005.pt,2025-06-23 17:23:12,2025-06-23 17:23:13,15,0.002635245980613733,0.0065955149309177485
models/powernet_lstm256_mlp132_mlp232_final64_dropout0.2_lr0.0005.pt,2025-06-23 17:23:20,2025-06-23 17:23:21,16,0.0026423735078059114,0.006675203491578854
models/powernet_lstm256_mlp132_mlp232_final64_dropout0.2_lr0.0005.pt,2025-06-23 17:23:29,2025-06-23 17:23:29,17,0.002624717187385724,0.006558135319556598
models/powernet_lstm256_mlp132_mlp232_final64_dropout0.2_lr0.0005.pt,2025-06-23 17:23:37,2025-06-23 17:23:37,18,0.002598330343534793,0.006548456861526661
models/powernet_lstm256_mlp132_mlp232_final64_dropout0.2_lr0.0005.pt,2025-06-23 17:23:45,2025-06-23 17:23:45,19,0.002567022661818275,0.006565115884378818
models/powernet_lstm256_mlp132_mlp232_final64_dropout0.2_lr0.0005.pt,2025-06-23 17:23:53,2025-06-23 17:23:54,20,0.0025706821339084736,0.006546640553833207
models/powernet_lstm256_mlp132_mlp232_final64_dropout0.3_lr0.001.pt,2025-06-23 17:24:02,2025-06-23 17:24:02,1,0.01003157141132115,0.033199635500620515
models/powernet_lstm256_mlp132_mlp232_final64_dropout0.3_lr0.001.pt,2025-06-23 17:24:10,2025-06-23 17:24:10,2,0.005002793416226079,0.008284363332980623
models/powernet_lstm256_mlp132_mlp232_final64_dropout0.3_lr0.001.pt,2025-06-23 17:24:18,2025-06-23 17:24:18,3,0.003040017173533732,0.007323785806961712
models/powernet_lstm256_mlp132_mlp232_final64_dropout0.3_lr0.001.pt,2025-06-23 17:24:26,2025-06-23 17:24:26,4,0.002941180345354899,0.007260537756207798
models/powernet_lstm256_mlp132_mlp232_final64_dropout0.3_lr0.001.pt,2025-06-23 17:24:34,2025-06-23 17:24:34,5,0.0028953975894332757,0.007187044612475715
models/powernet_lstm256_mlp132_mlp232_final64_dropout0.3_lr0.001.pt,2025-06-23 17:24:42,2025-06-23 17:24:43,6,0.002879418649791663,0.007018936658000928
models/powernet_lstm256_mlp132_mlp232_final64_dropout0.3_lr0.001.pt,2025-06-23 17:24:50,2025-06-23 17:24:51,7,0.0028486124815523214,0.006777783686716464
models/powernet_lstm256_mlp132_mlp232_final64_dropout0.3_lr0.001.pt,2025-06-23 17:24:59,2025-06-23 17:24:59,8,0.0028535612337988064,0.00689233816228807
models/powernet_lstm256_mlp132_mlp232_final64_dropout0.3_lr0.001.pt,2025-06-23 17:25:07,2025-06-23 17:25:07,9,0.002815642250118874,0.00695729900395409
models/powernet_lstm256_mlp132_mlp232_final64_dropout0.3_lr0.001.pt,2025-06-23 17:25:15,2025-06-23 17:25:15,10,0.002741977564591412,0.006828723224489728
models/powernet_lstm256_mlp132_mlp232_final64_dropout0.3_lr0.001.pt,2025-06-23 17:25:23,2025-06-23 17:25:24,11,0.0027103451351108577,0.006813136262020895
models/powernet_lstm256_mlp132_mlp232_final64_dropout0.3_lr0.001.pt,2025-06-23 17:25:31,2025-06-23 17:25:32,12,0.002702765142845322,0.006850670623992171
models/powernet_lstm256_mlp132_mlp232_final64_dropout0.3_lr0.001.pt,2025-06-23 17:25:40,2025-06-23 17:25:40,13,0.002715396874808117,0.006824523222998583
models/powernet_lstm256_mlp132_mlp232_final64_dropout0.3_lr0.001.pt,2025-06-23 17:25:48,2025-06-23 17:25:48,14,0.0026843786355622086,0.006990908922272779
models/powernet_lstm256_mlp132_mlp232_final64_dropout0.3_lr0.001.pt,2025-06-23 17:25:56,2025-06-23 17:25:56,15,0.002603706593393043,0.007005255561255451
models/powernet_lstm256_mlp132_mlp232_final64_dropout0.3_lr0.001.pt,2025-06-23 17:26:04,2025-06-23 17:26:04,16,0.002612177458863812,0.006811464094512519
models/powernet_lstm256_mlp132_mlp232_final64_dropout0.3_lr0.001.pt,2025-06-23 17:26:12,2025-06-23 17:26:12,17,0.0025871601376374165,0.0067615632544316
models/powernet_lstm256_mlp132_mlp232_final64_dropout0.3_lr0.001.pt,2025-06-23 17:26:20,2025-06-23 17:26:21,18,0.002575908142830893,0.006466466336167373
models/powernet_lstm256_mlp132_mlp232_final64_dropout0.3_lr0.001.pt,2025-06-23 17:26:28,2025-06-23 17:26:29,19,0.0025462666122216936,0.006633155858643087
models/powernet_lstm256_mlp132_mlp232_final64_dropout0.3_lr0.001.pt,2025-06-23 17:26:36,2025-06-23 17:26:37,20,0.0025240208335918887,0.006459258243142228
models/powernet_lstm256_mlp132_mlp232_final64_dropout0.3_lr0.0005.pt,2025-06-23 17:26:44,2025-06-23 17:26:45,1,0.009935560396454785,0.035941439614232094
models/powernet_lstm256_mlp132_mlp232_final64_dropout0.3_lr0.0005.pt,2025-06-23 17:26:53,2025-06-23 17:26:53,2,0.009457492276981947,0.026601673835622414
models/powernet_lstm256_mlp132_mlp232_final64_dropout0.3_lr0.0005.pt,2025-06-23 17:27:01,2025-06-23 17:27:01,3,0.005991108901214562,0.012263983019649805
models/powernet_lstm256_mlp132_mlp232_final64_dropout0.3_lr0.0005.pt,2025-06-23 17:27:09,2025-06-23 17:27:09,4,0.003477548248283515,0.007625580554650653
models/powernet_lstm256_mlp132_mlp232_final64_dropout0.3_lr0.0005.pt,2025-06-23 17:27:17,2025-06-23 17:27:17,5,0.0029156402670978618,0.006728990391517679
models/powernet_lstm256_mlp132_mlp232_final64_dropout0.3_lr0.0005.pt,2025-06-23 17:27:25,2025-06-23 17:27:25,6,0.0028612643783231095,0.006696358278748535
models/powernet_lstm256_mlp132_mlp232_final64_dropout0.3_lr0.0005.pt,2025-06-23 17:27:33,2025-06-23 17:27:33,7,0.002785477932358134,0.006551302492707258
models/powernet_lstm256_mlp132_mlp232_final64_dropout0.3_lr0.0005.pt,2025-06-23 17:27:41,2025-06-23 17:27:41,8,0.00276216934265558,0.006808713427744806
models/powernet_lstm256_mlp132_mlp232_final64_dropout0.3_lr0.0005.pt,2025-06-23 17:27:49,2025-06-23 17:27:49,9,0.0027493760359534446,0.00677568253151895
models/powernet_lstm256_mlp132_mlp232_final64_dropout0.3_lr0.0005.pt,2025-06-23 17:27:57,2025-06-23 17:27:57,10,0.002720003591563117,0.0069280673272996435
models/powernet_lstm256_mlp132_mlp232_final64_dropout0.3_lr0.0005.pt,2025-06-23 17:28:05,2025-06-23 17:28:05,11,0.0026768581725479233,0.006912066238111861
models/powernet_lstm256_mlp132_mlp232_final64_dropout0.3_lr0.0005.pt,2025-06-23 17:28:13,2025-06-23 17:28:13,12,0.0026845751618373953,0.007095665091626523
models/powernet_lstm256_mlp132_mlp232_final64_dropout0.3_lr0.0005.pt,2025-06-23 17:28:21,2025-06-23 17:28:21,13,0.0026742947100038728,0.006939350894840789
models/powernet_lstm256_mlp132_mlp232_final64_dropout0.3_lr0.0005.pt,2025-06-23 17:28:29,2025-06-23 17:28:29,14,0.0026579024432907983,0.0069984368400626065
models/powernet_lstm256_mlp132_mlp232_final64_dropout0.3_lr0.0005.pt,2025-06-23 17:28:36,2025-06-23 17:28:37,15,0.002643139603214779,0.006998400253775928
models/powernet_lstm256_mlp132_mlp232_final64_dropout0.3_lr0.0005.pt,2025-06-23 17:28:44,2025-06-23 17:28:45,16,0.002623159200690376,0.006964069015036027
models/powernet_lstm256_mlp132_mlp232_final64_dropout0.3_lr0.0005.pt,2025-06-23 17:28:53,2025-06-23 17:28:53,17,0.002604754094938217,0.007187351165893709
models/powernet_lstm256_mlp132_mlp232_final64_dropout0.3_lr0.0005.pt,2025-06-23 17:29:01,2025-06-23 17:29:02,18,0.0026052843839410814,0.007055688962628622
models/powernet_lstm256_mlp132_mlp232_final64_dropout0.3_lr0.0005.pt,2025-06-23 17:29:10,2025-06-23 17:29:10,19,0.002571512188296765,0.00714573098507355
models/powernet_lstm256_mlp132_mlp232_final64_dropout0.3_lr0.0005.pt,2025-06-23 17:29:18,2025-06-23 17:29:19,20,0.0025917940756275174,0.0069279306293797815
models/powernet_lstm256_mlp164_mlp216_final32_dropout0.2_lr0.001.pt,2025-06-23 17:29:27,2025-06-23 17:29:27,1,0.012169274382583637,0.034256927303171585
models/powernet_lstm256_mlp164_mlp216_final32_dropout0.2_lr0.001.pt,2025-06-23 17:29:35,2025-06-23 17:29:35,2,0.01031756551160584,0.02162305793968872
models/powernet_lstm256_mlp164_mlp216_final32_dropout0.2_lr0.001.pt,2025-06-23 17:29:43,2025-06-23 17:29:44,3,0.0044216231319270565,0.00800118919107176
models/powernet_lstm256_mlp164_mlp216_final32_dropout0.2_lr0.001.pt,2025-06-23 17:29:51,2025-06-23 17:29:52,4,0.002968203263825864,0.0073860754325453725
models/powernet_lstm256_mlp164_mlp216_final32_dropout0.2_lr0.001.pt,2025-06-23 17:29:59,2025-06-23 17:30:00,5,0.0026935783425478706,0.006490729987576958
models/powernet_lstm256_mlp164_mlp216_final32_dropout0.2_lr0.001.pt,2025-06-23 17:30:07,2025-06-23 17:30:08,6,0.0025877665981972058,0.0064552925427311236
models/powernet_lstm256_mlp164_mlp216_final32_dropout0.2_lr0.001.pt,2025-06-23 17:30:16,2025-06-23 17:30:16,7,0.002631814951582196,0.00677847885803896
models/powernet_lstm256_mlp164_mlp216_final32_dropout0.2_lr0.001.pt,2025-06-23 17:30:24,2025-06-23 17:30:24,8,0.002594758237649079,0.006676534484584062
models/powernet_lstm256_mlp164_mlp216_final32_dropout0.2_lr0.001.pt,2025-06-23 17:30:32,2025-06-23 17:30:33,9,0.0025697867797564973,0.006581679169487741
models/powernet_lstm256_mlp164_mlp216_final32_dropout0.2_lr0.001.pt,2025-06-23 17:30:41,2025-06-23 17:30:41,10,0.002508908067704729,0.006431550328021071
models/powernet_lstm256_mlp164_mlp216_final32_dropout0.2_lr0.001.pt,2025-06-23 17:30:49,2025-06-23 17:30:49,11,0.002475381579558243,0.0061961072940556776
models/powernet_lstm256_mlp164_mlp216_final32_dropout0.2_lr0.001.pt,2025-06-23 17:30:57,2025-06-23 17:30:58,12,0.0024750096342479643,0.006433905956024925
models/powernet_lstm256_mlp164_mlp216_final32_dropout0.2_lr0.001.pt,2025-06-23 17:31:05,2025-06-23 17:31:06,13,0.002442823215101939,0.006216469043422313
models/powernet_lstm256_mlp164_mlp216_final32_dropout0.2_lr0.001.pt,2025-06-23 17:31:13,2025-06-23 17:31:14,14,0.0024240446982339466,0.006309182075450995
models/powernet_lstm256_mlp164_mlp216_final32_dropout0.2_lr0.001.pt,2025-06-23 17:31:22,2025-06-23 17:31:22,15,0.002444487508623377,0.006240834215922015
models/powernet_lstm256_mlp164_mlp216_final32_dropout0.2_lr0.001.pt,2025-06-23 17:31:30,2025-06-23 17:31:30,16,0.002423950109846129,0.0060421735411399
models/powernet_lstm256_mlp164_mlp216_final32_dropout0.2_lr0.001.pt,2025-06-23 17:31:38,2025-06-23 17:31:38,17,0.002420584665096906,0.005884266918569449
models/powernet_lstm256_mlp164_mlp216_final32_dropout0.2_lr0.001.pt,2025-06-23 17:31:46,2025-06-23 17:31:46,18,0.0023893397338728014,0.005832744819123209
models/powernet_lstm256_mlp164_mlp216_final32_dropout0.2_lr0.001.pt,2025-06-23 17:31:54,2025-06-23 17:31:54,19,0.00239111672741391,0.005882024069294511
models/powernet_lstm256_mlp164_mlp216_final32_dropout0.2_lr0.001.pt,2025-06-23 17:32:02,2025-06-23 17:32:02,20,0.0023867632659065777,0.00617911962797821
models/powernet_lstm256_mlp164_mlp216_final32_dropout0.2_lr0.0005.pt,2025-06-23 17:32:10,2025-06-23 17:32:11,1,0.011132362317339781,0.03552276239774767
models/powernet_lstm256_mlp164_mlp216_final32_dropout0.2_lr0.0005.pt,2025-06-23 17:32:19,2025-06-23 17:32:19,2,0.010835991609164791,0.03386647862914417
models/powernet_lstm256_mlp164_mlp216_final32_dropout0.2_lr0.0005.pt,2025-06-23 17:32:27,2025-06-23 17:32:27,3,0.010330683755194752,0.02625437449508657
models/powernet_lstm256_mlp164_mlp216_final32_dropout0.2_lr0.0005.pt,2025-06-23 17:32:35,2025-06-23 17:32:35,4,0.006112623698523311,0.011919493387852396
models/powernet_lstm256_mlp164_mlp216_final32_dropout0.2_lr0.0005.pt,2025-06-23 17:32:43,2025-06-23 17:32:43,5,0.0034582857680957643,0.007521544497216209
models/powernet_lstm256_mlp164_mlp216_final32_dropout0.2_lr0.0005.pt,2025-06-23 17:32:51,2025-06-23 17:32:51,6,0.0028660623393210126,0.006596350992497589
models/powernet_lstm256_mlp164_mlp216_final32_dropout0.2_lr0.0005.pt,2025-06-23 17:32:59,2025-06-23 17:33:00,7,0.0027627215863520104,0.006315484616650446
models/powernet_lstm256_mlp164_mlp216_final32_dropout0.2_lr0.0005.pt,2025-06-23 17:33:07,2025-06-23 17:33:08,8,0.0027296944645189224,0.006258500825857655
models/powernet_lstm256_mlp164_mlp216_final32_dropout0.2_lr0.0005.pt,2025-06-23 17:33:15,2025-06-23 17:33:16,9,0.002688381585635088,0.006394042974404458
models/powernet_lstm256_mlp164_mlp216_final32_dropout0.2_lr0.0005.pt,2025-06-23 17:33:23,2025-06-23 17:33:24,10,0.0026761094002292233,0.0064521789900027215
models/powernet_lstm256_mlp164_mlp216_final32_dropout0.2_lr0.0005.pt,2025-06-23 17:33:31,2025-06-23 17:33:32,11,0.0026731801366472723,0.006299342562366898
models/powernet_lstm256_mlp164_mlp216_final32_dropout0.2_lr0.0005.pt,2025-06-23 17:33:39,2025-06-23 17:33:40,12,0.002675018750873226,0.006240598623186261
models/powernet_lstm256_mlp164_mlp216_final32_dropout0.2_lr0.0005.pt,2025-06-23 17:33:48,2025-06-23 17:33:48,13,0.0026453581569421333,0.006372762428197477
models/powernet_lstm256_mlp164_mlp216_final32_dropout0.2_lr0.0005.pt,2025-06-23 17:33:56,2025-06-23 17:33:56,14,0.0026095475326375667,0.006497864378616214
models/powernet_lstm256_mlp164_mlp216_final32_dropout0.2_lr0.0005.pt,2025-06-23 17:34:04,2025-06-23 17:34:05,15,0.002580944067334563,0.006564122907418225
models/powernet_lstm256_mlp164_mlp216_final32_dropout0.2_lr0.0005.pt,2025-06-23 17:34:12,2025-06-23 17:34:13,16,0.0026136304378696455,0.006339697197767063
models/powernet_lstm256_mlp164_mlp216_final32_dropout0.2_lr0.0005.pt,2025-06-23 17:34:21,2025-06-23 17:34:21,17,0.0025696961739775223,0.0065797178041456005
models/powernet_lstm256_mlp164_mlp216_final32_dropout0.2_lr0.0005.pt,2025-06-23 17:34:29,2025-06-23 17:34:29,18,0.0025703971503220255,0.006463894768828703
models/powernet_lstm256_mlp164_mlp216_final32_dropout0.2_lr0.0005.pt,2025-06-23 17:34:37,2025-06-23 17:34:38,19,0.0025657955240251705,0.006682277953673509
models/powernet_lstm256_mlp164_mlp216_final32_dropout0.2_lr0.0005.pt,2025-06-23 17:34:46,2025-06-23 17:34:46,20,0.002571959631081702,0.006612344850076451
models/powernet_lstm256_mlp164_mlp216_final32_dropout0.3_lr0.001.pt,2025-06-23 17:34:55,2025-06-23 17:34:55,1,0.009908794672810473,0.03460411735189458
models/powernet_lstm256_mlp164_mlp216_final32_dropout0.3_lr0.001.pt,2025-06-23 17:35:03,2025-06-23 17:35:03,2,0.005475498198422663,0.008546163560822606
models/powernet_lstm256_mlp164_mlp216_final32_dropout0.3_lr0.001.pt,2025-06-23 17:35:12,2025-06-23 17:35:12,3,0.0030454482662484825,0.007054847562574737
models/powernet_lstm256_mlp164_mlp216_final32_dropout0.3_lr0.001.pt,2025-06-23 17:35:20,2025-06-23 17:35:20,4,0.0028903154718566944,0.006679420510495436
models/powernet_lstm256_mlp164_mlp216_final32_dropout0.3_lr0.001.pt,2025-06-23 17:35:28,2025-06-23 17:35:29,5,0.0028617211761901083,0.007020788200731788
models/powernet_lstm256_mlp164_mlp216_final32_dropout0.3_lr0.001.pt,2025-06-23 17:35:36,2025-06-23 17:35:37,6,0.002797455161264981,0.007078649690984527
models/powernet_lstm256_mlp164_mlp216_final32_dropout0.3_lr0.001.pt,2025-06-23 17:35:45,2025-06-23 17:35:45,7,0.002816440285912441,0.007207230764574238
models/powernet_lstm256_mlp164_mlp216_final32_dropout0.3_lr0.001.pt,2025-06-23 17:35:53,2025-06-23 17:35:53,8,0.0027625312200225023,0.007338286046260258
models/powernet_lstm256_mlp164_mlp216_final32_dropout0.3_lr0.001.pt,2025-06-23 17:36:00,2025-06-23 17:36:01,9,0.002739587439558766,0.007130287357583819
models/powernet_lstm256_mlp164_mlp216_final32_dropout0.3_lr0.001.pt,2025-06-23 17:36:09,2025-06-23 17:36:09,10,0.002726834109497397,0.007259121724581789
models/powernet_lstm256_mlp164_mlp216_final32_dropout0.3_lr0.001.pt,2025-06-23 17:36:17,2025-06-23 17:36:17,11,0.002711715601367115,0.007182410054762538
models/powernet_lstm256_mlp164_mlp216_final32_dropout0.3_lr0.001.pt,2025-06-23 17:36:25,2025-06-23 17:36:25,12,0.0026623067143227153,0.007035684209161748
models/powernet_lstm256_mlp164_mlp216_final32_dropout0.3_lr0.001.pt,2025-06-23 17:36:33,2025-06-23 17:36:33,13,0.002615825618404643,0.006938462993795318
models/powernet_lstm256_mlp164_mlp216_final32_dropout0.3_lr0.001.pt,2025-06-23 17:36:41,2025-06-23 17:36:41,14,0.0026206442925934665,0.007154979402132865
models/powernet_lstm256_mlp164_mlp216_final32_dropout0.3_lr0.001.pt,2025-06-23 17:36:49,2025-06-23 17:36:49,15,0.002590311666859621,0.00690150794911287
models/powernet_lstm256_mlp164_mlp216_final32_dropout0.3_lr0.001.pt,2025-06-23 17:36:57,2025-06-23 17:36:57,16,0.002557952279841701,0.006931770775866296
models/powernet_lstm256_mlp164_mlp216_final32_dropout0.3_lr0.001.pt,2025-06-23 17:37:05,2025-06-23 17:37:05,17,0.002535395443618488,0.006888575283699625
models/powernet_lstm256_mlp164_mlp216_final32_dropout0.3_lr0.001.pt,2025-06-23 17:37:13,2025-06-23 17:37:13,18,0.002532689479410425,0.006653891435624766
models/powernet_lstm256_mlp164_mlp216_final32_dropout0.3_lr0.001.pt,2025-06-23 17:37:21,2025-06-23 17:37:21,19,0.002469478671530372,0.006530564716307535
models/powernet_lstm256_mlp164_mlp216_final32_dropout0.3_lr0.001.pt,2025-06-23 17:37:29,2025-06-23 17:37:29,20,0.002469921281436495,0.006411625051571589
models/powernet_lstm256_mlp164_mlp216_final32_dropout0.3_lr0.0005.pt,2025-06-23 17:37:37,2025-06-23 17:37:38,1,0.011037391053611166,0.034304507187612
models/powernet_lstm256_mlp164_mlp216_final32_dropout0.3_lr0.0005.pt,2025-06-23 17:37:46,2025-06-23 17:37:46,2,0.008780993286922481,0.026740832653428828
models/powernet_lstm256_mlp164_mlp216_final32_dropout0.3_lr0.0005.pt,2025-06-23 17:37:54,2025-06-23 17:37:54,3,0.005879289863514714,0.013985091448938917
models/powernet_lstm256_mlp164_mlp216_final32_dropout0.3_lr0.0005.pt,2025-06-23 17:38:02,2025-06-23 17:38:02,4,0.003740430086290741,0.008571104994708938
models/powernet_lstm256_mlp164_mlp216_final32_dropout0.3_lr0.0005.pt,2025-06-23 17:38:10,2025-06-23 17:38:10,5,0.0030719088803034603,0.0074592397764458186
models/powernet_lstm256_mlp164_mlp216_final32_dropout0.3_lr0.0005.pt,2025-06-23 17:38:18,2025-06-23 17:38:18,6,0.0029533144571558877,0.007089470463272717
models/powernet_lstm256_mlp164_mlp216_final32_dropout0.3_lr0.0005.pt,2025-06-23 17:38:26,2025-06-23 17:38:27,7,0.0028942135188417296,0.0068188668436570355
models/powernet_lstm256_mlp164_mlp216_final32_dropout0.3_lr0.0005.pt,2025-06-23 17:38:34,2025-06-23 17:38:35,8,0.002830934955523179,0.0068419940098898395
models/powernet_lstm256_mlp164_mlp216_final32_dropout0.3_lr0.0005.pt,2025-06-23 17:38:42,2025-06-23 17:38:43,9,0.002828068845818991,0.0066573751793753
models/powernet_lstm256_mlp164_mlp216_final32_dropout0.3_lr0.0005.pt,2025-06-23 17:38:50,2025-06-23 17:38:51,10,0.002822689684664941,0.006652465076296635
models/powernet_lstm256_mlp164_mlp216_final32_dropout0.3_lr0.0005.pt,2025-06-23 17:38:58,2025-06-23 17:38:59,11,0.0027546615004026263,0.006664005095704592
models/powernet_lstm256_mlp164_mlp216_final32_dropout0.3_lr0.0005.pt,2025-06-23 17:39:07,2025-06-23 17:39:07,12,0.002722346007802664,0.0067590647584958264
models/powernet_lstm256_mlp164_mlp216_final32_dropout0.3_lr0.0005.pt,2025-06-23 17:39:15,2025-06-23 17:39:15,13,0.0027121542743803588,0.0066958992254166376
models/powernet_lstm256_mlp164_mlp216_final32_dropout0.3_lr0.0005.pt,2025-06-23 17:39:23,2025-06-23 17:39:23,14,0.002674407425201348,0.006756443605159542
models/powernet_lstm256_mlp164_mlp216_final32_dropout0.3_lr0.0005.pt,2025-06-23 17:39:31,2025-06-23 17:39:31,15,0.002687327835607045,0.006494742148788646
models/powernet_lstm256_mlp164_mlp216_final32_dropout0.3_lr0.0005.pt,2025-06-23 17:39:39,2025-06-23 17:39:39,16,0.00264721806294107,0.006530504158165838
models/powernet_lstm256_mlp164_mlp216_final32_dropout0.3_lr0.0005.pt,2025-06-23 17:39:47,2025-06-23 17:39:48,17,0.0026188612280089716,0.006592493227106475
models/powernet_lstm256_mlp164_mlp216_final32_dropout0.3_lr0.0005.pt,2025-06-23 17:39:55,2025-06-23 17:39:56,18,0.002600334979388045,0.006600629197367068
models/powernet_lstm256_mlp164_mlp216_final32_dropout0.3_lr0.0005.pt,2025-06-23 17:40:04,2025-06-23 17:40:04,19,0.002582027477712544,0.006522161230566867
models/powernet_lstm256_mlp164_mlp216_final32_dropout0.3_lr0.0005.pt,2025-06-23 17:40:12,2025-06-23 17:40:12,20,0.0025671543811911493,0.0066705269508972945
models/powernet_lstm256_mlp164_mlp216_final64_dropout0.2_lr0.001.pt,2025-06-23 17:40:20,2025-06-23 17:40:20,1,0.009669673698943853,0.03131007199131307
models/powernet_lstm256_mlp164_mlp216_final64_dropout0.2_lr0.001.pt,2025-06-23 17:40:28,2025-06-23 17:40:28,2,0.004943491925398225,0.008341117520883148
models/powernet_lstm256_mlp164_mlp216_final64_dropout0.2_lr0.001.pt,2025-06-23 17:40:36,2025-06-23 17:40:36,3,0.003059245530679892,0.007222020733890878
models/powernet_lstm256_mlp164_mlp216_final64_dropout0.2_lr0.001.pt,2025-06-23 17:40:44,2025-06-23 17:40:44,4,0.0029127200343354027,0.007144492948316925
models/powernet_lstm256_mlp164_mlp216_final64_dropout0.2_lr0.001.pt,2025-06-23 17:40:52,2025-06-23 17:40:53,5,0.0028532448633220115,0.007183615924857024
models/powernet_lstm256_mlp164_mlp216_final64_dropout0.2_lr0.001.pt,2025-06-23 17:41:01,2025-06-23 17:41:01,6,0.0028114565276256246,0.007086804837897597
models/powernet_lstm256_mlp164_mlp216_final64_dropout0.2_lr0.001.pt,2025-06-23 17:41:09,2025-06-23 17:41:10,7,0.002771253911054386,0.007313102212113638
models/powernet_lstm256_mlp164_mlp216_final64_dropout0.2_lr0.001.pt,2025-06-23 17:41:18,2025-06-23 17:41:18,8,0.0027113511741030326,0.007359558511303649
models/powernet_lstm256_mlp164_mlp216_final64_dropout0.2_lr0.001.pt,2025-06-23 17:41:26,2025-06-23 17:41:26,9,0.0026836429201971945,0.007076104529135462
models/powernet_lstm256_mlp164_mlp216_final64_dropout0.2_lr0.001.pt,2025-06-23 17:41:34,2025-06-23 17:41:34,10,0.0026819702903059977,0.007018695657496296
models/powernet_lstm256_mlp164_mlp216_final64_dropout0.2_lr0.001.pt,2025-06-23 17:41:42,2025-06-23 17:41:43,11,0.002663050906308743,0.006690563793416091
models/powernet_lstm256_mlp164_mlp216_final64_dropout0.2_lr0.001.pt,2025-06-23 17:41:51,2025-06-23 17:41:51,12,0.0026251052734560976,0.006826009103817688
models/powernet_lstm256_mlp164_mlp216_final64_dropout0.2_lr0.001.pt,2025-06-23 17:41:59,2025-06-23 17:42:00,13,0.002605333300490987,0.0069275600586219555
models/powernet_lstm256_mlp164_mlp216_final64_dropout0.2_lr0.001.pt,2025-06-23 17:42:08,2025-06-23 17:42:09,14,0.0026159721977343634,0.006840998401111435
models/powernet_lstm256_mlp164_mlp216_final64_dropout0.2_lr0.001.pt,2025-06-23 17:42:16,2025-06-23 17:42:17,15,0.0025870259172127894,0.006656393286816421
models/powernet_lstm256_mlp164_mlp216_final64_dropout0.2_lr0.001.pt,2025-06-23 17:42:24,2025-06-23 17:42:25,16,0.0025925539567166153,0.006544569293813159
models/powernet_lstm256_mlp164_mlp216_final64_dropout0.2_lr0.001.pt,2025-06-23 17:42:33,2025-06-23 17:42:33,17,0.0025387932967868595,0.006512547725357027
models/powernet_lstm256_mlp164_mlp216_final64_dropout0.2_lr0.001.pt,2025-06-23 17:42:41,2025-06-23 17:42:42,18,0.0025195613739781306,0.006530733016829583
models/powernet_lstm256_mlp164_mlp216_final64_dropout0.2_lr0.001.pt,2025-06-23 17:42:49,2025-06-23 17:42:50,19,0.0025150557399116536,0.006640397328218179
models/powernet_lstm256_mlp164_mlp216_final64_dropout0.2_lr0.001.pt,2025-06-23 17:42:57,2025-06-23 17:42:58,20,0.0025199784693958264,0.006404914923699661
models/powernet_lstm256_mlp164_mlp216_final64_dropout0.2_lr0.0005.pt,2025-06-23 17:43:07,2025-06-23 17:43:07,1,0.010464427381051675,0.037982626673987226
models/powernet_lstm256_mlp164_mlp216_final64_dropout0.2_lr0.0005.pt,2025-06-23 17:43:15,2025-06-23 17:43:15,2,0.011488391759863381,0.03697428557400902
models/powernet_lstm256_mlp164_mlp216_final64_dropout0.2_lr0.0005.pt,2025-06-23 17:43:23,2025-06-23 17:43:23,3,0.01127061919080958,0.02968029901828794
models/powernet_lstm256_mlp164_mlp216_final64_dropout0.2_lr0.0005.pt,2025-06-23 17:43:31,2025-06-23 17:43:32,4,0.008080957945251394,0.018948914876784243
models/powernet_lstm256_mlp164_mlp216_final64_dropout0.2_lr0.0005.pt,2025-06-23 17:43:39,2025-06-23 17:43:40,5,0.004664446239509473,0.010900738360803752
models/powernet_lstm256_mlp164_mlp216_final64_dropout0.2_lr0.0005.pt,2025-06-23 17:43:47,2025-06-23 17:43:48,6,0.003207222260843535,0.0076718122637387184
models/powernet_lstm256_mlp164_mlp216_final64_dropout0.2_lr0.0005.pt,2025-06-23 17:43:56,2025-06-23 17:43:56,7,0.002905493843488939,0.0070249120250255575
models/powernet_lstm256_mlp164_mlp216_final64_dropout0.2_lr0.0005.pt,2025-06-23 17:44:04,2025-06-23 17:44:04,8,0.0028149392050553254,0.006678780463213722
models/powernet_lstm256_mlp164_mlp216_final64_dropout0.2_lr0.0005.pt,2025-06-23 17:44:12,2025-06-23 17:44:12,9,0.0027627535993137355,0.0065476944437250495
models/powernet_lstm256_mlp164_mlp216_final64_dropout0.2_lr0.0005.pt,2025-06-23 17:44:20,2025-06-23 17:44:20,10,0.0027241337303822027,0.006362561039471378
models/powernet_lstm256_mlp164_mlp216_final64_dropout0.2_lr0.0005.pt,2025-06-23 17:44:28,2025-06-23 17:44:29,11,0.002661395830147746,0.00643558980387059
models/powernet_lstm256_mlp164_mlp216_final64_dropout0.2_lr0.0005.pt,2025-06-23 17:44:36,2025-06-23 17:44:37,12,0.002655710669625158,0.006276633510077815
models/powernet_lstm256_mlp164_mlp216_final64_dropout0.2_lr0.0005.pt,2025-06-23 17:44:45,2025-06-23 17:44:45,13,0.0025996376955789917,0.006297735913124468
models/powernet_lstm256_mlp164_mlp216_final64_dropout0.2_lr0.0005.pt,2025-06-23 17:44:53,2025-06-23 17:44:53,14,0.0025840482083491407,0.006026925117198732
models/powernet_lstm256_mlp164_mlp216_final64_dropout0.2_lr0.0005.pt,2025-06-23 17:45:01,2025-06-23 17:45:01,15,0.002543131449392506,0.006051658343667874
models/powernet_lstm256_mlp164_mlp216_final64_dropout0.2_lr0.0005.pt,2025-06-23 17:45:09,2025-06-23 17:45:10,16,0.0025179954760219305,0.0059523959671856745
models/powernet_lstm256_mlp164_mlp216_final64_dropout0.2_lr0.0005.pt,2025-06-23 17:45:17,2025-06-23 17:45:18,17,0.0024883510862743334,0.006129638742311813
models/powernet_lstm256_mlp164_mlp216_final64_dropout0.2_lr0.0005.pt,2025-06-23 17:45:25,2025-06-23 17:45:25,18,0.002473971955089097,0.0060692001494490316
models/powernet_lstm256_mlp164_mlp216_final64_dropout0.2_lr0.0005.pt,2025-06-23 17:45:33,2025-06-23 17:45:34,19,0.0024558241923688493,0.006113350952676099
models/powernet_lstm256_mlp164_mlp216_final64_dropout0.2_lr0.0005.pt,2025-06-23 17:45:42,2025-06-23 17:45:42,20,0.0024427125059563906,0.0059455811750099416
models/powernet_lstm256_mlp164_mlp216_final64_dropout0.3_lr0.001.pt,2025-06-23 17:45:50,2025-06-23 17:45:51,1,0.009654459948893503,0.0278093527137701
models/powernet_lstm256_mlp164_mlp216_final64_dropout0.3_lr0.001.pt,2025-06-23 17:45:59,2025-06-23 17:45:59,2,0.004684030521532945,0.009581815745193688
models/powernet_lstm256_mlp164_mlp216_final64_dropout0.3_lr0.001.pt,2025-06-23 17:46:07,2025-06-23 17:46:07,3,0.0031097816436060815,0.007764075721968852
models/powernet_lstm256_mlp164_mlp216_final64_dropout0.3_lr0.001.pt,2025-06-23 17:46:15,2025-06-23 17:46:15,4,0.0030228962195873606,0.008193159054609992
models/powernet_lstm256_mlp164_mlp216_final64_dropout0.3_lr0.001.pt,2025-06-23 17:46:23,2025-06-23 17:46:23,5,0.0029945746898182956,0.008107462942245462
models/powernet_lstm256_mlp164_mlp216_final64_dropout0.3_lr0.001.pt,2025-06-23 17:46:31,2025-06-23 17:46:32,6,0.0029156044916054534,0.008021279354579747
models/powernet_lstm256_mlp164_mlp216_final64_dropout0.3_lr0.001.pt,2025-06-23 17:46:39,2025-06-23 17:46:39,7,0.0029097868521417423,0.008034622521206205
models/powernet_lstm256_mlp164_mlp216_final64_dropout0.3_lr0.001.pt,2025-06-23 17:46:47,2025-06-23 17:46:48,8,0.0028679967111733483,0.008274261063585678
models/powernet_lstm256_mlp164_mlp216_final64_dropout0.3_lr0.001.pt,2025-06-23 17:46:56,2025-06-23 17:46:56,9,0.002799424483636094,0.007770125662708389
models/powernet_lstm256_mlp164_mlp216_final64_dropout0.3_lr0.001.pt,2025-06-23 17:47:04,2025-06-23 17:47:05,10,0.0027956574690327094,0.0075494876585989485
models/powernet_lstm256_mlp164_mlp216_final64_dropout0.3_lr0.001.pt,2025-06-23 17:47:13,2025-06-23 17:47:13,11,0.002750954427798095,0.007467659777917322
models/powernet_lstm256_mlp164_mlp216_final64_dropout0.3_lr0.001.pt,2025-06-23 17:47:21,2025-06-23 17:47:21,12,0.0027102443166778134,0.007203682389531639
models/powernet_lstm256_mlp164_mlp216_final64_dropout0.3_lr0.001.pt,2025-06-23 17:47:29,2025-06-23 17:47:30,13,0.0027268268357303936,0.007364792383408972
models/powernet_lstm256_mlp164_mlp216_final64_dropout0.3_lr0.001.pt,2025-06-23 17:47:37,2025-06-23 17:47:37,14,0.0026736442937672564,0.006983615546709015
models/powernet_lstm256_mlp164_mlp216_final64_dropout0.3_lr0.001.pt,2025-06-23 17:47:45,2025-06-23 17:47:46,15,0.002644782220276313,0.007176499939911689
models/powernet_lstm256_mlp164_mlp216_final64_dropout0.3_lr0.001.pt,2025-06-23 17:47:54,2025-06-23 17:47:54,16,0.0026271976112249543,0.006860247131304017
models/powernet_lstm256_mlp164_mlp216_final64_dropout0.3_lr0.001.pt,2025-06-23 17:48:02,2025-06-23 17:48:02,17,0.002622411427316323,0.006940173985813523
models/powernet_lstm256_mlp164_mlp216_final64_dropout0.3_lr0.001.pt,2025-06-23 17:48:10,2025-06-23 17:48:11,18,0.0025947033070377492,0.006714611045373161
models/powernet_lstm256_mlp164_mlp216_final64_dropout0.3_lr0.001.pt,2025-06-23 17:48:18,2025-06-23 17:48:19,19,0.0026040847055598558,0.006541495469199228
models/powernet_lstm256_mlp164_mlp216_final64_dropout0.3_lr0.001.pt,2025-06-23 17:48:26,2025-06-23 17:48:27,20,0.0025724653648229244,0.006632939558975133
models/powernet_lstm256_mlp164_mlp216_final64_dropout0.3_lr0.0005.pt,2025-06-23 17:48:35,2025-06-23 17:48:35,1,0.011255299515490617,0.03664272592314297
models/powernet_lstm256_mlp164_mlp216_final64_dropout0.3_lr0.0005.pt,2025-06-23 17:48:43,2025-06-23 17:48:44,2,0.012017232311349596,0.03598301950842142
models/powernet_lstm256_mlp164_mlp216_final64_dropout0.3_lr0.0005.pt,2025-06-23 17:48:51,2025-06-23 17:48:52,3,0.009693831887013131,0.020017822821890668
models/powernet_lstm256_mlp164_mlp216_final64_dropout0.3_lr0.0005.pt,2025-06-23 17:48:59,2025-06-23 17:49:00,4,0.0045903736269489554,0.008679185669669616
models/powernet_lstm256_mlp164_mlp216_final64_dropout0.3_lr0.0005.pt,2025-06-23 17:49:07,2025-06-23 17:49:08,5,0.003062765778129583,0.006983063089483906
models/powernet_lstm256_mlp164_mlp216_final64_dropout0.3_lr0.0005.pt,2025-06-23 17:49:16,2025-06-23 17:49:16,6,0.0028882781146920378,0.006674872406403578
models/powernet_lstm256_mlp164_mlp216_final64_dropout0.3_lr0.0005.pt,2025-06-23 17:49:24,2025-06-23 17:49:24,7,0.002822963742918575,0.0064993926969778145
models/powernet_lstm256_mlp164_mlp216_final64_dropout0.3_lr0.0005.pt,2025-06-23 17:49:32,2025-06-23 17:49:33,8,0.002791975365011155,0.0065208249171042725
models/powernet_lstm256_mlp164_mlp216_final64_dropout0.3_lr0.0005.pt,2025-06-23 17:49:40,2025-06-23 17:49:41,9,0.0027435492848001896,0.0065128714417196105
models/powernet_lstm256_mlp164_mlp216_final64_dropout0.3_lr0.0005.pt,2025-06-23 17:49:48,2025-06-23 17:49:49,10,0.0026779866642898656,0.006409614461950869
models/powernet_lstm256_mlp164_mlp216_final64_dropout0.3_lr0.0005.pt,2025-06-23 17:49:57,2025-06-23 17:49:57,11,0.002645861728915504,0.006465698775303151
models/powernet_lstm256_mlp164_mlp216_final64_dropout0.3_lr0.0005.pt,2025-06-23 17:50:05,2025-06-23 17:50:06,12,0.002655921474693336,0.006367342610333469
models/powernet_lstm256_mlp164_mlp216_final64_dropout0.3_lr0.0005.pt,2025-06-23 17:50:13,2025-06-23 17:50:14,13,0.0026140326677235744,0.0066998915586044035
models/powernet_lstm256_mlp164_mlp216_final64_dropout0.3_lr0.0005.pt,2025-06-23 17:50:22,2025-06-23 17:50:22,14,0.002576896612602119,0.006594165408473816
models/powernet_lstm256_mlp164_mlp216_final64_dropout0.3_lr0.0005.pt,2025-06-23 17:50:30,2025-06-23 17:50:30,15,0.002592985379485844,0.0066558124270245786
models/powernet_lstm256_mlp164_mlp216_final64_dropout0.3_lr0.0005.pt,2025-06-23 17:50:38,2025-06-23 17:50:38,16,0.0025729525657873483,0.006514774990223703
models/powernet_lstm256_mlp164_mlp216_final64_dropout0.3_lr0.0005.pt,2025-06-23 17:50:46,2025-06-23 17:50:47,17,0.002565735016301054,0.006576692339010714
models/powernet_lstm256_mlp164_mlp216_final64_dropout0.3_lr0.0005.pt,2025-06-23 17:50:54,2025-06-23 17:50:55,18,0.002537509713470677,0.006495448627642223
models/powernet_lstm256_mlp164_mlp216_final64_dropout0.3_lr0.0005.pt,2025-06-23 17:51:02,2025-06-23 17:51:03,19,0.002552385506868791,0.006573708040551061
models/powernet_lstm256_mlp164_mlp216_final64_dropout0.3_lr0.0005.pt,2025-06-23 17:51:10,2025-06-23 17:51:11,20,0.0025112597335379913,0.006458430616129633
models/powernet_lstm256_mlp164_mlp232_final32_dropout0.2_lr0.001.pt,2025-06-23 17:51:19,2025-06-23 17:51:19,1,0.010214114485787958,0.035572604376024435
models/powernet_lstm256_mlp164_mlp232_final32_dropout0.2_lr0.001.pt,2025-06-23 17:51:27,2025-06-23 17:51:27,2,0.010394183938810017,0.029564586124338564
models/powernet_lstm256_mlp164_mlp232_final32_dropout0.2_lr0.001.pt,2025-06-23 17:51:35,2025-06-23 17:51:35,3,0.005526617497763193,0.010175259365323222
models/powernet_lstm256_mlp164_mlp232_final32_dropout0.2_lr0.001.pt,2025-06-23 17:51:43,2025-06-23 17:51:43,4,0.003162819350487344,0.007281002685582886
models/powernet_lstm256_mlp164_mlp232_final32_dropout0.2_lr0.001.pt,2025-06-23 17:51:51,2025-06-23 17:51:51,5,0.0028565691707457173,0.0072543472079338416
models/powernet_lstm256_mlp164_mlp232_final32_dropout0.2_lr0.001.pt,2025-06-23 17:51:59,2025-06-23 17:52:00,6,0.002780077301809067,0.007373732913817678
models/powernet_lstm256_mlp164_mlp232_final32_dropout0.2_lr0.001.pt,2025-06-23 17:52:07,2025-06-23 17:52:08,7,0.0027164012985898592,0.007601647016902764
models/powernet_lstm256_mlp164_mlp232_final32_dropout0.2_lr0.001.pt,2025-06-23 17:52:16,2025-06-23 17:52:16,8,0.0026887056403054844,0.0076686607707025746
models/powernet_lstm256_mlp164_mlp232_final32_dropout0.2_lr0.001.pt,2025-06-23 17:52:24,2025-06-23 17:52:24,9,0.0026605319822744105,0.007853134230355777
models/powernet_lstm256_mlp164_mlp232_final32_dropout0.2_lr0.001.pt,2025-06-23 17:52:32,2025-06-23 17:52:32,10,0.002637762843778709,0.007807449373926613
models/powernet_lstm256_mlp164_mlp232_final32_dropout0.2_lr0.001.pt,2025-06-23 17:52:40,2025-06-23 17:52:40,11,0.0026040115191536123,0.00784160633061436
models/powernet_lstm256_mlp164_mlp232_final32_dropout0.2_lr0.001.pt,2025-06-23 17:52:48,2025-06-23 17:52:48,12,0.002596287129172099,0.00763473035545931
models/powernet_lstm256_mlp164_mlp232_final32_dropout0.2_lr0.001.pt,2025-06-23 17:52:56,2025-06-23 17:52:57,13,0.0025731727215302876,0.0074597152138483665
models/powernet_lstm256_mlp164_mlp232_final32_dropout0.2_lr0.001.pt,2025-06-23 17:53:05,2025-06-23 17:53:05,14,0.002588969792874019,0.0074594538392765185
models/powernet_lstm256_mlp164_mlp232_final32_dropout0.2_lr0.001.pt,2025-06-23 17:53:13,2025-06-23 17:53:14,15,0.0025524025649993555,0.00748976745221409
models/powernet_lstm256_mlp164_mlp232_final32_dropout0.2_lr0.001.pt,2025-06-23 17:53:21,2025-06-23 17:53:22,16,0.002543232170578074,0.007311318463291086
models/powernet_lstm256_mlp164_mlp232_final32_dropout0.2_lr0.001.pt,2025-06-23 17:53:30,2025-06-23 17:53:30,17,0.002521563073030613,0.007157656336424961
models/powernet_lstm256_mlp164_mlp232_final32_dropout0.2_lr0.001.pt,2025-06-23 17:53:37,2025-06-23 17:53:38,18,0.0025071125140041866,0.007047152141153458
models/powernet_lstm256_mlp164_mlp232_final32_dropout0.2_lr0.001.pt,2025-06-23 17:53:45,2025-06-23 17:53:46,19,0.002498702037912388,0.007030514520703859
models/powernet_lstm256_mlp164_mlp232_final32_dropout0.2_lr0.001.pt,2025-06-23 17:53:53,2025-06-23 17:53:54,20,0.0024820742399757644,0.0069045516207725515
models/powernet_lstm256_mlp164_mlp232_final32_dropout0.2_lr0.0005.pt,2025-06-23 17:54:02,2025-06-23 17:54:03,1,0.011780602075213793,0.03859184850894269
models/powernet_lstm256_mlp164_mlp232_final32_dropout0.2_lr0.0005.pt,2025-06-23 17:54:10,2025-06-23 17:54:11,2,0.009422624754714429,0.03357865518358137
models/powernet_lstm256_mlp164_mlp232_final32_dropout0.2_lr0.0005.pt,2025-06-23 17:54:18,2025-06-23 17:54:19,3,0.008533365304878492,0.025946583055580657
models/powernet_lstm256_mlp164_mlp232_final32_dropout0.2_lr0.0005.pt,2025-06-23 17:54:27,2025-06-23 17:54:27,4,0.005669804286964048,0.013100662440549405
models/powernet_lstm256_mlp164_mlp232_final32_dropout0.2_lr0.0005.pt,2025-06-23 17:54:35,2025-06-23 17:54:35,5,0.0037694442678221224,0.008331915092033645
models/powernet_lstm256_mlp164_mlp232_final32_dropout0.2_lr0.0005.pt,2025-06-23 17:54:43,2025-06-23 17:54:43,6,0.0031240901681423476,0.007170037525827952
models/powernet_lstm256_mlp164_mlp232_final32_dropout0.2_lr0.0005.pt,2025-06-23 17:54:51,2025-06-23 17:54:52,7,0.002946340670426523,0.006630849763972773
models/powernet_lstm256_mlp164_mlp232_final32_dropout0.2_lr0.0005.pt,2025-06-23 17:54:59,2025-06-23 17:55:00,8,0.002847965690307319,0.006654755280275519
models/powernet_lstm256_mlp164_mlp232_final32_dropout0.2_lr0.0005.pt,2025-06-23 17:55:07,2025-06-23 17:55:08,9,0.002833317723467372,0.006754243383294947
models/powernet_lstm256_mlp164_mlp232_final32_dropout0.2_lr0.0005.pt,2025-06-23 17:55:15,2025-06-23 17:55:16,10,0.002776917243834525,0.006509969102418316
models/powernet_lstm256_mlp164_mlp232_final32_dropout0.2_lr0.0005.pt,2025-06-23 17:55:24,2025-06-23 17:55:24,11,0.0027556805585343706,0.006646391600259535
models/powernet_lstm256_mlp164_mlp232_final32_dropout0.2_lr0.0005.pt,2025-06-23 17:55:32,2025-06-23 17:55:32,12,0.0027255810495536094,0.00668223827960901
models/powernet_lstm256_mlp164_mlp232_final32_dropout0.2_lr0.0005.pt,2025-06-23 17:55:40,2025-06-23 17:55:40,13,0.00269477245685566,0.006538642943182606
models/powernet_lstm256_mlp164_mlp232_final32_dropout0.2_lr0.0005.pt,2025-06-23 17:55:48,2025-06-23 17:55:48,14,0.002666478204104038,0.006654330498782829
models/powernet_lstm256_mlp164_mlp232_final32_dropout0.2_lr0.0005.pt,2025-06-23 17:55:56,2025-06-23 17:55:57,15,0.0026359925976842573,0.006759255345622521
models/powernet_lstm256_mlp164_mlp232_final32_dropout0.2_lr0.0005.pt,2025-06-23 17:56:04,2025-06-23 17:56:05,16,0.0026073998920360785,0.006691334670731088
models/powernet_lstm256_mlp164_mlp232_final32_dropout0.2_lr0.0005.pt,2025-06-23 17:56:12,2025-06-23 17:56:13,17,0.00258094590030215,0.006632410688325763
models/powernet_lstm256_mlp164_mlp232_final32_dropout0.2_lr0.0005.pt,2025-06-23 17:56:21,2025-06-23 17:56:21,18,0.002594671120444032,0.006940249819308519
models/powernet_lstm256_mlp164_mlp232_final32_dropout0.2_lr0.0005.pt,2025-06-23 17:56:29,2025-06-23 17:56:30,19,0.002557760675478014,0.0069044385814950576
models/powernet_lstm256_mlp164_mlp232_final32_dropout0.2_lr0.0005.pt,2025-06-23 17:56:38,2025-06-23 17:56:38,20,0.0025673385282198556,0.0067553209429163305
models/powernet_lstm256_mlp164_mlp232_final32_dropout0.3_lr0.001.pt,2025-06-23 17:56:46,2025-06-23 17:56:46,1,0.010179395402235473,0.0353826390845435
models/powernet_lstm256_mlp164_mlp232_final32_dropout0.3_lr0.001.pt,2025-06-23 17:56:54,2025-06-23 17:56:54,2,0.0053639889919131455,0.00883018355705731
models/powernet_lstm256_mlp164_mlp232_final32_dropout0.3_lr0.001.pt,2025-06-23 17:57:02,2025-06-23 17:57:02,3,0.0030817707142968727,0.007177029470247882
models/powernet_lstm256_mlp164_mlp232_final32_dropout0.3_lr0.001.pt,2025-06-23 17:57:10,2025-06-23 17:57:10,4,0.002926317859474631,0.006995276880583593
models/powernet_lstm256_mlp164_mlp232_final32_dropout0.3_lr0.001.pt,2025-06-23 17:57:18,2025-06-23 17:57:18,5,0.002865317363904724,0.006786377896787599
models/powernet_lstm256_mlp164_mlp232_final32_dropout0.3_lr0.001.pt,2025-06-23 17:57:26,2025-06-23 17:57:26,6,0.0028623117212315447,0.006971655851451769
models/powernet_lstm256_mlp164_mlp232_final32_dropout0.3_lr0.001.pt,2025-06-23 17:57:33,2025-06-23 17:57:34,7,0.0028075039214160422,0.007010542194447702
models/powernet_lstm256_mlp164_mlp232_final32_dropout0.3_lr0.001.pt,2025-06-23 17:57:41,2025-06-23 17:57:42,8,0.0028108651388599705,0.006771331644683544
models/powernet_lstm256_mlp164_mlp232_final32_dropout0.3_lr0.001.pt,2025-06-23 17:57:49,2025-06-23 17:57:50,9,0.0027748700607368574,0.007087270927426982
models/powernet_lstm256_mlp164_mlp232_final32_dropout0.3_lr0.001.pt,2025-06-23 17:57:57,2025-06-23 17:57:58,10,0.0027443790501582364,0.007141134672565386
models/powernet_lstm256_mlp164_mlp232_final32_dropout0.3_lr0.001.pt,2025-06-23 17:58:05,2025-06-23 17:58:06,11,0.002694645798602392,0.007243575963435606
models/powernet_lstm256_mlp164_mlp232_final32_dropout0.3_lr0.001.pt,2025-06-23 17:58:13,2025-06-23 17:58:14,12,0.0026927770157786934,0.0072237940815587836
models/powernet_lstm256_mlp164_mlp232_final32_dropout0.3_lr0.001.pt,2025-06-23 17:58:22,2025-06-23 17:58:22,13,0.0026626631838536996,0.007147303904362377
models/powernet_lstm256_mlp164_mlp232_final32_dropout0.3_lr0.001.pt,2025-06-23 17:58:30,2025-06-23 17:58:30,14,0.0026586125088710836,0.007531714254236292
models/powernet_lstm256_mlp164_mlp232_final32_dropout0.3_lr0.001.pt,2025-06-23 17:58:38,2025-06-23 17:58:38,15,0.0026323898573830393,0.007160229095634783
models/powernet_lstm256_mlp164_mlp232_final32_dropout0.3_lr0.001.pt,2025-06-23 17:58:46,2025-06-23 17:58:46,16,0.0025961997001701016,0.007013299804557825
models/powernet_lstm256_mlp164_mlp232_final32_dropout0.3_lr0.001.pt,2025-06-23 17:58:54,2025-06-23 17:58:55,17,0.002569939052927271,0.007139272713435015
models/powernet_lstm256_mlp164_mlp232_final32_dropout0.3_lr0.001.pt,2025-06-23 17:59:03,2025-06-23 17:59:03,18,0.0025672655431411852,0.006862420024671813
models/powernet_lstm256_mlp164_mlp232_final32_dropout0.3_lr0.001.pt,2025-06-23 17:59:11,2025-06-23 17:59:11,19,0.0025746436891808193,0.006879737146110052
models/powernet_lstm256_mlp164_mlp232_final32_dropout0.3_lr0.001.pt,2025-06-23 17:59:19,2025-06-23 17:59:19,20,0.0025278861071863527,0.006740665243428555
models/powernet_lstm256_mlp164_mlp232_final32_dropout0.3_lr0.0005.pt,2025-06-23 17:59:28,2025-06-23 17:59:28,1,0.010061537259630524,0.03733584104061481
models/powernet_lstm256_mlp164_mlp232_final32_dropout0.3_lr0.0005.pt,2025-06-23 17:59:36,2025-06-23 17:59:37,2,0.011909790576279571,0.03681056312329713
models/powernet_lstm256_mlp164_mlp232_final32_dropout0.3_lr0.0005.pt,2025-06-23 17:59:44,2025-06-23 17:59:45,3,0.011771693306859904,0.03427075015913163
models/powernet_lstm256_mlp164_mlp232_final32_dropout0.3_lr0.0005.pt,2025-06-23 17:59:53,2025-06-23 17:59:53,4,0.01013517165153895,0.024305273606885402
models/powernet_lstm256_mlp164_mlp232_final32_dropout0.3_lr0.0005.pt,2025-06-23 18:00:01,2025-06-23 18:00:01,5,0.005819736726416815,0.014156975190243906
models/powernet_lstm256_mlp164_mlp232_final32_dropout0.3_lr0.0005.pt,2025-06-23 18:00:09,2025-06-23 18:00:09,6,0.003613416915774048,0.008775683031195686
models/powernet_lstm256_mlp164_mlp232_final32_dropout0.3_lr0.0005.pt,2025-06-23 18:00:17,2025-06-23 18:00:18,7,0.0029673992866522127,0.007438153372190538
models/powernet_lstm256_mlp164_mlp232_final32_dropout0.3_lr0.0005.pt,2025-06-23 18:00:25,2025-06-23 18:00:26,8,0.002856817359605881,0.007023923584104826
models/powernet_lstm256_mlp164_mlp232_final32_dropout0.3_lr0.0005.pt,2025-06-23 18:00:33,2025-06-23 18:00:33,9,0.0027893356605498435,0.0067346879375344585
models/powernet_lstm256_mlp164_mlp232_final32_dropout0.3_lr0.0005.pt,2025-06-23 18:00:41,2025-06-23 18:00:42,10,0.002698237290403532,0.006577812778275637
models/powernet_lstm256_mlp164_mlp232_final32_dropout0.3_lr0.0005.pt,2025-06-23 18:00:49,2025-06-23 18:00:49,11,0.002622379661632842,0.006167527076156277
models/powernet_lstm256_mlp164_mlp232_final32_dropout0.3_lr0.0005.pt,2025-06-23 18:00:57,2025-06-23 18:00:58,12,0.0025342477227201917,0.005905112239166296
models/powernet_lstm256_mlp164_mlp232_final32_dropout0.3_lr0.0005.pt,2025-06-23 18:01:06,2025-06-23 18:01:06,13,0.0025159581176054957,0.0057801808940158
models/powernet_lstm256_mlp164_mlp232_final32_dropout0.3_lr0.0005.pt,2025-06-23 18:01:14,2025-06-23 18:01:14,14,0.0025348446724298376,0.005885106907780504
models/powernet_lstm256_mlp164_mlp232_final32_dropout0.3_lr0.0005.pt,2025-06-23 18:01:22,2025-06-23 18:01:22,15,0.0024832109733696236,0.005666718054618243
models/powernet_lstm256_mlp164_mlp232_final32_dropout0.3_lr0.0005.pt,2025-06-23 18:01:30,2025-06-23 18:01:30,16,0.0024792137039941317,0.005852122719044841
models/powernet_lstm256_mlp164_mlp232_final32_dropout0.3_lr0.0005.pt,2025-06-23 18:01:38,2025-06-23 18:01:38,17,0.002461214447532752,0.005715154122472519
models/powernet_lstm256_mlp164_mlp232_final32_dropout0.3_lr0.0005.pt,2025-06-23 18:01:46,2025-06-23 18:01:46,18,0.0024466314798473015,0.005700058403557965
models/powernet_lstm256_mlp164_mlp232_final32_dropout0.3_lr0.0005.pt,2025-06-23 18:01:54,2025-06-23 18:01:55,19,0.0024781590033452756,0.00560575685674502
models/powernet_lstm256_mlp164_mlp232_final32_dropout0.3_lr0.0005.pt,2025-06-23 18:02:02,2025-06-23 18:02:02,20,0.002438255907071831,0.005519462114621308
models/powernet_lstm256_mlp164_mlp232_final64_dropout0.2_lr0.001.pt,2025-06-23 18:02:11,2025-06-23 18:02:11,1,0.010450992473496264,0.03245250900675144
models/powernet_lstm256_mlp164_mlp232_final64_dropout0.2_lr0.001.pt,2025-06-23 18:02:19,2025-06-23 18:02:19,2,0.005759750986175518,0.010292051415446968
models/powernet_lstm256_mlp164_mlp232_final64_dropout0.2_lr0.001.pt,2025-06-23 18:02:27,2025-06-23 18:02:27,3,0.003063339019222619,0.007887666540530821
models/powernet_lstm256_mlp164_mlp232_final64_dropout0.2_lr0.001.pt,2025-06-23 18:02:35,2025-06-23 18:02:35,4,0.0029158116120921855,0.007765548788787176
models/powernet_lstm256_mlp164_mlp232_final64_dropout0.2_lr0.001.pt,2025-06-23 18:02:42,2025-06-23 18:02:43,5,0.0028837605633111134,0.007751630569276001
models/powernet_lstm256_mlp164_mlp232_final64_dropout0.2_lr0.001.pt,2025-06-23 18:02:51,2025-06-23 18:02:51,6,0.0028035230138697947,0.0077745658622699835
models/powernet_lstm256_mlp164_mlp232_final64_dropout0.2_lr0.001.pt,2025-06-23 18:02:59,2025-06-23 18:02:59,7,0.0027963652383572817,0.007485171547159553
models/powernet_lstm256_mlp164_mlp232_final64_dropout0.2_lr0.001.pt,2025-06-23 18:03:07,2025-06-23 18:03:07,8,0.0027644918593857605,0.00725920629476951
models/powernet_lstm256_mlp164_mlp232_final64_dropout0.2_lr0.001.pt,2025-06-23 18:03:15,2025-06-23 18:03:15,9,0.002745580238600572,0.007318476647404688
models/powernet_lstm256_mlp164_mlp232_final64_dropout0.2_lr0.001.pt,2025-06-23 18:03:23,2025-06-23 18:03:23,10,0.002705351859141278,0.007179939334968194
models/powernet_lstm256_mlp164_mlp232_final64_dropout0.2_lr0.001.pt,2025-06-23 18:03:31,2025-06-23 18:03:31,11,0.0026848634207522325,0.0070930483759314355
models/powernet_lstm256_mlp164_mlp232_final64_dropout0.2_lr0.001.pt,2025-06-23 18:03:39,2025-06-23 18:03:40,12,0.00265903767178713,0.007119527489911499
models/powernet_lstm256_mlp164_mlp232_final64_dropout0.2_lr0.001.pt,2025-06-23 18:03:47,2025-06-23 18:03:47,13,0.002631762944497577,0.007338845037988254
models/powernet_lstm256_mlp164_mlp232_final64_dropout0.2_lr0.001.pt,2025-06-23 18:03:55,2025-06-23 18:03:56,14,0.002650737745604331,0.007145309010021654
models/powernet_lstm256_mlp164_mlp232_final64_dropout0.2_lr0.001.pt,2025-06-23 18:04:03,2025-06-23 18:04:04,15,0.0026131082338378612,0.0070186454159695474
models/powernet_lstm256_mlp164_mlp232_final64_dropout0.2_lr0.001.pt,2025-06-23 18:04:12,2025-06-23 18:04:12,16,0.0026099512550277187,0.006949733314935916
models/powernet_lstm256_mlp164_mlp232_final64_dropout0.2_lr0.001.pt,2025-06-23 18:04:20,2025-06-23 18:04:20,17,0.002572134321477885,0.006839593298666712
models/powernet_lstm256_mlp164_mlp232_final64_dropout0.2_lr0.001.pt,2025-06-23 18:04:28,2025-06-23 18:04:28,18,0.002556548590285121,0.006998764601857623
models/powernet_lstm256_mlp164_mlp232_final64_dropout0.2_lr0.001.pt,2025-06-23 18:04:36,2025-06-23 18:04:36,19,0.002553802942639128,0.0066569153845886745
models/powernet_lstm256_mlp164_mlp232_final64_dropout0.2_lr0.001.pt,2025-06-23 18:04:44,2025-06-23 18:04:44,20,0.0025444796550781116,0.006604837167764171
models/powernet_lstm256_mlp164_mlp232_final64_dropout0.2_lr0.0005.pt,2025-06-23 18:04:53,2025-06-23 18:04:53,1,0.01024892248816648,0.03776596628484272
models/powernet_lstm256_mlp164_mlp232_final64_dropout0.2_lr0.0005.pt,2025-06-23 18:05:01,2025-06-23 18:05:01,2,0.009795207639425528,0.034554882939638834
models/powernet_lstm256_mlp164_mlp232_final64_dropout0.2_lr0.0005.pt,2025-06-23 18:05:09,2025-06-23 18:05:10,3,0.008580585734138021,0.01946154923643917
models/powernet_lstm256_mlp164_mlp232_final64_dropout0.2_lr0.0005.pt,2025-06-23 18:05:17,2025-06-23 18:05:18,4,0.004366364566795778,0.009962016018107533
models/powernet_lstm256_mlp164_mlp232_final64_dropout0.2_lr0.0005.pt,2025-06-23 18:05:26,2025-06-23 18:05:26,5,0.0031073582906311036,0.007200899223486583
models/powernet_lstm256_mlp164_mlp232_final64_dropout0.2_lr0.0005.pt,2025-06-23 18:05:34,2025-06-23 18:05:35,6,0.002872845021250289,0.006835640995718893
models/powernet_lstm256_mlp164_mlp232_final64_dropout0.2_lr0.0005.pt,2025-06-23 18:05:43,2025-06-23 18:05:43,7,0.0027986567072984664,0.0065643871313936656
models/powernet_lstm256_mlp164_mlp232_final64_dropout0.2_lr0.0005.pt,2025-06-23 18:05:51,2025-06-23 18:05:51,8,0.002765857208453204,0.006479356428220247
models/powernet_lstm256_mlp164_mlp232_final64_dropout0.2_lr0.0005.pt,2025-06-23 18:05:58,2025-06-23 18:05:59,9,0.0027124148647321347,0.00637453915468151
models/powernet_lstm256_mlp164_mlp232_final64_dropout0.2_lr0.0005.pt,2025-06-23 18:06:06,2025-06-23 18:06:07,10,0.0027153442090015866,0.006457270328177228
models/powernet_lstm256_mlp164_mlp232_final64_dropout0.2_lr0.0005.pt,2025-06-23 18:06:14,2025-06-23 18:06:15,11,0.0027157041896124184,0.006689616720125612
models/powernet_lstm256_mlp164_mlp232_final64_dropout0.2_lr0.0005.pt,2025-06-23 18:06:23,2025-06-23 18:06:23,12,0.002663682611729269,0.006539871833021087
models/powernet_lstm256_mlp164_mlp232_final64_dropout0.2_lr0.0005.pt,2025-06-23 18:06:31,2025-06-23 18:06:31,13,0.0026505640308384358,0.006419226137777081
models/powernet_lstm256_mlp164_mlp232_final64_dropout0.2_lr0.0005.pt,2025-06-23 18:06:38,2025-06-23 18:06:39,14,0.002629967915656973,0.0066319933283098395
models/powernet_lstm256_mlp164_mlp232_final64_dropout0.2_lr0.0005.pt,2025-06-23 18:06:46,2025-06-23 18:06:47,15,0.002620558150783999,0.006597161323519512
models/powernet_lstm256_mlp164_mlp232_final64_dropout0.2_lr0.0005.pt,2025-06-23 18:06:55,2025-06-23 18:06:55,16,0.0025773279752860207,0.006763839690912781
models/powernet_lstm256_mlp164_mlp232_final64_dropout0.2_lr0.0005.pt,2025-06-23 18:07:03,2025-06-23 18:07:03,17,0.0025892088994092567,0.006651263099185945
models/powernet_lstm256_mlp164_mlp232_final64_dropout0.2_lr0.0005.pt,2025-06-23 18:07:10,2025-06-23 18:07:11,18,0.002553203382295027,0.006717451249382326
models/powernet_lstm256_mlp164_mlp232_final64_dropout0.2_lr0.0005.pt,2025-06-23 18:07:18,2025-06-23 18:07:19,19,0.0025631680250218754,0.006573967541390587
models/powernet_lstm256_mlp164_mlp232_final64_dropout0.2_lr0.0005.pt,2025-06-23 18:07:26,2025-06-23 18:07:27,20,0.002523701059948912,0.006658789937362252
models/powernet_lstm256_mlp164_mlp232_final64_dropout0.3_lr0.001.pt,2025-06-23 18:07:35,2025-06-23 18:07:35,1,0.010480097574924576,0.03582258455987487
models/powernet_lstm256_mlp164_mlp232_final64_dropout0.3_lr0.001.pt,2025-06-23 18:07:43,2025-06-23 18:07:44,2,0.009653669128711436,0.023989423577274595
models/powernet_lstm256_mlp164_mlp232_final64_dropout0.3_lr0.001.pt,2025-06-23 18:07:51,2025-06-23 18:07:52,3,0.004118915377145109,0.007959123844990418
models/powernet_lstm256_mlp164_mlp232_final64_dropout0.3_lr0.001.pt,2025-06-23 18:07:59,2025-06-23 18:08:00,4,0.0029169129215345273,0.007519561187585904
models/powernet_lstm256_mlp164_mlp232_final64_dropout0.3_lr0.001.pt,2025-06-23 18:08:07,2025-06-23 18:08:08,5,0.002779385882969503,0.007687803136096114
models/powernet_lstm256_mlp164_mlp232_final64_dropout0.3_lr0.001.pt,2025-06-23 18:08:15,2025-06-23 18:08:15,6,0.002718827586540098,0.007540528424128536
models/powernet_lstm256_mlp164_mlp232_final64_dropout0.3_lr0.001.pt,2025-06-23 18:08:23,2025-06-23 18:08:23,7,0.002707216377523611,0.007720574550884997
models/powernet_lstm256_mlp164_mlp232_final64_dropout0.3_lr0.001.pt,2025-06-23 18:08:31,2025-06-23 18:08:31,8,0.002666655650132254,0.007212306295211117
models/powernet_lstm256_mlp164_mlp232_final64_dropout0.3_lr0.001.pt,2025-06-23 18:08:39,2025-06-23 18:08:39,9,0.002680765396758278,0.007339307536659319
models/powernet_lstm256_mlp164_mlp232_final64_dropout0.3_lr0.001.pt,2025-06-23 18:08:47,2025-06-23 18:08:48,10,0.0026178559062071563,0.007314422688934775
models/powernet_lstm256_mlp164_mlp232_final64_dropout0.3_lr0.001.pt,2025-06-23 18:08:55,2025-06-23 18:08:56,11,0.0026410599621745096,0.0073975941160738115
models/powernet_lstm256_mlp164_mlp232_final64_dropout0.3_lr0.001.pt,2025-06-23 18:09:03,2025-06-23 18:09:04,12,0.0025976996013571717,0.006954679929462838
models/powernet_lstm256_mlp164_mlp232_final64_dropout0.3_lr0.001.pt,2025-06-23 18:09:12,2025-06-23 18:09:12,13,0.002608573865554359,0.007123877887525374
models/powernet_lstm256_mlp164_mlp232_final64_dropout0.3_lr0.001.pt,2025-06-23 18:09:20,2025-06-23 18:09:20,14,0.00258317311231475,0.006936538637438346
models/powernet_lstm256_mlp164_mlp232_final64_dropout0.3_lr0.001.pt,2025-06-23 18:09:28,2025-06-23 18:09:28,15,0.0025640519251475297,0.007105597244974758
models/powernet_lstm256_mlp164_mlp232_final64_dropout0.3_lr0.001.pt,2025-06-23 18:09:36,2025-06-23 18:09:36,16,0.0025499405110493557,0.006753511510656348
models/powernet_lstm256_mlp164_mlp232_final64_dropout0.3_lr0.001.pt,2025-06-23 18:09:43,2025-06-23 18:09:44,17,0.0025682519468533936,0.006823303807149863
models/powernet_lstm256_mlp164_mlp232_final64_dropout0.3_lr0.001.pt,2025-06-23 18:09:51,2025-06-23 18:09:52,18,0.002586837577902483,0.006753589228970841
models/powernet_lstm256_mlp164_mlp232_final64_dropout0.3_lr0.001.pt,2025-06-23 18:09:59,2025-06-23 18:10:00,19,0.0025219203942658973,0.006737818662908727
models/powernet_lstm256_mlp164_mlp232_final64_dropout0.3_lr0.001.pt,2025-06-23 18:10:07,2025-06-23 18:10:08,20,0.0024859041687154116,0.006522729258341272
models/powernet_lstm256_mlp164_mlp232_final64_dropout0.3_lr0.0005.pt,2025-06-23 18:10:16,2025-06-23 18:10:16,1,0.010469853349823227,0.03697803995705077
models/powernet_lstm256_mlp164_mlp232_final64_dropout0.3_lr0.0005.pt,2025-06-23 18:10:24,2025-06-23 18:10:24,2,0.010278087951408575,0.034842922585085034
models/powernet_lstm256_mlp164_mlp232_final64_dropout0.3_lr0.0005.pt,2025-06-23 18:10:32,2025-06-23 18:10:32,3,0.009684505713400498,0.024307377431319936
models/powernet_lstm256_mlp164_mlp232_final64_dropout0.3_lr0.0005.pt,2025-06-23 18:10:40,2025-06-23 18:10:40,4,0.005315856743139952,0.011021611203129092
models/powernet_lstm256_mlp164_mlp232_final64_dropout0.3_lr0.0005.pt,2025-06-23 18:10:48,2025-06-23 18:10:49,5,0.0033167682556388732,0.007243419236536803
models/powernet_lstm256_mlp164_mlp232_final64_dropout0.3_lr0.0005.pt,2025-06-23 18:10:57,2025-06-23 18:10:57,6,0.002899507457304055,0.006539682857692242
models/powernet_lstm256_mlp164_mlp232_final64_dropout0.3_lr0.0005.pt,2025-06-23 18:11:05,2025-06-23 18:11:05,7,0.0028048999386207003,0.006490722442755387
models/powernet_lstm256_mlp164_mlp232_final64_dropout0.3_lr0.0005.pt,2025-06-23 18:11:13,2025-06-23 18:11:14,8,0.0027624412196605736,0.006305175229153108
models/powernet_lstm256_mlp164_mlp232_final64_dropout0.3_lr0.0005.pt,2025-06-23 18:11:21,2025-06-23 18:11:22,9,0.0027035338009299133,0.006288682179902459
models/powernet_lstm256_mlp164_mlp232_final64_dropout0.3_lr0.0005.pt,2025-06-23 18:11:29,2025-06-23 18:11:30,10,0.0027091140292608263,0.0063184096500100125
models/powernet_lstm256_mlp164_mlp232_final64_dropout0.3_lr0.0005.pt,2025-06-23 18:11:38,2025-06-23 18:11:38,11,0.0027197989604709582,0.006396632486333449
models/powernet_lstm256_mlp164_mlp232_final64_dropout0.3_lr0.0005.pt,2025-06-23 18:11:46,2025-06-23 18:11:46,12,0.002687282997296579,0.006283839441104127
models/powernet_lstm256_mlp164_mlp232_final64_dropout0.3_lr0.0005.pt,2025-06-23 18:11:54,2025-06-23 18:11:54,13,0.0026700895070338264,0.006630758585829642
models/powernet_lstm256_mlp164_mlp232_final64_dropout0.3_lr0.0005.pt,2025-06-23 18:12:02,2025-06-23 18:12:03,14,0.0026392592927194816,0.006336554076932814
models/powernet_lstm256_mlp164_mlp232_final64_dropout0.3_lr0.0005.pt,2025-06-23 18:12:10,2025-06-23 18:12:11,15,0.0026489044477563104,0.006504522806998076
models/powernet_lstm256_mlp164_mlp232_final64_dropout0.3_lr0.0005.pt,2025-06-23 18:12:18,2025-06-23 18:12:19,16,0.0026288377858596557,0.0066603494550301024
models/powernet_lstm256_mlp164_mlp232_final64_dropout0.3_lr0.0005.pt,2025-06-23 18:12:27,2025-06-23 18:12:27,17,0.0026024853132934705,0.006528755777426774
models/powernet_lstm256_mlp164_mlp232_final64_dropout0.3_lr0.0005.pt,2025-06-23 18:12:35,2025-06-23 18:12:35,18,0.0025986527417382515,0.006589228157064922
models/powernet_lstm256_mlp164_mlp232_final64_dropout0.3_lr0.0005.pt,2025-06-23 18:12:43,2025-06-23 18:12:43,19,0.0025728771603444264,0.006562635586652462
models/powernet_lstm256_mlp164_mlp232_final64_dropout0.3_lr0.0005.pt,2025-06-23 18:12:51,2025-06-23 18:12:52,20,0.002572925337406683,0.006464266132319435
models/powernet_lstm512_mlp132_mlp216_final32_dropout0.2_lr0.001.pt,2025-06-23 18:13:04,2025-06-23 18:13:05,1,0.012689573459290084,0.03420404967896286
models/powernet_lstm512_mlp132_mlp216_final32_dropout0.2_lr0.001.pt,2025-06-23 18:13:18,2025-06-23 18:13:18,2,0.006908340109550807,0.010701680140170668
models/powernet_lstm512_mlp132_mlp216_final32_dropout0.2_lr0.001.pt,2025-06-23 18:13:31,2025-06-23 18:13:31,3,0.0030243658342487996,0.007991912530823833
models/powernet_lstm512_mlp132_mlp216_final32_dropout0.2_lr0.001.pt,2025-06-23 18:13:44,2025-06-23 18:13:44,4,0.0028517093263461346,0.007927806759696631
models/powernet_lstm512_mlp132_mlp216_final32_dropout0.2_lr0.001.pt,2025-06-23 18:13:57,2025-06-23 18:13:57,5,0.002776863586307148,0.007553608697240374
models/powernet_lstm512_mlp132_mlp216_final32_dropout0.2_lr0.001.pt,2025-06-23 18:14:10,2025-06-23 18:14:10,6,0.00275358454296453,0.007519084544453237
models/powernet_lstm512_mlp132_mlp216_final32_dropout0.2_lr0.001.pt,2025-06-23 18:14:23,2025-06-23 18:14:23,7,0.0027189627623579408,0.007348842331252638
models/powernet_lstm512_mlp132_mlp216_final32_dropout0.2_lr0.001.pt,2025-06-23 18:14:36,2025-06-23 18:14:37,8,0.002674989666575716,0.007243264330706249
models/powernet_lstm512_mlp132_mlp216_final32_dropout0.2_lr0.001.pt,2025-06-23 18:14:49,2025-06-23 18:14:50,9,0.002653324483076192,0.007468771477717729
models/powernet_lstm512_mlp132_mlp216_final32_dropout0.2_lr0.001.pt,2025-06-23 18:15:02,2025-06-23 18:15:03,10,0.0026338591674713277,0.0070967491483315825
models/powernet_lstm512_mlp132_mlp216_final32_dropout0.2_lr0.001.pt,2025-06-23 18:15:15,2025-06-23 18:15:16,11,0.0026310102891385152,0.007078912159028862
models/powernet_lstm512_mlp132_mlp216_final32_dropout0.2_lr0.001.pt,2025-06-23 18:15:28,2025-06-23 18:15:29,12,0.0026197579581253767,0.0068927275521370275
models/powernet_lstm512_mlp132_mlp216_final32_dropout0.2_lr0.001.pt,2025-06-23 18:15:41,2025-06-23 18:15:42,13,0.0025966994622538676,0.0067510402850097136
models/powernet_lstm512_mlp132_mlp216_final32_dropout0.2_lr0.001.pt,2025-06-23 18:15:54,2025-06-23 18:15:55,14,0.0025859509219100874,0.006766882021024469
models/powernet_lstm512_mlp132_mlp216_final32_dropout0.2_lr0.001.pt,2025-06-23 18:16:07,2025-06-23 18:16:08,15,0.0025672677544585688,0.006963665879863713
models/powernet_lstm512_mlp132_mlp216_final32_dropout0.2_lr0.001.pt,2025-06-23 18:16:20,2025-06-23 18:16:21,16,0.0025395080208055272,0.0067717583234688005
models/powernet_lstm512_mlp132_mlp216_final32_dropout0.2_lr0.001.pt,2025-06-23 18:16:33,2025-06-23 18:16:34,17,0.0025378562783631314,0.006668469109128983
models/powernet_lstm512_mlp132_mlp216_final32_dropout0.2_lr0.001.pt,2025-06-23 18:16:46,2025-06-23 18:16:47,18,0.0025151531339243746,0.006600021972276625
models/powernet_lstm512_mlp132_mlp216_final32_dropout0.2_lr0.001.pt,2025-06-23 18:17:00,2025-06-23 18:17:00,19,0.002528759497204273,0.006510167354939594
models/powernet_lstm512_mlp132_mlp216_final32_dropout0.2_lr0.001.pt,2025-06-23 18:17:13,2025-06-23 18:17:13,20,0.002508314359421161,0.0064750293053553575
models/powernet_lstm512_mlp132_mlp216_final32_dropout0.2_lr0.0005.pt,2025-06-23 18:17:26,2025-06-23 18:17:27,1,0.011009242202761987,0.031225262315101213
models/powernet_lstm512_mlp132_mlp216_final32_dropout0.2_lr0.0005.pt,2025-06-23 18:17:39,2025-06-23 18:17:40,2,0.006755958119581293,0.015011330498271577
models/powernet_lstm512_mlp132_mlp216_final32_dropout0.2_lr0.0005.pt,2025-06-23 18:17:52,2025-06-23 18:17:53,3,0.004118704597973082,0.010000878046931965
models/powernet_lstm512_mlp132_mlp216_final32_dropout0.2_lr0.0005.pt,2025-06-23 18:18:05,2025-06-23 18:18:06,4,0.003237454093023417,0.008269979407833446
models/powernet_lstm512_mlp132_mlp216_final32_dropout0.2_lr0.0005.pt,2025-06-23 18:18:18,2025-06-23 18:18:19,5,0.0030697709943358137,0.007720837158904899
models/powernet_lstm512_mlp132_mlp216_final32_dropout0.2_lr0.0005.pt,2025-06-23 18:18:32,2025-06-23 18:18:32,6,0.0029844518913219827,0.007554526539197901
models/powernet_lstm512_mlp132_mlp216_final32_dropout0.2_lr0.0005.pt,2025-06-23 18:18:44,2025-06-23 18:18:45,7,0.0029640837048228804,0.007636427724113067
models/powernet_lstm512_mlp132_mlp216_final32_dropout0.2_lr0.0005.pt,2025-06-23 18:18:58,2025-06-23 18:18:58,8,0.0028920206236615477,0.007487084223179235
models/powernet_lstm512_mlp132_mlp216_final32_dropout0.2_lr0.0005.pt,2025-06-23 18:19:11,2025-06-23 18:19:11,9,0.002882547062983583,0.007419261730752797
models/powernet_lstm512_mlp132_mlp216_final32_dropout0.2_lr0.0005.pt,2025-06-23 18:19:24,2025-06-23 18:19:24,10,0.002850190208833431,0.007309635416493707
models/powernet_lstm512_mlp132_mlp216_final32_dropout0.2_lr0.0005.pt,2025-06-23 18:19:37,2025-06-23 18:19:37,11,0.002844952005093106,0.007414851600991651
models/powernet_lstm512_mlp132_mlp216_final32_dropout0.2_lr0.0005.pt,2025-06-23 18:19:50,2025-06-23 18:19:50,12,0.002826839667863019,0.007406379994271057
models/powernet_lstm512_mlp132_mlp216_final32_dropout0.2_lr0.0005.pt,2025-06-23 18:20:03,2025-06-23 18:20:03,13,0.0028174858300163874,0.0072854871617718826
models/powernet_lstm512_mlp132_mlp216_final32_dropout0.2_lr0.0005.pt,2025-06-23 18:20:16,2025-06-23 18:20:16,14,0.002777390765346667,0.007380324505945845
models/powernet_lstm512_mlp132_mlp216_final32_dropout0.2_lr0.0005.pt,2025-06-23 18:20:29,2025-06-23 18:20:29,15,0.0027699588448949174,0.007378080484202309
models/powernet_lstm512_mlp132_mlp216_final32_dropout0.2_lr0.0005.pt,2025-06-23 18:20:42,2025-06-23 18:20:42,16,0.0027475367890842806,0.007472011036173042
models/powernet_lstm512_mlp132_mlp216_final32_dropout0.2_lr0.0005.pt,2025-06-23 18:20:55,2025-06-23 18:20:55,17,0.0027223109947471617,0.007552791381299141
models/powernet_lstm512_mlp132_mlp216_final32_dropout0.2_lr0.0005.pt,2025-06-23 18:21:08,2025-06-23 18:21:09,18,0.0027035110852598482,0.007514244278094598
models/powernet_lstm512_mlp132_mlp216_final32_dropout0.2_lr0.0005.pt,2025-06-23 18:21:21,2025-06-23 18:21:22,19,0.0026960075396032985,0.00783445953302795
models/powernet_lstm512_mlp132_mlp216_final32_dropout0.2_lr0.0005.pt,2025-06-23 18:21:34,2025-06-23 18:21:35,20,0.0026879882886751277,0.007778615502285815
models/powernet_lstm512_mlp132_mlp216_final32_dropout0.3_lr0.001.pt,2025-06-23 18:21:48,2025-06-23 18:21:48,1,0.00936956889045927,0.018755571090704984
models/powernet_lstm512_mlp132_mlp216_final32_dropout0.3_lr0.001.pt,2025-06-23 18:22:01,2025-06-23 18:22:01,2,0.0037108943932214053,0.00952092532645024
models/powernet_lstm512_mlp132_mlp216_final32_dropout0.3_lr0.001.pt,2025-06-23 18:22:14,2025-06-23 18:22:15,3,0.0030935106976967518,0.009005538456785004
models/powernet_lstm512_mlp132_mlp216_final32_dropout0.3_lr0.001.pt,2025-06-23 18:22:27,2025-06-23 18:22:28,4,0.0030718399561740503,0.008848664644617765
models/powernet_lstm512_mlp132_mlp216_final32_dropout0.3_lr0.001.pt,2025-06-23 18:22:40,2025-06-23 18:22:41,5,0.0029626286136769644,0.008964824323941554
models/powernet_lstm512_mlp132_mlp216_final32_dropout0.3_lr0.001.pt,2025-06-23 18:22:53,2025-06-23 18:22:54,6,0.0029247314053212916,0.008899949740485422
models/powernet_lstm512_mlp132_mlp216_final32_dropout0.3_lr0.001.pt,2025-06-23 18:23:06,2025-06-23 18:23:07,7,0.002897261506310367,0.008580856640557093
models/powernet_lstm512_mlp132_mlp216_final32_dropout0.3_lr0.001.pt,2025-06-23 18:23:19,2025-06-23 18:23:20,8,0.0028442135986147653,0.008935431910989186
models/powernet_lstm512_mlp132_mlp216_final32_dropout0.3_lr0.001.pt,2025-06-23 18:23:32,2025-06-23 18:23:33,9,0.002808346475091075,0.008314859354868531
models/powernet_lstm512_mlp132_mlp216_final32_dropout0.3_lr0.001.pt,2025-06-23 18:23:45,2025-06-23 18:23:46,10,0.002796566248082766,0.008003682496824436
models/powernet_lstm512_mlp132_mlp216_final32_dropout0.3_lr0.001.pt,2025-06-23 18:23:58,2025-06-23 18:23:59,11,0.0027653360097292697,0.007649174076505005
models/powernet_lstm512_mlp132_mlp216_final32_dropout0.3_lr0.001.pt,2025-06-23 18:24:11,2025-06-23 18:24:12,12,0.0027765888980703303,0.0076104083827452824
models/powernet_lstm512_mlp132_mlp216_final32_dropout0.3_lr0.001.pt,2025-06-23 18:24:24,2025-06-23 18:24:25,13,0.002711800919506886,0.007552264055924579
models/powernet_lstm512_mlp132_mlp216_final32_dropout0.3_lr0.001.pt,2025-06-23 18:24:37,2025-06-23 18:24:38,14,0.0027405598314978034,0.00809085383523433
models/powernet_lstm512_mlp132_mlp216_final32_dropout0.3_lr0.001.pt,2025-06-23 18:24:50,2025-06-23 18:24:51,15,0.0027135649961369333,0.00834448704041452
models/powernet_lstm512_mlp132_mlp216_final32_dropout0.3_lr0.001.pt,2025-06-23 18:25:03,2025-06-23 18:25:04,16,0.002677263670010946,0.008035172173376418
models/powernet_lstm512_mlp132_mlp216_final32_dropout0.3_lr0.001.pt,2025-06-23 18:25:16,2025-06-23 18:25:17,17,0.0026734231494068366,0.008128536036348947
models/powernet_lstm512_mlp132_mlp216_final32_dropout0.3_lr0.001.pt,2025-06-23 18:25:29,2025-06-23 18:25:30,18,0.0026552029978191834,0.007687965951239069
models/powernet_lstm512_mlp132_mlp216_final32_dropout0.3_lr0.001.pt,2025-06-23 18:25:42,2025-06-23 18:25:43,19,0.0026544571451414677,0.007261427177581936
models/powernet_lstm512_mlp132_mlp216_final32_dropout0.3_lr0.001.pt,2025-06-23 18:25:56,2025-06-23 18:25:56,20,0.0026202902129668104,0.0073324667478335045
models/powernet_lstm512_mlp132_mlp216_final32_dropout0.3_lr0.0005.pt,2025-06-23 18:26:09,2025-06-23 18:26:10,1,0.011234778071662718,0.035308387341155184
models/powernet_lstm512_mlp132_mlp216_final32_dropout0.3_lr0.0005.pt,2025-06-23 18:26:22,2025-06-23 18:26:23,2,0.010544803886783666,0.02610886443428518
models/powernet_lstm512_mlp132_mlp216_final32_dropout0.3_lr0.0005.pt,2025-06-23 18:26:35,2025-06-23 18:26:36,3,0.00602721393321796,0.00944881675864703
models/powernet_lstm512_mlp132_mlp216_final32_dropout0.3_lr0.0005.pt,2025-06-23 18:26:48,2025-06-23 18:26:49,4,0.0031757098241349496,0.007261654628174645
models/powernet_lstm512_mlp132_mlp216_final32_dropout0.3_lr0.0005.pt,2025-06-23 18:27:01,2025-06-23 18:27:02,5,0.0028534123138535023,0.007170444038430495
models/powernet_lstm512_mlp132_mlp216_final32_dropout0.3_lr0.0005.pt,2025-06-23 18:27:14,2025-06-23 18:27:15,6,0.0028036262201730287,0.007494666580376881
models/powernet_lstm512_mlp132_mlp216_final32_dropout0.3_lr0.0005.pt,2025-06-23 18:27:27,2025-06-23 18:27:28,7,0.002755339416499186,0.007487195205786044
models/powernet_lstm512_mlp132_mlp216_final32_dropout0.3_lr0.0005.pt,2025-06-23 18:27:41,2025-06-23 18:27:41,8,0.002717903502995656,0.007529181550212559
models/powernet_lstm512_mlp132_mlp216_final32_dropout0.3_lr0.0005.pt,2025-06-23 18:27:54,2025-06-23 18:27:54,9,0.002687157644204066,0.006898340721991623
models/powernet_lstm512_mlp132_mlp216_final32_dropout0.3_lr0.0005.pt,2025-06-23 18:28:07,2025-06-23 18:28:07,10,0.002583710311052029,0.007065818268096163
models/powernet_lstm512_mlp132_mlp216_final32_dropout0.3_lr0.0005.pt,2025-06-23 18:28:20,2025-06-23 18:28:21,11,0.0025746714080496953,0.006941001773590133
models/powernet_lstm512_mlp132_mlp216_final32_dropout0.3_lr0.0005.pt,2025-06-23 18:28:33,2025-06-23 18:28:34,12,0.002570561536971236,0.006593064308011283
models/powernet_lstm512_mlp132_mlp216_final32_dropout0.3_lr0.0005.pt,2025-06-23 18:28:46,2025-06-23 18:28:47,13,0.0025419021000994677,0.006445514107499981
models/powernet_lstm512_mlp132_mlp216_final32_dropout0.3_lr0.0005.pt,2025-06-23 18:28:59,2025-06-23 18:29:00,14,0.002537405445842543,0.006345952888728962
models/powernet_lstm512_mlp132_mlp216_final32_dropout0.3_lr0.0005.pt,2025-06-23 18:29:12,2025-06-23 18:29:13,15,0.002565184768407621,0.006474404360189857
models/powernet_lstm512_mlp132_mlp216_final32_dropout0.3_lr0.0005.pt,2025-06-23 18:29:25,2025-06-23 18:29:26,16,0.0025138395545732124,0.006316451164561191
models/powernet_lstm512_mlp132_mlp216_final32_dropout0.3_lr0.0005.pt,2025-06-23 18:29:38,2025-06-23 18:29:39,17,0.0024999768870282253,0.006323086982038582
models/powernet_lstm512_mlp132_mlp216_final32_dropout0.3_lr0.0005.pt,2025-06-23 18:29:52,2025-06-23 18:29:52,18,0.00247512595020994,0.006110002777339625
models/powernet_lstm512_mlp132_mlp216_final32_dropout0.3_lr0.0005.pt,2025-06-23 18:30:05,2025-06-23 18:30:05,19,0.0024755636649873894,0.006449647730083338
models/powernet_lstm512_mlp132_mlp216_final32_dropout0.3_lr0.0005.pt,2025-06-23 18:30:18,2025-06-23 18:30:18,20,0.0024529788004975903,0.006136962944375617
models/powernet_lstm512_mlp132_mlp216_final64_dropout0.2_lr0.001.pt,2025-06-23 18:30:31,2025-06-23 18:30:32,1,0.008899206113267196,0.01474837560228826
models/powernet_lstm512_mlp132_mlp216_final64_dropout0.2_lr0.001.pt,2025-06-23 18:30:44,2025-06-23 18:30:45,2,0.003477922565738527,0.007931335679521518
models/powernet_lstm512_mlp132_mlp216_final64_dropout0.2_lr0.001.pt,2025-06-23 18:30:57,2025-06-23 18:30:58,3,0.0028443414399022316,0.007675361509124438
models/powernet_lstm512_mlp132_mlp216_final64_dropout0.2_lr0.001.pt,2025-06-23 18:31:10,2025-06-23 18:31:11,4,0.002806700013350949,0.007554541347504017
models/powernet_lstm512_mlp132_mlp216_final64_dropout0.2_lr0.001.pt,2025-06-23 18:31:23,2025-06-23 18:31:24,5,0.002797582050653777,0.007140459016054159
models/powernet_lstm512_mlp132_mlp216_final64_dropout0.2_lr0.001.pt,2025-06-23 18:31:36,2025-06-23 18:31:37,6,0.002796367516175353,0.007379140968190595
models/powernet_lstm512_mlp132_mlp216_final64_dropout0.2_lr0.001.pt,2025-06-23 18:31:49,2025-06-23 18:31:50,7,0.0027054844376769613,0.00718554616850313
models/powernet_lstm512_mlp132_mlp216_final64_dropout0.2_lr0.001.pt,2025-06-23 18:32:02,2025-06-23 18:32:03,8,0.002721586136962496,0.006858247080041717
models/powernet_lstm512_mlp132_mlp216_final64_dropout0.2_lr0.001.pt,2025-06-23 18:32:15,2025-06-23 18:32:16,9,0.002711610495204425,0.006310202608195444
models/powernet_lstm512_mlp132_mlp216_final64_dropout0.2_lr0.001.pt,2025-06-23 18:32:29,2025-06-23 18:32:29,10,0.002648144489004841,0.0066721190953449834
models/powernet_lstm512_mlp132_mlp216_final64_dropout0.2_lr0.001.pt,2025-06-23 18:32:42,2025-06-23 18:32:42,11,0.002596614658542555,0.00637392610743908
models/powernet_lstm512_mlp132_mlp216_final64_dropout0.2_lr0.001.pt,2025-06-23 18:32:55,2025-06-23 18:32:55,12,0.0025935466184825754,0.0062849072287679605
models/powernet_lstm512_mlp132_mlp216_final64_dropout0.2_lr0.001.pt,2025-06-23 18:33:08,2025-06-23 18:33:08,13,0.002548141617058379,0.006282914797165653
models/powernet_lstm512_mlp132_mlp216_final64_dropout0.2_lr0.001.pt,2025-06-23 18:33:21,2025-06-23 18:33:21,14,0.002542277546266743,0.006264569174077007
models/powernet_lstm512_mlp132_mlp216_final64_dropout0.2_lr0.001.pt,2025-06-23 18:33:34,2025-06-23 18:33:34,15,0.0025308930973460195,0.006241744683523264
models/powernet_lstm512_mlp132_mlp216_final64_dropout0.2_lr0.001.pt,2025-06-23 18:33:47,2025-06-23 18:33:47,16,0.002514537381784161,0.006035927259030619
models/powernet_lstm512_mlp132_mlp216_final64_dropout0.2_lr0.001.pt,2025-06-23 18:34:00,2025-06-23 18:34:00,17,0.0024950857288629736,0.00622436866008987
models/powernet_lstm512_mlp132_mlp216_final64_dropout0.2_lr0.001.pt,2025-06-23 18:34:13,2025-06-23 18:34:13,18,0.0024977804379730474,0.006335873519890897
models/powernet_lstm512_mlp132_mlp216_final64_dropout0.2_lr0.001.pt,2025-06-23 18:34:26,2025-06-23 18:34:26,19,0.0024976298263806374,0.0062976218843167385
models/powernet_lstm512_mlp132_mlp216_final64_dropout0.2_lr0.001.pt,2025-06-23 18:34:39,2025-06-23 18:34:40,20,0.002464677368781628,0.006345080660789141
models/powernet_lstm512_mlp132_mlp216_final64_dropout0.2_lr0.0005.pt,2025-06-23 18:34:53,2025-06-23 18:34:53,1,0.01019564855574233,0.0411710198525162
models/powernet_lstm512_mlp132_mlp216_final64_dropout0.2_lr0.0005.pt,2025-06-23 18:35:06,2025-06-23 18:35:06,2,0.011165734023935626,0.03664351848974114
models/powernet_lstm512_mlp132_mlp216_final64_dropout0.2_lr0.0005.pt,2025-06-23 18:35:19,2025-06-23 18:35:19,3,0.010777142399685845,0.02999782928132585
models/powernet_lstm512_mlp132_mlp216_final64_dropout0.2_lr0.0005.pt,2025-06-23 18:35:32,2025-06-23 18:35:32,4,0.00601375231038033,0.010104683244467847
models/powernet_lstm512_mlp132_mlp216_final64_dropout0.2_lr0.0005.pt,2025-06-23 18:35:45,2025-06-23 18:35:45,5,0.003269536559806726,0.007030649127305618
models/powernet_lstm512_mlp132_mlp216_final64_dropout0.2_lr0.0005.pt,2025-06-23 18:35:58,2025-06-23 18:35:58,6,0.0028671384410386886,0.006807430985472387
models/powernet_lstm512_mlp132_mlp216_final64_dropout0.2_lr0.0005.pt,2025-06-23 18:36:11,2025-06-23 18:36:11,7,0.0027908646408969194,0.00690441323621642
models/powernet_lstm512_mlp132_mlp216_final64_dropout0.2_lr0.0005.pt,2025-06-23 18:36:24,2025-06-23 18:36:24,8,0.0027365346081017878,0.0071020960569426065
models/powernet_lstm512_mlp132_mlp216_final64_dropout0.2_lr0.0005.pt,2025-06-23 18:36:37,2025-06-23 18:36:37,9,0.0027392031736790845,0.007002479985766556
models/powernet_lstm512_mlp132_mlp216_final64_dropout0.2_lr0.0005.pt,2025-06-23 18:36:50,2025-06-23 18:36:50,10,0.002697626073975333,0.007029104786592403
models/powernet_lstm512_mlp132_mlp216_final64_dropout0.2_lr0.0005.pt,2025-06-23 18:37:03,2025-06-23 18:37:04,11,0.0026632129503082313,0.007172796358298953
models/powernet_lstm512_mlp132_mlp216_final64_dropout0.2_lr0.0005.pt,2025-06-23 18:37:16,2025-06-23 18:37:17,12,0.002627799762618406,0.007126957388772141
models/powernet_lstm512_mlp132_mlp216_final64_dropout0.2_lr0.0005.pt,2025-06-23 18:37:29,2025-06-23 18:37:30,13,0.00261855307034105,0.006959418926964558
models/powernet_lstm512_mlp132_mlp216_final64_dropout0.2_lr0.0005.pt,2025-06-23 18:37:42,2025-06-23 18:37:43,14,0.002585846295230396,0.007049384088965044
models/powernet_lstm512_mlp132_mlp216_final64_dropout0.2_lr0.0005.pt,2025-06-23 18:37:55,2025-06-23 18:37:56,15,0.002549530796921148,0.0069355154548594285
models/powernet_lstm512_mlp132_mlp216_final64_dropout0.2_lr0.0005.pt,2025-06-23 18:38:08,2025-06-23 18:38:09,16,0.0025446389602141713,0.006723204653965132
models/powernet_lstm512_mlp132_mlp216_final64_dropout0.2_lr0.0005.pt,2025-06-23 18:38:21,2025-06-23 18:38:22,17,0.002524533492167093,0.00633943891374483
models/powernet_lstm512_mlp132_mlp216_final64_dropout0.2_lr0.0005.pt,2025-06-23 18:38:34,2025-06-23 18:38:35,18,0.002484316470712343,0.00650192044919268
models/powernet_lstm512_mlp132_mlp216_final64_dropout0.2_lr0.0005.pt,2025-06-23 18:38:47,2025-06-23 18:38:48,19,0.0024519808979819304,0.006315740116406232
models/powernet_lstm512_mlp132_mlp216_final64_dropout0.2_lr0.0005.pt,2025-06-23 18:39:00,2025-06-23 18:39:01,20,0.002456127364467162,0.00612418613274626
models/powernet_lstm512_mlp132_mlp216_final64_dropout0.3_lr0.001.pt,2025-06-23 18:39:14,2025-06-23 18:39:15,1,0.009465448072067074,0.018715027897130875
models/powernet_lstm512_mlp132_mlp216_final64_dropout0.3_lr0.001.pt,2025-06-23 18:39:27,2025-06-23 18:39:28,2,0.0035222651044231855,0.008460112301344495
models/powernet_lstm512_mlp132_mlp216_final64_dropout0.3_lr0.001.pt,2025-06-23 18:39:40,2025-06-23 18:39:41,3,0.0029218730796921302,0.007932526755168857
models/powernet_lstm512_mlp132_mlp216_final64_dropout0.3_lr0.001.pt,2025-06-23 18:39:53,2025-06-23 18:39:54,4,0.002867170408023663,0.007721373342931093
models/powernet_lstm512_mlp132_mlp216_final64_dropout0.3_lr0.001.pt,2025-06-23 18:40:06,2025-06-23 18:40:07,5,0.0028493214204805607,0.00770815199107996
models/powernet_lstm512_mlp132_mlp216_final64_dropout0.3_lr0.001.pt,2025-06-23 18:40:20,2025-06-23 18:40:20,6,0.0028803228252207674,0.00715777309822096
models/powernet_lstm512_mlp132_mlp216_final64_dropout0.3_lr0.001.pt,2025-06-23 18:40:33,2025-06-23 18:40:33,7,0.002796348716144026,0.007460874203215575
models/powernet_lstm512_mlp132_mlp216_final64_dropout0.3_lr0.001.pt,2025-06-23 18:40:46,2025-06-23 18:40:46,8,0.0027854311258880935,0.007365640391418267
models/powernet_lstm512_mlp132_mlp216_final64_dropout0.3_lr0.001.pt,2025-06-23 18:40:59,2025-06-23 18:40:59,9,0.002745975896230637,0.006954412621867266
models/powernet_lstm512_mlp132_mlp216_final64_dropout0.3_lr0.001.pt,2025-06-23 18:41:12,2025-06-23 18:41:12,10,0.0027049289352903527,0.007242913130626437
models/powernet_lstm512_mlp132_mlp216_final64_dropout0.3_lr0.001.pt,2025-06-23 18:41:25,2025-06-23 18:41:25,11,0.0026756140959343128,0.00711497065189871
models/powernet_lstm512_mlp132_mlp216_final64_dropout0.3_lr0.001.pt,2025-06-23 18:41:38,2025-06-23 18:41:38,12,0.0026763028517994684,0.0068709937484181
models/powernet_lstm512_mlp132_mlp216_final64_dropout0.3_lr0.001.pt,2025-06-23 18:41:51,2025-06-23 18:41:51,13,0.002629269245608483,0.006690740413475959
models/powernet_lstm512_mlp132_mlp216_final64_dropout0.3_lr0.001.pt,2025-06-23 18:42:04,2025-06-23 18:42:04,14,0.0026231366480904293,0.006301534927583167
models/powernet_lstm512_mlp132_mlp216_final64_dropout0.3_lr0.001.pt,2025-06-23 18:42:17,2025-06-23 18:42:17,15,0.002575283757180199,0.006388789782899299
models/powernet_lstm512_mlp132_mlp216_final64_dropout0.3_lr0.001.pt,2025-06-23 18:42:30,2025-06-23 18:42:30,16,0.0025737703479822276,0.006304272320232398
models/powernet_lstm512_mlp132_mlp216_final64_dropout0.3_lr0.001.pt,2025-06-23 18:42:43,2025-06-23 18:42:43,17,0.002541034612578288,0.006462833059707745
models/powernet_lstm512_mlp132_mlp216_final64_dropout0.3_lr0.001.pt,2025-06-23 18:42:56,2025-06-23 18:42:56,18,0.002529922819424731,0.006177906978077122
models/powernet_lstm512_mlp132_mlp216_final64_dropout0.3_lr0.001.pt,2025-06-23 18:43:09,2025-06-23 18:43:10,19,0.0025215705381892036,0.006383519680682747
models/powernet_lstm512_mlp132_mlp216_final64_dropout0.3_lr0.001.pt,2025-06-23 18:43:22,2025-06-23 18:43:23,20,0.0024988983699794874,0.006107616878580302
models/powernet_lstm512_mlp132_mlp216_final64_dropout0.3_lr0.0005.pt,2025-06-23 18:43:36,2025-06-23 18:43:36,1,0.009978795540936319,0.03410763958735125
models/powernet_lstm512_mlp132_mlp216_final64_dropout0.3_lr0.0005.pt,2025-06-23 18:43:49,2025-06-23 18:43:49,2,0.0063547485536815575,0.01148458560263472
models/powernet_lstm512_mlp132_mlp216_final64_dropout0.3_lr0.0005.pt,2025-06-23 18:44:02,2025-06-23 18:44:02,3,0.003317884428376135,0.007381329351725678
models/powernet_lstm512_mlp132_mlp216_final64_dropout0.3_lr0.0005.pt,2025-06-23 18:44:15,2025-06-23 18:44:15,4,0.0029785854996041824,0.006943448468865384
models/powernet_lstm512_mlp132_mlp216_final64_dropout0.3_lr0.0005.pt,2025-06-23 18:44:28,2025-06-23 18:44:28,5,0.002914634201557569,0.00698775135900914
models/powernet_lstm512_mlp132_mlp216_final64_dropout0.3_lr0.0005.pt,2025-06-23 18:44:41,2025-06-23 18:44:42,6,0.002861097844301491,0.006779261837003841
models/powernet_lstm512_mlp132_mlp216_final64_dropout0.3_lr0.0005.pt,2025-06-23 18:44:54,2025-06-23 18:44:55,7,0.0028807681330206792,0.007014884286382724
models/powernet_lstm512_mlp132_mlp216_final64_dropout0.3_lr0.0005.pt,2025-06-23 18:45:07,2025-06-23 18:45:08,8,0.0028624114460803363,0.006924198264078725
models/powernet_lstm512_mlp132_mlp216_final64_dropout0.3_lr0.0005.pt,2025-06-23 18:45:20,2025-06-23 18:45:21,9,0.0028623013579468976,0.006758743664249778
models/powernet_lstm512_mlp132_mlp216_final64_dropout0.3_lr0.0005.pt,2025-06-23 18:45:33,2025-06-23 18:45:34,10,0.0027970892740891307,0.006711674222190466
models/powernet_lstm512_mlp132_mlp216_final64_dropout0.3_lr0.0005.pt,2025-06-23 18:45:46,2025-06-23 18:45:47,11,0.002771575398928624,0.006658141316923623
models/powernet_lstm512_mlp132_mlp216_final64_dropout0.3_lr0.0005.pt,2025-06-23 18:45:59,2025-06-23 18:46:00,12,0.002785462958072262,0.006848919486704593
models/powernet_lstm512_mlp132_mlp216_final64_dropout0.3_lr0.0005.pt,2025-06-23 18:46:12,2025-06-23 18:46:13,13,0.002753048220993183,0.006922729643216978
models/powernet_lstm512_mlp132_mlp216_final64_dropout0.3_lr0.0005.pt,2025-06-23 18:46:25,2025-06-23 18:46:26,14,0.0027552209877973175,0.006742117155919827
models/powernet_lstm512_mlp132_mlp216_final64_dropout0.3_lr0.0005.pt,2025-06-23 18:46:38,2025-06-23 18:46:39,15,0.0027237883613546675,0.006811811408538017
models/powernet_lstm512_mlp132_mlp216_final64_dropout0.3_lr0.0005.pt,2025-06-23 18:46:51,2025-06-23 18:46:52,16,0.002735172858129808,0.006802078208974784
models/powernet_lstm512_mlp132_mlp216_final64_dropout0.3_lr0.0005.pt,2025-06-23 18:47:05,2025-06-23 18:47:05,17,0.00270511798211582,0.0068051201926123
models/powernet_lstm512_mlp132_mlp216_final64_dropout0.3_lr0.0005.pt,2025-06-23 18:47:18,2025-06-23 18:47:18,18,0.002692206237923294,0.006804267942373242
models/powernet_lstm512_mlp132_mlp216_final64_dropout0.3_lr0.0005.pt,2025-06-23 18:47:31,2025-06-23 18:47:31,19,0.0027180065919708138,0.00664196069174934
models/powernet_lstm512_mlp132_mlp216_final64_dropout0.3_lr0.0005.pt,2025-06-23 18:47:44,2025-06-23 18:47:44,20,0.002676314063867601,0.006603356740448535
models/powernet_lstm512_mlp132_mlp232_final32_dropout0.2_lr0.001.pt,2025-06-23 18:47:57,2025-06-23 18:47:58,1,0.009149977204685708,0.020213439744631096
models/powernet_lstm512_mlp132_mlp232_final32_dropout0.2_lr0.001.pt,2025-06-23 18:48:10,2025-06-23 18:48:11,2,0.0035619802836004953,0.008948459614267839
models/powernet_lstm512_mlp132_mlp232_final32_dropout0.2_lr0.001.pt,2025-06-23 18:48:23,2025-06-23 18:48:24,3,0.00297393616628758,0.00844879733354208
models/powernet_lstm512_mlp132_mlp232_final32_dropout0.2_lr0.001.pt,2025-06-23 18:48:36,2025-06-23 18:48:37,4,0.0029144086352404287,0.008424654137343168
models/powernet_lstm512_mlp132_mlp232_final32_dropout0.2_lr0.001.pt,2025-06-23 18:48:49,2025-06-23 18:48:50,5,0.002862711268108702,0.008240001342658485
models/powernet_lstm512_mlp132_mlp232_final32_dropout0.2_lr0.001.pt,2025-06-23 18:49:02,2025-06-23 18:49:03,6,0.00284696950103193,0.007940110656255413
models/powernet_lstm512_mlp132_mlp232_final32_dropout0.2_lr0.001.pt,2025-06-23 18:49:15,2025-06-23 18:49:16,7,0.002790317724479319,0.007544328089958678
models/powernet_lstm512_mlp132_mlp232_final32_dropout0.2_lr0.001.pt,2025-06-23 18:49:28,2025-06-23 18:49:29,8,0.0027724475480176303,0.007601448329209927
models/powernet_lstm512_mlp132_mlp232_final32_dropout0.2_lr0.001.pt,2025-06-23 18:49:41,2025-06-23 18:49:42,9,0.0027413423990227423,0.00764538548953299
models/powernet_lstm512_mlp132_mlp232_final32_dropout0.2_lr0.001.pt,2025-06-23 18:49:54,2025-06-23 18:49:55,10,0.0027512561012056113,0.007297709567605385
models/powernet_lstm512_mlp132_mlp232_final32_dropout0.2_lr0.001.pt,2025-06-23 18:50:08,2025-06-23 18:50:08,11,0.002720786043168229,0.007234933797181362
models/powernet_lstm512_mlp132_mlp232_final32_dropout0.2_lr0.001.pt,2025-06-23 18:50:21,2025-06-23 18:50:21,12,0.002685227759426967,0.007371017063546571
models/powernet_lstm512_mlp132_mlp232_final32_dropout0.2_lr0.001.pt,2025-06-23 18:50:34,2025-06-23 18:50:34,13,0.0026678723727701745,0.007107037369028798
models/powernet_lstm512_mlp132_mlp232_final32_dropout0.2_lr0.001.pt,2025-06-23 18:50:47,2025-06-23 18:50:47,14,0.002671084064564886,0.00694179621253473
models/powernet_lstm512_mlp132_mlp232_final32_dropout0.2_lr0.001.pt,2025-06-23 18:51:00,2025-06-23 18:51:00,15,0.0026342090162720638,0.006848060833622834
models/powernet_lstm512_mlp132_mlp232_final32_dropout0.2_lr0.001.pt,2025-06-23 18:51:13,2025-06-23 18:51:13,16,0.0026490957093676286,0.006859652390370944
models/powernet_lstm512_mlp132_mlp232_final32_dropout0.2_lr0.001.pt,2025-06-23 18:51:26,2025-06-23 18:51:26,17,0.0026127032728658784,0.00659884367598265
models/powernet_lstm512_mlp132_mlp232_final32_dropout0.2_lr0.001.pt,2025-06-23 18:51:39,2025-06-23 18:51:39,18,0.002593056137730304,0.006466818967878464
models/powernet_lstm512_mlp132_mlp232_final32_dropout0.2_lr0.001.pt,2025-06-23 18:51:52,2025-06-23 18:51:52,19,0.002565987893955208,0.006594602168271584
models/powernet_lstm512_mlp132_mlp232_final32_dropout0.2_lr0.001.pt,2025-06-23 18:52:05,2025-06-23 18:52:05,20,0.0025514006871768893,0.00642269827464285
models/powernet_lstm512_mlp132_mlp232_final32_dropout0.2_lr0.0005.pt,2025-06-23 18:52:19,2025-06-23 18:52:19,1,0.010248107497879107,0.03312054078005964
models/powernet_lstm512_mlp132_mlp232_final32_dropout0.2_lr0.0005.pt,2025-06-23 18:52:32,2025-06-23 18:52:32,2,0.007333830136665573,0.01871931249098409
models/powernet_lstm512_mlp132_mlp232_final32_dropout0.2_lr0.0005.pt,2025-06-23 18:52:45,2025-06-23 18:52:45,3,0.004110366849537094,0.008998876578906285
models/powernet_lstm512_mlp132_mlp232_final32_dropout0.2_lr0.0005.pt,2025-06-23 18:52:58,2025-06-23 18:52:58,4,0.0030539307216938425,0.007222290525013315
models/powernet_lstm512_mlp132_mlp232_final32_dropout0.2_lr0.0005.pt,2025-06-23 18:53:11,2025-06-23 18:53:11,5,0.0029472150013900586,0.007148617160661767
models/powernet_lstm512_mlp132_mlp232_final32_dropout0.2_lr0.0005.pt,2025-06-23 18:53:24,2025-06-23 18:53:24,6,0.002892523673513243,0.00683982684304716
models/powernet_lstm512_mlp132_mlp232_final32_dropout0.2_lr0.0005.pt,2025-06-23 18:53:37,2025-06-23 18:53:38,7,0.0028696874705342306,0.00703088692223121
models/powernet_lstm512_mlp132_mlp232_final32_dropout0.2_lr0.0005.pt,2025-06-23 18:53:50,2025-06-23 18:53:51,8,0.0028264724578450544,0.007065909781626293
models/powernet_lstm512_mlp132_mlp232_final32_dropout0.2_lr0.0005.pt,2025-06-23 18:54:03,2025-06-23 18:54:04,9,0.0028182221970620637,0.006914765560179062
models/powernet_lstm512_mlp132_mlp232_final32_dropout0.2_lr0.0005.pt,2025-06-23 18:54:16,2025-06-23 18:54:17,10,0.0028013450989735856,0.006852874172008818
models/powernet_lstm512_mlp132_mlp232_final32_dropout0.2_lr0.0005.pt,2025-06-23 18:54:29,2025-06-23 18:54:30,11,0.002777093219519493,0.006918509560082818
models/powernet_lstm512_mlp132_mlp232_final32_dropout0.2_lr0.0005.pt,2025-06-23 18:54:42,2025-06-23 18:54:43,12,0.002763300708452937,0.007003524434930157
models/powernet_lstm512_mlp132_mlp232_final32_dropout0.2_lr0.0005.pt,2025-06-23 18:54:55,2025-06-23 18:54:56,13,0.0027461137135861955,0.006799361959565431
models/powernet_lstm512_mlp132_mlp232_final32_dropout0.2_lr0.0005.pt,2025-06-23 18:55:08,2025-06-23 18:55:09,14,0.0027044009655446156,0.00684250637035196
models/powernet_lstm512_mlp132_mlp232_final32_dropout0.2_lr0.0005.pt,2025-06-23 18:55:21,2025-06-23 18:55:22,15,0.002701850502528951,0.007067408639981988
models/powernet_lstm512_mlp132_mlp232_final32_dropout0.2_lr0.0005.pt,2025-06-23 18:55:34,2025-06-23 18:55:35,16,0.002676157659934884,0.006784060978264149
models/powernet_lstm512_mlp132_mlp232_final32_dropout0.2_lr0.0005.pt,2025-06-23 18:55:47,2025-06-23 18:55:48,17,0.00266225457444535,0.006955172439726691
models/powernet_lstm512_mlp132_mlp232_final32_dropout0.2_lr0.0005.pt,2025-06-23 18:56:00,2025-06-23 18:56:01,18,0.0026596345468073764,0.006799773457238362
models/powernet_lstm512_mlp132_mlp232_final32_dropout0.2_lr0.0005.pt,2025-06-23 18:56:13,2025-06-23 18:56:14,19,0.0026280120809292957,0.006838704431651249
models/powernet_lstm512_mlp132_mlp232_final32_dropout0.2_lr0.0005.pt,2025-06-23 18:56:26,2025-06-23 18:56:27,20,0.002603381081470906,0.006871308424576584
models/powernet_lstm512_mlp132_mlp232_final32_dropout0.3_lr0.001.pt,2025-06-23 18:56:40,2025-06-23 18:56:41,1,0.01072238707519804,0.02957705523086978
models/powernet_lstm512_mlp132_mlp232_final32_dropout0.3_lr0.001.pt,2025-06-23 18:56:53,2025-06-23 18:56:54,2,0.005499978400608291,0.00962043199355581
models/powernet_lstm512_mlp132_mlp232_final32_dropout0.3_lr0.001.pt,2025-06-23 18:57:06,2025-06-23 18:57:07,3,0.002981589788818852,0.008388762611762754
models/powernet_lstm512_mlp132_mlp232_final32_dropout0.3_lr0.001.pt,2025-06-23 18:57:19,2025-06-23 18:57:20,4,0.002840055738605799,0.008110419561576453
models/powernet_lstm512_mlp132_mlp232_final32_dropout0.3_lr0.001.pt,2025-06-23 18:57:32,2025-06-23 18:57:33,5,0.002797809601481837,0.0076576997165656874
models/powernet_lstm512_mlp132_mlp232_final32_dropout0.3_lr0.001.pt,2025-06-23 18:57:45,2025-06-23 18:57:46,6,0.0027847052892915384,0.0074205531716524135
models/powernet_lstm512_mlp132_mlp232_final32_dropout0.3_lr0.001.pt,2025-06-23 18:57:58,2025-06-23 18:57:59,7,0.002699552080719181,0.007372372930625542
models/powernet_lstm512_mlp132_mlp232_final32_dropout0.3_lr0.001.pt,2025-06-23 18:58:11,2025-06-23 18:58:12,8,0.0027255976316696417,0.006861549779950153
models/powernet_lstm512_mlp132_mlp232_final32_dropout0.3_lr0.001.pt,2025-06-23 18:58:24,2025-06-23 18:58:25,9,0.0026810968630998494,0.006950455845244939
models/powernet_lstm512_mlp132_mlp232_final32_dropout0.3_lr0.001.pt,2025-06-23 18:58:37,2025-06-23 18:58:38,10,0.002649496433254804,0.00673268948836873
models/powernet_lstm512_mlp132_mlp232_final32_dropout0.3_lr0.001.pt,2025-06-23 18:58:50,2025-06-23 18:58:51,11,0.002651925316870323,0.006578776117835548
models/powernet_lstm512_mlp132_mlp232_final32_dropout0.3_lr0.001.pt,2025-06-23 18:59:04,2025-06-23 18:59:04,12,0.002584084572046653,0.006267492756402741
models/powernet_lstm512_mlp132_mlp232_final32_dropout0.3_lr0.001.pt,2025-06-23 18:59:17,2025-06-23 18:59:17,13,0.0026074682901059292,0.006262525577940757
models/powernet_lstm512_mlp132_mlp232_final32_dropout0.3_lr0.001.pt,2025-06-23 18:59:30,2025-06-23 18:59:30,14,0.0025658717940291926,0.005994999382112708
models/powernet_lstm512_mlp132_mlp232_final32_dropout0.3_lr0.001.pt,2025-06-23 18:59:43,2025-06-23 18:59:43,15,0.0025472975474806073,0.0059124698940043645
models/powernet_lstm512_mlp132_mlp232_final32_dropout0.3_lr0.001.pt,2025-06-23 18:59:56,2025-06-23 18:59:57,16,0.0025175925312725675,0.006002421244158454
models/powernet_lstm512_mlp132_mlp232_final32_dropout0.3_lr0.001.pt,2025-06-23 19:00:09,2025-06-23 19:00:10,17,0.002488516780561776,0.005980541369700361
models/powernet_lstm512_mlp132_mlp232_final32_dropout0.3_lr0.001.pt,2025-06-23 19:00:22,2025-06-23 19:00:23,18,0.0024910418493379037,0.005848002730913106
models/powernet_lstm512_mlp132_mlp232_final32_dropout0.3_lr0.001.pt,2025-06-23 19:00:35,2025-06-23 19:00:36,19,0.0024824493492844575,0.005923547069652982
models/powernet_lstm512_mlp132_mlp232_final32_dropout0.3_lr0.001.pt,2025-06-23 19:00:48,2025-06-23 19:00:49,20,0.0024533170855328304,0.005735418071881646
models/powernet_lstm512_mlp132_mlp232_final32_dropout0.3_lr0.0005.pt,2025-06-23 19:01:02,2025-06-23 19:01:02,1,0.010031208096991717,0.03350441165578862
models/powernet_lstm512_mlp132_mlp232_final32_dropout0.3_lr0.0005.pt,2025-06-23 19:01:15,2025-06-23 19:01:15,2,0.006708627552038983,0.012811082637026197
models/powernet_lstm512_mlp132_mlp232_final32_dropout0.3_lr0.0005.pt,2025-06-23 19:01:28,2025-06-23 19:01:29,3,0.0035174842483149575,0.007750224338711372
models/powernet_lstm512_mlp132_mlp232_final32_dropout0.3_lr0.0005.pt,2025-06-23 19:01:41,2025-06-23 19:01:42,4,0.002928112199263794,0.007082973687266488
models/powernet_lstm512_mlp132_mlp232_final32_dropout0.3_lr0.0005.pt,2025-06-23 19:01:54,2025-06-23 19:01:55,5,0.0028873846200557665,0.006851854465258796
models/powernet_lstm512_mlp132_mlp232_final32_dropout0.3_lr0.0005.pt,2025-06-23 19:02:07,2025-06-23 19:02:08,6,0.00282101890020695,0.006873498582059429
models/powernet_lstm512_mlp132_mlp232_final32_dropout0.3_lr0.0005.pt,2025-06-23 19:02:20,2025-06-23 19:02:21,7,0.0028070757681074947,0.007088457394967831
models/powernet_lstm512_mlp132_mlp232_final32_dropout0.3_lr0.0005.pt,2025-06-23 19:02:33,2025-06-23 19:02:34,8,0.0027644791345964904,0.007051982341744449
models/powernet_lstm512_mlp132_mlp232_final32_dropout0.3_lr0.0005.pt,2025-06-23 19:02:46,2025-06-23 19:02:47,9,0.002761603754774649,0.0070856802603451625
models/powernet_lstm512_mlp132_mlp232_final32_dropout0.3_lr0.0005.pt,2025-06-23 19:02:59,2025-06-23 19:03:00,10,0.0027413733636467603,0.0070971211036002
models/powernet_lstm512_mlp132_mlp232_final32_dropout0.3_lr0.0005.pt,2025-06-23 19:03:12,2025-06-23 19:03:13,11,0.002702617356176054,0.0069263318936074415
models/powernet_lstm512_mlp132_mlp232_final32_dropout0.3_lr0.0005.pt,2025-06-23 19:03:25,2025-06-23 19:03:26,12,0.0027208735471986496,0.0068419314602146016
models/powernet_lstm512_mlp132_mlp232_final32_dropout0.3_lr0.0005.pt,2025-06-23 19:03:39,2025-06-23 19:03:39,13,0.0026989763438944473,0.006978947175888433
models/powernet_lstm512_mlp132_mlp232_final32_dropout0.3_lr0.0005.pt,2025-06-23 19:03:52,2025-06-23 19:03:52,14,0.0026662976894211393,0.006965840525004924
models/powernet_lstm512_mlp132_mlp232_final32_dropout0.3_lr0.0005.pt,2025-06-23 19:04:05,2025-06-23 19:04:05,15,0.002668408952868505,0.006730854963063307
models/powernet_lstm512_mlp132_mlp232_final32_dropout0.3_lr0.0005.pt,2025-06-23 19:04:18,2025-06-23 19:04:18,16,0.0026586120046654758,0.006972525466976333
models/powernet_lstm512_mlp132_mlp232_final32_dropout0.3_lr0.0005.pt,2025-06-23 19:04:31,2025-06-23 19:04:31,17,0.0026690213038766753,0.006991718805650072
models/powernet_lstm512_mlp132_mlp232_final32_dropout0.3_lr0.0005.pt,2025-06-23 19:04:44,2025-06-23 19:04:44,18,0.0026331989610034433,0.006759328874371325
models/powernet_lstm512_mlp132_mlp232_final32_dropout0.3_lr0.0005.pt,2025-06-23 19:04:57,2025-06-23 19:04:57,19,0.002609141780385634,0.006910055562565546
models/powernet_lstm512_mlp132_mlp232_final32_dropout0.3_lr0.0005.pt,2025-06-23 19:05:10,2025-06-23 19:05:10,20,0.0026174485749159487,0.00664670987974941
models/powernet_lstm512_mlp132_mlp232_final64_dropout0.2_lr0.001.pt,2025-06-23 19:05:24,2025-06-23 19:05:24,1,0.009754338065862463,0.021585975840155567
models/powernet_lstm512_mlp132_mlp232_final64_dropout0.2_lr0.001.pt,2025-06-23 19:05:37,2025-06-23 19:05:37,2,0.0035670967432536774,0.009381304267749545
models/powernet_lstm512_mlp132_mlp232_final64_dropout0.2_lr0.001.pt,2025-06-23 19:05:50,2025-06-23 19:05:50,3,0.0029840347833604316,0.00880586976251964
models/powernet_lstm512_mlp132_mlp232_final64_dropout0.2_lr0.001.pt,2025-06-23 19:06:03,2025-06-23 19:06:03,4,0.0029264400666151914,0.008662480195718152
models/powernet_lstm512_mlp132_mlp232_final64_dropout0.2_lr0.001.pt,2025-06-23 19:06:16,2025-06-23 19:06:16,5,0.002887764648355145,0.008456102519717422
models/powernet_lstm512_mlp132_mlp232_final64_dropout0.2_lr0.001.pt,2025-06-23 19:06:29,2025-06-23 19:06:29,6,0.0028297077358690323,0.0082054646558217
models/powernet_lstm512_mlp132_mlp232_final64_dropout0.2_lr0.001.pt,2025-06-23 19:06:42,2025-06-23 19:06:42,7,0.0028120470188927795,0.007989438890945166
models/powernet_lstm512_mlp132_mlp232_final64_dropout0.2_lr0.001.pt,2025-06-23 19:06:55,2025-06-23 19:06:55,8,0.002769074380530485,0.007569937113051613
models/powernet_lstm512_mlp132_mlp232_final64_dropout0.2_lr0.001.pt,2025-06-23 19:07:08,2025-06-23 19:07:09,9,0.00279108079468062,0.007618635133396657
models/powernet_lstm512_mlp132_mlp232_final64_dropout0.2_lr0.001.pt,2025-06-23 19:07:21,2025-06-23 19:07:22,10,0.0027561304877148306,0.007886670147334891
models/powernet_lstm512_mlp132_mlp232_final64_dropout0.2_lr0.001.pt,2025-06-23 19:07:34,2025-06-23 19:07:35,11,0.0027180082309389434,0.007430552366367053
models/powernet_lstm512_mlp132_mlp232_final64_dropout0.2_lr0.001.pt,2025-06-23 19:07:47,2025-06-23 19:07:48,12,0.002680990053450323,0.007449334512265133
models/powernet_lstm512_mlp132_mlp232_final64_dropout0.2_lr0.001.pt,2025-06-23 19:08:00,2025-06-23 19:08:01,13,0.0026882449502966576,0.007325662505103364
models/powernet_lstm512_mlp132_mlp232_final64_dropout0.2_lr0.001.pt,2025-06-23 19:08:13,2025-06-23 19:08:14,14,0.0026445719180315714,0.007281255395528639
models/powernet_lstm512_mlp132_mlp232_final64_dropout0.2_lr0.001.pt,2025-06-23 19:08:26,2025-06-23 19:08:27,15,0.0026704975607572123,0.007202711555042437
models/powernet_lstm512_mlp132_mlp232_final64_dropout0.2_lr0.001.pt,2025-06-23 19:08:39,2025-06-23 19:08:40,16,0.002616047271273656,0.007068468379743752
models/powernet_lstm512_mlp132_mlp232_final64_dropout0.2_lr0.001.pt,2025-06-23 19:08:52,2025-06-23 19:08:53,17,0.0025896265552843183,0.006738738475611345
models/powernet_lstm512_mlp132_mlp232_final64_dropout0.2_lr0.001.pt,2025-06-23 19:09:05,2025-06-23 19:09:06,18,0.0025702962109098865,0.0068541653343432
models/powernet_lstm512_mlp132_mlp232_final64_dropout0.2_lr0.001.pt,2025-06-23 19:09:18,2025-06-23 19:09:19,19,0.0025446607911121435,0.006714259579201185
models/powernet_lstm512_mlp132_mlp232_final64_dropout0.2_lr0.001.pt,2025-06-23 19:09:31,2025-06-23 19:09:32,20,0.0025464328131922205,0.006788745916093744
models/powernet_lstm512_mlp132_mlp232_final64_dropout0.2_lr0.0005.pt,2025-06-23 19:09:45,2025-06-23 19:09:46,1,0.010355744220476637,0.035736488566423454
models/powernet_lstm512_mlp132_mlp232_final64_dropout0.2_lr0.0005.pt,2025-06-23 19:09:58,2025-06-23 19:09:59,2,0.011146351199513252,0.028769097579199644
models/powernet_lstm512_mlp132_mlp232_final64_dropout0.2_lr0.0005.pt,2025-06-23 19:10:11,2025-06-23 19:10:12,3,0.006466941039789782,0.011184555553232453
models/powernet_lstm512_mlp132_mlp232_final64_dropout0.2_lr0.0005.pt,2025-06-23 19:10:24,2025-06-23 19:10:25,4,0.0033792486079671424,0.007143736367912165
models/powernet_lstm512_mlp132_mlp232_final64_dropout0.2_lr0.0005.pt,2025-06-23 19:10:37,2025-06-23 19:10:38,5,0.0029364747416076174,0.006859343182960791
models/powernet_lstm512_mlp132_mlp232_final64_dropout0.2_lr0.0005.pt,2025-06-23 19:10:50,2025-06-23 19:10:51,6,0.002861652148084917,0.006870440601016439
models/powernet_lstm512_mlp132_mlp232_final64_dropout0.2_lr0.0005.pt,2025-06-23 19:11:03,2025-06-23 19:11:04,7,0.0028276295300700793,0.00716635489758725
models/powernet_lstm512_mlp132_mlp232_final64_dropout0.2_lr0.0005.pt,2025-06-23 19:11:17,2025-06-23 19:11:17,8,0.0027636055276559343,0.006954347440374217
models/powernet_lstm512_mlp132_mlp232_final64_dropout0.2_lr0.0005.pt,2025-06-23 19:11:30,2025-06-23 19:11:30,9,0.0027344373858182885,0.006838767872458058
models/powernet_lstm512_mlp132_mlp232_final64_dropout0.2_lr0.0005.pt,2025-06-23 19:11:43,2025-06-23 19:11:43,10,0.00272730179472662,0.007053945528154838
models/powernet_lstm512_mlp132_mlp232_final64_dropout0.2_lr0.0005.pt,2025-06-23 19:11:56,2025-06-23 19:11:56,11,0.0027061406220789284,0.0070840011384072045
models/powernet_lstm512_mlp132_mlp232_final64_dropout0.2_lr0.0005.pt,2025-06-23 19:12:09,2025-06-23 19:12:09,12,0.0027158316166136383,0.007076166597904549
models/powernet_lstm512_mlp132_mlp232_final64_dropout0.2_lr0.0005.pt,2025-06-23 19:12:22,2025-06-23 19:12:22,13,0.0026774418214941063,0.006904262834550103
models/powernet_lstm512_mlp132_mlp232_final64_dropout0.2_lr0.0005.pt,2025-06-23 19:12:35,2025-06-23 19:12:35,14,0.0026588338296539165,0.0068316505861557315
models/powernet_lstm512_mlp132_mlp232_final64_dropout0.2_lr0.0005.pt,2025-06-23 19:12:48,2025-06-23 19:12:48,15,0.0026635705199692227,0.00684984435931602
models/powernet_lstm512_mlp132_mlp232_final64_dropout0.2_lr0.0005.pt,2025-06-23 19:13:01,2025-06-23 19:13:01,16,0.0026348989389243863,0.006627241518193235
models/powernet_lstm512_mlp132_mlp232_final64_dropout0.2_lr0.0005.pt,2025-06-23 19:13:14,2025-06-23 19:13:14,17,0.002637563908118404,0.006573276160495533
models/powernet_lstm512_mlp132_mlp232_final64_dropout0.2_lr0.0005.pt,2025-06-23 19:13:27,2025-06-23 19:13:27,18,0.002618783452742321,0.0065024226815218016
models/powernet_lstm512_mlp132_mlp232_final64_dropout0.2_lr0.0005.pt,2025-06-23 19:13:40,2025-06-23 19:13:40,19,0.0025950197002290926,0.006506788651070868
models/powernet_lstm512_mlp132_mlp232_final64_dropout0.2_lr0.0005.pt,2025-06-23 19:13:53,2025-06-23 19:13:53,20,0.0025986704515494775,0.006568821708372395
models/powernet_lstm512_mlp132_mlp232_final64_dropout0.3_lr0.001.pt,2025-06-23 19:14:07,2025-06-23 19:14:07,1,0.00972664630809118,0.03434787457808852
models/powernet_lstm512_mlp132_mlp232_final64_dropout0.3_lr0.001.pt,2025-06-23 19:14:20,2025-06-23 19:14:20,2,0.004421974604648511,0.00774220054292874
models/powernet_lstm512_mlp132_mlp232_final64_dropout0.3_lr0.001.pt,2025-06-23 19:14:33,2025-06-23 19:14:33,3,0.0029443916455518344,0.007669097732841259
models/powernet_lstm512_mlp132_mlp232_final64_dropout0.3_lr0.001.pt,2025-06-23 19:14:46,2025-06-23 19:14:46,4,0.002889121498582521,0.0073324659065942144
models/powernet_lstm512_mlp132_mlp232_final64_dropout0.3_lr0.001.pt,2025-06-23 19:14:59,2025-06-23 19:14:59,5,0.0028547813575687704,0.007370622382344057
models/powernet_lstm512_mlp132_mlp232_final64_dropout0.3_lr0.001.pt,2025-06-23 19:15:12,2025-06-23 19:15:12,6,0.0028730772722948103,0.007152234988531009
models/powernet_lstm512_mlp132_mlp232_final64_dropout0.3_lr0.001.pt,2025-06-23 19:15:25,2025-06-23 19:15:25,7,0.002801995272156707,0.0071366956648749435
models/powernet_lstm512_mlp132_mlp232_final64_dropout0.3_lr0.001.pt,2025-06-23 19:15:38,2025-06-23 19:15:39,8,0.0027443924003929952,0.0066553316954966815
models/powernet_lstm512_mlp132_mlp232_final64_dropout0.3_lr0.001.pt,2025-06-23 19:15:51,2025-06-23 19:15:52,9,0.0027134723808897214,0.006495015878629472
models/powernet_lstm512_mlp132_mlp232_final64_dropout0.3_lr0.001.pt,2025-06-23 19:16:04,2025-06-23 19:16:05,10,0.0026403249199007718,0.0064187461255295645
models/powernet_lstm512_mlp132_mlp232_final64_dropout0.3_lr0.001.pt,2025-06-23 19:16:17,2025-06-23 19:16:18,11,0.0026158821944516205,0.006319114953623198
models/powernet_lstm512_mlp132_mlp232_final64_dropout0.3_lr0.001.pt,2025-06-23 19:16:30,2025-06-23 19:16:31,12,0.0025863325170699864,0.006212165746893291
models/powernet_lstm512_mlp132_mlp232_final64_dropout0.3_lr0.001.pt,2025-06-23 19:16:43,2025-06-23 19:16:44,13,0.002553559054104623,0.006347455925563173
models/powernet_lstm512_mlp132_mlp232_final64_dropout0.3_lr0.001.pt,2025-06-23 19:16:56,2025-06-23 19:16:57,14,0.0025743944111958606,0.0060916567966896335
models/powernet_lstm512_mlp132_mlp232_final64_dropout0.3_lr0.001.pt,2025-06-23 19:17:09,2025-06-23 19:17:10,15,0.002519695501692975,0.005958983707906944
models/powernet_lstm512_mlp132_mlp232_final64_dropout0.3_lr0.001.pt,2025-06-23 19:17:23,2025-06-23 19:17:23,16,0.0025295993614089375,0.005999554243836818
models/powernet_lstm512_mlp132_mlp232_final64_dropout0.3_lr0.001.pt,2025-06-23 19:17:36,2025-06-23 19:17:36,17,0.0025293390900779124,0.006017963399201454
models/powernet_lstm512_mlp132_mlp232_final64_dropout0.3_lr0.001.pt,2025-06-23 19:17:49,2025-06-23 19:17:49,18,0.00248721436179939,0.005678945893166764
models/powernet_lstm512_mlp132_mlp232_final64_dropout0.3_lr0.001.pt,2025-06-23 19:18:02,2025-06-23 19:18:02,19,0.0024704674331744213,0.006010739110587608
models/powernet_lstm512_mlp132_mlp232_final64_dropout0.3_lr0.001.pt,2025-06-23 19:18:15,2025-06-23 19:18:15,20,0.00245907232041202,0.005693869403330609
models/powernet_lstm512_mlp132_mlp232_final64_dropout0.3_lr0.0005.pt,2025-06-23 19:18:28,2025-06-23 19:18:29,1,0.010216436672752963,0.03738541493103618
models/powernet_lstm512_mlp132_mlp232_final64_dropout0.3_lr0.0005.pt,2025-06-23 19:18:41,2025-06-23 19:18:42,2,0.008027436788879022,0.01878773578486982
models/powernet_lstm512_mlp132_mlp232_final64_dropout0.3_lr0.0005.pt,2025-06-23 19:18:55,2025-06-23 19:18:55,3,0.003952128988545468,0.00882365861685858
models/powernet_lstm512_mlp132_mlp232_final64_dropout0.3_lr0.0005.pt,2025-06-23 19:19:08,2025-06-23 19:19:08,4,0.0030304365238251153,0.007746054280904077
models/powernet_lstm512_mlp132_mlp232_final64_dropout0.3_lr0.0005.pt,2025-06-23 19:19:21,2025-06-23 19:19:21,5,0.002900472107780663,0.0071702391530076666
models/powernet_lstm512_mlp132_mlp232_final64_dropout0.3_lr0.0005.pt,2025-06-23 19:19:34,2025-06-23 19:19:34,6,0.0028737448165268306,0.0071208736765021015
models/powernet_lstm512_mlp132_mlp232_final64_dropout0.3_lr0.0005.pt,2025-06-23 19:19:47,2025-06-23 19:19:47,7,0.002865116957796856,0.007026203034911305
models/powernet_lstm512_mlp132_mlp232_final64_dropout0.3_lr0.0005.pt,2025-06-23 19:20:00,2025-06-23 19:20:00,8,0.002875518811460648,0.007060067189048
models/powernet_lstm512_mlp132_mlp232_final64_dropout0.3_lr0.0005.pt,2025-06-23 19:20:13,2025-06-23 19:20:13,9,0.0028281707892350446,0.006911426678665781
models/powernet_lstm512_mlp132_mlp232_final64_dropout0.3_lr0.0005.pt,2025-06-23 19:20:26,2025-06-23 19:20:26,10,0.00279184596163557,0.0070038983207528615
models/powernet_lstm512_mlp132_mlp232_final64_dropout0.3_lr0.0005.pt,2025-06-23 19:20:39,2025-06-23 19:20:39,11,0.002798283291305916,0.007105945026047439
models/powernet_lstm512_mlp132_mlp232_final64_dropout0.3_lr0.0005.pt,2025-06-23 19:20:52,2025-06-23 19:20:52,12,0.0027739099674611136,0.006984423862637154
models/powernet_lstm512_mlp132_mlp232_final64_dropout0.3_lr0.0005.pt,2025-06-23 19:21:05,2025-06-23 19:21:06,13,0.00275190250220893,0.007059521009934889
models/powernet_lstm512_mlp132_mlp232_final64_dropout0.3_lr0.0005.pt,2025-06-23 19:21:18,2025-06-23 19:21:19,14,0.0027359139851904075,0.007038458181168174
models/powernet_lstm512_mlp132_mlp232_final64_dropout0.3_lr0.0005.pt,2025-06-23 19:21:31,2025-06-23 19:21:32,15,0.0026916127639829337,0.007142650344619705
models/powernet_lstm512_mlp132_mlp232_final64_dropout0.3_lr0.0005.pt,2025-06-23 19:21:44,2025-06-23 19:21:45,16,0.0026860368180616117,0.006943333147016044
models/powernet_lstm512_mlp132_mlp232_final64_dropout0.3_lr0.0005.pt,2025-06-23 19:21:57,2025-06-23 19:21:58,17,0.0026812816614701952,0.0069388526234044024
models/powernet_lstm512_mlp132_mlp232_final64_dropout0.3_lr0.0005.pt,2025-06-23 19:22:10,2025-06-23 19:22:11,18,0.002658923854529824,0.007036703577752979
models/powernet_lstm512_mlp132_mlp232_final64_dropout0.3_lr0.0005.pt,2025-06-23 19:22:23,2025-06-23 19:22:24,19,0.0026481876094591066,0.00711735190236054
models/powernet_lstm512_mlp132_mlp232_final64_dropout0.3_lr0.0005.pt,2025-06-23 19:22:36,2025-06-23 19:22:37,20,0.0026167515345515706,0.006945144993508057
models/powernet_lstm512_mlp164_mlp216_final32_dropout0.2_lr0.001.pt,2025-06-23 19:22:50,2025-06-23 19:22:50,1,0.008914359337938148,0.02381298935506493
models/powernet_lstm512_mlp164_mlp216_final32_dropout0.2_lr0.001.pt,2025-06-23 19:23:03,2025-06-23 19:23:04,2,0.003955275688748506,0.008221346086689405
models/powernet_lstm512_mlp164_mlp216_final32_dropout0.2_lr0.001.pt,2025-06-23 19:23:16,2025-06-23 19:23:17,3,0.003029152131182522,0.00807787865605427
models/powernet_lstm512_mlp164_mlp216_final32_dropout0.2_lr0.001.pt,2025-06-23 19:23:29,2025-06-23 19:23:30,4,0.002922405428521203,0.007838777217936391
models/powernet_lstm512_mlp164_mlp216_final32_dropout0.2_lr0.001.pt,2025-06-23 19:23:42,2025-06-23 19:23:43,5,0.0028890727285427577,0.007515373692426476
models/powernet_lstm512_mlp164_mlp216_final32_dropout0.2_lr0.001.pt,2025-06-23 19:23:55,2025-06-23 19:23:56,6,0.0028254113360462497,0.007471939978478033
models/powernet_lstm512_mlp164_mlp216_final32_dropout0.2_lr0.001.pt,2025-06-23 19:24:08,2025-06-23 19:24:09,7,0.002818487746800433,0.007304375949648342
models/powernet_lstm512_mlp164_mlp216_final32_dropout0.2_lr0.001.pt,2025-06-23 19:24:21,2025-06-23 19:24:22,8,0.0027958907256980248,0.0071511604072016085
models/powernet_lstm512_mlp164_mlp216_final32_dropout0.2_lr0.001.pt,2025-06-23 19:24:34,2025-06-23 19:24:35,9,0.0028053724546945992,0.007037326101756965
models/powernet_lstm512_mlp164_mlp216_final32_dropout0.2_lr0.001.pt,2025-06-23 19:24:47,2025-06-23 19:24:48,10,0.0027665059294699323,0.006869740039941722
models/powernet_lstm512_mlp164_mlp216_final32_dropout0.2_lr0.001.pt,2025-06-23 19:25:00,2025-06-23 19:25:01,11,0.0027608091062131775,0.006574331102282962
models/powernet_lstm512_mlp164_mlp216_final32_dropout0.2_lr0.001.pt,2025-06-23 19:25:13,2025-06-23 19:25:14,12,0.0027463377385477847,0.006665545364653337
models/powernet_lstm512_mlp164_mlp216_final32_dropout0.2_lr0.001.pt,2025-06-23 19:25:26,2025-06-23 19:25:27,13,0.00270896427954341,0.006427781467902518
models/powernet_lstm512_mlp164_mlp216_final32_dropout0.2_lr0.001.pt,2025-06-23 19:25:39,2025-06-23 19:25:40,14,0.0026531197616995704,0.006300545372401497
models/powernet_lstm512_mlp164_mlp216_final32_dropout0.2_lr0.001.pt,2025-06-23 19:25:52,2025-06-23 19:25:53,15,0.0026463287610297365,0.006279355225463708
models/powernet_lstm512_mlp164_mlp216_final32_dropout0.2_lr0.001.pt,2025-06-23 19:26:05,2025-06-23 19:26:06,16,0.0026213715065887787,0.006032501011975997
models/powernet_lstm512_mlp164_mlp216_final32_dropout0.2_lr0.001.pt,2025-06-23 19:26:18,2025-06-23 19:26:19,17,0.002585519141236764,0.0060950235042366244
models/powernet_lstm512_mlp164_mlp216_final32_dropout0.2_lr0.001.pt,2025-06-23 19:26:31,2025-06-23 19:26:32,18,0.0025666510855737743,0.006001108658633062
models/powernet_lstm512_mlp164_mlp216_final32_dropout0.2_lr0.001.pt,2025-06-23 19:26:44,2025-06-23 19:26:45,19,0.0025602380215871737,0.006015075545292348
models/powernet_lstm512_mlp164_mlp216_final32_dropout0.2_lr0.001.pt,2025-06-23 19:26:57,2025-06-23 19:26:58,20,0.0025445665148342207,0.005958911858864927
models/powernet_lstm512_mlp164_mlp216_final32_dropout0.2_lr0.0005.pt,2025-06-23 19:27:11,2025-06-23 19:27:12,1,0.00983955149719697,0.031182708784139583
models/powernet_lstm512_mlp164_mlp216_final32_dropout0.2_lr0.0005.pt,2025-06-23 19:27:24,2025-06-23 19:27:25,2,0.006682783878582787,0.0156325214414946
models/powernet_lstm512_mlp164_mlp216_final32_dropout0.2_lr0.0005.pt,2025-06-23 19:27:37,2025-06-23 19:27:38,3,0.0037753112393737634,0.008500509851035617
models/powernet_lstm512_mlp164_mlp216_final32_dropout0.2_lr0.0005.pt,2025-06-23 19:27:50,2025-06-23 19:27:51,4,0.0030324824467999442,0.007375104854526441
models/powernet_lstm512_mlp164_mlp216_final32_dropout0.2_lr0.0005.pt,2025-06-23 19:28:03,2025-06-23 19:28:04,5,0.0029032929872115074,0.006927629040243725
models/powernet_lstm512_mlp164_mlp216_final32_dropout0.2_lr0.0005.pt,2025-06-23 19:28:16,2025-06-23 19:28:17,6,0.0028894030135191684,0.007148590849413138
models/powernet_lstm512_mlp164_mlp216_final32_dropout0.2_lr0.0005.pt,2025-06-23 19:28:30,2025-06-23 19:28:30,7,0.0028407346842373223,0.0069639269190485634
models/powernet_lstm512_mlp164_mlp216_final32_dropout0.2_lr0.0005.pt,2025-06-23 19:28:43,2025-06-23 19:28:43,8,0.002804765057231393,0.006721926747732574
models/powernet_lstm512_mlp164_mlp216_final32_dropout0.2_lr0.0005.pt,2025-06-23 19:28:56,2025-06-23 19:28:56,9,0.002776447462060282,0.006696037956446942
models/powernet_lstm512_mlp164_mlp216_final32_dropout0.2_lr0.0005.pt,2025-06-23 19:29:09,2025-06-23 19:29:09,10,0.0027276742565516534,0.0067224385094873254
models/powernet_lstm512_mlp164_mlp216_final32_dropout0.2_lr0.0005.pt,2025-06-23 19:29:22,2025-06-23 19:29:23,11,0.002697101807900651,0.0066305250012581906
models/powernet_lstm512_mlp164_mlp216_final32_dropout0.2_lr0.0005.pt,2025-06-23 19:29:35,2025-06-23 19:29:36,12,0.002710888468028058,0.006743669842502901
models/powernet_lstm512_mlp164_mlp216_final32_dropout0.2_lr0.0005.pt,2025-06-23 19:29:48,2025-06-23 19:29:49,13,0.0026583154649545914,0.006906461318500251
models/powernet_lstm512_mlp164_mlp216_final32_dropout0.2_lr0.0005.pt,2025-06-23 19:30:01,2025-06-23 19:30:02,14,0.002658901250137577,0.006878772052004933
models/powernet_lstm512_mlp164_mlp216_final32_dropout0.2_lr0.0005.pt,2025-06-23 19:30:14,2025-06-23 19:30:15,15,0.0026606047051838987,0.006805661105317995
models/powernet_lstm512_mlp164_mlp216_final32_dropout0.2_lr0.0005.pt,2025-06-23 19:30:27,2025-06-23 19:30:28,16,0.002621848120017805,0.006868676906118968
models/powernet_lstm512_mlp164_mlp216_final32_dropout0.2_lr0.0005.pt,2025-06-23 19:30:40,2025-06-23 19:30:41,17,0.0026147368603282087,0.006806636134916473
models/powernet_lstm512_mlp164_mlp216_final32_dropout0.2_lr0.0005.pt,2025-06-23 19:30:53,2025-06-23 19:30:54,18,0.0026164624570784623,0.007003049402209442
models/powernet_lstm512_mlp164_mlp216_final32_dropout0.2_lr0.0005.pt,2025-06-23 19:31:06,2025-06-23 19:31:07,19,0.002606457092746672,0.006928986099193848
models/powernet_lstm512_mlp164_mlp216_final32_dropout0.2_lr0.0005.pt,2025-06-23 19:31:19,2025-06-23 19:31:20,20,0.0026128880703234695,0.0069793757131611485
models/powernet_lstm512_mlp164_mlp216_final32_dropout0.3_lr0.001.pt,2025-06-23 19:31:33,2025-06-23 19:31:33,1,0.009158530726469303,0.021969374064134344
models/powernet_lstm512_mlp164_mlp216_final32_dropout0.3_lr0.001.pt,2025-06-23 19:31:46,2025-06-23 19:31:46,2,0.003914468766657025,0.009576664550141209
models/powernet_lstm512_mlp164_mlp216_final32_dropout0.3_lr0.001.pt,2025-06-23 19:31:59,2025-06-23 19:31:59,3,0.0030641546220986815,0.009141516799683728
models/powernet_lstm512_mlp164_mlp216_final32_dropout0.3_lr0.001.pt,2025-06-23 19:32:12,2025-06-23 19:32:12,4,0.002952027191761814,0.008674540529249325
models/powernet_lstm512_mlp164_mlp216_final32_dropout0.3_lr0.001.pt,2025-06-23 19:32:25,2025-06-23 19:32:26,5,0.002920944156488412,0.008899108052165025
models/powernet_lstm512_mlp164_mlp216_final32_dropout0.3_lr0.001.pt,2025-06-23 19:32:38,2025-06-23 19:32:39,6,0.002879872348987394,0.008911749298152114
models/powernet_lstm512_mlp164_mlp216_final32_dropout0.3_lr0.001.pt,2025-06-23 19:32:51,2025-06-23 19:32:52,7,0.002860411651529318,0.008905668742954731
models/powernet_lstm512_mlp164_mlp216_final32_dropout0.3_lr0.001.pt,2025-06-23 19:33:04,2025-06-23 19:33:05,8,0.0028320509681893733,0.00844090877910189
models/powernet_lstm512_mlp164_mlp216_final32_dropout0.3_lr0.001.pt,2025-06-23 19:33:17,2025-06-23 19:33:18,9,0.0027859604384522303,0.008352764993019048
models/powernet_lstm512_mlp164_mlp216_final32_dropout0.3_lr0.001.pt,2025-06-23 19:33:30,2025-06-23 19:33:31,10,0.0027550092145052028,0.007844706071496364
models/powernet_lstm512_mlp164_mlp216_final32_dropout0.3_lr0.001.pt,2025-06-23 19:33:43,2025-06-23 19:33:44,11,0.002725073251083383,0.008066536783839442
models/powernet_lstm512_mlp164_mlp216_final32_dropout0.3_lr0.001.pt,2025-06-23 19:33:56,2025-06-23 19:33:57,12,0.002726795700734221,0.007501325475805927
models/powernet_lstm512_mlp164_mlp216_final32_dropout0.3_lr0.001.pt,2025-06-23 19:34:09,2025-06-23 19:34:10,13,0.0027330556928637476,0.007191024232833158
models/powernet_lstm512_mlp164_mlp216_final32_dropout0.3_lr0.001.pt,2025-06-23 19:34:22,2025-06-23 19:34:23,14,0.002689444887091733,0.007156473343327109
models/powernet_lstm512_mlp164_mlp216_final32_dropout0.3_lr0.001.pt,2025-06-23 19:34:35,2025-06-23 19:34:36,15,0.002678972645735745,0.006903239428841819
models/powernet_lstm512_mlp164_mlp216_final32_dropout0.3_lr0.001.pt,2025-06-23 19:34:48,2025-06-23 19:34:49,16,0.0026681232513875723,0.006724444703043749
models/powernet_lstm512_mlp164_mlp216_final32_dropout0.3_lr0.001.pt,2025-06-23 19:35:01,2025-06-23 19:35:02,17,0.002649152600001978,0.006847656825335608
models/powernet_lstm512_mlp164_mlp216_final32_dropout0.3_lr0.001.pt,2025-06-23 19:35:14,2025-06-23 19:35:15,18,0.0026328346638199223,0.006883954213533018
models/powernet_lstm512_mlp164_mlp216_final32_dropout0.3_lr0.001.pt,2025-06-23 19:35:27,2025-06-23 19:35:28,19,0.002626131545060888,0.006818154790726979
models/powernet_lstm512_mlp164_mlp216_final32_dropout0.3_lr0.001.pt,2025-06-23 19:35:40,2025-06-23 19:35:41,20,0.0025677940361039033,0.006416121579518187
models/powernet_lstm512_mlp164_mlp216_final32_dropout0.3_lr0.0005.pt,2025-06-23 19:35:54,2025-06-23 19:35:55,1,0.011654814099287949,0.03626551205247995
models/powernet_lstm512_mlp164_mlp216_final32_dropout0.3_lr0.0005.pt,2025-06-23 19:36:07,2025-06-23 19:36:08,2,0.009812070768066568,0.018752637097523325
models/powernet_lstm512_mlp164_mlp216_final32_dropout0.3_lr0.0005.pt,2025-06-23 19:36:20,2025-06-23 19:36:21,3,0.004561155398201454,0.008510003847602223
models/powernet_lstm512_mlp164_mlp216_final32_dropout0.3_lr0.0005.pt,2025-06-23 19:36:33,2025-06-23 19:36:34,4,0.003084781389403087,0.0070377473436695126
models/powernet_lstm512_mlp164_mlp216_final32_dropout0.3_lr0.0005.pt,2025-06-23 19:36:46,2025-06-23 19:36:47,5,0.002869110975888521,0.007156901776657573
models/powernet_lstm512_mlp164_mlp216_final32_dropout0.3_lr0.0005.pt,2025-06-23 19:36:59,2025-06-23 19:37:00,6,0.0027957527356232284,0.0072972668318210965
models/powernet_lstm512_mlp164_mlp216_final32_dropout0.3_lr0.0005.pt,2025-06-23 19:37:12,2025-06-23 19:37:13,7,0.0027347356534256737,0.007465586556853461
models/powernet_lstm512_mlp164_mlp216_final32_dropout0.3_lr0.0005.pt,2025-06-23 19:37:25,2025-06-23 19:37:26,8,0.0026887261823158107,0.0074070715788929235
models/powernet_lstm512_mlp164_mlp216_final32_dropout0.3_lr0.0005.pt,2025-06-23 19:37:38,2025-06-23 19:37:39,9,0.0026922314578006344,0.006791743909984473
models/powernet_lstm512_mlp164_mlp216_final32_dropout0.3_lr0.0005.pt,2025-06-23 19:37:52,2025-06-23 19:37:52,10,0.002592670936251141,0.006688525004955452
models/powernet_lstm512_mlp164_mlp216_final32_dropout0.3_lr0.0005.pt,2025-06-23 19:38:05,2025-06-23 19:38:05,11,0.0025554052890486194,0.006940885740775792
models/powernet_lstm512_mlp164_mlp216_final32_dropout0.3_lr0.0005.pt,2025-06-23 19:38:18,2025-06-23 19:38:18,12,0.0025440985363239244,0.006775905139788631
models/powernet_lstm512_mlp164_mlp216_final32_dropout0.3_lr0.0005.pt,2025-06-23 19:38:31,2025-06-23 19:38:31,13,0.0025146500748668976,0.0065744931399378745
models/powernet_lstm512_mlp164_mlp216_final32_dropout0.3_lr0.0005.pt,2025-06-23 19:38:44,2025-06-23 19:38:44,14,0.002508814202635766,0.006804743792773003
models/powernet_lstm512_mlp164_mlp216_final32_dropout0.3_lr0.0005.pt,2025-06-23 19:38:57,2025-06-23 19:38:58,15,0.002508944258213587,0.006626277549436227
models/powernet_lstm512_mlp164_mlp216_final32_dropout0.3_lr0.0005.pt,2025-06-23 19:39:10,2025-06-23 19:39:11,16,0.0024925944910469833,0.006740572435470919
models/powernet_lstm512_mlp164_mlp216_final32_dropout0.3_lr0.0005.pt,2025-06-23 19:39:23,2025-06-23 19:39:24,17,0.002475207061620511,0.006406151442899413
models/powernet_lstm512_mlp164_mlp216_final32_dropout0.3_lr0.0005.pt,2025-06-23 19:39:36,2025-06-23 19:39:37,18,0.002458692132902171,0.006380417935794131
models/powernet_lstm512_mlp164_mlp216_final32_dropout0.3_lr0.0005.pt,2025-06-23 19:39:49,2025-06-23 19:39:50,19,0.002473795895143846,0.006337267878864493
models/powernet_lstm512_mlp164_mlp216_final32_dropout0.3_lr0.0005.pt,2025-06-23 19:40:02,2025-06-23 19:40:03,20,0.002454380263089566,0.006326638802420348
models/powernet_lstm512_mlp164_mlp216_final64_dropout0.2_lr0.001.pt,2025-06-23 19:40:16,2025-06-23 19:40:17,1,0.00950530283652725,0.025575710333041138
models/powernet_lstm512_mlp164_mlp216_final64_dropout0.2_lr0.001.pt,2025-06-23 19:40:29,2025-06-23 19:40:30,2,0.0038905557091203917,0.00777723346393378
models/powernet_lstm512_mlp164_mlp216_final64_dropout0.2_lr0.001.pt,2025-06-23 19:40:42,2025-06-23 19:40:43,3,0.0030045926318294034,0.007528304858299505
models/powernet_lstm512_mlp164_mlp216_final64_dropout0.2_lr0.001.pt,2025-06-23 19:40:55,2025-06-23 19:40:56,4,0.0029130554365006268,0.0072230613746103785
models/powernet_lstm512_mlp164_mlp216_final64_dropout0.2_lr0.001.pt,2025-06-23 19:41:08,2025-06-23 19:41:09,5,0.002887328307377592,0.00681263409344302
models/powernet_lstm512_mlp164_mlp216_final64_dropout0.2_lr0.001.pt,2025-06-23 19:41:21,2025-06-23 19:41:22,6,0.0028830088975605236,0.007048635782363514
models/powernet_lstm512_mlp164_mlp216_final64_dropout0.2_lr0.001.pt,2025-06-23 19:41:34,2025-06-23 19:41:35,7,0.0028294298589372703,0.0068077182846276885
models/powernet_lstm512_mlp164_mlp216_final64_dropout0.2_lr0.001.pt,2025-06-23 19:41:47,2025-06-23 19:41:48,8,0.0028344764247245414,0.006720235698767716
models/powernet_lstm512_mlp164_mlp216_final64_dropout0.2_lr0.001.pt,2025-06-23 19:42:00,2025-06-23 19:42:01,9,0.0027705351526606543,0.006766588948223563
models/powernet_lstm512_mlp164_mlp216_final64_dropout0.2_lr0.001.pt,2025-06-23 19:42:13,2025-06-23 19:42:14,10,0.002736755450783793,0.006691228881079171
models/powernet_lstm512_mlp164_mlp216_final64_dropout0.2_lr0.001.pt,2025-06-23 19:42:26,2025-06-23 19:42:27,11,0.0027134226875074664,0.006875214628442856
models/powernet_lstm512_mlp164_mlp216_final64_dropout0.2_lr0.001.pt,2025-06-23 19:42:39,2025-06-23 19:42:40,12,0.0026830337561627744,0.0068121487524227375
models/powernet_lstm512_mlp164_mlp216_final64_dropout0.2_lr0.001.pt,2025-06-23 19:42:52,2025-06-23 19:42:53,13,0.0026623044572111326,0.00651409421005242
models/powernet_lstm512_mlp164_mlp216_final64_dropout0.2_lr0.001.pt,2025-06-23 19:43:05,2025-06-23 19:43:06,14,0.002635071404885599,0.006423231021645257
models/powernet_lstm512_mlp164_mlp216_final64_dropout0.2_lr0.001.pt,2025-06-23 19:43:18,2025-06-23 19:43:19,15,0.002625173825468521,0.006343308165447698
models/powernet_lstm512_mlp164_mlp216_final64_dropout0.2_lr0.001.pt,2025-06-23 19:43:31,2025-06-23 19:43:32,16,0.002585633282130751,0.00619843389583929
models/powernet_lstm512_mlp164_mlp216_final64_dropout0.2_lr0.001.pt,2025-06-23 19:43:44,2025-06-23 19:43:45,17,0.0025645999665481396,0.0061155075673013926
models/powernet_lstm512_mlp164_mlp216_final64_dropout0.2_lr0.001.pt,2025-06-23 19:43:58,2025-06-23 19:43:58,18,0.0025531119481782684,0.0061748112923288275
models/powernet_lstm512_mlp164_mlp216_final64_dropout0.2_lr0.001.pt,2025-06-23 19:44:11,2025-06-23 19:44:11,19,0.002538713835714732,0.006002146102088902
models/powernet_lstm512_mlp164_mlp216_final64_dropout0.2_lr0.001.pt,2025-06-23 19:44:24,2025-06-23 19:44:24,20,0.0025423913481376153,0.006067921717961629
models/powernet_lstm512_mlp164_mlp216_final64_dropout0.2_lr0.0005.pt,2025-06-23 19:44:37,2025-06-23 19:44:38,1,0.00984493783400995,0.03375915077603644
models/powernet_lstm512_mlp164_mlp216_final64_dropout0.2_lr0.0005.pt,2025-06-23 19:44:50,2025-06-23 19:44:51,2,0.006277611737863885,0.011719970171162416
models/powernet_lstm512_mlp164_mlp216_final64_dropout0.2_lr0.0005.pt,2025-06-23 19:45:04,2025-06-23 19:45:04,3,0.003233925870237505,0.00721171132976278
models/powernet_lstm512_mlp164_mlp216_final64_dropout0.2_lr0.0005.pt,2025-06-23 19:45:17,2025-06-23 19:45:17,4,0.0029048497915246246,0.006651339154424412
models/powernet_lstm512_mlp164_mlp216_final64_dropout0.2_lr0.0005.pt,2025-06-23 19:45:30,2025-06-23 19:45:30,5,0.002836952072953785,0.006822605556364925
models/powernet_lstm512_mlp164_mlp216_final64_dropout0.2_lr0.0005.pt,2025-06-23 19:45:43,2025-06-23 19:45:43,6,0.0028150455132635865,0.006759874370237369
models/powernet_lstm512_mlp164_mlp216_final64_dropout0.2_lr0.0005.pt,2025-06-23 19:45:56,2025-06-23 19:45:56,7,0.002765606931914779,0.006825929909523222
models/powernet_lstm512_mlp164_mlp216_final64_dropout0.2_lr0.0005.pt,2025-06-23 19:46:09,2025-06-23 19:46:09,8,0.0027387013684855572,0.006630656581061582
models/powernet_lstm512_mlp164_mlp216_final64_dropout0.2_lr0.0005.pt,2025-06-23 19:46:22,2025-06-23 19:46:23,9,0.002729047319829284,0.006885955437263917
models/powernet_lstm512_mlp164_mlp216_final64_dropout0.2_lr0.0005.pt,2025-06-23 19:46:35,2025-06-23 19:46:36,10,0.0026927781960746277,0.006846162041516176
models/powernet_lstm512_mlp164_mlp216_final64_dropout0.2_lr0.0005.pt,2025-06-23 19:46:48,2025-06-23 19:46:49,11,0.0027005126076315674,0.007073520738188
models/powernet_lstm512_mlp164_mlp216_final64_dropout0.2_lr0.0005.pt,2025-06-23 19:47:01,2025-06-23 19:47:02,12,0.0026486966310464944,0.006810882877159331
models/powernet_lstm512_mlp164_mlp216_final64_dropout0.2_lr0.0005.pt,2025-06-23 19:47:14,2025-06-23 19:47:15,13,0.0026463686751337775,0.00681270667423849
models/powernet_lstm512_mlp164_mlp216_final64_dropout0.2_lr0.0005.pt,2025-06-23 19:47:27,2025-06-23 19:47:28,14,0.0026343261756453127,0.0068389108748219555
models/powernet_lstm512_mlp164_mlp216_final64_dropout0.2_lr0.0005.pt,2025-06-23 19:47:40,2025-06-23 19:47:41,15,0.002619127104774253,0.006805687932120193
models/powernet_lstm512_mlp164_mlp216_final64_dropout0.2_lr0.0005.pt,2025-06-23 19:47:53,2025-06-23 19:47:54,16,0.002628794648219526,0.006864979142500531
models/powernet_lstm512_mlp164_mlp216_final64_dropout0.2_lr0.0005.pt,2025-06-23 19:48:06,2025-06-23 19:48:07,17,0.002614038267185808,0.00670722629764073
models/powernet_lstm512_mlp164_mlp216_final64_dropout0.2_lr0.0005.pt,2025-06-23 19:48:19,2025-06-23 19:48:20,18,0.002581908801132621,0.006561574194901844
models/powernet_lstm512_mlp164_mlp216_final64_dropout0.2_lr0.0005.pt,2025-06-23 19:48:32,2025-06-23 19:48:33,19,0.002584061049840598,0.006618474931677892
models/powernet_lstm512_mlp164_mlp216_final64_dropout0.2_lr0.0005.pt,2025-06-23 19:48:45,2025-06-23 19:48:46,20,0.0025389958563173942,0.006628860359168833
models/powernet_lstm512_mlp164_mlp216_final64_dropout0.3_lr0.001.pt,2025-06-23 19:48:59,2025-06-23 19:49:00,1,0.009257403326906784,0.015183811663605627
models/powernet_lstm512_mlp164_mlp216_final64_dropout0.3_lr0.001.pt,2025-06-23 19:49:12,2025-06-23 19:49:13,2,0.003595056490504056,0.00802650497782798
models/powernet_lstm512_mlp164_mlp216_final64_dropout0.3_lr0.001.pt,2025-06-23 19:49:25,2025-06-23 19:49:26,3,0.0029307919029761056,0.007683725029762302
models/powernet_lstm512_mlp164_mlp216_final64_dropout0.3_lr0.001.pt,2025-06-23 19:49:38,2025-06-23 19:49:39,4,0.0028730366120530513,0.007609069646735277
models/powernet_lstm512_mlp164_mlp216_final64_dropout0.3_lr0.001.pt,2025-06-23 19:49:51,2025-06-23 19:49:52,5,0.002821219038095377,0.007050785183396545
models/powernet_lstm512_mlp164_mlp216_final64_dropout0.3_lr0.001.pt,2025-06-23 19:50:04,2025-06-23 19:50:05,6,0.0027430411759412623,0.0071840584194952884
models/powernet_lstm512_mlp164_mlp216_final64_dropout0.3_lr0.001.pt,2025-06-23 19:50:17,2025-06-23 19:50:18,7,0.0027740942521332045,0.006797166649318699
models/powernet_lstm512_mlp164_mlp216_final64_dropout0.3_lr0.001.pt,2025-06-23 19:50:31,2025-06-23 19:50:31,8,0.00266858171132843,0.006612375267736968
models/powernet_lstm512_mlp164_mlp216_final64_dropout0.3_lr0.001.pt,2025-06-23 19:50:44,2025-06-23 19:50:44,9,0.0026509566435975935,0.006618199559549491
models/powernet_lstm512_mlp164_mlp216_final64_dropout0.3_lr0.001.pt,2025-06-23 19:50:57,2025-06-23 19:50:57,10,0.002620701888187264,0.006336155619161825
models/powernet_lstm512_mlp164_mlp216_final64_dropout0.3_lr0.001.pt,2025-06-23 19:51:10,2025-06-23 19:51:10,11,0.0026046153657930306,0.006206044187170586
models/powernet_lstm512_mlp164_mlp216_final64_dropout0.3_lr0.001.pt,2025-06-23 19:51:23,2025-06-23 19:51:24,12,0.002562261176995322,0.006285706127528101
models/powernet_lstm512_mlp164_mlp216_final64_dropout0.3_lr0.001.pt,2025-06-23 19:51:36,2025-06-23 19:51:37,13,0.0025495370844177533,0.005934437838039317
models/powernet_lstm512_mlp164_mlp216_final64_dropout0.3_lr0.001.pt,2025-06-23 19:51:49,2025-06-23 19:51:50,14,0.0025712520389358255,0.005888226701201694
models/powernet_lstm512_mlp164_mlp216_final64_dropout0.3_lr0.001.pt,2025-06-23 19:52:02,2025-06-23 19:52:03,15,0.0025469472366435233,0.005580867895679105
models/powernet_lstm512_mlp164_mlp216_final64_dropout0.3_lr0.001.pt,2025-06-23 19:52:15,2025-06-23 19:52:16,16,0.0024999398474229374,0.005817430748027705
models/powernet_lstm512_mlp164_mlp216_final64_dropout0.3_lr0.001.pt,2025-06-23 19:52:28,2025-06-23 19:52:29,17,0.0024602361733601246,0.005754386605639454
models/powernet_lstm512_mlp164_mlp216_final64_dropout0.3_lr0.001.pt,2025-06-23 19:52:41,2025-06-23 19:52:42,18,0.002475260525722162,0.005731957131675223
models/powernet_lstm512_mlp164_mlp216_final64_dropout0.3_lr0.001.pt,2025-06-23 19:52:54,2025-06-23 19:52:55,19,0.0024753282660871703,0.0055111570220019316
models/powernet_lstm512_mlp164_mlp216_final64_dropout0.3_lr0.001.pt,2025-06-23 19:53:08,2025-06-23 19:53:08,20,0.0024630826465064895,0.005925236028685633
models/powernet_lstm512_mlp164_mlp216_final64_dropout0.3_lr0.0005.pt,2025-06-23 19:53:21,2025-06-23 19:53:22,1,0.010040042572811256,0.033101960961219104
models/powernet_lstm512_mlp164_mlp216_final64_dropout0.3_lr0.0005.pt,2025-06-23 19:53:34,2025-06-23 19:53:35,2,0.006179610084209051,0.01108909929392948
models/powernet_lstm512_mlp164_mlp216_final64_dropout0.3_lr0.0005.pt,2025-06-23 19:53:47,2025-06-23 19:53:48,3,0.00331495436738574,0.006956001117248975
models/powernet_lstm512_mlp164_mlp216_final64_dropout0.3_lr0.0005.pt,2025-06-23 19:54:00,2025-06-23 19:54:01,4,0.0029295916514371864,0.006453302867677329
models/powernet_lstm512_mlp164_mlp216_final64_dropout0.3_lr0.0005.pt,2025-06-23 19:54:13,2025-06-23 19:54:14,5,0.002836806176938192,0.006482208832277961
models/powernet_lstm512_mlp164_mlp216_final64_dropout0.3_lr0.0005.pt,2025-06-23 19:54:27,2025-06-23 19:54:27,6,0.0027981861599057157,0.006512681934206436
models/powernet_lstm512_mlp164_mlp216_final64_dropout0.3_lr0.0005.pt,2025-06-23 19:54:40,2025-06-23 19:54:40,7,0.0027680289251984375,0.006485481497033366
models/powernet_lstm512_mlp164_mlp216_final64_dropout0.3_lr0.0005.pt,2025-06-23 19:54:53,2025-06-23 19:54:53,8,0.0027754837585795473,0.006658491211488754
models/powernet_lstm512_mlp164_mlp216_final64_dropout0.3_lr0.0005.pt,2025-06-23 19:55:06,2025-06-23 19:55:06,9,0.002729510700195155,0.006496213268422123
models/powernet_lstm512_mlp164_mlp216_final64_dropout0.3_lr0.0005.pt,2025-06-23 19:55:19,2025-06-23 19:55:19,10,0.0027288913642415963,0.006519404259355118
models/powernet_lstm512_mlp164_mlp216_final64_dropout0.3_lr0.0005.pt,2025-06-23 19:55:32,2025-06-23 19:55:32,11,0.0026920154686256954,0.00659129538273971
models/powernet_lstm512_mlp164_mlp216_final64_dropout0.3_lr0.0005.pt,2025-06-23 19:55:45,2025-06-23 19:55:45,12,0.0026756359111329065,0.0064055261678905
models/powernet_lstm512_mlp164_mlp216_final64_dropout0.3_lr0.0005.pt,2025-06-23 19:55:58,2025-06-23 19:55:58,13,0.0026666753037977047,0.006403017365041056
models/powernet_lstm512_mlp164_mlp216_final64_dropout0.3_lr0.0005.pt,2025-06-23 19:56:11,2025-06-23 19:56:11,14,0.0026526178091874604,0.006407441994053356
models/powernet_lstm512_mlp164_mlp216_final64_dropout0.3_lr0.0005.pt,2025-06-23 19:56:24,2025-06-23 19:56:24,15,0.0026356058971231176,0.006463855186233386
models/powernet_lstm512_mlp164_mlp216_final64_dropout0.3_lr0.0005.pt,2025-06-23 19:56:37,2025-06-23 19:56:37,16,0.002632608612595413,0.006420836207412538
models/powernet_lstm512_mlp164_mlp216_final64_dropout0.3_lr0.0005.pt,2025-06-23 19:56:50,2025-06-23 19:56:51,17,0.002602062691799006,0.00652906481575753
models/powernet_lstm512_mlp164_mlp216_final64_dropout0.3_lr0.0005.pt,2025-06-23 19:57:03,2025-06-23 19:57:04,18,0.0025986979002951675,0.006478709152101406
models/powernet_lstm512_mlp164_mlp216_final64_dropout0.3_lr0.0005.pt,2025-06-23 19:57:16,2025-06-23 19:57:17,19,0.0025838440828708396,0.0064972289255820215
models/powernet_lstm512_mlp164_mlp216_final64_dropout0.3_lr0.0005.pt,2025-06-23 19:57:29,2025-06-23 19:57:30,20,0.00256438651764732,0.006301735009488073
models/powernet_lstm512_mlp164_mlp232_final32_dropout0.2_lr0.001.pt,2025-06-23 19:57:43,2025-06-23 19:57:43,1,0.009235456949003929,0.01879102502772141
models/powernet_lstm512_mlp164_mlp232_final32_dropout0.2_lr0.001.pt,2025-06-23 19:57:56,2025-06-23 19:57:56,2,0.0037364377411216745,0.00819924722392378
models/powernet_lstm512_mlp164_mlp232_final32_dropout0.2_lr0.001.pt,2025-06-23 19:58:09,2025-06-23 19:58:09,3,0.0029796875138755796,0.0077374567529962706
models/powernet_lstm512_mlp164_mlp232_final32_dropout0.2_lr0.001.pt,2025-06-23 19:58:22,2025-06-23 19:58:22,4,0.002855664956511506,0.007396019234355273
models/powernet_lstm512_mlp164_mlp232_final32_dropout0.2_lr0.001.pt,2025-06-23 19:58:35,2025-06-23 19:58:36,5,0.002870627901851497,0.006941687802152176
models/powernet_lstm512_mlp164_mlp232_final32_dropout0.2_lr0.001.pt,2025-06-23 19:58:48,2025-06-23 19:58:49,6,0.0028137575298707138,0.006583524395301495
models/powernet_lstm512_mlp164_mlp232_final32_dropout0.2_lr0.001.pt,2025-06-23 19:59:01,2025-06-23 19:59:02,7,0.002765890931890857,0.006545210124126503
models/powernet_lstm512_mlp164_mlp232_final32_dropout0.2_lr0.001.pt,2025-06-23 19:59:14,2025-06-23 19:59:15,8,0.0027292931004778706,0.006463077700962978
models/powernet_lstm512_mlp164_mlp232_final32_dropout0.2_lr0.001.pt,2025-06-23 19:59:27,2025-06-23 19:59:28,9,0.0026900979621040863,0.006417125402506264
models/powernet_lstm512_mlp164_mlp232_final32_dropout0.2_lr0.001.pt,2025-06-23 19:59:40,2025-06-23 19:59:41,10,0.002634759013653494,0.006611854231561578
models/powernet_lstm512_mlp164_mlp232_final32_dropout0.2_lr0.001.pt,2025-06-23 19:59:54,2025-06-23 19:59:54,11,0.002659358168566411,0.006205347510764287
models/powernet_lstm512_mlp164_mlp232_final32_dropout0.2_lr0.001.pt,2025-06-23 20:00:07,2025-06-23 20:00:07,12,0.0026003735683811243,0.006083459202532789
models/powernet_lstm512_mlp164_mlp232_final32_dropout0.2_lr0.001.pt,2025-06-23 20:00:20,2025-06-23 20:00:20,13,0.0025665001715988248,0.006329357467447629
models/powernet_lstm512_mlp164_mlp232_final32_dropout0.2_lr0.001.pt,2025-06-23 20:00:33,2025-06-23 20:00:33,14,0.002544875826771533,0.005888506678664791
models/powernet_lstm512_mlp164_mlp232_final32_dropout0.2_lr0.001.pt,2025-06-23 20:00:46,2025-06-23 20:00:46,15,0.0025306133673660704,0.0058338927642797075
models/powernet_lstm512_mlp164_mlp232_final32_dropout0.2_lr0.001.pt,2025-06-23 20:00:59,2025-06-23 20:00:59,16,0.0025588397452126653,0.005839572981044296
models/powernet_lstm512_mlp164_mlp232_final32_dropout0.2_lr0.001.pt,2025-06-23 20:01:12,2025-06-23 20:01:12,17,0.0024866041577202903,0.0056553516132269235
models/powernet_lstm512_mlp164_mlp232_final32_dropout0.2_lr0.001.pt,2025-06-23 20:01:25,2025-06-23 20:01:26,18,0.0024869624593061076,0.005730231314720143
models/powernet_lstm512_mlp164_mlp232_final32_dropout0.2_lr0.001.pt,2025-06-23 20:01:38,2025-06-23 20:01:39,19,0.0024837036756882075,0.005728463592406895
models/powernet_lstm512_mlp164_mlp232_final32_dropout0.2_lr0.001.pt,2025-06-23 20:01:51,2025-06-23 20:01:52,20,0.002467195125976636,0.005632528541831388
models/powernet_lstm512_mlp164_mlp232_final32_dropout0.2_lr0.0005.pt,2025-06-23 20:02:05,2025-06-23 20:02:05,1,0.01105473797736434,0.03252977150536719
models/powernet_lstm512_mlp164_mlp232_final32_dropout0.2_lr0.0005.pt,2025-06-23 20:02:18,2025-06-23 20:02:18,2,0.009256341733187803,0.02267630014102906
models/powernet_lstm512_mlp164_mlp232_final32_dropout0.2_lr0.0005.pt,2025-06-23 20:02:31,2025-06-23 20:02:32,3,0.004738483244576575,0.009161030200110483
models/powernet_lstm512_mlp164_mlp232_final32_dropout0.2_lr0.0005.pt,2025-06-23 20:02:44,2025-06-23 20:02:45,4,0.003059518952274196,0.007087552443235403
models/powernet_lstm512_mlp164_mlp232_final32_dropout0.2_lr0.0005.pt,2025-06-23 20:02:57,2025-06-23 20:02:58,5,0.002841649465587309,0.006770593186263882
models/powernet_lstm512_mlp164_mlp232_final32_dropout0.2_lr0.0005.pt,2025-06-23 20:03:10,2025-06-23 20:03:11,6,0.0027431526407693334,0.006790869181887025
models/powernet_lstm512_mlp164_mlp232_final32_dropout0.2_lr0.0005.pt,2025-06-23 20:03:23,2025-06-23 20:03:24,7,0.0026813788586148015,0.006895547070252221
models/powernet_lstm512_mlp164_mlp232_final32_dropout0.2_lr0.0005.pt,2025-06-23 20:03:36,2025-06-23 20:03:37,8,0.0026601830699337532,0.0067661243817946385
models/powernet_lstm512_mlp164_mlp232_final32_dropout0.2_lr0.0005.pt,2025-06-23 20:03:49,2025-06-23 20:03:50,9,0.0026213729451681693,0.006466107257264888
models/powernet_lstm512_mlp164_mlp232_final32_dropout0.2_lr0.0005.pt,2025-06-23 20:04:02,2025-06-23 20:04:03,10,0.0025357986804493034,0.006467406441169303
models/powernet_lstm512_mlp164_mlp232_final32_dropout0.2_lr0.0005.pt,2025-06-23 20:04:15,2025-06-23 20:04:16,11,0.0025153162547916683,0.006372612354988675
models/powernet_lstm512_mlp164_mlp232_final32_dropout0.2_lr0.0005.pt,2025-06-23 20:04:28,2025-06-23 20:04:29,12,0.002616062845082788,0.0067868778493166675
models/powernet_lstm512_mlp164_mlp232_final32_dropout0.2_lr0.0005.pt,2025-06-23 20:04:41,2025-06-23 20:04:42,13,0.002579923385881909,0.006783133361577278
models/powernet_lstm512_mlp164_mlp232_final32_dropout0.2_lr0.0005.pt,2025-06-23 20:04:55,2025-06-23 20:04:55,14,0.0025369426999453915,0.006690110736859164
models/powernet_lstm512_mlp164_mlp232_final32_dropout0.2_lr0.0005.pt,2025-06-23 20:05:08,2025-06-23 20:05:08,15,0.002517997307320481,0.006721570888268096
models/powernet_lstm512_mlp164_mlp232_final32_dropout0.2_lr0.0005.pt,2025-06-23 20:05:21,2025-06-23 20:05:21,16,0.0025305314518187503,0.006259592169607501
models/powernet_lstm512_mlp164_mlp232_final32_dropout0.2_lr0.0005.pt,2025-06-23 20:05:34,2025-06-23 20:05:34,17,0.002464621263324812,0.0062569050212568115
models/powernet_lstm512_mlp164_mlp232_final32_dropout0.2_lr0.0005.pt,2025-06-23 20:05:47,2025-06-23 20:05:48,18,0.0024529290904249665,0.006091578323061445
models/powernet_lstm512_mlp164_mlp232_final32_dropout0.2_lr0.0005.pt,2025-06-23 20:06:00,2025-06-23 20:06:01,19,0.0024290092683340488,0.006273169727397284
models/powernet_lstm512_mlp164_mlp232_final32_dropout0.2_lr0.0005.pt,2025-06-23 20:06:13,2025-06-23 20:06:14,20,0.0024226107331830255,0.006141495749553931
models/powernet_lstm512_mlp164_mlp232_final32_dropout0.3_lr0.001.pt,2025-06-23 20:06:27,2025-06-23 20:06:27,1,0.009551097616633837,0.023474243946284765
models/powernet_lstm512_mlp164_mlp232_final32_dropout0.3_lr0.001.pt,2025-06-23 20:06:40,2025-06-23 20:06:40,2,0.003970960459572189,0.009954993280449085
models/powernet_lstm512_mlp164_mlp232_final32_dropout0.3_lr0.001.pt,2025-06-23 20:06:53,2025-06-23 20:06:53,3,0.0030887031855310336,0.009292722161349264
models/powernet_lstm512_mlp164_mlp232_final32_dropout0.3_lr0.001.pt,2025-06-23 20:07:06,2025-06-23 20:07:06,4,0.0029888845844871087,0.008898985882600149
models/powernet_lstm512_mlp164_mlp232_final32_dropout0.3_lr0.001.pt,2025-06-23 20:07:19,2025-06-23 20:07:19,5,0.0029603094467037863,0.008607018079298237
models/powernet_lstm512_mlp164_mlp232_final32_dropout0.3_lr0.001.pt,2025-06-23 20:07:32,2025-06-23 20:07:32,6,0.0029131567112848623,0.0089050706786414
models/powernet_lstm512_mlp164_mlp232_final32_dropout0.3_lr0.001.pt,2025-06-23 20:07:45,2025-06-23 20:07:45,7,0.0028938643946116254,0.00877829389424906
models/powernet_lstm512_mlp164_mlp232_final32_dropout0.3_lr0.001.pt,2025-06-23 20:07:58,2025-06-23 20:07:58,8,0.002865517201522986,0.008735323477248173
models/powernet_lstm512_mlp164_mlp232_final32_dropout0.3_lr0.001.pt,2025-06-23 20:08:11,2025-06-23 20:08:12,9,0.0028084449005425045,0.00847797458326178
models/powernet_lstm512_mlp164_mlp232_final32_dropout0.3_lr0.001.pt,2025-06-23 20:08:24,2025-06-23 20:08:25,10,0.0028015997528480735,0.008562628969749702
models/powernet_lstm512_mlp164_mlp232_final32_dropout0.3_lr0.001.pt,2025-06-23 20:08:37,2025-06-23 20:08:38,11,0.0027537769310975006,0.008329862936599446
models/powernet_lstm512_mlp164_mlp232_final32_dropout0.3_lr0.001.pt,2025-06-23 20:08:50,2025-06-23 20:08:51,12,0.0027290129675559107,0.008349620224353635
models/powernet_lstm512_mlp164_mlp232_final32_dropout0.3_lr0.001.pt,2025-06-23 20:09:03,2025-06-23 20:09:04,13,0.002742764471273195,0.007388284795784524
models/powernet_lstm512_mlp164_mlp232_final32_dropout0.3_lr0.001.pt,2025-06-23 20:09:16,2025-06-23 20:09:17,14,0.0026913637069628095,0.0075733557487616225
models/powernet_lstm512_mlp164_mlp232_final32_dropout0.3_lr0.001.pt,2025-06-23 20:09:29,2025-06-23 20:09:30,15,0.002704930139135354,0.006801831364143817
models/powernet_lstm512_mlp164_mlp232_final32_dropout0.3_lr0.001.pt,2025-06-23 20:09:42,2025-06-23 20:09:43,16,0.002681757267270367,0.007251429571104901
models/powernet_lstm512_mlp164_mlp232_final32_dropout0.3_lr0.001.pt,2025-06-23 20:09:55,2025-06-23 20:09:56,17,0.0026665645043155357,0.007217102772777989
models/powernet_lstm512_mlp164_mlp232_final32_dropout0.3_lr0.001.pt,2025-06-23 20:10:08,2025-06-23 20:10:09,18,0.0026391912855172036,0.007081310516999413
models/powernet_lstm512_mlp164_mlp232_final32_dropout0.3_lr0.001.pt,2025-06-23 20:10:21,2025-06-23 20:10:22,19,0.0026242533121243416,0.0073489618371240795
models/powernet_lstm512_mlp164_mlp232_final32_dropout0.3_lr0.001.pt,2025-06-23 20:10:35,2025-06-23 20:10:35,20,0.002567648036999204,0.007048726328537755
models/powernet_lstm512_mlp164_mlp232_final32_dropout0.3_lr0.0005.pt,2025-06-23 20:10:48,2025-06-23 20:10:49,1,0.010379334974188631,0.034947347295071395
models/powernet_lstm512_mlp164_mlp232_final32_dropout0.3_lr0.0005.pt,2025-06-23 20:11:01,2025-06-23 20:11:02,2,0.01070854003012504,0.030943655176088214
models/powernet_lstm512_mlp164_mlp232_final32_dropout0.3_lr0.0005.pt,2025-06-23 20:11:14,2025-06-23 20:11:15,3,0.006386610251689901,0.011166182185878
models/powernet_lstm512_mlp164_mlp232_final32_dropout0.3_lr0.0005.pt,2025-06-23 20:11:27,2025-06-23 20:11:28,4,0.00333880043074724,0.00723534234566614
models/powernet_lstm512_mlp164_mlp232_final32_dropout0.3_lr0.0005.pt,2025-06-23 20:11:40,2025-06-23 20:11:41,5,0.0029392140813373816,0.006990762568810689
models/powernet_lstm512_mlp164_mlp232_final32_dropout0.3_lr0.0005.pt,2025-06-23 20:11:53,2025-06-23 20:11:54,6,0.0028558824387181626,0.006968618802992361
models/powernet_lstm512_mlp164_mlp232_final32_dropout0.3_lr0.0005.pt,2025-06-23 20:12:06,2025-06-23 20:12:07,7,0.00276519367726387,0.007205454155891424
models/powernet_lstm512_mlp164_mlp232_final32_dropout0.3_lr0.0005.pt,2025-06-23 20:12:19,2025-06-23 20:12:20,8,0.002714614890898431,0.007411866207673613
models/powernet_lstm512_mlp164_mlp232_final32_dropout0.3_lr0.0005.pt,2025-06-23 20:12:32,2025-06-23 20:12:33,9,0.002668521601669607,0.007733913318675366
models/powernet_lstm512_mlp164_mlp232_final32_dropout0.3_lr0.0005.pt,2025-06-23 20:12:45,2025-06-23 20:12:46,10,0.002651812051386175,0.007415689550162781
models/powernet_lstm512_mlp164_mlp232_final32_dropout0.3_lr0.0005.pt,2025-06-23 20:12:58,2025-06-23 20:12:59,11,0.0026164594656428136,0.007611713205863323
models/powernet_lstm512_mlp164_mlp232_final32_dropout0.3_lr0.0005.pt,2025-06-23 20:13:11,2025-06-23 20:13:12,12,0.00258764145216958,0.007387214315323425
models/powernet_lstm512_mlp164_mlp232_final32_dropout0.3_lr0.0005.pt,2025-06-23 20:13:24,2025-06-23 20:13:25,13,0.002572730727394455,0.007294564505129875
models/powernet_lstm512_mlp164_mlp232_final32_dropout0.3_lr0.0005.pt,2025-06-23 20:13:38,2025-06-23 20:13:38,14,0.0025512340377309398,0.006851048746501051
models/powernet_lstm512_mlp164_mlp232_final32_dropout0.3_lr0.0005.pt,2025-06-23 20:13:51,2025-06-23 20:13:51,15,0.002566902432590723,0.007153727942966812
models/powernet_lstm512_mlp164_mlp232_final32_dropout0.3_lr0.0005.pt,2025-06-23 20:14:04,2025-06-23 20:14:04,16,0.002534578863443101,0.00682755091804124
models/powernet_lstm512_mlp164_mlp232_final32_dropout0.3_lr0.0005.pt,2025-06-23 20:14:17,2025-06-23 20:14:17,17,0.002511964309525611,0.006675099091981316
models/powernet_lstm512_mlp164_mlp232_final32_dropout0.3_lr0.0005.pt,2025-06-23 20:14:30,2025-06-23 20:14:30,18,0.002495509415881009,0.00682451582923975
models/powernet_lstm512_mlp164_mlp232_final32_dropout0.3_lr0.0005.pt,2025-06-23 20:14:43,2025-06-23 20:14:43,19,0.0024879666783178883,0.006524964981335437
models/powernet_lstm512_mlp164_mlp232_final32_dropout0.3_lr0.0005.pt,2025-06-23 20:14:56,2025-06-23 20:14:57,20,0.0024906544450951714,0.006437203335475975
models/powernet_lstm512_mlp164_mlp232_final64_dropout0.2_lr0.001.pt,2025-06-23 20:15:10,2025-06-23 20:15:10,1,0.00858053079492072,0.01511575004440688
models/powernet_lstm512_mlp164_mlp232_final64_dropout0.2_lr0.001.pt,2025-06-23 20:15:23,2025-06-23 20:15:23,2,0.0032897146736224946,0.007780274130969441
models/powernet_lstm512_mlp164_mlp232_final64_dropout0.2_lr0.001.pt,2025-06-23 20:15:36,2025-06-23 20:15:36,3,0.002959107391926999,0.007321439285684998
models/powernet_lstm512_mlp164_mlp232_final64_dropout0.2_lr0.001.pt,2025-06-23 20:15:49,2025-06-23 20:15:49,4,0.0029241252293062104,0.007086353226830917
models/powernet_lstm512_mlp164_mlp232_final64_dropout0.2_lr0.001.pt,2025-06-23 20:16:02,2025-06-23 20:16:02,5,0.002882498256616189,0.006833602272395399
models/powernet_lstm512_mlp164_mlp232_final64_dropout0.2_lr0.001.pt,2025-06-23 20:16:15,2025-06-23 20:16:16,6,0.0028629788617913505,0.0070469954100969645
models/powernet_lstm512_mlp164_mlp232_final64_dropout0.2_lr0.001.pt,2025-06-23 20:16:28,2025-06-23 20:16:29,7,0.0027821784040034836,0.006974572168907062
models/powernet_lstm512_mlp164_mlp232_final64_dropout0.2_lr0.001.pt,2025-06-23 20:16:41,2025-06-23 20:16:42,8,0.002765548497108379,0.0072289308411113565
models/powernet_lstm512_mlp164_mlp232_final64_dropout0.2_lr0.001.pt,2025-06-23 20:16:54,2025-06-23 20:16:55,9,0.002770958339567438,0.006683168548902142
models/powernet_lstm512_mlp164_mlp232_final64_dropout0.2_lr0.001.pt,2025-06-23 20:17:07,2025-06-23 20:17:08,10,0.0026975812417672825,0.00670467641681344
models/powernet_lstm512_mlp164_mlp232_final64_dropout0.2_lr0.001.pt,2025-06-23 20:17:20,2025-06-23 20:17:21,11,0.0026678252573196833,0.0067447389897313855
models/powernet_lstm512_mlp164_mlp232_final64_dropout0.2_lr0.001.pt,2025-06-23 20:17:33,2025-06-23 20:17:34,12,0.0026178473403709055,0.0065098217635836805
models/powernet_lstm512_mlp164_mlp232_final64_dropout0.2_lr0.001.pt,2025-06-23 20:17:46,2025-06-23 20:17:47,13,0.0025712967422890135,0.006403597129974514
models/powernet_lstm512_mlp164_mlp232_final64_dropout0.2_lr0.001.pt,2025-06-23 20:17:59,2025-06-23 20:18:00,14,0.002561353277632012,0.006225182465554792
models/powernet_lstm512_mlp164_mlp232_final64_dropout0.2_lr0.001.pt,2025-06-23 20:18:12,2025-06-23 20:18:13,15,0.002567176966963204,0.006360559927998111
models/powernet_lstm512_mlp164_mlp232_final64_dropout0.2_lr0.001.pt,2025-06-23 20:18:25,2025-06-23 20:18:26,16,0.002539406709589346,0.006183418653173638
models/powernet_lstm512_mlp164_mlp232_final64_dropout0.2_lr0.001.pt,2025-06-23 20:18:38,2025-06-23 20:18:39,17,0.002508654459038504,0.006073662539988402
models/powernet_lstm512_mlp164_mlp232_final64_dropout0.2_lr0.001.pt,2025-06-23 20:18:51,2025-06-23 20:18:52,18,0.002486781633087045,0.006221734935284725
models/powernet_lstm512_mlp164_mlp232_final64_dropout0.2_lr0.001.pt,2025-06-23 20:19:04,2025-06-23 20:19:05,19,0.002479145004193709,0.005808572814289835
models/powernet_lstm512_mlp164_mlp232_final64_dropout0.2_lr0.001.pt,2025-06-23 20:19:17,2025-06-23 20:19:18,20,0.0024520809145992303,0.0059229874445701994
models/powernet_lstm512_mlp164_mlp232_final64_dropout0.2_lr0.0005.pt,2025-06-23 20:19:31,2025-06-23 20:19:32,1,0.01035490127715973,0.03540608690430721
models/powernet_lstm512_mlp164_mlp232_final64_dropout0.2_lr0.0005.pt,2025-06-23 20:19:44,2025-06-23 20:19:45,2,0.010454081864919059,0.029265015696485836
models/powernet_lstm512_mlp164_mlp232_final64_dropout0.2_lr0.0005.pt,2025-06-23 20:19:57,2025-06-23 20:19:58,3,0.006474649077669407,0.012721145658620767
models/powernet_lstm512_mlp164_mlp232_final64_dropout0.2_lr0.0005.pt,2025-06-23 20:20:10,2025-06-23 20:20:11,4,0.0034070783199810868,0.007401586169310447
models/powernet_lstm512_mlp164_mlp232_final64_dropout0.2_lr0.0005.pt,2025-06-23 20:20:23,2025-06-23 20:20:24,5,0.0028601450072157056,0.007077428853205804
models/powernet_lstm512_mlp164_mlp232_final64_dropout0.2_lr0.0005.pt,2025-06-23 20:20:36,2025-06-23 20:20:37,6,0.0027904480108275668,0.0068982215321046255
models/powernet_lstm512_mlp164_mlp232_final64_dropout0.2_lr0.0005.pt,2025-06-23 20:20:49,2025-06-23 20:20:50,7,0.0027405058680411835,0.006937946971794147
models/powernet_lstm512_mlp164_mlp232_final64_dropout0.2_lr0.0005.pt,2025-06-23 20:21:03,2025-06-23 20:21:03,8,0.0026885355291466685,0.007102270199019196
models/powernet_lstm512_mlp164_mlp232_final64_dropout0.2_lr0.0005.pt,2025-06-23 20:21:16,2025-06-23 20:21:16,9,0.0026510137151138135,0.007287016598552111
models/powernet_lstm512_mlp164_mlp232_final64_dropout0.2_lr0.0005.pt,2025-06-23 20:21:29,2025-06-23 20:21:29,10,0.0026490386960069117,0.007114359181806711
models/powernet_lstm512_mlp164_mlp232_final64_dropout0.2_lr0.0005.pt,2025-06-23 20:21:42,2025-06-23 20:21:42,11,0.002620149327712851,0.007241655706561038
models/powernet_lstm512_mlp164_mlp232_final64_dropout0.2_lr0.0005.pt,2025-06-23 20:21:55,2025-06-23 20:21:55,12,0.002631452606415533,0.007136853798458885
models/powernet_lstm512_mlp164_mlp232_final64_dropout0.2_lr0.0005.pt,2025-06-23 20:22:08,2025-06-23 20:22:08,13,0.0025992339187625906,0.006896451079574902
models/powernet_lstm512_mlp164_mlp232_final64_dropout0.2_lr0.0005.pt,2025-06-23 20:22:21,2025-06-23 20:22:22,14,0.002572428843166719,0.007036041399087047
models/powernet_lstm512_mlp164_mlp232_final64_dropout0.2_lr0.0005.pt,2025-06-23 20:22:34,2025-06-23 20:22:35,15,0.0025703120956032145,0.0071938087293390365
models/powernet_lstm512_mlp164_mlp232_final64_dropout0.2_lr0.0005.pt,2025-06-23 20:22:47,2025-06-23 20:22:48,16,0.0025357904759856146,0.006837245462174039
models/powernet_lstm512_mlp164_mlp232_final64_dropout0.2_lr0.0005.pt,2025-06-23 20:23:00,2025-06-23 20:23:01,17,0.0025540483860901097,0.006728022266456503
models/powernet_lstm512_mlp164_mlp232_final64_dropout0.2_lr0.0005.pt,2025-06-23 20:23:13,2025-06-23 20:23:14,18,0.0025155337771334465,0.00688360386162198
models/powernet_lstm512_mlp164_mlp232_final64_dropout0.2_lr0.0005.pt,2025-06-23 20:23:26,2025-06-23 20:23:27,19,0.002498315694838083,0.0066100682763914976
models/powernet_lstm512_mlp164_mlp232_final64_dropout0.2_lr0.0005.pt,2025-06-23 20:23:39,2025-06-23 20:23:40,20,0.002484783263997831,0.006631207578937479
models/powernet_lstm512_mlp164_mlp232_final64_dropout0.3_lr0.001.pt,2025-06-23 20:23:53,2025-06-23 20:23:53,1,0.00936415980076192,0.023598685167685506
models/powernet_lstm512_mlp164_mlp232_final64_dropout0.3_lr0.001.pt,2025-06-23 20:24:06,2025-06-23 20:24:07,2,0.0036295185624066854,0.008870852451461056
models/powernet_lstm512_mlp164_mlp232_final64_dropout0.3_lr0.001.pt,2025-06-23 20:24:19,2025-06-23 20:24:20,3,0.0030068687288366813,0.008557220039490079
models/powernet_lstm512_mlp164_mlp232_final64_dropout0.3_lr0.001.pt,2025-06-23 20:24:32,2025-06-23 20:24:33,4,0.002949556333303291,0.008333385362112452
models/powernet_lstm512_mlp164_mlp232_final64_dropout0.3_lr0.001.pt,2025-06-23 20:24:45,2025-06-23 20:24:46,5,0.0029035841302481385,0.008171680743717366
models/powernet_lstm512_mlp164_mlp232_final64_dropout0.3_lr0.001.pt,2025-06-23 20:24:58,2025-06-23 20:24:59,6,0.0029204843313275506,0.00794609564556075
models/powernet_lstm512_mlp164_mlp232_final64_dropout0.3_lr0.001.pt,2025-06-23 20:25:11,2025-06-23 20:25:12,7,0.0028661514595789356,0.007620872741210319
models/powernet_lstm512_mlp164_mlp232_final64_dropout0.3_lr0.001.pt,2025-06-23 20:25:24,2025-06-23 20:25:25,8,0.00286739631633689,0.00716641907846289
models/powernet_lstm512_mlp164_mlp232_final64_dropout0.3_lr0.001.pt,2025-06-23 20:25:37,2025-06-23 20:25:38,9,0.0027902670343169494,0.00712848171990897
models/powernet_lstm512_mlp164_mlp232_final64_dropout0.3_lr0.001.pt,2025-06-23 20:25:50,2025-06-23 20:25:51,10,0.0027967911647794616,0.006966011807976645
models/powernet_lstm512_mlp164_mlp232_final64_dropout0.3_lr0.001.pt,2025-06-23 20:26:03,2025-06-23 20:26:04,11,0.0027666286475444045,0.006595866075561692
models/powernet_lstm512_mlp164_mlp232_final64_dropout0.3_lr0.001.pt,2025-06-23 20:26:16,2025-06-23 20:26:17,12,0.002743722056534173,0.006736861491974976
models/powernet_lstm512_mlp164_mlp232_final64_dropout0.3_lr0.001.pt,2025-06-23 20:26:29,2025-06-23 20:26:30,13,0.0027194322600308136,0.006711718828661279
models/powernet_lstm512_mlp164_mlp232_final64_dropout0.3_lr0.001.pt,2025-06-23 20:26:42,2025-06-23 20:26:43,14,0.0026480781889664956,0.006439178200837757
models/powernet_lstm512_mlp164_mlp232_final64_dropout0.3_lr0.001.pt,2025-06-23 20:26:55,2025-06-23 20:26:56,15,0.002629939613903048,0.006380602971018691
models/powernet_lstm512_mlp164_mlp232_final64_dropout0.3_lr0.001.pt,2025-06-23 20:27:08,2025-06-23 20:27:09,16,0.0026052379045501104,0.006295700847182334
models/powernet_lstm512_mlp164_mlp232_final64_dropout0.3_lr0.001.pt,2025-06-23 20:27:21,2025-06-23 20:27:22,17,0.002594032450497741,0.006236462036169888
models/powernet_lstm512_mlp164_mlp232_final64_dropout0.3_lr0.001.pt,2025-06-23 20:27:34,2025-06-23 20:27:35,18,0.002522735399757153,0.005831981366056772
models/powernet_lstm512_mlp164_mlp232_final64_dropout0.3_lr0.001.pt,2025-06-23 20:27:48,2025-06-23 20:27:48,19,0.0024955895313981415,0.006137815183527502
models/powernet_lstm512_mlp164_mlp232_final64_dropout0.3_lr0.001.pt,2025-06-23 20:28:01,2025-06-23 20:28:01,20,0.0024996145712522584,0.006150285741092549
models/powernet_lstm512_mlp164_mlp232_final64_dropout0.3_lr0.0005.pt,2025-06-23 20:28:14,2025-06-23 20:28:15,1,0.010112538938552448,0.034008950660271306
models/powernet_lstm512_mlp164_mlp232_final64_dropout0.3_lr0.0005.pt,2025-06-23 20:28:27,2025-06-23 20:28:28,2,0.007054483776705133,0.01696196037699424
models/powernet_lstm512_mlp164_mlp232_final64_dropout0.3_lr0.0005.pt,2025-06-23 20:28:40,2025-06-23 20:28:41,3,0.003815622910031862,0.009006384047790476
models/powernet_lstm512_mlp164_mlp232_final64_dropout0.3_lr0.0005.pt,2025-06-23 20:28:53,2025-06-23 20:28:54,4,0.003069900977362688,0.007869699701023776
models/powernet_lstm512_mlp164_mlp232_final64_dropout0.3_lr0.0005.pt,2025-06-23 20:29:07,2025-06-23 20:29:07,5,0.0029435325144288567,0.007966205122924987
models/powernet_lstm512_mlp164_mlp232_final64_dropout0.3_lr0.0005.pt,2025-06-23 20:29:20,2025-06-23 20:29:20,6,0.002903890262591973,0.007728346479347064
models/powernet_lstm512_mlp164_mlp232_final64_dropout0.3_lr0.0005.pt,2025-06-23 20:29:33,2025-06-23 20:29:33,7,0.0028691672273339058,0.0073333296833360305
models/powernet_lstm512_mlp164_mlp232_final64_dropout0.3_lr0.0005.pt,2025-06-23 20:29:46,2025-06-23 20:29:46,8,0.002848871981918705,0.007269279312043052
models/powernet_lstm512_mlp164_mlp232_final64_dropout0.3_lr0.0005.pt,2025-06-23 20:29:59,2025-06-23 20:29:59,9,0.0028204912935549686,0.0074338277668825215
models/powernet_lstm512_mlp164_mlp232_final64_dropout0.3_lr0.0005.pt,2025-06-23 20:30:12,2025-06-23 20:30:12,10,0.002769364728323204,0.00723079091126454
models/powernet_lstm512_mlp164_mlp232_final64_dropout0.3_lr0.0005.pt,2025-06-23 20:30:25,2025-06-23 20:30:25,11,0.0027531466941686355,0.007420714404101351
models/powernet_lstm512_mlp164_mlp232_final64_dropout0.3_lr0.0005.pt,2025-06-23 20:30:38,2025-06-23 20:30:38,12,0.0027877611032913283,0.007251811585211683
models/powernet_lstm512_mlp164_mlp232_final64_dropout0.3_lr0.0005.pt,2025-06-23 20:30:51,2025-06-23 20:30:51,13,0.002733480566853864,0.007087431264586658
models/powernet_lstm512_mlp164_mlp232_final64_dropout0.3_lr0.0005.pt,2025-06-23 20:31:04,2025-06-23 20:31:04,14,0.002708779094191218,0.007166828871482895
models/powernet_lstm512_mlp164_mlp232_final64_dropout0.3_lr0.0005.pt,2025-06-23 20:31:17,2025-06-23 20:31:17,15,0.002668427658938272,0.007054850836062715
models/powernet_lstm512_mlp164_mlp232_final64_dropout0.3_lr0.0005.pt,2025-06-23 20:31:30,2025-06-23 20:31:31,16,0.0026561585818267158,0.007248924895455795
models/powernet_lstm512_mlp164_mlp232_final64_dropout0.3_lr0.0005.pt,2025-06-23 20:31:43,2025-06-23 20:31:44,17,0.0026728087056350582,0.007036482725414403
models/powernet_lstm512_mlp164_mlp232_final64_dropout0.3_lr0.0005.pt,2025-06-23 20:31:56,2025-06-23 20:31:57,18,0.00262556652613898,0.006906819033680395
models/powernet_lstm512_mlp164_mlp232_final64_dropout0.3_lr0.0005.pt,2025-06-23 20:32:09,2025-06-23 20:32:10,19,0.0026003520815394564,0.006937569572723338
models/powernet_lstm512_mlp164_mlp232_final64_dropout0.3_lr0.0005.pt,2025-06-23 20:32:22,2025-06-23 20:32:23,20,0.002565620967829984,0.006930791941981408
