y_true,y_st,y_lt
12.151666666666666,11.940329,12.094133
11.997083333333334,11.775696,11.721009
11.819166666666668,11.628752,11.367235
11.646666666666667,11.459733,11.032917
11.47875,11.297101,10.719142
11.310416666666667,11.138413,10.427219
11.357916666666666,10.979338,10.156825
11.646666666666667,11.024127,9.906452
11.7825,11.297101,9.674259
12.0625,11.425188,9.457639
12.425833333333332,11.690925,9.25389
12.627083333333333,12.03454,9.062776
13.045,12.221877,8.884038
13.2675,12.606036,8.717468
13.380416666666667,12.811874,8.562584
13.54625,12.916919,8.419422
13.832916666666664,13.070907,8.287238
14.594999999999999,13.336166,8.165128
15.330833333333333,14.035785,8.0524435
15.649166666666666,14.731371,7.9486866
15.864166666666668,15.035979,7.8531227
16.117083333333333,15.241627,7.765362
16.28875,15.479956,7.684563
16.45416666666667,15.641865,7.6094837
16.625416666666666,15.798147,7.5396495
16.732499999999998,15.95999,7.4747643
16.703333333333333,16.060383,7.4141083
16.697083333333335,16.033024,7.3573594
16.48875,16.027159,7.304313
16.104583333333334,15.830858,7.254751
15.585416666666667,15.468169,7.2084713
15.144583333333332,14.974794,7.165289
14.847083333333332,14.553555,7.1250267
14.467916666666667,14.272335,7.0875115
13.871250000000002,13.9189415,7.052569
13.355833333333335,13.371621,7.0199847
12.77125,12.894093,6.989616
12.315416666666666,12.353769,6.96125
12.785416666666665,11.931687,6.934762
13.582083333333332,12.366794,6.910033
14.09875,13.10409,6.886833
13.944583333333334,13.580917,6.865041
13.80375,13.439525,6.8445773
13.580833333333333,13.309201,6.825368
13.482916666666666,13.102934,6.8073406
13.40875,13.012173,6.790429
13.427083333333334,12.943236,6.774567
13.445416666666667,12.960273,6.759695
13.455416666666666,12.977313,6.745754
13.4675,12.986602,6.7326875
13.476666666666667,12.99783,6.720445
13.464999999999998,13.006352,6.7089725
13.46,12.995506,6.698227
13.962083333333332,12.990861,6.688162
14.797083333333333,13.455744,6.678737
15.654166666666669,14.22525,6.6699066
16.3975,15.040778,6.661591
16.982499999999998,15.744592,6.6537623
17.177083333333332,16.293976,6.6463923
17.169999999999998,16.474419,6.6394544
16.9975,16.467846,6.632925
16.786666666666665,16.30788,6.6267815
15.767083333333334,16.111229,6.6210017
14.489583333333334,15.148767,6.6155615
13.46625,13.9388075,6.610444
12.548333333333334,12.996668,6.6056294
11.566666666666665,12.148426,6.601101
11.364583333333334,11.221775,6.5968413
11.329166666666666,11.030416,6.592835
11.310416666666667,10.997014,6.589068
11.300000000000002,10.979338,6.5855255
11.285416666666665,10.969521,6.582195
11.28375,10.955778,6.579062
11.380833333333335,10.95421,6.576117
11.569583333333334,11.0457535,6.5733485
11.756666666666668,11.224543,6.570745
12.04,11.400861,6.5682974
11.889583333333334,11.669534,6.565997
11.2675,11.526663,6.5638347
10.525416666666667,10.938903,6.5618014
9.845,10.247495,6.5598907
9.387083333333333,9.617261,6.558094
9.502083333333333,9.18766,6.5564055
9.78375,9.295655,6.554818
10.08625,9.560385,6.553327
10.62875,9.841,6.5519247
11.175833333333332,10.343233,6.550607
11.668333333333335,10.852519,6.5493684
12.16625,11.317519,6.5482054
12.725,11.789571,6.547112
13.404583333333335,12.31144,6.5460844
13.676666666666668,12.939365,6.545119
13.674583333333333,13.19176,6.544211
13.674999999999999,13.189828,6.5433593
13.672916666666666,13.190214,6.5425572
13.672083333333333,13.188283,6.5418034
13.663333333333332,13.18751,6.541096
13.636666666666665,13.179397,6.540432
13.637083333333331,13.154671,6.539807
13.625416666666666,13.155059,6.53922
13.588333333333333,13.144244,6.538668
13.625,13.109882,6.5381503
13.597499999999998,13.143858,6.5376635
13.587083333333334,13.118372,6.537205
13.615416666666667,13.108722,6.536775
13.555,13.134975,6.5363708
13.466666666666667,13.079009,6.535991
13.542083333333332,12.997054,6.535635
13.705416666666665,13.067048,6.5353
13.640416666666667,13.218337,6.5349855
13.614166666666668,13.158148,6.5346894
13.667916666666665,13.133819,6.5344114
13.944166666666668,13.183647,6.53415
14.49375,13.43914,6.533904
15.086666666666668,13.942631,6.533673
15.678333333333335,14.498659,6.5334563
15.684583333333334,15.063928,6.5332522
15.684166666666668,15.069913,6.5330606
15.680833333333332,15.069513,6.532881
15.679583333333332,15.066322,6.5327125
15.679166666666667,15.065125,6.5325537
15.645416666666668,15.064729,6.532404
15.644166666666669,15.032378,6.5322638
15.655000000000001,15.031177,6.532134
15.703333333333333,15.04158,6.5320106
15.7675,15.087868,6.531895
15.804583333333333,15.149164,6.531786
15.799999999999999,15.184621,6.5316834
15.783333333333331,15.180235,6.5315866
15.8425,15.164293,6.5314965
15.797916666666666,15.220929,6.531411
15.70375,15.178244,6.5313315
15.5075,15.088265,6.531256
15.473333333333334,14.900259,6.5311856
15.39,14.867673,6.5311184
15.344583333333333,14.788039,6.531056
15.082916666666668,14.7445345,6.530997
14.428749999999999,14.495108,6.530942
13.714166666666666,13.883047,6.5308905
13.120416666666666,13.226419,6.530842
13.12,12.6755905,6.5307965
13.115,12.675206,6.530754
13.112500000000002,12.670593,6.5307145
13.107500000000002,12.668286,6.5306764
13.11125,12.663673,6.5306406
13.112083333333333,12.667134,6.530608
13.100833333333332,12.667903,6.5305767
13.086666666666666,12.657522,6.5305486
12.886666666666668,12.644456,6.5305214
12.52625,12.460074,6.5304956
12.384166666666667,12.1278305,6.530472
12.352916666666665,11.995871,6.5304494
12.18,11.966768,6.530427
12.050416666666669,11.802653,6.530407
12.044166666666667,11.679435,6.5303884
12.04125,11.673492,6.53037
12.094166666666666,11.670723,6.5303526
12.17875,11.721042,6.530336
12.171666666666667,11.801464,6.530321
11.982500000000002,11.7947235,6.530308
11.770833333333334,11.614896,6.530295
11.652083333333335,11.414201,6.5302825
11.669583333333334,11.302205,6.530271
11.74125,11.3187,6.5302606
11.575000000000001,11.386347,6.5302505
11.413333333333334,11.2296715,6.53024
11.246666666666664,11.076444,6.530231
11.077916666666667,10.9192915,6.530222
10.913333333333334,10.761028,6.5302153
10.744583333333333,10.60794,6.5302086
10.5825,10.450876,6.530201
10.41875,10.300299,6.5301943
10.336666666666668,10.149016,6.5301876
10.29625,10.073377,6.5301824
10.220416666666667,10.0358305,6.5301766
10.12375,9.965444,6.5301714
10.192916666666667,9.875787,6.530166
10.155,9.939927,6.530161
10.154166666666667,9.904759,6.5301566
10.155833333333334,9.903984,6.530152
10.136666666666667,9.905532,6.530148
10.007083333333332,9.887759,6.530145
9.965833333333334,9.767539,6.5301414
9.980416666666665,9.72929,6.5301394
9.925,9.74281,6.530136
9.874583333333332,9.691445,6.5301332
9.620833333333334,9.644701,6.530132
9.251666666666667,9.407375,6.5301304
9.247916666666667,9.060692,6.5301275
9.412083333333333,9.057179,6.530126
9.567499999999999,9.211116,6.5301237
9.677916666666667,9.357176,6.5301223
9.670833333333334,9.461072,6.53012
9.6275,9.454426,6.5301185
9.422916666666667,9.4136505,6.530117
9.254166666666668,9.221281,6.5301147
9.082500000000001,9.063035,6.5301123
8.867916666666668,8.902471,6.5301104
8.74625,8.702487,6.530108
9.569583333333332,8.589265,6.5301065
10.396666666666667,9.359138,6.5301065
11.275,10.128654,6.530105
11.830833333333333,10.945965,6.530105
11.655833333333334,11.470767,6.5301037
11.609583333333333,11.305739,6.5301027
12.237083333333336,11.26222,6.5301023
12.937916666666666,11.856998,6.5301013
13.639583333333334,12.5072975,6.5301003
14.134583333333333,13.157374,6.5301
13.863749999999998,13.613661,6.5301
13.612499999999999,13.364684,6.5301
13.647916666666667,13.132272,6.5301
13.694583333333334,13.165101,6.5301
13.590833333333334,13.208332,6.5301
13.49125,13.112197,6.5301
13.441249999999998,13.01993,6.5301
13.499583333333334,12.973439,6.5301
13.555,13.027688,6.5301
13.617500000000001,13.079009,6.5301
13.665416666666667,13.136906,6.5301
13.717916666666666,13.181329,6.5301
14.492083333333333,13.229886,6.5301
15.410416666666668,13.941103,6.5301
15.444583333333332,14.807609,6.5301
15.352083333333333,14.840234,6.5301
15.233333333333333,14.7517185,6.5301
15.172500000000001,14.6379595,6.5301
15.124166666666667,14.58003,6.5301
14.882916666666667,14.534197,6.5301
13.838750000000003,14.306099,6.5301
12.694583333333334,13.34156,6.5301
11.522083333333333,12.283615,6.5301
10.621666666666668,11.179497,6.5301
10.434166666666666,10.336657,6.5301
10.204166666666666,10.163232,6.5301
10.034166666666668,9.950365,6.5301
9.988750000000001,9.792665,6.5301
9.9325,9.750538,6.5301
9.882083333333332,9.698394,6.5301
9.833333333333334,9.651663,6.5301
9.780416666666667,9.606469,6.5301
9.819166666666666,9.557264,6.5301
9.972916666666666,9.59337,6.5301
10.100416666666666,9.735856,6.5301
10.530833333333334,9.854149,6.5301
10.295833333333334,10.252501,6.5301
9.835833333333333,10.035442,6.5301
9.314583333333333,9.608779,6.5301
8.850833333333334,9.119664,6.5301
8.155,8.686615,6.5301
7.694583333333334,8.043111,6.5301
7.921250000000001,7.6188107,6.5301
8.187083333333334,7.8278904,6.5301
8.577916666666667,8.0727005,6.5301
9.020833333333334,8.433588,6.5301
9.502916666666666,8.844871,6.5301
9.952499999999999,9.296439,6.5301
10.72625,9.716929,6.5301
11.724583333333333,10.433829,6.5301
12.147916666666667,11.370611,6.5301
12.159583333333332,11.77213,6.5301
12.163333333333334,11.783228,6.5301
12.162083333333333,11.786797,6.5301
12.1625,11.785606,6.5301
12.162083333333333,11.786003,6.5301
12.157499999999999,11.785606,6.5301
12.150416666666667,11.781247,6.5301
12.155000000000001,11.774507,6.5301
12.042916666666668,11.77887,6.5301
11.945416666666667,11.672306,6.5301
11.868749999999999,11.579684,6.5301
11.791666666666666,11.506834,6.5301
11.760833333333332,11.433824,6.5301
11.712916666666667,11.404783,6.5301
11.704583333333334,11.359591,6.5301
11.7525,11.35172,6.5301
11.774583333333332,11.396937,6.5301
11.764583333333333,11.417732,6.5301
11.745416666666666,11.408316,6.5301
11.71625,11.390268,6.5301
11.659999999999998,11.3627405,6.5301
11.318333333333333,11.309667,6.5301
10.859166666666667,10.986801,6.5301
10.656666666666666,10.5575075,6.5301
10.645,10.369162,6.5301
10.64375,10.358325,6.5301
10.641250000000001,10.357165,6.5301
10.6425,10.354842,6.5301
10.6425,10.356004,6.5301
10.606666666666667,10.356004,6.5301
10.602916666666667,10.322729,6.5301
10.600416666666666,10.319249,6.5301
10.49125,10.316928,6.5301
10.502083333333333,10.215925,6.5301
10.512916666666667,10.225935,6.5301
10.5325,10.235943,6.5301
10.542916666666667,10.25404,6.5301
10.863750000000001,10.263669,6.5301
11.200416666666667,10.561775,6.5301
11.24375,10.8757,6.5301
11.254583333333334,10.916548,6.5301
11.327916666666667,10.926744,6.5301
11.351666666666667,10.995835,6.5301
11.365416666666667,11.018228,6.5301
11.32625,11.031202,6.5301
11.34375,10.994264,6.5301
11.368333333333332,11.010762,6.5301
11.434583333333334,11.033955,6.5301
11.444583333333334,11.096562,6.5301
11.445416666666667,11.106035,6.5301
11.448333333333336,11.106826,6.5301
11.45125,11.109586,6.5301
11.460833333333333,11.112352,6.5301
11.457500000000001,11.121433,6.5301
11.466666666666667,11.118275,6.5301
11.458333333333334,11.126961,6.5301
11.56125,11.119064,6.5301
11.554166666666665,11.2166395,6.5301
11.547083333333333,11.209926,6.5301
11.571666666666667,11.203213,6.5301
11.657916666666665,11.226521,6.5301
11.657916666666665,11.307704,6.5301
11.597083333333332,11.307704,6.5301
11.510833333333332,11.250533,6.5301
11.478333333333332,11.16883,6.5301
11.446666666666665,11.138019,6.5301
11.4275,11.10801,6.5301
11.406666666666666,11.089852,6.5301
11.417083333333332,11.070147,6.5301
11.406666666666666,11.079987,6.5301
11.383333333333333,11.070147,6.5301
11.343333333333334,11.048113,6.5301
11.332083333333335,11.010369,6.5301
11.329166666666666,10.999763,6.5301
11.318333333333333,10.997014,6.5301
11.309583333333334,10.986801,6.5301
11.301666666666664,10.978552,6.5301
11.374999999999998,10.971092,6.5301
11.52833333333333,11.040244,6.5301
11.694583333333334,11.185426,6.5301
11.910416666666665,11.342275,6.5301
12.098333333333334,11.546447,6.5301
12.2975,11.725004,6.5301
12.436666666666667,11.914592,6.5301
12.514166666666666,12.044601,6.5301
12.714583333333332,12.116587,6.5301
12.83375,12.301909,6.5301
12.9925,12.411338,6.5301
13.322916666666666,12.557615,6.5301
13.566250000000002,12.863527,6.5301
13.717916666666667,13.089427,6.5301
13.89,13.229886,6.5301
14.081249999999999,13.38897,6.5301
14.255833333333333,13.564935,6.5301
14.3675,13.724555,6.5301
14.432083333333333,13.826936,6.5301
14.602916666666665,13.886102,6.5301
14.769583333333335,14.043077,6.5301
14.945833333333333,14.199374,6.5301
15.112083333333333,14.365414,6.5301
15.280416666666667,14.522744,6.5301
15.321250000000001,14.683086,6.5301
15.134166666666667,14.722198,6.5301
14.938333333333333,14.543675,6.5301
14.513750000000002,14.35834,6.5301
14.025,13.961015,6.5301
13.523333333333333,13.513573,6.5301
13.041666666666666,13.049692,6.5301
12.58625,12.602962,6.5301
12.027083333333335,12.183802,6.5301
11.653333333333334,11.657259,6.5301
11.637916666666667,11.303385,6.5301
11.392916666666666,11.288857,6.5301
11.225416666666666,11.057161,6.5301
11.134583333333333,10.899285,6.5301
10.744583333333333,10.813838,6.5301
10.326666666666666,10.450876,6.5301
9.935,10.064101,6.5301
9.607916666666666,9.70071,6.5301
9.56875,9.395217,6.5301
9.557916666666666,9.358354,6.5301
9.545,9.348161,6.5301
9.540416666666667,9.336009,6.5301
9.54125,9.3316965,6.5301
9.537083333333333,9.33248,6.5301
9.534583333333332,9.328561,6.5301
9.525,9.326209,6.5301
9.542499999999999,9.3172,6.5301
9.54125,9.333657,6.5301
10.249583333333334,9.33248,6.5301
11.107083333333334,9.992509,6.5301
12.000416666666666,10.788201,6.5301
12.8275,11.631917,6.5301
13.620833333333332,12.405577,6.5301
13.865416666666668,13.139997,6.5301
13.66625,13.366223,6.5301
13.520833333333334,13.182099,6.5301
13.216666666666667,13.047379,6.5301
12.922083333333333,12.764581,6.5301
12.88375,12.492705,6.5301
12.938749999999999,12.457389,6.5301
12.932083333333333,12.508065,6.5301
12.789583333333333,12.501921,6.5301
12.676666666666664,12.370634,6.5301
12.6775,12.267227,6.5301
12.690416666666666,12.267989,6.5301
12.690833333333336,12.279802,6.5301
12.691666666666665,12.280184,6.5301
12.685,12.280948,6.5301
12.783333333333331,12.274847,6.5301
12.975416666666666,12.364875,6.5301
13.152916666666668,12.541866,6.5301
13.399583333333332,12.70559,6.5301
13.012083333333331,12.93472,6.5301
12.475416666666666,12.575675,6.5301
11.759166666666667,12.080586,6.5301
11.061250000000001,11.403213,6.5301
10.475833333333332,10.745511,6.5301
10.324583333333335,10.201684,6.5301
10.53375,10.062163,6.5301
10.797916666666666,10.255194,6.5301
11.247083333333334,10.500491,6.5301
11.642499999999998,10.919686,6.5301
12.060416666666669,11.293175,6.5301
12.761666666666668,11.688944,6.5301
13.351666666666667,12.344997,6.5301
13.946666666666667,12.890221,6.5301
14.220833333333333,13.441457,6.5301
14.225416666666668,13.692526,6.5301
14.234166666666667,13.696718,6.5301
14.227916666666665,13.704726,6.5301
14.227083333333335,13.699007,6.5301
14.229583333333332,13.698244,6.5301
14.215416666666668,13.700531,6.5301
14.22166666666667,13.687572,6.5301
14.212916666666667,13.69329,6.5301
14.187083333333334,13.685284,6.5301
14.242083333333333,13.661652,6.5301
14.131250000000001,13.711969,6.5301
14.094166666666666,13.610614,6.5301
14.09125,13.576731,6.5301
14.0775,13.574066,6.5301
14.102500000000001,13.561509,6.5301
14.22,13.584342,6.5301
14.334166666666668,13.691764,6.5301
14.4675,13.796373,6.5301
14.707500000000001,13.91856,6.5301
14.996250000000002,14.140999,6.5301
14.918749999999998,14.413054,6.5301
14.900833333333333,14.339873,6.5301
14.998333333333335,14.322983,6.5301
15.167916666666668,14.415027,6.5301
15.25625,14.575681,6.5301
15.319166666666668,14.659926,6.5301
15.415000000000001,14.720201,6.5301
15.495833333333332,14.811999,6.5301
15.584583333333333,14.889137,6.5301
15.627083333333333,14.973999,6.5301
15.699583333333335,15.014778,6.5301
15.786249999999997,15.084276,6.5301
15.856666666666667,15.167082,6.5301
15.807083333333333,15.234467,6.5301
15.91625,15.187015,6.5301
16.100416666666664,15.290766,6.5301
16.279583333333335,15.464244,6.5301
16.411666666666665,15.633221,6.5301
16.421249999999997,15.7579775,6.5301
16.319166666666664,15.767032,6.5301
16.2225,15.670587,6.5301
16.177500000000002,15.579433,6.5301
16.037916666666668,15.53695,6.5301
15.835416666666667,15.4053545,6.5301
15.629166666666668,15.214143,6.5301
15.467083333333333,15.016778,6.5301
15.287083333333333,14.861707,6.5301
15.08625,14.689474,6.5301
15.006666666666668,14.498266,6.5301
14.938749999999999,14.422911,6.5301
14.84625,14.358735,6.5301
14.766666666666666,14.271551,6.5301
14.6825,14.196629,6.5301
14.604999999999999,14.117595,6.5301
14.525833333333333,14.044998,6.5301
14.449583333333335,13.972131,6.5301
14.247916666666667,13.902138,6.5301
14.007083333333334,13.71731,6.5301
13.767083333333332,13.497214,6.5301
13.537083333333333,13.275315,6.5301
13.321666666666665,13.06242,6.5301
13.137500000000001,12.862365,6.5301
12.958333333333334,12.691358,6.5301
12.760833333333332,12.526117,6.5301
12.514583333333334,12.344234,6.5301
12.293749999999998,12.116975,6.5301
12.211666666666666,11.9110155,6.5301
12.127083333333333,11.832795,6.5301
12.1225,11.752316,6.5301
12.076666666666668,11.747957,6.5301
11.797083333333333,11.704397,6.5301
11.6875,11.438927,6.5301
11.665416666666665,11.335589,6.5301
11.66125,11.31477,6.5301
11.665833333333332,11.310843,6.5301
11.658333333333333,11.315164,6.5301
11.6575,11.308095,6.5301
11.655000000000001,11.30731,6.5301
11.661666666666667,11.3049555,6.5301
11.650833333333333,11.311234,6.5301
11.654583333333335,11.301028,6.5301
11.667083333333332,11.304562,6.5301
11.682916666666666,11.31634,6.5301
11.703333333333333,11.331268,6.5301
11.710833333333333,11.350539,6.5301
11.715833333333334,11.357622,6.5301
11.872916666666669,11.362345,6.5301
12.043333333333335,11.5108,6.5301
12.224166666666667,11.672702,6.5301
12.307916666666666,11.844698,6.5301
12.321666666666665,11.924531,6.5301
12.363333333333332,11.937606,6.5301
12.32125,11.976472,6.5301
12.349583333333333,11.937217,6.5301
12.430833333333334,11.963662,6.5301
12.428749999999999,12.039185,6.5301
12.442083333333334,12.037249,6.5301
12.425416666666669,12.049628,6.5301
12.417083333333332,12.034152,6.5301
12.407916666666667,12.026419,6.5301
12.39625,12.01791,6.5301
12.337083333333332,12.007086,6.5301
12.13375,11.951996,6.5301
11.945416666666667,11.7586565,6.5301
11.969999999999999,11.579684,6.5301
12.384583333333332,11.6030245,6.5301
13.343333333333334,11.996259,6.5301
14.249166666666666,12.882487,6.5301
15.185416666666667,13.718454,6.5301
16.40375,14.592286,6.5301
17.500833333333333,15.750497,6.5301
18.471666666666668,16.775555,6.5301
19.411666666666665,17.678295,6.5301
19.749583333333334,18.569813,6.5301
19.350833333333334,18.894215,6.5301
18.955000000000002,18.511374,6.5301
18.612916666666667,18.133486,6.5301
18.302083333333332,17.811092,6.5301
18.152916666666666,17.520195,6.5301
18.122083333333332,17.381844,6.5301
18.11,17.353216,6.5301
18.10833333333333,17.34199,6.5301
18.106666666666666,17.340443,6.5301
18.10375,17.338896,6.5301
18.11,17.336187,6.5301
18.117916666666666,17.34199,6.5301
18.12291666666667,17.34935,6.5301
18.129166666666666,17.353992,6.5301
17.9975,17.3598,6.5301
17.766250000000003,17.23756,6.5301
17.160416666666666,17.02242,6.5301
16.67625,16.458948,6.5301
16.119583333333335,16.007622,6.5301
15.197083333333332,15.482313,6.5301
14.132083333333334,14.603356,6.5301
12.9,13.611373,6.5301
11.670833333333333,12.472358,6.5301
10.949166666666665,11.319874,6.5301
11.307083333333333,10.641244,6.5301
12.181249999999999,10.976194,6.5301
12.765,11.803844,6.5301
12.605833333333331,12.348051,6.5301
12.4075,12.202077,6.5301
12.287500000000001,12.017525,6.5301
12.280416666666667,11.905051,6.5301
12.281666666666666,11.898295,6.5301
12.282083333333334,11.8994875,6.5301
12.285416666666665,11.899884,6.5301
12.274583333333334,11.903065,6.5301
12.364166666666668,11.89273,6.5301
12.542083333333332,11.977253,6.5301
12.705833333333333,12.142599,6.5301
13.097916666666668,12.293906,6.5301
13.260833333333332,12.654834,6.5301
13.23625,12.805665,6.5301
13.130833333333333,12.782758,6.5301
13.06875,12.685205,6.5301
13.120416666666669,12.627937,6.5301
13.15875,12.6755905,6.5301
13.452083333333333,12.710973,6.5301
13.767083333333334,12.983504,6.5301
14.202916666666667,13.275315,6.5301
14.2025,13.676134,6.5301
13.790000000000001,13.6757555,6.5301
13.676249999999998,13.296493,6.5301
14.37,13.191376,6.5301
15.0075,13.829229,6.5301
15.284583333333332,14.423699,6.5301
15.298333333333332,14.68708,6.5301
15.292083333333336,14.700253,6.5301
15.292083333333332,14.694264,6.5301
15.287916666666668,14.694264,6.5301
15.287083333333333,14.690274,6.5301
15.270416666666668,14.689474,6.5301
15.270833333333334,14.673504,6.5301
15.284583333333332,14.673905,6.5301
15.20375,14.68708,6.5301
15.177916666666667,14.609682,6.5301
15.165416666666665,14.585169,6.5301
15.153333333333334,14.57331,6.5301
15.1425,14.5618515,6.5301
15.110833333333332,14.551578,6.5301
15.364583333333334,14.52156,6.5301
15.760833333333332,14.763691,6.5301
15.853333333333333,15.1427965,6.5301
15.6825,15.231284,6.5301
15.657499999999999,15.067917,6.5301
15.549166666666666,15.043977,6.5301
15.77375,14.940032,6.5301
15.995416666666669,15.155138,6.5301
16.1775,15.365325,6.5301
16.45208333333333,15.53695,6.5301
16.553333333333335,15.79618,6.5301
16.551666666666666,15.891929,6.5301
16.5525,15.890351,6.5301
16.558333333333334,15.89114,6.5301
16.563333333333333,15.896646,6.5301
16.488333333333333,15.901362,6.5301
16.379583333333333,15.830462,6.5301
16.374166666666667,15.727667,6.5301
16.152916666666666,15.722548,6.5301
15.82875,15.513752,6.5301
15.4975,15.20776,6.5301
15.174583333333333,14.890729,6.5301
14.86875,14.582009,6.5301
14.59625,14.292749,6.5301
14.226666666666667,14.036938,6.5301
13.805,13.697863,6.5301
13.729583333333332,13.310357,6.5301
13.787916666666666,13.240682,6.5301
13.819166666666668,13.294566,6.5301
13.819583333333332,13.323451,6.5301
13.420416666666668,13.323837,6.5301
12.784999999999998,12.954076,6.5301
12.1725,12.36641,6.5301
11.833750000000002,11.795519,6.5301
11.880833333333333,11.47354,6.5301
11.896666666666668,11.518334,6.5301
11.894166666666665,11.533396,6.5301
11.900833333333333,11.531022,6.5301
11.910000000000002,11.537352,6.5301
11.912083333333333,11.546054,6.5301
11.9375,11.548032,6.5301
11.976666666666667,11.5721655,6.5301
12.010833333333332,11.609357,6.5301
12.244583333333333,11.641814,6.5301
12.615,11.864141,6.5301
12.97875,12.210635,6.5301
13.051249999999998,12.54494,6.5301
13.114583333333334,12.611801,6.5301
13.2325,12.670209,6.5301
13.275833333333331,12.779271,6.5301
13.264166666666666,12.819639,6.5301
13.364166666666668,12.808768,6.5301
13.592916666666667,12.901828,6.5301
13.945,13.114127,6.5301
14.294166666666667,13.439913,6.5301
14.832500000000001,13.759697,6.5301
15.54125,14.258598,6.5301
15.735,14.932443,6.5301
15.754583333333334,15.118126,6.5301
15.74875,15.136829,6.5301
15.755416666666667,15.131255,6.5301
15.753333333333336,15.137624,6.5301
15.752916666666666,15.135634,6.5301
15.754166666666668,15.135236,6.5301
15.750833333333333,15.13643,6.5301
15.756666666666666,15.133246,6.5301
16.019166666666667,15.138819,6.5301
16.15625,15.38769,6.5301
16.096666666666668,15.516897,6.5301
15.852083333333333,15.460706,6.5301
15.956666666666669,15.230094,6.5301
16.0275,15.328834,6.5301
16.070833333333333,15.395541,6.5301
15.90916666666667,15.436361,6.5301
15.772916666666667,15.284093,6.5301
15.599583333333335,15.154342,6.5301
15.722499999999998,14.988387,6.5301
15.765416666666667,15.106193,6.5301
15.70375,15.147173,6.5301
15.464166666666666,15.088265,6.5301
15.169583333333334,14.858924,6.5301
15.005,14.577264,6.5301
14.978333333333333,14.421335,6.5301
14.97375,14.396099,6.5301
14.968333333333334,14.391764,6.5301
14.96625,14.3866415,6.5301
14.954583333333332,14.384675,6.5301
14.950833333333334,14.373668,6.5301
14.859583333333333,14.370131,6.5301
14.558750000000002,14.284114,6.5301
14.107916666666668,14.002413,6.5301
13.680000000000001,13.589291,6.5301
13.347500000000002,13.194853,6.5301
13.232500000000002,12.8863535,6.5301
12.990416666666667,12.779271,6.5301
12.43,12.555696,6.5301
11.89125,12.038409,6.5301
11.608333333333333,11.528249,6.5301
11.496666666666668,11.261052,6.5301
11.274999999999999,11.155396,6.5301
11.02125,10.945965,6.5301
11.064583333333333,10.708285,6.5301
11.267916666666666,10.748614,6.5301
11.619166666666667,10.939295,6.5301
12.037083333333333,11.271195,6.5301
12.307916666666666,11.66676,6.5301
12.284999999999998,11.924531,6.5301
12.292499999999999,11.902667,6.5301
12.28875,11.909821,6.5301
12.290416666666665,11.906243,6.5301
12.29625,11.907835,6.5301
12.294166666666667,11.913401,6.5301
12.29125,11.911412,6.5301
12.297916666666666,11.908628,6.5301
12.317083333333331,11.914989,6.5301
12.440833333333332,11.933276,6.5301
12.866666666666667,12.048468,6.5301
13.272083333333333,12.441653,6.5301
13.7025,12.816147,6.5301
14.42,13.215644,6.5301
15.04875,13.875027,6.5301
15.610833333333334,14.462748,6.5301
16.611666666666668,14.999182,6.5301
17.494583333333335,15.9470005,6.5301
17.997083333333332,16.769754,6.5301
18.207083333333333,17.237171,6.5301
18.49416666666667,17.432108,6.5301
18.544583333333332,17.69943,6.5301
17.63625,17.74681,6.5301
17.136666666666667,16.901411,6.5301
17.009583333333335,16.436918,6.5301
17.015,16.319094,6.5301
17.02,16.32412,6.5301
17.016666666666666,16.328762,6.5301
17.020833333333332,16.325666,6.5301
17.028333333333332,16.329533,6.5301
17.168333333333333,16.336494,6.5301
17.462083333333336,16.466297,6.5301
17.640416666666667,16.739475,6.5301
17.62,16.905289,6.5301
17.266666666666666,16.8863,6.5301
16.897083333333335,16.557634,6.5301
16.56083333333333,16.21487,6.5301
16.25375,15.899003,6.5301
16.05875,15.608868,6.5301
15.931249999999999,15.424977,6.5301
15.245416666666666,15.304889,6.5301
14.742916666666666,14.649542,6.5301
14.128750000000002,14.174283,6.5301
13.477916666666665,13.608328,6.5301
12.774583333333332,13.007517,6.5301
12.327083333333334,12.356822,6.5301
12.785833333333331,11.94266,6.5301
13.136249999999999,12.367179,6.5301
13.269166666666665,12.690205,6.5301
13.262916666666667,12.813429,6.5301
13.262500000000001,12.807604,6.5301
13.262083333333335,12.807217,6.5301
13.26,12.806828,6.5301
13.24375,12.804886,6.5301
13.124166666666666,12.789746,6.5301
12.914583333333333,12.679053,6.5301
12.804166666666667,12.485791,6.5301
12.788333333333334,12.384071,6.5301
12.775833333333333,12.369481,6.5301
12.768333333333333,12.357967,6.5301
12.760416666666666,12.351099,6.5301
12.76375,12.343853,6.5301
12.759583333333332,12.346904,6.5301
12.745833333333335,12.34309,6.5301
12.709166666666667,12.330505,6.5301
12.635833333333332,12.296952,6.5301
12.755833333333333,12.229901,6.5301
12.890833333333333,12.339659,6.5301
12.9525,12.46391,6.5301
12.992916666666666,12.520739,6.5301
12.897916666666667,12.558,6.5301
12.751666666666665,12.470437,6.5301
12.765833333333333,12.335843,6.5301
12.764583333333334,12.348813,6.5301
12.76375,12.347667,6.5301
12.762500000000001,12.346904,6.5301
12.759166666666665,12.34576,6.5301
12.76375,12.342709,6.5301
12.8275,12.346904,6.5301
13.03125,12.405577,6.5301
13.143749999999999,12.593354,6.5301
13.143749999999999,12.697127,6.5301
13.147083333333333,12.697127,6.5301
13.15333333333333,12.700205,6.5301
13.15,12.705973,6.5301
13.152916666666664,12.702897,6.5301
13.154583333333335,12.70559,6.5301
13.17,12.707128,6.5301
13.250416666666666,12.721361,6.5301
13.498750000000001,12.7959585,6.5301
13.822083333333332,13.026915,6.5301
14.08375,13.326149,6.5301
14.115416666666667,13.567218,6.5301
14.167499999999999,13.596144,6.5301
14.345416666666667,13.643747,6.5301
14.542083333333336,13.806685,6.5301
14.585416666666667,13.987078,6.5301
14.630833333333333,14.026958,6.5301
14.674999999999999,14.0692215,6.5301
14.753749999999998,14.110569,6.5301
14.759166666666667,14.184477,6.5301
14.77125,14.189572,6.5301
14.787916666666666,14.20094,6.5301
14.789166666666667,14.216624,6.5301
14.792916666666668,14.217798,6.5301
14.795833333333333,14.221328,6.5301
14.800000000000002,14.224072,6.5301
14.81,14.227996,6.5301
14.823333333333332,14.237411,6.5301
14.825833333333335,14.249965,6.5301
14.830833333333333,14.252319,6.5301
14.830833333333333,14.257029,6.5301
14.79625,14.257029,6.5301
14.76,14.224468,6.5301
14.445416666666667,14.190357,6.5301
14.179166666666667,13.898319,6.5301
14.207083333333335,13.654416,6.5301
14.206666666666669,13.679948,6.5301
14.225833333333332,13.679566,6.5301
14.431249999999999,13.697102,6.5301
14.405,13.885335,6.5301
14.380416666666667,13.861294,6.5301
14.354999999999999,13.838784,6.5301
14.29125,13.815472,6.5301
14.306666666666667,13.757019,6.5301
14.315833333333336,13.771166,6.5301
14.316250000000002,13.779566,6.5301
14.32875,13.779949,6.5301
14.329583333333332,13.791408,6.5301
14.338333333333333,13.792171,6.5301
14.344999999999999,13.800192,6.5301
14.349166666666669,13.806304,6.5301
14.36,13.810123,6.5301
14.37,13.820059,6.5301
14.371666666666664,13.829229,6.5301
14.367916666666666,13.830759,6.5301
14.294583333333334,13.827319,6.5301
14.254583333333334,13.760077,6.5301
14.288333333333334,13.723412,6.5301
14.290416666666667,13.754345,6.5301
14.144166666666665,13.756256,6.5301
13.679166666666665,13.622418,6.5301
13.209166666666668,13.19408,6.5301
12.812083333333334,12.757622,6.5301
12.803333333333335,12.391366,6.5301
12.796666666666667,12.383302,6.5301
12.789583333333333,12.377159,6.5301
12.787083333333333,12.370634,6.5301
12.776666666666666,12.368331,6.5301
12.770833333333334,12.358737,6.5301
12.6775,12.35339,6.5301
12.38125,12.267989,6.5301
12.187916666666666,11.993157,6.5301
12.182916666666666,11.810189,6.5301
12.4275,11.805431,6.5301
12.487083333333333,12.036089,6.5301
12.357500000000002,12.091424,6.5301
12.09875,11.971037,6.5301
11.84875,11.7254,6.5301
11.604166666666666,11.487808,6.5301
11.514583333333334,11.257156,6.5301
11.160833333333334,11.172386,6.5301
10.707083333333335,10.838362,6.5301
10.248333333333333,10.41601,6.5301
9.882916666666667,9.991347,6.5301
9.864583333333334,9.652435,6.5301
9.885833333333334,9.63542,6.5301
9.9125,9.655144,6.5301
9.915,9.679863,6.5301
9.938333333333334,9.682179,6.5301
9.96125,9.703799,6.5301
9.99625,9.725041,6.5301
10.0275,9.757492,6.5301
10.05625,9.78648,6.5301
10.089166666666667,9.813156,6.5301
10.122916666666667,9.843705,6.5301
10.160833333333333,9.875013,6.5301
10.408333333333333,9.910169,6.5301
10.518749999999999,10.13941,6.5301
10.825416666666667,10.241333,6.5301
11.421666666666667,10.526085,6.5301
12.198333333333332,11.08433,6.5301
12.70375,11.820104,6.5301
13.016666666666666,12.291998,6.5301
12.905000000000001,12.579902,6.5301
12.814583333333333,12.476963,6.5301
12.9425,12.393671,6.5301
13.824166666666668,12.511521,6.5301
14.845833333333331,13.328076,6.5301
14.979166666666666,14.271158,6.5301
14.957916666666668,14.396891,6.5301
14.933749999999998,14.376814,6.5301
14.888333333333334,14.354019,6.5301
14.870833333333332,14.311202,6.5301
14.851666666666667,14.294714,6.5301
14.826666666666668,14.276651,6.5301
14.805416666666666,14.253104,6.5301
14.77625,14.233094,6.5301
14.886249999999999,14.205646,6.5301
15.147083333333333,14.309242,6.5301
15.55958333333333,14.555924,6.5301
15.687916666666666,14.950023,6.5301
15.692083333333334,15.073104,6.5301
15.67875,15.077093,6.5301
15.539583333333333,15.064328,6.5301
15.362083333333333,14.930848,6.5301
15.444166666666666,14.761294,6.5301
15.392916666666666,14.839834,6.5301
15.722499999999998,14.790837,6.5301
16.275416666666665,15.106193,6.5301
16.625,15.629289,6.5301
16.24375,15.959595,6.5301
15.778333333333334,15.599448,6.5301
16.165,15.159515,6.5301
16.684166666666666,15.525154,6.5301
16.874166666666667,16.015047,6.5301
16.900833333333335,16.193449,6.5301
16.90041666666667,16.218342,6.5301
16.895,16.217958,6.5301
16.885833333333334,16.212944,6.5301
16.8775,16.204378,6.5301
16.8775,16.196573,6.5301
16.864166666666666,16.196573,6.5301
16.855416666666667,16.184052,6.5301
16.813333333333333,16.175823,6.5301
16.86583333333333,16.136278,6.5301
16.915,16.185614,6.5301
16.961666666666666,16.231464,6.5301
17.026666666666667,16.274677,6.5301
17.090416666666666,16.334946,6.5301
17.155416666666667,16.394033,6.5301
17.529999999999998,16.454311,6.5301
17.55125,16.802647,6.5301
17.623333333333335,16.822386,6.5301
17.943749999999998,16.889399,6.5301
18.105,17.187712,6.5301
18.00125,17.337347,6.5301
17.924166666666668,17.24104,6.5301
17.85125,17.169552,6.5301
17.824583333333333,17.101643,6.5301
17.83583333333333,17.076782,6.5301
17.83125,17.087269,6.5301
17.832916666666666,17.082996,6.5301
17.832916666666666,17.08455,6.5301
17.844166666666666,17.08455,6.5301
17.849999999999998,17.095037,6.5301
17.812916666666666,17.100477,6.5301
17.819583333333334,17.065907,6.5301
17.849166666666665,17.072123,6.5301
17.804583333333333,17.0997,6.5301
17.820833333333333,17.058138,6.5301
17.809583333333332,17.073286,6.5301
17.805,17.0628,6.5301
17.533333333333335,17.058527,6.5301
17.24125,16.805742,6.5301
16.938750000000002,16.534006,6.5301
16.814166666666665,16.253458,6.5301
16.324166666666667,16.137058,6.5301
15.911666666666667,15.67531,6.5301
15.774166666666666,15.286448,6.5301
15.745416666666666,15.155534,6.5301
15.745,15.128075,6.5301
15.780416666666666,15.127677,6.5301
15.830416666666666,15.161505,6.5301
15.831666666666669,15.209357,6.5301
15.823333333333332,15.210554,6.5301
15.828750000000001,15.202575,6.5301
15.82875,15.20776,6.5301
15.926250000000001,15.20776,6.5301
16.122083333333332,15.300179,6.5301
16.250833333333333,15.48467,6.5301
16.252916666666668,15.606122,6.5301
16.075416666666666,15.608082,6.5301
15.78625,15.440679,6.5301
15.472083333333332,15.167082,6.5301
15.217083333333333,14.866479,6.5301
14.957916666666668,14.622388,6.5301
14.9225,14.376814,6.5301
14.875416666666666,14.3434105,6.5301
14.82,14.299032,6.5301
14.994583333333333,14.246827,6.5301
15.273333333333333,14.411474,6.5301
15.481666666666667,14.676299,6.5301
15.717916666666667,14.875628,6.5301
15.982083333333334,15.101816,6.5301
16.06375,15.352776,6.5301
16.09541666666667,15.429687,6.5301
15.994583333333333,15.459531,6.5301
16.017916666666668,15.364542,6.5301
16.024583333333336,15.386508,6.5301
16.018333333333334,15.392793,6.5301
16.019583333333333,15.386903,6.5301
16.002083333333335,15.388082,6.5301
16.000833333333333,15.371602,6.5301
16.00166666666667,15.370425,6.5301
15.99875,15.371209,6.5301
15.921666666666667,15.3684635,6.5301
15.823333333333332,15.295864,6.5301
15.725000000000001,15.202575,6.5301
15.66625,15.108582,6.5301
15.684583333333334,15.052361,6.5301
15.69,15.069913,6.5301
15.745833333333332,15.075098,6.5301
16.110416666666666,15.128471,6.5301
16.245416666666667,15.47367,6.5301
16.118750000000002,15.601019,6.5301
15.832083333333335,15.481526,6.5301
15.525416666666667,15.210952,6.5301
15.291666666666666,14.917339,6.5301
15.276666666666669,14.693867,6.5301
15.246666666666668,14.679493,6.5301
15.2825,14.650738,6.5301
15.26,14.685083,6.5301
15.267499999999998,14.663525,6.5301
15.271666666666667,14.6707115,6.5301
15.273750000000001,14.674701,6.5301
15.179583333333333,14.6767,6.5301
14.984583333333333,14.586749,6.5301
14.772916666666667,14.402014,6.5301
14.485000000000001,14.202505,6.5301
14.299166666666666,13.934603,6.5301
14.47,13.764285,6.5301
14.674166666666666,13.920851,6.5301
14.847499999999998,14.109788,6.5301
14.867083333333333,14.272726,6.5301
14.787916666666666,14.291181,6.5301
14.702916666666667,14.216624,6.5301
14.394583333333335,14.136706,6.5301
14.4225,13.851759,6.5301
14.702916666666667,13.877319,6.5301
14.89625,14.136706,6.5301
15.229166666666666,14.318664,6.5301
15.624583333333334,14.633966,6.5301
15.81,15.012379,6.5301
16.0925,15.189808,6.5301
16.8025,15.4567795,6.5301
17.569166666666664,16.126102,6.5301
18.588333333333335,16.839043,6.5301
19.51125,17.787962,6.5301
20.259166666666665,18.663668,6.5301
20.987916666666667,19.399185,6.5301
21.740833333333338,20.14606,6.5301
22.440833333333334,20.954119,6.5301
23.2075,21.72676,6.5301
23.883750000000003,22.59723,6.5301
24.285,23.38711,6.5301
24.705000000000002,23.859789,6.5301
25.104583333333334,24.355616,6.5301
25.468333333333334,24.829718,6.5301
25.827916666666667,25.263113,6.5301
25.837083333333336,25.691246,6.5301
25.79416666666667,25.70221,6.5301
25.435000000000002,25.650846,6.5301
24.93166666666667,25.22346,6.5301
24.543333333333333,24.62422,6.5301
24.50583333333333,24.164873,6.5301
24.729583333333334,24.120613,6.5301
24.70375,24.384832,6.5301
23.996250000000003,24.354132,6.5301
23.15375,23.519148,6.5301
22.370833333333334,22.53452,6.5301
21.36,21.649048,6.5301
20.449166666666667,20.543182,6.5301
19.713333333333335,19.58978,6.5301
19.004583333333333,18.859016,6.5301
18.264166666666668,18.180426,6.5301
17.713333333333335,17.485033,6.5301
17.23875,16.973143,6.5301
16.838333333333335,16.531685,6.5301
16.388749999999998,16.159767,6.5301
15.868749999999999,15.736327,6.5301
15.2975,15.246005,6.5301
14.795416666666668,14.699454,6.5301
14.4675,14.223682,6.5301
14.470833333333333,13.91856,6.5301
14.44625,13.921616,6.5301
14.53625,13.899082,6.5301
14.999583333333332,13.981713,6.5301
15.343333333333334,14.416205,6.5301
15.050416666666665,14.743338,6.5301
14.479166666666666,14.464325,6.5301
14.292083333333332,13.9292555,6.5301
14.685833333333333,13.757784,6.5301
14.93875,14.120711,6.5301
14.938749999999999,14.358735,6.5301
14.9275,14.358735,6.5301
14.922083333333333,14.3481245,6.5301
14.909166666666666,14.343016,6.5301
14.891666666666666,14.330839,6.5301
14.885833333333332,14.3143425,6.5301
14.859583333333333,14.308847,6.5301
14.854166666666666,14.284114,6.5301
14.87,14.279008,6.5301
14.925416666666665,14.293928,6.5301
14.995416666666666,14.346159,6.5301
15.043750000000001,14.412263,6.5301
15.01375,14.4580145,6.5301
14.981250000000001,14.429613,6.5301
14.890833333333333,14.398861,6.5301
14.930833333333334,14.3135605,6.5301
14.747916666666667,14.351266,6.5301
14.30625,14.178987,6.5301
14.139166666666666,13.770782,6.5301
14.134583333333333,13.617848,6.5301
14.097916666666668,13.613661,6.5301
14.070833333333335,13.580157,6.5301
14.117083333333333,13.55542,6.5301
14.16625,13.597667,6.5301
14.182916666666666,13.642606,6.5301
14.17125,13.6578455,6.5301
14.151666666666666,13.647177,6.5301
14.14125,13.629275,6.5301
14.136250000000002,13.619755,6.5301
14.114166666666664,13.615182,6.5301
14.066250000000002,13.595002,6.5301
14.062916666666666,13.551236,6.5301
13.982083333333334,13.548192,6.5301
13.844999999999999,13.474279,6.5301
13.705,13.347342,6.5301
13.506666666666666,13.217953,6.5301
13.353749999999998,13.034267,6.5301
13.193333333333333,12.892156,6.5301
13.165416666666665,12.742933,6.5301
13.0525,12.71713,6.5301
13.02375,12.612956,6.5301
13.177916666666667,12.586435,6.5301
13.252916666666666,12.728673,6.5301
13.210833333333333,12.798286,6.5301
13.224166666666667,12.759169,6.5301
13.80208333333333,12.771541,6.5301
14.332916666666668,13.30766,6.5301
14.052916666666667,13.795224,6.5301
14.052083333333334,13.539063,6.5301
14.061666666666666,13.538303,6.5301
14.072916666666666,13.547052,6.5301
14.082916666666668,13.557322,6.5301
14.168749999999998,13.566458,6.5301
14.384583333333333,13.644889,6.5301
14.531249999999998,13.842603,6.5301
14.537083333333333,13.977115,6.5301
14.547083333333333,13.98248,6.5301
14.566250000000002,13.991678,6.5301
14.579166666666666,14.009314,6.5301
14.639166666666668,14.021204,6.5301
14.672083333333333,14.07702,6.5301
14.688749999999999,14.107839,6.5301
14.63875,14.123443,6.5301
14.532083333333333,14.076628,6.5301
14.477083333333333,13.977879,6.5301
14.200416666666667,13.927346,6.5301
14.094999999999999,13.673849,6.5301
13.964999999999998,13.577493,6.5301
13.875833333333333,13.458446,6.5301
13.304166666666667,13.375862,6.5301
12.733333333333334,12.846046,6.5301
13.094999999999999,12.319067,6.5301
13.097083333333336,12.652143,6.5301
13.095,12.654063,6.5301
13.089166666666666,12.652143,6.5301
13.082083333333335,12.64676,6.5301
13.072083333333333,12.640226,6.5301
13.064583333333333,12.631011,6.5301
13.04875,12.624102,6.5301
13.04625,12.609497,6.5301
13.035000000000002,12.60719,6.5301
13.007083333333332,12.596813,6.5301
12.915000000000001,12.571064,6.5301
12.803749999999999,12.486177,6.5301
12.785833333333334,12.383687,6.5301
12.7525,12.367179,6.5301
12.726666666666667,12.336608,6.5301
12.709583333333333,12.312964,6.5301
12.71375,12.297334,6.5301
12.664583333333333,12.301148,6.5301
12.34625,12.256178,6.5301
12.592083333333335,11.960549,6.5301
12.78625,12.189246,6.5301
13.004583333333334,12.367563,6.5301
13.53125,12.568758,6.5301
14.005416666666667,13.057022,6.5301
13.8675,13.495694,6.5301
13.712499999999999,13.368152,6.5301
13.560833333333335,13.224881,6.5301
13.402499999999998,13.08441,6.5301
13.174999999999999,12.937429,6.5301
12.8225,12.725977,6.5301
12.449583333333335,12.400968,6.5301
12.002083333333333,12.056594,6.5301
11.635,11.633501,6.5301
11.354583333333336,11.28611,6.5301
11.21125,11.020979,6.5301
11.215833333333334,10.88592,6.5301
11.131250000000001,10.890242,6.5301
10.888333333333334,10.810731,6.5301
10.680833333333332,10.584674,6.5301
10.543750000000001,10.391615,6.5301
10.52625,10.264439,6.5301
10.582500000000001,10.248265,6.5301
10.816250000000002,10.300299,6.5301
10.97875,10.51755,6.5301
10.887500000000001,10.66875,6.5301
10.651666666666666,10.583897,6.5301
10.106250000000001,10.364518,6.5301
9.655833333333332,9.859564,6.5301
10.294583333333334,9.4403305,6.5301
11.142916666666666,10.034284,6.5301
11.950833333333334,10.821608,6.5301
12.662500000000001,11.5848255,6.5301
12.679583333333333,12.254274,6.5301
12.676249999999998,12.269896,6.5301
12.77875,12.266848,6.5301
13.372916666666667,12.360654,6.5301
13.942083333333331,12.909951,6.5301
14.548749999999998,13.43721,6.5301
14.692083333333334,13.993214,6.5301
14.699583333333335,14.126562,6.5301
14.753333333333332,14.133587,6.5301
15.099583333333335,14.184081,6.5301
15.433749999999998,14.5109005,6.5301
15.690833333333336,14.829898,6.5301
15.635833333333332,15.075895,6.5301
15.519583333333332,15.023176,6.5301
15.1775,14.911779,6.5301
15.27625,14.584774,6.5301
15.644999999999998,14.679093,6.5301
15.285833333333334,15.031978,6.5301
14.683333333333335,14.688279,6.5301
14.109166666666667,14.118373,6.5301
13.438749999999999,13.590432,6.5301
12.580416666666666,12.971113,6.5301
11.777916666666668,12.17836,6.5301
11.073749999999999,11.420874,6.5301
11.213333333333333,10.757148,6.5301
11.349583333333335,10.887884,6.5301
11.392083333333332,11.016264,6.5301
11.094583333333333,11.056375,6.5301
10.729166666666666,10.776552,6.5301
10.27625,10.436541,6.5301
10.215,10.017256,6.5301
10.203333333333333,9.960417,6.5301
10.247916666666667,9.949591,6.5301
10.174999999999999,9.990961,6.5301
10.075833333333334,9.9233055,6.5301
10.006666666666666,9.831331,6.5301
10.12375,9.767154,6.5301
10.205416666666666,9.875787,6.5301
10.485000000000001,9.951525,6.5301
9.92375,10.210152,6.5301
9.386249999999999,9.690287,6.5301
9.58,9.18688,6.5301
10.053749999999999,9.368939,6.5301
10.427083333333334,9.810837,6.5301
10.494166666666667,10.1567,6.5301
10.650833333333333,10.218622,6.5301
10.792499999999999,10.363746,6.5301
10.932916666666666,10.49545,6.5301
10.925416666666665,10.626139,6.5301
10.939583333333333,10.619168,6.5301
11.066249999999998,10.632336,6.5301
11.21125,10.750165,6.5301
11.366666666666665,10.88592,6.5301
11.374166666666667,11.032379,6.5301
11.332083333333332,11.039459,6.5301
11.311666666666667,10.999763,6.5301
11.284999999999998,10.9805155,6.5301
11.258750000000001,10.955387,6.5301
11.24125,10.930665,6.5301
11.241666666666665,10.914197,6.5301
11.222083333333332,10.914591,6.5301
11.63,10.896137,6.5301
11.96125,11.281401,6.5301
12.14125,11.594715,6.5301
12.232083333333334,11.765788,6.5301
12.370416666666666,11.852237,6.5301
12.5025,11.983076,6.5301
12.437083333333332,12.105749,6.5301
12.38,12.044985,6.5301
12.215833333333334,11.991994,6.5301
12.059583333333334,11.836764,6.5301
11.90625,11.688151,6.5301
11.736666666666666,11.542493,6.5301
11.575416666666667,11.382031,6.5301
11.385833333333332,11.230065,6.5301
11.22625,11.050472,6.5301
11.056666666666667,10.900068,6.5301
10.980416666666668,10.741244,6.5301
10.947083333333333,10.670301,6.5301
10.917916666666665,10.639309,6.5301
10.898333333333333,10.612198,6.5301
10.863333333333332,10.593991,6.5301
10.824166666666668,10.561388,6.5301
10.777499999999998,10.52492,6.5301
10.835,10.481492,6.5301
10.690416666666666,10.535005,6.5301
10.370416666666666,10.400519,6.5301
10.222083333333332,10.104459,6.5301
10.146666666666667,9.966991,6.5301
10.018749999999999,9.897031,6.5301
9.871666666666666,9.778363,6.5301
9.697916666666666,9.6419935,6.5301
9.81375,9.47985,6.5301
9.975,9.588352,6.5301
10.137083333333333,9.737789,6.5301
10.30375,9.888145,6.5301
10.553333333333333,10.042798,6.5301
10.925416666666665,10.273298,6.5301
11.22375,10.619168,6.5301
11.381666666666666,10.897711,6.5301
11.83375,11.046539,6.5301
12.297083333333333,11.47354,6.5301
12.731250000000001,11.914195,6.5301
12.990416666666668,12.31716,6.5301
13.0725,12.555696,6.5301
13.146666666666668,12.631391,6.5301
13.21,12.699821,6.5301
13.227916666666665,12.758395,6.5301
13.217916666666666,12.775018,6.5301
13.216666666666667,12.765741,6.5301
13.317083333333334,12.764581,6.5301
13.306666666666667,12.85809,6.5301
13.226666666666667,12.848379,6.5301
13.197083333333333,12.77386,6.5301
13.17,12.746414,6.5301
13.358333333333334,12.721361,6.5301
13.2425,12.896411,6.5301
13.081249999999999,12.788579,6.5301
12.912916666666668,12.639459,6.5301
12.74125,12.484258,6.5301
12.575000000000001,12.326311,6.5301
12.404166666666667,12.173304,6.5301
12.235000000000001,12.014431,6.5301
12.081250000000002,11.855012,6.5301
11.91625,11.708757,6.5301
11.893749999999999,11.551987,6.5301
11.915416666666665,11.530628,6.5301
12.09125,11.551196,6.5301
12.430833333333332,11.7182665,6.5301
12.783749999999998,12.039185,6.5301
13.002916666666666,12.36526,6.5301
13.081666666666669,12.567223,6.5301
13.035416666666668,12.639843,6.5301
12.759166666666667,12.597197,6.5301
12.719999999999999,12.342709,6.5301
12.743333333333332,12.306864,6.5301
12.925416666666665,12.328217,6.5301
13.612083333333333,12.495775,6.5301
14.329166666666666,13.131887,6.5301
14.359166666666667,13.79179,6.5301
14.56,13.819293,6.5301
14.722083333333332,14.003563,6.5301
14.886666666666665,14.154685,6.5301
15.0575,14.309631,6.5301
15.144166666666665,14.471035,6.5301
15.11125,14.55316,6.5301
15.060416666666667,14.521955,6.5301
14.927083333333334,14.473795,6.5301
14.613750000000001,14.347731,6.5301
14.250833333333334,14.0532055,6.5301
14.08625,13.719979,6.5301
14.317916666666667,13.569501,6.5301
14.443750000000001,13.781475,6.5301
13.77125,13.89679,6.5301
13.227083333333333,13.279167,6.5301
12.875,12.774245,6.5301
12.784999999999998,12.449328,6.5301
12.922083333333333,12.36641,6.5301
12.721249999999998,12.492705,6.5301
12.8925,12.30801,6.5301
13.425833333333335,12.465448,6.5301
13.389583333333334,12.959109,6.5301
12.347916666666668,12.925433,6.5301
11.952916666666667,11.962107,6.5301
11.777500000000002,11.586804,6.5301
11.7975,11.420479,6.5301
11.8175,11.439319,6.5301
11.823750000000002,11.458164,6.5301
11.840000000000002,11.464053,6.5301
11.855416666666668,11.479485,6.5301
11.97125,11.49415,6.5301
12.190833333333332,11.604212,6.5301
12.287916666666668,11.812964,6.5301
12.380416666666667,11.905448,6.5301
12.256666666666668,11.99238,6.5301
11.829583333333334,11.87565,6.5301
11.430416666666666,11.469578,6.5301
11.847916666666665,11.092616,6.5301
12.2525,11.487016,6.5301
12.583333333333334,11.871682,6.5301
12.713750000000003,12.181081,6.5301
12.631666666666666,12.301148,6.5301
12.53875,12.2261,6.5301
11.985416666666667,12.139487,6.5301
11.750416666666666,11.617666,6.5301
10.862916666666665,11.394976,6.5301
10.910416666666668,10.560999,6.5301
11.102083333333333,10.605227,6.5301
11.21625,10.783542,6.5301
11.202083333333333,10.890635,6.5301
11.182083333333333,10.877272,6.5301
11.171249999999999,10.858412,6.5301
11.160416666666668,10.848196,6.5301
11.144999999999998,10.837971,6.5301
11.167083333333332,10.823553,6.5301
11.23375,10.844264,6.5301
11.448333333333332,10.907138,6.5301
11.625416666666666,11.109586,6.5301
11.785833333333334,11.277083,6.5301
11.881666666666666,11.4283285,6.5301
11.941666666666668,11.519129,6.5301
11.97375,11.576122,6.5301
12.02375,11.606586,6.5301
12.125833333333333,11.654088,6.5301
12.324166666666665,11.751127,6.5301
12.806666666666667,11.939939,6.5301
13.324583333333335,12.386374,6.5301
13.844583333333333,12.865085,6.5301
13.59375,13.346953,6.5301
14.081666666666669,13.1149,6.5301
14.493333333333332,13.565316,6.5301
14.504583333333334,13.942249,6.5301
14.500833333333333,13.952586,6.5301
14.5075,13.949141,6.5301
14.52375,13.955268,6.5301
14.529583333333335,13.970215,6.5301
14.530416666666667,13.975577,6.5301
14.52875,13.976347,6.5301
14.525833333333333,13.974813,6.5301
14.532499999999999,13.972131,6.5301
14.47875,13.978267,6.5301
14.422916666666667,13.928874,6.5301
14.291666666666666,13.877699,6.5301
14.146666666666668,13.757401,6.5301
14.125833333333333,13.624704,6.5301
14.139583333333334,13.605662,6.5301
14.169166666666667,13.618229,6.5301
14.21375,13.645272,6.5301
14.162916666666668,13.686046,6.5301
14.21125,13.639558,6.5301
14.83375,13.683759,6.5301
14.962083333333332,14.259774,6.5301
14.944166666666666,14.380742,6.5301
14.969166666666666,14.363841,6.5301
15.197083333333333,14.38743,6.5301
15.469999999999999,14.603356,6.5301
15.495416666666669,14.864491,6.5301
15.497916666666667,14.888744,6.5301
15.494166666666667,14.891126,6.5301
15.495416666666666,14.887551,6.5301
15.501249999999999,14.888744,6.5301
15.502083333333333,14.894303,6.5301
15.468333333333334,14.895096,6.5301
15.481666666666667,14.8629,6.5301
15.52875,14.875628,6.5301
15.594583333333333,14.920518,6.5301
15.712083333333332,14.983591,6.5301
15.720416666666665,15.096246,6.5301
15.605416666666668,15.104206,6.5301
15.445,14.993983,6.5301
15.285833333333334,14.8406315,6.5301
15.100416666666668,14.688279,6.5301
14.893749999999999,14.511687,6.5301
14.557916666666666,14.316307,6.5301
13.912083333333333,14.001646,6.5301
13.779583333333335,13.40942,6.5301
13.715416666666668,13.286864,6.5301
13.6225,13.227576,6.5301
13.422083333333333,13.141541,6.5301
13.388333333333334,12.955627,6.5301
13.382083333333332,12.92427,6.5301
13.369166666666667,12.918466,6.5301
13.35875,12.906471,6.5301
13.36,12.896798,6.5301
13.432083333333333,12.897959,6.5301
13.639583333333334,12.96492,6.5301
13.76625,13.157374,6.5301
13.744166666666667,13.274548,6.5301
13.652083333333332,13.2541485,6.5301
13.505833333333333,13.168965,6.5301
13.390833333333333,13.033499,6.5301
13.421666666666667,12.926591,6.5301
13.56875,12.95524,6.5301
13.726666666666667,13.0917425,6.5301
13.750416666666666,13.237985,6.5301
13.740833333333333,13.259923,6.5301
13.755,13.251069,6.5301
13.537500000000001,13.264156,6.5301
13.494166666666667,13.062806,6.5301
13.502916666666666,13.022646,6.5301
13.500416666666666,13.030794,6.5301
13.48375,13.028465,6.5301
13.279583333333333,13.012947,6.5301
13.02833333333333,12.8231325,6.5301
13.037916666666668,12.590662,6.5301
13.040416666666665,12.599503,6.5301
13.033333333333331,12.601808,6.5301
13.025,12.595275,6.5301
13.02125,12.587587,6.5301
13.007083333333332,12.584128,6.5301
12.96,12.571064,6.5301
12.807916666666666,12.527652,6.5301
12.673333333333334,12.3875265,6.5301
12.617083333333333,12.26418,6.5301
12.539583333333333,12.212573,6.5301
12.363750000000001,12.140266,6.5301
12.176666666666668,11.976861,6.5301
11.997916666666667,11.799482,6.5301
11.958333333333334,11.629542,6.5301
11.9325,11.591947,6.5301
11.910416666666665,11.567415,6.5301
11.94,11.546447,6.5301
11.800416666666669,11.57454,6.5301
11.649166666666666,11.442067,6.5301
11.458333333333334,11.299456,6.5301
10.869166666666667,11.119064,6.5301
10.47375,10.566821,6.5301
10.306666666666667,10.199761,6.5301
10.114583333333334,10.045508,6.5301
9.95,9.8672905,6.5301
9.79375,9.714611,6.5301
9.637083333333335,9.569747,6.5301
9.390416666666667,9.422674,6.5301
9.033333333333333,9.190786,6.5301
8.678333333333333,8.856541,6.5301
8.388333333333334,8.526362,6.5301
8.132083333333334,8.258496,6.5301
8.2625,8.021998,6.5301
9.044583333333334,8.142299,6.5301
9.909583333333334,8.867046,6.5301
10.756666666666668,9.677161,6.5301
11.4825,10.462114,6.5301
12.206666666666665,11.141967,6.5301
12.863750000000001,11.828037,6.5301
12.792083333333332,12.43897,6.5301
12.710833333333333,12.372939,6.5301
12.339583333333332,12.298479,6.5301
11.916666666666666,11.954327,6.5301
11.509583333333333,11.5523815,6.5301
11.494166666666667,11.167642,6.5301
11.384583333333333,11.153027,6.5301
11.189166666666667,11.0492935,6.5301
11.078333333333333,10.86509,6.5301
11.092916666666667,10.7614155,6.5301
11.097083333333332,10.775,6.5301
11.102500000000001,10.778882,6.5301
11.12,10.783931,6.5301
11.124166666666667,10.800242,6.5301
11.253333333333332,10.804126,6.5301
11.467083333333335,10.925568,6.5301
11.599166666666667,11.127355,6.5301
11.38125,11.252481,6.5301
11.14875,11.046145,6.5301
11.063749999999999,10.827049,6.5301
10.125,10.747838,6.5301
9.355833333333335,9.876945,6.5301
8.455833333333333,9.158353,6.5301
7.583333333333333,8.320848,6.5301
7.397083333333334,7.515344,6.5301
7.11625,7.34144,6.5301
6.950833333333333,7.0793366,6.5301
7.097916666666666,6.9250402,6.5301
7.183333333333333,7.0622625,6.5301
7.19125,7.141847,6.5301
7.309166666666667,7.1492295,6.5301
7.520833333333333,7.259285,6.5301
7.630416666666666,7.4572415,6.5301
7.617916666666666,7.5591116,6.5301
7.625833333333333,7.547489,6.5301
7.62125,7.5548496,6.5301
7.619583333333334,7.5505896,6.5301
7.6241666666666665,7.549038,6.5301
7.5225,7.5532994,6.5301
7.830000000000001,7.4588027,6.5301
8.212916666666667,7.744161,6.5301
8.479166666666666,8.096549,6.5301
8.062916666666666,8.342382,6.5301
7.256666666666667,7.9583306,6.5301
7.369583333333334,7.2102613,6.5301
7.442499999999999,7.315736,6.5301
7.609166666666667,7.3839164,6.5301
7.835416666666666,7.539354,6.5301
8.0925,7.749126,6.5301
8.435833333333333,7.9855523,6.5301
8.944166666666666,8.302396,6.5301
9.2525,8.773374,6.5301
9.819583333333334,9.061474,6.5301
10.761666666666665,9.593757,6.5301
10.910416666666665,10.466762,6.5301
10.685833333333333,10.605227,6.5301
10.5625,10.396261,6.5301
10.558333333333334,10.281773,6.5301
10.542916666666667,10.277921,6.5301
10.536666666666667,10.263669,6.5301
10.521666666666667,10.257892,6.5301
10.511666666666667,10.24403,6.5301
10.62125,10.234787,6.5301
10.657499999999999,10.33627,6.5301
10.741666666666667,10.369935,6.5301
10.809166666666668,10.448164,6.5301
10.803333333333335,10.510957,6.5301
10.819583333333332,10.505529,6.5301
10.795,10.520654,6.5301
10.895416666666668,10.497776,6.5301
11.104166666666666,10.591272,6.5301
11.119166666666667,10.785484,6.5301
11.329583333333332,10.799465,6.5301
11.324166666666665,10.997405,6.5301
11.182916666666666,10.992301,6.5301
11.000416666666666,10.859197,6.5301
10.542916666666667,10.688903,6.5301
10.028333333333334,10.263669,6.5301
10.028333333333334,9.787252,6.5301
10.1925,9.787252,6.5301
10.358333333333334,9.939539,6.5301
10.52125,10.093329,6.5301
10.685833333333333,10.243643,6.5301
10.846666666666666,10.396261,6.5301
11.010833333333332,10.54587,6.5301
11.17,10.698594,6.5301
11.317916666666669,10.847015,6.5301
11.539166666666667,10.986407,6.5301
11.709583333333335,11.195711,6.5301
11.839583333333335,11.3564415,6.5301
12.027083333333332,11.479089,6.5301
12.157916666666667,11.657259,6.5301
12.199166666666665,11.781645,6.5301
12.116666666666667,11.820896,6.5301
11.920833333333333,11.742412,6.5301
11.915416666666667,11.556338,6.5301
11.706249999999999,11.551196,6.5301
11.68875,11.353293,6.5301
11.559166666666668,11.336768,6.5301
11.69,11.214665,6.5301
12.289166666666667,11.337946,6.5301
12.504166666666668,11.906641,6.5301
12.379583333333334,12.107294,6.5301
12.232500000000002,11.991606,6.5301
12.069166666666666,11.852634,6.5301
11.9,11.697265,6.5301
11.7325,11.536561,6.5301
11.57,11.378091,6.5301
11.411666666666667,11.224935,6.5301
11.244583333333333,11.07487,6.5301
11.073749999999999,10.917332,6.5301
10.870833333333332,10.757148,6.5301
10.722499999999998,10.568373,6.5301
10.604999999999999,10.430342,6.5301
10.603333333333333,10.321183,6.5301
10.88,10.319635,6.5301
11.229166666666666,10.57691,6.5301
11.557083333333333,10.902822,6.5301
11.52875,11.212689,6.5301
11.602083333333333,11.185822,6.5301
11.904583333333335,11.25521,6.5301
12.49,11.540912,6.5301
13.18625,12.094133,6.5301
13.237916666666665,12.73637,6.5301
12.918749999999998,12.784309,6.5301
12.735416666666666,12.489634,6.5301
12.819583333333334,12.320973,6.5301
12.825833333333334,12.39828,6.5301
12.852083333333333,12.404041,6.5301
12.877083333333331,12.428227,6.5301
12.899583333333334,12.451247,6.5301
12.921666666666665,12.471973,6.5301
12.938333333333333,12.492322,6.5301
12.960833333333333,12.507679,6.5301
12.982916666666668,12.528424,6.5301
12.987916666666665,12.548781,6.5301
12.960833333333333,12.553389,6.5301
12.968333333333334,12.528424,6.5301
12.962916666666665,12.5353365,6.5301
12.912916666666668,12.530345,6.5301
12.894166666666669,12.484258,6.5301
12.844583333333333,12.466981,6.5301
12.85875,12.421324,6.5301
12.782083333333333,12.434366,6.5301
12.492083333333333,12.363723,6.5301
11.899166666666666,12.096068,6.5301
11.325833333333334,11.535769,6.5301
11.28375,10.993872,6.5301
11.272083333333335,10.95421,6.5301
11.19,10.943218,6.5301
11.007083333333332,10.865878,6.5301
10.987083333333333,10.695104,6.5301
10.956666666666669,10.676503,6.5301
10.934583333333334,10.648217,6.5301
10.91375,10.627688,6.5301
10.885833333333336,10.608325,6.5301
10.862916666666665,10.582344,6.5301
10.843333333333334,10.560999,6.5301
10.805416666666668,10.542765,6.5301
10.426666666666668,10.507469,6.5301
9.941666666666668,10.156316,6.5301
9.438333333333334,9.706888,6.5301
8.926666666666668,9.235758,6.5301
9.281666666666666,8.7571,6.5301
9.138333333333334,9.088803,6.5301
8.729583333333332,8.95465,6.5301
8.504166666666666,8.573813,6.5301
8.201666666666666,8.365463,6.5301
8.0975,8.086163,6.5301
8.055416666666666,7.9901514,6.5301
7.9575,7.9514275,6.5301
8.272083333333333,7.8612413,6.5301
8.525833333333333,8.151141,6.5301
8.233333333333334,8.385474,6.5301
8.194583333333332,8.115396,6.5301
8.198749999999999,8.079624,6.5301
8.205833333333333,8.083469,6.5301
8.207083333333333,8.09001,6.5301
8.210416666666667,8.091163,6.5301
8.300416666666667,8.09424,6.5301
8.465416666666666,8.17729,6.5301
8.627083333333333,8.329691,6.5301
8.821250000000001,8.478963,6.5301
8.978333333333333,8.65913,6.5301
9.040416666666667,8.805208,6.5301
9.124583333333334,8.863155,6.5301
9.200833333333334,8.941798,6.5301
8.444583333333332,9.0131,6.5301
8.090416666666668,8.310469,6.5301
8.058333333333334,7.983635,6.5301
8.029166666666667,7.9541116,6.5301
8.018333333333333,7.9272423,6.5301
7.808333333333334,7.917263,6.5301
7.509583333333334,7.7242956,6.5301
7.232500000000001,7.446706,6.5301
6.379583333333333,7.187707,6.5301
5.65875,6.3888927,6.5301
5.547916666666667,5.692074,6.5301
5.535833333333333,5.5822115,6.5301
5.52875,5.5701776,6.5301
5.604166666666667,5.5631227,6.5301
5.765833333333333,5.6381783,6.5301
5.926666666666667,5.797581,6.5301
5.9937499999999995,5.9550323,6.5301
5.9925,6.0200167,6.5301
5.995833333333334,6.018809,6.5301
6.035833333333334,6.0220327,6.5301
6.120833333333333,6.0607443,6.5301
6.2250000000000005,6.1430855,6.5301
6.22625,6.2436976,6.5301
6.2275,6.2448745,6.5301
6.223333333333333,6.2460475,6.5301
6.3187500000000005,6.2421303,6.5301
6.40125,6.3318257,6.5301
6.614583333333333,6.4092846,6.5301
6.907083333333333,6.609524,6.5301
7.195416666666667,6.884062,6.5301
7.498333333333334,7.1531153,6.5301
7.839166666666666,7.4361715,6.5301
8.395416666666668,7.7525644,6.5301
8.676666666666666,8.265044,6.5301
8.684166666666666,8.52482,6.5301
8.677083333333334,8.531758,6.5301
8.676666666666668,8.525206,6.5301
8.594166666666668,8.52482,6.5301
8.430416666666668,8.448581,6.5301
8.25625,8.297399,6.5301
8.104166666666666,8.136534,6.5301
7.94,7.9962873,6.5301
7.774583333333333,7.8451266,6.5301
7.582083333333333,7.6931267,6.5301
7.437083333333334,7.514182,6.5301
7.384583333333333,7.378848,6.5301
7.417916666666667,7.3297553,6.5301
7.46875,7.3609214,6.5301
7.5008333333333335,7.4084797,6.5301
7.536666666666666,7.438512,6.5301
7.58875,7.4719944,6.5301
7.650833333333334,7.520378,6.5301
7.561666666666667,7.5781007,6.5301
7.392499999999999,7.4952135,6.5301
7.2129166666666675,7.337156,6.5301
7.259583333333333,7.1694355,6.5301
7.201666666666667,7.212982,6.5301
7.353333333333334,7.1589413,6.5301
7.767916666666667,7.3005524,6.5301
8.015,7.6869354,6.5301
8.145,7.914195,6.5301
8.142916666666666,8.033897,6.5301
8.137916666666667,8.031979,6.5301
8.144583333333333,8.027372,6.5301
8.144166666666667,8.033515,6.5301
8.139166666666666,8.033131,6.5301
8.140833333333333,8.028523,6.5301
8.114166666666668,8.030059,6.5301
8.102916666666667,8.005497,6.5301
8.08875,7.9951367,6.5301
8.087083333333334,7.982099,6.5301
8.06375,7.980567,6.5301
8.056666666666667,7.9590993,6.5301
8.093333333333334,7.952576,6.5301
8.064583333333333,7.9863176,6.5301
7.927083333333333,7.9598675,6.5301
7.991666666666666,7.8332543,6.5301
8.458333333333334,7.8927107,6.5301
8.956249999999999,8.323156,6.5301
9.10375,8.784615,6.5301
9.115833333333333,8.922327,6.5301
9.11375,8.93362,6.5301
9.145,8.931672,6.5301
9.079166666666667,8.960882,6.5301
8.946666666666667,8.899355,6.5301
8.940833333333334,8.775699,6.5301
8.939166666666667,8.770272,6.5301
8.9375,8.768722,6.5301
8.930416666666666,8.767174,6.5301
8.931666666666667,8.760585,6.5301
8.92375,8.761746,6.5301
8.90625,8.754387,6.5301
9.004583333333333,8.738114,6.5301
9.165833333333333,8.829703,6.5301
9.293333333333333,8.980362,6.5301
9.452916666666667,9.099739,6.5301
9.523333333333333,9.249455,6.5301
9.501666666666667,9.315632,6.5301
9.510833333333332,9.295264,6.5301
9.556666666666667,9.303881,6.5301
9.41,9.346983,6.5301
8.938333333333334,9.20916,6.5301
8.709999999999999,8.767947,6.5301
8.695833333333333,8.555667,6.5301
8.740833333333333,8.542555,6.5301
8.739583333333334,8.584242,6.5301
8.71625,8.583085,6.5301
8.790416666666667,8.561454,6.5301
8.789583333333333,8.630328,6.5301
8.787916666666666,8.629549,6.5301
8.797083333333333,8.627992,6.5301
8.797916666666666,8.6365595,6.5301
8.800416666666667,8.63734,6.5301
8.801666666666668,8.639677,6.5301
8.8075,8.640846,6.5301
8.82125,8.646299,6.5301
8.749166666666667,8.65913,6.5301
8.627916666666666,8.591968,6.5301
8.512083333333333,8.4797325,6.5301
8.372083333333334,8.372772,6.5301
8.336666666666668,8.243479,6.5301
8.332083333333333,8.210762,6.5301
8.329583333333334,8.206529,6.5301
8.300416666666665,8.204221,6.5301
8.300416666666667,8.17729,6.5301
8.308333333333334,8.17729,6.5301
8.947916666666666,8.1846,6.5301
9.069583333333334,8.776862,6.5301
9.100416666666666,8.890399,6.5301
9.147916666666665,8.919212,6.5301
9.116666666666667,8.963607,6.5301
8.959583333333333,8.934397,6.5301
8.966666666666667,8.787714,6.5301
8.995416666666666,8.794325,6.5301
9.147083333333333,8.821149,6.5301
9.31375,8.96283,6.5301
9.475833333333332,9.118882,6.5301
9.637500000000001,9.270985,6.5301
9.801250000000001,9.423066,6.5301
9.959166666666667,9.576732,6.5301
9.997083333333334,9.72311,6.5301
9.883750000000001,9.758265,6.5301
9.75625,9.653208,6.5301
9.647083333333333,9.53462,6.5301
9.501666666666667,9.432092,6.5301
9.372083333333334,9.295264,6.5301
9.265833333333333,9.173592,6.5301
9.932916666666667,9.073966,6.5301
10.7525,9.698781,6.5301
11.290416666666665,10.458238,6.5301
11.354999999999999,10.96049,6.5301
11.811666666666667,11.021374,6.5301
12.425833333333335,11.452666,6.5301
13.048749999999998,12.03454,6.5301
13.61875,12.609497,6.5301
13.601666666666667,13.138063,6.5301
13.605000000000002,13.122235,6.5301
13.60375,13.125323,6.5301
13.623333333333333,13.124164,6.5301
13.62375,13.142311,6.5301
13.635,13.1427,6.5301
13.647916666666667,13.153127,6.5301
13.652083333333335,13.165101,6.5301
13.670833333333334,13.168965,6.5301
13.685416666666667,13.186351,6.5301
13.714583333333335,13.199863,6.5301
13.800833333333335,13.226806,6.5301
13.90375,13.306505,6.5301
14.052916666666668,13.401703,6.5301
14.081666666666669,13.539063,6.5301
14.072083333333333,13.565316,6.5301
13.25625,13.556561,6.5301
12.309166666666664,12.8013935,6.5301
11.636666666666668,11.925723,6.5301
10.542916666666667,11.28768,6.5301
9.44125,10.263669,6.5301
8.240416666666667,9.238498,6.5301
7.137083333333333,8.121928,6.5301
6.170833333333333,7.0987434,6.5301
6.093333333333333,6.1915445,6.5301
6.084583333333334,6.116435,6.5301
6.06625,6.1079564,6.5301
5.891666666666666,6.0901995,6.5301
5.7275,5.9211464,6.5301
5.704999999999999,5.75978,6.5301
5.690416666666667,5.737597,6.5301
5.678333333333334,5.723229,6.5301
5.703333333333333,5.711336,6.5301
5.805833333333333,5.7359548,6.5301
5.89125,5.836967,6.5301
5.932083333333334,5.920745,6.5301
5.927500000000001,5.960277,6.5301
5.897916666666667,5.9558396,6.5301
5.984999999999999,5.9271965,6.5301
6.1000000000000005,6.0115466,6.5301
6.21375,6.122895,6.5301
6.310833333333334,6.2329926,6.5301
6.439166666666668,6.324401,6.5301
6.839583333333333,6.4447503,6.5301
7.266666666666667,6.8206806,6.5301
7.820416666666667,7.2195945,6.5301
8.071250000000001,7.735377,6.5301
8.091666666666667,7.9660015,6.5301
8.089583333333334,7.984784,6.5301
8.09,7.9828677,6.5301
8.090416666666666,7.983251,6.5301
8.080833333333334,7.983635,6.5301
8.07875,7.9748163,6.5301
7.924166666666667,7.9729013,6.5301
7.764583333333334,7.8305717,6.5301
7.607500000000001,7.6838436,6.5301
7.4312499999999995,7.537806,6.5301
7.497083333333333,7.3733916,6.5301
7.839166666666666,7.4350023,6.5301
8.185,7.7525644,6.5301
8.53375,8.07078,6.5301
8.895833333333334,8.392783,6.5301
9.292916666666667,8.728433,6.5301
9.675416666666667,9.099346,6.5301
10.056666666666667,9.458726,6.5301
10.074166666666667,9.813544,6.5301
10.054166666666665,9.829785,6.5301
9.788333333333334,9.811223,6.5301
9.68875,9.564675,6.5301
9.660833333333334,9.471243,6.5301
9.8425,9.445041,6.5301
9.919166666666667,9.614947,6.5301
9.957083333333333,9.686039,6.5301
9.956666666666667,9.72118,6.5301
9.94875,9.720791,6.5301
9.95875,9.713453,6.5301
9.959166666666667,9.722724,6.5301
9.957916666666668,9.72311,6.5301
9.955416666666666,9.721949,6.5301
9.9575,9.719632,6.5301
9.925416666666667,9.721565,6.5301
9.943333333333333,9.691832,6.5301
9.948333333333332,9.708434,6.5301
9.969583333333333,9.713068,6.5301
10.018333333333333,9.732767,6.5301
9.866249999999999,9.777975,6.5301
9.478333333333333,9.636966,6.5301
9.113333333333333,9.273334,6.5301
8.779166666666667,8.931283,6.5301
8.769166666666665,8.619812,6.5301
8.768333333333333,8.610515,6.5301
8.754166666666666,8.609741,6.5301
8.62,8.596603,6.5301
8.496666666666666,8.4724245,6.5301
8.210416666666665,8.358539,6.5301
8.128749999999998,8.09424,6.5301
8.139999999999999,8.018929,6.5301
8.144166666666667,8.029292,6.5301
8.14625,8.033131,6.5301
8.14875,8.035048,6.5301
8.152083333333334,8.037351,6.5301
8.1625,8.040423,6.5301
8.164166666666667,8.050023,6.5301
8.165833333333333,8.0515585,6.5301
8.165000000000001,8.053094,6.5301
8.149583333333334,8.052327,6.5301
8.169583333333334,8.038121,6.5301
8.192916666666667,8.056552,6.5301
8.192083333333333,8.078087,6.5301
8.37,8.077316,6.5301
8.738750000000001,8.241554,6.5301
9.065,8.582313,6.5301
9.085416666666665,8.886116,6.5301
9.157083333333334,8.905196,6.5301
9.435416666666667,8.972179,6.5301
9.740416666666667,9.23302,6.5301
10.042083333333332,9.519754,6.5301
10.16125,9.80001,6.5301
10.454583333333334,9.910555,6.5301
10.457500000000001,10.182065,6.5301
10.549583333333334,10.184757,6.5301
10.569166666666666,10.269832,6.5301
10.567083333333334,10.28794,6.5301
10.564583333333333,10.286012,6.5301
10.560833333333333,10.2837,6.5301
10.552083333333334,10.280231,6.5301
10.552916666666667,10.272143,6.5301
10.547083333333335,10.272913,6.5301
10.54125,10.267521,6.5301
10.460833333333333,10.262129,6.5301
10.19625,10.187833,6.5301
9.811666666666666,9.943021,6.5301
9.739166666666668,9.586413,6.5301
9.505416666666667,9.5185795,6.5301
9.115,9.298787,6.5301
8.790833333333333,8.93284,6.5301
8.744166666666667,8.630717,6.5301
8.679166666666665,8.587334,6.5301
8.407083333333333,8.527134,6.5301
8.105833333333333,8.275828,6.5301
7.89,7.997823,6.5301
7.8675,7.7991896,6.5301
7.885833333333334,7.7785473,6.5301
8.214166666666666,7.7953677,6.5301
8.234583333333333,8.097702,6.5301
8.245416666666666,8.116549,6.5301
8.262083333333333,8.12654,6.5301
8.2625,8.141914,6.5301
8.421249999999999,8.142299,6.5301
8.58875,8.288927,6.5301
8.754166666666666,8.443584,6.5301
8.913333333333332,8.596603,6.5301
9.09125,8.744701,6.5301
8.969999999999999,8.910647,6.5301
8.7175,8.797434,6.5301
8.402083333333334,8.562613,6.5301
7.77625,8.271207,6.5301
7.350833333333334,7.694673,6.5301
7.090833333333333,7.298216,6.5301
6.84625,7.0556674,6.5301
6.703333333333333,6.826937,6.5301
6.678750000000001,6.692944,6.5301
6.685416666666668,6.669917,6.5301
6.696249999999999,6.6761656,6.5301
6.3875,6.6863103,6.5301
5.79625,6.3963428,6.5301
5.149166666666667,5.8275313,6.5301
4.626666666666667,5.1722302,6.5301
4.404583333333333,4.625722,6.5301
4.39875,4.39408,6.5301
4.4075,4.3880153,6.5301
4.440416666666667,4.3971124,6.5301
4.3116666666666665,4.431423,6.5301
4.180416666666667,4.2975655,6.5301
4.042916666666667,4.161383,6.5301
3.917083333333333,4.0189304,6.5301
3.6629166666666673,3.888422,6.5301
3.3404166666666666,3.624856,6.5301
3.164583333333333,3.2985957,6.5301
3.24625,3.121219,6.5301
3.367083333333333,3.2036154,6.5301
3.4525000000000006,3.325478,6.5301
3.4491666666666667,3.4118273,6.5301
3.4104166666666664,3.4084527,6.5301
3.397916666666667,3.3692343,6.5301
3.375,3.3565853,6.5301
3.3129166666666667,3.3334591,6.5301
3.2387499999999996,3.2708678,6.5301
3.1970833333333335,3.1960456,6.5301
3.140416666666667,3.154001,6.5301
3.1750000000000003,3.09685,6.5301
3.152083333333333,3.1317239,6.5301
3.119166666666667,3.1086135,6.5301
3.094583333333334,3.0754368,6.5301
3.0749999999999997,3.0507429,6.5301
3.045,3.0311089,6.5301
3.019166666666667,3.0010438,6.5301
2.9941666666666666,2.9751675,6.5301
2.9625,2.9501324,6.5301
2.9358333333333335,2.9186459,6.5301
2.9391666666666665,2.892387,6.5301
3.047916666666667,2.895668,6.5301
3.3716666666666666,3.0039673,6.5301
3.6116666666666664,3.3300993,6.5301
3.80125,3.5728905,6.5301
3.9812500000000006,3.768295,6.5301
4.254583333333334,3.955058,6.5301
4.511666666666667,4.238329,6.5301
4.652916666666667,4.505706,6.5301
4.70625,4.653188,6.5301
4.98125,4.709001,6.5301
5.427499999999999,4.9969788,6.5301
6.02875,5.4611626,6.5301
6.7174999999999985,6.0538883,6.5301
7.378333333333333,6.7062144,6.5301
8.036666666666667,7.323913,6.5301
8.229583333333332,7.934151,6.5301
8.22625,8.111937,6.5301
8.226666666666667,8.10886,6.5301
8.222083333333334,8.109243,6.5301
8.219999999999999,8.105013,6.5301
8.218333333333332,8.103088,6.5301
8.221666666666666,8.10155,6.5301
8.217916666666667,8.104628,6.5301
8.349166666666667,8.101166,6.5301
8.524583333333334,8.222308,6.5301
8.504583333333333,8.384316,6.5301
8.492083333333333,8.365847,6.5301
8.477916666666667,8.354306,6.5301
8.480833333333335,8.3412285,6.5301
8.489583333333334,8.343921,6.5301
8.27875,8.351998,6.5301
8.200833333333334,8.157293,6.5301
8.291666666666666,8.085393,6.5301
8.4325,8.169214,6.5301
8.412916666666668,8.29932,6.5301
8.249166666666666,8.281224,6.5301
8.055,8.129998,6.5301
7.780416666666667,7.9510403,6.5301
7.57,7.698542,6.5301
7.50125,7.502956,6.5301
7.5,7.4389024,6.5301
7.4975,7.437732,6.5301
7.494583333333334,7.435391,6.5301
7.491666666666667,7.43266,6.5301
7.487083333333334,7.4299293,6.5301
7.488333333333333,7.425638,6.5301
7.477916666666666,7.426809,6.5301
7.339583333333334,7.417058,6.5301
7.1499999999999995,7.2877054,6.5301
6.955000000000001,7.110778,6.5301
6.739583333333333,6.928928,6.5301
6.55375,6.7269053,6.5301
6.377083333333332,6.5523233,6.5301
6.1816666666666675,6.3865476,6.5301
6.21625,6.2020183,6.5301
6.205416666666667,6.235394,6.5301
6.112083333333334,6.2249837,6.5301
5.760416666666667,6.1346045,6.5301
5.400833333333334,5.792239,6.5301
5.0375,5.4342465,6.5301
4.897916666666666,5.055101,6.5301
4.905,4.909931,6.5301
4.829583333333333,4.917329,6.5301
4.70625,4.8382545,6.5301
4.70125,4.709001,6.5301
4.689166666666667,4.7037683,6.5301
4.6866666666666665,4.69112,6.5301
4.684166666666667,4.6885066,6.5301
4.67875,4.6858897,6.5301
4.670833333333333,4.6802206,6.5301
4.669583333333333,4.6719356,6.5301
4.665,4.670626,6.5301
4.6554166666666665,4.665832,6.5301
4.641666666666667,4.655803,6.5301
4.645416666666667,4.641418,6.5301
4.621666666666666,4.6453404,6.5301
4.5808333333333335,4.620491,6.5301
4.5375000000000005,4.5778303,6.5301
4.5025,4.5326405,6.5301
4.4799999999999995,4.4961505,6.5301
4.46125,4.4726973,6.5301
4.44625,4.453157,6.5301
4.425416666666666,4.4375105,6.5301
4.4054166666666665,4.4157686,6.5301
4.409166666666667,4.394946,6.5301
4.394583333333333,4.398845,6.5301
4.4695833333333335,4.383683,6.5301
4.71375,4.4618406,6.5301
4.712083333333333,4.716852,6.5301
4.72375,4.715108,6.5301
4.724583333333333,4.7273207,6.5301
4.718333333333333,4.7281933,6.5301
4.72,4.7216506,6.5301
4.721666666666667,4.723395,6.5301
4.726666666666667,4.7251377,6.5301
4.723333333333334,4.730373,6.5301
4.705416666666667,4.7268834,6.5301
4.702916666666666,4.70813,6.5301
4.679166666666666,4.7055135,6.5301
4.67375,4.680657,6.5301
4.677083333333333,4.6749883,6.5301
4.67875,4.678476,6.5301
4.675416666666666,4.6802206,6.5301
4.677083333333333,4.676733,6.5301
4.6875,4.678476,6.5301
4.696666666666666,4.689379,6.5301
4.7525,4.698971,6.5301
4.9054166666666665,4.7574353,6.5301
5.0529166666666665,4.917764,6.5301
5.117916666666667,5.071134,6.5301
5.108333333333333,5.139319,6.5301
4.879166666666666,5.12923,6.5301
4.899583333333333,4.890265,6.5301
4.913333333333333,4.9116716,6.5301
4.928333333333334,4.9260335,6.5301
4.95375,4.9416986,6.5301
4.972083333333333,4.968248,6.5301
4.992500000000001,4.9874,6.5301
5.008333333333334,5.0085955,6.5301
5.0075,5.0248866,6.5301
4.923333333333334,5.0240307,6.5301
4.81375,4.9364753,6.5301
4.724166666666666,4.821649,6.5301
4.65625,4.727756,6.5301
4.5975,4.656676,6.5301
4.537083333333333,4.595212,6.5301
4.455416666666667,4.5322065,6.5301
4.389583333333333,4.4470744,6.5301
4.316666666666666,4.378485,6.5301
4.337083333333333,4.302755,6.5301
4.34875,4.3239484,6.5301
4.327916666666667,4.3360596,6.5301
4.602916666666666,4.3144317,6.5301
4.7941666666666665,4.6008782,6.5301
4.365833333333334,4.801116,6.5301
4.35125,4.3537974,6.5301
4.3275,4.338655,6.5301
4.31,4.3139997,6.5301
4.2975,4.295836,6.5301
4.266666666666667,4.2828636,6.5301
4.2491666666666665,4.2508664,6.5301
4.23125,4.23271,6.5301
4.21125,4.214121,6.5301
4.19125,4.1933703,6.5301
4.17375,4.1726165,6.5301
4.154583333333333,4.154472,6.5301
4.22,4.1346135,6.5301
4.2491666666666665,4.202452,6.5301
4.3566666666666665,4.23271,6.5301
4.360416666666667,4.34428,6.5301
4.3308333333333335,4.3481717,6.5301
4.295,4.31746,6.5301
4.260000000000001,4.2802672,6.5301
4.11,4.243947,6.5301
3.9304166666666673,4.088463,6.5301
3.6616666666666666,3.902264,6.5301
2.807916666666667,3.6235874,6.5301
2.1075,2.7665915,6.5301
2.0808333333333335,2.0954845,6.5301
2.0670833333333336,2.070333,6.5301
2.0691666666666664,2.0573692,6.5301
2.065,2.0593328,6.5301
2.06,2.055404,6.5301
2.06875,2.0506926,6.5301
2.0645833333333337,2.0589406,6.5301
2.0545833333333334,2.055012,6.5301
2.0533333333333332,2.0455909,6.5301
2.0745833333333334,2.0444148,6.5301
2.1612500000000003,2.0644395,6.5301
2.262916666666667,2.1462135,6.5301
2.279583333333333,2.2422357,6.5301
2.3091666666666666,2.2579834,6.5301
2.254583333333333,2.2859895,6.5301
2.3075,2.2343638,6.5301
2.4129166666666664,2.2844126,6.5301
2.51125,2.384275,6.5301
2.6241666666666665,2.4776099,6.5301
2.737916666666667,2.5866938,6.5301
2.8649999999999998,2.6978679,6.5301
3.3562499999999997,2.8227003,6.5301
3.8558333333333334,3.3145554,6.5301
4.305,3.8248804,6.5301
4.537916666666667,4.2906456,6.5301
4.5675,4.533075,6.5301
4.565416666666667,4.5639234,6.5301
4.560833333333333,4.5617514,6.5301
4.560833333333333,4.556971,6.5301
4.552083333333333,4.556971,6.5301
4.54625,4.5478477,6.5301
4.5475,4.5417624,6.5301
4.549166666666667,4.543068,6.5301
4.5475,4.5448065,6.5301
4.54625,4.543068,6.5301
4.557916666666666,4.5417624,6.5301
4.5562499999999995,4.5539284,6.5301
4.576666666666667,4.5521917,6.5301
4.608333333333333,4.573484,6.5301
4.60375,4.6065435,6.5301
4.620416666666666,4.60175,6.5301
4.6625000000000005,4.619184,6.5301
4.672916666666667,4.6632147,6.5301
4.673333333333333,4.6741157,6.5301
4.657916666666667,4.674551,6.5301
4.449583333333334,4.6584196,6.5301
4.353333333333333,4.4409895,6.5301
3.91625,4.340818,6.5301
3.6783333333333332,3.8875563,6.5301
3.6558333333333337,3.6407375,6.5301
3.65375,3.6176715,6.5301
3.6612500000000003,3.6155577,6.5301
3.660416666666667,3.6231663,6.5301
3.6654166666666668,3.6223204,6.5301
3.67125,3.6273918,6.5301
3.6633333333333327,3.6333928,6.5301
3.6616666666666666,3.6252778,6.5301
3.660833333333333,3.6235874,6.5301
3.7025,3.6227434,6.5301
3.735416666666667,3.6658044,6.5301
3.766666666666667,3.699961,6.5301
3.76,3.7323983,6.5301
3.7608333333333337,3.7254772,6.5301
3.7895833333333333,3.7263427,6.5301
3.8008333333333333,3.7561924,6.5301
3.777916666666666,3.767862,6.5301
3.7708333333333335,3.7440794,6.5301
3.7712499999999998,3.7367253,6.5301
3.759583333333333,3.7371576,6.5301
3.592916666666666,3.7250457,6.5301
3.475,3.553891,6.5301
3.9379166666666667,3.4346058,6.5301
4.329583333333333,3.9100528,6.5301
4.34125,4.316163,6.5301
4.3445833333333335,4.328273,6.5301
4.339583333333333,4.3317347,6.5301
4.337916666666667,4.3265433,6.5301
4.339166666666666,4.3248134,6.5301
4.340000000000001,4.326111,6.5301
4.350833333333333,4.3269763,6.5301
4.3445833333333335,4.338223,6.5301
4.349166666666666,4.3317347,6.5301
4.337916666666667,4.336492,6.5301
4.6025,4.3248134,6.5301
4.950833333333333,4.6004424,6.5301
5.329166666666667,4.9652014,6.5301
5.6866666666666665,5.360656,6.5301
6.054583333333333,5.719536,6.5301
6.275416666666666,6.0789003,6.5301
6.2437499999999995,6.291119,6.5301
6.235416666666666,6.2613306,6.5301
6.24625,6.2534924,6.5301
6.47625,6.2636814,6.5301
6.867916666666666,6.479478,6.5301
7.11375,6.8472757,6.5301
6.802083333333333,7.0770087,6.5301
6.440833333333333,6.7854977,6.5301
6.425833333333333,6.446307,6.5301
6.4245833333333335,6.4322987,6.5301
6.4245833333333335,6.431131,6.5301
6.423750000000001,6.431131,6.5301
6.4174999999999995,6.430352,6.5301
6.415416666666666,6.4245143,6.5301
6.41,6.422568,6.5301
6.415416666666666,6.4175043,6.5301
6.416250000000001,6.422568,6.5301
6.384166666666666,6.423346,6.5301
6.059166666666666,6.393206,6.5301
5.658333333333334,6.083337,6.5301
5.235,5.691663,6.5301
4.817916666666667,5.2624555,6.5301
4.404583333333333,4.826019,6.5301
4.1325,4.39408,6.5301
4.132916666666667,4.111758,6.5301
4.10625,4.112191,6.5301
4.07125,4.0845737,6.5301
3.8249999999999997,4.0482926,6.5301
3.40625,3.792914,6.5301
2.9620833333333327,3.365019,6.5301
2.7937499999999997,2.9182343,6.5301
2.769166666666667,2.7526739,6.5301
2.7624999999999997,2.7285273,6.5301
2.763333333333333,2.721988,6.5301
2.76375,2.7228055,6.5301
2.765833333333333,2.7232141,6.5301
2.7658333333333336,2.7252574,6.5301
2.763333333333333,2.7252574,6.5301
2.769166666666667,2.7228055,6.5301
2.765416666666667,2.7285273,6.5301
2.737916666666667,2.7248483,6.5301
2.648333333333333,2.6978679,6.5301
2.5566666666666666,2.61025,6.5301
2.465,2.521313,6.5301
2.3866666666666667,2.4336364,6.5301
2.2966666666666664,2.3594084,6.5301
2.205,2.2741556,6.5301
2.12375,2.1875296,6.5301
2.097916666666667,2.1108172,6.5301
2.0929166666666665,2.0864456,6.5301
2.111666666666667,2.0817292,6.5301
2.120833333333333,2.0994163,6.5301
2.191666666666667,2.1080644,6.5301
2.2270833333333333,2.1749346,6.5301
2.242916666666667,2.2083929,6.5301
2.2375000000000003,2.2233431,6.5301
2.2466666666666666,2.2182293,6.5301
2.2408333333333332,2.2268856,6.5301
2.2391666666666667,2.2213755,6.5301
2.2329166666666667,2.2198033,6.5301
2.23875,2.2138999,6.5301
2.235416666666667,2.219408,6.5301
2.2279166666666668,2.2162604,6.5301
2.236666666666667,2.2091782,6.5301
2.2354166666666666,2.2174416,6.5301
2.22625,2.2162604,6.5301
2.2279166666666668,2.2076037,6.5301
2.3925,2.2091782,6.5301
2.527083333333333,2.364934,6.5301
2.6445833333333333,2.4927027,6.5301
2.688333333333333,2.6065927,6.5301
2.7116666666666664,2.6492975,6.5301
2.6566666666666667,2.6721156,6.5301
2.5925,2.61838,6.5301
2.4916666666666667,2.5559902,6.5301
2.424166666666667,2.4589677,6.5301
2.30875,2.3949368,6.5301
2.1941666666666664,2.2855973,6.5301
2.17875,2.177298,6.5301
2.185,2.1627355,6.5301
2.1795833333333334,2.1686392,6.5301
2.1820833333333334,2.1635227,6.5301
2.18875,2.1658838,6.5301
2.19625,2.172181,6.5301
2.1991666666666667,2.1792655,6.5301
2.19875,2.1820195,6.5301
2.2033333333333336,2.1816258,6.5301
2.2025,2.1859567,6.5301
2.2216666666666667,2.1851687,6.5301
2.3225000000000002,2.203278,6.5301
2.4112500000000003,2.2986186,6.5301
2.3354166666666667,2.3826966,6.5301
2.2866666666666666,2.3108523,6.5301
2.2575,2.2646885,6.5301
2.315,2.2371185,6.5301
2.3754166666666667,2.2915146,6.5301
2.459166666666667,2.348752,6.5301
2.5325,2.4281075,6.5301
2.615,2.497939,6.5301
2.6787499999999995,2.5778046,6.5301
2.723333333333333,2.6399362,6.5301
2.8016666666666663,2.6835613,6.5301
2.8520833333333333,2.760452,6.5301
2.8525000000000005,2.8100007,6.5301
2.8579166666666667,2.8104095,6.5301
2.856666666666667,2.8157344,6.5301
2.857916666666666,2.8145063,6.5301
2.857916666666666,2.8157344,6.5301
2.8524999999999996,2.8157344,6.5301
2.8612499999999996,2.8104095,6.5301
2.8645833333333335,2.8190117,6.5301
2.86125,2.82229,6.5301
2.8679166666666664,2.8190117,6.5301
2.8691666666666666,2.8255696,6.5301
2.862916666666667,2.8267968,6.5301
2.8675,2.8206508,6.5301
2.87125,2.8251584,6.5301
2.8679166666666664,2.8288453,6.5301
2.8616666666666664,2.8255696,6.5301
2.8674999999999997,2.819422,6.5301
2.8649999999999998,2.8251584,6.5301
2.8708333333333336,2.8227003,6.5301
2.87625,2.8284369,6.5301
2.87625,2.833762,6.5301
2.875,2.833762,6.5301
2.8845833333333335,2.8325326,6.5301
2.8395833333333336,2.8419585,6.5301
2.835416666666667,2.7977135,6.5301
2.8354166666666667,2.7936182,6.5301
2.846666666666667,2.7936182,6.5301
2.839166666666667,2.8046756,6.5301
2.8375000000000004,2.7973037,6.5301
2.841666666666667,2.7956653,6.5301
2.83625,2.7997608,6.5301
2.8404166666666666,2.7944372,6.5301
2.839583333333333,2.7985315,6.5301
2.84125,2.7977135,6.5301
2.839583333333333,2.7993507,6.5301
2.8479166666666664,2.7977135,6.5301
2.8425,2.8059049,6.5301
2.8350000000000004,2.8005805,6.5301
2.8387499999999997,2.793207,6.5301
2.831666666666667,2.7968936,6.5301
2.8266666666666667,2.7899323,6.5301
2.829166666666667,2.785018,6.5301
2.817083333333333,2.7874742,6.5301
2.8204166666666666,2.7756002,6.5301
3.1595833333333334,2.7788746,6.5301
3.5500000000000003,3.1161754,6.5301
3.9508333333333336,3.5104268,6.5301
4.288749999999999,3.9234667,6.5301
4.298333333333333,4.273782,6.5301
4.2941666666666665,4.2837276,6.5301
4.286666666666666,4.279403,6.5301
4.291250000000001,4.2716203,6.5301
4.28625,4.2763762,6.5301
4.2875000000000005,4.2711864,6.5301
4.28375,4.2724853,6.5301
4.277916666666667,4.268592,6.5301
4.279583333333334,4.2625384,6.5301
4.272083333333334,4.2642694,6.5301
4.2925,4.2564864,6.5301
4.335,4.2776732,6.5301
4.39375,4.321785,6.5301
4.4375,4.3828177,6.5301
4.479166666666667,4.4283786,6.5301
4.517916666666666,4.471828,6.5301
4.556666666666667,4.5122223,6.5301
4.579166666666667,4.5526266,6.5301
4.69,4.576091,6.5301
5.077083333333333,4.691994,6.5301
5.15375,5.0963464,6.5301
5.197916666666667,5.1770525,6.5301
5.220833333333333,5.2235284,6.5301
5.3175,5.2476063,6.5301
5.740416666666667,5.3485,6.5301
5.962916666666666,5.772518,6.5301
5.961250000000001,5.9901457,6.5301
5.955416666666667,5.988531,6.5301
5.958749999999999,5.982879,6.5301
5.9575,5.986109,6.5301
5.962916666666666,5.9848995,6.5301
5.959583333333334,5.9901457,6.5301
5.960416666666667,5.9869165,6.5301
5.965416666666667,5.9877234,6.5301
6.1475,5.9925694,6.5301
6.446666666666666,6.168974,6.5301
6.745833333333333,6.4517555,6.5301
7.039999999999999,6.732762,6.5301
7.323333333333333,7.008269,6.5301
7.59,7.2725205,6.5301
7.800833333333333,7.5215387,6.5301
7.805,7.7174172,6.5301
7.783333333333332,7.7212386,6.5301
7.778333333333333,7.7012515,6.5301
7.74625,7.696608,6.5301
7.731249999999999,7.6668186,6.5301
7.719166666666666,7.652895,6.5301
7.751666666666666,7.6416826,6.5301
7.6433333333333335,7.6718493,6.5301
7.439583333333334,7.5711255,6.5301
7.445833333333333,7.3811874,6.5301
7.4437500000000005,7.3870344,6.5301
7.447916666666667,7.3850856,6.5301
7.441666666666666,7.3889837,6.5301
7.435416666666668,7.3831363,6.5301
7.4383333333333335,7.3772907,6.5301
7.435833333333334,7.380018,6.5301
7.407916666666666,7.377679,6.5301
7.1120833333333335,7.351569,6.5301
6.6812499999999995,7.0754557,6.5301
6.259583333333333,6.672265,6.5301
5.8620833333333335,6.2762227,6.5301
5.460416666666667,5.8923182,6.5301
5.070833333333334,5.4943895,6.5301
4.730833333333334,5.08979,6.5301
4.613333333333333,4.7347345,6.5301
4.447083333333333,4.611775,6.5301
4.104166666666667,4.43838,6.5301
3.755833333333333,4.082415,6.5301
3.384583333333333,3.7211523,6.5301
2.96125,3.3431227,6.5301
2.4991666666666665,2.9174144,6.5301
2.1808333333333336,2.466107,6.5301
2.16875,2.1647036,6.5301
2.1641666666666666,2.153294,6.5301
2.174166666666667,2.148967,6.5301
2.1779166666666665,2.1584082,6.5301
2.18,2.1619496,6.5301
2.1929166666666666,2.1639175,6.5301
2.1979166666666665,2.1761172,6.5301
2.1991666666666667,2.180838,6.5301
2.205416666666667,2.1820195,6.5301
2.2104166666666667,2.1879256,6.5301
2.2104166666666667,2.1926482,6.5301
2.28,2.1926482,6.5301
2.3474999999999997,2.2583776,6.5301
2.4250000000000003,2.3222983,6.5301
2.47125,2.3957264,6.5301
2.5116666666666667,2.4395633,6.5301
2.5154166666666664,2.4780083,6.5301
2.5104166666666665,2.4815774,6.5301
2.379166666666667,2.476818,6.5301
2.2566666666666664,2.3523047,6.5301
2.1166666666666667,2.2363303,6.5301
2.0316666666666667,2.1041353,6.5301
2.0241666666666664,2.0240119,6.5301
2.0154166666666664,2.0169525,6.5301
2.013333333333333,2.008719,6.5301
2.0141666666666667,2.0067575,6.5301
2.01125,2.007541,6.5301
2.004166666666667,2.004797,6.5301
2.0075,1.9981312,6.5301
2.0050000000000003,2.0012677,6.5301
1.9970833333333335,1.9989147,6.5301
2.0025,1.991467,6.5301
2.0187500000000003,1.9965631,6.5301
2.138333333333333,2.0118546,6.5301
2.2920833333333337,2.1245809,6.5301
2.3404166666666666,2.2698162,6.5301
2.38125,2.3155873,6.5301
2.4204166666666667,2.3542786,6.5301
2.5054166666666666,2.3913832,6.5301
2.5845833333333332,2.4720573,6.5301
2.685416666666667,2.5483193,6.5301
2.795833333333334,2.646449,6.5301
2.9025,2.754719,6.5301
3.016666666666666,2.8595808,6.5301
3.1558333333333337,2.9726639,6.5301
3.4275,3.1123946,6.5301
3.8958333333333335,3.3865223,6.5301
4.337916666666667,3.8663635,6.5301
4.380416666666666,4.3248134,6.5301
4.37625,4.368956,6.5301
4.37625,4.364626,6.5301
4.371250000000001,4.364626,6.5301
4.370416666666666,4.359428,6.5301
4.365833333333334,4.358561,6.5301
4.3625,4.3537974,6.5301
4.35875,4.350336,6.5301
4.358333333333333,4.3464413,6.5301
4.333749999999999,4.3460083,6.5301
4.300416666666666,4.320488,6.5301
4.292916666666667,4.2858896,6.5301
4.2908333333333335,4.2781067,6.5301
4.27125,4.2759447,6.5301
4.2725,4.255621,6.5301
4.298750000000001,4.2569184,6.5301
4.390416666666667,4.2841587,6.5301
4.410833333333334,4.3793526,6.5301
4.4158333333333335,4.4005785,6.5301
4.4125000000000005,4.405776,6.5301
4.421666666666667,4.4023094,6.5301
4.552083333333333,4.411856,6.5301
4.498333333333334,4.5478477,6.5301
4.399583333333333,4.491808,6.5301
4.377083333333333,4.388881,6.5301
4.378333333333333,4.3654923,6.5301
4.3741666666666665,4.3667903,6.5301
4.378333333333333,4.3624597,6.5301
4.379583333333334,4.3667903,6.5301
4.375,4.3680906,6.5301
4.381666666666667,4.3633265,6.5301
4.3775,4.3702564,6.5301
4.374583333333333,4.365925,6.5301
4.3879166666666665,4.362893,6.5301
4.412916666666667,4.3767533,6.5301
4.404166666666666,4.402744,6.5301
4.397083333333334,4.3936462,6.5301
4.435,4.3862815,6.5301
4.441666666666666,4.42577,6.5301
4.439166666666666,4.432728,6.5301
4.365416666666667,4.4301176,6.5301
4.368333333333333,4.353365,6.5301
4.389583333333333,4.3563957,6.5301
4.390833333333333,4.378485,6.5301
4.3725,4.3797846,6.5301
4.365,4.3607264,6.5301
4.72875,4.3529325,6.5301
5.0737499999999995,4.732555,6.5301
5.051666666666667,5.092839,6.5301
5.054166666666666,5.0698357,6.5301
5.055416666666667,5.0724363,6.5301
5.052083333333333,5.0737357,6.5301
5.050833333333333,5.070266,6.5301
5.054166666666667,5.0689683,6.5301
5.055416666666667,5.0724363,6.5301
5.057916666666666,5.0737357,6.5301
5.05625,5.0763397,6.5301
5.055416666666667,5.0746036,6.5301
5.035416666666666,5.0737357,6.5301
5.03,5.052936,6.5301
5.035,5.0473027,6.5301
5.01375,5.052501,6.5301
4.99125,5.0304556,6.5301
4.9679166666666665,5.007306,6.5301
4.947083333333333,4.983048,6.5301
4.924166666666666,4.9612837,6.5301
4.902083333333333,4.937346,6.5301
4.927083333333333,4.914283,6.5301
5.175833333333333,4.940392,6.5301
5.289583333333333,5.20029,6.5301
4.556666666666667,5.319414,6.5301
3.8825,4.5526266,6.5301
3.8874999999999997,3.8525317,6.5301
3.89625,3.8577173,6.5301
3.90625,3.8667974,6.5301
3.9233333333333333,3.877176,6.5301
3.9274999999999998,3.8949115,6.5301
3.9420833333333327,3.8992372,6.5301
3.9462499999999996,3.914379,6.5301
3.952083333333333,3.918707,6.5301
3.973333333333333,3.924764,6.5301
4.180416666666667,3.9468346,6.5301
4.532916666666666,4.161383,6.5301
4.905833333333334,4.527862,6.5301
5.272916666666666,4.918199,6.5301
5.6225,5.302054,6.5301
5.78625,5.6563897,6.5301
5.779583333333334,5.8176885,6.5301
5.792083333333333,5.811126,6.5301
5.796250000000001,5.8234296,6.5301
5.789583333333334,5.8275313,6.5301
5.769166666666666,5.820969,6.5301
5.5275,5.800868,6.5301
5.315,5.56188,6.5301
5.281666666666667,5.345895,6.5301
5.275416666666667,5.3111677,6.5301
5.257916666666667,5.3046575,6.5301
5.249583333333333,5.2864113,6.5301
5.24125,5.2777,6.5301
5.224583333333333,5.268989,6.5301
5.22125,5.2515445,6.5301
5.2075000000000005,5.2480426,6.5301
5.19875,5.2335963,6.5301
5.1925,5.2244043,6.5301
5.160416666666666,5.2178283,6.5301
4.8375,5.1840672,6.5301
4.35625,4.8465548,6.5301
4.0325,4.343846,6.5301
4.476666666666667,4.0081363,6.5301
4.406666666666667,4.469224,6.5301
4.131666666666667,4.3962464,6.5301
4.027916666666667,4.110896,6.5301
3.9179166666666667,4.0033875,6.5301
3.8095833333333338,3.8892868,6.5301
3.7991666666666664,3.7769315,6.5301
3.7704166666666663,3.7661362,6.5301
3.7758333333333334,3.7362912,6.5301
3.67125,3.7419157,6.5301
3.68375,3.6333928,6.5301
3.6950000000000003,3.646353,6.5301
3.7120833333333336,3.6580229,6.5301
3.7237500000000003,3.6757464,6.5301
3.73375,3.6878536,6.5301
3.7466666666666666,3.6982305,6.5301
3.7550000000000003,3.7116368,6.5301
3.76375,3.720287,6.5301
3.7791666666666663,3.7293708,6.5301
3.7845833333333334,3.7453773,6.5301
3.7945833333333336,3.7510006,6.5301
3.810416666666667,3.7613847,6.5301
3.8166666666666664,3.7777956,6.5301
3.7495833333333333,3.784273,6.5301
2.8958333333333335,3.7146657,6.5301
2.580833333333333,2.853023,6.5301
2.5791666666666666,2.5446932,6.5301
2.575833333333333,2.5430808,6.5301
2.5679166666666666,2.5398552,6.5301
2.561666666666667,2.532195,6.5301
2.4670833333333335,2.52615,6.5301
2.3733333333333335,2.4356136,6.5301
2.23125,2.346777,6.5301
2.0370833333333334,2.2123268,6.5301
2.009583333333333,2.0291123,6.5301
1.9945833333333332,2.003228,6.5301
1.9879166666666668,1.9891138,6.5301
1.9679166666666665,1.982844,6.5301
1.9570833333333335,1.9640523,6.5301
1.9504166666666667,1.9538759,6.5301
1.9349999999999998,1.9476147,6.5301
1.9291666666666665,1.9332478,6.5301
1.9179166666666667,1.9278563,6.5301
1.9083333333333332,1.9174588,6.5301
1.9112500000000001,1.9086351,6.5301
2.0195833333333333,1.911319,6.5301
2.15625,2.012639,6.5301
2.205,2.1414921,6.5301
2.2604166666666665,2.1875296,6.5301
2.2795833333333335,2.2398727,6.5301
2.4120833333333334,2.2579834,6.5301
2.544166666666667,2.3834863,6.5301
2.652083333333333,2.5092216,6.5301
2.776666666666667,2.6139095,6.5301
3.057916666666667,2.7358918,6.5301
3.5537500000000004,3.0139859,6.5301
4.055833333333333,3.514224,6.5301
4.5424999999999995,4.0323153,6.5301
5.005833333333333,4.537854,6.5301
5.4175,5.0223165,6.5301
5.559583333333333,5.451081,6.5301
5.567083333333333,5.593831,6.5301
5.569583333333333,5.601302,6.5301
5.564166666666666,5.6037917,6.5301
5.572916666666667,5.598396,6.5301
5.565,5.607113,6.5301
5.565833333333333,5.5992274,6.5301
5.572083333333334,5.600058,6.5301
5.575833333333333,5.6062837,6.5301
5.567499999999999,5.610019,6.5301
5.527916666666666,5.6017184,6.5301
5.61625,5.562294,6.5301
5.7225,5.6501794,6.5301
5.745833333333334,5.754849,6.5301
5.753333333333333,5.777858,6.5301
5.75125,5.785254,6.5301
5.802916666666667,5.783199,6.5301
5.807083333333334,5.834095,6.5301
5.656666666666666,5.838197,6.5301
5.310416666666666,5.690024,6.5301
5.242500000000001,5.341119,6.5301
5.2716666666666665,5.270295,6.5301
5.1883333333333335,5.300751,6.5301
4.941666666666667,5.213444,6.5301
4.7975,4.9556255,6.5301
4.798333333333333,4.8046103,6.5301
4.793333333333334,4.805485,6.5301
4.79875,4.800243,6.5301
4.798333333333334,4.8059216,6.5301
4.8,4.805485,6.5301
4.796666666666667,4.807233,6.5301
4.801666666666667,4.803737,6.5301
4.7975,4.80898,6.5301
4.801666666666667,4.8046103,6.5301
4.8425,4.80898,6.5301
4.739166666666667,4.8517985,6.5301
4.610833333333333,4.7434645,6.5301
4.5929166666666665,4.6091595,6.5301
4.558333333333333,4.590433,6.5301
4.538333333333333,4.554364,6.5301
4.4875,4.5335083,6.5301
4.475416666666667,4.480517,6.5301
4.455416666666666,4.4679193,6.5301
4.480833333333334,4.4470744,6.5301
4.542916666666667,4.4735665,6.5301
4.517083333333333,4.538288,6.5301
4.557916666666666,4.5113535,6.5301
4.7733333333333325,4.5539284,6.5301
4.78875,4.779274,6.5301
4.793333333333334,4.7954364,6.5301
4.804166666666666,4.800243,6.5301
4.8075,4.8116007,6.5301
4.8125,4.815096,6.5301
4.821666666666666,4.8203382,6.5301
4.829999999999999,4.829952,6.5301
4.825,4.83869,6.5301
4.840833333333333,4.8334465,6.5301
4.854166666666667,4.850053,6.5301
4.845,4.864035,6.5301
4.822916666666667,4.854421,6.5301
4.8237499999999995,4.8312626,6.5301
4.844166666666667,4.832135,6.5301
4.870833333333334,4.8535476,6.5301
4.9120833333333325,4.881518,6.5301
4.909166666666667,4.924727,6.5301
4.9070833333333335,4.9216805,6.5301
4.917083333333333,4.9195046,6.5301
5.064166666666666,4.929948,6.5301
5.060416666666666,5.082847,6.5301
5.062083333333334,5.0789423,6.5301
5.023750000000001,5.080677,6.5301
4.656250000000001,5.040803,6.5301
4.639166666666667,4.656676,6.5301
4.630416666666666,4.638801,6.5301
4.623333333333333,4.629645,6.5301
4.618333333333333,4.6222363,6.5301
4.605416666666667,4.6170044,6.5301
4.600416666666667,4.6034927,6.5301
4.5912500000000005,4.598263,6.5301
4.588333333333334,4.588693,6.5301
4.579583333333333,4.5856524,6.5301
4.54375,4.576526,6.5301
4.510833333333333,4.5391564,6.5301
4.519166666666667,4.5048385,6.5301
4.510416666666667,4.5135264,6.5301
4.477083333333334,4.504404,6.5301
4.454166666666667,4.469658,6.5301
4.405833333333334,4.445775,6.5301
4.3966666666666665,4.3953786,6.5301
4.586666666666667,4.385849,6.5301
4.94125,4.583913,6.5301
5.110833333333333,4.9551897,6.5301
5.127083333333334,5.1318607,6.5301
5.182083333333334,5.1489754,6.5301
5.26,5.2068663,6.5301
5.489583333333333,5.2885895,6.5301
5.500833333333333,5.5238433,6.5301
5.5025,5.5352087,6.5301
5.49875,5.536891,6.5301
5.50125,5.5331035,6.5301
5.50375,5.5356293,6.5301
5.49875,5.538155,6.5301
5.507083333333333,5.5331035,6.5301
5.502916666666667,5.541522,6.5301
5.4750000000000005,5.537312,6.5301
5.385416666666667,5.509116,6.5301
5.2804166666666665,5.4186144,6.5301
5.16125,5.3098664,6.5301
5.09875,5.184944,6.5301
5.01625,5.119144,6.5301
4.916250000000001,5.0330243,6.5301
4.80875,4.929076,6.5301
4.713333333333334,4.816407,6.5301
4.411666666666666,4.7164154,6.5301
4.01875,4.4014444,6.5301
3.620416666666667,3.993893,6.5301
3.21625,3.5817587,6.5301
2.75125,3.1733384,6.5301
2.2925,2.7109487,6.5301
2.05375,2.270211,6.5301
2.04625,2.044806,6.5301
2.0479166666666666,2.0377421,6.5301
2.05375,2.039312,6.5301
2.04625,2.044806,6.5301
2.0524999999999998,2.0377421,6.5301
2.0570833333333334,2.0436292,6.5301
2.0466666666666664,2.0479455,6.5301
2.058333333333333,2.0381339,6.5301
2.07,2.0491226,6.5301
2.0729166666666665,2.0601175,6.5301
2.0733333333333337,2.062867,6.5301
2.1641666666666666,2.0632613,6.5301
2.1995833333333334,2.148967,6.5301
2.267916666666667,2.1824136,6.5301
2.2537499999999997,2.246958,6.5301
2.25875,2.233577,6.5301
2.26375,2.2382987,6.5301
2.2604166666666665,2.2430222,6.5301
2.1816666666666666,2.2398727,6.5301
2.098333333333333,2.1654906,6.5301
2.012916666666667,2.0868382,6.5301
1.9312500000000001,2.0063658,6.5301
1.9291666666666665,1.9297825,6.5301
1.9258333333333333,1.9278563,6.5301
1.9229166666666666,1.9247736,6.5301
1.9258333333333333,1.9220765,6.5301
1.9233333333333331,1.9247736,6.5301
1.9216666666666669,1.9224615,6.5301
1.9120833333333334,1.9209225,6.5301
1.913333333333333,1.912085,6.5301
1.9183333333333337,1.913236,6.5301
1.9100000000000001,1.9178438,6.5301
1.9170833333333333,1.9101695,6.5301
2.0208333333333335,1.9166894,6.5301
2.1679166666666667,2.0138166,6.5301
2.217916666666667,2.1525068,6.5301
2.2779166666666666,2.1997333,6.5301
2.31375,2.2564063,6.5301
2.4270833333333335,2.2903318,6.5301
2.5429166666666667,2.3977003,6.5301
2.6345833333333335,2.5080135,6.5301
2.745416666666667,2.5968382,6.5301
2.8575,2.7052257,6.5301
2.9737500000000003,2.8153248,6.5301
3.080833333333333,2.9297445,6.5301
3.32875,3.036956,6.5301
3.8000000000000003,3.2868316,6.5301
4.160833333333333,3.766999,6.5301
4.173333333333333,4.1410875,6.5301
4.172916666666667,4.1540413,6.5301
4.165416666666666,4.1536098,6.5301
4.171666666666666,4.1458364,6.5301
4.17875,4.152314,6.5301
4.179583333333333,4.159655,6.5301
4.178333333333334,4.1605196,6.5301
4.178333333333334,4.159224,6.5301
4.180416666666667,4.159224,6.5301
4.165833333333333,4.161383,6.5301
4.137083333333333,4.146267,6.5301
4.239166666666667,4.1165023,6.5301
4.593333333333334,4.2223344,6.5301
4.964166666666666,4.5908685,6.5301
5.345,4.9791293,6.5301
5.521666666666667,5.377096,6.5301
5.5754166666666665,5.5560703,6.5301
5.595833333333334,5.6096044,6.5301
5.60125,5.629902,6.5301
5.589166666666667,5.6352816,6.5301
5.620833333333334,5.623283,6.5301
5.660416666666666,5.654732,6.5301
5.199166666666667,5.6937127,6.5301
4.842083333333334,5.2248425,6.5301
4.832083333333333,4.8513618,6.5301
4.833333333333333,4.840875,6.5301
4.837916666666667,4.842186,6.5301
4.8429166666666665,4.846993,6.5301
4.845416666666666,4.8522353,6.5301
4.8429166666666665,4.8548584,6.5301
4.845833333333333,4.8522353,6.5301
4.852916666666666,4.855295,6.5301
4.85625,4.8627243,6.5301
4.865,4.86622,6.5301
4.8741666666666665,4.8753977,6.5301
4.741666666666666,4.885017,6.5301
4.35,4.7460837,6.5301
3.9508333333333336,4.3373566,6.5301
3.5625,3.9234667,6.5301
3.38625,3.5230849,6.5301
3.358333333333333,3.3448033,6.5301
3.338333333333333,3.3166547,6.5301
3.334583333333333,3.2964957,6.5301
3.325416666666666,3.2927134,6.5301
3.2904166666666668,3.2834704,6.5301
3.1937499999999996,3.2481725,6.5301
3.5391666666666666,3.1506383,6.5301
3.964166666666667,3.4994593,6.5301
3.9949999999999997,3.9373138,6.5301
3.994583333333333,3.969296,6.5301
4.00875,3.9688656,6.5301
4.006666666666667,3.983535,6.5301
4.01125,3.9813788,6.5301
4.014583333333333,3.9861264,6.5301
4.0225,3.9895782,6.5301
4.020416666666667,3.9977777,6.5301
4.032916666666667,3.9956186,6.5301
4.246666666666667,4.0085692,6.5301
4.633333333333334,4.230115,6.5301
4.99875,4.6326966,6.5301
5.377083333333334,5.0150366,6.5301
5.570416666666667,5.410084,6.5301
5.5879166666666675,5.604622,6.5301
5.586666666666666,5.6220417,6.5301
5.5616666666666665,5.6208005,6.5301
5.540833333333334,5.595906,6.5301
5.527083333333334,5.575156,6.5301
5.530833333333334,5.5614643,6.5301
5.5325,5.5651994,6.5301
5.440833333333334,5.566859,6.5301
5.080416666666666,5.474616,6.5301
4.64875,5.0998535,6.5301
4.609166666666667,4.6488276,6.5301
4.605,4.607416,6.5301
4.5929166666666665,4.603058,6.5301
4.579583333333334,4.590433,6.5301
4.567916666666666,4.576526,6.5301
4.557916666666666,4.5643578,6.5301
4.549166666666666,4.5539284,6.5301
4.544583333333334,4.5448065,6.5301
4.525416666666667,4.5400267,6.5301
4.480416666666667,4.520042,6.5301
4.180833333333333,4.473132,6.5301
3.8283333333333336,4.1618156,6.5301
3.4370833333333337,3.7963676,6.5301
3.26125,3.3962224,6.5301
3.2591666666666668,3.2187524,6.5301
3.3366666666666673,3.2166524,6.5301
3.3495833333333334,3.294814,6.5301
3.3720833333333338,3.3078349,6.5301
3.37875,3.3305178,6.5301
3.377083333333333,3.3372407,6.5301
3.3745833333333333,3.3355606,6.5301
3.5758333333333336,3.3330393,6.5301
3.6004166666666673,3.5365877,6.5301
3.596666666666667,3.561489,6.5301
3.6012500000000003,3.5576894,6.5301
3.6016666666666666,3.5623338,6.5301
3.595,3.5627568,6.5301
3.5991666666666666,3.5560007,6.5301
3.605833333333333,3.560223,6.5301
3.6054166666666667,3.5669785,6.5301
3.596666666666667,3.5665565,6.5301
3.5999999999999996,3.5576894,6.5301
3.5820833333333333,3.5610673,6.5301
3.3070833333333334,3.542916,6.5301
3.1145833333333335,3.2649877,6.5301
3.0416666666666665,3.070829,6.5301
2.955833333333333,2.9977055,6.5301
2.842916666666667,2.91208,6.5301
2.72,2.8009903,6.5301
2.5225,2.6802907,6.5301
2.4154166666666668,2.488323,6.5301
2.3041666666666667,2.3866446,6.5301
2.276666666666667,2.2812567,6.5301
2.254166666666667,2.255225,6.5301
2.2175,2.2339702,6.5301
2.0041666666666664,2.1993406,6.5301
1.9808333333333332,1.9981312,6.5301
1.9883333333333333,1.9761888,6.5301
1.9929166666666667,1.9832363,6.5301
1.9833333333333334,1.9875461,6.5301
1.985,1.9785378,6.5301
1.9929166666666667,1.9801042,6.5301
1.9829166666666664,1.9875461,6.5301
1.9887499999999998,1.9781469,6.5301
1.9962499999999999,1.9836272,6.5301
1.9887500000000002,1.9906825,6.5301
1.9933333333333332,1.9836272,6.5301
1.9866666666666666,1.9879378,6.5301
1.9637499999999999,1.9816695,6.5301
2.0145833333333334,1.960137,6.5301
2.12375,2.0079343,6.5301
2.2708333333333335,2.1108172,6.5301
2.3404166666666666,2.2497141,6.5301
2.39875,2.3155873,6.5301
2.4091666666666667,2.3708544,6.5301
2.4033333333333333,2.380723,6.5301
2.3229166666666665,2.375197,6.5301
2.2308333333333334,2.299012,6.5301
2.15,2.2119334,6.5301
2.07,2.135591,6.5301
2.0816666666666666,2.0601175,6.5301
2.080833333333333,2.0711186,6.5301
2.0858333333333334,2.070333,6.5301
2.0908333333333333,2.0750487,6.5301
2.095,2.079763,6.5301
2.0975,2.0836952,6.5301
2.0983333333333336,2.0860524,6.5301
2.095,2.0868382,6.5301
2.0966666666666667,2.0836952,6.5301
2.1029166666666668,2.0852664,6.5301
2.1216666666666666,2.091162,6.5301
2.2483333333333335,2.1088521,6.5301
2.392916666666667,2.22846,6.5301
2.430833333333333,2.3653286,6.5301
2.4475,2.401254,6.5301
2.433333333333333,2.4170477,6.5301
2.5091666666666668,2.4036233,6.5301
2.56875,2.4756267,6.5301
2.65125,2.533003,6.5301
2.879583333333333,2.6130962,6.5301
3.358333333333334,2.8370407,6.5301
3.856666666666667,3.3166547,6.5301
4.287916666666667,3.8257437,6.5301
4.375,4.272917,6.5301
4.410833333333334,4.3633265,6.5301
4.408333333333333,4.4005785,6.5301
4.40375,4.3979783,6.5301
4.410416666666666,4.393214,6.5301
4.410833333333334,4.400145,6.5301
4.410416666666667,4.4005785,6.5301
4.4125,4.400145,6.5301
4.417916666666667,4.4023094,6.5301
4.417916666666667,4.407943,6.5301
4.422916666666667,4.407943,6.5301
4.42,4.41316,6.5301
4.400833333333334,4.4101157,6.5301
4.381666666666667,4.390182,6.5301
4.388333333333334,4.3702564,6.5301
4.3675,4.3771863,6.5301
4.34375,4.3555307,6.5301
4.3254166666666665,4.3308682,6.5301
4.352916666666666,4.311838,6.5301
4.426666666666667,4.3403854,6.5301
4.35375,4.4170737,6.5301
4.37875,4.3412514,6.5301
4.395416666666667,4.367224,6.5301
4.49,4.38455,6.5301
4.932083333333334,4.48312,6.5301
4.935833333333334,4.9456153,6.5301
4.945416666666667,4.9495316,6.5301
4.9504166666666665,4.9595423,6.5301
4.9454166666666675,4.964766,6.5301
4.9525,4.9595423,6.5301
4.9487499999999995,4.9669423,6.5301
4.95,4.963026,6.5301
4.947916666666667,4.964331,6.5301
4.9475,4.9621544,6.5301
4.944583333333333,4.9617195,6.5301
4.956666666666667,4.9586716,6.5301
4.964166666666666,4.971294,6.5301
4.993333333333333,4.9791293,6.5301
4.9975,5.0094543,6.5301
5.017083333333334,5.013752,6.5301
5.024583333333333,5.0338817,6.5301
5.020833333333333,5.041671,6.5301
5.01,5.037771,6.5301
4.951666666666667,5.0265994,6.5301
4.904166666666667,4.966071,6.5301
4.501250000000001,4.916458,6.5301
4.3625,4.494848,6.5301
4.302083333333333,4.350336,6.5301
3.8820833333333336,4.287619,6.5301
3.8454166666666665,3.8520987,6.5301
3.8425,3.81408,6.5301
3.84125,3.811055,6.5301
3.8441666666666663,3.8097599,6.5301
3.8358333333333334,3.8127837,6.5301
3.8370833333333336,3.8041453,6.5301
3.8466666666666662,3.805441,6.5301
3.8475,3.8153763,6.5301
3.849166666666667,3.8162408,6.5301
3.8441666666666667,3.8179686,6.5301
3.8333333333333335,3.8127837,6.5301
3.8616666666666664,3.8015516,6.5301
3.8841666666666668,3.8309295,6.5301
3.8920833333333333,3.8542612,6.5301
3.93625,3.8624735,6.5301
3.983333333333333,3.908323,6.5301
3.9804166666666667,3.9572146,6.5301
3.9625000000000004,3.954193,6.5301
3.9883333333333333,3.9355836,6.5301
4.07625,3.9623919,6.5301
4.124583333333333,4.053475,6.5301
3.88875,4.1035676,6.5301
3.6116666666666664,3.8590143,6.5301
3.885,3.5728905,6.5301
3.9154166666666668,3.8551257,6.5301
3.9195833333333336,3.8866909,6.5301
3.9187500000000006,3.8910172,6.5301
3.9175000000000004,3.8901527,6.5301
3.920833333333334,3.8888552,6.5301
3.9204166666666667,3.892316,6.5301
3.9112500000000003,3.8918824,6.5301
3.9175,3.8823652,6.5301
3.9120833333333334,3.8888552,6.5301
3.9179166666666667,3.8832297,6.5301
3.92125,3.8892868,6.5301
3.8866666666666667,3.8927474,6.5301
3.8204166666666666,3.856853,6.5301
3.7904166666666668,3.7881615,6.5301
3.737083333333333,3.7570577,6.5301
3.6845833333333338,3.7016902,6.5301
3.6816666666666666,3.6472175,6.5301
3.68125,3.6441927,6.5301
3.645416666666667,3.6437619,6.5301
3.580833333333334,3.6071055,6.5301
3.5954166666666665,3.5416522,6.5301
3.984166666666667,3.5564237,6.5301
4.329166666666667,3.9580777,6.5301
4.422083333333334,4.3157306,6.5301
4.3975,4.412291,6.5301
4.4025,4.3867164,6.5301
4.415416666666666,4.391914,6.5301
4.431666666666667,4.4053435,6.5301
4.450833333333333,4.4222913,6.5301
4.467083333333333,4.442296,6.5301
4.483333333333333,4.4592347,6.5301
4.500416666666667,4.476172,6.5301
4.5125,4.493979,6.5301
4.5320833333333335,4.5065746,6.5301
4.522916666666666,4.526993,6.5301
4.443333333333333,4.5174356,6.5301
4.362916666666667,4.4344664,6.5301
4.240416666666667,4.3507676,6.5301
4.12125,4.223631,6.5301
4.010416666666667,4.100117,6.5301
3.89625,3.9852624,6.5301
3.785416666666667,3.8667974,6.5301
3.6891666666666665,3.751866,6.5301
3.564583333333333,3.6519716,6.5301
3.48375,3.5251932,6.5301
3.0462500000000006,3.4434462,6.5301
2.6054166666666667,3.0022962,6.5301
2.2150000000000003,2.568513,6.5301
2.20125,2.1969788,6.5301
2.192083333333333,2.1839888,6.5301
2.1787500000000004,2.1753285,6.5301
2.1641666666666666,2.1627355,6.5301
2.1504166666666666,2.148967,6.5301
2.1341666666666668,2.1359844,6.5301
2.117083333333333,2.1206484,6.5301
2.0995833333333334,2.1045272,6.5301
2.0870833333333336,2.0880175,6.5301
2.0633333333333335,2.0762286,6.5301
2.05625,2.053833,6.5301
2.03375,2.04716,6.5301
2.0145833333333334,2.0259752,6.5301
2.0991666666666666,2.0079343,6.5301
2.1841666666666666,2.0876238,6.5301
2.2708333333333335,2.1678522,6.5301
2.2775,2.2497141,6.5301
2.2729166666666667,2.2560132,6.5301
2.2758333333333334,2.251682,6.5301
2.28125,2.2544377,6.5301
2.1879166666666667,2.2595615,6.5301
2.1275,2.1713934,6.5301
2.0783333333333336,2.1143558,6.5301
2.01375,2.067977,6.5301
2.0220833333333332,2.007149,6.5301
2.0304166666666665,2.0149922,6.5301
2.038333333333333,2.0228348,6.5301
2.0516666666666667,2.0302885,6.5301
2.0625,2.042844,6.5301
2.0741666666666667,2.053047,6.5301
2.095,2.0640469,6.5301
2.10125,2.0836952,6.5301
2.115,2.0895896,6.5301
2.1304166666666666,2.1025622,6.5301
2.145,2.1171079,6.5301
2.265,2.1308703,6.5301
2.427916666666667,2.2442029,6.5301
2.51125,2.3984911,6.5301
2.5945833333333335,2.4776099,6.5301
2.6783333333333332,2.5580103,6.5301
2.8325,2.6395297,6.5301
2.987083333333333,2.7907517,6.5301
3.1191666666666666,2.9430509,6.5301
3.2229166666666664,3.0754368,6.5301
3.3320833333333333,3.1800668,6.5301
3.431666666666667,3.290193,6.5301
3.612083333333334,3.3907385,6.5301
3.9375,3.5733142,6.5301
4.0424999999999995,3.9096193,6.5301
4.047916666666667,4.018498,6.5301
4.034583333333333,4.0241113,6.5301
4.01875,4.010296,6.5301
4.00375,3.993893,6.5301
3.9925,3.9783592,6.5301
3.9754166666666664,3.9667075,6.5301
3.9675,3.9489992,6.5301
3.9500000000000006,3.940776,6.5301
3.938333333333333,3.9226005,6.5301
3.940416666666667,3.9104853,6.5301
3.91625,3.9126487,6.5301
3.849166666666667,3.8875563,6.5301
3.7870833333333334,3.8179686,6.5301
3.7925000000000004,3.7535968,6.5301
3.7554166666666666,3.7592216,6.5301
3.71625,3.7207193,6.5301
3.70875,3.6800702,6.5301
3.8025,3.6722884,6.5301
3.9258333333333333,3.7695897,6.5301
4.178333333333334,3.8975072,6.5301
4.416666666666667,4.159224,6.5301
4.5649999999999995,4.4066424,6.5301
4.5616666666666665,4.5613155,6.5301
4.492500000000001,4.5578394,6.5301
4.50125,4.4857273,6.5301
4.50375,4.494848,6.5301
4.51125,4.497454,6.5301
4.5,4.5052733,6.5301
4.502916666666667,4.493544,6.5301
4.49875,4.4965854,6.5301
4.4991666666666665,4.492241,6.5301
4.502916666666667,4.492675,6.5301
4.499583333333333,4.4965854,6.5301
4.502916666666667,4.4931097,6.5301
4.502083333333334,4.4965854,6.5301
4.539166666666667,4.4957166,6.5301
4.554166666666666,4.534378,6.5301
4.507083333333333,4.5500183,6.5301
4.504583333333334,4.500928,6.5301
4.522083333333334,4.498322,6.5301
4.537916666666667,4.516568,6.5301
4.441249999999999,4.533075,6.5301
4.324583333333334,4.432293,6.5301
4.095,4.3109746,6.5301
3.874166666666667,4.0729117,6.5301
3.6520833333333336,3.8438902,6.5301
3.573333333333333,3.6138687,6.5301
3.6474999999999995,3.5340555,6.5301
3.6275,3.6092207,6.5301
3.620416666666667,3.5889406,6.5301
3.61375,3.5817587,6.5301
3.6245833333333333,3.5750017,6.5301
3.6199999999999997,3.5859816,6.5301
3.619166666666666,3.5813358,6.5301
3.6162500000000004,3.5804908,6.5301
3.615,3.5775356,6.5301
3.612916666666667,3.576269,6.5301
3.6070833333333336,3.5741577,6.5301
3.6291666666666664,3.568246,6.5301
3.655,3.590629,6.5301
3.7095833333333332,3.6168253,6.5301
3.744166666666666,3.673155,6.5301
3.7754166666666666,3.7090435,6.5301
3.7937499999999997,3.7414825,6.5301
3.760833333333333,3.7605197,6.5301
3.716666666666667,3.7263427,6.5301
3.7108333333333334,3.6805036,6.5301
3.69125,3.67445,6.5301
3.672083333333333,3.6541326,6.5301
3.6354166666666665,3.6342576,6.5301
3.5758333333333336,3.5969663,6.5301
3.4729166666666664,3.5365877,6.5301
3.467083333333333,3.4324973,6.5301
3.4737499999999994,3.426591,6.5301
3.47125,3.4333427,6.5301
3.473333333333333,3.43081,6.5301
3.470833333333333,3.432919,6.5301
3.4775000000000005,3.430388,6.5301
3.48,3.4371324,6.5301
3.4825,3.4396574,6.5301
3.484583333333333,3.442183,6.5301
3.4862499999999996,3.4442885,6.5301
3.8049999999999997,3.4459713,6.5301
4.214583333333333,3.7721827,6.5301
4.370833333333334,4.1968307,6.5301
4.534166666666667,4.3589945,6.5301
4.7250000000000005,4.5291643,6.5301
4.961666666666667,4.7286263,6.5301
5.202083333333333,4.976517,6.5301
5.34875,5.2279058,6.5301
5.426666666666667,5.380953,6.5301
5.676666666666667,5.4603233,6.5301
5.927083333333333,5.709696,6.5301
6.388749999999999,5.9554353,6.5301
6.6258333333333335,6.39752,6.5301
6.616666666666666,6.620108,6.5301
6.615833333333334,6.611483,6.5301
6.6191666666666675,6.6107006,6.5301
6.6175,6.613836,6.5301
6.608750000000001,6.6122684,6.5301
6.614166666666666,6.604037,6.5301
6.605416666666667,6.6091313,6.5301
6.605833333333334,6.600901,6.5301
6.6000000000000005,6.601293,6.5301
6.602083333333333,6.595806,6.5301
6.576249999999999,6.597767,6.5301
6.144583333333333,6.573474,6.5301
5.565,6.16614,6.5301
5.222916666666666,5.5992274,6.5301
4.8933333333333335,5.249794,6.5301
4.538333333333333,4.9051285,6.5301
4.14,4.5335083,6.5301
3.7687499999999994,4.1195207,6.5301
3.549583333333333,3.734561,6.5301
3.4154166666666668,3.5100057,6.5301
3.157083333333333,3.3742945,6.5301
2.87875,3.1136549,6.5301
2.3904166666666664,2.8362207,6.5301
2.0258333333333334,2.3629594,6.5301
2.02,2.0185215,6.5301
2.0158333333333336,2.0130322,6.5301
2.0116666666666667,2.0091105,6.5301
2.0141666666666667,2.0051892,6.5301
2.02375,2.007541,6.5301
2.0183333333333335,2.0165606,6.5301
2.0187500000000003,2.0114634,6.5301
2.0120833333333334,2.0118546,6.5301
2.0220833333333332,2.0055819,6.5301
2.018333333333333,2.0149922,6.5301
2.0220833333333332,2.0114634,6.5301
2.015833333333333,2.0149922,6.5301
2.01625,2.0091105,6.5301
2.11,2.0095026,6.5301
2.2133333333333334,2.0978427,6.5301
2.441666666666667,2.1954043,6.5301
2.5875,2.4115217,6.5301
2.6341666666666668,2.5511436,6.5301
2.629583333333333,2.5964324,6.5301
2.5825,2.5919626,6.5301
2.4975,2.546306,6.5301
2.4133333333333336,2.4645202,6.5301
2.3316666666666666,2.3846698,6.5301
2.245416666666667,2.3073008,6.5301
2.24625,2.2257054,6.5301
2.2470833333333333,2.226492,6.5301
2.2537499999999997,2.2272787,6.5301
2.2533333333333334,2.233577,6.5301
2.2429166666666664,2.2331824,6.5301
2.25125,2.2233431,6.5301
2.2558333333333334,2.2312133,6.5301
2.263333333333333,2.235544,6.5301
2.2645833333333334,2.2426288,6.5301
2.26625,2.2438095,6.5301
2.2866666666666666,2.2453847,6.5301
2.4145833333333333,2.2646885,6.5301
2.5825,2.385855,6.5301
2.6687499999999997,2.546306,6.5301
2.715,2.6301696,6.5301
2.6483333333333334,2.6753848,6.5301
2.6725,2.61025,6.5301
2.7579166666666666,2.6338317,6.5301
2.87375,2.7174914,6.5301
2.987916666666667,2.8313036,6.5301
3.0854166666666667,2.9438844,6.5301
3.216666666666667,3.0415516,6.5301
3.5737500000000004,3.1737604,6.5301
4.274583333333333,3.534477,6.5301
4.694583333333333,4.2590804,6.5301
4.710416666666667,4.6967916,6.5301
4.710416666666666,4.7133627,6.5301
4.714583333333333,4.7133627,6.5301
4.72125,4.7177243,6.5301
4.719166666666667,4.7247043,6.5301
4.714166666666666,4.7225227,6.5301
4.710416666666666,4.717288,6.5301
4.707083333333333,4.7133627,6.5301
4.704166666666667,4.709873,6.5301
4.698333333333333,4.706822,6.5301
4.7299999999999995,4.700715,6.5301
4.867916666666667,4.7338634,6.5301
5.037083333333333,4.878458,6.5301
5.211666666666667,5.054667,6.5301
5.363333333333333,5.2379727,6.5301
5.503333333333334,5.395951,6.5301
5.697916666666667,5.5377326,6.5301
5.91,5.730615,6.5301
6.387083333333334,5.9388943,6.5301
6.96875,6.395952,6.5301
7.530833333333334,6.9417634,6.5301
7.885833333333334,7.4665775,6.5301
7.796666666666667,7.7953677,6.5301
7.394583333333333,7.7135954,6.5301
7.399583333333333,7.339103,6.5301
7.3933333333333335,7.343778,6.5301
7.389583333333333,7.3379354,6.5301
7.390416666666667,7.3344293,6.5301
7.388750000000001,7.3352094,6.5301
7.390416666666667,7.3336496,6.5301
7.396666666666667,7.3352094,6.5301
7.39375,7.3410506,6.5301
7.398333333333333,7.338323,6.5301
7.405833333333334,7.3426094,6.5301
7.350833333333333,7.349622,6.5301
7.1925,7.298216,6.5301
6.977083333333333,7.1503944,6.5301
6.7825,6.9495454,6.5301
6.58875,6.767133,6.5301
6.429583333333333,6.5852256,6.5301
6.242083333333333,6.435798,6.5301
6.203749999999999,6.2597604,6.5301
5.9325,6.2233715,6.5301
5.560833333333334,5.9606814,6.5301
5.199583333333333,5.5950775,6.5301
4.947916666666667,5.225278,6.5301
5.079583333333333,4.9621544,6.5301
5.5925,5.0989766,6.5301
5.7749999999999995,5.6265926,6.5301
5.88,5.8066163,6.5301
5.886666666666667,5.9098067,6.5301
5.885000000000001,5.916307,6.5301
5.885000000000001,5.914688,6.5301
5.887499999999999,5.914688,6.5301
5.887083333333333,5.9171124,6.5301
5.8829166666666675,5.9167104,6.5301
5.89125,5.9126554,6.5301
5.897916666666667,5.920745,6.5301
5.9175,5.9271965,6.5301
6.036666666666666,5.946156,6.5301
6.135000000000001,6.0615516,6.5301
6.116250000000001,6.1568317,6.5301
6.100833333333333,6.1386423,6.5301
6.08625,6.1237035,6.5301
6.062916666666666,6.1095715,6.5301
5.869583333333334,6.086971,6.5301
5.647916666666666,5.899639,6.5301
5.438333333333333,5.681418,6.5301
5.235416666666667,5.472093,6.5301
4.954999999999999,5.2628903,6.5301
4.631666666666667,4.9695544,6.5301
4.1725,4.6309533,6.5301
3.9637499999999997,4.153178,6.5301
3.8616666666666664,3.9368813,6.5301
3.8591666666666664,3.8309295,6.5301
3.8541666666666665,3.8283374,6.5301
3.855833333333333,3.8231518,6.5301
3.8479166666666664,3.8248804,6.5301
3.8441666666666663,3.8166716,6.5301
3.845833333333333,3.8127837,6.5301
3.8375,3.8145103,6.5301
3.8250000000000006,3.8058712,6.5301
3.7970833333333336,3.792914,6.5301
3.634166666666666,3.7639756,6.5301
3.4995833333333333,3.5957,6.5301
3.4858333333333333,3.4594429,6.5301
3.497083333333333,3.44555,6.5301
3.4600000000000004,3.4569166,6.5301
3.4375,3.4194195,6.5301
3.45125,3.3966439,6.5301
3.580833333333333,3.4105623,6.5301
3.7937499999999997,3.5416522,6.5301
4.121666666666666,3.7605197,6.5301
4.36875,4.1005483,6.5301
4.490833333333334,4.3568306,6.5301
4.433333333333334,4.4839883,6.5301
4.4437500000000005,4.4240313,6.5301
4.442916666666667,4.434902,6.5301
4.43625,4.4340324,6.5301
4.437916666666667,4.4270744,6.5301
4.4375,4.4288135,6.5301
4.443333333333333,4.4283786,6.5301
4.43625,4.4344664,6.5301
4.442083333333334,4.4270744,6.5301
4.43875,4.4331617,6.5301
4.415416666666667,4.4296823,6.5301
4.326666666666667,4.4053435,6.5301
4.222083333333334,4.3131347,6.5301
4.131666666666667,4.2046127,6.5301
4.027083333333334,4.110896,6.5301
3.9120833333333334,4.002525,6.5301
3.8208333333333333,3.8832297,6.5301
3.7224999999999997,3.7885926,6.5301
3.5970833333333334,3.6865566,6.5301
3.36,3.5581114,6.5301
3.120416666666667,3.3183355,6.5301
2.74375,3.0766947,6.5301
2.391666666666667,2.7035909,6.5301
1.9358333333333333,2.3641443,6.5301
1.9187500000000002,1.9340191,6.5301
1.91875,1.9182293,6.5301
1.9141666666666666,1.9182293,6.5301
1.9179166666666667,1.9140025,6.5301
1.9204166666666669,1.9174588,6.5301
1.9108333333333334,1.9197676,6.5301
1.9187500000000002,1.910936,6.5301
1.9216666666666666,1.9182293,6.5301
1.9216666666666666,1.9209225,6.5301
1.9208333333333334,1.9209225,6.5301
1.9233333333333336,1.920153,6.5301
1.9233333333333336,1.9224615,6.5301
1.925,1.9224615,6.5301
2.004583333333333,1.9240032,6.5301
2.1229166666666663,1.9985235,6.5301
2.2237500000000003,2.1100314,6.5301
2.2254166666666664,2.205244,6.5301
2.2279166666666668,2.2068174,6.5301
2.23,2.2091782,6.5301
2.232083333333333,2.211145,6.5301
2.146666666666667,2.213113,6.5301
2.060416666666667,2.1324446,6.5301
2.0225,2.0510838,6.5301
1.9645833333333333,2.0153847,6.5301
1.9770833333333335,1.9609213,6.5301
1.9804166666666667,1.9726652,6.5301
1.9816666666666667,1.9757967,6.5301
1.9916666666666665,1.9769716,6.5301
1.9908333333333335,1.9863714,6.5301
1.9945833333333332,1.9855868,6.5301
1.9933333333333332,1.9891138,6.5301
1.99625,1.9879378,6.5301
1.9941666666666666,1.9906825,6.5301
1.9966666666666664,1.988722,6.5301
2.0212499999999998,1.9910758,6.5301
2.1245833333333333,2.0142083,6.5301
2.3816666666666664,2.1116035,6.5301
2.6545833333333335,2.3546731,6.5301
2.8833333333333333,2.6163468,6.5301
3.1225,2.8407288,6.5301
3.442083333333333,3.078788,6.5301
3.7670833333333333,3.401283,6.5301
4.0625,3.7328317,6.5301
4.357916666666667,4.039225,6.5301
4.663749999999999,4.3455772,6.5301
4.976666666666667,4.664523,6.5301
5.247083333333333,4.992189,6.5301
5.64125,5.275087,6.5301
5.853333333333333,5.6748633,6.5301
5.8691666666666675,5.883728,6.5301
5.96125,5.8992314,6.5301
5.985,5.988531,6.5301
5.999166666666667,6.0115466,6.5301
5.9991666666666665,6.0252576,6.5301
5.993333333333333,6.0252576,6.5301
5.991250000000001,6.019614,6.5301
5.990416666666666,6.017599,6.5301
5.985,6.0167923,6.5301
5.990416666666666,6.0115466,6.5301
5.973333333333334,6.0167923,6.5301
5.817083333333333,6.000241,6.5301
5.59375,5.84804,6.5301
5.458333333333333,5.627834,6.5301
5.456666666666667,5.492285,6.5301
5.468333333333333,5.490602,6.5301
5.395,5.5023828,6.5301
5.192083333333334,5.428354,6.5301
5.0058333333333325,5.217391,6.5301
4.812916666666667,5.0223165,6.5301
4.5929166666666665,4.8207774,6.5301
4.407916666666666,4.590433,6.5301
4.126666666666667,4.3975453,6.5301
3.9170833333333337,4.105723,6.5301
3.90625,3.888422,6.5301
3.8070833333333334,3.877176,6.5301
3.7770833333333336,3.7743404,6.5301
3.7699999999999996,3.7432141,6.5301
3.768333333333333,3.7358594,6.5301
3.768333333333333,3.7341294,6.5301
3.7658333333333336,3.7341294,6.5301
3.7679166666666664,3.7315342,6.5301
3.777083333333333,3.7336972,6.5301
3.767916666666667,3.7432141,6.5301
3.778333333333333,3.7336972,6.5301
3.81875,3.744513,6.5301
3.8420833333333335,3.786434,6.5301
3.783333333333333,3.8106246,6.5301
3.5858333333333334,3.749702,6.5301
3.3866666666666667,3.5467136,6.5301
3.2708333333333335,3.3452237,6.5301
3.2925,3.2284186,6.5301
3.2829166666666665,3.2502735,6.5301
3.2725000000000004,3.2406068,6.5301
3.2895833333333333,3.2301002,6.5301
3.2650000000000006,3.2473323,6.5301
3.2695833333333333,3.222536,6.5301
3.3379166666666666,3.2271576,6.5301
3.331666666666667,3.2960756,6.5301
3.3383333333333334,3.289772,6.5301
3.3379166666666666,3.2964957,6.5301
3.3345833333333332,3.2960756,6.5301
3.3370833333333336,3.2927134,6.5301
3.3479166666666664,3.2952344,6.5301
3.3495833333333334,3.3061554,6.5301
3.3529166666666668,3.3078349,6.5301
3.3558333333333334,3.3111954,6.5301
3.356666666666667,3.3141367,6.5301
3.3720833333333338,3.3149757,6.5301
3.3829166666666666,3.3305178,6.5301
3.3766666666666665,3.341442,6.5301
3.3854166666666665,3.33514,6.5301
3.389583333333333,3.3439631,6.5301
3.3979166666666667,3.348165,6.5301
3.422083333333333,3.3565853,6.5301
3.4450000000000003,3.3810403,6.5301
3.455833333333333,3.404235,6.5301
3.467083333333333,3.4152012,6.5301
3.4595833333333332,3.426591,6.5301
3.469583333333334,3.4189978,6.5301
3.5029166666666662,3.4291224,6.5301
3.436666666666666,3.4628103,6.5301
3.4429166666666666,3.3957994,6.5301
3.452083333333333,3.402125,6.5301
3.4570833333333333,3.411405,6.5301
3.4616666666666664,3.416467,6.5301
3.4725,3.421107,6.5301
3.469583333333333,3.4320765,6.5301
3.485416666666666,3.4291224,6.5301
3.485833333333334,3.4451296,6.5301
3.4858333333333333,3.44555,6.5301
3.5075,3.44555,6.5301
3.51,3.4674406,6.5301
3.4949999999999997,3.469967,6.5301
3.4691666666666663,3.4548132,6.5301
3.4283333333333332,3.4287007,6.5301
3.407916666666667,3.3873656,6.5301
3.37375,3.3667042,6.5301
3.33625,3.3321993,6.5301
3.2954166666666667,3.2943943,6.5301
3.3008333333333333,3.2532167,6.5301
3.310416666666667,3.258684,6.5301
3.3029166666666665,3.2683463,6.5301
3.307916666666667,3.2607846,6.5301
3.2920833333333337,3.2658267,6.5301
3.2900000000000005,3.2498548,6.5301
3.2900000000000005,3.2477524,6.5301
3.2862500000000003,3.2477524,6.5301
3.2899999999999996,3.2439702,6.5301
3.2862500000000003,3.2477524,6.5301
3.2849999999999997,3.2439702,6.5301
3.2845833333333334,3.2427077,6.5301
3.2745833333333336,3.2422884,6.5301
3.28,3.2322009,6.5301
3.2825,3.2376642,6.5301
3.25125,3.2401865,6.5301
3.141666666666667,3.2086637,6.5301
3.048333333333334,3.0981102,6.5301
2.99,3.0043843,6.5301
2.8958333333333335,2.9459677,6.5301
2.7775,2.853023,6.5301
2.672083333333333,2.736711,6.5301
2.5524999999999998,2.633426,6.5301
2.46375,2.5172822,6.5301
2.3541666666666665,2.4324539,6.5301
2.3233333333333333,2.3286147,6.5301
2.3195833333333336,2.2994068,6.5301
2.2925,2.2958553,6.5301
2.225,2.270211,6.5301
2.215,2.2064238,6.5301
2.2079166666666667,2.1969788,6.5301
2.2075,2.1902862,6.5301
2.19875,2.1898925,6.5301
2.2025,2.1816258,6.5301
2.19625,2.1851687,6.5301
2.1983333333333333,2.1792655,6.5301
2.19625,2.1812322,6.5301
2.1887499999999998,2.1792655,6.5301
2.1808333333333336,2.172181,6.5301
2.1841666666666666,2.1647036,6.5301
2.1783333333333332,2.1678522,6.5301
2.138333333333333,2.162342,6.5301
2.1683333333333334,2.1245809,6.5301
2.2466666666666666,2.1529005,6.5301
2.3279166666666664,2.2268856,6.5301
2.32,2.3037477,6.5301
2.3295833333333333,2.2962494,6.5301
2.32875,2.3053257,6.5301
2.3254166666666665,2.304538,6.5301
2.2379166666666666,2.3013806,6.5301
2.1462499999999998,2.2186213,6.5301
2.0570833333333334,2.1320517,6.5301
1.96875,2.0479455,6.5301
1.9704166666666667,1.9648356,6.5301
1.9695833333333335,1.9664012,6.5301
1.965,1.9656181,6.5301
1.9670833333333333,1.9613124,6.5301
1.9691666666666665,1.9632692,6.5301
1.9675,1.9652272,6.5301
1.9716666666666667,1.9636617,6.5301
1.9683333333333335,1.9675767,6.5301
1.97625,1.964444,6.5301
1.9699999999999998,1.9718814,6.5301
1.9904166666666665,1.9660088,6.5301
2.0858333333333334,1.9851943,6.5301
2.174583333333333,2.0750487,6.5301
2.17625,2.1588018,6.5301
2.169583333333333,2.1603744,6.5301
2.1666666666666665,2.1540802,6.5301
2.25875,2.1513274,6.5301
2.348333333333333,2.2382987,6.5301
2.43,2.323088,6.5301
2.5225,2.400466,6.5301
2.60375,2.488323,6.5301
2.6945833333333336,2.5668962,6.5301
2.797916666666667,2.6554048,6.5301
2.896666666666667,2.7567658,6.5301
2.9508333333333336,2.8538427,6.5301
2.9579166666666663,2.907157,6.5301
2.972916666666667,2.9141326,6.5301
2.98875,2.9289167,6.5301
2.9933333333333336,2.944718,6.5301
3.0050000000000003,2.9492996,6.5301
3.01125,2.96098,6.5301
3.0300000000000007,2.96724,6.5301
3.0329166666666665,2.9860168,6.5301
3.0508333333333333,2.9889383,6.5301
3.0533333333333332,3.0068893,6.5301
3.06,3.0093932,6.5301
3.0695833333333336,3.0160732,6.5301
3.0608333333333335,3.0256774,6.5301
3.059583333333333,3.0169094,6.5301
3.07625,3.0156562,6.5301
3.0845833333333332,3.0323615,6.5301
3.1,3.040717,6.5301
3.1308333333333334,3.056174,6.5301
3.1566666666666667,3.0871882,6.5301
3.4691666666666663,3.1132355,6.5301
4.10625,3.4287007,6.5301
4.732916666666667,4.0845737,6.5301
5.2683333333333335,4.736919,6.5301
5.233333333333333,5.2972794,6.5301
5.243333333333333,5.2607126,6.5301
5.242083333333333,5.271166,6.5301
5.239583333333333,5.2698584,6.5301
5.227083333333334,5.267246,6.5301
5.2283333333333335,5.25417,6.5301
5.220416666666667,5.2554855,6.5301
5.20625,5.247166,6.5301
5.19875,5.2322836,6.5301
5.194583333333333,5.2244043,6.5301
5.191249999999999,5.220021,6.5301
5.185416666666667,5.216513,6.5301
5.199583333333333,5.210375,6.5301
5.207916666666667,5.225278,6.5301
5.2125,5.2340345,6.5301
5.20625,5.2388487,6.5301
5.192916666666666,5.2322836,6.5301
5.17375,5.2182665,6.5301
5.232083333333333,5.198097,6.5301
5.429583333333333,5.2594056,6.5301
5.367083333333333,5.4632626,6.5301
4.949166666666667,5.399809,6.5301
4.699166666666667,4.963461,6.5301
4.7725,4.7015867,6.5301
4.933333333333334,4.7784004,6.5301
4.913749999999999,4.9469213,6.5301
4.902916666666667,4.9264674,6.5301
4.892083333333333,4.915154,6.5301
4.8879166666666665,4.903817,6.5301
4.87,4.8994465,6.5301
4.863333333333333,4.8806453,6.5301
4.853750000000001,4.87365,6.5301
4.850833333333333,4.863599,6.5301
4.841666666666667,4.8605385,6.5301
4.83,4.8509254,6.5301
4.828333333333333,4.83869,6.5301
4.815,4.836942,6.5301
4.810416666666667,4.822961,6.5301
4.805833333333333,4.818155,6.5301
4.81,4.813349,6.5301
4.824583333333334,4.8177176,6.5301
4.837083333333333,4.8330097,6.5301
4.804166666666667,4.846117,6.5301
4.701666666666666,4.8116007,6.5301
4.704583333333333,4.7042046,6.5301
4.74125,4.707258,6.5301
4.721666666666667,4.745647,6.5301
4.691666666666667,4.7251377,6.5301
4.535833333333334,4.693739,6.5301
4.5408333333333335,4.5309024,6.5301
4.535833333333334,4.5361166,6.5301
4.5375000000000005,4.5309024,6.5301
4.535833333333334,4.5326405,6.5301
4.554583333333333,4.5309024,6.5301
4.549166666666666,4.550454,6.5301
4.555,4.5448065,6.5301
4.562083333333334,4.550888,6.5301
4.557916666666666,4.558275,6.5301
4.57375,4.5539284,6.5301
4.565416666666667,4.5704427,6.5301
4.554583333333333,4.5617514,6.5301
4.560416666666667,4.550454,6.5301
4.5825,4.5565376,6.5301
4.5775,4.579566,6.5301
4.594166666666666,4.574353,6.5301
4.604166666666667,4.591736,6.5301
4.573333333333333,4.6021857,6.5301
4.6925,4.570007,6.5301
4.697500000000001,4.69461,6.5301
4.6825,4.6998425,6.5301
4.589583333333334,4.6841445,6.5301
4.258333333333333,4.586955,6.5301
4.234166666666666,4.2422204,6.5301
4.232916666666667,4.217148,6.5301
4.234583333333333,4.215851,6.5301
4.226249999999999,4.2175803,6.5301
4.234583333333333,4.2089353,6.5301
4.222083333333333,4.2175803,6.5301
4.219166666666667,4.2046127,6.5301
4.220416666666667,4.2015867,6.5301
4.208333333333333,4.2028847,6.5301
4.215833333333333,4.1903424,6.5301
4.185,4.1981273,6.5301
4.09,4.1661344,6.5301
4.005,4.0677276,6.5301
3.9137500000000003,3.9796538,6.5301
3.7933333333333334,3.8849618,6.5301
3.705,3.7600873,6.5301
3.6449999999999996,3.6683981,6.5301
3.559166666666666,3.6066837,6.5301
3.454166666666667,3.519709,6.5301
3.1225,3.4135146,6.5301
2.8649999999999998,3.078788,6.5301
2.6208333333333336,2.8227003,6.5301
2.3458333333333337,2.5834603,6.5301
2.0833333333333335,2.3207197,6.5301
2.0795833333333333,2.0726907,6.5301
2.0770833333333334,2.0691547,6.5301
2.0795833333333333,2.0667963,6.5301
2.0820833333333333,2.0691547,6.5301
2.0704166666666666,2.071512,6.5301
2.0729166666666665,2.0605118,6.5301
2.0791666666666666,2.062867,6.5301
2.0825,2.0687628,6.5301
2.08125,2.0719056,6.5301
2.0858333333333334,2.0707264,6.5301
2.075833333333333,2.0750487,6.5301
2.085,2.0656188,6.5301
2.084166666666667,2.074263,6.5301
2.1662500000000002,2.0734775,6.5301
2.2708333333333335,2.1509328,6.5301
2.36125,2.2497141,6.5301
2.30375,2.335327,6.5301
2.273333333333333,2.2808628,6.5301
2.27375,2.252076,6.5301
2.2666666666666666,2.2524707,6.5301
2.185,2.2457771,6.5301
2.1,2.1686392,6.5301
1.9966666666666664,2.0884101,6.5301
1.9129166666666668,1.9910758,6.5301
1.9075,1.9128517,6.5301
1.9116666666666664,1.9078685,6.5301
1.9120833333333334,1.9117024,6.5301
1.9100000000000001,1.912085,6.5301
1.9183333333333337,1.9101695,6.5301
1.9141666666666668,1.9178438,6.5301
1.9191666666666667,1.9140025,6.5301
1.9066666666666665,1.9186139,6.5301
1.915,1.9071012,6.5301
1.9066666666666665,1.9147692,6.5301
1.9379166666666665,1.9071012,6.5301
2.0233333333333334,1.9359459,6.5301
2.1195833333333334,2.0161686,6.5301
2.134583333333333,2.1068842,6.5301
2.1641666666666666,2.1210408,6.5301
2.1837500000000003,2.148967,6.5301
2.2975,2.1674585,6.5301
2.405416666666667,2.2749455,6.5301
2.4924999999999997,2.3771713,6.5301
2.589583333333333,2.4597597,6.5301
2.67625,2.5531628,6.5301
2.7583333333333333,2.6374943,6.5301
2.8508333333333336,2.717901,6.5301
2.94,2.8087714,6.5301
2.987916666666667,2.8964896,6.5301
2.9845833333333336,2.9438844,6.5301
2.9887499999999996,2.940552,6.5301
2.9858333333333333,2.944718,6.5301
2.990416666666667,2.9418025,6.5301
2.9920833333333334,2.9463835,6.5301
2.984166666666667,2.9480488,6.5301
2.9891666666666663,2.940134,6.5301
2.9879166666666666,2.9451334,6.5301
2.987083333333333,2.9438844,6.5301
2.9916666666666667,2.9430509,6.5301
2.9920833333333334,2.9476326,6.5301
2.9883333333333333,2.9480488,6.5301
3.0,2.944301,6.5301
3.002083333333333,2.9559746,6.5301
3.0,2.95806,6.5301
2.9945833333333334,2.9559746,6.5301
2.9912500000000004,2.95055,6.5301
2.9829166666666667,2.9472165,6.5301
2.9795833333333337,2.9388857,6.5301
2.9741666666666666,2.9355543,6.5301
2.9774999999999996,2.9301577,6.5301
2.9783333333333335,2.9334722,6.5301
2.971666666666667,2.9343047,6.5301
2.93375,2.9276745,6.5301
2.9375,2.8903363,6.5301
2.929166666666667,2.894029,6.5301
2.93375,2.885825,6.5301
2.9316666666666666,2.8903363,6.5301
2.9316666666666666,2.8882854,6.5301
2.9429166666666666,2.8882854,6.5301
2.94375,2.8993607,6.5301
2.94125,2.9001815,6.5301
2.950416666666667,2.8977196,6.5301
2.9475,2.906746,6.5301
2.9758333333333336,2.903875,6.5301
3.03,2.9318137,6.5301
3.079166666666667,2.9860168,6.5301
3.1320833333333336,3.0352855,6.5301
3.1933333333333334,3.088449,6.5301
3.2412500000000004,3.1502173,6.5301
3.3033333333333332,3.1985688,6.5301
3.3512500000000003,3.261205,6.5301
3.3575,3.309516,6.5301
3.35875,3.3158166,6.5301
3.375833333333334,3.317077,6.5301
3.388333333333333,3.3342998,6.5301
3.4124999999999996,3.346905,6.5301
3.421666666666667,3.3713424,6.5301
3.4270833333333335,3.3806176,6.5301
3.450416666666667,3.3860998,6.5301
3.4562500000000003,3.4097166,6.5301
3.470833333333333,3.4156227,6.5301
3.48625,3.430388,6.5301
3.4908333333333332,3.4459713,6.5301
3.5058333333333334,3.4506016,6.5301
3.516666666666667,3.465757,6.5301
3.527083333333333,3.476705,6.5301
3.5383333333333336,3.4872308,6.5301
3.5383333333333336,3.4986153,6.5301
3.56625,3.4986153,6.5301
3.6325000000000003,3.5268817,6.5301
3.685416666666667,3.59401,6.5301
3.7775,3.6480818,6.5301
3.9316666666666666,3.7436469,6.5301
4.111666666666667,3.903563,6.5301
4.357083333333333,4.09019,6.5301
4.444166666666667,4.344712,6.5301
4.4375,4.4353366,6.5301
4.42125,4.4283786,6.5301
4.408333333333333,4.4114213,6.5301
4.387083333333334,4.3979783,6.5301
4.37625,4.3758864,6.5301
4.366666666666666,4.364626,6.5301
4.347083333333333,4.3546634,6.5301
4.339583333333334,4.334329,6.5301
4.324166666666667,4.3265433,6.5301
4.312083333333333,4.310541,6.5301
4.294583333333334,4.297997,6.5301
4.283333333333333,4.2798347,6.5301
4.275416666666667,4.26816,6.5301
4.254583333333334,4.259946,6.5301
4.247083333333333,4.238329,6.5301
4.2175,4.2305465,6.5301
4.170416666666667,4.199857,6.5301
4.054166666666667,4.1510186,6.5301
3.934583333333333,4.0305886,6.5301
3.77,3.9065912,6.5301
3.560416666666667,3.7358594,6.5301
3.30625,3.5209742,6.5301
3.0887500000000006,3.2641463,6.5301
3.065,3.0448945,6.5301
3.0824999999999996,3.021084,6.5301
3.07875,3.0386274,6.5301
3.077083333333333,3.034869,6.5301
3.0816666666666666,3.0331967,6.5301
3.0795833333333333,3.0377905,6.5301
3.0833333333333335,3.0357025,6.5301
3.0820833333333333,3.0394635,6.5301
3.0795833333333333,3.038211,6.5301
3.080833333333333,3.0357025,6.5301
3.0683333333333334,3.036956,6.5301
3.0712499999999996,3.024426,6.5301
3.0691666666666664,3.0273497,6.5301
3.065,3.0252595,6.5301
3.0725000000000002,3.021084,6.5301
3.0308333333333333,3.0286016,6.5301
2.9479166666666665,2.9868534,6.5301
2.814166666666667,2.904285,6.5301
2.705,2.7727325,6.5301
2.5970833333333334,2.6655817,6.5301
2.4883333333333333,2.5604327,6.5301
2.3908333333333336,2.4557953,6.5301
2.289166666666667,2.3633554,6.5301
2.1350000000000002,2.267056,6.5301
1.9770833333333335,2.121433,6.5301
1.9695833333333332,1.9726652,6.5301
1.9770833333333335,1.9656181,6.5301
1.9750000000000003,1.9726652,6.5301
1.9691666666666665,1.9707075,6.5301
1.97,1.9652272,6.5301
1.96125,1.9660088,6.5301
1.9675,1.9577895,6.5301
1.9712500000000002,1.9636617,6.5301
1.9654166666666668,1.9671845,6.5301
1.9716666666666667,1.9617038,6.5301
1.9750000000000003,1.9675767,6.5301
1.9745833333333334,1.9707075,6.5301
1.97,1.9703166,6.5301
1.9695833333333332,1.9660088,6.5301
1.9770833333333335,1.9656181,6.5301
1.97625,1.9726652,6.5301
1.9816666666666667,1.9718814,6.5301
2.0608333333333335,1.9769716,6.5301
2.142916666666667,2.0514774,6.5301
2.240416666666667,2.1289055,6.5301
2.23875,2.2209823,6.5301
2.252083333333333,2.219408,6.5301
2.2354166666666666,2.2320013,6.5301
2.23375,2.2162604,6.5301
2.142916666666667,2.2146869,6.5301
2.0483333333333333,2.1289055,6.5301
1.9695833333333335,2.0397034,6.5301
1.8787500000000001,1.9656181,6.5301
1.8829166666666666,1.881425,6.5301
1.8825,1.8852575,6.5301
1.8787500000000001,1.8848723,6.5301
1.8733333333333333,1.881425,6.5301
1.8804166666666668,1.8765309,6.5301
1.8783333333333336,1.8829582,6.5301
1.8804166666666664,1.8810424,6.5301
1.8774999999999997,1.8829582,6.5301
1.88375,1.880286,6.5301
1.8766666666666667,1.8860226,6.5301
1.905,1.8795359,6.5301
2.111666666666667,1.9055682,6.5301
2.4125,2.0994163,6.5301
2.6662500000000002,2.383883,6.5301
2.7816666666666667,2.62773,6.5301
2.842916666666667,2.740804,6.5301
2.9595833333333332,2.8009903,6.5301
3.0766666666666667,2.9157724,6.5301
3.219583333333333,3.0327792,6.5301
3.3158333333333334,3.176703,6.5301
3.4066666666666663,3.2738073,6.5301
3.495416666666667,3.3654387,6.5301
3.5933333333333333,3.455232,6.5301
3.6758333333333333,3.5543125,6.5301
3.72,3.6381445,6.5301
3.7249999999999996,3.6839623,6.5301
3.7329166666666667,3.6891503,6.5301
3.7458333333333336,3.6973672,6.5301
3.7391666666666663,3.7107708,6.5301
3.75375,3.703853,6.5301
3.7479166666666663,3.7189887,6.5301
3.7562499999999996,3.7129338,6.5301
3.755416666666667,3.7215858,6.5301
3.762916666666667,3.7207193,6.5301
3.7716666666666665,3.7285056,6.5301
3.8408333333333338,3.7375898,6.5301
4.0675,3.8093286,6.5301
4.19125,4.0444074,6.5301
4.3187500000000005,4.1726165,6.5301
4.5175,4.304918,6.5301
4.7275,4.511789,6.5301
4.9245833333333335,4.7312446,6.5301
5.084166666666667,4.937783,6.5301
5.263333333333333,5.1037993,6.5301
5.4558333333333335,5.292071,6.5301
5.629166666666666,5.48976,6.5301
5.705000000000001,5.662983,6.5301
5.71625,5.737597,6.5301
5.661666666666666,5.748688,6.5301
5.662916666666667,5.694941,6.5301
5.658333333333332,5.6961727,6.5301
5.646249999999999,5.691663,6.5301
5.65375,5.67978,6.5301
5.640416666666667,5.6871567,6.5301
5.642499999999999,5.674044,6.5301
5.639166666666667,5.676092,6.5301
5.6433333333333335,5.6728144,6.5301
5.645,5.676912,6.5301
5.638333333333333,5.678551,6.5301
5.466666666666666,5.671996,6.5301
5.2179166666666665,5.5006995,6.5301
5.06875,5.2445397,6.5301
5.0575,5.08762,6.5301
5.017916666666666,5.0759063,6.5301
4.9875,5.034738,6.5301
4.95375,5.003441,6.5301
4.974583333333333,4.968248,6.5301
4.98375,4.990012,6.5301
4.814166666666666,4.9995747,6.5301
4.65625,4.822087,6.5301
4.577916666666667,4.656676,6.5301
4.587916666666667,4.574788,6.5301
4.597916666666666,4.5852184,6.5301
4.6025,4.5956473,6.5301
4.605833333333334,4.6004424,6.5301
4.6120833333333335,4.6039295,6.5301
4.6120833333333335,4.6104665,6.5301
4.62125,4.6104665,6.5301
4.627916666666667,4.620054,6.5301
4.6312500000000005,4.6270304,6.5301
4.63375,4.6305175,6.5301
4.6375,4.6331344,6.5301
4.635416666666667,4.637057,6.5301
4.68875,4.634878,6.5301
4.694166666666667,4.6906867,6.5301
4.71375,4.6963544,6.5301
4.70625,4.716852,6.5301
4.732083333333334,4.709001,6.5301
4.767916666666667,4.736045,6.5301
4.67125,4.773597,6.5301
4.44375,4.6723714,6.5301
4.2387500000000005,4.434902,6.5301
4.210416666666666,4.2219024,6.5301
4.18375,4.1925073,6.5301
4.185416666666667,4.1648393,6.5301
4.17125,4.1665673,6.5301
4.15625,4.1518826,6.5301
4.148333333333333,4.136339,6.5301
4.1375,4.1281443,6.5301
4.134166666666667,4.1169333,6.5301
4.12,4.113484,6.5301
4.110416666666667,4.098824,6.5301
4.096666666666667,4.0888934,6.5301
4.089583333333333,4.0746393,6.5301
4.080416666666667,4.067296,6.5301
4.070833333333334,4.0577946,6.5301
4.065833333333334,4.0478606,6.5301
4.01,4.042679,6.5301
3.8183333333333334,3.9848313,6.5301
3.5925,3.7860022,6.5301
3.3858333333333337,3.553467,6.5301
3.1312499999999996,3.3443835,6.5301
2.8866666666666667,3.0876079,6.5301
2.7904166666666668,2.8440084,6.5301
2.785,2.7493985,6.5301
2.7908333333333335,2.7440784,6.5301
2.79625,2.7498078,6.5301
2.7954166666666667,2.75513,6.5301
2.780416666666667,2.7543104,6.5301
2.7670833333333333,2.7395756,6.5301
2.772916666666667,2.7264829,6.5301
2.7808333333333333,2.7322097,6.5301
2.77375,2.7399855,6.5301
2.777083333333333,2.733028,6.5301
2.7808333333333337,2.7363012,6.5301
2.782083333333333,2.7399855,6.5301
2.7870833333333334,2.7412128,6.5301
2.7825,2.7461247,6.5301
2.785833333333333,2.7416222,6.5301
2.7854166666666664,2.7448967,6.5301
2.764166666666666,2.744487,6.5301
2.6525000000000003,2.7236228,6.5301
2.557916666666667,2.6143148,6.5301
2.44875,2.5225205,6.5301
2.3420833333333335,2.4182332,6.5301
2.2554166666666666,2.317166,6.5301
2.234583333333333,2.2351491,6.5301
2.15375,2.2154748,6.5301
2.075833333333333,2.1391318,6.5301
1.9887499999999998,2.0656188,6.5301
1.9887499999999998,1.9836272,6.5301
1.9933333333333332,1.9836272,6.5301
1.9908333333333335,1.9879378,6.5301
1.9991666666666668,1.9855868,6.5301
1.9962499999999999,1.9934254,6.5301
1.9887499999999998,1.9906825,6.5301
1.997083333333333,1.9836272,6.5301
1.9941666666666666,1.991467,6.5301
1.9958333333333333,1.988722,6.5301
1.9933333333333334,1.9902912,6.5301
1.9933333333333332,1.9879378,6.5301
1.9974999999999998,1.9879378,6.5301
1.9945833333333336,1.9918586,6.5301
1.9979166666666666,1.9891138,6.5301
1.9970833333333333,1.9922503,6.5301
1.9970833333333333,1.991467,6.5301
1.9929166666666667,1.991467,6.5301
2.0879166666666666,1.9875461,6.5301
2.1750000000000003,2.0770118,6.5301
2.2687500000000003,2.1591947,6.5301
2.1954166666666666,2.2477465,6.5301
2.1854166666666663,2.1784768,6.5301
2.1745833333333335,2.169032,6.5301
2.1754166666666666,2.1588018,6.5301
2.0825,2.159588,6.5301
1.9958333333333333,2.0719056,6.5301
1.9066666666666665,1.9902912,6.5301
1.8149999999999997,1.9071012,6.5301
1.8208333333333335,1.8239863,6.5301
1.8220833333333333,1.8292392,6.5301
1.8187500000000003,1.8303653,6.5301
1.82625,1.8273636,6.5301
1.8245833333333332,1.834117,6.5301
1.8295833333333331,1.8326169,6.5301
1.8220833333333335,1.8371191,6.5301
1.8241666666666667,1.8303653,6.5301
1.8233333333333333,1.8322414,6.5301
1.8195833333333333,1.831491,6.5301
1.8495833333333334,1.828114,6.5301
1.9420833333333334,1.8551325,6.5301
2.03375,1.9397982,6.5301
2.0383333333333336,2.0259752,6.5301
2.057916666666667,2.0302885,6.5301
2.0566666666666666,2.0487297,6.5301
2.1470833333333332,2.0475526,6.5301
2.24375,2.1328387,6.5301
2.339583333333333,2.2241309,6.5301
2.427916666666667,2.3147988,6.5301
2.515833333333333,2.3984911,6.5301
2.6037500000000002,2.4819758,6.5301
2.69125,2.5668962,6.5301
2.7808333333333337,2.6521468,6.5301
2.8220833333333335,2.7399855,6.5301
3.142916666666667,2.7805128,6.5301
3.1437500000000003,3.0993714,6.5301
3.1345833333333335,3.1002102,6.5301
3.1437500000000003,3.0909681,6.5301
3.1329166666666666,3.1002102,6.5301
3.145,3.0892887,6.5301
3.1487499999999997,3.1014695,6.5301
3.1462499999999998,3.1052525,6.5301
3.1483333333333334,3.1027312,6.5301
3.1337500000000005,3.1048322,6.5301
3.1495833333333327,3.0901294,6.5301
3.185,3.1060925,6.5301
3.2291666666666665,3.1418114,6.5301
3.2920833333333337,3.1863735,6.5301
3.3662499999999995,3.2498548,6.5301
3.405,3.3246377,6.5301
3.4149999999999996,3.3637526,6.5301
3.4120833333333334,3.3738713,6.5301
3.405416666666666,3.3709204,6.5301
3.402083333333333,3.3641748,6.5301
3.4141666666666666,3.360802,6.5301
3.4279166666666665,3.3730278,6.5301
3.44875,3.3869438,6.5301
3.4154166666666668,3.4080305,6.5301
3.1016666666666666,3.3742945,6.5301
3.12125,3.0578458,6.5301
3.1374999999999997,3.0775313,6.5301
3.155,3.0939088,6.5301
3.1799999999999997,3.111554,6.5301
3.182916666666667,3.1367674,6.5301
3.1962500000000005,3.1397097,6.5301
3.2158333333333338,3.1531584,6.5301
3.225,3.17292,6.5301
3.24625,3.182169,6.5301
3.25625,3.2036154,6.5301
3.282083333333333,3.21371,6.5301
3.3295833333333333,3.2397673,6.5301
3.329166666666667,3.2876706,6.5301
3.3287500000000008,3.287251,6.5301
3.357083333333333,3.2868316,6.5301
3.395,3.3153954,6.5301
3.4175,3.353636,6.5301
3.4225,3.3764024,6.5301
3.4283333333333332,3.381462,6.5301
3.422916666666667,3.3873656,6.5301
3.410833333333333,3.3818834,6.5301
3.403333333333333,3.3696556,6.5301
3.387083333333333,3.3620672,6.5301
3.377083333333333,3.3456447,6.5301
3.3595833333333336,3.3355606,6.5301
3.34125,3.3179164,6.5301
3.3154166666666662,3.299435,6.5301
3.2937499999999997,3.2733877,6.5301
3.2883333333333336,3.251536,6.5301
3.2720833333333332,3.2460713,6.5301
3.247916666666667,3.2296793,6.5301
3.2358333333333333,3.205299,6.5301
3.22125,3.1931024,6.5301
3.1916666666666664,3.178386,6.5301
3.1358333333333337,3.1485357,6.5301
3.0620833333333333,3.0922282,6.5301
3.0104166666666665,3.0181618,6.5301
2.98,2.9664056,6.5301
2.9500000000000006,2.9359717,6.5301
2.8975000000000004,2.9063373,6.5301
2.8870833333333334,2.8546627,6.5301
2.8737500000000007,2.8444166,6.5301
2.8745833333333337,2.8313036,6.5301
2.8608333333333333,2.832124,6.5301
2.8533333333333335,2.8186038,6.5301
2.845,2.8112297,6.5301
2.84375,2.8030384,6.5301
2.842083333333333,2.801809,6.5301
2.8425,2.8001704,6.5301
2.8433333333333333,2.8005805,6.5301
2.845,2.8013992,6.5301
2.845416666666667,2.8030384,6.5301
2.844583333333333,2.8034463,6.5301
2.84125,2.8026276,6.5301
2.8487500000000003,2.7993507,6.5301
2.8425,2.806723,6.5301
2.842916666666667,2.8005805,6.5301
2.8458333333333337,2.8009903,6.5301
2.8783333333333334,2.8038566,6.5301
2.896666666666667,2.8358119,6.5301
2.9179166666666667,2.8538427,6.5301
2.9091666666666662,2.8747497,6.5301
2.8954166666666663,2.866139,6.5301
2.8958333333333335,2.852613,6.5301
2.8816666666666664,2.853023,6.5301
2.888333333333333,2.83909,6.5301
2.8825,2.8456457,6.5301
2.8874999999999997,2.8399086,6.5301
2.8975000000000004,2.8448272,6.5301
2.895416666666667,2.8546627,6.5301
2.909166666666667,2.852613,6.5301
2.9737500000000003,2.866139,6.5301
2.98625,2.9297445,6.5301
2.9945833333333334,2.9422193,6.5301
2.997916666666667,2.95055,6.5301
2.997916666666667,2.9538867,6.5301
2.9966666666666666,2.9538867,6.5301
2.999166666666667,2.9526362,6.5301
3.0016666666666665,2.95514,6.5301
3.0,2.957642,6.5301
2.98375,2.9559746,6.5301
2.8912499999999994,2.9397187,6.5301
2.765833333333333,2.848515,6.5301
2.6329166666666666,2.7252574,6.5301
2.4875000000000003,2.595213,6.5301
2.3608333333333333,2.4550004,6.5301
2.252083333333333,2.3349316,6.5301
2.16375,2.2320013,6.5301
2.0704166666666666,2.148572,6.5301
1.98625,2.0605118,6.5301
1.9904166666666665,1.9812783,6.5301
1.9908333333333335,1.9851943,6.5301
1.9858333333333336,1.9855868,6.5301
1.9808333333333332,1.9808866,6.5301
1.9775,1.9761888,6.5301
1.9166666666666667,1.9730564,6.5301
1.9000000000000001,1.9163052,6.5301
1.89375,1.9009707,6.5301
1.8908333333333334,1.8952206,6.5301
1.8916666666666668,1.8925376,6.5301
1.8916666666666666,1.893304,6.5301
1.89125,1.893304,6.5301
1.8862500000000002,1.8929197,6.5301
1.8925,1.8883224,6.5301
1.8958333333333333,1.8940713,6.5301
1.8966666666666665,1.8971374,6.5301
1.8891666666666669,1.8979031,6.5301
1.9754166666666668,1.8910053,6.5301
2.0708333333333333,1.9710988,6.5301
2.15,2.060904,6.5301
2.15125,2.135591,6.5301
2.14875,2.1367707,6.5301
2.1662500000000002,2.1344106,6.5301
2.1733333333333333,2.1509328,6.5301
2.0883333333333334,2.1576202,6.5301
2.0075,2.0774057,6.5301
1.9349999999999998,2.0012677,6.5301
1.8550000000000002,1.9332478,6.5301
1.8620833333333333,1.860012,6.5301
1.8670833333333334,1.8663946,6.5301
1.8724999999999998,1.8708997,6.5301
1.8825,1.8757807,6.5301
1.88375,1.8848723,6.5301
1.8945833333333333,1.8860226,6.5301
1.9029166666666668,1.8959882,6.5301
1.90125,1.903652,6.5301
1.9129166666666666,1.9021189,6.5301
1.9175000000000002,1.9128517,6.5301
1.9408333333333332,1.9170737,6.5301
2.07375,1.9386419,6.5301
2.2245833333333334,2.0636547,6.5301
2.2537499999999997,2.2060318,6.5301
2.279166666666667,2.233577,6.5301
2.3216666666666668,2.2575896,6.5301
2.4279166666666665,2.2978275,6.5301
2.5345833333333334,2.3984911,6.5301
2.627083333333333,2.4999523,6.5301
2.7079166666666663,2.589525,6.5301
2.7920833333333337,2.668437,6.5301
2.8683333333333327,2.7510364,6.5301
2.9433333333333334,2.8259778,6.5301
3.0254166666666666,2.8997707,6.5301
3.0583333333333336,2.981427,6.5301
3.0541666666666667,3.014403,6.5301
3.0483333333333333,3.0102289,6.5301
3.0400000000000005,3.0043843,6.5301
3.03875,2.9960353,6.5301
3.0241666666666673,2.9947836,6.5301
3.0191666666666666,2.980174,6.5301
3.015,2.9751675,6.5301
3.0104166666666665,2.9709945,6.5301
3.0087500000000005,2.9664056,6.5301
2.9924999999999997,2.9647353,6.5301
2.9525,2.9484656,6.5301
2.889583333333333,2.9087977,6.5301
2.8575,2.8468752,6.5301
2.8349999999999995,2.8153248,6.5301
2.8008333333333333,2.793207,6.5301
2.8000000000000003,2.7596307,6.5301
2.7983333333333333,2.7588131,6.5301
2.785,2.7571757,6.5301
2.7937499999999997,2.7440784,6.5301
2.7900000000000005,2.7526739,6.5301
2.7904166666666668,2.7489898,6.5301
2.7899999999999996,2.7493985,6.5301
2.7908333333333335,2.7489898,6.5301
2.7291666666666665,2.7498078,6.5301
2.7320833333333336,2.6892836,6.5301
2.7304166666666667,2.692145,6.5301
2.7304166666666667,2.6905093,6.5301
2.734166666666667,2.6905093,6.5301
2.737916666666667,2.6941874,6.5301
2.7424999999999997,2.6978679,6.5301
2.7458333333333336,2.7023652,6.5301
2.7395833333333335,2.7056353,6.5301
2.7445833333333334,2.6995032,6.5301
2.7458333333333336,2.7044086,6.5301
2.7433333333333336,2.7056353,6.5301
2.7529166666666662,2.7031822,6.5301
2.81125,2.7125847,6.5301
2.848333333333333,2.7698677,6.5301
2.8474999999999997,2.8063138,6.5301
2.8425,2.8054955,6.5301
2.835833333333333,2.8005805,6.5301
2.8362499999999997,2.7940276,6.5301
2.8383333333333334,2.7944372,6.5301
2.8379166666666666,2.7964835,6.5301
2.84125,2.7960753,6.5301
2.8516666666666666,2.7993507,6.5301
2.8504166666666664,2.8095906,6.5301
2.873333333333333,2.8083615,6.5301
2.8720833333333338,2.8308938,6.5301
2.87625,2.8296652,6.5301
2.8816666666666664,2.833762,6.5301
2.8691666666666666,2.83909,6.5301
2.8699999999999997,2.8267968,6.5301
2.8695833333333334,2.8276165,6.5301
2.8679166666666664,2.827207,6.5301
2.8675,2.8255696,6.5301
2.8641666666666663,2.8251584,6.5301
2.8679166666666664,2.8218806,6.5301
2.924583333333333,2.8255696,6.5301
3.019166666666667,2.8813138,6.5301
3.0075000000000003,2.9751675,6.5301
3.026666666666667,2.9634833,6.5301
3.0695833333333336,2.9826798,6.5301
3.1012500000000003,3.0256774,6.5301
3.1245833333333337,3.0574276,6.5301
3.14,3.080888,6.5301
3.1312499999999996,3.096429,6.5301
3.1325,3.0876079,6.5301
3.13625,3.0888681,6.5301
3.139583333333333,3.0926487,6.5301
3.141666666666666,3.0960102,6.5301
3.13875,3.0981102,6.5301
3.1329166666666666,3.095169,6.5301
3.1320833333333336,3.0892887,6.5301
3.1375000000000006,3.088449,6.5301
3.1512499999999997,3.0939088,6.5301
3.1575,3.1077735,6.5301
3.155416666666666,3.1140747,6.5301
3.1575,3.1119742,6.5301
3.1591666666666662,3.1140747,6.5301
3.157916666666667,3.1157556,6.5301
3.1641666666666666,3.1144967,6.5301
3.1200000000000006,3.1207993,6.5301
3.0716666666666668,3.076274,6.5301
3.0658333333333334,3.0277677,6.5301
3.0416666666666665,3.021919,6.5301
3.0500000000000003,2.9977055,6.5301
3.0554166666666664,3.0060534,6.5301
3.0629166666666663,3.0114813,6.5301
3.0558333333333336,3.0189962,6.5301
3.052916666666667,3.0118985,6.5301
3.055,3.0089762,6.5301
3.0575000000000006,3.0110629,6.5301
3.0408333333333335,3.0135686,6.5301
3.035833333333334,2.9968696,6.5301
3.0370833333333334,2.991861,6.5301
3.043333333333333,2.9931126,6.5301
3.043333333333333,2.9993753,6.5301
3.0354166666666664,2.9993753,6.5301
3.0279166666666666,2.9914439,6.5301
3.0237499999999997,2.98393,6.5301
3.0208333333333335,2.979758,6.5301
3.0262499999999997,2.9768364,6.5301
3.025,2.9822617,6.5301
3.0275,2.9810112,6.5301
3.0000000000000004,2.9835155,6.5301
2.8995833333333336,2.9559746,6.5301
2.76625,2.856712,6.5301
2.6425,2.7256649,6.5301
2.5175,2.604561,6.5301
2.3783333333333334,2.4835613,6.5301
2.2495833333333333,2.3515153,6.5301
2.1325,2.2296395,6.5301
2.0970833333333334,2.119074,6.5301
2.02,2.0856586,6.5301
2.03,2.0130322,6.5301
2.0300000000000002,2.022444,6.5301
2.02875,2.022444,6.5301
2.0370833333333334,2.021267,6.5301
2.0341666666666667,2.0291123,6.5301
2.033333333333333,2.0263662,6.5301
2.039166666666667,2.025582,6.5301
2.03,2.0310721,6.5301
2.033333333333333,2.022444,6.5301
2.044166666666667,2.025582,6.5301
2.0341666666666667,2.035781,6.5301
2.0370833333333334,2.0263662,6.5301
2.0370833333333334,2.0291123,6.5301
2.037916666666667,2.0291123,6.5301
2.0366666666666666,2.0298963,6.5301
2.0408333333333335,2.028719,6.5301
2.0345833333333334,2.032643,6.5301
2.123333333333333,2.0267582,6.5301
2.21625,2.1104233,6.5301
2.3020833333333335,2.1981602,6.5301
2.2970833333333336,2.2792838,6.5301
2.2808333333333333,2.2745485,6.5301
2.219583333333333,2.2591677,6.5301
2.2079166666666667,2.201308,6.5301
2.122916666666667,2.1902862,6.5301
2.0225,2.1100314,6.5301
1.9416666666666664,2.0153847,6.5301
1.8499999999999999,1.9394124,6.5301
1.8470833333333332,1.8555082,6.5301
1.8487500000000001,1.8528819,6.5301
1.8445833333333332,1.8543814,6.5301
1.85125,1.8506293,6.5301
1.8491666666666668,1.8566339,6.5301
1.8408333333333333,1.8547567,6.5301
1.8454166666666667,1.8472502,6.5301
1.845,1.8513788,6.5301
1.8491666666666664,1.8510046,6.5301
1.84375,1.8547567,6.5301
1.8699999999999999,1.8498778,6.5301
1.9787499999999998,1.8735273,6.5301
2.0812500000000003,1.9742312,6.5301
2.0900000000000003,2.0707264,6.5301
2.140833333333333,2.0789778,6.5301
2.1816666666666666,2.1269386,6.5301
2.31375,2.1654906,6.5301
2.435,2.2903318,6.5301
2.5379166666666664,2.4052024,6.5301
2.6225,2.503178,6.5301
2.703333333333333,2.5850773,6.5301
2.8020833333333335,2.663953,6.5301
2.877916666666667,2.7608593,6.5301
2.9683333333333333,2.8353999,6.5301
3.0187500000000003,2.9243906,6.5301
3.0124999999999997,2.9747505,6.5301
3.015833333333333,2.968491,6.5301
3.0075000000000003,2.9718297,6.5301
3.010833333333333,2.9634833,6.5301
3.0091666666666668,2.966821,6.5301
3.013333333333333,2.9651535,6.5301
3.0041666666666664,2.9693248,6.5301
3.00125,2.960145,6.5301
3.004583333333333,2.9572256,6.5301
3.0049999999999994,2.9605641,6.5301
3.002916666666667,2.96098,6.5301
3.0508333333333333,2.9588928,6.5301
3.0854166666666667,3.0068893,6.5301
3.2325,3.0415516,6.5301
3.4616666666666664,3.1897378,6.5301
3.6616666666666666,3.421107,6.5301
3.84125,3.6235874,6.5301
4.048333333333333,3.8097599,6.5301
4.114166666666667,4.0245442,6.5301
4.11,4.0927815,6.5301
4.10625,4.088463,6.5301
4.108333333333333,4.0845737,6.5301
4.11125,4.086735,6.5301
4.072916666666667,4.0897574,6.5301
4.078333333333333,4.050022,6.5301
4.0687500000000005,4.0556355,6.5301
4.07625,4.0457015,6.5301
4.075,4.053475,6.5301
4.07125,4.05218,6.5301
4.075,4.0482926,6.5301
4.074583333333334,4.05218,6.5301
4.075833333333334,4.0517473,6.5301
4.068333333333333,4.0530443,6.5301
4.070833333333334,4.0452695,6.5301
4.052499999999999,4.0478606,6.5301
4.088333333333334,4.0288615,6.5301
4.1275,4.066,6.5301
4.002916666666667,4.106585,6.5301
3.811666666666666,3.9774954,6.5301
3.6191666666666666,3.7790911,6.5301
3.4620833333333336,3.5804908,6.5301
3.296666666666667,3.4215288,6.5301
3.277083333333333,3.25448,6.5301
3.2825,3.234724,6.5301
3.285,3.2401865,6.5301
3.689166666666667,3.2427077,6.5301
4.330416666666667,3.6519716,6.5301
4.4025,4.317026,6.5301
4.398333333333333,4.391914,6.5301
4.404166666666667,4.3875837,6.5301
4.405,4.3936462,6.5301
4.403333333333333,4.3945136,6.5301
4.411666666666666,4.3927803,6.5301
4.4070833333333335,4.4014444,6.5301
4.406666666666666,4.396678,6.5301
4.407916666666666,4.3962464,6.5301
4.416666666666667,4.3975453,6.5301
4.415416666666666,4.4066424,6.5301
4.459583333333334,4.4053435,6.5301
4.435,4.4514184,6.5301
4.4,4.42577,6.5301
4.36625,4.389314,6.5301
4.368333333333333,4.35423,6.5301
4.395416666666667,4.3563957,6.5301
4.3875,4.38455,6.5301
4.36125,4.3763185,6.5301
4.319583333333333,4.3490376,6.5301
4.32,4.3057837,6.5301
4.425,4.306216,6.5301
4.6275,4.415334,6.5301
4.59125,4.6265945,6.5301
4.912083333333333,4.588693,6.5301
4.9125000000000005,4.924727,6.5301
4.914583333333334,4.925161,6.5301
4.91375,4.9273367,6.5301
4.91375,4.9264674,6.5301
4.909583333333333,4.9264674,6.5301
4.911666666666666,4.9221163,6.5301
4.921250000000001,4.9242916,6.5301
4.917083333333333,4.9343004,6.5301
4.9075,4.929948,6.5301
4.9075,4.91994,6.5301
4.892083333333334,4.91994,6.5301
4.877083333333334,4.903817,6.5301
4.900833333333333,4.8880777,6.5301
4.945833333333334,4.9129777,6.5301
4.979583333333333,4.959978,6.5301
4.980833333333333,4.995237,6.5301
4.9816666666666665,4.996544,6.5301
5.154583333333334,4.9974146,6.5301
5.359583333333333,5.17793,6.5301
5.562083333333334,5.392094,6.5301
5.677499999999999,5.5963216,6.5301
5.635833333333333,5.7105155,6.5301
5.6570833333333335,5.669537,6.5301
5.77875,5.690434,6.5301
5.993750000000001,5.8103065,6.5301
6.089166666666667,6.0200167,6.5301
6.097916666666667,6.1123977,6.5301
6.103750000000001,6.120877,6.5301
6.109166666666667,6.1265287,6.5301
6.117500000000001,6.131778,6.5301
6.116250000000001,6.139855,6.5301
6.130833333333334,6.1386423,6.5301
6.135833333333333,6.152784,6.5301
6.125416666666667,6.1576395,6.5301
6.009166666666666,6.147528,6.5301
6.040833333333333,6.0349345,6.5301
6.125416666666667,6.065585,6.5301
6.210416666666667,6.147528,6.5301
6.245833333333333,6.229791,6.5301
6.297083333333333,6.2632895,6.5301
6.370833333333333,6.3115067,6.5301
6.2875000000000005,6.380685,6.5301
6.206666666666667,6.3024926,6.5301
6.210833333333333,6.226191,6.5301
6.195,6.2301917,6.5301
5.846666666666667,6.2149086,6.5301
5.4262500000000005,5.877163,6.5301
5.114583333333333,5.459902,6.5301
5.1154166666666665,5.135808,6.5301
5.077083333333333,5.1366854,6.5301
5.077083333333333,5.0963464,6.5301
5.0737499999999995,5.0963464,6.5301
5.07875,5.092839,6.5301
5.075,5.098099,6.5301
5.07875,5.094153,6.5301
5.07375,5.098099,6.5301
5.082916666666667,5.092839,6.5301
5.076666666666667,5.102483,6.5301
5.07875,5.0959067,6.5301
5.078333333333334,5.098099,6.5301
5.140416666666667,5.097661,6.5301
5.184583333333333,5.1630197,6.5301
5.2575,5.2094975,6.5301
5.242916666666667,5.285975,6.5301
5.244583333333334,5.270731,6.5301
5.24125,5.272473,6.5301
5.245833333333334,5.268989,6.5301
5.158333333333334,5.2737803,6.5301
5.072500000000001,5.181876,6.5301
4.990833333333334,5.0915246,6.5301
4.905,5.006878,6.5301
4.9070833333333335,4.917329,6.5301
4.904166666666667,4.9195046,6.5301
4.911666666666666,4.916458,6.5301
4.90875,4.9242916,6.5301
4.914583333333334,4.9212456,6.5301
4.912083333333333,4.9273367,6.5301
4.91375,4.924727,6.5301
4.90875,4.9264674,6.5301
4.9070833333333335,4.9212456,6.5301
4.90375,4.9195046,6.5301
4.9275,4.9160233,6.5301
5.03125,4.9408274,6.5301
5.167916666666667,5.0486026,6.5301
5.208333333333333,5.1919584,6.5301
5.255416666666666,5.2344723,6.5301
5.305,5.2837996,6.5301
5.439166666666666,5.335475,6.5301
5.564166666666666,5.472934,6.5301
5.672916666666667,5.598396,6.5301
5.767083333333333,5.7060075,6.5301
5.869166666666666,5.7988143,6.5301
5.842916666666667,5.8992314,6.5301
5.952083333333333,5.8734717,6.5301
6.15125,5.9796505,6.5301
6.184583333333332,6.1726165,6.5301
5.96625,6.204837,6.5301
5.903333333333333,5.9933767,6.5301
5.900000000000001,5.932441,6.5301
5.892083333333335,5.9292126,6.5301
5.890416666666667,5.9215493,6.5301
5.877916666666668,5.919937,6.5301
5.880416666666666,5.9077735,6.5301
5.876666666666668,5.9102135,6.5301
5.873333333333334,5.9065547,6.5301
5.868750000000001,5.9033003,6.5301
5.847083333333333,5.898826,6.5301
5.68625,5.877574,6.5301
5.489999999999999,5.719126,6.5301
5.278333333333333,5.5242653,6.5301
5.1362499999999995,5.307695,6.5301
5.1620833333333325,5.1586304,6.5301
5.192083333333334,5.1858206,6.5301
5.048333333333333,5.217391,6.5301
4.824166666666667,5.0663676,6.5301
4.6075,4.8325725,6.5301
4.539583333333334,4.6056724,6.5301
4.351249999999999,4.5348125,6.5301
4.187916666666666,4.338655,6.5301
4.014166666666666,4.1691585,6.5301
4.0375,3.9891448,6.5301
4.0495833333333335,4.0133176,6.5301
4.066666666666666,4.025838,6.5301
4.087916666666667,4.0435433,6.5301
4.09375,4.0655694,6.5301
4.119166666666667,4.071616,6.5301
4.13375,4.0979624,6.5301
4.15,4.1130524,6.5301
4.168333333333333,4.12987,6.5301
4.1762500000000005,4.1488595,6.5301
4.2058333333333335,4.1570644,6.5301
4.154583333333333,4.1877503,6.5301
4.12125,4.1346135,6.5301
4.108333333333333,4.100117,6.5301
4.05375,4.086735,6.5301
3.8395833333333336,4.030156,6.5301
3.63125,3.8080323,6.5301
3.6220833333333338,3.5927413,6.5301
3.6925000000000003,3.5834482,6.5301
3.7129166666666666,3.6554291,6.5301
3.7416666666666667,3.6766114,6.5301
3.77,3.7064476,6.5301
3.7100000000000004,3.7358594,6.5301
3.655,3.6735866,6.5301
3.7191666666666667,3.6168253,6.5301
3.7075,3.6830976,6.5301
3.6925000000000003,3.6709921,6.5301
3.6741666666666664,3.6554291,6.5301
3.67,3.636416,6.5301
3.6508333333333334,3.632098,6.5301
3.6333333333333333,3.6126003,6.5301
3.6216666666666666,3.5948536,6.5301
3.6095833333333336,3.5830243,6.5301
3.595,3.5707786,6.5301
3.5879166666666666,3.5560007,6.5301
3.597916666666667,3.548826,6.5301
3.610416666666666,3.5589561,6.5301
3.6291666666666664,3.5716228,6.5301
3.602083333333333,3.590629,6.5301
3.5841666666666665,3.563179,6.5301
3.5679166666666666,3.545026,6.5301
3.535,3.5285685,6.5301
3.4654166666666666,3.4952402,6.5301
3.439583333333333,3.4249027,6.5301
3.419166666666667,3.3987508,6.5301
3.3725,3.378089,6.5301
3.289583333333333,3.330938,6.5301
3.280416666666667,3.2473323,6.5301
3.2045833333333333,3.2380846,6.5301
3.200416666666667,3.161567,6.5301
3.19875,3.1573637,6.5301
3.2016666666666667,3.155682,6.5301
3.1945833333333336,3.158625,6.5301
3.1925000000000003,3.151478,6.5301
3.197083333333333,3.1493769,6.5301
3.1954166666666666,3.154001,6.5301
3.185833333333333,3.15232,6.5301
3.1941666666666664,3.1426525,6.5301
3.170833333333333,3.1510584,6.5301
3.1541666666666663,3.1275213,6.5301
3.1254166666666667,3.110714,6.5301
3.080833333333333,3.0817277,6.5301
3.0449999999999995,3.036956,6.5301
3.0066666666666664,3.0010438,6.5301
2.9616666666666664,2.9626484,6.5301
2.9320833333333334,2.9178255,6.5301
2.9416666666666664,2.8886948,6.5301
3.0058333333333334,2.89813,6.5301
3.3504166666666664,2.9618137,6.5301
3.670416666666666,3.3086746,6.5301
3.7891666666666666,3.6325295,6.5301
3.876666666666667,3.7557604,6.5301
3.9012499999999997,3.8464832,6.5301
3.90375,3.871987,6.5301
3.908333333333333,3.874581,6.5301
3.90875,3.8793378,6.5301
3.9225,3.8797712,6.5301
3.9370833333333333,3.8940454,6.5301
3.9341666666666666,3.909187,6.5301
3.9466666666666668,3.9061587,6.5301
3.9495833333333334,3.9191387,6.5301
3.9416666666666664,3.9221683,6.5301
3.8679166666666673,3.9139464,6.5301
3.7883333333333336,3.8374088,6.5301
3.69,3.7548947,6.5301
3.60125,3.652837,6.5301
3.51375,3.5623338,6.5301
3.4283333333333332,3.473757,6.5301
3.3387500000000006,3.3873656,6.5301
3.245833333333333,3.296915,6.5301
3.1625,3.2031965,6.5301
3.0979166666666664,3.1191182,6.5301
2.7325,3.0540857,6.5301
2.3866666666666667,2.6925526,6.5301
2.27,2.3594084,6.5301
2.1904166666666667,2.2489264,6.5301
2.1641666666666666,2.1737537,6.5301
2.17125,2.148967,6.5301
2.1737499999999996,2.1556537,6.5301
2.175,2.158014,6.5301
2.169166666666667,2.1591947,6.5301
2.1641666666666666,2.1536875,6.5301
2.16875,2.148967,6.5301
2.1645833333333333,2.153294,6.5301
2.17125,2.1493595,6.5301
2.1625,2.1556537,6.5301
2.155416666666667,2.147393,6.5301
2.155,2.1407046,6.5301
2.2425,2.14031,6.5301
2.32375,2.22295,6.5301
2.4154166666666668,2.2998013,6.5301
2.408333333333333,2.3866446,6.5301
2.4133333333333336,2.379933,6.5301
2.4120833333333334,2.3846698,6.5301
2.4091666666666667,2.3834863,6.5301
2.327916666666667,2.380723,6.5301
2.2308333333333334,2.3037477,6.5301
2.1475,2.2119334,6.5301
2.0516666666666667,2.133232,6.5301
2.0437499999999997,2.042844,6.5301
2.0475,2.0353894,6.5301
2.0479166666666666,2.03892,6.5301
2.047916666666667,2.039312,6.5301
2.0516666666666667,2.039312,6.5301
2.049583333333333,2.042844,6.5301
2.0483333333333333,2.0408828,6.5301
2.049583333333333,2.0397034,6.5301
2.0429166666666667,2.0408828,6.5301
2.046666666666667,2.0346034,6.5301
2.0645833333333337,2.0381339,6.5301
2.1654166666666668,2.055012,6.5301
2.275,2.1501453,6.5301
2.3070833333333334,2.253651,6.5301
2.3116666666666665,2.2840188,6.5301
2.3108333333333335,2.288358,6.5301
2.3866666666666667,2.2875702,6.5301
2.4616666666666664,2.3594084,6.5301
2.540833333333333,2.4304774,6.5301
2.6170833333333334,2.505997,6.5301
2.859166666666667,2.5798244,6.5301
3.5270833333333336,2.8169646,6.5301
4.207916666666667,3.4872308,6.5301
4.785833333333334,4.189912,6.5301
4.820416666666667,4.7923784,6.5301
4.8125,4.82864,6.5301
4.829583333333333,4.8203382,6.5301
4.81125,4.8382545,6.5301
4.805000000000001,4.819029,6.5301
4.796666666666666,4.8124757,6.5301
4.785,4.803737,6.5301
4.7749999999999995,4.791504,6.5301
4.765416666666667,4.781021,6.5301
4.7491666666666665,4.7709746,6.5301
4.744583333333334,4.7539415,6.5301
4.779166666666667,4.7491393,6.5301
5.33125,4.785391,6.5301
6.053333333333334,5.3628287,6.5301
6.4054166666666665,6.07769,6.5301
6.735833333333333,6.4132056,6.5301
7.065,6.7233925,6.5301
7.159166666666667,7.0315742,6.5301
7.175,7.119322,6.5301
7.184166666666666,7.134079,6.5301
7.019583333333333,7.1426234,6.5301
6.46,6.989242,6.5301
5.97625,6.4642205,6.5301
5.745416666666666,6.0030656,6.5301
5.697499999999999,5.777447,6.5301
5.699166666666667,5.730204,6.5301
5.669166666666666,5.7318473,6.5301
5.670833333333333,5.702319,6.5301
5.666666666666667,5.703959,6.5301
5.671250000000001,5.69986,6.5301
5.668749999999999,5.7043676,6.5301
5.6674999999999995,5.7019086,6.5301
5.6674999999999995,5.7006793,6.5301
5.6691666666666665,5.7006793,6.5301
5.670416666666667,5.702319,6.5301
5.618333333333333,5.7035484,6.5301
5.0325,5.6522484,6.5301
4.278333333333333,5.0499024,6.5301
3.922083333333333,4.2629714,6.5301
3.5875,3.8936124,6.5301
3.2525,3.5484025,6.5301
3.15875,3.2099254,6.5301
3.1454166666666663,3.1153355,6.5301
3.1316666666666664,3.1018918,6.5301
3.133333333333333,3.088028,6.5301
3.1125000000000003,3.0897088,6.5301
2.98375,3.068734,6.5301
2.71875,2.9397187,6.5301
2.7254166666666664,2.679065,6.5301
2.7133333333333334,2.6856065,6.5301
2.7191666666666667,2.6737518,6.5301
2.7225,2.679474,6.5301
2.720416666666667,2.6827445,6.5301
2.71625,2.6807008,6.5301
2.7241666666666666,2.6766129,6.5301
2.72,2.684379,6.5301
2.719583333333333,2.6802907,6.5301
2.7229166666666664,2.679883,6.5301
2.71875,2.6831524,6.5301
2.732083333333333,2.679065,6.5301
2.7375000000000003,2.692145,6.5301
2.7412499999999995,2.6974595,6.5301
2.7329166666666667,2.701137,6.5301
2.7412499999999995,2.692962,6.5301
2.765,2.701137,6.5301
2.76625,2.7244408,6.5301
2.766666666666667,2.7256649,6.5301
2.796666666666667,2.726074,6.5301
2.80625,2.7555377,6.5301
2.8329166666666663,2.7649543,6.5301
2.853333333333333,2.791161,6.5301
2.8562500000000006,2.8112297,6.5301
2.8783333333333334,2.8140967,6.5301
2.9004166666666666,2.8358119,6.5301
2.9029166666666666,2.857532,6.5301
2.9029166666666666,2.8599901,6.5301
2.904166666666667,2.8599901,6.5301
2.9000000000000004,2.86122,6.5301
2.8937499999999994,2.8571205,6.5301
2.9000000000000004,2.8509736,6.5301
2.8995833333333327,2.8571205,6.5301
2.901666666666667,2.856712,6.5301
2.8983333333333334,2.8587606,6.5301
2.8833333333333333,2.855482,6.5301
2.8845833333333335,2.8407288,6.5301
2.8816666666666664,2.8419585,6.5301
2.88875,2.83909,6.5301
2.8820833333333336,2.8460555,6.5301
2.879166666666667,2.8394988,6.5301
2.869583333333333,2.8366303,6.5301
2.873333333333333,2.827207,6.5301
2.8433333333333333,2.8308938,6.5301
2.839166666666667,2.8013992,6.5301
2.8237500000000004,2.7973037,6.5301
2.841666666666667,2.7821503,6.5301
2.855833333333333,2.7997608,6.5301
2.8354166666666667,2.813688,6.5301
2.879583333333333,2.7936182,6.5301
2.8866666666666667,2.8370407,6.5301
2.8825,2.8440084,6.5301
2.8820833333333336,2.8399086,6.5301
2.889583333333333,2.8394988,6.5301
2.887916666666667,2.8468752,6.5301
2.8904166666666664,2.845236,6.5301
2.890416666666667,2.8476958,6.5301
2.8833333333333333,2.8476958,6.5301
2.8683333333333336,2.8407288,6.5301
2.7750000000000004,2.8259778,6.5301
2.68125,2.734256,6.5301
2.5845833333333332,2.6423786,6.5301
2.487083333333333,2.5483193,6.5301
2.3920833333333333,2.4546041,6.5301
2.2912500000000002,2.364538,6.5301
2.21,2.2690275,6.5301
2.1133333333333333,2.192254,6.5301
2.0279166666666666,2.1009889,6.5301
2.0170833333333333,2.020482,6.5301
1.9995833333333335,2.0102859,6.5301
1.9708333333333332,1.9938183,6.5301
1.9533333333333331,1.9667932,6.5301
1.945,1.9503529,6.5301
1.8883333333333334,1.9425309,6.5301
1.8766666666666667,1.8902395,6.5301
1.8758333333333332,1.8795359,6.5301
1.8800000000000001,1.8787844,6.5301
1.8725000000000003,1.8825749,6.5301
1.8800000000000001,1.8757807,6.5301
1.8716666666666668,1.8825749,6.5301
1.8758333333333335,1.8750304,6.5301
1.8779166666666667,1.8787844,6.5301
1.87375,1.8806633,6.5301
1.8804166666666668,1.876907,6.5301
1.8729166666666666,1.8829582,6.5301
1.9637499999999999,1.8761557,6.5301
2.04875,1.960137,6.5301
2.1374999999999997,2.0400965,6.5301
2.1366666666666667,2.1237924,6.5301
2.134583333333333,2.1230056,6.5301
2.138333333333333,2.1210408,6.5301
2.1404166666666664,2.1245809,6.5301
2.06,2.1265466,6.5301
1.9741666666666664,2.0506926,6.5301
1.8862499999999998,1.9699236,6.5301
1.8033333333333335,1.8883224,6.5301
1.8245833333333332,1.8134845,6.5301
1.8179166666666668,1.8326169,6.5301
1.8208333333333335,1.8266145,6.5301
1.8166666666666667,1.8292392,6.5301
1.8170833333333334,1.8254883,6.5301
1.8229166666666667,1.8258624,6.5301
1.8175,1.8311154,6.5301
1.8229166666666667,1.8262376,6.5301
1.8183333333333334,1.8311154,6.5301
1.8170833333333334,1.8269888,6.5301
1.8395833333333333,1.8258624,6.5301
1.937083333333333,1.8461257,6.5301
2.0820833333333333,1.9351736,6.5301
2.1420833333333333,2.071512,6.5301
2.1945833333333336,2.1281202,6.5301
2.2508333333333335,2.177691,6.5301
2.3695833333333334,2.230821,6.5301
2.5429166666666667,2.3432238,6.5301
2.759583333333333,2.5080135,6.5301
2.8841666666666668,2.7191277,6.5301
3.000833333333333,2.841548,6.5301
3.1333333333333333,2.9568079,6.5301
3.2654166666666664,3.0897088,6.5301
3.62625,3.2229555,6.5301
3.8575,3.5876713,6.5301
3.950416666666667,3.8266082,6.5301
3.954166666666667,3.9230337,6.5301
3.97,3.926927,6.5301
3.9645833333333336,3.9433725,6.5301
3.96875,3.9377468,6.5301
3.967916666666666,3.942075,6.5301
3.970416666666667,3.9412086,6.5301
3.971666666666667,3.9438043,6.5301
3.9808333333333334,3.9451027,6.5301
3.97875,3.9546258,6.5301
3.9820833333333336,3.9524617,6.5301
3.9787500000000002,3.9559224,6.5301
3.955416666666667,3.9524617,6.5301
3.950833333333333,3.9282267,6.5301
3.9416666666666664,3.9234667,6.5301
3.9758333333333327,3.9139464,6.5301
3.9324999999999997,3.9494312,6.5301
3.8329166666666663,3.9044287,6.5301
3.80875,3.8011203,6.5301
3.7887500000000003,3.7760682,6.5301
3.776666666666667,3.7553265,6.5301
3.780416666666667,3.7427802,6.5301
3.740416666666667,3.7466743,6.5301
3.9158333333333335,3.70515,6.5301
3.8812499999999996,3.8871253,6.5301
3.890833333333333,3.8512347,6.5301
3.903333333333333,3.8611765,6.5301
3.9149999999999996,3.8741474,6.5301
3.93,3.8862593,6.5301
3.9450000000000003,3.9018338,6.5301
3.9545833333333333,3.917408,6.5301
3.973333333333333,3.9273612,6.5301
3.983333333333333,3.9468346,6.5301
3.998333333333333,3.9572146,6.5301
4.005416666666666,3.972748,6.5301
4.012083333333334,3.9800835,6.5301
4.024583333333333,3.9869883,6.5301
4.046666666666667,3.9999359,6.5301
4.045833333333333,4.022816,6.5301
4.019583333333333,4.021952,6.5301
4.00625,3.994756,6.5301
4.021249999999999,3.9809465,6.5301
4.027083333333333,3.9964845,6.5301
4.031666666666666,4.002525,6.5301
4.0200000000000005,4.007273,6.5301
4.0183333333333335,3.995187,6.5301
4.101249999999999,3.9934607,6.5301
3.737916666666667,4.079391,6.5301
3.7383333333333333,3.702555,6.5301
3.7429166666666664,3.702989,6.5301
3.735833333333334,3.7077434,6.5301
3.745416666666667,3.700394,6.5301
3.732083333333333,3.7103403,6.5301
3.7416666666666667,3.6965017,6.5301
3.7404166666666665,3.7064476,6.5301
3.7429166666666664,3.70515,6.5301
3.7395833333333335,3.7077434,6.5301
3.739166666666667,3.704286,6.5301
3.74625,3.703853,6.5301
3.7441666666666666,3.7112038,6.5301
3.74625,3.7090435,6.5301
3.7391666666666663,3.7112038,6.5301
3.7391666666666663,3.703853,6.5301
3.7429166666666673,3.703853,6.5301
3.7625000000000006,3.7077434,6.5301
3.731666666666667,3.728072,6.5301
3.7275000000000005,3.6960695,6.5301
3.7120833333333336,3.691745,6.5301
3.7274999999999996,3.6757464,6.5301
3.6995833333333334,3.691745,6.5301
3.390833333333333,3.6627781,6.5301
3.4095833333333334,3.349426,6.5301
3.3520833333333333,3.36839,6.5301
3.334166666666667,3.310356,6.5301
3.326666666666666,3.2922935,6.5301
3.3033333333333332,3.2847304,6.5301
3.2954166666666667,3.261205,6.5301
3.2762499999999997,3.2532167,6.5301
3.2624999999999997,3.2338827,6.5301
3.2504166666666663,3.220014,6.5301
3.235833333333334,3.2078226,6.5301
3.22625,3.1931024,6.5301
3.1945833333333336,3.1834304,6.5301
3.185,3.151478,6.5301
3.234166666666667,3.1418114,6.5301
3.2604166666666665,3.19142,6.5301
3.262083333333333,3.217913,6.5301
3.278333333333333,3.2195938,6.5301
3.2883333333333327,3.2359846,6.5301
3.299166666666667,3.2460713,6.5301
3.295833333333333,3.2570002,6.5301
3.3320833333333333,3.2536378,6.5301
3.504583333333333,3.290193,6.5301
3.74625,3.4644942,6.5301
4.079166666666667,3.7112038,6.5301
4.181666666666667,4.056499,6.5301
4.189583333333333,4.1626782,6.5301
4.238333333333333,4.170889,6.5301
4.238333333333333,4.221469,6.5301
4.234166666666667,4.221469,6.5301
4.237916666666666,4.217148,6.5301
4.238333333333333,4.221038,6.5301
4.2316666666666665,4.221469,6.5301
4.227916666666667,4.214554,6.5301
4.229583333333333,4.2106633,6.5301
4.208333333333333,4.2123923,6.5301
4.128333333333333,4.1903424,6.5301
3.9950000000000006,4.1074486,6.5301
3.8020833333333335,3.969296,6.5301
3.6329166666666666,3.7691574,6.5301
3.491666666666667,3.594432,6.5301
3.3487500000000003,3.4514434,6.5301
3.2062500000000003,3.3069956,6.5301
3.0879166666666666,3.1632485,6.5301
2.9920833333333334,3.0440588,6.5301
2.9604166666666667,2.9480488,6.5301
2.76125,2.916593,6.5301
2.5108333333333333,2.7207613,6.5301
2.1929166666666666,2.4772131,6.5301
2.0670833333333336,2.1761172,6.5301
2.07875,2.0573692,6.5301
2.0349999999999997,2.0683687,6.5301
2.035416666666667,2.0271497,6.5301
2.044583333333333,2.0275433,6.5301
2.0429166666666667,2.0361733,6.5301
2.04125,2.0346034,6.5301
2.0495833333333335,2.0330346,6.5301
2.0408333333333335,2.0408828,6.5301
2.0429166666666663,2.032643,6.5301
2.0454166666666667,2.0346034,6.5301
2.0458333333333334,2.0369575,6.5301
2.0591666666666666,2.037349,6.5301
2.15,2.0499077,6.5301
2.2333333333333334,2.135591,6.5301
2.322083333333333,2.2142935,6.5301
2.3241666666666667,2.2982237,6.5301
2.3216666666666668,2.300196,6.5301
2.32625,2.2978275,6.5301
2.3262500000000004,2.30217,6.5301
2.2325,2.30217,6.5301
2.151666666666667,2.213507,6.5301
2.0875,2.1371644,6.5301
1.9787499999999998,2.0766208,6.5301
1.9220833333333331,1.9742312,6.5301
1.9029166666666668,1.9213078,6.5301
1.8933333333333335,1.903652,6.5301
1.8925,1.8948376,6.5301
1.88375,1.8940713,6.5301
1.8829166666666666,1.8860226,6.5301
1.8866666666666667,1.8852575,6.5301
1.8816666666666666,1.888707,6.5301
1.8875,1.8841075,6.5301
1.8883333333333334,1.8894721,6.5301
1.9054166666666668,1.8902395,6.5301
1.9941666666666666,1.9059516,6.5301
2.0833333333333335,1.988722,6.5301
2.0966666666666667,2.0726907,6.5301
2.1141666666666667,2.0852664,6.5301
2.1254166666666667,2.101776,6.5301
2.2195833333333335,2.1123905,6.5301
2.3066666666666666,2.201308,6.5301
2.41,2.2836242,6.5301
2.5141666666666667,2.3815129,6.5301
2.6300000000000003,2.480387,6.5301
2.7325,2.5923684,6.5301
2.894166666666667,2.6925526,6.5301
3.2954166666666667,2.851382,6.5301
3.6641666666666666,3.2532167,6.5301
3.7312500000000006,3.6261244,6.5301
3.7325,3.6956377,6.5301
3.72625,3.6969328,6.5301
3.735,3.6904473,6.5301
3.7374999999999994,3.6995273,6.5301
3.7325,3.7021227,6.5301
3.7387499999999996,3.6969328,6.5301
3.7362499999999996,3.7034206,6.5301
3.7379166666666666,3.7008257,6.5301
3.7379166666666666,3.702555,6.5301
3.729583333333333,3.702555,6.5301
3.78375,3.6939065,6.5301
3.8345833333333332,3.7501347,6.5301
3.8387500000000006,3.8028483,6.5301
3.8675,3.807168,6.5301
3.9266666666666663,3.8369753,6.5301
3.9412499999999997,3.898372,6.5301
3.9308333333333336,3.9135146,6.5301
3.9225,3.9026983,6.5301
3.9000000000000004,3.8940454,6.5301
3.9175000000000004,3.8706887,6.5301
3.8425,3.8888552,6.5301
4.013333333333334,3.811055,6.5301
4.39,3.9882834,6.5301
4.497916666666666,4.378918,6.5301
4.507499999999999,4.4913735,6.5301
4.51375,4.501363,6.5301
4.513333333333333,4.507879,6.5301
4.510000000000001,4.5074444,6.5301
4.508333333333334,4.5039687,6.5301
4.51125,4.502232,6.5301
4.515,4.5052733,6.5301
4.5062500000000005,4.509183,6.5301
4.5075,4.5000587,6.5301
4.520833333333333,4.501363,6.5301
4.472083333333333,4.515262,6.5301
4.4191666666666665,4.464446,6.5301
4.4383333333333335,4.409247,6.5301
4.445833333333333,4.4292493,6.5301
4.41375,4.437075,6.5301
4.462083333333333,4.4036098,6.5301
4.515833333333333,4.454025,6.5301
4.569166666666667,4.510049,6.5301
4.601249999999999,4.5656614,6.5301
4.599166666666666,4.599135,6.5301
4.597499999999999,4.596955,6.5301
4.374583333333333,4.595212,6.5301
3.8670833333333334,4.362893,6.5301
3.7845833333333334,3.8365448,6.5301
3.7758333333333334,3.7510006,6.5301
3.7762500000000006,3.7419157,6.5301
3.77125,3.7423491,6.5301
3.7704166666666663,3.7371576,6.5301
3.775,3.7362912,6.5301
3.7699999999999996,3.7410498,6.5301
3.77125,3.7358594,6.5301
3.7754166666666666,3.7371576,6.5301
3.7741666666666664,3.7414825,6.5301
3.7725000000000004,3.7401843,6.5301
3.762916666666667,3.7384553,6.5301
3.785,3.7285056,6.5301
3.7691666666666666,3.7514343,6.5301
3.762916666666667,3.7349946,6.5301
3.7291666666666665,3.7285056,6.5301
3.7091666666666665,3.6934736,6.5301
3.688333333333333,3.6727207,6.5301
3.63125,3.6511064,6.5301
3.608333333333333,3.5927413,6.5301
3.592916666666667,3.5695128,6.5301
3.65875,3.553891,6.5301
3.8091666666666666,3.6206288,6.5301
4.0200000000000005,3.7764997,6.5301
4.36875,3.995187,6.5301
4.5675,4.3568306,6.5301
4.564166666666666,4.5639234,6.5301
4.572916666666667,4.560447,6.5301
4.569999999999999,4.5695724,6.5301
4.567916666666666,4.5665307,6.5301
4.567083333333334,4.5643578,6.5301
4.5675,4.563489,6.5301
4.566666666666666,4.5639234,6.5301
4.5633333333333335,4.5630536,6.5301
4.577916666666666,4.5595775,6.5301
4.60375,4.574788,6.5301
4.607916666666667,4.60175,6.5301
4.63375,4.606107,6.5301
4.630833333333333,4.6331344,6.5301
4.636666666666667,4.6300817,6.5301
4.596666666666667,4.636184,6.5301
4.564583333333333,4.5943437,6.5301
4.572916666666667,4.560882,6.5301
4.573333333333333,4.5695724,6.5301
4.574583333333333,4.570007,6.5301
4.5687500000000005,4.5713115,6.5301
4.4991666666666665,4.5652285,6.5301
4.5441666666666665,4.492675,6.5301
4.272083333333334,4.5395927,6.5301
4.114999999999999,4.2564864,6.5301
4.155833333333333,4.0936484,6.5301
4.177499999999999,4.1359057,6.5301
4.192083333333334,4.1583586,6.5301
4.207083333333333,4.1734824,6.5301
4.224583333333333,4.189047,6.5301
4.234583333333333,4.2072077,6.5301
4.250416666666667,4.2175803,6.5301
4.250416666666667,4.2340045,6.5301
4.157916666666667,4.2340045,6.5301
4.051666666666667,4.138064,6.5301
4.0325,4.027996,6.5301
4.161666666666666,4.0081363,6.5301
4.422083333333333,4.141949,6.5301
4.735833333333333,4.412291,6.5301
5.05875,4.7399735,6.5301
5.360833333333333,5.0772066,6.5301
5.760833333333333,5.39338,6.5301
6.322083333333334,5.7926507,6.5301
7.03,6.334952,6.5301
7.87875,6.9989476,6.5301
8.34625,7.7888694,6.5301
7.963333333333334,8.219614,6.5301
7.805833333333333,7.866616,6.5301
7.77,7.7220035,6.5301
7.729166666666667,7.6888723,6.5301
7.707916666666667,7.650963,6.5301
7.703333333333333,7.6312213,6.5301
7.688333333333333,7.6269565,6.5301
7.68625,7.6129937,6.5301
7.676666666666667,7.6110525,6.5301
7.666250000000001,7.602135,6.5301
7.657916666666668,7.5924425,6.5301
7.650833333333334,7.58469,6.5301
7.798749999999999,7.5781007,6.5301
8.137083333333333,7.7155075,6.5301
8.324583333333335,8.026606,6.5301
8.386666666666667,8.199605,6.5301
8.312916666666666,8.256955,6.5301
7.953333333333333,8.188831,6.5301
7.596666666666667,7.857405,6.5301
7.1379166666666665,7.527734,6.5301
6.524166666666667,7.0995197,6.5301
5.793333333333334,6.5245247,6.5301
4.8225,5.8246603,6.5301
3.933333333333333,4.8308244,6.5301
3.8245833333333334,3.9052935,6.5301
3.8279166666666664,3.7924795,6.5301
3.8258333333333336,3.7959359,6.5301
3.8329166666666663,3.7937763,6.5301
3.831666666666667,3.8011203,6.5301
3.8358333333333334,3.7998247,6.5301
3.845833333333333,3.8041453,6.5301
3.8366666666666673,3.8145103,6.5301
3.8370833333333336,3.8050072,6.5301
3.839166666666667,3.805441,6.5301
3.8558333333333334,3.8076,6.5301
3.9554166666666664,3.8248804,6.5301
3.8983333333333334,3.9282267,6.5301
3.5570833333333334,3.8689594,6.5301
3.205833333333333,3.5175998,6.5301
2.8799999999999994,3.1628287,6.5301
2.669166666666667,2.8374505,6.5301
2.7216666666666662,2.6305773,6.5301
2.7720833333333332,2.681927,6.5301
2.878333333333334,2.73139,6.5301
3.5708333333333333,2.8358119,6.5301
4.236666666666667,3.531522,6.5301
4.940833333333333,4.219741,6.5301
5.697500000000001,4.9547563,6.5301
6.448333333333333,5.730204,6.5301
7.1187499999999995,6.453312,6.5301
7.2700000000000005,7.0816646,6.5301
7.266249999999999,7.2227073,6.5301
7.2625,7.2192054,6.5301
7.260416666666667,7.215707,6.5301
7.257916666666667,7.213761,6.5301
7.2525,7.2114277,6.5301
7.253749999999999,7.2063727,6.5301
7.253333333333334,7.207537,6.5301
7.25,7.2071495,6.5301
7.379583333333333,7.2040377,6.5301
7.822916666666667,7.3250813,6.5301
8.128333333333334,7.737667,6.5301
8.395833333333334,8.018544,6.5301
8.6425,8.2654295,6.5301
8.849583333333333,8.4932165,6.5301
9.065416666666666,8.685454,6.5301
9.286666666666667,8.886506,6.5301
9.460833333333333,9.093491,6.5301
9.055833333333334,9.256893,6.5301
8.954166666666667,8.877553,6.5301
8.942083333333334,8.782675,6.5301
8.946666666666667,8.771435,6.5301
8.958333333333334,8.775699,6.5301
9.033333333333333,8.786551,6.5301
9.37,8.856541,6.5301
9.48625,9.171637,6.5301
9.5025,9.280774,6.5301
9.503333333333332,9.296047,6.5301
9.505833333333333,9.296831,6.5301
9.518333333333333,9.29918,6.5301
9.519166666666667,9.310931,6.5301
9.526666666666666,9.311715,6.5301
9.5375,9.318767,6.5301
9.454583333333334,9.328954,6.5301
9.34875,9.25102,6.5301
9.404583333333333,9.151712,6.5301
9.4425,9.204078,6.5301
9.4575,9.239671,6.5301
9.502083333333333,9.253761,6.5301
9.540000000000001,9.295655,6.5301
9.549583333333333,9.331305,6.5301
9.569999999999999,9.340322,6.5301
9.669583333333334,9.3595295,6.5301
9.73375,9.453249,6.5301
9.735833333333334,9.513494,6.5301
9.727083333333333,9.51545,6.5301
9.657083333333333,9.507234,6.5301
9.530833333333334,9.441508,6.5301
9.396666666666667,9.322683,6.5301
9.278333333333334,9.196651,6.5301
9.26625,9.085679,6.5301
9.26,9.074356,6.5301
9.2525,9.0685005,6.5301
9.2425,9.061474,6.5301
9.242500000000001,9.052104,6.5301
9.230833333333333,9.052104,6.5301
9.221666666666666,9.041179,6.5301
9.288333333333334,9.032595,6.5301
9.349583333333333,9.095051,6.5301
9.252083333333333,9.1524935,6.5301
9.20875,9.061083,6.5301
9.194166666666668,9.020507,6.5301
9.196250000000001,9.006863,6.5301
9.162916666666666,9.008812,6.5301
9.146666666666667,8.977633,6.5301
9.1275,8.962439,6.5301
9.027916666666666,8.944525,6.5301
8.662916666666666,8.851484,6.5301
8.437916666666666,8.5121,6.5301
8.409583333333334,8.304318,6.5301
8.372916666666667,8.278142,6.5301
8.384166666666667,8.24425,6.5301
8.272499999999999,8.254646,6.5301
8.271666666666667,8.1515255,6.5301
8.275,8.150756,6.5301
8.273750000000001,8.1538315,6.5301
8.275,8.152679,6.5301
8.27375,8.1538315,6.5301
8.275833333333333,8.152679,6.5301
8.279166666666667,8.154602,6.5301
8.274583333333334,8.157679,6.5301
8.199583333333333,8.153448,6.5301
8.03875,8.08424,6.5301
8.026666666666666,7.936071,6.5301
8.031666666666666,7.9249387,6.5301
8.004166666666666,7.9295435,6.5301
7.969583333333333,7.904218,6.5301
7.9695833333333335,7.8723736,6.5301
7.96375,7.8723736,6.5301
8.16375,7.866998,6.5301
8.548333333333334,8.051175,6.5301
8.928749999999999,8.406258,6.5301
9.57,8.759036,6.5301
9.994166666666667,9.3595295,6.5301
10.2775,9.755561,6.5301
10.184583333333332,10.018417,6.5301
9.976666666666667,9.932196,6.5301
9.985833333333334,9.739332,6.5301
9.990833333333333,9.747833,6.5301
10.001666666666667,9.752468,6.5301
10.002916666666666,9.762517,6.5301
10.012916666666667,9.763677,6.5301
10.017083333333334,9.772949,6.5301
10.02,9.776815,6.5301
10.012083333333333,9.779522,6.5301
9.88,9.772178,6.5301
9.747916666666667,9.649728,6.5301
10.00625,9.526795,6.5301
10.007083333333334,9.7667675,6.5301
9.70875,9.767539,6.5301
9.370416666666667,9.49002,6.5301
9.052083333333334,9.172028,6.5301
8.755833333333333,8.874049,6.5301
8.235416666666667,8.598149,6.5301
7.598333333333334,8.117318,6.5301
6.947916666666667,7.529283,6.5301
5.876666666666666,6.922317,6.5301
4.812916666666666,5.9065547,6.5301
3.8754166666666667,4.8207774,6.5301
3.324583333333333,3.845185,6.5301
3.290416666666667,3.2826293,6.5301
3.2841666666666662,3.2481725,6.5301
3.2691666666666666,3.2418675,6.5301
3.2566666666666673,3.2267373,6.5301
3.2525,3.2141302,6.5301
3.2412500000000004,3.2099254,6.5301
3.2329166666666667,3.1985688,6.5301
3.2245833333333334,3.1901588,6.5301
3.214166666666667,3.1817489,6.5301
3.19875,3.1712372,6.5301
2.9883333333333337,3.155682,6.5301
2.46375,2.944301,6.5301
2.1820833333333334,2.4324539,6.5301
2.2354166666666666,2.1658838,6.5301
2.237083333333333,2.2162604,6.5301
2.2370833333333335,2.2178338,6.5301
2.2425,2.2178338,6.5301
2.24125,2.22295,6.5301
2.1533333333333333,2.221769,6.5301
2.0608333333333335,2.1387386,6.5301
1.96375,2.0514774,6.5301
1.8629166666666668,1.960137,6.5301
1.8633333333333333,1.8671461,6.5301
1.865,1.8675205,6.5301
1.8654166666666667,1.869022,6.5301
1.86125,1.869397,6.5301
1.8650000000000002,1.8656443,6.5301
1.86625,1.869022,6.5301
1.8654166666666667,1.8701485,6.5301
1.8687500000000001,1.869397,6.5301
1.8604166666666668,1.8724005,6.5301
1.8645833333333333,1.864893,6.5301
1.8858333333333333,1.8686454,6.5301
2.21375,1.88794,6.5301
2.82875,2.1957974,6.5301
3.3370833333333336,2.7870643,6.5301
3.622916666666667,3.2952344,6.5301
3.9,3.584293,6.5301
4.239166666666667,3.8706887,6.5301
4.587083333333333,4.2223344,6.5301
4.94,4.584348,6.5301
5.252916666666667,4.9538836,6.5301
5.564583333333334,5.2811832,6.5301
5.890416666666667,5.598812,6.5301
6.3758333333333335,5.919937,6.5301
7.115416666666667,6.385374,6.5301
7.8175,7.0785604,6.5301
8.468333333333332,7.7327013,6.5301
8.642083333333334,8.332383,6.5301
8.675416666666667,8.49283,6.5301
8.685416666666667,8.523663,6.5301
8.681666666666667,8.532917,6.5301
8.6825,8.529447,6.5301
8.685,8.530217,6.5301
8.68875,8.532531,6.5301
8.681666666666667,8.536001,6.5301
8.680416666666666,8.529447,6.5301
8.44875,8.528288,6.5301
8.154166666666667,8.314312,6.5301
7.914166666666667,8.042343,6.5301
7.91,7.8213797,6.5301
7.929583333333333,7.81755,6.5301
7.945,7.835552,6.5301
7.9558333333333335,7.849727,6.5301
7.95,7.8597074,6.5301
7.945833333333334,7.854333,6.5301
7.958749999999999,7.8504977,6.5301
7.9629166666666675,7.8623953,6.5301
8.036666666666667,7.8662324,6.5301
8.033333333333333,7.934151,6.5301
7.995416666666666,7.9310803,6.5301
7.971666666666667,7.896161,6.5301
7.901666666666667,7.8742948,6.5301
7.872083333333332,7.8098974,6.5301
7.865416666666666,7.782752,6.5301
7.8687499999999995,7.776638,6.5301
7.863333333333333,7.779696,6.5301
7.860833333333333,7.7747273,6.5301
7.865416666666666,7.7724338,6.5301
7.865416666666666,7.776638,6.5301
7.864999999999999,7.776638,6.5301
7.8675,7.7762537,6.5301
7.829583333333333,7.7785473,6.5301
7.8254166666666665,7.743779,6.5301
7.81,7.739958,6.5301
7.767083333333333,7.725824,6.5301
7.732916666666667,7.6861625,6.5301
7.705000000000001,7.6544423,6.5301
7.708749999999999,7.6285067,6.5301
7.723749999999999,7.6319995,6.5301
7.715416666666666,7.645935,6.5301
7.6933333333333325,7.6382017,6.5301
7.531666666666666,7.6176476,6.5301
7.46875,7.467352,6.5301
7.450833333333333,7.4084797,6.5301
7.318749999999999,7.3917117,6.5301
7.334583333333334,7.268237,6.5301
7.382083333333334,7.283034,6.5301
7.39125,7.3274183,6.5301
7.4075,7.3359876,6.5301
7.425833333333333,7.3511815,6.5301
7.430833333333333,7.368325,6.5301
7.44125,7.373001,6.5301
7.459583333333334,7.382746,6.5301
7.47,7.399901,6.5301
7.491666666666667,7.4096475,6.5301
7.551666666666667,7.4299293,6.5301
7.5370833333333325,7.485924,6.5301
7.532083333333333,7.472379,6.5301
7.527083333333333,7.467738,6.5301
7.53,7.4630933,6.5301
7.5129166666666665,7.465804,6.5301
7.477916666666666,7.449828,6.5301
7.483333333333334,7.417058,6.5301
7.509583333333334,7.422128,6.5301
7.549166666666667,7.446706,6.5301
7.672916666666667,7.4836035,6.5301
7.7508333333333335,7.598647,6.5301
7.766666666666667,7.671073,6.5301
7.9175,7.6857753,6.5301
8.004583333333333,7.8244433,6.5301
7.972083333333333,7.904603,6.5301
7.969583333333333,7.874676,6.5301
7.969166666666667,7.8723736,6.5301
7.9629166666666675,7.8719897,6.5301
7.9695833333333335,7.8662324,6.5301
7.972083333333334,7.8723736,6.5301
7.967916666666667,7.874676,6.5301
7.989583333333333,7.8708377,6.5301
8.034583333333332,7.8907905,6.5301
8.07,7.9322314,6.5301
8.107916666666666,7.9648523,6.5301
8.11875,7.999741,6.5301
8.134583333333333,8.009717,6.5301
8.219583333333333,8.024302,6.5301
8.276666666666666,8.102705,6.5301
8.301250000000001,8.155371,6.5301
8.145416666666668,8.1780615,6.5301
7.920416666666667,8.034282,6.5301
7.702916666666667,7.827125,6.5301
7.714166666666666,7.6265655,6.5301
7.825,7.6370416,6.5301
8.340000000000002,7.739576,6.5301
8.653333333333334,8.2138405,6.5301
8.680833333333334,8.503236,6.5301
8.777083333333334,8.528676,6.5301
8.785,8.6178665,6.5301
8.785833333333334,8.625265,6.5301
8.782083333333334,8.626044,6.5301
8.778333333333334,8.622539,6.5301
8.767083333333334,8.619035,6.5301
8.762500000000001,8.608582,6.5301
8.712083333333334,8.604331,6.5301
8.561250000000001,8.557596,6.5301
8.185833333333333,8.41819,6.5301
7.879583333333334,8.0715475,6.5301
7.532083333333333,7.789632,6.5301
7.179166666666667,7.467738,6.5301
6.780416666666667,7.137964,6.5301
6.4195833333333345,6.765179,6.5301
6.087916666666666,6.426462,6.5301
5.923750000000001,6.111187,6.5301
5.905833333333334,5.952206,6.5301
5.875,5.93486,6.5301
5.447500000000001,5.904927,6.5301
4.6850000000000005,5.481348,6.5301
3.507916666666667,4.686762,6.5301
2.5595833333333333,3.4678633,6.5301
2.3320833333333337,2.5241337,6.5301
2.2158333333333333,2.3076942,6.5301
2.2025,2.1977654,6.5301
2.1945833333333336,2.1851687,6.5301
2.1975000000000002,2.177691,6.5301
2.19625,2.1804445,6.5301
2.1966666666666668,2.1792655,6.5301
2.19,2.1796587,6.5301
2.1991666666666667,2.173362,6.5301
2.1975,2.1820195,6.5301
2.197083333333333,2.1804445,6.5301
2.2241666666666666,2.1800525,6.5301
2.3020833333333335,2.2056375,6.5301
2.3925,2.2792838,6.5301
2.3845833333333335,2.364934,6.5301
2.36875,2.3574357,6.5301
2.361666666666667,2.3424337,6.5301
2.36,2.3357203,6.5301
2.2658333333333336,2.3341424,6.5301
2.1758333333333333,2.2449899,6.5301
2.0791666666666666,2.1599815,6.5301
1.99,2.0687628,6.5301
1.9908333333333335,1.984802,6.5301
1.991666666666667,1.9855868,6.5301
1.9858333333333331,1.9863714,6.5301
1.9883333333333335,1.9808866,6.5301
1.99,1.9832363,6.5301
1.9908333333333335,1.984802,6.5301
1.9895833333333333,1.9855868,6.5301
1.9845833333333334,1.984411,6.5301
1.985,1.9797119,6.5301
1.9933333333333334,1.9801042,6.5301
2.007916666666667,1.9879378,6.5301
2.1504166666666666,2.0016613,6.5301
2.2704166666666667,2.1359844,6.5301
2.30125,2.2493203,6.5301
2.345833333333333,2.2784944,6.5301
2.3937500000000003,2.3207197,6.5301
2.4920833333333334,2.3661172,6.5301
2.5991666666666666,2.459363,6.5301
2.700416666666667,2.562453,6.5301
2.825416666666667,2.6611032,6.5301
3.057916666666667,2.7837892,6.5301
3.560833333333333,3.0139859,6.5301
4.097916666666667,3.5213966,6.5301
4.681666666666667,4.075935,6.5301
5.2612499999999995,4.6832724,6.5301
5.789583333333333,5.289897,6.5301
6.232916666666667,5.820969,6.5301
6.236249999999999,6.2511415,6.5301
6.242916666666666,6.2542763,6.5301
6.24625,6.2605467,6.5301
6.246666666666666,6.2636814,6.5301
6.251249999999999,6.264073,6.5301
6.255416666666666,6.268382,6.5301
6.254583333333334,6.2723045,6.5301
6.2625,6.271518,6.5301
6.21375,6.2789674,6.5301
6.195416666666667,6.2329926,6.5301
6.21875,6.215313,6.5301
6.259166666666666,6.2377944,6.5301
6.23,6.2758307,6.5301
6.241666666666667,6.2483997,6.5301
6.278333333333332,6.2593703,6.5301
6.301666666666666,6.293865,6.5301
6.300833333333333,6.3158045,6.5301
6.195,6.3150234,6.5301
5.897916666666666,6.2149086,6.5301
5.891666666666667,5.9271965,6.5301
5.9070833333333335,5.9211464,6.5301
5.878333333333334,5.936071,6.5301
5.877916666666667,5.9081807,6.5301
5.55875,5.9077735,6.5301
5.56375,5.593002,6.5301
5.557083333333334,5.597982,6.5301
5.555,5.5913424,6.5301
5.55875,5.5892663,6.5301
5.552499999999999,5.593002,6.5301
5.553333333333334,5.5867763,6.5301
5.555416666666667,5.587606,6.5301
5.549583333333334,5.5896816,6.5301
5.646666666666667,5.5838714,6.5301
5.671250000000001,5.6801896,6.5301
5.657083333333333,5.7043676,6.5301
5.639166666666667,5.690434,6.5301
5.694583333333334,5.6728144,6.5301
5.725416666666667,5.7273293,6.5301
5.725833333333333,5.7577267,6.5301
5.706666666666667,5.7581367,6.5301
5.694583333333334,5.7392397,6.5301
5.682916666666667,5.7273293,6.5301
5.899583333333332,5.715846,6.5301
6.044583333333333,5.928809,6.5301
6.518750000000001,6.0692163,6.5301
6.84125,6.519432,6.5301
7.101666666666667,6.8222456,6.5301
7.5995833333333325,7.0657563,6.5301
7.603333333333333,7.5304456,6.5301
7.604166666666667,7.533931,6.5301
7.605833333333334,7.5347066,6.5301
7.607916666666667,7.536257,6.5301
7.613333333333333,7.5381923,6.5301
7.612916666666667,7.543227,6.5301
7.614999999999999,7.54284,6.5301
7.621666666666667,7.5447774,6.5301
7.545416666666667,7.5509753,6.5301
7.6925,7.480121,6.5301
7.753333333333334,7.616871,6.5301
7.734166666666667,7.6733956,6.5301
7.704583333333333,7.655603,6.5301
7.6825,7.628119,6.5301
7.665416666666668,7.607564,6.5301
7.683333333333334,7.591668,6.5301
7.673749999999999,7.6083384,6.5301
7.970833333333332,7.5994205,6.5301
8.079166666666667,7.8735256,6.5301
7.928333333333334,7.9732847,6.5301
7.376666666666666,7.834402,6.5301
6.9624999999999995,7.322355,6.5301
6.60125,6.93593,6.5301
6.1312500000000005,6.596982,6.5301
6.130416666666666,6.153188,6.5301
6.135000000000001,6.1523805,6.5301
6.13,6.1568317,6.5301
6.1308333333333325,6.151975,6.5301
6.13625,6.152784,6.5301
6.132916666666667,6.158045,6.5301
6.13375,6.154808,6.5301
6.131666666666667,6.1556168,6.5301
6.2316666666666665,6.153593,6.5301
6.2387500000000005,6.249966,6.5301
6.184583333333333,6.256628,6.5301
6.173749999999999,6.204837,6.5301
6.1745833333333335,6.1943636,6.5301
6.162916666666668,6.1951694,6.5301
6.16125,6.1838913,6.5301
6.136666666666667,6.1822805,6.5301
6.155,6.158449,6.5301
6.175000000000001,6.17624,6.5301
6.204583333333333,6.195571,6.5301
6.265416666666667,6.2241774,6.5301
6.320833333333334,6.281711,6.5301
6.364166666666667,6.333779,6.5301
6.420416666666667,6.3744326,6.5301
6.545000000000001,6.4272404,6.5301
6.532916666666668,6.5440993,6.5301
6.5254166666666675,6.532746,6.5301
6.524166666666667,6.5257,6.5301
6.5125,6.5245247,6.5301
6.505,6.5135546,6.5301
6.503333333333333,6.5065026,6.5301
6.49125,6.504937,6.5301
6.467083333333334,6.493578,6.5301
6.247916666666666,6.470865,6.5301
5.96875,6.265248,6.5301
5.843333333333333,5.9957986,6.5301
5.747916666666668,5.873882,6.5301
5.682916666666667,5.7799115,6.5301
5.630833333333334,5.715846,6.5301
5.516666666666667,5.664621,6.5301
5.421250000000001,5.551093,6.5301
5.302083333333333,5.4548626,6.5301
4.962916666666667,5.332438,6.5301
4.522083333333334,4.9778247,6.5301
4.90625,4.516568,6.5301
5.896666666666667,4.918635,6.5301
6.735833333333333,5.9259863,6.5301
6.382916666666667,6.7233925,6.5301
6.103333333333334,6.3920302,6.5301
6.11,6.126125,6.5301
6.11375,6.1325846,6.5301
6.109166666666667,6.136219,6.5301
6.110416666666667,6.131778,6.5301
6.111249999999999,6.13299,6.5301
6.111666666666667,6.133797,6.5301
6.117083333333333,6.134201,6.5301
6.111249999999999,6.13945,6.5301
6.114999999999999,6.133797,6.5301
6.122083333333333,6.137432,6.5301
6.284166666666668,6.1442957,6.5301
6.413333333333333,6.299354,6.5301
6.485416666666667,6.42062,6.5301
6.500416666666666,6.488094,6.5301
6.60625,6.502194,6.5301
6.641666666666667,6.601685,6.5301
6.647500000000001,6.635008,6.5301
6.559166666666667,6.6404977,6.5301
6.434583333333333,6.557414,6.5301
5.472916666666666,6.4404683,6.5301
3.907083333333334,5.5070114,6.5301
2.5620833333333337,3.8780408,6.5301
2.4287500000000004,2.5265522,6.5301
2.4308333333333336,2.3992805,6.5301
2.4400000000000004,2.401254,6.5301
2.4362500000000002,2.4099407,6.5301
2.438333333333334,2.406387,6.5301
2.4458333333333333,2.408362,6.5301
2.44,2.4154692,6.5301
2.447916666666667,2.4099407,6.5301
2.4458333333333337,2.4174438,6.5301
2.4737500000000003,2.4154692,6.5301
2.8208333333333333,2.4419327,6.5301
3.3658333333333332,2.7792852,6.5301
3.755416666666667,3.3242166,6.5301
4.1725,3.7207193,6.5301
4.568333333333333,4.153178,6.5301
4.655833333333334,4.564792,6.5301
4.722500000000001,4.65624,6.5301
4.815416666666667,4.7260118,6.5301
4.914583333333334,4.823398,6.5301
5.029166666666668,4.9273367,6.5301
5.168333333333334,5.046436,6.5301
5.628333333333334,5.192398,6.5301
6.428333333333335,5.6621633,6.5301
6.674166666666667,6.4346313,6.5301
6.687083333333334,6.665602,6.5301
6.689583333333334,6.6777267,6.5301
6.677916666666666,6.6800666,6.5301
6.765416666666667,6.6691346,6.5301
6.9316666666666675,6.7511163,6.5301
7.089166666666667,6.9071403,6.5301
7.259583333333333,7.0541124,6.5301
7.416666666666667,7.212982,6.5301
7.582916666666667,7.359752,6.5301
7.74125,7.5149555,6.5301
7.789583333333334,7.6621757,6.5301
7.6691666666666665,7.7070546,6.5301
7.456666666666667,7.5951567,6.5301
7.267916666666667,7.397172,6.5301
7.144166666666667,7.2207613,6.5301
7.34,7.1053424,6.5301
7.511666666666667,7.288094,6.5301
7.722083333333333,7.448656,6.5301
7.93625,7.6443887,6.5301
8.154583333333333,7.841682,6.5301
8.394583333333333,8.042727,6.5301
8.580833333333333,8.264274,6.5301
8.72875,8.43628,6.5301
9.09625,8.573041,6.5301
9.305833333333334,8.915319,6.5301
9.512083333333335,9.111459,6.5301
9.677916666666667,9.305056,6.5301
9.754166666666666,9.461072,6.5301
9.758333333333333,9.532662,6.5301
9.765,9.536578,6.5301
9.767083333333334,9.5428295,6.5301
9.765416666666667,9.544781,6.5301
9.769166666666667,9.5432205,6.5301
9.773750000000001,9.54673,6.5301
9.899166666666668,9.551021,6.5301
10.328333333333335,9.667516,6.5301
10.609166666666667,10.065649,6.5301
10.570833333333335,10.325052,6.5301
10.515833333333335,10.289479,6.5301
10.521666666666667,10.238639,6.5301
10.510416666666668,10.24403,6.5301
10.495000000000001,10.233633,6.5301
10.49125,10.219389,6.5301
10.476666666666668,10.215925,6.5301
10.5325,10.2024555,6.5301
10.56125,10.25404,6.5301
10.340833333333334,10.280615,6.5301
10.351666666666668,10.077213,6.5301
10.382916666666667,10.087191,6.5301
10.420833333333334,10.115977,6.5301
10.464166666666667,10.150936,6.5301
10.475833333333334,10.190911,6.5301
10.474166666666667,10.201684,6.5301
10.473333333333334,10.200147,6.5301
10.471250000000001,10.199378,6.5301
10.469166666666666,10.1974535,6.5301
10.46625,10.195529,6.5301
10.465000000000002,10.192837,6.5301
10.425,10.191682,6.5301
10.33125,10.154778,6.5301
10.315,10.068362,6.5301
10.315833333333332,10.053254,6.5301
10.2825,10.054029,6.5301
10.285833333333333,10.023058,6.5301
10.317916666666667,10.026152,6.5301
10.316250000000002,10.055966,6.5301
10.298333333333334,10.054417,6.5301
10.313333333333334,10.037766,6.5301
10.404166666666667,10.051706,6.5301
10.475,10.135568,6.5301
10.469166666666668,10.200916,6.5301
10.498333333333333,10.195529,6.5301
10.870416666666666,10.222469,6.5301
10.9125,10.5679865,6.5301
10.709583333333333,10.607166,6.5301
10.534583333333332,10.418334,6.5301
10.374166666666666,10.255966,6.5301
10.207083333333333,10.107913,6.5301
10.047083333333335,9.953072,6.5301
9.886666666666667,9.80465,6.5301
9.725833333333332,9.655916,6.5301
9.565,9.506059,6.5301
9.504166666666666,9.354825,6.5301
9.362916666666667,9.297615,6.5301
9.362916666666667,9.164995,6.5301
9.642916666666666,9.164995,6.5301
9.923333333333334,9.428167,6.5301
9.736666666666666,9.6899,6.5301
9.479166666666666,9.5162325,6.5301
9.262083333333335,9.2741165,6.5301
9.069583333333334,9.070451,6.5301
9.075416666666667,8.890399,6.5301
8.936666666666666,8.895851,6.5301
8.84625,8.766398,6.5301
8.707916666666666,8.682357,6.5301
8.276666666666667,8.553738,6.5301
7.8675,8.155371,6.5301
7.617916666666666,7.7785473,6.5301
7.676666666666667,7.547489,6.5301
7.694583333333334,7.602135,6.5301
7.687916666666666,7.6188107,6.5301
7.685,7.612606,6.5301
7.680416666666666,7.60989,6.5301
7.682083333333334,7.605624,6.5301
7.6745833333333335,7.607176,6.5301
7.651250000000001,7.6001964,6.5301
7.227083333333334,7.5784883,6.5301
6.604166666666667,7.1826515,6.5301
6.041666666666667,6.5997252,6.5301
5.68,6.066394,6.5301
5.2925,5.7129745,6.5301
5.332916666666667,5.3224535,6.5301
5.427083333333333,5.3645635,6.5301
5.53125,5.4607415,6.5301
5.63375,5.5656133,6.5301
5.586666666666667,5.66749,6.5301
5.519166666666667,5.6208005,6.5301
5.212916666666667,5.5535827,6.5301
4.942083333333334,5.2392874,6.5301
4.940833333333334,4.9560604,6.5301
4.9262500000000005,4.9547563,6.5301
4.885833333333333,4.9395223,6.5301
4.824583333333334,4.897261,6.5301
4.808750000000001,4.8330097,6.5301
4.806666666666667,4.816407,6.5301
4.810833333333334,4.8142223,6.5301
4.812083333333334,4.818591,6.5301
4.81125,4.819902,6.5301
4.812083333333334,4.819029,6.5301
4.8125,4.819902,6.5301
4.8175,4.8203382,6.5301
4.817083333333334,4.825582,6.5301
4.9125000000000005,4.8251457,6.5301
4.959583333333334,4.925161,6.5301
5.149583333333333,4.974341,6.5301
5.1866666666666665,5.172669,6.5301
5.2275,5.211689,6.5301
5.274166666666667,5.254609,6.5301
5.331666666666667,5.303356,6.5301
5.314583333333334,5.3632617,6.5301
5.56,5.345462,6.5301
5.9775,5.5942454,6.5301
6.4175,6.0042777,6.5301
6.745833333333334,6.4245143,6.5301
6.7491666666666665,6.732762,6.5301
6.767916666666667,6.7358866,6.5301
6.774166666666667,6.753459,6.5301
6.787916666666667,6.7593193,6.5301
6.798333333333335,6.7722116,6.5301
6.803750000000001,6.7819805,6.5301
6.870833333333334,6.7870607,6.5301
7.092083333333334,6.8500156,6.5301
7.3183333333333325,7.0568323,6.5301
7.554583333333334,7.2678494,6.5301
7.972916666666667,7.488635,6.5301
8.442916666666667,7.875443,6.5301
8.65,8.30893,6.5301
8.68375,8.500153,6.5301
8.59625,8.531374,6.5301
8.460416666666667,8.450504,6.5301
8.3375,8.325078,6.5301
8.2125,8.211531,6.5301
8.121666666666668,8.096163,6.5301
8.463333333333333,8.0124035,6.5301
8.667499999999999,8.327768,6.5301
8.687083333333334,8.51634,6.5301
8.792916666666667,8.534459,6.5301
9.081249999999999,8.632664,6.5301
9.615833333333333,8.901303,6.5301
9.635416666666666,9.402667,6.5301
9.643749999999999,9.421105,6.5301
9.6525,9.428953,6.5301
9.669166666666667,9.437191,6.5301
9.68625,9.452861,6.5301
9.64,9.468894,6.5301
9.440000000000001,9.425421,6.5301
9.277916666666668,9.237322,6.5301
9.292083333333334,9.085289,6.5301
9.199166666666668,9.098567,6.5301
9.079166666666667,9.011541,6.5301
9.105833333333333,8.899355,6.5301
9.137916666666667,8.924275,6.5301
9.202916666666667,8.954262,6.5301
9.26,9.015051,6.5301
9.2925,9.0685005,6.5301
9.297500000000001,9.098957,6.5301
9.3425,9.103644,6.5301
9.446666666666667,9.145849,6.5301
9.411666666666667,9.243585,6.5301
9.817916666666667,9.210725,6.5301
10.279583333333333,9.592216,6.5301
10.729583333333332,10.0203495,6.5301
11.07875,10.436928,6.5301
11.09125,10.761804,6.5301
11.226666666666667,10.773445,6.5301
11.387500000000001,10.900463,6.5301
11.54625,11.052046,6.5301
11.708333333333334,11.202422,6.5301
11.864583333333336,11.355261,6.5301
12.024166666666666,11.502871,6.5301
12.165,11.654483,6.5301
12.323333333333332,11.788381,6.5301
12.635833333333332,11.939161,6.5301
12.96,12.229901,6.5301
12.99375,12.527652,6.5301
12.97625,12.558769,6.5301
12.945416666666668,12.542635,6.5301
12.930833333333334,12.51421,6.5301
12.927083333333334,12.500768,6.5301
12.917083333333336,12.497312,6.5301
12.819166666666666,12.488096,6.5301
12.457083333333332,12.397897,6.5301
12.238750000000001,12.063559,6.5301
11.773750000000001,11.858586,6.5301
11.311250000000001,11.416948,6.5301
10.710833333333333,10.980124,6.5301
10.14625,10.4194975,6.5301
10.104583333333334,9.896646,6.5301
9.958333333333334,9.858016,6.5301
9.782916666666667,9.722337,6.5301
9.609583333333333,9.559604,6.5301
9.429583333333335,9.396784,6.5301
9.261666666666667,9.22754,6.5301
9.084583333333333,9.070062,6.5301
8.894166666666667,8.904419,6.5301
8.51,8.726883,6.5301
8.0225,8.370849,6.5301
7.835416666666667,7.9211,6.5301
7.818333333333334,7.749126,6.5301
7.8175,7.7334676,6.5301
7.805,7.7327013,6.5301
7.792083333333333,7.7212386,6.5301
7.772916666666667,7.709376,6.5301
7.748333333333334,7.6915793,6.5301
7.756250000000001,7.668753,6.5301
7.742916666666667,7.676103,6.5301
7.7625,7.663723,6.5301
7.766666666666667,7.6819077,6.5301
7.6575,7.6857753,6.5301
7.6520833333333345,7.5843034,6.5301
7.7870833333333325,7.579263,6.5301
8.077083333333334,7.7047334,6.5301
8.082083333333335,7.971366,6.5301
8.090833333333334,7.975966,6.5301
8.091666666666667,7.9840174,6.5301
8.102083333333335,7.984784,6.5301
8.107916666666666,7.9943686,6.5301
8.119166666666667,7.999741,6.5301
8.124583333333334,8.010101,6.5301
8.350000000000001,8.01509,6.5301
8.622083333333334,8.223078,6.5301
8.606250000000001,8.474346,6.5301
8.554166666666667,8.459733,6.5301
8.561250000000001,8.411645,6.5301
8.56375,8.41819,6.5301
8.551666666666668,8.420499,6.5301
8.554166666666667,8.409337,6.5301
8.56625,8.411645,6.5301
8.571250000000001,8.422808,6.5301
8.567083333333334,8.427431,6.5301
8.600833333333334,8.423578,6.5301
8.631250000000001,8.454735,6.5301
8.656250000000002,8.482814,6.5301
8.628750000000002,8.505935,6.5301
8.56875,8.4805,6.5301
8.31,8.425118,6.5301
8.317916666666667,8.186138,6.5301
8.318750000000001,8.193447,6.5301
8.330833333333334,8.194218,6.5301
8.329166666666667,8.205375,6.5301
8.32625,8.203835,6.5301
8.328750000000001,8.201143,6.5301
8.330416666666668,8.203451,6.5301
8.097500000000002,8.204989,6.5301
7.685833333333335,7.9901514,6.5301
7.229583333333334,7.6106644,6.5301
7.277500000000001,7.1849847,6.5301
8.114583333333334,7.22971,6.5301
8.724583333333333,8.005881,6.5301
8.654166666666667,8.569179,6.5301
8.553333333333333,8.504005,6.5301
8.510000000000002,8.410875,6.5301
8.395833333333334,8.370849,6.5301
8.16,8.2654295,6.5301
7.71125,8.047718,6.5301
7.111666666666667,7.6343246,6.5301
6.44625,7.075068,6.5301
5.810000000000001,6.4513664,6.5301
5.220416666666667,5.841069,6.5301
5.1954166666666675,5.247166,6.5301
5.1883333333333335,5.2208977,6.5301
5.176666666666668,5.213444,6.5301
5.163750000000001,5.2011666,6.5301
5.163333333333334,5.187574,6.5301
5.1641666666666675,5.1871357,6.5301
5.150833333333334,5.1880136,6.5301
5.141666666666667,5.1739845,6.5301
5.132500000000001,5.1643367,6.5301
5.447083333333334,5.1546807,6.5301
6.0425,5.480926,6.5301
6.340833333333333,6.067199,6.5301
5.70375,6.3525424,6.5301
5.1312500000000005,5.736365,6.5301
5.325,5.1533637,6.5301
5.53125,5.3563147,6.5301
5.572500000000001,5.5656133,6.5301
5.572916666666667,5.606698,6.5301
5.479583333333334,5.607113,6.5301
5.375416666666667,5.5137434,6.5301
5.214166666666667,5.4083776,6.5301
5.123333333333334,5.2406006,6.5301
5.121250000000001,5.1450243,6.5301
5.117500000000001,5.142832,6.5301
5.1191666666666675,5.138881,6.5301
5.117500000000001,5.140635,6.5301
5.11875,5.138881,6.5301
5.121666666666667,5.140197,6.5301
5.121250000000001,5.1432695,6.5301
5.115,5.142832,6.5301
5.1191666666666675,5.136248,6.5301
5.122916666666668,5.140635,6.5301
5.142916666666667,5.144586,6.5301
5.2975,5.165654,6.5301
5.440833333333334,5.327662,6.5301
5.494583333333335,5.474616,6.5301
5.680833333333333,5.5288944,6.5301
6.004166666666667,5.7137957,6.5301
6.016666666666667,6.030097,6.5301
5.942916666666666,6.0421925,6.5301
5.969166666666667,5.97077,6.5301
6.092916666666667,5.996202,6.5301
6.4225,6.1160307,6.5301
6.967083333333334,6.4291844,6.5301
7.707916666666667,6.940209,6.5301
8.455,7.6312213,6.5301
9.1775,8.320079,6.5301
9.859166666666669,8.991274,6.5301
10.094583333333334,9.630393,6.5301
10.092500000000001,9.848734,6.5301
10.094583333333334,9.846801,6.5301
10.09125,9.848734,6.5301
10.082916666666668,9.84564,6.5301
10.089166666666666,9.837906,6.5301
10.085,9.843705,6.5301
10.119583333333335,9.839839,6.5301
10.32625,9.871923,6.5301
10.17125,10.063713,6.5301
9.88625,9.919828,6.5301
9.890833333333333,9.65553,6.5301
9.77625,9.659783,6.5301
9.490833333333335,9.553363,6.5301
9.347500000000002,9.285081,6.5301
9.311666666666667,9.15054,6.5301
9.307916666666667,9.116927,6.5301
9.276250000000001,9.113412,6.5301
9.270416666666668,9.083727,6.5301
9.145000000000001,9.078261,6.5301
9.082083333333333,8.960882,6.5301
9.07375,8.9020815,6.5301
9.047916666666667,8.894293,6.5301
9.024583333333334,8.870159,6.5301
8.897916666666665,8.848372,6.5301
8.912083333333333,8.73037,6.5301
8.925416666666667,8.743539,6.5301
8.933333333333334,8.755938,6.5301
8.950416666666667,8.7633,6.5301
8.954166666666667,8.779188,6.5301
8.971666666666668,8.782675,6.5301
8.947916666666666,8.798987,6.5301
8.96625,8.776862,6.5301
9.277083333333335,8.793936,6.5301
9.574583333333335,9.084509,6.5301
9.599583333333333,9.363842,6.5301
9.724583333333333,9.387373,6.5301
10.078333333333333,9.504886,6.5301
10.529166666666667,9.8336525,6.5301
10.9275,10.25096,6.5301
10.934166666666668,10.621105,6.5301
10.930416666666668,10.627301,6.5301
10.897083333333335,10.623816,6.5301
10.802916666666667,10.592823,6.5301
10.792499999999999,10.505142,6.5301
10.757083333333334,10.49545,6.5301
10.71625,10.462502,6.5301
10.537083333333333,10.424532,6.5301
10.517916666666666,10.258279,6.5301
10.511666666666668,10.240562,6.5301
10.507916666666667,10.234787,6.5301
10.50625,10.231324,6.5301
10.504583333333334,10.229784,6.5301
10.506666666666666,10.228244,6.5301
10.506666666666668,10.230168,6.5301
10.498333333333333,10.230168,6.5301
10.492916666666668,10.222469,6.5301
10.290833333333333,10.217467,6.5301
10.305416666666668,10.030797,6.5301
10.285416666666668,10.044348,6.5301
10.276250000000001,10.025764,6.5301
9.997916666666667,10.017256,6.5301
9.6075,9.759037,6.5301
9.2375,9.394822,6.5301
9.245416666666667,9.047422,6.5301
9.26375,9.054836,6.5301
9.288333333333334,9.072014,6.5301
9.315416666666666,9.095051,6.5301
9.343750000000002,9.120444,6.5301
9.364583333333334,9.147022,6.5301
9.375,9.166556,6.5301
9.529583333333333,9.176327,6.5301
9.722083333333332,9.321508,6.5301
9.715833333333334,9.502538,6.5301
9.700416666666667,9.49667,6.5301
9.695,9.482197,6.5301
9.684166666666666,9.477113,6.5301
9.667083333333334,9.466936,6.5301
9.655000000000001,9.450907,6.5301
9.649583333333334,9.439546,6.5301
9.635,9.434445,6.5301
9.82,9.420714,6.5301
9.79125,9.594142,6.5301
9.780833333333334,9.567406,6.5301
9.780000000000001,9.557653,6.5301
9.79125,9.556872,6.5301
9.735000000000001,9.567406,6.5301
9.709999999999999,9.514667,6.5301
9.694166666666668,9.491193,6.5301
9.691666666666668,9.476329,6.5301
9.70625,9.473982,6.5301
9.835416666666667,9.487673,6.5301
9.851666666666668,9.608394,6.5301
9.870833333333334,9.623434,6.5301
9.862916666666667,9.64122,6.5301
9.620833333333334,9.633875,6.5301
9.415833333333333,9.407375,6.5301
9.418750000000001,9.214633,6.5301
9.430833333333334,9.217372,6.5301
9.423750000000002,9.228713,6.5301
9.421666666666667,9.222063,6.5301
9.430416666666668,9.220107,6.5301
9.418333333333335,9.228324,6.5301
9.414166666666668,9.216979,6.5301
9.18875,9.21307,6.5301
8.571666666666667,9.001795,6.5301
7.824583333333334,8.427815,6.5301
7.142916666666667,7.7391944,6.5301
6.628750000000001,7.1041775,6.5301
6.376666666666668,6.622853,6.5301
6.51125,6.3861566,6.5301
6.62875,6.51238,6.5301
6.784583333333334,6.622853,6.5301
6.890000000000001,6.769087,6.5301
6.763333333333333,6.868015,6.5301
6.736250000000001,6.7491636,6.5301
6.6262500000000015,6.723782,6.5301
6.884583333333334,6.6205,6.5301
7.047083333333334,6.862928,6.5301
6.6925,7.014872,6.5301
6.611250000000001,6.6828003,6.5301
6.603333333333334,6.606388,6.5301
6.5945833333333335,6.598942,6.5301
6.595,6.5907125,6.5301
6.5945833333333335,6.5911045,6.5301
6.5895833333333345,6.5907125,6.5301
6.600833333333334,6.5860105,6.5301
6.600000000000001,6.596591,6.5301
6.599583333333334,6.595806,6.5301
6.604583333333334,6.595414,6.5301
6.59875,6.600116,6.5301
6.629583333333334,6.594631,6.5301
6.486666666666667,6.6236367,6.5301
6.325,6.4892697,6.5301
6.059166666666667,6.3376875,6.5301
5.810833333333334,6.083337,6.5301
5.529583333333334,5.8418903,6.5301
5.3012500000000005,5.563954,6.5301
5.085416666666667,5.331569,6.5301
4.626666666666668,5.1051145,6.5301
4.030833333333334,4.625722,6.5301
3.013333333333334,4.006409,6.5301
2.292500000000001,2.9693248,6.5301
2.255000000000001,2.270211,6.5301
2.2541666666666673,2.2347555,6.5301
2.2520833333333337,2.2339702,6.5301
2.2512500000000006,2.2320013,6.5301
2.2562500000000005,2.2312133,6.5301
2.2566666666666673,2.2359369,6.5301
2.252083333333334,2.2363303,6.5301
2.249583333333334,2.2320013,6.5301
2.25125,2.2296395,6.5301
2.274583333333334,2.2312133,6.5301
2.646666666666667,2.2532578,6.5301
3.127916666666667,2.6086254,6.5301
3.4025000000000003,3.084247,6.5301
3.6616666666666675,3.361223,6.5301
3.8875000000000006,3.6235874,6.5301
4.01625,3.8577173,6.5301
4.159583333333334,3.9913037,6.5301
4.305833333333333,4.1397905,6.5301
4.555416666666667,4.2915115,6.5301
5.272083333333334,4.551323,6.5301
6.012083333333334,5.301186,6.5301
6.77625,6.037759,6.5301
7.5758333333333345,6.761273,6.5301
8.246666666666668,7.5083756,6.5301
8.456666666666667,8.127692,6.5301
8.464583333333334,8.321619,6.5301
8.485416666666667,8.328923,6.5301
8.499166666666667,8.34815,6.5301
8.507083333333334,8.360845,6.5301
8.520833333333334,8.368157,6.5301
8.539166666666667,8.380853,6.5301
8.5525,8.397788,6.5301
8.604583333333334,8.410105,6.5301
8.821250000000001,8.458195,6.5301
8.765833333333333,8.65913,6.5301
8.712916666666667,8.607423,6.5301
8.975416666666668,8.558368,6.5301
9.079583333333334,8.802487,6.5301
9.097916666666668,8.899746,6.5301
9.12125,8.916877,6.5301
9.113750000000001,8.938681,6.5301
9.081666666666667,8.931672,6.5301
8.955416666666666,8.901691,6.5301
8.887916666666667,8.783837,6.5301
8.864583333333334,8.721073,6.5301
8.824166666666667,8.699389,6.5301
8.845,8.6618395,6.5301
8.831666666666667,8.681194,6.5301
9.31125,8.668806,6.5301
9.391250000000001,9.116537,6.5301
9.398333333333333,9.191568,6.5301
9.3825,9.1982155,6.5301
9.379583333333334,9.183362,6.5301
9.37375,9.180626,6.5301
9.3675,9.175154,6.5301
9.359583333333333,9.169294,6.5301
9.316666666666668,9.161869,6.5301
9.31125,9.121617,6.5301
9.457916666666668,9.116537,6.5301
9.774166666666668,9.254154,6.5301
9.711666666666668,9.551411,6.5301
9.624166666666667,9.492758,6.5301
9.6675,9.410512,6.5301
9.69,9.451296,6.5301
9.701666666666666,9.472416,6.5301
9.689583333333333,9.48337,6.5301
9.776666666666667,9.472025,6.5301
9.832500000000001,9.553751,6.5301
9.863333333333335,9.605698,6.5301
9.880416666666667,9.634259,6.5301
9.787500000000001,9.650114,6.5301
9.663750000000002,9.563896,6.5301
9.314583333333333,9.447777,6.5301
9.284583333333334,9.119664,6.5301
9.262500000000001,9.091539,6.5301
9.260833333333334,9.070842,6.5301
9.255833333333333,9.069281,6.5301
9.252083333333333,9.064594,6.5301
9.240416666666667,9.061083,6.5301
9.235833333333334,9.050154,6.5301
9.230416666666668,9.04586,6.5301
9.225833333333334,9.040787,6.5301
9.072916666666666,9.036492,6.5301
8.676250000000001,8.893515,6.5301
8.43875,8.524436,6.5301
8.417916666666668,8.305086,6.5301
8.377916666666668,8.285844,6.5301
8.36125,8.248871,6.5301
8.371666666666668,8.23347,6.5301
8.387500000000001,8.243095,6.5301
8.472083333333334,8.257726,6.5301
8.52375,8.335845,6.5301
8.520416666666668,8.383548,6.5301
8.519583333333335,8.380468,6.5301
8.548333333333334,8.3797,6.5301
8.606666666666667,8.406258,6.5301
8.944166666666668,8.460118,6.5301
9.152083333333334,8.773374,6.5301
9.155416666666666,8.967505,6.5301
9.1625,8.970621,6.5301
9.161666666666667,8.977244,6.5301
9.16,8.976464,6.5301
9.1625,8.974907,6.5301
9.16375,8.977244,6.5301
9.16,8.978415,6.5301
9.155000000000001,8.974907,6.5301
9.179583333333333,8.97023,6.5301
9.276666666666667,8.99322,6.5301
9.361666666666668,9.084117,6.5301
9.33375,9.163824,6.5301
9.316250000000002,9.13764,6.5301
9.284166666666668,9.121225,6.5301
9.23375,9.091147,6.5301
9.21,9.043909,6.5301
9.047500000000001,9.021676,6.5301
8.8225,8.869771,6.5301
8.819166666666666,8.660292,6.5301
8.8775,8.657194,6.5301
8.924583333333334,8.711391,6.5301
8.955,8.755162,6.5301
8.919583333333334,8.783452,6.5301
8.713333333333335,8.750512,6.5301
8.727500000000001,8.558753,6.5301
8.73625,8.571884,6.5301
8.754166666666668,8.579995,6.5301
8.767916666666666,8.596603,6.5301
8.782083333333334,8.609355,6.5301
8.79875,8.622539,6.5301
8.815416666666668,8.638119,6.5301
8.602500000000001,8.653701,6.5301
8.284583333333336,8.456272,6.5301
7.871250000000001,8.162676,6.5301
7.960416666666667,7.781988,6.5301
8.885416666666668,7.863928,6.5301
9.799166666666668,8.71875,6.5301
10.918750000000001,9.574796,6.5301
11.453333333333333,10.612974,6.5301
11.587083333333334,11.114326,6.5301
11.680833333333334,11.241087,6.5301
11.477083333333333,11.329304,6.5301
11.639166666666668,11.136832,6.5301
12.155833333333334,11.290034,6.5301
12.708750000000002,11.779662,6.5301
13.301666666666668,12.296575,6.5301
13.891250000000001,12.843717,6.5301
14.489583333333334,13.390126,6.5301
14.514166666666668,13.9388075,6.5301
14.511250000000002,13.961401,6.5301
14.496250000000002,13.958716,6.5301
14.487499999999999,13.944924,6.5301
14.483333333333334,13.936897,6.5301
14.467916666666667,13.933076,6.5301
14.459166666666668,13.9189415,6.5301
14.454583333333332,13.91092,6.5301
14.446250000000001,13.906717,6.5301
14.448749999999999,13.899082,6.5301
14.455833333333336,13.901373,6.5301
14.470833333333333,13.9078665,6.5301
14.52625,13.921616,6.5301
14.468333333333334,13.972513,6.5301
14.349583333333333,13.919324,6.5301
14.353333333333333,13.810507,6.5301
14.35125,13.813945,6.5301
14.255416666666667,13.812032,6.5301
13.600416666666666,13.7241745,6.5301
12.527083333333332,13.121076,6.5301
11.395833333333336,12.128608,6.5301
10.304166666666667,11.059915,6.5301
9.416666666666668,10.043188,6.5301
8.932083333333335,9.215415,6.5301
9.0675,8.7621355,6.5301
9.23,8.888453,6.5301
9.39625,9.040397,6.5301
9.555833333333334,9.1962595,6.5301
9.775416666666667,9.346201,6.5301
10.156666666666668,9.552582,6.5301
10.533333333333333,9.906303,6.5301
10.922500000000001,10.254811,6.5301
11.506666666666668,10.616459,6.5301
12.225833333333334,11.164876,6.5301
12.45375,11.846286,6.5301
11.949166666666665,12.060464,6.5301
11.385833333333332,11.583244,6.5301
10.702083333333334,11.050472,6.5301
10.707916666666668,10.411364,6.5301
10.716666666666667,10.416786,6.5301
10.630833333333333,10.424918,6.5301
10.729583333333332,10.34517,6.5301
11.020833333333334,10.436928,6.5301
11.500416666666666,10.707897,6.5301
12.20541666666667,11.158953,6.5301
12.877916666666666,11.826847,6.5301
13.107083333333334,12.452015,6.5301
13.057083333333333,12.66329,6.5301
13.042083333333336,12.617186,6.5301
13.035833333333334,12.603346,6.5301
13.03125,12.597581,6.5301
13.022499999999999,12.593354,6.5301
12.959583333333335,12.585283,6.5301
12.743749999999999,12.527267,6.5301
12.792083333333332,12.328598,6.5301
12.779166666666669,12.372939,6.5301
12.6475,12.361037,6.5301
12.570416666666667,12.240562,6.5301
12.724583333333333,12.169027,6.5301
12.717916666666667,12.311058,6.5301
12.712083333333332,12.30496,6.5301
12.46625,12.299622,6.5301
12.061666666666667,12.072071,6.5301
11.915416666666667,11.690133,6.5301
11.883750000000001,11.551196,6.5301
11.875833333333333,11.5211115,6.5301
11.882083333333334,11.513577,6.5301
11.92,11.519525,6.5301
11.748750000000001,11.555548,6.5301
11.535416666666668,11.393408,6.5301
11.52875,11.19215,6.5301
11.534583333333336,11.185822,6.5301
11.382083333333334,11.191358,6.5301
11.222083333333336,11.046931,6.5301
11.0675,10.896137,6.5301
10.920416666666668,10.75133,6.5301
10.85375,10.614522,6.5301
10.849166666666667,10.5524645,6.5301
10.589583333333334,10.548196,6.5301
10.602916666666667,10.306873,6.5301
10.705,10.319249,6.5301
10.89,10.414074,6.5301
10.587916666666667,10.5862255,6.5301
10.159166666666666,10.305325,6.5301
9.764166666666668,9.908624,6.5301
9.62875,9.542049,6.5301
9.6225,9.414827,6.5301
9.641250000000001,9.408944,6.5301
9.643333333333333,9.426597,6.5301
9.615416666666667,9.42856,6.5301
9.642916666666666,9.402273,6.5301
9.617083333333335,9.428167,6.5301
9.607916666666668,9.403845,6.5301
9.302083333333334,9.395217,6.5301
8.996250000000002,9.107942,6.5301
9.105416666666667,8.821927,6.5301
9.106250000000001,8.923885,6.5301
9.111666666666666,8.924663,6.5301
9.107916666666666,8.929726,6.5301
9.106666666666667,8.926223,6.5301
9.01875,8.925053,6.5301
8.865,8.842928,6.5301
8.6975,8.699777,6.5301
8.534583333333334,8.544099,6.5301
8.293333333333333,8.393553,6.5301
7.8566666666666665,8.170753,6.5301
7.79,7.7686114,6.5301
7.968333333333334,7.707442,6.5301
7.97125,7.8712206,6.5301
7.985833333333333,7.8739095,6.5301
7.9745833333333325,7.8873386,6.5301
7.965416666666667,7.876979,6.5301
7.9675,7.868535,6.5301
7.795833333333334,7.870453,6.5301
7.614583333333333,7.712832,6.5301
7.365833333333335,7.5443897,6.5301
7.1570833333333335,7.312232,6.5301
7.226666666666667,7.1173797,6.5301
7.387083333333333,7.1822634,6.5301
7.354583333333334,7.332091,6.5301
7.343333333333334,7.3017187,6.5301
7.334166666666667,7.2912087,6.5301
7.329583333333335,7.282642,6.5301
7.315833333333334,7.27836,6.5301
7.310416666666666,7.265514,6.5301
7.3012500000000005,7.2604527,6.5301
7.355416666666668,7.25189,6.5301
7.298749999999999,7.302498,6.5301
7.44125,7.2495546,6.5301
7.540833333333334,7.382746,6.5301
7.53375,7.475863,6.5301
7.561250000000001,7.4692864,6.5301
7.726666666666667,7.4948254,6.5301
8.080833333333333,7.6486416,6.5301
8.487916666666667,7.9748163,6.5301
8.777083333333334,8.350459,6.5301
8.765,8.6178665,6.5301
8.865833333333333,8.606649,6.5301
8.984166666666667,8.700551,6.5301
9.0525,8.81065,6.5301
9.0925,8.874438,6.5301
9.095833333333333,8.911817,6.5301
8.877916666666668,8.914931,6.5301
8.685416666666667,8.71178,6.5301
8.696250000000001,8.532917,6.5301
8.701666666666668,8.542942,6.5301
8.711666666666668,8.5479555,6.5301
8.727083333333335,8.557211,6.5301
8.734583333333335,8.571496,6.5301
8.740416666666667,8.578448,6.5301
8.689166666666667,8.583857,6.5301
8.525416666666667,8.536387,6.5301
8.0725,8.385087,6.5301
7.8066666666666675,7.96715,6.5301
7.464166666666667,7.722768,6.5301
6.977083333333334,7.4041896,6.5301
6.502083333333334,6.9495454,6.5301
6.025833333333334,6.5037613,6.5301
5.522916666666667,6.051065,6.5301
5.1383333333333345,5.5573163,6.5301
5.047083333333334,5.1608257,6.5301
4.927083333333334,5.065068,6.5301
4.533333333333334,4.940392,6.5301
4.508333333333334,4.528296,6.5301
4.98,4.502232,6.5301
5.425833333333334,4.9956717,6.5301
5.427083333333333,5.459482,6.5301
5.415833333333334,5.4607415,6.5301
5.401666666666667,5.4493976,6.5301
5.39125,5.4350867,6.5301
5.382083333333334,5.4245667,6.5301
5.363333333333333,5.4152017,6.5301
5.352916666666668,5.395951,6.5301
5.349166666666666,5.385238,6.5301
5.338333333333334,5.3813825,6.5301
5.32125,5.3702083,6.5301
5.310833333333334,5.3524065,6.5301
5.068333333333334,5.341555,6.5301
5.099166666666667,5.087184,6.5301
5.5320833333333335,5.1195827,6.5301
5.967083333333334,5.566444,6.5301
6.315416666666668,5.9941835,6.5301
6.322500000000001,6.3286996,6.5301
6.312083333333334,6.335343,6.5301
6.307916666666667,6.325574,6.5301
6.22,6.3216653,6.5301
6.1137500000000005,6.238996,6.5301
5.583333333333335,6.136219,6.5301
4.537916666666667,5.6174903,6.5301
3.667083333333334,4.533075,6.5301
3.4675000000000007,3.6290836,6.5301
3.471666666666667,3.4270124,6.5301
3.473333333333334,3.4312325,6.5301
3.479583333333334,3.432919,6.5301
3.4791666666666674,3.439237,6.5301
3.487916666666667,3.438816,6.5301
3.4845833333333336,3.447655,6.5301
3.483333333333334,3.4442885,6.5301
3.489583333333334,3.4430237,6.5301
3.5100000000000002,3.4493392,6.5301
3.602916666666667,3.469967,6.5301
3.69125,3.5640235,6.5301
3.5850000000000004,3.6541326,6.5301
3.2041666666666675,3.5458715,6.5301
2.870000000000001,3.1611464,6.5301
2.605833333333334,2.8276165,6.5301
2.6729166666666675,2.5689166,6.5301
2.7629166666666674,2.6342397,6.5301
2.852083333333334,2.7223961,6.5301
2.9854166666666675,2.8100007,6.5301
3.414166666666667,2.9413846,6.5301
3.9516666666666675,3.3730278,6.5301
4.495833333333334,3.9243324,6.5301
5.019166666666668,4.489202,6.5301
5.216666666666668,5.036037,6.5301
5.207083333333334,5.243228,6.5301
5.209583333333334,5.2331595,6.5301
5.208750000000001,5.2357845,6.5301
5.202916666666668,5.2349095,6.5301
5.202916666666667,5.2287817,6.5301
5.2058333333333335,5.2287817,6.5301
5.205416666666667,5.231844,6.5301
5.198333333333334,5.231407,6.5301
5.202083333333333,5.223968,6.5301
5.1970833333333335,5.2279058,6.5301
5.192083333333334,5.2226524,6.5301
5.187916666666667,5.217391,6.5301
5.191250000000001,5.213006,6.5301
5.166250000000001,5.216513,6.5301
5.1554166666666665,5.190206,6.5301
5.161666666666667,5.178806,6.5301
5.161250000000001,5.1853843,6.5301
5.157500000000001,5.184944,6.5301
5.263333333333334,5.1809983,6.5301
5.34625,5.292071,6.5301
5.35625,5.3783817,6.5301
5.371250000000001,5.388666,6.5301
5.302916666666667,5.4040923,6.5301
5.587083333333333,5.3333054,6.5301
5.967083333333335,5.6212134,6.5301
5.975833333333333,5.9941835,6.5301
5.983750000000001,6.0026636,6.5301
5.997083333333333,6.010335,6.5301
6.002500000000001,6.023242,6.5301
6.013750000000001,6.0284834,6.5301
6.023333333333334,6.039369,6.5301
6.035416666666667,6.0486455,6.5301
6.039166666666667,6.0603423,6.5301
6.0512500000000005,6.063973,6.5301
6.060000000000001,6.075674,6.5301
6.064583333333334,6.084146,6.5301
6.074583333333333,6.0885844,6.5301
6.09375,6.0982704,6.5301
6.1450000000000005,6.116839,6.5301
6.171666666666667,6.166546,6.5301
6.175416666666667,6.1923504,6.5301
6.18,6.195975,6.5301
6.0254166666666675,6.200405,6.5301
5.879583333333334,6.0506625,6.5301
6.149166666666667,5.9094014,6.5301
6.432916666666667,6.1705933,6.5301
6.706250000000001,6.4389124,6.5301
6.734583333333333,6.6956773,6.5301
6.355416666666667,6.722221,6.5301
6.347083333333334,6.3662267,6.5301
6.339166666666666,6.3584056,6.5301
6.326666666666667,6.3509765,6.5301
6.322083333333334,6.3392506,6.5301
6.3075,6.334952,6.5301
6.297916666666667,6.3212748,6.5301
6.28625,6.3122883,6.5301
6.284166666666667,6.301316,6.5301
6.276666666666667,6.299354,6.5301
6.263749999999999,6.2922974,6.5301
6.262083333333334,6.280141,6.5301
6.255416666666666,6.2785745,6.5301
6.237916666666667,6.2723045,6.5301
6.187083333333335,6.255844,6.5301
6.160000000000001,6.2072544,6.5301
6.158333333333334,6.181072,6.5301
6.15875,6.179463,6.5301
6.15625,6.179865,6.5301
5.888333333333333,6.177449,6.5301
5.171250000000001,5.9179206,6.5301
4.452500000000001,5.1954665,6.5301
3.7141666666666673,4.4440336,6.5301
3.196666666666667,3.6779091,6.5301
3.1995833333333334,3.1535795,6.5301
3.1983333333333337,3.156524,6.5301
3.191666666666667,3.155262,6.5301
3.193750000000001,3.1485357,6.5301
3.192916666666667,3.1506383,6.5301
3.196250000000001,3.1497984,6.5301
3.1862500000000007,3.1531584,6.5301
3.190833333333334,3.143071,6.5301
3.190000000000001,3.1476958,6.5301
3.1875000000000004,3.1468556,6.5301
3.1875000000000004,3.144334,6.5301
3.199166666666667,3.144334,6.5301
3.222083333333334,3.1561022,6.5301
3.2658333333333336,3.1792252,6.5301
3.2687500000000007,3.223376,6.5301
3.261666666666667,3.2263174,6.5301
3.2625000000000006,3.219174,6.5301
3.2637500000000004,3.220014,6.5301
3.4979166666666672,3.2212741,6.5301
4.100416666666667,3.4577577,6.5301
5.0129166666666665,4.078527,6.5301
6.237916666666667,5.029598,6.5301
7.352916666666666,6.255844,6.5301
8.176666666666668,7.300162,6.5301
8.783333333333333,8.063089,6.5301
9.330416666666666,8.623706,6.5301
9.893333333333334,9.134514,6.5301
10.436250000000001,9.662107,6.5301
10.610416666666667,10.1651535,6.5301
10.648333333333335,10.326211,6.5301
10.694583333333334,10.361421,6.5301
10.727916666666667,10.404391,6.5301
10.740416666666667,10.435379,6.5301
10.695,10.447001,6.5301
11.051666666666668,10.40478,6.5301
11.699166666666668,10.736591,6.5301
12.541666666666666,11.346603,6.5301
13.333750000000002,12.142209,6.5301
14.169166666666667,12.873592,6.5301
15.042916666666668,13.645272,6.5301
16.1225,14.457226,6.5301
17.316666666666666,15.4850645,6.5301
18.45,16.60414,6.5301
19.237916666666667,17.657959,6.5301
20.15791666666667,18.403015,6.5301
20.74875,19.29794,6.5301
21.23625,19.894096,6.5301
21.38,20.410828,6.5301
21.023333333333333,20.564613,6.5301
20.474166666666665,20.18374,6.5301
19.910833333333333,19.614956,6.5301
19.372083333333332,19.051924,6.5301
19.194166666666668,18.531828,6.5301
19.14375,18.3611,6.5301
19.101666666666667,18.312836,6.5301
19.068333333333335,18.272577,6.5301
19.022083333333335,18.240828,6.5301
18.98,18.197,6.5301
18.533333333333335,18.157148,6.5301
17.934583333333332,17.736235,6.5301
17.267916666666668,17.179214,6.5301
16.66875,16.558798,6.5301
16.107083333333332,16.000587,6.5301
15.619583333333331,15.470527,6.5301
14.697916666666666,15.007581,6.5301
13.642916666666666,14.132027,6.5301
12.417916666666668,13.160465,6.5301
11.160416666666665,12.027192,6.5301
9.457916666666668,10.837971,6.5301
8.375000000000002,9.254154,6.5301
7.255833333333335,8.246176,6.5301
6.48,7.2094836,6.5301
6.2266666666666675,6.4830027,6.5301
6.228750000000001,6.245265,6.5301
6.228750000000001,6.2472253,6.5301
6.2200000000000015,6.2472253,6.5301
6.225833333333334,6.238996,6.5301
6.281666666666667,6.244481,6.5301
6.497916666666668,6.297002,6.5301
6.703333333333333,6.4998446,6.5301
6.9504166666666665,6.692944,6.5301
7.240833333333334,6.92465,6.5301
7.8187500000000005,7.195484,6.5301
8.400833333333335,7.7338476,6.5301
8.852500000000001,8.270053,6.5301
9.261666666666667,8.688165,6.5301
9.427916666666667,9.070062,6.5301
9.477500000000001,9.225975,6.5301
9.736666666666666,9.272552,6.5301
9.867083333333333,9.5162325,6.5301
9.969166666666668,9.637739,6.5301
10.3975,9.732381,6.5301
10.930833333333334,10.129422,6.5301
10.833333333333334,10.624204,6.5301
11.0725,10.533454,6.5301
11.560833333333335,10.755983,6.5301
11.99125,11.216245,6.5301
12.034583333333332,11.623208,6.5301
12.046666666666667,11.664385,6.5301
12.069166666666666,11.675872,6.5301
12.073749999999999,11.697265,6.5301
12.034583333333336,11.701623,6.5301
11.827916666666667,11.664385,6.5301
11.67125,11.467996,6.5301
11.674166666666666,11.32027,6.5301
11.683333333333332,11.323019,6.5301
11.427500000000002,11.33166,6.5301
11.02375,11.089852,6.5301
10.635416666666668,10.71061,6.5301
10.261666666666667,10.349426,6.5301
9.899583333333334,10.003721,6.5301
9.890833333333335,9.667902,6.5301
9.92125,9.659783,6.5301
10.099166666666667,9.687969,6.5301
10.245416666666667,9.852988,6.5301
10.307916666666666,9.988642,6.5301
10.271666666666667,10.04667,6.5301
10.272083333333335,10.0130005,6.5301
10.235416666666667,10.01339,6.5301
10.289166666666668,9.979364,6.5301
10.345833333333333,10.029248,6.5301
10.560833333333333,10.081817,6.5301
10.558750000000002,10.280231,6.5301
10.555833333333334,10.278305,6.5301
10.559166666666668,10.27561,6.5301
10.558333333333334,10.27869,6.5301
10.564166666666667,10.277921,6.5301
10.523333333333335,10.283313,6.5301
10.520000000000001,10.245569,6.5301
10.520416666666668,10.242489,6.5301
10.665416666666667,10.242874,6.5301
11.101666666666668,10.37729,6.5301
11.510416666666666,10.783153,6.5301
11.8825,11.168433,6.5301
12.265833333333333,11.519923,6.5301
12.052083333333334,11.884383,6.5301
11.635416666666666,11.681021,6.5301
11.195833333333335,11.286501,6.5301
11.055,10.871376,6.5301
10.976666666666667,10.739694,6.5301
11.022083333333335,10.666815,6.5301
11.013750000000002,10.709061,6.5301
10.987500000000002,10.701306,6.5301
10.910000000000002,10.6768875,6.5301
10.618333333333334,10.604842,6.5301
10.397083333333333,10.333562,6.5301
10.392083333333334,10.129038,6.5301
10.38,10.124428,6.5301
10.367916666666668,10.11329,6.5301
10.364583333333334,10.102157,6.5301
10.35125,10.099087,6.5301
10.343750000000002,10.086807,6.5301
10.328333333333333,10.079899,6.5301
10.318333333333333,10.065649,6.5301
10.342916666666667,10.056352,6.5301
10.327083333333333,10.079133,6.5301
10.29875,10.064488,6.5301
10.28625,10.038154,6.5301
10.305416666666668,10.026539,6.5301
10.471250000000001,10.044348,6.5301
10.48,10.1974535,6.5301
10.480416666666668,10.205534,6.5301
10.46625,10.205918,6.5301
10.437083333333334,10.192837,6.5301
10.422916666666667,10.165922,6.5301
10.39875,10.152859,6.5301
10.360000000000001,10.130575,6.5301
10.357083333333334,10.094864,6.5301
10.652083333333334,10.092177,6.5301
10.863750000000001,10.364904,6.5301
10.862083333333336,10.561775,6.5301
10.862916666666665,10.560224,6.5301
10.86125,10.560999,6.5301
10.85375,10.559447,6.5301
10.854583333333336,10.5524645,6.5301
10.85125,10.553239,6.5301
10.827083333333334,10.550137,6.5301
10.829166666666666,10.527636,6.5301
10.777500000000002,10.529574,6.5301
10.745833333333335,10.481492,6.5301
10.714166666666666,10.452038,6.5301
10.706666666666669,10.422596,6.5301
10.672916666666667,10.415622,6.5301
10.707500000000001,10.38426,6.5301
11.084166666666667,10.416397,6.5301
11.200000000000001,10.766846,6.5301
11.31,10.875307,6.5301
11.375833333333333,10.978944,6.5301
11.516250000000001,11.041031,6.5301
11.70541666666667,11.173966,6.5301
12.03125,11.352506,6.5301
12.590833333333334,11.661217,6.5301
12.94625,12.188078,6.5301
12.71125,12.5149765,6.5301
12.710833333333333,12.298861,6.5301
12.705,12.298479,6.5301
12.70875,12.293142,6.5301
12.711666666666668,12.296575,6.5301
12.719166666666666,12.299242,6.5301
12.725416666666668,12.306104,6.5301
12.529583333333333,12.311819,6.5301
12.237083333333333,12.130939,6.5301
11.806666666666665,11.856998,6.5301
11.1275,11.447955,6.5301
10.732916666666668,10.807235,6.5301
10.343333333333334,10.440025,6.5301
10.142083333333334,10.079515,6.5301
9.953750000000001,9.892782,6.5301
9.776666666666667,9.718089,6.5301
9.893749999999999,9.553751,6.5301
9.794583333333334,9.662492,6.5301
9.433333333333334,9.570527,6.5301
8.896666666666667,9.231061,6.5301
8.902083333333335,8.729207,6.5301
9.195416666666668,8.734242,6.5301
9.238750000000001,9.008034,6.5301
9.447083333333333,9.048592,6.5301
10.033750000000001,9.243977,6.5301
10.027083333333335,9.792276,6.5301
10.029166666666667,9.786093,6.5301
10.027083333333335,9.788027,6.5301
10.025,9.786093,6.5301
10.018333333333334,9.784159,6.5301
10.00625,9.777975,6.5301
10.000833333333334,9.7667675,6.5301
9.994166666666667,9.761744,6.5301
9.992500000000001,9.755561,6.5301
10.027500000000002,9.754015,6.5301
9.824583333333335,9.78648,6.5301
9.84875,9.598379,6.5301
9.640416666666667,9.62073,6.5301
9.387083333333333,9.425815,6.5301
9.112083333333333,9.18766,6.5301
8.832500000000001,8.930115,6.5301
8.557083333333333,8.6695795,6.5301
8.29625,8.414338,6.5301
8.002083333333333,8.173445,6.5301
7.5008333333333335,7.9022994,6.5301
6.487500000000001,7.438512,6.5301
5.2337500000000015,6.4900517,6.5301
4.175833333333334,5.2611494,6.5301
3.573333333333334,4.156632,6.5301
3.583333333333334,3.5340555,6.5301
3.581666666666667,3.544184,6.5301
3.580833333333334,3.5424945,6.5301
3.583333333333334,3.5416522,6.5301
3.5825,3.544184,6.5301
3.587916666666667,3.5433385,6.5301
3.603333333333334,3.548826,6.5301
3.7033333333333336,3.5644438,6.5301
3.8104166666666672,3.6666696,6.5301
3.959583333333334,3.7777956,6.5301
4.168333333333334,3.9325535,6.5301
4.14125,4.1488595,6.5301
4.129583333333334,4.120814,6.5301
4.183750000000001,4.1087418,6.5301
4.239166666666667,4.1648393,6.5301
4.302083333333334,4.2223344,6.5301
4.652916666666667,4.287619,6.5301
5.3187500000000005,4.653188,6.5301
5.9925,5.3498025,6.5301
6.333333333333333,6.018809,6.5301
6.860833333333333,6.345503,6.5301
7.612500000000001,6.8406262,6.5301
8.020416666666668,7.542454,6.5301
8.02875,7.919183,6.5301
8.038750000000002,7.926858,6.5301
8.05375,7.936071,6.5301
8.060416666666667,7.9498906,6.5301
8.072916666666666,7.95603,6.5301
8.08875,7.9675355,6.5301
8.123333333333335,7.982099,6.5301
8.3375,8.01394,6.5301
8.545,8.211531,6.5301
8.754166666666668,8.403176,6.5301
8.853333333333333,8.596603,6.5301
8.870000000000001,8.68894,6.5301
8.873333333333333,8.704423,6.5301
8.923333333333334,8.7075205,6.5301
8.954166666666667,8.753998,6.5301
8.99375,8.782675,6.5301
8.991666666666667,8.819594,6.5301
9.097083333333334,8.817649,6.5301
9.080416666666666,8.916098,6.5301
9.048333333333334,8.900524,6.5301
9.019583333333333,8.870548,6.5301
8.9625,8.843704,6.5301
8.789583333333335,8.790439,6.5301
8.569166666666668,8.629549,6.5301
8.64875,8.425504,6.5301
8.635833333333334,8.498996,6.5301
8.627916666666666,8.487051,6.5301
8.627916666666666,8.4797325,6.5301
8.623333333333333,8.4797325,6.5301
8.606666666666667,8.475501,6.5301
8.574583333333335,8.460118,6.5301
8.55,8.430512,6.5301
8.543333333333335,8.407796,6.5301
8.735000000000001,8.401637,6.5301
9.18875,8.578836,6.5301
9.62125,9.001795,6.5301
10.019166666666669,9.407766,6.5301
10.110000000000001,9.778748,6.5301
10.122083333333334,9.863042,6.5301
10.097916666666666,9.874241,6.5301
10.09375,9.851827,6.5301
9.957916666666668,9.8479595,6.5301
9.975,9.721949,6.5301
10.0075,9.737789,6.5301
10.022916666666667,9.767925,6.5301
9.974583333333333,9.7822275,6.5301
10.115833333333333,9.737403,6.5301
10.163333333333334,9.868449,6.5301
10.224583333333333,9.912487,6.5301
10.234583333333335,9.969311,6.5301
10.237916666666667,9.978592,6.5301
10.234583333333333,9.981684,6.5301
10.235000000000001,9.978592,6.5301
10.245,9.978977,6.5301
10.254166666666668,9.988254,6.5301
10.259583333333333,9.996762,6.5301
10.267916666666668,10.001788,6.5301
10.137083333333333,10.0095215,6.5301
9.965000000000002,9.888145,6.5301
9.752083333333333,9.728516,6.5301
9.360833333333334,9.530708,6.5301
9.295,9.163041,6.5301
9.305833333333334,9.101301,6.5301
9.324166666666667,9.111459,6.5301
9.331666666666667,9.128651,6.5301
9.471250000000001,9.135687,6.5301
9.472916666666666,9.266681,6.5301
9.484166666666667,9.268245,6.5301
9.51,9.278816,6.5301
9.509583333333333,9.303098,6.5301
9.444166666666668,9.302705,6.5301
9.71375,9.241237,6.5301
9.8175,9.494714,6.5301
9.814583333333333,9.591832,6.5301
9.814166666666667,9.589125,6.5301
9.812083333333334,9.5887375,6.5301
9.803333333333333,9.586802,6.5301
9.79125,9.578667,6.5301
9.77875,9.567406,6.5301
9.764166666666668,9.555702,6.5301
9.7575,9.542049,6.5301
9.902083333333334,9.535795,6.5301
10.049999999999999,9.670216,6.5301
9.885,9.807356,6.5301
9.966666666666667,9.65437,6.5301
10.008333333333335,9.7300625,6.5301
9.972916666666668,9.7687,6.5301
9.94875,9.735856,6.5301
9.950000000000001,9.713453,6.5301
9.977083333333335,9.714611,6.5301
9.975416666666668,9.739719,6.5301
9.965416666666668,9.7381735,6.5301
9.94875,9.728904,6.5301
10.034583333333334,9.713453,6.5301
10.969583333333334,9.793051,6.5301
10.594166666666666,10.660229,6.5301
10.350416666666666,10.311126,6.5301
10.360833333333334,10.086038,6.5301
10.369166666666667,10.095632,6.5301
10.381666666666668,10.103308,6.5301
10.397083333333333,10.114826,6.5301
10.414166666666668,10.129038,6.5301
10.426250000000001,10.144789,6.5301
10.242500000000001,10.1559305,6.5301
9.948333333333334,9.985937,6.5301
9.436666666666666,9.713068,6.5301
9.070416666666667,9.234191,6.5301
9.410833333333334,8.891177,6.5301
10.165833333333333,9.209943,6.5301
11.118333333333332,9.914805,6.5301
12.1725,10.79869,6.5301
12.466666666666667,11.795519,6.5301
12.593750000000002,12.07246,6.5301
12.362916666666665,12.190801,6.5301
12.242916666666666,11.976085,6.5301
12.257500000000002,11.862555,6.5301
12.654166666666669,11.876447,6.5301
13.14625,12.246657,6.5301
12.804583333333333,12.699434,6.5301
12.797916666666667,12.384456,6.5301
12.800416666666665,12.378311,6.5301
12.800000000000002,12.380617,6.5301
12.798333333333334,12.38023,6.5301
12.79125,12.3786955,6.5301
12.782916666666667,12.372168,6.5301
12.774166666666666,12.364492,6.5301
12.789166666666667,12.3564415,6.5301
12.9975,12.370249,6.5301
13.204583333333332,12.562227,6.5301
13.410833333333334,12.753369,6.5301
13.7325,12.945172,6.5301
14.34625,13.243375,6.5301
14.51625,13.807448,6.5301
14.630416666666667,13.963314,6.5301
14.752083333333333,14.06883,6.5301
15.680416666666666,14.182908,6.5301
16.793750000000003,15.065922,6.5301
17.830416666666668,16.11788,6.5301
18.575833333333335,17.082218,6.5301
19.133750000000003,17.776201,6.5301
18.79125,18.303268,6.5301
18.360833333333336,17.978968,6.5301
17.32625,17.574663,6.5301
17.21875,16.613054,6.5301
17.212083333333336,16.513102,6.5301
17.20625,16.506912,6.5301
17.19291666666667,16.501493,6.5301
17.257083333333334,16.489115,6.5301
17.442083333333333,16.548725,6.5301
18.15041666666667,16.720842,6.5301
19.414583333333336,17.379524,6.5301
20.5125,18.572565,6.5301
21.674166666666668,19.653585,6.5301
23.115,20.881872,6.5301
24.236250000000002,22.489714,6.5301
24.710000000000004,23.802263,6.5301
25.150833333333335,24.361557,6.5301
24.667916666666667,24.884836,6.5301
24.237083333333334,24.311575,6.5301
24.230416666666667,23.803253,6.5301
23.765416666666667,23.79536,6.5301
23.0,23.24845,6.5301
22.55875,22.357512,6.5301
22.1775,21.85867,6.5301
22.275000000000002,21.434074,6.5301
22.330833333333334,21.542389,6.5301
22.964166666666667,21.604532,6.5301
23.194583333333338,22.31643,6.5301
23.354583333333334,22.582151,6.5301
23.514583333333334,22.768784,6.5301
23.688333333333336,22.955236,6.5301
23.785416666666666,23.1582,6.5301
23.770416666666666,23.271894,6.5301
23.23,23.25431,6.5301
22.120416666666667,22.62351,6.5301
21.428749999999997,21.371004,6.5301
21.427916666666665,20.616907,6.5301
21.225,20.616013,6.5301
21.19375,20.398817,6.5301
21.200833333333332,20.365467,6.5301
21.225833333333334,20.37303,6.5301
22.20125,20.399706,6.5301
23.124583333333334,21.460415,6.5301
23.575833333333335,22.500755,6.5301
23.902500000000003,23.026707,6.5301
24.038750000000004,23.409092,6.5301
24.026666666666667,23.569164,6.5301
24.005416666666672,23.554941,6.5301
24.002916666666664,23.529932,6.5301
23.977083333333336,23.526993,6.5301
23.902916666666666,23.49661,6.5301
23.87875,23.409582,6.5301
23.897499999999997,23.381247,6.5301
23.91208333333333,23.403233,6.5301
23.923750000000002,23.42033,6.5301
23.935416666666665,23.434013,6.5301
23.943749999999998,23.447695,6.5301
23.950416666666666,23.457474,6.5301
23.951249999999998,23.465298,6.5301
23.699583333333333,23.466276,6.5301
22.794999999999998,23.171362,6.5301
22.11041666666667,22.123285,6.5301
21.411666666666665,21.359964,6.5301
21.2875,20.598574,6.5301
20.351666666666667,20.465584,6.5301
19.477083333333336,19.491772,6.5301
18.58625,18.631535,6.5301
17.60291666666667,17.786,6.5301
17.0525,16.870413,6.5301
16.761666666666667,16.358906,6.5301
16.749583333333334,16.087759,6.5301
16.759583333333335,16.076416,6.5301
16.77,16.085802,6.5301
16.75166666666667,16.09558,6.5301
16.594583333333333,16.078371,6.5301
16.606666666666666,15.930868,6.5301
16.705000000000002,15.942279,6.5301
16.715416666666666,16.034584,6.5301
16.714583333333334,16.044355,6.5301
16.720000000000002,16.043575,6.5301
16.718333333333334,16.048653,6.5301
16.72666666666667,16.047092,6.5301
16.730833333333333,16.054909,6.5301
16.739166666666666,16.058823,6.5301
16.7425,16.066639,6.5301
16.63083333333333,16.069769,6.5301
16.472916666666666,15.965072,6.5301
15.682916666666669,15.815882,6.5301
15.728333333333333,15.068318,6.5301
15.602916666666667,15.11176,6.5301
15.451666666666668,14.991586,6.5301
15.401250000000003,14.846994,6.5301
15.462083333333334,14.798821,6.5301
15.53375,14.8569355,6.5301
15.393333333333336,14.925289,6.5301
15.236666666666666,14.791235,6.5301
15.092083333333335,14.641155,6.5301
15.047083333333335,14.503791,6.5301
15.421666666666667,14.461171,6.5301
16.33416666666667,14.818371,6.5301
16.25916666666667,15.684753,6.5301
16.240416666666665,15.613971,6.5301
16.233333333333334,15.596309,6.5301
16.220833333333335,15.589638,6.5301
16.213333333333335,15.577858,6.5301
16.201666666666668,15.570777,6.5301
16.192500000000003,15.559761,6.5301
16.184583333333332,15.551107,6.5301
16.17291666666667,15.543635,6.5301
16.25541666666667,15.532623,6.5301
16.20625,15.610436,6.5301
16.08791666666667,15.56409,6.5301
15.924999999999999,15.45246,6.5301
15.858333333333334,15.299005,6.5301
15.823750000000002,15.236058,6.5301
15.819166666666666,15.202974,6.5301
15.655,15.198584,6.5301
15.719583333333333,15.04158,6.5301
15.716666666666669,15.103408,6.5301
15.710833333333333,15.100624,6.5301
15.699583333333335,15.09505,6.5301
15.606250000000003,15.084276,6.5301
15.268750000000002,14.994784,6.5301
14.345833333333333,14.671908,6.5301
14.324166666666668,13.807069,6.5301
14.191250000000002,13.787203,6.5301
14.027500000000002,13.665465,6.5301
13.870833333333335,13.515857,6.5301
13.708333333333334,13.371237,6.5301
13.542499999999999,13.221031,6.5301
13.390833333333335,13.067435,6.5301
13.237916666666665,12.926591,6.5301
13.094583333333334,12.784309,6.5301
12.727916666666667,12.651757,6.5301
12.224583333333333,12.314109,6.5301
11.759583333333332,11.845093,6.5301
11.2825,11.403607,6.5301
10.838333333333333,10.953032,6.5301
10.649166666666668,10.538107,6.5301
10.554583333333335,10.362197,6.5301
10.409166666666668,10.274453,6.5301
10.175,10.140177,6.5301
9.771666666666667,9.9233055,6.5301
9.355,9.549071,6.5301
9.773750000000001,9.157573,6.5301
10.279166666666667,9.551021,6.5301
10.814583333333333,10.019962,6.5301
11.004166666666668,10.515999,6.5301
10.830416666666666,10.69239,6.5301
10.797916666666667,10.530738,6.5301
10.797916666666667,10.500491,6.5301
10.795833333333334,10.500491,6.5301
10.796250000000002,10.49855,6.5301
10.793750000000001,10.49894,6.5301
10.782083333333334,10.496611,6.5301
10.574166666666668,10.485757,6.5301
10.266666666666667,10.292566,6.5301
9.899583333333334,10.008361,6.5301
9.6075,9.667902,6.5301
9.390833333333335,9.394822,6.5301
9.215416666666668,9.191177,6.5301
8.960416666666667,9.026747,6.5301
8.454166666666667,8.788491,6.5301
7.816250000000001,8.31931,6.5301
7.633750000000002,7.731556,6.5301
7.833750000000001,7.5622115,6.5301
8.587916666666667,7.747598,6.5301
9.461666666666668,8.442816,6.5301
9.500416666666668,9.257675,6.5301
9.512083333333335,9.294087,6.5301
8.58625,9.305056,6.5301
8.196250000000001,8.4412775,6.5301
8.20625,8.0811615,6.5301
8.21375,8.090394,6.5301
8.21125,8.097317,6.5301
8.215833333333334,8.095009,6.5301
8.224583333333333,8.099241,6.5301
8.240416666666667,8.107322,6.5301
8.240416666666667,8.121928,6.5301
8.265416666666667,8.121928,6.5301
8.35875,8.14499,6.5301
8.814166666666667,8.231159,6.5301
10.157916666666667,8.652533,6.5301
11.489583333333334,9.907465,6.5301
12.650416666666667,11.148681,6.5301
13.214583333333335,12.243231,6.5301
13.550833333333335,12.762646,6.5301
13.895416666666668,13.075149,6.5301
14.017083333333332,13.393985,6.5301
13.97,13.506343,6.5301
13.641666666666666,13.463079,6.5301
13.189583333333333,13.1593075,6.5301
12.747500000000002,12.739456,6.5301
12.261666666666668,12.332031,6.5301
12.359583333333335,11.880415,6.5301
12.391250000000001,11.972977,6.5301
12.505833333333333,12.002448,6.5301
12.501666666666667,12.108845,6.5301
12.500833333333334,12.104973,6.5301
12.490833333333335,12.104198,6.5301
12.482916666666668,12.094909,6.5301
12.470416666666667,12.087554,6.5301
12.486666666666666,12.075942,6.5301
12.670833333333334,12.091036,6.5301
12.861666666666666,12.261893,6.5301
12.71875,12.437052,6.5301
11.76,12.305721,6.5301
10.881666666666668,11.403999,6.5301
10.403333333333334,10.578464,6.5301
10.594166666666668,10.1348,6.5301
10.8925,10.311126,6.5301
10.934583333333334,10.588555,6.5301
11.073750000000002,10.627688,6.5301
11.357500000000002,10.757148,6.5301
11.488333333333335,11.023732,6.5301
11.600833333333334,11.147497,6.5301
11.722916666666668,11.25404,6.5301
11.854583333333332,11.369037,6.5301
12.328333333333335,11.493358,6.5301
12.509583333333332,11.943828,6.5301
12.549583333333333,12.112329,6.5301
12.714166666666666,12.149593,6.5301
12.881666666666668,12.301528,6.5301
13.047083333333335,12.45547,6.5301
13.210416666666667,12.60796,6.5301
13.375833333333333,12.75878,6.5301
13.52375,12.912662,6.5301
13.672083333333333,13.050078,6.5301
13.83875,13.18751,6.5301
14.450000000000001,13.34156,6.5301
15.441666666666668,13.902519,6.5301
16.395,14.837453,6.5301
16.917083333333334,15.742229,6.5301
17.422916666666666,16.233389,6.5301
17.598333333333333,16.702991,6.5301
17.679583333333333,16.866154,6.5301
17.656250000000004,16.941727,6.5301
17.518333333333334,16.920017,6.5301
17.52625,16.79181,6.5301
17.576666666666668,16.799162,6.5301
17.612916666666667,16.84601,6.5301
17.61583333333333,16.879713,6.5301
17.652083333333334,16.882425,6.5301
17.67,16.91614,6.5301
17.7,16.932812,6.5301
17.731666666666666,16.96073,6.5301
17.755,16.990213,6.5301
17.786250000000003,17.01194,6.5301
17.81416666666667,17.041054,6.5301
17.83791666666667,17.067068,6.5301
17.871666666666666,17.08921,6.5301
17.90416666666667,17.120682,6.5301
17.9375,17.150978,6.5301
18.349166666666665,17.181915,6.5301
18.37291666666667,17.563847,6.5301
18.16916666666667,17.585875,6.5301
18.175,17.396917,6.5301
18.19,17.40233,6.5301
18.673333333333336,17.41625,6.5301
19.508750000000003,17.867949,6.5301
20.32375,18.661312,6.5301
21.050833333333333,19.463827,6.5301
21.467916666666667,20.213026,6.5301
22.07541666666667,20.658968,6.5301
22.515833333333333,21.321352,6.5301
22.505416666666665,21.810602,6.5301
22.47458333333334,21.798939,6.5301
22.523749999999996,21.76445,6.5301
22.50375,21.819462,6.5301
22.48125,21.797075,6.5301
22.464583333333337,21.771906,6.5301
22.445833333333336,21.753273,6.5301
22.418333333333333,21.732323,6.5301
22.403333333333332,21.701763,6.5301
22.37875,21.685112,6.5301
22.34875,21.657833,6.5301
22.489583333333332,21.624495,6.5301
22.602500000000003,21.781225,6.5301
22.595,21.90763,6.5301
22.604583333333334,21.899239,6.5301
22.619583333333335,21.90996,6.5301
22.628333333333334,21.926748,6.5301
22.59625,21.936539,6.5301
22.595000000000002,21.900642,6.5301
22.227083333333336,21.899239,6.5301
21.5925,21.489103,6.5301
21.166666666666668,20.793402,6.5301
20.540833333333335,20.336563,6.5301
20.128333333333334,19.682142,6.5301
20.22791666666667,19.268402,6.5301
20.247083333333332,19.367922,6.5301
20.362916666666667,19.38709,6.5301
20.355,19.503036,6.5301
20.347916666666666,19.49511,6.5301
20.342083333333335,19.488016,6.5301
20.330000000000002,19.482178,6.5301
20.32791666666667,19.47008,6.5301
20.320416666666667,19.467993,6.5301
20.31416666666667,19.460485,6.5301
20.307916666666667,19.454233,6.5301
20.051666666666666,19.447975,6.5301
18.972083333333334,19.191948,6.5301
17.832916666666666,18.149654,6.5301
17.292083333333334,17.08455,6.5301
17.224583333333335,16.58127,6.5301
17.190833333333334,16.518518,6.5301
17.17875,16.48718,6.5301
16.37375,16.475967,6.5301
16.032083333333336,15.722154,6.5301
16.545416666666668,15.3998575,6.5301
16.527083333333334,15.884456,6.5301
16.05125,15.867132,6.5301
15.694583333333334,15.4179125,6.5301
15.89875,15.079487,6.5301
16.332916666666666,15.274287,6.5301
17.024583333333336,15.683573,6.5301
17.178749999999997,16.333014,6.5301
17.017083333333336,16.475967,6.5301
16.861250000000002,16.326056,6.5301
16.71,16.181305,6.5301
16.55291666666667,16.039276,6.5301
16.39166666666667,15.891532,6.5301
16.243333333333336,15.7390785,6.5301
16.090416666666666,15.599056,6.5301
15.920833333333334,15.454818,6.5301
15.762083333333335,15.295081,6.5301
15.710833333333333,15.143992,6.5301
15.735833333333334,15.09505,6.5301
15.742500000000001,15.118923,6.5301
15.054166666666667,15.125289,6.5301
14.01,14.467876,6.5301
13.6975,13.499878,6.5301
13.345833333333333,13.211025,6.5301
12.875833333333333,12.8848095,6.5301
12.869166666666667,12.450098,6.5301
13.337083333333332,12.443955,6.5301
13.663750000000002,12.876686,6.5301
13.467916666666667,13.179782,6.5301
13.051250000000001,12.998217,6.5301
11.979166666666666,12.611801,6.5301
11.668750000000001,11.611731,6.5301
11.669583333333334,11.31791,6.5301
11.655000000000001,11.3187,6.5301
11.640416666666667,11.3049555,6.5301
11.658333333333333,11.291213,6.5301
11.852083333333335,11.308095,6.5301
12.025416666666667,11.490978,6.5301
12.026250000000003,11.655674,6.5301
12.114583333333336,11.656466,6.5301
12.578333333333333,11.740429,6.5301
13.037916666666666,12.176415,6.5301
12.967083333333335,12.599503,6.5301
12.4325,12.534186,6.5301
12.581249999999999,12.0407295,6.5301
13.034583333333332,12.179137,6.5301
13.179166666666667,12.596426,6.5301
13.279583333333335,12.729824,6.5301
12.933333333333332,12.8231325,6.5301
12.793333333333335,12.503073,6.5301
12.653333333333334,12.374089,6.5301
12.487916666666669,12.245897,6.5301
12.285833333333334,12.092199,6.5301
12.104166666666666,11.9034605,6.5301
12.326250000000002,11.73054,6.5301
12.336666666666666,11.941885,6.5301
12.330833333333333,11.951604,6.5301
12.3275,11.946159,6.5301
12.3375,11.943049,6.5301
12.312916666666666,11.952384,6.5301
12.110000000000001,11.929303,6.5301
11.94,11.73608,6.5301
11.950000000000001,11.57454,6.5301
11.9475,11.584035,6.5301
11.708333333333334,11.58166,6.5301
11.816250000000002,11.355261,6.5301
11.982083333333334,11.456986,6.5301
11.997916666666669,11.614502,6.5301
11.982916666666668,11.629542,6.5301
11.744166666666667,11.615293,6.5301
11.782916666666667,11.389091,6.5301
11.789583333333335,11.425582,6.5301
11.775833333333333,11.431861,6.5301
11.7825,11.418909,6.5301
11.772916666666667,11.425188,6.5301
11.771666666666667,11.416164,6.5301
11.835833333333335,11.414985,6.5301
11.991249999999999,11.475523,6.5301
12.066666666666668,11.623208,6.5301
12.212916666666667,11.694887,6.5301
12.388333333333334,11.833986,6.5301
12.572916666666666,11.999743,6.5301
12.742083333333333,12.171361,6.5301
12.914583333333333,12.327074,6.5301
13.099166666666667,12.485791,6.5301
13.256250000000001,12.655986,6.5301
13.415416666666667,12.8013935,6.5301
13.589166666666666,12.94943,6.5301
13.90625,13.110652,6.5301
13.9525,13.404017,6.5301
13.9425,13.44686,6.5301
13.920416666666666,13.437596,6.5301
13.926666666666668,13.417139,6.5301
14.21583333333333,13.422926,6.5301
14.584583333333333,13.687955,6.5301
14.660416666666665,14.026192,6.5301
14.68,14.096915,6.5301
14.710416666666667,14.115249,6.5301
15.153333333333334,14.14373,6.5301
15.590416666666668,14.5618515,6.5301
15.627083333333333,14.979593,6.5301
15.553333333333335,15.014778,6.5301
15.505,14.944026,6.5301
15.525833333333333,14.897876,6.5301
15.537916666666668,14.917739,6.5301
15.546249999999999,14.929259,6.5301
15.55625,14.937238,6.5301
15.573333333333332,14.946825,6.5301
15.587499999999999,14.963205,6.5301
15.597500000000002,14.976794,6.5301
15.6025,14.98639,6.5301
15.61125,14.991186,6.5301
15.512083333333335,14.999583,6.5301
15.532083333333334,14.904629,6.5301
15.557083333333333,14.923696,6.5301
15.761249999999999,14.947622,6.5301
15.956249999999999,15.143195,6.5301
16.105416666666667,15.328437,6.5301
16.106666666666666,15.468956,6.5301
16.44333333333333,15.470137,6.5301
16.576666666666668,15.787908,6.5301
16.5725,15.913949,6.5301
16.320000000000004,15.910017,6.5301
16.028333333333336,15.671372,6.5301
16.027083333333334,15.396325,6.5301
16.105,15.395148,6.5301
16.510833333333334,15.468563,6.5301
16.702916666666667,15.851754,6.5301
16.716250000000002,16.03263,6.5301
16.72791666666667,16.04514,6.5301
16.743333333333336,16.056082,6.5301
16.7525,16.070549,6.5301
16.755833333333335,16.079153,6.5301
16.77125,16.082285,6.5301
16.779166666666665,16.096754,6.5301
16.794166666666666,16.104189,6.5301
16.913750000000004,16.118277,6.5301
16.930000000000003,16.230305,6.5301
16.933333333333334,16.245356,6.5301
16.922083333333337,16.24844,6.5301
16.799583333333334,16.23802,6.5301
16.650833333333335,16.123362,6.5301
16.538333333333334,15.983791,6.5301
16.112083333333334,15.877772,6.5301
16.007083333333334,15.475243,6.5301
15.915416666666667,15.376312,6.5301
15.730833333333335,15.289978,6.5301
15.601666666666668,15.114151,6.5301
15.441250000000002,14.990387,6.5301
15.263333333333334,14.837055,6.5301
14.825000000000001,14.6667185,6.5301
14.524166666666666,14.251535,6.5301
14.347500000000002,13.970596,6.5301
14.169583333333334,13.808596,6.5301
13.984583333333335,13.645652,6.5301
13.796666666666667,13.476596,6.5301
13.612500000000002,13.302654,6.5301
13.4275,13.132272,6.5301
13.258750000000001,12.960661,6.5301
12.982083333333334,12.803721,6.5301
12.422083333333335,12.548013,6.5301
11.924166666666666,12.031059,6.5301
11.90125,11.559502,6.5301
11.968750000000002,11.537745,6.5301
12.132916666666667,11.601837,6.5301
12.362499999999999,11.757863,6.5301
12.738333333333335,11.975696,6.5301
13.152916666666668,12.323644,6.5301
13.259166666666667,12.70559,6.5301
13.01291666666667,12.80411,6.5301
12.764166666666668,12.576444,6.5301
12.498333333333335,12.347285,6.5301
12.956249999999999,12.101876,6.5301
13.869583333333333,12.524198,6.5301
15.022916666666667,13.370079,6.5301
15.39625,14.438293,6.5301
15.590833333333334,14.794029,6.5301
15.795833333333334,14.979993,6.5301
16.003333333333334,15.1762495,6.5301
16.22125,15.37278,6.5301
16.425,15.578255,6.5301
16.642083333333336,15.770578,6.5301
16.8475,15.975603,6.5301
17.059166666666666,16.16838,6.5301
17.26625,16.365076,6.5301
17.5325,16.557247,6.5301
17.883333333333336,16.80497,6.5301
18.089166666666667,17.131563,6.5301
18.163333333333334,17.322643,6.5301
18.2475,17.391506,6.5301
17.817500000000003,17.469578,6.5301
17.135416666666668,17.070179,6.5301
16.63,16.435757,6.5301
16.3225,15.964295,6.5301
16.595000000000002,15.673733,6.5301
16.806250000000002,15.931262,6.5301
15.854583333333336,16.129623,6.5301
14.458333333333334,15.232478,6.5301
13.2475,13.910157,6.5301
12.974583333333335,12.79324,6.5301
12.934166666666668,12.541099,6.5301
12.88791666666667,12.5038395,6.5301
12.84875,12.461226,6.5301
12.804166666666667,12.425158,6.5301
12.759583333333333,12.384071,6.5301
12.701666666666666,12.34309,6.5301
12.477916666666667,12.290092,6.5301
12.324166666666668,12.082908,6.5301
12.5225,11.939939,6.5301
12.687916666666666,12.124332,6.5301
11.9625,12.277514,6.5301
11.297916666666666,11.5959015,6.5301
10.787916666666668,10.967558,6.5301
10.270833333333334,10.491184,6.5301
10.1475,10.012228,6.5301
10.449166666666668,9.897804,6.5301
10.86,10.177068,6.5301
11.598333333333334,10.558283,6.5301
11.737083333333336,11.251702,6.5301
11.961666666666666,11.382423,6.5301
12.759166666666667,11.595112,6.5301
13.51791666666667,12.342709,6.5301
13.880833333333333,13.044679,6.5301
13.902083333333335,13.380488,6.5301
13.901666666666669,13.400157,6.5301
13.912500000000001,13.399771,6.5301
13.914583333333335,13.409806,6.5301
13.917083333333336,13.411733,6.5301
13.922083333333333,13.414049,6.5301
13.948333333333332,13.418681,6.5301
14.149166666666668,13.443001,6.5301
14.350833333333334,13.626987,6.5301
14.213333333333333,13.811653,6.5301
13.833333333333334,13.685665,6.5301
13.842500000000001,13.336549,6.5301
13.844583333333333,13.345028,6.5301
13.848333333333334,13.346953,6.5301
13.832500000000001,13.350424,6.5301
13.894583333333332,13.33578,6.5301
14.050416666666669,13.393211,6.5301
14.269583333333332,13.536782,6.5301
14.300416666666665,13.737144,6.5301
14.280833333333335,13.7654295,6.5301
14.262500000000001,13.747464,6.5301
14.349583333333335,13.730658,6.5301
14.545000000000002,13.810507,6.5301
14.296666666666667,13.989763,6.5301
14.290416666666667,13.761988,6.5301
14.307083333333333,13.756256,6.5301
14.31375,13.771546,6.5301
14.317916666666669,13.777657,6.5301
14.327916666666667,13.781475,6.5301
14.348333333333334,13.79064,6.5301
14.338333333333333,13.80936,6.5301
14.316666666666668,13.800192,6.5301
14.329166666666666,13.780331,6.5301
14.542916666666668,13.79179,6.5301
14.945,13.987845,6.5301
14.952916666666667,14.364625,6.5301
14.960416666666667,14.372096,6.5301
14.964166666666666,14.379171,6.5301
14.970416666666667,14.3827095,6.5301
14.966666666666667,14.388613,6.5301
14.980833333333335,14.385069,6.5301
15.007083333333334,14.398468,6.5301
15.039583333333333,14.423304,6.5301
15.086250000000001,14.454069,6.5301
15.08625,14.498266,6.5301
14.864583333333336,14.498266,6.5301
14.434583333333334,14.288822,6.5301
14.360833333333332,13.8883915,6.5301
14.362499999999999,13.820824,6.5301
14.352083333333335,13.82235,6.5301
14.338333333333333,13.812798,6.5301
14.333333333333336,13.800192,6.5301
14.323333333333332,13.795608,6.5301
14.310416666666667,13.78644,6.5301
14.301250000000001,13.774603,6.5301
14.296666666666667,13.766195,6.5301
14.287916666666668,13.761988,6.5301
14.147916666666667,13.753961,6.5301
14.020416666666668,13.625848,6.5301
14.132083333333334,13.50939,6.5301
14.236666666666666,13.611373,6.5301
14.269583333333335,13.707015,6.5301
14.279166666666667,13.737144,6.5301
14.297916666666667,13.745934,6.5301
14.299583333333333,13.763137,6.5301
14.171666666666667,13.764665,6.5301
14.018333333333333,13.647557,6.5301
13.860000000000001,13.5074835,6.5301
13.712916666666667,13.361214,6.5301
13.617916666666668,13.225265,6.5301
13.609583333333335,13.137294,6.5301
13.467916666666667,13.129569,6.5301
13.312916666666666,12.998217,6.5301
13.16916666666667,12.854205,6.5301
13.02875,12.7205925,6.5301
12.878750000000002,12.591047,6.5301
12.73375,12.452784,6.5301
12.589166666666669,12.319447,6.5301
12.440000000000003,12.186523,6.5301
12.292916666666665,12.047696,6.5301
12.151250000000003,11.910219,6.5301
12.120833333333335,11.775302,6.5301
12.090416666666668,11.746371,6.5301
12.182500000000003,11.717475,6.5301
12.488750000000001,11.805036,6.5301
12.651250000000003,12.092973,6.5301
12.621250000000002,12.24399,6.5301
12.51041666666667,12.21645,6.5301
12.474583333333335,12.113104,6.5301
12.629583333333334,12.079813,6.5301
12.773750000000001,12.224195,6.5301
12.891666666666666,12.35606,6.5301
13.03125,12.464677,6.5301
13.125416666666666,12.593354,6.5301
12.973333333333336,12.680206,6.5301
13.112499999999999,12.539947,6.5301
13.282083333333334,12.668286,6.5301
13.420000000000002,12.825464,6.5301
13.564166666666667,12.953689,6.5301
13.716666666666667,13.087498,6.5301
13.861666666666666,13.228731,6.5301
14.003333333333336,13.362757,6.5301
14.155000000000001,13.493793,6.5301
14.316666666666668,13.63232,6.5301
14.365833333333335,13.780331,6.5301
14.22875,13.825405,6.5301
13.868333333333334,13.699771,6.5301
13.862499999999999,13.368921,6.5301
14.273333333333335,13.363528,6.5301
14.926250000000001,13.740584,6.5301
15.826250000000002,14.346946,6.5301
16.809166666666666,15.205364,6.5301
17.917916666666667,16.132364,6.5301
18.669583333333335,17.163757,6.5301
18.68166666666667,17.86442,6.5301
18.28375,17.87579,6.5301
18.43375,17.503193,6.5301
19.003333333333334,17.642733,6.5301
19.81416666666667,18.179245,6.5301
19.92875,18.957047,6.5301
19.910416666666666,19.069588,6.5301
19.915833333333335,19.051516,6.5301
19.915833333333335,19.056837,6.5301
19.919166666666666,19.056837,6.5301
19.923750000000002,19.060112,6.5301
19.928749999999997,19.06463,6.5301
19.936666666666667,19.069588,6.5301
19.9375,19.077442,6.5301
19.949583333333333,19.07827,6.5301
19.94875,19.090265,6.5301
20.036666666666665,19.089436,6.5301
19.777916666666666,19.176992,6.5301
18.898750000000003,18.921734,6.5301
17.915000000000003,18.080273,6.5301
16.910416666666666,17.161053,6.5301
15.9475,16.227217,6.5301
14.83875,15.320196,6.5301
14.433749999999998,14.264485,6.5301
14.6825,13.887627,6.5301
15.610416666666667,14.117595,6.5301
15.984583333333335,14.998784,6.5301
16.052500000000002,15.355129,6.5301
15.625,15.41909,6.5301
15.488333333333332,15.012776,6.5301
15.48375,14.881994,6.5301
15.480416666666668,14.87762,6.5301
15.481666666666667,14.874436,6.5301
15.474166666666667,14.875628,6.5301
15.488750000000001,14.868468,6.5301
15.680833333333334,14.882392,6.5301
15.863333333333332,15.066322,6.5301
15.871250000000002,15.240832,6.5301
15.950833333333334,15.248393,6.5301
16.315833333333334,15.323337,6.5301
16.750833333333333,15.667438,6.5301
17.177083333333336,16.077587,6.5301
17.605833333333333,16.474419,6.5301
18.125833333333333,16.873125,6.5301
18.63875,17.356703,6.5301
19.085833333333333,17.835411,6.5301
19.19,18.257421,6.5301
18.689583333333335,18.357107,6.5301
18.430000000000003,17.883238,6.5301
17.929583333333337,17.63922,6.5301
17.416666666666668,17.174578,6.5301
16.83125,16.697174,6.5301
16.651666666666667,16.15311,6.5301
16.64666666666667,15.9845705,6.5301
16.652083333333334,15.979891,6.5301
16.659166666666668,15.9849615,6.5301
16.652916666666666,15.991603,6.5301
16.657083333333336,15.985743,6.5301
16.645416666666666,15.989646,6.5301
16.458333333333332,15.978723,6.5301
16.27875,15.802089,6.5301
16.28291666666667,15.632434,6.5301
16.292083333333334,15.636362,6.5301
16.209166666666665,15.645013,6.5301
16.235833333333336,15.566841,6.5301
16.300833333333333,15.591993,6.5301
16.370416666666667,15.6532755,6.5301
16.427083333333332,15.719006,6.5301
16.473333333333333,15.772546,6.5301
16.389166666666668,15.816277,6.5301
16.452916666666667,15.736718,6.5301
16.54041666666667,15.796971,6.5301
16.535833333333333,15.879738,6.5301
16.511666666666667,15.875415,6.5301
16.50625,15.852541,6.5301
16.473333333333333,15.847417,6.5301
16.59375,15.816277,6.5301
16.847083333333334,15.9300785,6.5301
16.84,16.16799,6.5301
16.844166666666666,16.161331,6.5301
16.858333333333334,16.165249,6.5301
16.855833333333333,16.178564,6.5301
16.850833333333334,16.176212,6.5301
16.85125,16.171516,6.5301
16.850833333333334,16.171904,6.5301
16.827916666666667,16.171516,6.5301
16.819583333333334,16.149979,6.5301
16.820833333333336,16.142149,6.5301
16.805833333333336,16.143322,6.5301
16.7475,16.129232,6.5301
16.673333333333336,16.07446,6.5301
16.611250000000002,16.004885,6.5301
16.56791666666667,15.946606,6.5301
16.647916666666667,15.905687,6.5301
16.47458333333333,15.981063,6.5301
16.39791666666667,15.817457,6.5301
16.42125,15.744986,6.5301
16.460833333333333,15.767032,6.5301
16.48,15.804451,6.5301
16.4475,15.822581,6.5301
16.405833333333334,15.791847,6.5301
16.23375,15.752466,6.5301
16.250833333333333,15.590029,6.5301
16.25583333333333,15.606122,6.5301
16.26,15.610831,6.5301
16.27541666666667,15.614756,6.5301
16.287916666666668,15.629289,6.5301
16.293333333333333,15.641081,6.5301
16.293333333333333,15.646196,6.5301
16.305,15.646196,6.5301
16.31625,15.657209,6.5301
16.295416666666668,15.667832,6.5301
16.284583333333334,15.648161,6.5301
16.329583333333336,15.637937,6.5301
16.368333333333332,15.680425,6.5301
16.3825,15.717034,6.5301
16.420416666666664,15.730423,6.5301
16.475416666666668,15.766246,6.5301
16.89375,15.818247,6.5301
17.214583333333334,16.211784,6.5301
17.205833333333334,16.509232,6.5301
17.226666666666667,16.501106,6.5301
17.218333333333334,16.520454,6.5301
17.208333333333332,16.512716,6.5301
17.225833333333334,16.50343,6.5301
17.484583333333333,16.51968,6.5301
17.462500000000002,16.760439,6.5301
17.44666666666667,16.739864,6.5301
17.4275,16.725113,6.5301
17.410416666666666,16.70726,6.5301
17.382083333333334,16.691359,6.5301
17.557916666666667,16.664978,6.5301
17.740000000000002,16.828583,6.5301
17.7375,16.997974,6.5301
17.717916666666667,16.995642,6.5301
17.543333333333333,16.977411,6.5301
17.116666666666667,16.815035,6.5301
16.635833333333334,16.418371,6.5301
16.175,15.96975,6.5301
15.727500000000001,15.53459,6.5301
15.260416666666666,15.110966,6.5301
14.785416666666668,14.663921,6.5301
14.34875,14.214271,6.5301
13.92125,13.809742,6.5301
13.624166666666667,13.417908,6.5301
13.557916666666666,13.143086,6.5301
13.540416666666667,13.081709,6.5301
13.550833333333335,13.065507,6.5301
13.530416666666667,13.075149,6.5301
13.207499999999998,13.056252,6.5301
13.204166666666666,12.756076,6.5301
13.204583333333334,12.752983,6.5301
13.095833333333333,12.753369,6.5301
12.92666666666667,12.652911,6.5301
12.775,12.496926,6.5301
12.420416666666668,12.3572035,6.5301
12.058749999999998,12.029513,6.5301
11.693333333333335,11.687358,6.5301
11.267916666666666,11.341093,6.5301
11.012500000000003,10.939295,6.5301
10.758333333333333,10.700144,6.5301
10.509166666666667,10.463663,6.5301
10.269583333333333,10.232478,6.5301
10.072916666666666,10.011067,6.5301
9.827916666666667,9.828627,6.5301
9.625,9.6014595,6.5301
9.755416666666667,9.411299,6.5301
10.148333333333333,9.533838,6.5301
10.579583333333334,9.898577,6.5301
10.904583333333335,10.297592,6.5301
11.522083333333335,10.599809,6.5301
12.170000000000002,11.179497,6.5301
12.007083333333334,11.7931385,6.5301
12.013333333333334,11.63825,6.5301
12.038750000000002,11.644189,6.5301
12.059166666666668,11.668346,6.5301
12.194583333333334,11.687756,6.5301
12.392083333333334,11.816534,6.5301
12.575416666666667,12.003221,6.5301
12.76291666666667,12.173693,6.5301
12.9525,12.346145,6.5301
13.146666666666668,12.520739,6.5301
13.352916666666667,12.699821,6.5301
13.53375,12.891383,6.5301
14.073749999999999,13.059335,6.5301
14.958333333333334,13.558083,6.5301
15.865833333333335,14.377204,6.5301
16.651666666666667,15.243221,6.5301
17.314583333333335,15.9845705,6.5301
17.2475,16.6022,6.5301
16.6725,16.53982,6.5301
16.01875,16.004105,6.5301
15.464166666666666,15.387297,6.5301
14.520833333333334,14.858924,6.5301
13.429166666666667,13.967529,6.5301
12.135833333333336,12.96221,6.5301
11.659583333333332,11.760637,6.5301
11.630416666666667,11.309273,6.5301
11.501666666666667,11.281794,6.5301
11.314166666666667,11.160138,6.5301
11.133333333333335,10.982874,6.5301
10.946250000000001,10.812674,6.5301
10.762083333333335,10.638534,6.5301
10.572083333333333,10.46715,6.5301
10.387500000000001,10.290637,6.5301
10.204583333333334,10.120203,6.5301
10.075833333333334,9.950749,6.5301
9.787916666666666,9.831331,6.5301
9.144583333333335,9.564285,6.5301
8.537500000000001,8.960491,6.5301
8.040416666666667,8.396248,6.5301
7.1016666666666675,7.9376054,6.5301
6.315833333333334,7.0657563,6.5301
6.231666666666668,6.3290896,6.5301
6.3204166666666675,6.249966,6.5301
6.206250000000001,6.3333883,6.5301
5.847916666666666,6.2257886,6.5301
5.713333333333334,5.878394,6.5301
5.395833333333335,5.7458124,6.5301
5.328333333333334,5.429197,6.5301
5.3254166666666665,5.3597884,6.5301
5.333750000000001,5.3567486,6.5301
5.444166666666668,5.3654323,6.5301
5.605,5.477982,6.5301
5.766666666666667,5.6390057,6.5301
5.927916666666667,5.798403,6.5301
6.091250000000001,5.956242,6.5301
6.2575,6.1144156,6.5301
6.420833333333334,6.2742634,6.5301
6.599166666666668,6.4276285,6.5301
6.765833333333334,6.595022,6.5301
6.935416666666668,6.7515073,6.5301
7.103750000000001,6.910646,6.5301
6.890416666666667,7.067696,6.5301
6.517083333333335,6.8684072,6.5301
6.6675,6.5178657,6.5301
6.839166666666667,6.6593256,6.5301
7.005416666666666,6.82029,6.5301
7.1725,6.976007,6.5301
7.344166666666667,7.1317496,6.5301
7.500416666666667,7.291987,6.5301
7.647083333333335,7.4381227,6.5301
7.800416666666667,7.5746117,6.5301
7.885833333333334,7.717035,6.5301
7.895833333333335,7.7953677,6.5301
7.8879166666666665,7.804544,6.5301
7.892916666666667,7.797279,6.5301
7.905,7.8018665,6.5301
7.910833333333334,7.812956,6.5301
7.9125000000000005,7.818316,6.5301
7.917500000000001,7.8198466,6.5301
7.924583333333334,7.8244433,6.5301
7.920416666666668,7.8309555,6.5301
7.916250000000001,7.827125,6.5301
7.917083333333334,7.8232956,6.5301
7.920000000000001,7.82406,6.5301
7.909583333333333,7.826742,6.5301
8.204166666666667,7.817167,6.5301
8.590416666666668,8.088469,6.5301
8.809166666666668,8.445121,6.5301
8.931666666666667,8.647856,6.5301
9.05375,8.761746,6.5301
9.179166666666667,8.875607,6.5301
9.295416666666668,8.992832,6.5301
9.38,9.101691,6.5301
9.29875,9.181018,6.5301
9.1775,9.1048155,6.5301
9.005416666666667,8.991274,6.5301
8.829583333333334,8.830482,6.5301
8.662916666666666,8.666871,6.5301
8.4925,8.5121,6.5301
8.329166666666667,8.354689,6.5301
8.16,8.203835,6.5301
7.989583333333333,8.047718,6.5301
7.824583333333334,7.8907905,6.5301
7.6625000000000005,7.7391944,6.5301
7.498333333333334,7.588954,6.5301
7.330833333333334,7.4361715,6.5301
7.167916666666667,7.279526,6.5301
7.002083333333334,7.127476,6.5301
6.842500000000001,6.9728937,6.5301
6.511250000000001,6.8234177,6.5301
6.199166666666667,6.51238,6.5301
6.052500000000001,6.218938,6.5301
6.000000000000001,6.0768833,6.5301
5.955416666666667,6.026064,6.5301
5.863333333333333,5.982879,6.5301
5.778750000000001,5.893539,6.5301
5.72375,5.8103065,6.5301
5.830000000000001,5.756082,6.5301
5.986250000000001,5.860755,6.5301
6.50125,6.0127583,6.5301
7.436250000000001,6.502978,6.5301
7.866250000000001,7.3780684,6.5301
8.055000000000001,7.777402,6.5301
8.24375,7.9510403,6.5301
8.431666666666667,8.125002,6.5301
8.530416666666667,8.2985525,6.5301
8.530833333333334,8.389706,6.5301
8.71625,8.39009,6.5301
8.920416666666668,8.561454,6.5301
9.117500000000001,8.751287,6.5301
9.305000000000001,8.935176,6.5301
9.497916666666667,9.110677,6.5301
9.697083333333333,9.2917385,6.5301
9.7675,9.479068,6.5301
9.732500000000002,9.545171,6.5301
9.714583333333334,9.512318,6.5301
9.70875,9.495496,6.5301
9.664166666666668,9.49002,6.5301
9.663750000000002,9.448169,6.5301
9.664166666666668,9.447777,6.5301
10.025416666666667,9.448169,6.5301
10.600833333333334,9.784547,6.5301
11.237916666666669,10.317316,6.5301
11.60875,10.911058,6.5301
11.34125,11.261444,6.5301
10.948333333333336,11.008406,6.5301
10.775833333333333,10.640469,6.5301
10.584166666666668,10.479941,6.5301
10.398333333333333,10.301846,6.5301
10.304166666666669,10.130192,6.5301
10.3075,10.043188,6.5301
10.11875,10.046284,6.5301
9.91125,9.871152,6.5301
9.703333333333335,9.678704,6.5301
9.449166666666668,9.484935,6.5301
9.5675,9.245932,6.5301
9.870833333333334,9.357176,6.5301
10.179583333333333,9.64122,6.5301
10.4975,9.927559,6.5301
10.81875,10.221699,6.5301
11.259166666666667,10.5198765,6.5301
11.512083333333335,10.931059,6.5301
11.77125,11.170014,6.5301
12.306249999999999,11.414595,6.5301
12.305416666666666,11.922942,6.5301
12.285416666666668,11.922146,6.5301
12.333333333333334,11.903065,6.5301
12.302083333333334,11.948494,6.5301
12.511249999999999,11.918964,6.5301
13.135416666666666,12.113878,6.5301
13.804166666666667,12.689437,6.5301
14.391666666666666,13.309585,6.5301
14.95041666666667,13.849088,6.5301
15.500416666666666,14.369737,6.5301
15.924166666666666,14.893509,6.5301
15.926666666666668,15.298218,6.5301
15.935833333333333,15.300572,6.5301
15.929583333333333,15.309205,6.5301
15.928749999999999,15.303321,6.5301
15.72625,15.302537,6.5301
15.933333333333332,15.109774,6.5301
16.256666666666668,15.306853,6.5301
16.395833333333332,15.611617,6.5301
16.18541666666667,15.743016,6.5301
15.832499999999998,15.544422,6.5301
15.334583333333333,15.21135,6.5301
14.769583333333335,14.73496,6.5301
13.931666666666667,14.199374,6.5301
13.324583333333335,13.427558,6.5301
12.674583333333333,12.865085,6.5301
11.894166666666669,12.265322,6.5301
11.229999999999999,11.531022,6.5301
10.544583333333334,10.903607,6.5301
9.879166666666668,10.265208,6.5301
9.187083333333334,9.648955,6.5301
8.586250000000001,9.0002365,6.5301
8.013333333333334,8.4412775,6.5301
7.454583333333335,7.91266,6.5301
7.019583333333334,7.395221,6.5301
6.999583333333334,6.989242,6.5301
6.987916666666667,6.9705596,6.5301
6.999166666666667,6.9596624,6.5301
7.087500000000001,6.970169,6.5301
7.164583333333334,7.052558,6.5301
6.656666666666667,7.1243687,6.5301
6.022916666666667,6.6491256,6.5301
5.558750000000001,6.048241,6.5301
5.432083333333334,5.593002,6.5301
5.317916666666667,5.4657836,6.5301
5.558750000000001,5.3489337,6.5301
5.8625,5.593002,6.5301
5.952500000000001,5.8927255,6.5301
5.989583333333333,5.9800544,6.5301
5.879583333333334,6.015987,6.5301
5.765833333333334,5.9094014,6.5301
5.612500000000001,5.797581,6.5301
5.415416666666668,5.646456,6.5301
5.415,5.448976,6.5301
5.4225,5.448556,6.5301
5.425000000000001,5.456121,6.5301
5.423333333333333,5.4586415,6.5301
5.428333333333334,5.456962,6.5301
5.430833333333333,5.4620028,6.5301
5.43625,5.4645224,6.5301
5.465,5.46999,6.5301
5.665833333333334,5.4990177,6.5301
5.8258333333333345,5.699039,6.5301
5.830416666666667,5.8566523,6.5301
5.825,5.8611655,6.5301
5.608333333333334,5.8558326,6.5301
5.408333333333334,5.642317,6.5301
5.19875,5.441822,6.5301
4.977916666666667,5.2244043,6.5301
4.763333333333334,4.993496,6.5301
4.554583333333334,4.768791,6.5301
4.546666666666668,4.550454,6.5301
4.565,4.542198,6.5301
4.771666666666667,4.5613155,6.5301
4.980833333333334,4.777526,6.5301
5.136250000000001,4.996544,6.5301
5.340833333333333,5.1586304,6.5301
5.373333333333334,5.3728137,6.5301
5.374166666666667,5.4062357,6.5301
5.378333333333334,5.407092,6.5301
5.386666666666667,5.4113636,6.5301
5.390000000000001,5.4198937,6.5301
5.393333333333334,5.4233046,6.5301
5.402916666666667,5.426672,6.5301
5.389166666666667,5.436351,6.5301
5.375000000000001,5.422452,6.5301
5.381666666666668,5.4079514,6.5301
5.38625,5.4147754,6.5301
5.385416666666668,5.4194665,6.5301
5.589583333333334,5.4186144,6.5301
5.791666666666667,5.623696,6.5301
6.050833333333333,5.823019,6.5301
6.290416666666668,6.0752687,6.5301
6.505000000000002,6.3052363,6.5301
6.71625,6.5065026,6.5301
6.930416666666667,6.705044,6.5301
7.423333333333335,6.90597,6.5301
7.857083333333333,7.3659873,6.5301
8.308333333333335,7.768994,6.5301
8.589583333333335,8.1846,6.5301
8.842916666666667,8.444351,6.5301
9.01125,8.679258,6.5301
9.015,8.835928,6.5301
9.015,8.839426,6.5301
9.0225,8.839426,6.5301
9.029583333333333,8.846428,6.5301
9.032916666666667,8.85304,6.5301
9.035000000000002,8.856153,6.5301
9.02625,8.858098,6.5301
9.045,8.849929,6.5301
9.05625,8.867435,6.5301
9.213750000000001,8.877942,6.5301
9.62375,9.025185,6.5301
10.051250000000001,9.41012,6.5301
10.5,9.8085165,6.5301
10.660833333333334,10.2240095,6.5301
10.709166666666668,10.373032,6.5301
10.745833333333335,10.417949,6.5301
10.777916666666668,10.452038,6.5301
10.875833333333334,10.481881,6.5301
10.995416666666669,10.5730295,6.5301
10.983333333333334,10.684252,6.5301
10.948750000000002,10.673014,6.5301
11.0875,10.640858,6.5301
11.279583333333335,10.769951,6.5301
11.350833333333334,10.950283,6.5301
11.337083333333332,11.017443,6.5301
11.34125,11.004476,6.5301
11.332083333333335,11.008406,6.5301
11.3175,10.999763,6.5301
11.304166666666667,10.986015,6.5301
11.494166666666667,10.973449,6.5301
11.695000000000002,11.153027,6.5301
11.694583333333334,11.342668,6.5301
11.690833333333336,11.342275,6.5301
11.810416666666667,11.338733,6.5301
11.820416666666667,11.451487,6.5301
11.82,11.460912,6.5301
11.811666666666667,11.460518,6.5301
12.013750000000002,11.452666,6.5301
12.035416666666668,11.644585,6.5301
12.038333333333334,11.665176,6.5301
12.030833333333334,11.66795,6.5301
11.972083333333336,11.660823,6.5301
11.97,11.605004,6.5301
11.969583333333333,11.6030245,6.5301
12.01041666666667,11.602628,6.5301
12.031666666666666,11.641418,6.5301
11.704166666666667,11.661612,6.5301
11.454583333333334,11.351325,6.5301
11.46875,11.115512,6.5301
11.472916666666668,11.128936,6.5301
11.473333333333334,11.132885,6.5301
11.47875,11.133279,6.5301
11.487083333333333,11.138413,6.5301
11.294583333333334,11.146312,6.5301
11.092083333333335,10.9644165,6.5301
10.877916666666666,10.77422,6.5301
10.600416666666668,10.57497,6.5301
10.229583333333334,10.316928,6.5301
9.717083333333333,9.97395,6.5301
9.382083333333334,9.497843,6.5301
9.293333333333335,9.182971,6.5301
9.281666666666668,9.099739,6.5301
9.620833333333334,9.088803,6.5301
9.778333333333334,9.407375,6.5301
9.972083333333334,9.555314,6.5301
10.245000000000001,9.735085,6.5301
9.912916666666668,9.988254,6.5301
10.222500000000002,9.680249,6.5301
10.402083333333334,9.967377,6.5301
9.972083333333334,10.133647,6.5301
9.855,9.735085,6.5301
9.842500000000001,9.626528,6.5301
9.843333333333335,9.614947,6.5301
9.852500000000001,9.61572,6.5301
9.86125,9.6242075,6.5301
9.867916666666668,9.632327,6.5301
9.8775,9.638513,6.5301
9.877083333333333,9.6474085,6.5301
9.884166666666667,9.64702,6.5301
9.894583333333335,9.653597,6.5301
9.922916666666667,9.663265,6.5301
9.924166666666668,9.689513,6.5301
10.431666666666667,9.690672,6.5301
10.980833333333335,10.160927,6.5301
11.315,10.670687,6.5301
11.549583333333333,10.983659,6.5301
11.687916666666668,11.205582,6.5301
11.353333333333333,11.335982,6.5301
10.842916666666667,11.019802,6.5301
10.252916666666668,10.542376,6.5301
9.899583333333334,9.9956,6.5301
8.880416666666667,9.667902,6.5301
7.9508333333333345,8.714105,6.5301
7.729166666666667,7.8551016,6.5301
7.532916666666666,7.650963,6.5301
7.526250000000001,7.468513,6.5301
7.517083333333335,7.462314,6.5301
7.502916666666668,7.453728,6.5301
7.493333333333333,7.440462,6.5301
7.4775,7.4314895,6.5301
7.46875,7.416668,6.5301
7.472916666666666,7.4084797,6.5301
7.468333333333334,7.412379,6.5301
7.465833333333333,7.4080873,6.5301
7.510833333333334,7.4057493,6.5301
7.817500000000002,7.4478765,6.5301
7.885833333333334,7.7327013,6.5301
7.516666666666667,7.7953677,6.5301
7.0275,7.453339,6.5301
6.567083333333334,6.9966187,6.5301
6.191666666666667,6.5648546,6.5301
6.53625,6.2116857,6.5301
7.015000000000001,6.5358787,6.5301
7.541666666666667,6.9849615,6.5301
8.391250000000001,7.4766374,6.5301
9.320416666666667,8.261193,6.5301
10.252916666666668,9.1251335,6.5301
11.0025,9.9956,6.5301
11.646666666666667,10.690842,6.5301
12.245,11.297101,6.5301
12.518333333333333,11.864538,6.5301
12.67875,12.120461,6.5301
12.83375,12.269132,6.5301
12.998750000000001,12.411338,6.5301
13.148333333333333,12.563379,6.5301
13.300833333333335,12.701359,6.5301
13.470833333333333,12.84294,6.5301
13.823749999999999,13.000927,6.5301
14.167083333333332,13.327688,6.5301
14.113333333333335,13.643368,6.5301
13.8175,13.59424,6.5301
13.767083333333334,13.321914,6.5301
13.760833333333336,13.275315,6.5301
13.784583333333336,13.269545,6.5301
13.905416666666667,13.291487,6.5301
14.0875,13.403247,6.5301
14.379583333333334,13.5706415,6.5301
14.737916666666665,13.838018,6.5301
14.775416666666667,14.169579,6.5301
15.149583333333334,14.204862,6.5301
15.610833333333334,14.558293,6.5301
15.989583333333334,14.999182,6.5301
16.40625,15.359836,6.5301
16.703333333333333,15.752856,6.5301
16.662499999999998,16.033024,6.5301
16.665,15.99473,6.5301
16.665000000000003,15.997069,6.5301
16.66541666666667,15.997069,6.5301
16.666666666666668,15.997463,6.5301
16.664166666666667,15.998636,6.5301
16.65041666666667,15.996288,6.5301
16.6275,15.983401,6.5301
16.62125,15.961952,6.5301
16.8125,15.956054,6.5301
17.0775,16.135494,6.5301
17.249583333333337,16.382061,6.5301
17.27125,16.541754,6.5301
17.24083333333333,16.561895,6.5301
17.090833333333336,16.53362,6.5301
16.88291666666667,16.39442,6.5301
16.59625,16.201647,6.5301
16.2925,15.932439,6.5301
16.266250000000003,15.645408,6.5301
15.825000000000001,15.620645,6.5301
15.282499999999999,15.204169,6.5301
14.822916666666666,14.685083,6.5301
14.343333333333334,14.249574,6.5301
14.04125,13.804776,6.5301
13.984166666666667,13.52841,6.5301
13.963333333333333,13.476212,6.5301
13.955,13.4569,6.5301
13.949166666666668,13.449179,6.5301
