y_true,y_st,y_lt
18.7375,21.15276,10.536252127449513
22.66,17.775335,15.0914841312027
23.255,15.845822,13.562599391160013
20.0525,19.341808,11.816454039754868
19.6025,18.486126,9.816113191072942
12.81,14.772857,7.765770328063965
6.4025,8.926923,3.442842380365134
6.0975,9.661449,2.6331229681271315
6.215,9.554049,2.526380064700246
6.1425,8.48922,3.0473695703402166
6.2575,8.882084,3.4933172556424146
7.375,8.9528885,3.736564607380033
10.7725,9.208697,6.7015381571424015
12.4125,11.8604,8.757512511160375
12.4325,13.020191,11.914048498336077
12.31,15.811379,16.930804914155008
12.5125,14.358412,16.917728086030486
12.7225,13.821398,12.722974554979803
8.9975,13.939079,10.609535875023605
9.8875,10.022089,10.207448063628675
8.895,9.154401,9.77419265329361
8.26,9.731926,8.295975166145563
9.5775,9.793412,6.6440528151619445
17.8925,11.106209,7.467507423462869
18.5725,16.978188,8.400614040421248
18.12,14.348302,8.17549585419178
18.18,14.478346,6.634683701872826
17.205,19.976784,5.440880355803967
20.015,19.715935,3.8268580120587354
14.5325,14.263516,3.925990683269501
2.4075,8.766337,2.7600299557667975
2.225,8.421103,2.5207651440322403
2.215,6.8094516,2.855673963966966
2.09,4.9358873,4.581898532263637
2.305,5.0062227,5.450863784173728
3.3275,3.8876288,7.070499027813674
6.885,4.9058857,8.60008780527115
8.475,8.207638,10.52839778581977
10.46,13.289183,11.730176719915868
11.345,11.7008505,12.586711387000085
10.69,13.667783,12.036987495540382
10.395,10.117779,11.558309143157006
10.66,9.07789,11.227452781981231
8.9775,8.395579,11.633426944570543
8.879999999999999,7.792982,10.540827158181669
8.3,8.34935,8.922867539755106
9.1175,10.181731,8.712757232607604
14.78,9.334867,9.350255432760717
17.5825,22.437624,9.764314305135013
18.47,22.0829,15.538508282437325
16.8525,15.876794,20.971969975333216
15.9925,18.459291,19.38504054326296
13.9325,15.712264,17.899031762611866
5.6675,11.3907175,22.724273027112485
2.32,4.599295,19.57177777821064
6.1575,3.72445,12.543373882988693
5.9475,5.7571597,10.694118170225622
4.7375,7.206274,9.647450560754539
2.145,7.2464356,9.514240377063752
2.2925,7.3082423,10.268097936583759
1.9700000000000002,4.97112,11.39358459582925
4.435,4.625984,12.17172053398371
6.345,6.187029,15.477194787533286
6.19,7.2514486,16.78872191909552
7.7675,5.4389834,15.843950590388776
30.1625,7.9979877,19.490668788142205
30.5075,22.106596,24.246846488010885
30.065000000000005,18.559162,20.66951517861605
22.225,26.264675,17.34829505957842
4.1025,26.638538,17.584607521533968
8.0125,7.75318,18.931848991942406
29.835,5.003115,24.66638812247992
34.4,21.179382,27.215031046533586
35.3075,24.968405,30.16825703284264
28.730000000000004,27.572598,29.169286947836877
9.4875,23.144154,26.428696426980498
7.895,8.150128,26.594372354373935
6.5175,6.682216,24.500915889034275
3.4374999999999996,4.7055416,19.889501537919045
3.6700000000000004,3.2362757,14.66274393671036
3.555,3.0807579,12.605916008054018
3.545,4.165045,14.331223953585626
3.5375000000000005,5.9897394,14.936967722234728
3.62,7.6882043,15.526165399172308
3.4725000000000006,5.957774,14.67161270653248
5.5825,5.0787797,15.786376334383489
7.6000000000000005,7.933573,17.476756426033976
24.7675,16.524168,22.284596407566074
29.81,28.869287,31.491045529804232
30.9825,27.963945,36.493519928307535
28.2925,26.500122,34.908030903439524
27.21,20.024282,25.86225912378073
20.762500000000003,15.474925,20.190642023687364
2.94,13.101932,14.38069895023823
2.22,8.665352,13.339744471017124
4.775,4.9824896,13.798711392405034
6.94,21.16312,17.241050196065906
7.17,27.484472,26.268602683727742
7.125,14.98081,33.069541062464715
4.99,7.188388,28.059028836116795
2.375,4.5711546,21.721801346147064
2.44,3.7923005,15.129937022013666
2.3525,3.006471,11.202319212089778
2.32,3.4911785,10.770869564768077
2.3525,3.2995784,9.928247517641784
2.3675,3.772771,9.968734923002721
2.2725,4.286739,9.543045287871362
4.55,6.430864,10.414602383605242
7.1625000000000005,8.536719,10.971037667320967
8.635,11.18065,12.958110118570328
17.927500000000002,14.080021,15.932688403787614
19.13,20.493912,20.95817051867962
18.775,16.839659,20.068013417260648
18.4675,19.130636,19.6924793752265
17.1575,17.20548,18.966402598609925
10.5075,15.654092,17.536872006530764
9.71,9.456136,15.9877649840045
8.379999999999999,7.292241,15.030169019680025
8.6,9.598474,14.705239990723134
14.160000000000002,17.533756,15.083586949179175
17.57,19.226078,22.795839117388727
18.7375,20.614983,28.03788023115635
17.9075,15.609064,27.47970061593533
23.565,16.386713,24.75467813251734
26.335,20.382698,24.916066787295343
12.595,13.009812,22.704173607645036
2.6275,4.5976915,15.4477739450264
2.4125,3.329175,10.80976783401251
2.3225,3.6528525,10.373346276084186
2.3775,4.0076485,10.115525511522295
2.26,5.3656864,11.324677843204737
4.4375,4.8238907,12.444984856349231
6.9925,7.0133905,13.432360552517178
8.7525,8.849867,13.817239458560945
15.242500000000001,14.81944,15.202857838704588
16.79,17.161806,16.327516789209845
16.935,15.977399,16.98131777997017
16.6175,14.912208,16.089644290273192
16.42,14.475114,15.615218453204633
9.365,12.080902,14.162882222065926
9.5125,9.538452,13.811961198723317
9.5325,6.90021,14.981166075668336
9.1275,9.093024,13.970535320460797
13.9225,10.700373,13.537644457627536
17.11,14.894302,18.67593664567709
18.0425,16.038635,25.645553012609483
16.5625,17.749142,28.764999726791384
15.359999999999998,17.181404,25.218060847702027
15.322500000000002,15.840417,21.231295003533365
7.745,9.79544,18.033432585926057
2.3525,5.8931165,13.402897677925827
2.375,4.2350745,8.692138878558875
2.26,5.0831485,8.096025307108164
2.4075,3.7127337,7.99124012884617
2.2625,5.1889935,8.867929180431366
3.5799999999999996,4.0024657,9.717601301417352
6.905,4.9061,10.727605616904498
8.69,7.083908,10.637817809703352
12.6175,13.659487,9.931189763554336
17.045,16.147764,10.27788413748026
17.192500000000003,17.909327,10.272440982542038
17.0925,18.651125,11.133178858072759
16.6675,16.398172,11.100118198713066
17.0575,13.56485,12.532741382237674
17.59,12.931552,12.473289423689844
10.5675,14.123731,12.155486449668409
9.3925,10.35348,12.076848461180926
15.677500000000002,9.025571,16.256573097107413
17.68,18.621632,28.22006668465138
18.365,17.866447,34.21010107384682
15.620000000000001,16.335659,36.80872176294804
15.777499999999998,16.155996,29.920384131040578
15.91,16.727737,22.98973473964453
9.3275,11.633294,16.317912457909586
2.5875,5.9295793,11.14785128878832
2.4025,5.2834,9.484765377832652
2.325,6.559642,8.618603746787311
2.48,5.4402905,8.88649281219721
2.4925,5.504589,9.8389826865685
3.5049999999999994,4.8959084,10.75153803915143
7.122500000000001,6.691987,10.643197108205557
8.4925,10.8724785,11.183866318700314
15.092500000000001,16.695707,12.359252336989643
16.875,17.877567,13.324416501445771
17.02,14.430167,14.052578716099264
17.675,13.656217,13.682324550521376
18.7375,16.09468,14.138534328830243
17.06,15.545499,12.632417237309218
16.1275,11.840807,12.706405830607416
8.5,9.436106,13.608487111065388
8.61,8.8529215,14.76523109158516
14.925000000000002,8.432463,17.849344988918308
17.215,19.250088,27.010787448406223
17.872500000000002,18.029959,31.338142506232266
15.867500000000001,14.002565,32.72591260577679
15.53,12.656696,26.37026212986231
15.350000000000001,13.18362,23.222678168368343
8.3725,10.704741,20.119971540133957
2.3225,5.162074,13.554935002219679
2.3275,4.1339397,11.03810632455945
2.0675,5.371298,10.53181612591982
2.27,4.043586,10.6135151817894
2.3025,3.918973,11.516986754271985
5.2575,5.7658353,11.741080004287959
10.8025,7.6168303,12.780137381542922
12.4775,10.692123,14.260060401349069
20.27,14.806966,15.719100749959948
21.3925,18.029385,16.238460501940253
21.7975,18.604998,16.68446618343592
21.015,17.158812,16.004411306071283
20.6,15.527727,16.70177855237961
21.87,13.003537,16.319178270299435
18.9875,15.747836,16.65745086945534
12.31,13.026946,15.801254075665476
16.535,13.191416,15.326920385859014
20.76,16.019497,17.71172709452391
20.8625,23.665798,26.925822822897437
22.0,24.65524,30.134230443849567
20.46,20.266018,30.859335632667545
19.7225,20.700684,28.32174876344681
18.03,22.770414,30.439289613184933
9.9175,13.62804,31.01738273673058
6.42,6.018201,15.712791087434294
6.327500000000001,6.9656467,10.566275160397293
6.305,7.693086,10.390644903769495
6.2575,7.6988077,11.456591498751642
6.3375,8.453781,13.043191948930026
6.234999999999999,8.649372,13.305627351380588
6.3125,8.2214775,15.240162930285932
7.785,9.6438675,15.821427859590056
10.08,8.8086,18.08710917440653
9.66,8.796538,17.44667276988745
9.765,11.814748,16.303091298279764
9.465,11.464901,21.183646785936357
9.665,8.953639,25.291975884852413
8.4525,8.906243,20.657730028779508
10.02,8.512218,19.349263156290057
11.935,9.513655,18.03509446988106
10.66,11.820575,15.396473785936834
16.735,13.842292,18.618116663639547
18.6825,23.655684,28.874855429396632
12.645,22.71415,34.99607195420742
10.4275,7.9332724,40.1770760148573
10.3225,6.185297,42.243104928464895
10.1775,8.709746,41.39660784647465
8.98,8.971688,27.526834748806955
6.1625,9.389932,11.783580908156635
6.015000000000001,7.0134807,10.071749903861285
6.1875,7.523506,9.866191186475755
6.285,8.331165,10.180218547679187
6.235,9.171841,10.83805381023884
6.1775,9.455212,10.862466368219854
6.0775,8.1067705,11.656503367251158
8.195,8.87877,11.271590512216092
10.0525,10.912675,11.627800303417445
26.6625,19.499174,13.049997913376094
30.3375,27.75362,17.336561641538143
30.895,28.295595,20.549744753932956
29.52,28.13438,23.502262661280636
27.49,26.791912,21.516324268002514
15.8925,17.935612,18.979396979184152
7.159999999999999,11.098552,16.407233870635036
7.1725,9.667835,14.296418154411317
9.4425,9.233477,16.64547819185734
11.6125,20.757576,22.544936672267916
11.72,23.28775,29.00022420440674
11.75,11.932613,35.90323426702977
10.16,9.174186,36.98899737321854
6.76,8.63559,32.92131329998017
6.2725,4.929738,24.89084915323496
6.18,3.1616113,14.457884406883718
6.33,5.111239,11.79266226332903
6.205,7.1785636,11.15825988785863
6.3,5.17901,11.234401008867026
6.075,7.675471,11.997416712944508
8.5425,9.471931,12.614416188827754
10.69,10.18406,12.708197852362396
12.465,10.051567,13.318065615144969
15.972499999999998,12.580056,15.790097790477278
17.355,14.872415,20.619435566594603
17.46,16.787315,20.819464639945032
13.707499999999998,19.57995,19.853916528563502
12.77,13.489607,17.886939455235005
13.445,13.100982,14.961199218928815
12.26,14.0071535,14.68417868316889
12.1825,11.7156,14.877340360565187
13.51,13.030567,14.215593689222338
20.2175,18.46009,15.615708288650515
21.1025,30.675623,22.660125599744322
21.7475,27.806614,26.934922769184116
28.575,22.598185,31.275999685969357
24.3175,23.434149,34.547030262918476
21.035,17.477236,32.62629656559468
12.85,13.8769865,26.56049772753239
6.2925,8.031182,15.015572570040227
6.5425,6.789113,11.148325766357184
6.0525,6.1782975,10.377458953887226
6.275,7.934504,10.260347866855861
6.14,8.353161,11.368737975745201
8.1975,9.268538,11.796538106502295
10.84,9.502245,12.514742758684159
12.2475,10.897009,14.70338896238804
15.352500000000001,13.381878,17.051593808577064
18.675,16.656796,19.66637421753645
14.8025,19.892212,20.97049885237694
12.8175,16.384148,19.210832102723124
12.705,13.292105,16.445693227920533
13.1075,13.761091,14.722586308658125
12.86,12.9165325,15.031341068189146
14.999999999999998,11.624701,16.4644718699646
16.247500000000002,15.297291,17.536796025455
23.42,22.293764,16.35241433278084
26.8575,24.376987,19.09363210166693
28.6775,26.29947,24.62776225347519
26.725,26.391771,29.223805794625285
23.8875,23.88364,28.849962735681537
23.375,18.863049,28.76279789221287
16.9175,15.212441,27.034480611095432
8.41,8.310317,14.402898357310297
8.0525,8.325432,10.709565769575836
8.3475,8.482949,10.293448133372069
8.215,8.801877,10.176911754264832
8.2675,11.147586,11.153105299346448
9.225,10.733309,11.34221815537572
12.585,9.633867,12.813559355167152
14.332499999999998,13.55553,14.161255903720857
17.04,17.707373,15.830529422495367
17.490000000000002,18.37873,16.112627757382395
17.4225,22.470484,16.853661489593986
17.237499999999997,20.071398,19.249975289690497
17.002499999999998,19.071842,20.59443617604971
16.285,16.92533,17.693913573803904
13.0925,14.7945795,16.282710587170126
12.5475,12.174402,16.96881000160456
13.93,18.448057,15.329329147622587
22.335,22.07122,16.202584501230717
23.5075,25.549875,18.986807558999065
23.815,24.823038,26.286825208961965
21.7725,23.660011,33.7184323824358
19.9975,22.89361,35.84280182928086
19.065,21.506413,33.68793972177506
12.1025,15.603301,26.876032585611345
6.5,9.287375,13.949842601954938
6.422499999999999,9.732455,12.211666372102501
6.13,9.13563,11.227300011520386
6.31,8.055433,10.955596534445286
6.25,8.135162,11.296989207563401
7.359999999999999,9.393379,11.456071755861045
10.685,10.510266,12.249837971271278
12.4975,15.023877,13.00253156537533
12.2,16.858831,15.30063416688204
11.7125,16.787285,20.796949992239476
11.66,13.160772,26.416049619412426
11.72,11.799627,24.52745591713667
11.83,11.010785,23.39956049612761
11.855,11.670633,23.76469968034983
8.7925,11.190069,22.2079024029851
7.8125,9.492116,20.266175296089653
8.025,12.202902,17.79866237814665
17.035,15.891017,17.887456773197652
21.535,25.123394,21.9327442118907
21.7925,27.302412,27.30311736262322
21.66,20.82937,30.742069350247387
18.895,22.411781,27.3984461301899
12.3525,19.249474,26.199055750124458
9.4725,10.936193,28.34262577647686
5.9725,7.6188,19.83739953598738
6.32,7.2531962,14.639100889198781
6.245,8.211438,13.63911718430996
6.13,8.246881,14.299222987740041
6.2325,9.003336,14.141628536894324
7.3,10.234892,14.626121058192254
10.845,10.407961,14.556018007779123
12.2375,13.091232,16.7618359346056
12.29,16.557526,22.209013019986156
12.01,13.721457,28.513563797521595
12.0425,11.369308,29.495103500423433
12.21,12.814091,26.665804265303613
12.01,12.385093,24.54829574793816
11.9825,11.05663,23.032626865222458
12.5625,11.528906,23.927433361830715
11.905,12.070001,22.319365024511818
12.355,12.552329,19.75217463487864
19.0525,20.362745,20.179545553388596
21.8725,29.31145,25.784376904504303
22.7875,28.74066,26.600112967140678
20.6525,22.221437,29.46711659864426
19.585,25.233894,29.9453608889246
14.300000000000002,15.486592,32.372574737577445
9.42,9.449643,33.92917478746892
6.29,7.883226,24.453775289688114
5.9175,6.1714554,14.998829250855447
6.035,7.4744143,13.423415801619292
5.91,8.375731,12.937604119516612
5.9475,8.375444,12.939527087380887
5.8775,9.056478,13.477003476074936
5.965,9.979458,14.10238188633442
7.715,8.562809,15.55487816271782
12.885,7.7260895,17.69086139782429
21.9625,12.218535,19.303129710352422
35.0475,15.51516,22.512379589612486
33.9475,26.649286,25.574743499853614
34.4775,24.62918,24.660681458704474
41.2225,21.750029,26.34135860531807
38.8875,25.503897,29.93968009104729
35.197500000000005,26.268589,30.89430632694245
34.9225,28.952915,22.239958333864216
27.16,31.805006,20.656081077773575
12.295,32.00148,23.42734693719626
13.2925,14.021659,25.03150305742264
12.4375,7.291295,30.08403766852379
12.125,13.643055,33.57435932983876
10.7175,10.322245,35.22516944720269
8.682500000000001,9.983147,28.435005831656458
6.0025,7.7421994,19.059891654171945
5.885,5.4971824,15.624003158857825
5.995,6.51316,14.422018105885984
5.8375,8.127802,14.30907466169119
6.095,8.45533,14.304884386193754
6.0725,8.796252,14.51924316710949
6.085,9.708646,14.435004403367044
7.87,8.89653,15.036945884990693
9.72,8.23001,16.498490375864506
16.41,14.1049185,19.97416385574341
20.5075,18.956701,26.06934635408402
22.3275,24.814384,26.44349172071219
21.1175,20.483015,27.264535142321588
19.075,18.62978,26.584211906263832
13.3325,14.564383,27.864526981873514
5.6325,10.469743,26.842466732928756
5.4175,12.854149,20.625531835460666
9.835,11.385533,18.214539138174057
20.89,19.768429,21.949966050190927
34.2725,27.173708,24.882563982739452
26.4525,35.4442,30.285216157722477
8.295,15.668655,30.742573735260965
5.955,6.5060105,27.589653315658573
5.795,4.868292,27.819542951784136
5.8325,4.380916,23.967430123436454
5.91,4.3044777,16.89069983910084
6.0125,3.9479334,15.246605155539514
5.915,5.5142694,14.8086534680748
5.845,7.247268,14.139053263411522
8.225,8.978197,14.006914089565278
10.3525,10.877736,13.932085662887097
11.8025,15.639362,14.833344084460737
19.135,14.171286,16.81997600713253
20.315,22.776346,21.50607975572348
19.9175,16.197975,24.645444828085903
19.7975,15.125166,21.718259334721566
19.6325,17.149513,20.399471968877318
20.315,15.97242,20.00617613791943
14.2475,14.7793665,19.798395378222466
12.6675,12.809907,19.967192996196747
12.9775,15.475925,18.39050969302416
20.3025,21.415491,18.174351615569595
20.880000000000003,23.735264,23.64916317986727
24.3675,22.588839,26.309668030250076
23.725,24.95327,29.5703247654295
24.9525,23.722536,28.83372541812897
21.265,22.017147,30.464793388743402
12.4525,14.234346,31.1458618859911
6.16,8.760501,24.923868588819506
5.76,9.090363,14.328118429191115
6.0075,7.8377295,14.442444082317353
5.815,8.160678,13.744611249842645
5.825,7.821622,13.269116827857495
7.8225,8.667023,13.473464697886707
10.365,9.877599,13.915009320263865
12.1275,13.540295,15.203839126214982
17.19,18.013187,16.030275587584974
19.6975,20.125397,16.856713665573597
19.62,21.870934,20.792556022794248
19.505000000000003,20.357302,22.827203135492805
19.3725,15.59176,21.298667585074902
19.5575,16.419355,20.36962433905125
20.34,15.873529,21.23081325118065
22.1825,14.70136,21.142450493304732
15.2025,18.904202,20.922128006250862
16.195,18.409367,18.905858614175322
20.2775,18.981422,19.80470504074812
21.7725,22.390114,27.98264683893204
29.11,18.958435,31.672601502032283
30.2725,22.904928,30.712827952408794
25.6325,19.209179,29.424774123401644
19.04,14.038084,26.508502422430517
8.5875,9.720478,21.216365530455114
5.7225,9.219136,13.99114074156046
6.0275,7.2887726,13.904053495786192
5.9575,6.2845564,13.668127405683995
5.9425,6.8206124,14.158313657808305
6.0175,8.655916,14.421837044599057
7.7475,9.068838,14.854041652822495
12.0025,9.153736,15.31391792219162
11.8775,12.655284,16.13931489778042
11.9225,12.724445,16.4705164070344
11.67,15.912812,20.19209859707594
11.7575,16.76473,21.23514740573645
12.0275,12.556645,20.329239588973525
13.015,12.3432665,20.889564457120898
11.47,12.052712,22.030641786465647
12.055,12.022927,20.67531398965359
13.3925,17.373672,18.587737166283134
17.5975,19.257706,19.429237280077935
21.03,25.060131,20.68973422786236
21.78,23.592743,28.323472078909877
19.5325,19.414122,36.20127084502221
15.025,24.372879,34.673026285958294
10.9325,16.407827,29.72090955788136
10.9075,11.376968,26.84706116308451
9.72,7.5158687,23.387951557722094
6.105,8.713732,16.379625257616045
5.9675,7.5981183,15.352517925298216
6.115,8.015423,14.894153194351198
6.16,8.510552,15.364301458516122
6.07,9.550431,15.259255196344855
8.36,10.958448,15.451312723214627
12.945,14.66005,15.06084112500906
12.705,16.207409,16.871340830967426
17.5275,13.026741,20.552829262285236
20.565,15.5205345,25.07518247627497
20.49,20.398365,22.063211802070143
13.7675,21.409668,19.890770583546164
14.537499999999998,13.043598,18.54123189805985
14.305,14.0384865,18.19209077183247
13.1,14.2362995,18.41398461219788
13.1075,15.201286,17.464313312413694
20.0,18.433315,19.631322692329885
26.5225,22.675648,25.690355981411937
30.23,24.321026,31.693142258386615
27.9125,22.839172,34.9726891822958
27.9425,24.837124,30.91914728886128
27.934999999999995,24.481365,28.135643626384738
15.559999999999999,22.582474,28.784945567488673
10.19,10.557936,24.717935624220374
5.9575,9.1330185,16.311772540340424
6.1325,8.536575,15.297286149692537
6.0675,8.497487,15.182903914914133
6.15,8.671291,15.258791226797106
6.1,8.499035,14.977680645895006
8.285,9.448699,15.920853138773444
13.085,12.305013,16.810758047685624
19.0,14.91328,19.329449878320695
20.8175,18.348055,23.507450390474798
19.13,21.53251,25.025356673378948
14.625000000000002,18.875793,22.832680239422324
16.285,14.734732,20.46943760670662
16.2425,15.775547,19.870517585308555
15.3425,15.608541,20.72594971848488
9.2225,15.06267,20.397774519312385
9.84,14.113777,18.65018552746773
15.8375,17.5537,20.26538476957798
29.470000000000002,22.26382,24.920048518989088
31.26,26.737524,29.416988488063815
26.4325,27.298355,32.82875541675091
22.1925,26.243574,29.603724106392864
20.8725,22.788553,29.44319064287186
11.6125,15.680434,31.375292402424815
9.55,9.1101055,25.28880569571257
5.8525,8.331717,15.969186802670958
5.9975,8.205777,14.506457330338955
6.02,8.124832,14.536274244410993
5.8675,9.535354,15.082547463397981
6.0075,9.963119,15.336366288533211
6.092499999999999,9.585753,15.634739123201372
5.86,8.912485,16.964325501515866
8.175,6.9822574,18.54382818758488
10.5525,8.596244,20.069327728209498
11.1475,13.158768,22.10648383302689
11.86,12.436567,21.628339773101807
10.4725,13.555962,22.16216664523125
2.7925,11.638431,21.55177671463013
2.4075,7.3930073,23.040294487400057
2.4275,2.9931338,23.810514652416707
7.1625000000000005,3.8068929,20.628666458990576
10.52,12.955808,19.20819054787636
23.3825,22.930302,19.68211846640587
32.295,41.239346,25.43332655167103
31.3125,32.396156,31.97420110749245
30.6175,32.891304,32.62959123436928
30.9,25.990818,32.078835131912236
18.11,20.414665,27.99185186542988
9.004999999999999,12.90465,21.22679433725834
6.0275,8.602011,15.575740626180174
5.91,8.117308,14.599244773414137
6.055,7.4892063,14.655855524713994
6.0075,8.641023,15.139203480019571
5.955,8.778999,15.089909544653894
6.0225,9.4751005,15.101411786229612
6.0225,8.278226,15.308183775899412
8.645,7.7017984,16.827541782336237
13.5175,11.668903,19.31254004741669
21.3725,20.072323,23.466493357400896
21.5875,26.327198,22.936720964803698
20.8,19.027315,22.417194701104165
20.005000000000003,18.298553,20.560440302810672
17.4975,14.875423,20.29291901813984
15.920000000000002,11.412105,19.642474127662183
31.185,13.581847,17.387834318110944
31.710000000000004,29.778975,16.842896426115036
35.4375,27.46963,18.090738483238223
37.3425,31.769724,23.442898808448316
38.205,28.715117,31.217533056478505
31.83,20.769276,28.389132661318783
9.105,21.757471,24.04500033531666
6.12,12.978475,24.40991157631159
5.9525,9.200461,22.77169653471947
6.16,6.6659718,15.818551895041468
6.03,6.7224507,14.298028306570055
5.985,6.3364363,13.87204929670334
6.1075,8.705531,14.080287559473517
6.1450000000000005,9.696202,14.66194856034279
9.3775,10.716836,14.872193046836854
13.07,12.744443,15.224463946738245
12.92,15.539438,16.288829488697054
13.03,16.646475,19.805542449200157
12.8925,16.427544,22.9563418651557
12.7225,13.08059,21.17510133984089
12.7275,11.384431,19.418840805647374
12.645,12.457782,17.578018183984756
12.8225,12.917282,16.683762954330447
12.8575,11.74063,16.9933987710166
14.725,15.727094,15.751596401107312
19.6525,21.51572,15.463175470745565
20.695,24.284445,18.24329555042267
21.715,25.155054,25.81763074979067
21.32,23.654501,28.380008465752603
21.0875,21.044489,27.754729477539065
20.11,18.67993,27.10219429916859
14.530000000000001,11.305183,26.664468938312535
9.14,8.075842,20.711131792092324
6.0075,7.9091287,13.812316854822637
6.015000000000001,7.986016,13.416438475598099
5.970000000000001,6.4058595,13.410250867779256
6.06,8.2555485,13.371124655307533
5.75,8.345656,13.154362770793439
6.5075,9.048235,13.57086839546919
8.0375,10.301662,13.557962928919794
10.2725,10.854649,14.630586158857348
12.65,12.197905,16.879689049589636
12.5925,13.5377445,19.14698051656485
12.5375,14.00811,20.24503154098511
12.54,13.137507,19.064043130822185
12.715,14.020524,18.049482375717165
12.715,14.404187,17.689629534425737
12.5275,12.49418,17.41008384036064
13.84,12.380261,16.151775794205665
17.8925,13.854782,15.572363509855272
23.575,22.443985,16.33563706460476
24.955,23.483595,19.61678605757952
22.795,27.323503,25.835103163979056
22.055,26.321547,26.935941238923075
17.83,21.206984,25.847619025437833
11.025,10.954667,23.21024475445986
9.48,7.700566,18.222263342003824
5.984999999999999,8.985142,13.513314347196818
6.005,9.399012,12.858393848032952
5.9350000000000005,8.177459,12.120702474845649
5.9825,8.776001,12.304422291114332
5.8625,8.798965,12.557075534214974
8.035,9.899201,13.204636377050878
12.93,11.537129,12.99679499415517
12.9675,14.840152,13.992023415334225
12.6525,14.6667595,16.46887553912163
12.67,16.812447,21.465901932830814
12.69,14.851987,23.660385746419433
12.455,13.508841,22.644124308512215
12.79,12.532511,19.430719719364646
12.76,12.820649,18.214393642497065
12.9025,11.646296,17.50159900457144
15.770000000000001,15.80802,15.915232155785562
23.8525,22.500025,15.058202803399565
31.3375,25.574728,16.615350887007715
31.245,26.803295,21.738353904333117
23.5575,22.28342,29.619056117510798
23.3125,21.325918,31.370817602047925
22.0975,20.954607,26.992957761499884
15.735,14.202137,24.880797018573286
10.5175,10.328506,21.863572333810332
7.07,9.906743,15.922099551739695
7.057499999999999,8.872158,13.137922567602397
7.8275,7.737015,13.330284018775226
6.1075,8.366754,13.354715167870523
6.15,7.7951274,14.311289429218771
8.442499999999999,9.03775,14.003092403116227
12.96,13.293976,13.78450131461859
13.0575,16.332636,14.669375306344033
12.7175,16.85146,18.842795937910083
12.77,16.128246,23.794820518724922
12.93,18.295174,25.34243216901541
12.775,17.336142,21.376727632400993
12.8475,15.924489,18.637359275231365
12.8825,13.579233,17.85911421531916
12.905,13.605762,17.643627034597397
14.940000000000001,14.784642,16.362560231323243
22.975,22.857136,15.271530181627275
23.7875,28.269403,17.701676576480867
24.8475,24.522379,22.767205568156246
24.2325,22.153793,29.33069338541985
23.3,27.313913,27.778849427547456
22.56,24.185045,24.18691035218239
20.6675,15.658146,24.866559458270075
9.8925,12.134493,22.2121104612875
6.48,9.265461,16.038135587379934
6.4475,8.5237665,13.879954561820032
6.295,8.183647,14.151575591344836
6.4825,8.395397,14.482322830762865
6.3675,7.4136353,14.746062844450476
8.4475,8.358628,14.23968938995123
13.2625,12.648963,13.93067273820162
13.0825,20.797358,16.36335075783491
12.93,21.25918,21.33837497194529
12.93,17.714954,22.755725959241392
13.0325,15.672251,22.976197175209524
13.0375,13.908093,21.151660369658472
13.0875,12.803131,20.653426589977744
12.9225,11.559477,20.24379159449339
12.81,12.435194,19.008484798252585
13.1825,14.588302,18.062020869836807
22.0175,14.739903,16.67232699411869
24.6025,27.593649,17.476652962441445
24.9,28.806381,21.816336353964807
20.725,26.70497,27.71074128452778
12.1425,21.978134,26.537548209414485
11.285,11.290432,24.73514129633427
11.1425,10.35842,25.926500315029624
9.6775,9.357808,21.722305731160642
6.315,8.961092,16.22139062579155
6.2775,8.56657,13.974622132365704
6.2425,8.429281,14.217116543974878
6.2325,8.15051,14.103646082105637
6.2275,8.741886,14.69964164039612
6.21,8.621645,14.455381881239415
6.1525,9.557548,14.969883694226743
8.445,9.547429,15.647261451134684
12.8125,11.986257,17.448811556339265
18.8025,16.8507,19.79206954951048
14.465000000000002,16.848167,21.409127903048994
9.9325,13.803049,21.174430443108083
6.879999999999999,10.936123,20.718324128391746
6.915,11.085085,20.560322289650443
6.9425,9.331207,20.13625735624552
11.0325,10.289594,18.38604944221497
13.53,24.954273,15.975724408423902
13.7125,31.815754,16.90943159920454
13.8875,27.075272,19.994942255036833
11.9475,16.068396,26.389362479014398
11.7,12.617859,28.66410332465172
11.7925,9.752423,28.087707650671007
11.7825,9.414744,24.98998829092026
9.7425,7.480355,20.99056917270899
6.8825,6.414619,15.620160456366541
6.8325,7.212246,13.576579909100534
7.0775,7.975281,13.910482788090707
6.98,8.662837,13.713368478136063
6.92,9.5238085,14.440269730255606
7.000000000000001,8.54345,13.608152471008301
6.9625,7.1404943,13.852454262249472
9.3475,8.361222,14.287688413791658
18.7525,13.726629,16.922825284581187
21.4475,19.424627,20.92899378558636
21.8225,21.821266,22.655786595332625
24.245,23.675383,20.20456595997572
25.5175,24.319794,18.727904468262196
19.05,21.061895,18.037186374392512
14.4475,13.531117,17.941539132955075
8.3525,19.416777,16.458962433662418
11.355,16.862131,15.348039891684056
16.78,19.287302,17.476622246687413
35.0525,28.093042,22.46372260198832
36.47,38.104965,28.775152091808323
14.9,25.119099,28.005900281353
11.28,10.030025,22.63390404551268
11.1975,8.373164,22.13838941837311
8.6475,9.78636,20.327301263232233
6.465,9.301304,16.266623615150454
6.3675,8.583191,13.624216810367109
6.484999999999999,7.893918,13.92066263562441
6.47,7.4970655,13.48531370415926
6.215,8.298496,14.61524768126488
9.645,9.012378,14.120724041347506
13.225,11.906866,14.329091633608343
19.2475,14.944952,15.368514366674425
21.8275,15.950952,18.487912582297326
21.5475,18.108507,21.159950390009882
21.5,16.83401,21.332626276085378
20.9025,18.257397,18.648591541495325
21.2575,16.870981,18.04284130637169
21.0175,18.175917,17.34465120117903
13.225,21.63388,18.118487742078305
16.259999999999998,15.730536,16.84895712937117
24.6275,23.990707,15.650425173799993
25.17,29.17866,17.091385259616377
25.895,25.122639,21.14011124614239
25.2975,26.32934,24.57305426230669
24.175,26.024551,24.861832465386392
23.7375,22.529152,23.139123234307768
15.757500000000002,14.852445,22.912483001635078
9.2875,10.294069,19.082435401012898
6.4475,9.431973,13.799865658109189
6.245,8.767965,12.65371457118392
6.2625,8.0848465,12.970645379452707
6.2725,8.804072,12.98500256953478
6.215,9.51593,12.752585350176098
9.3225,10.341169,12.607999829472305
13.0075,13.598452,12.483757837649586
18.24,18.790436,14.088769957442285
23.0875,17.591831,16.472263971776965
22.7325,18.11679,18.34878799933672
22.62,20.242123,19.526779198553562
22.455,19.861273,18.151688238949777
22.7925,21.891594,18.180950652830603
22.585,19.877417,18.030451541166308
22.21,18.09344,18.738600017139913
16.77,20.974874,17.652355158598425
26.36,22.269506,15.944717663037778
32.8575,27.613094,15.859486295454504
29.7725,26.60734,18.287996672251225
22.8125,21.978281,25.053351658251287
22.33,24.53309,27.870838261017802
21.99,22.214916,27.620773224349026
15.1225,14.926433,23.28132100929022
9.56,10.382343,18.543910635135177
6.3425,9.470426,14.925489729938509
6.275,8.712144,13.751443080186846
6.2575,7.791152,13.375909038152695
6.535,7.942033,13.254693356411458
6.3625,8.992152,13.33373954110384
8.434999999999999,9.921283,14.005289387838841
13.1675,12.61401,13.965132580988408
18.9525,19.734226,14.945537417609692
22.025,20.999388,16.648032449297908
23.1175,20.322653,19.532267618813517
22.35,21.151714,22.86259738384962
22.3525,18.029982,21.881895089399816
16.2675,18.451242,19.973129219818116
15.5675,15.894426,18.356908274731637
14.9525,17.079315,18.432016376433374
13.785,19.521387,17.69371957956791
14.6,19.977268,16.883297342379095
22.9625,21.958118,17.052539530477524
26.4675,22.939707,20.162108704810144
22.115,22.688902,29.233398809595112
22.32,22.972048,33.206565657820704
22.835,22.921572,28.866048091082575
16.3175,20.521467,24.988373288905624
9.595,11.041227,23.13375444382668
6.135,8.945171,17.96727246835947
6.41,9.356694,14.414481429817679
6.255,8.876818,14.562035062332155
8.88,9.572639,14.253131573886872
11.06,10.301478,15.10924592012644
11.52,12.111392,14.903359837467672
13.2225,14.458706,15.158226231477261
14.689999999999998,19.444292,16.079828181931973
15.084999999999999,19.373165,18.91779572616339
15.5775,13.700789,22.0574954385829
16.2275,14.187842,23.688750936958794
16.13,17.478657,21.004239299871923
15.4175,16.914001,19.31179963608265
14.435,16.68926,18.385074621179104
13.62,14.534024,18.71064868097067
17.9675,14.648206,17.673385750398637
21.29,24.644772,16.435396983845237
27.957500000000003,24.586264,17.288438138062954
32.1375,28.239792,22.72373630972624
28.454999999999995,26.953949,30.59906973242283
24.2825,29.207655,30.868860749654772
23.605,28.777971,25.334720898134712
13.899999999999999,19.83948,24.616790262811186
10.1525,10.18362,24.083343296060566
6.305,8.052895,20.43042374922991
6.2575,8.946885,15.735226520826819
6.2925,8.752914,15.404131708402636
8.4625,9.619474,14.854998691053392
11.03,10.227588,15.65219860444069
11.545,11.288443,15.482613693192008
13.15,12.890081,15.744990897371771
12.835,13.6476965,17.243108151586057
12.7175,15.60679,20.619357968900207
13.225,13.6756735,23.035814837167266
14.82,14.479222,24.61918932486296
16.57,15.20569,22.015186912331583
15.550000000000002,16.036678,20.106610187129977
15.779999999999998,13.987009,19.262623713877204
22.3725,13.937263,18.948542195949557
21.2125,22.80163,18.109229367165568
18.25,28.674698,17.35775712843895
21.08,25.017591,18.461071863129142
24.785,30.86978,23.317085463314058
22.8525,30.970058,27.510526300034524
23.925,22.909763,28.16254739367962
22.88,25.282948,26.6943117182827
14.7625,20.043411,26.703922516057492
9.6125,10.408898,24.335391923792365
6.4825,9.110962,19.621420903201106
6.355,8.226184,15.558001469917299
6.34,8.882917,14.681710106515887
6.1975,9.060165,14.076291278212071
6.35,8.69808,14.766050717232229
6.46,8.970125,14.651705664682389
6.2375,10.0639105,15.217072766346933
8.38,8.908327,16.338388549518587
16.815,11.198703,19.323869310798646
18.115,21.75522,21.957147070159913
18.985,20.982672,23.88964490127802
17.04,24.103186,21.7131152542305
13.6475,24.025549,21.077000071318153
13.742500000000001,15.966601,20.3016924074626
14.97,12.38349,20.941718190848828
21.88,15.346464,19.63394484775305
24.985,21.033459,17.8093837929225
25.725,32.534565,17.828859197597506
32.7675,33.101883,21.202439977548124
32.345,27.336468,28.31025137172699
28.367500000000003,25.18721,31.538289592742924
29.665000000000003,28.246754,29.765547631583217
31.805,28.271217,27.675010779495242
28.0125,23.431274,25.238457724998
30.934999999999995,18.73525,20.214904236135485
28.510000000000005,21.274149,14.776380910298826
24.2875,18.697329,14.300834756517412
23.6925,15.785536,13.909462701733114
24.4225,16.341911,14.733579315364363
23.2575,17.17865,14.601220281383993
24.635,20.328583,15.307695557072163
24.61,22.157494,16.134296913542748
26.45,26.15805,18.991781894533634
28.195,26.363607,22.27530570028067
28.572499999999998,32.142494,24.617605038602356
25.7725,29.817612,22.199373123075965
22.275,26.96387,19.56245797178984
13.954999999999998,16.316471,18.00677939451933
13.94,14.038904,18.37676681802273
13.2625,18.244658,18.089231794672013
12.895,18.308487,17.10063231819868
16.4025,23.658302,18.302782266271116
31.87,34.47612,23.622758947730066
37.71,34.859097,29.29538320123196
27.752499999999998,30.356043,30.224347232942584
12.685,20.151327,25.16611080792189
11.575,13.620675,24.230883995625977
9.215,13.452674,24.510832227730752
6.675,12.753398,20.521116054556373
6.65,10.268823,14.560033688464166
6.6325,9.1027,14.45506825722456
6.6775,10.150132,14.086922162344457
6.65,10.389708,14.637274110143187
10.045,10.985786,14.571812371826173
13.2525,13.17093,15.220789372584822
14.999999999999998,17.014223,17.01805220517397
15.660000000000002,17.774439,20.61384853259802
15.724999999999998,22.98367,21.70230330881119
14.8625,19.382088,22.569478559739593
13.725,16.812674,20.510920040836336
14.407500000000002,15.505324,19.524599996635917
14.045,14.447162,18.613371887950898
13.3475,13.743094,19.449175037682057
15.414999999999997,15.727732,18.152923335585594
24.025,22.588669,16.34306057736874
24.6475,27.509872,17.492814298918248
24.84,27.1725,21.987371372127534
24.005,27.165848,25.803913740687374
23.265,28.413101,26.642966293871407
22.130000000000003,21.326777,24.794322471261026
17.65,15.409627,26.595985739769937
9.215,11.334625,25.359025142667296
6.41,10.035818,19.1208414098835
6.5175,9.132211,14.203342953219416
6.325,9.382442,14.081108801739218
6.2625,9.59431,13.752175408427716
6.5125,9.274269,14.169172485167982
9.405,9.912246,14.082959830074312
13.1175,13.423787,14.456549079892637
15.375,17.115633,15.597382299823762
16.994999999999997,18.065916,18.022767752802373
17.395,16.423378,19.9581868137908
16.02,16.926752,22.828725990245346
13.0,15.014347,22.0779375812006
13.630000000000003,12.531897,21.401161206424238
11.8675,13.369422,20.514311706728936
14.3075,12.956489,20.670452817423346
11.03,14.219697,19.566127696087364
13.42,17.078152,17.352039148333073
20.64,21.601871,17.103204358444216
24.7275,26.512985,19.005985505845548
23.1175,24.601616,23.474836726167204
22.6125,23.731361,27.750105948247914
23.245,23.89959,27.33815272164345
18.8325,19.597933,24.956525901830197
9.615,11.07826,22.24502804989815
6.1325,8.5823345,18.297221098172667
6.047499999999999,6.0676184,14.722859517207148
6.0725,5.5050554,14.377260402405263
6.1375,6.1153774,14.041011809778215
5.975,7.8876543,14.67124250086546
8.2575,9.176895,14.696726877000334
13.045,11.7711935,15.157565034456255
13.44,15.762287,15.626145178546906
13.7025,14.748483,17.318563826293946
14.0375,14.315976,20.934027936010363
11.2575,14.759482,25.387212505156995
9.3325,12.627305,25.382412764434818
9.7825,9.939269,22.721094754879477
11.1975,9.46536,21.47394946038723
11.6025,12.321189,20.95372643405676
10.335,14.021314,19.67101552963257
17.115000000000002,13.796348,17.366913656377793
22.435,25.12727,17.252306711609364
23.725,25.123972,18.891469091720584
23.445,20.581394,25.963777924094202
36.485,24.0572,31.32168856178284
35.9825,31.342077,29.394184465622907
12.1075,22.984785,26.527982676961425
9.6,9.034254,25.712295112884046
6.36,6.3377724,22.367640490138534
6.32,8.213975,15.14683068673134
6.31,7.544823,14.507850855600836
8.2025,7.497204,14.391591726589205
11.1625,9.478903,14.961883048610689
11.78,11.916717,15.189855375037196
13.175,15.151926,15.549213531026842
13.6825,17.919392,15.703091375634672
14.165000000000001,16.078514,17.95174322976828
14.3525,14.149179,22.16858947106123
12.695,16.073046,25.499934472599033
10.115,16.199766,25.370259025549892
10.175,11.736863,23.148198931314948
10.0025,11.484838,21.68255954544306
9.035,13.617954,21.67145660866976
9.02,13.868396,19.840723303897384
10.48,13.895468,17.804464422421457
19.91,15.387365,17.811587244119647
20.605,23.695055,20.88124048777819
21.2975,20.399992,27.463062376961712
22.76,20.906906,29.875907719202043
22.28,19.03572,27.176798015856747
20.79,16.571901,26.769397187323573
9.6475,12.383027,27.460834676485064
6.3075,7.918363,23.86838798286915
6.185,6.5469046,16.184281145064833
6.1375,7.6080256,15.35000408332348
7.962499999999999,8.379003,14.759341749904157
10.9825,8.852832,14.705691027321818
11.4,10.803445,14.781660786755086
13.12,11.097385,14.934541177666189
13.4075,14.70434,15.896477763020993
13.4925,18.566505,18.987530187528137
12.145,15.50506,22.571942286536697
10.03,13.572191,25.452237756443026
9.6875,12.906535,23.709634416463377
9.375,11.458974,21.851918130083085
9.385,10.118518,19.96982323471308
8.629999999999999,11.754838,20.015953447413448
9.12,12.795915,19.2370940724206
9.295,12.508901,18.119506211817267
12.2675,15.739078,17.878822413077355
26.505,20.358267,19.131698620624544
25.96,27.235165,23.18340241867304
27.997499999999995,19.5865,26.54431214177609
34.915,22.264307,26.32351113560677
32.167500000000004,21.94306,25.898762372519972
6.335,13.791086,25.945206209235195
2.5925,7.148303,22.177172099385263
2.5375,4.302704,15.793245346956255
2.3425,4.936486,14.431011355342866
2.5025,3.8479395,14.063196667282583
2.5225,2.3865035,14.04980298190594
2.45,3.6041725,14.377653240733148
2.3825,4.099089,14.581783675556185
4.6025,3.1117086,15.176613651812078
6.765000000000001,5.5444264,17.183078251876832
8.6975,6.6768694,21.352754794688227
10.145,7.7328424,25.443136193537715
7.66,8.571504,24.86586431225777
3.5475,8.670513,23.171761147894863
4.3975,6.45632,21.986595395183567
5.345,4.420331,22.016084135673047
8.705,5.353312,20.568174206352236
10.6525,7.469856,18.875472650344374
17.8825,12.893787,17.981411414926054
30.395000000000003,22.685163,18.668330455007556
23.7675,27.418207,23.471005340006354
22.3375,16.8394,28.389588547773364
21.83,18.815647,28.52017576773167
21.365,16.242828,27.7991670905304
21.6725,11.999704,27.41300539760113
22.9525,11.576982,23.913152152824406
21.9325,11.554705,15.900077972717286
19.42,15.311623,14.104923210825921
2.9125,15.70501,13.993961741075518
2.44,9.047969,13.88757206882
4.91,5.3257027,14.3054065540123
16.6375,6.4929323,14.40347872339964
18.2575,13.832822,15.255168384439946
21.315,18.688711,16.859995401399136
12.145,17.460466,20.160045899434092
10.325,14.981828,23.693017193531993
8.95,11.816606,22.680928248317244
11.865,9.272206,20.661262340493206
12.4225,9.459106,19.0704869726944
11.5125,11.402376,18.596483073089125
7.3825,11.627147,18.331301035580637
7.862499999999999,9.475359,17.659033410172466
9.67,11.807139,17.297518684926036
32.7675,13.700432,17.909977887377742
32.615,29.764336,22.143691927490238
13.7175,18.42709,26.756895875432495
7.367500000000001,11.321529,24.98335045481205
7.577499999999999,7.460968,23.972225014302733
5.585,8.441888,25.488278652253154
2.345,4.9906774,22.77011548169613
2.67,5.471706,15.162513504092695
2.52,4.4957633,14.41812043836117
6.26,4.652938,14.433908335933687
5.7125,7.7861576,14.6941596866107
5.93,8.820347,14.355277622230055
9.4975,9.085339,14.658904467456342
9.4925,12.534837,15.37043005975485
10.4475,11.865375,17.09699330965519
10.6675,10.222074,19.747437942283156
10.04,11.038691,21.971958530077938
10.02,10.096223,21.49172418226004
10.1075,9.810342,21.021265527317524
10.0425,9.386083,19.91614341299534
9.8525,11.342723,20.196969469017983
10.1875,9.855036,18.585338104231358
9.815,10.070874,17.2847522475791
16.384999999999998,11.093373,17.29364203344345
19.3025,22.817005,17.83636515791178
19.7175,20.087822,21.39837415590048
18.3725,19.417997,25.922838673825268
18.74,17.123774,25.759953030192854
16.5425,12.838413,25.306580417585376
7.1925,9.201237,25.049804796969894
6.109999999999999,5.448999,20.4289849586463
6.0725,4.922289,14.597820532398226
5.8925,6.860404,14.043182928602697
6.0775,6.509302,13.845916656496525
6.0475,6.819067,14.28865838497162
8.969999999999999,9.110869,14.017722801747324
12.985,12.96828,14.382621109793188
13.2225,12.914484,14.551324963886739
10.63,12.267308,15.886370663325788
9.665,11.517897,17.862093643460277
9.5525,11.403581,20.92528041258574
9.375,9.443138,22.249742109832766
9.4825,9.344862,22.2907929067874
9.625,9.644717,20.46713877501011
9.855,10.717105,20.154154941134454
9.715,9.837289,18.764174923918247
19.6125,9.309661,17.808488186199668
24.33,23.725355,16.93242153278828
23.6225,23.566673,17.06819324870348
21.895,17.544317,19.20737092222929
21.6875,20.902153,24.57649442675829
21.9125,20.407978,26.701035235178473
14.97,15.0916815,25.969162880761626
5.8225,7.851784,22.8418141347003
2.175,6.527328,19.840259334349636
2.3175,3.7366903,15.746198511490823
2.21,3.347423,14.297124616754056
2.01,2.2262359,14.269494987692834
2.1825,1.7376873,14.059383063926699
4.425,3.7196128,14.050032541751863
9.1475,6.471536,14.291440585639478
9.1525,9.328568,14.625081572411062
8.795,7.2527194,15.371555226323606
8.86,10.070605,18.294413031606677
8.8525,10.101316,23.479043167850975
8.9125,8.893419,25.38827624021769
8.6375,9.928447,22.99659566912413
8.675,10.75751,20.539047588436606
8.7375,9.471948,19.960571326274874
11.105,8.71656,18.763861299903393
16.14,12.675525,17.867758275151253
16.6475,16.97637,16.296607040941716
20.0625,17.829718,17.275472856624127
20.0875,21.304222,21.39897715465069
18.62,24.74849,27.90786206095696
18.385,20.479889,29.32619595238209
10.802499999999998,17.100225,26.88557548540354
8.6025,8.234465,25.7639299120307
6.035,7.540401,23.947896520490648
6.21,6.786461,18.217219491868022
6.21,5.8985376,15.061345510022642
8.004999999999999,6.225647,15.126632653527261
11.11,8.546025,14.820616445961
11.575,10.770497,15.219709471337797
12.935,15.255958,15.27643176932335
20.005,16.237494,15.442026865785124
19.915,16.743784,16.331188130126
19.285,14.859748,20.139991745288373
15.0675,14.402695,24.58341517112732
10.8825,13.81745,24.595581842961312
10.42,12.183946,22.76394161513567
10.195,10.774106,20.84116612847805
9.1675,13.310795,20.521817667043212
10.86,14.735431,19.369632551069262
16.1125,17.893927,17.843625392193797
19.065,21.762957,16.35523694891453
19.815,21.61438,17.537434589815142
18.1725,19.185696,22.03466231700659
17.9075,17.460249,27.985718414335253
17.7275,17.353928,28.403003249192242
15.3175,11.427041,25.69845039090872
5.8175,9.003455,25.716005252647403
2.1725,5.309447,24.270177528126244
2.1725,4.9881763,18.730665652887822
2.0925,5.3590884,15.986854827713968
4.0125,3.842405,15.652452413566113
7.0075,4.39378,15.294769074480534
7.522499999999999,6.386991,15.458915680646898
9.2475,8.199009,15.329301665105822
16.035,8.709908,15.455750341362954
19.3775,13.870459,17.15876592425108
19.8,14.075161,21.37238216151476
19.2925,13.98896,23.383583454174996
19.0325,14.645946,24.443871883940698
18.8875,19.912977,22.472609154615405
15.455000000000002,17.234753,20.408594547824862
11.055,12.588524,19.553852710804943
9.7525,10.598848,18.54052058586121
9.4825,9.343973,17.296823538913728
18.115,16.104843,16.118125877354146
20.3675,23.264952,16.625656830794814
22.535,24.846817,19.756830496542456
34.39,20.82594,25.811167508494858
34.94,26.170074,28.222598309431078
16.035,18.90294,26.746222959215643
10.64,8.415031,25.82087207015038
6.0600000000000005,6.2368903,24.093764019770624
6.12,6.4352875,19.023915423107148
6.19,6.086735,15.509397830708028
6.09,6.374498,14.875896720125677
6.217499999999999,7.1287966,14.497016277520657
6.305,7.6314416,15.300944557659628
6.0525,6.740877,15.108754468061925
8.522499999999999,6.8139997,15.267060231106283
10.6725,8.920448,16.252022315654756
15.849999999999996,12.19845,20.1059894055748
24.85,17.68691,23.7953200538826
22.0525,21.84559,25.266312064049245
2.75,23.776976,22.848123797225956
2.3975,12.851945,20.44058743057728
2.6075,5.7934804,19.384741468815804
7.592500000000001,5.263063,18.83512346587658
12.7675,8.386314,17.97136413012028
13.295,14.676425,16.25849364004374
24.475,22.6872,16.41474144756794
35.34,19.273462,19.489996274790766
33.515,24.312902,25.76801349069834
9.94,23.578684,27.94828076002598
6.565,9.746317,26.363708357923034
6.43,6.5804124,26.143233908717633
6.535,5.152351,24.819029253833296
6.595,5.2372646,19.283702804236412
6.3425,6.8921294,15.10151039996624
6.485,8.316835,14.793025615746977
6.59,8.262028,14.303773769192697
9.0775,8.483647,14.818285281891825
11.32,11.061049,14.61495184005499
10.8525,15.208379,15.296907860932352
12.8875,16.772911,16.68293362897158
12.88,14.606571,19.92624889607191
14.6,13.02683,22.69807087230444
12.4675,12.505989,23.490731320569516
12.7725,11.853163,20.730321055269243
12.1075,10.449997,18.725990391800405
10.5525,10.10757,17.731913811397554
10.72,10.715653,17.69993709483147
10.805,11.757856,17.034247490642073
11.07,16.855026,16.17678003460646
11.1975,23.748573,16.777465403552057
29.695,16.610718,19.880854244849683
12.22,28.625679,25.588239032204154
11.075,11.74081,26.62612597756863
11.16,9.462941,24.753995919454102
9.165,10.980993,25.20911286356688
6.1975,9.327542,24.26925282226801
6.1225000000000005,7.6928673,18.639287901260854
6.0825,7.0543876,14.950257944018842
6.2175,9.23219,14.874651923778059
6.2175,10.091335,14.782971864466669
9.6075,9.931374,15.233154888510706
12.925,12.699939,14.97158276041031
16.002499999999998,16.408266,15.221707611968519
17.1375,14.320681,16.51304156018257
16.7325,13.997063,19.73553639590502
16.895,14.003967,21.38497238743067
13.9075,14.792104,23.034717153115274
13.535,13.335573,21.583984607660774
13.31,13.153212,20.253541421470644
12.9975,16.351227,19.451200660829546
15.48,13.261905,18.82068867810011
22.3825,18.042572,17.04388092107773
23.505,26.781853,15.283601472961903
23.675,27.655796,15.599137947659495
23.6825,24.024559,16.895200505375865
23.93,22.824001,21.436390559680465
20.96,23.700068,25.865424463064674
11.43,15.570806,25.76067242548466
9.08,7.048112,23.792256561572554
6.36,5.9348946,21.701139343395234
6.5075,7.40987,17.232205675523282
6.2175,7.586501,14.823361464400293
6.2425,6.739174,14.724317707214357
6.1775,7.2536345,14.479516380815507
9.535,9.647358,14.672301386070252
13.085,14.030098,14.51055222533703
14.7075,14.919028,14.785047602791787
15.795,12.55634,15.216424502274991
13.58,12.926051,16.893528921709063
13.4175,12.476362,19.40724156695366
13.4125,12.700157,22.876146264615063
13.8725,11.32959,22.156718640437127
14.025,12.535548,20.638236841299538
14.0725,11.250615,18.965951562011245
14.257500000000002,12.858435,18.391041560554505
23.535,15.74406,17.63143126362801
38.4425,21.7949,16.30996516070843
26.7575,29.283073,15.785256017670633
23.25,21.6545,16.54412428664446
24.5325,17.852852,21.719757940194608
26.4275,20.919056,27.617733981318477
17.985,18.752901,26.833410435345176
9.6875,12.565542,23.27289680959225
6.425,8.588484,21.861915299711228
6.4175,8.246724,18.745601592440607
6.25,7.718288,15.836730771572592
6.385,8.564352,15.28718874970913
6.2,9.189252,14.882051187262537
8.7325,10.681382,15.150956297483445
13.4,11.446673,15.056455238657
15.84,15.88456,15.417632090609075
17.3775,17.803467,15.705529236533643
16.3975,17.210354,17.599515978569986
13.625,16.337488,21.052049179332258
10.65,13.582416,25.042285903706553
10.02,11.607807,23.372459501359465
10.195,11.768039,20.51330455332041
9.615,12.425771,18.732684809560777
9.305,10.297748,19.022392568354608
15.48,15.715778,18.223886427111626
22.935,22.010498,16.80140752551079
23.5775,23.559553,16.453732672383786
21.7125,24.328331,18.20984771090031
22.2975,26.43056,24.906695249078275
21.62,27.813148,29.599892720232013
17.1675,19.55595,26.789315545504095
9.54,9.749258,24.67325066857815
6.1075,9.447516,24.589986725871565
6.17,8.023282,20.755755316226484
6.2825,7.227167,15.813854001293183
8.1075,7.154471,15.184614297428132
11.18,8.300062,15.12861462797165
11.77,10.749733,15.56011277385235
12.8675,12.504663,15.513432910816672
13.6275,17.209574,15.73169259249449
13.869999999999997,15.155182,16.19354275321484
13.642500000000002,14.059516,18.224107903864386
14.36,12.033162,21.28415196636677
14.175,13.667217,23.770545373327735
13.8125,14.206885,22.584991632144455
10.7725,16.319344,20.740736929123404
9.3875,13.806198,19.462442626805306
9.6425,11.920158,19.507707948536876
10.26,15.613839,18.177594552547934
21.8975,18.60281,16.757692541048527
23.7925,24.55399,16.366018178579807
21.6525,25.860811,17.771480552446842
21.9025,25.957062,23.512229115154746
16.72,24.524479,28.272477460742
11.135,12.701734,26.577629035189155
9.7675,6.967674,25.384423838014605
6.17,7.6863847,25.69416958476782
5.9975000000000005,8.103047,21.0689509271431
6.08,8.257838,15.934044746820929
8.0175,8.465605,15.079810528051855
10.84,8.541317,15.00612181751013
10.645,9.698231,15.22119352724314
9.2225,9.489936,15.330336301031114
10.405,13.636701,15.493069982511999
12.515,14.643015,16.264442796614173
11.775,11.889252,18.811671179363728
10.135000000000002,9.6913,21.635417329478265
9.6925,9.047129,24.84537852093697
9.5225,11.0223875,23.702582725985053
9.815,10.097169,21.58965247258902
8.7675,10.320255,19.826600523517133
9.11,9.9664,19.440183404843808
10.97,11.914179,18.275294899649623
18.5475,22.799475,17.046493376789094
20.1575,23.343395,16.63891310358763
17.0725,25.22962,17.535830904130936
7.7625,17.744745,23.015110802330973
7.232500000000001,8.054005,28.76636738615513
7.127500000000001,6.1787934,26.98308345488787
5.155,4.5632343,24.244175834028724
2.2225,4.2672205,24.4941875222826
2.2475,4.9912543,21.480605079300407
2.315,5.041001,16.55716069930315
2.1,4.9561114,14.96746523275137
2.2725,5.839769,14.723221639781
2.125,4.127232,15.134403739297392
2.2575,4.0328574,15.342085885257722
4.25,2.9189239,15.293411114828588
15.6525,5.438874,15.555754370017054
30.552500000000002,14.356467,17.522047613663673
30.895,19.09474,21.335314712872506
30.015,17.654491,24.765427029809953
26.9425,22.103777,23.402400895066265
27.2025,26.239367,20.864021882715228
24.5425,17.6143,19.09755886832714
7.392499999999999,16.228294,18.998852984435562
9.02,12.4394865,18.314557716395857
9.6375,7.2546587,17.520767251706125
10.01,13.790531,17.158950218775274
7.3025,19.143026,18.464709255054
7.392499999999999,8.20438,23.9713100081563
4.605,8.2315235,28.289154498562816
2.435,6.4895806,25.637044748742582
2.5,5.635898,24.09708940429926
2.57,2.6904702,25.153586863369945
2.3525,2.9507105,21.434382719337943
2.4475,3.846769,15.203082548694612
2.5175,3.9620352,14.33394472274542
2.37,4.8455687,14.004104406380655
5.217499999999999,6.403672,14.515006009671689
7.392499999999999,8.263149,14.177941024634839
7.419999999999999,9.584733,14.596991207039357
10.42,10.446505,15.101156360485556
24.9725,12.664129,17.308341946675778
28.857500000000005,20.508368,20.470945911891462
7.4925,17.635513,23.147768910758497
8.475,9.367707,21.0971188902092
5.6025,6.4571166,19.00595155685425
3.6050000000000004,5.8413515,17.591845123155117
2.92,3.2768548,17.793836771526337
2.285,7.914125,17.407890088875295
5.67,10.238236,17.125310001635555
13.545,16.383068,17.1412110625124
9.3525,22.683878,17.885178957543374
7.585,12.760109,21.378753255548478
7.4275,6.4021816,25.639744501860143
7.525,6.3501153,24.771285655736925
5.1325,4.945764,24.795035400078298
2.2675,2.7082722,25.170433646147252
2.5425,2.748862,20.38342217908621
2.3375000000000004,2.6171794,14.515967897758486
2.48,3.0387812,14.180065261518957
2.48,2.7968547,13.808118496232034
2.7775,6.589979,14.306046734991074
14.77,9.198529,13.970632317578794
16.6125,17.439867,14.434626114606859
16.814999999999998,16.15589,15.249836776187422
14.980000000000002,14.756234,17.163783908488753
9.51,14.201658,18.64772826714516
10.1975,10.349473,21.04863003092289
10.23,11.67824,21.35077928671837
9.605,10.198701,20.688255021812918
9.0275,10.049613,19.57927242219448
9.09,11.689489,19.161711145551205
10.5175,14.549432,17.854668514077666
17.87,16.155567,16.54943811209202
20.9425,19.424026,16.24587431499243
22.9625,19.099468,16.21889295000315
30.189999999999998,24.46128,18.647477691257002
11.0,28.32634,24.523933305134776
2.1275,4.828513,26.277615332608224
2.1725,3.1443338,25.31142704024792
2.1675,4.2772617,23.49083155092478
2.17,3.1996942,19.58159873640776
2.1925,3.4661572,15.42461426648617
2.1175,4.081666,14.50646379681349
2.2350000000000003,5.3485436,14.159537438113691
5.4125,3.7480075,14.589538595139981
15.6425,10.093159,14.3421021803689
18.6275,13.596489,14.534109592061045
18.4275,13.008859,14.848491801054479
14.842500000000001,12.875819,16.151804893341065
9.895,13.055789,17.96922372704983
9.6075,9.689522,21.789495634796623
12.645,8.834789,23.170475936081413
14.6075,11.103706,22.164695036773683
9.3925,14.349662,19.897757609279157
14.135,12.132501,19.198424554712773
10.3925,16.444899,18.300051797399522
14.482499999999998,17.63316,17.290623806455137
16.5625,16.179865,16.236489843826295
11.975,18.824995,16.421055959949495
17.845,11.367027,20.0120493134141
11.0,14.104496,27.6359371071291
6.07,8.90141,28.222265285992624
6.154999999999999,4.206291,24.87415918246508
6.085,4.51753,23.352861233668328
6.1225,6.013587,21.32800921326876
6.0525,7.640738,17.19065534341097
6.0625,8.19517,15.365758031904699
6.0600000000000005,9.129515,14.919136418709757
8.96,9.075402,14.877482623004914
20.9525,13.505968,14.758685402739049
22.72,23.439495,15.039390212364198
21.5525,15.326604,15.050391302163602
19.3425,15.81732,16.640605703296664
13.035,15.533416,20.512032274456026
10.6025,11.931074,24.149991632454398
10.66,10.166685,24.696395797550682
9.9075,9.508055,22.38824429461956
9.26,10.15448,19.940880911321642
9.1225,10.249887,19.135352178735737
9.97,9.919272,18.27216027611971
11.3725,15.632707,17.15816777535677
19.705,13.600243,16.338631042313576
26.36,17.402254,16.9797011613369
23.0,23.139645,21.399588236494065
8.01,17.481,28.64859995195866
2.54,10.139162,28.45963016667843
2.2275,5.6498475,24.79911412889004
2.0175,4.1517563,24.86660149035454
2.1,6.0298347,22.95930836034775
2.15,5.582025,17.456765320014956
2.26,3.6194115,15.48432569232464
2.0525,4.2760696,15.005643298394682
4.865,4.7339087,15.040416765196325
16.085,7.9326887,15.18131639541626
19.155,13.293592,15.332863075954915
18.7275,11.428037,15.377583597207071
19.295,11.686933,16.779175786066055
19.6825,12.252435,20.304375994393826
18.975,11.75819,23.456591568272117
18.5325,14.267348,24.066703440468313
9.2325,13.460487,22.29103054972649
11.0225,9.600832,20.26631432529211
16.3825,8.497575,19.60743391878605
24.015,12.98155,18.587624002978803
28.077499999999997,18.570498,17.677569559421542
20.935,22.68139,16.170307093598844
18.695,15.534221,16.836701543512348
18.5975,13.313417,21.283739728615284
10.03,12.384067,27.591796951966288
2.6925,6.7816715,28.00488181161404
2.8575,3.6250865,25.942142716925147
2.6175,4.6743107,26.286907656512263
2.64,4.173065,23.82402635095358
2.685,3.8829215,18.218139347870352
2.6575,3.4920635,15.496143174533845
2.59,4.539145,15.071302264184954
5.387499999999999,5.0378656,14.862110196421147
16.2,7.111439,15.133449934303762
18.5075,11.665545,14.807562250497343
18.91,12.775821,15.35700889186144
19.1725,13.043712,17.255198842344285
18.48,13.324526,20.643477918908598
18.5325,11.388447,23.809934286327366
17.3425,13.689529,24.781903606920245
9.565,14.68049,22.891882430391313
9.175,9.388414,20.066024976341726
9.42,9.312433,19.07424076116085
9.79,9.811672,18.547320083832744
14.317499999999999,10.15243,18.11739814111948
19.9275,15.717236,16.47924291441679
18.4175,17.24427,16.829830914320947
16.634999999999998,17.401249,20.949867565379144
5.645,8.371133,28.32741339513779
2.2075,3.8711684,28.601488451747898
2.1275,3.5360315,24.93034961292029
2.0925,4.32022,24.944001957278253
2.14,4.009712,24.18510458916903
2.0125,2.641469,19.771357431581023
2.1075,2.5392206,15.498838077795506
2.125,4.300929,14.903366303942205
4.484999999999999,5.093004,14.570383280954362
7.107500000000001,4.9079456,15.435877248504163
6.870000000000001,4.8629737,14.930462448854447
6.8325,8.347869,15.195316312780381
6.8900000000000015,8.457433,16.930349027700426
27.0,6.402221,21.52460782187939
15.087500000000002,18.994316,24.952322693383696
7.53,12.563879,25.500493822646142
4.1575,6.875812,22.34142378576279
1.9199999999999997,6.5083265,19.258428588523866
6.922499999999999,3.7633839,18.047592548534872
8.7775,9.340209,18.058346295683386
11.9725,19.154411,17.629455755658153
27.480000000000004,18.257013,16.45296962838888
24.505000000000003,9.636428,17.392267086403372
9.6125,7.3040447,22.502720293278696
4.7075,4.098418,27.898359576630597
2.305,3.4886832,27.190665370492937
2.3,4.6140833,24.75396520370007
2.125,3.0841987,26.839965823903086
2.215,3.0239685,25.835719095678332
4.1725,2.4683492,19.024481239628795
6.07,2.7999055,14.857404219579697
6.0025,8.381495,14.592532572848798
9.1375,9.706447,14.426077435274125
10.885,13.103674,14.77174121482134
8.3575,15.2522955,14.369893471293452
8.85,12.434429,14.891246514048579
8.7225,8.694635,16.82058708897591
8.845,6.1730146,20.800548585317138
6.5925,4.6003504,23.02695415043831
6.7575,6.320203,23.05569924635649
3.46,7.275846,21.24263719986439
1.66,5.04555,19.33606023191214
1.88,4.410158,18.222887356796267
1.6125,3.6288319,18.073830268952847
5.3175,5.077961,17.43217008412838
7.0125,7.4961605,16.040762592658997
7.2075,6.1572437,16.450470335981848
6.949999999999999,5.5836473,19.422859719569686
4.42,2.933743,24.40268044116497
2.1375,2.454907,25.662553374156953
4.11,3.2674122,25.112557082457545
5.995,3.6587217,25.93094601627112
6.085,4.465953,22.71834326996565
5.775,5.7448773,16.569492266237738
6.045,9.005502,14.316806948614122
6.085,8.8435955,14.14787030143738
10.095,9.914074,14.113421774981024
12.925,14.551603,14.137586990311148
10.865,15.172398,14.01437963441372
8.879999999999999,11.84703,14.349276733863356
8.7525,11.595004,15.483444635169507
8.752500000000001,9.350317,17.334337174298764
8.875,8.718091,19.54675413838625
8.7425,9.466957,22.26021941519499
8.5775,7.9076376,21.818779064719678
8.68,8.010339,19.516848310289387
8.8,9.025201,18.573748565249446
8.8825,8.934518,18.413457594523432
13.495,11.61057,17.48578039124489
20.3625,19.203558,15.8057159430933
13.9625,18.785992,15.803240899965765
7.132499999999999,14.119844,17.149811473641396
4.2475,6.5923953,22.738806428625587
2.135,4.4093885,26.807348926358227
2.135,4.405239,25.980487294287684
2.07,3.8008926,24.14344271037102
1.9000000000000001,3.038341,21.574952559356692
2.1325000000000003,3.9504728,17.47398554169655
2.105,3.8196592,14.890304025385381
2.11,3.747645,14.465155957496167
5.475,4.058619,14.245950553917886
9.445,8.324765,14.584704905426504
9.6,12.79428,14.438981285204889
9.6775,10.776144,14.747690779414178
9.9675,10.996995,15.192223721334935
9.515,12.907919,16.60723707808733
9.74,12.027536,19.549869362492565
9.9875,9.009606,23.419249294462205
10.075,9.073307,23.092220277900697
6.535,10.154973,20.053413734383586
4.74,7.365262,18.435999724745752
4.5725,5.870922,18.331868468720916
14.62,7.6122108,17.737012626566887
18.9725,16.92156,16.174550717511178
17.605,13.451854,15.922136733968259
17.08,12.153909,17.344222797241212
10.1775,10.735784,23.877736888425353
5.2475,4.754015,28.00940511054993
2.08,4.1179543,25.959809125349523
1.95,3.3446953,24.092989659445287
2.055,2.687985,22.75136432216883
2.1225,3.1020753,19.38208374778271
1.985,3.1794753,15.510156024847031
2.1475,3.2670472,15.182599990611077
4.8425,4.4503675,14.902485246787073
9.1725,8.922497,15.286789444906713
9.2625,8.619366,15.256046208357812
9.635,9.960232,15.623914244832994
9.41,11.373776,16.227081123380664
9.3525,11.271157,18.07159125214577
10.6175,9.051519,21.267578392138482
9.2975,9.47019,24.086906323528293
6.7725,6.960806,23.44218426301241
8.092500000000001,6.4117465,20.2487093483758
15.94,7.0985613,17.98146314672232
16.52,14.207027,17.80556857294798
18.1575,16.321415,17.253726102769377
19.2575,21.445953,16.114166778321266
17.545,14.378172,16.316307155606747
17.8325,13.123467,18.237457940537933
8.6,8.941461,24.793025943117144
2.0725,7.0871477,28.870280398664477
1.9449999999999998,4.8298864,26.342095783414845
1.9124999999999999,2.7897367,25.137572639188768
2.015,2.2697823,24.891156310775283
1.9475,2.1287143,20.174689231014252
2.01,2.3716261,15.905703805561068
1.96,3.1306245,15.152597165396214
4.425,3.828504,15.036654893636705
11.53,14.044016,15.232105703017712
13.1325,12.557242,15.395909586033822
12.695,9.434101,15.491794470410348
13.2425,9.743203,16.246115191168787
11.0425,10.860951,18.692371190702918
10.0975,10.627037,21.98294022045374
9.52,8.472416,25.297415806553367
7.8725,8.296055,24.41198246478081
4.574999999999999,7.8757463,21.61108883566618
4.6175,7.5786953,19.871608802886012
11.0375,8.381373,19.57872600509644
17.8175,18.449064,18.398172465345862
20.335,21.197786,16.777439537653926
17.517500000000002,20.078909,16.50197257240057
17.2675,15.716208,18.21822826189518
10.375,10.316345,24.591781172554494
2.0525,4.4863744,28.576198069849017
1.8975,3.2638273,27.221736780624394
2.1325,2.7125204,26.24302292709351
2.035,2.1759326,25.64483361731768
2.0075000000000003,2.732045,21.51524436675549
2.0375,2.8362827,16.64467311577797
2.1,3.291455,15.154986527736188
4.7475,3.1774623,14.982228194110395
9.8025,6.2328763,15.1085782566309
10.215,8.529047,15.078926237659456
9.9175,6.9489784,15.58934770521641
9.885,6.060716,16.412187190127373
10.1925,6.970536,18.726512559618953
9.9875,9.278347,22.494414106740955
9.4575,7.8691893,26.504763183531765
7.17,5.743882,25.073449461100104
4.5725,6.478617,21.017799496967793
4.815,7.9957027,19.485125402848723
26.3875,6.529778,19.060780794420243
20.7425,22.43646,18.6748971598959
21.0825,16.868847,17.420614494137766
18.665,15.935038,17.30946872986317
16.515,23.054762,19.04074765631676
6.6125,8.794248,25.73198714445591
2.215,3.2750652,28.79223005105019
2.5925,3.8479602,26.513528489761356
5.7675,4.25064,25.747847789866928
6.035,6.233925,27.198871326675416
5.895,7.109626,23.82710600944996
5.9225,4.7296762,16.945973646790982
6.0275,7.1644163,15.309187696070673
8.5375,8.4214525,14.95888260442734
10.71,8.664819,15.235136862955095
7.494999999999999,7.302404,15.042799661061766
6.859999999999999,7.588652,15.292239066319468
7.260000000000001,6.55938,16.46430859148264
6.7,6.659431,19.55646678313494
6.8825,6.915855,23.683057206132414
6.907499999999999,9.547708,25.789742461748126
23.185,8.670943,23.367304104537965
24.235,19.995832,20.598951391892435
17.715,22.209494,18.834871273369792
27.934999999999995,19.32442,19.037136130290033
31.702499999999997,25.137575,18.48537287442446
35.82,21.698772,17.673138407747746
33.6125,12.123468,17.65995488279343
30.194999999999997,19.28079,19.7778530052495
6.205,11.528877,25.736371414189342
2.2975,8.773533,27.353827455911638
2.5575,5.2302003,25.107628012244703
6.234999999999999,3.9958415,26.316060140326027
6.047499999999999,6.270203,27.623046190147402
6.17,4.756002,22.791522745637895
6.23,5.237475,15.183631393299104
6.13,5.935128,14.763983062000277
8.99,7.207218,14.314285023546221
11.06,7.700467,14.747163761739733
8.2,8.556674,14.155387578082086
8.925,7.8354087,14.667116890113356
9.73,12.38437,15.861744711685182
10.275,10.145638,18.785197432625296
7.572500000000001,7.0037932,21.023983063240053
6.685,7.498027,23.173754438669683
3.595,6.206961,21.94526492320538
1.5075,3.854654,20.68823077253342
1.5775,4.915885,19.004902371361258
1.6925,5.4215302,19.172898146493438
5.26,5.482817,18.34193030309439
6.995,8.929657,17.35770216340542
7.132499999999999,6.5525966,17.119813498282433
7.0125,5.437559,17.734464835600853
4.345,2.3454626,20.942990469713212
2.09,3.528093,24.864478870089055
2.1175,2.9098096,24.248872111158374
2.05,2.8858097,24.11599575921536
2.11,3.6824317,23.14707214812756
5.63,5.087894,19.360002353870872
5.875,6.4443955,14.76294680945635
5.835,4.7206025,14.247041771495343
9.5925,7.5739746,14.011970872650148
13.5175,11.720002,14.553785457446576
10.2475,11.662686,13.897189333069326
9.9125,10.079242,14.306121099448205
9.62,12.869978,15.03105654330969
9.57,12.426237,16.906672031197548
9.66,8.311596,18.478657440621856
9.445,10.024886,22.25047605469227
6.33,6.466924,23.52981469264746
3.835,6.180745,21.94752980591059
4.6625,7.457069,20.331360592620374
11.3,6.6681914,20.031464903199673
15.507499999999999,12.858064,18.490091784214975
20.2875,15.623501,16.853973496990207
13.15,8.58454,16.06526244804621
7.499999999999999,7.588721,16.14390286146164
4.2925,4.4931207,19.69742784486294
2.105,3.3849616,25.79447107125044
2.1325000000000003,3.23925,26.339619123668673
1.8150000000000002,3.1546242,24.67442271708727
2.06,3.053638,22.766571853652003
1.9199999999999997,4.0413156,19.349465233619213
2.0525,2.8588464,15.440563825922014
2.0725,2.6335845,14.445766233608724
5.359999999999999,4.663244,14.209565318338873
15.099999999999998,7.401935,14.553649661481382
18.465,11.028692,14.099530171065332
18.21,10.987677,14.514855664138796
17.990000000000002,11.899974,14.828938798685074
18.2575,12.622124,15.813737604751589
19.1875,14.190006,17.64754248492718
18.6225,12.866889,21.898931016557217
15.48,9.92163,22.874679991514686
4.265,8.893637,21.332154223444466
4.175,8.698438,18.988299697997572
4.915,5.180368,18.850439310808184
13.1225,5.7820554,18.170862952558995
19.62,16.144035,17.195817206707
17.505000000000003,13.477222,15.966831389322282
9.3425,5.4548607,16.513757722237113
5.205,3.60653,20.92241899760485
2.095,3.0255344,27.981463474092486
1.9425,3.275472,27.604034755020145
2.0625,3.7907257,24.33341641582251
2.0675,2.3381832,22.919227534573082
1.89,2.6318583,20.558881882448198
1.9875,3.332313,16.259041673760414
2.125,3.4397361,15.079529236409666
4.59,6.056652,14.8565005297637
15.5325,8.106621,14.845446091549398
18.585,12.518522,14.649371267375948
18.72,9.584289,15.153990690658095
19.16,17.95768,15.386305254733564
14.61,20.497646,16.482527883479598
9.885,13.158614,19.251611307747368
9.8575,9.047924,23.105586480760575
7.462500000000001,6.329299,23.86757159045935
4.0175,5.701561,21.689884444470408
4.155,6.033039,19.01306952869654
4.58,5.056986,18.300536782989504
9.9025,5.0313916,17.823005421526435
16.665,8.982347,16.991502477359774
10.635,12.60179,16.061809350645543
7.380000000000002,6.337762,16.733710003623965
5.4725,3.0978134,21.565527672724727
2.1875,3.51067,28.071392735424045
1.9900000000000002,3.4131792,27.913002908210757
2.1175,3.4852157,25.314060512001518
2.15,3.1902914,24.8052249473238
2.145,4.2207174,22.22633670526028
2.0275,4.190904,17.214190077474118
2.1575,5.1119847,15.519807238087656
4.5675,6.179432,15.121840995898248
15.1575,9.221179,15.149481941289903
19.0625,13.086253,15.272550267984869
19.28,12.156901,15.62599321639538
19.14,12.306487,15.614204833321573
18.885,12.143265,16.93766746025324
18.725,14.80027,20.30009518825293
17.69,13.297853,24.35830587630034
7.9475,10.413092,25.12071615669966
5.74,4.8233895,22.36437653711796
10.845,9.61913,19.93263453967333
11.905,17.337612,19.293714523432257
17.14,14.993526,18.51071660473824
19.5175,18.176558,17.42118031065941
17.68,19.077372,16.068689679548743
7.4525,15.071847,16.637710339324475
7.679999999999999,3.9921658,21.305480015995503
2.66,3.3454406,27.797864095911983
1.9425,3.4126816,28.536413085284234
2.065,2.7139406,26.106573847970964
2.055,2.3056319,25.443128110444547
1.935,3.3752203,23.665938831424715
2.05,3.5471935,19.07830817364216
2.0175,4.461514,15.763535129714013
4.4325,6.805639,15.474722977643015
13.23,11.747436,15.08240843419552
12.71,17.806555,15.67201673226595
10.0525,14.206277,15.552702194037439
17.405,8.290662,16.104633578240872
13.275,15.096368,17.882236711630824
9.36,13.338841,21.84347129772425
9.9075,7.19763,25.543374631893638
6.827499999999999,8.243264,26.024016367607118
4.18,7.0066442,22.50648863131285
4.3125,6.6135616,19.2874436597538
4.672499999999999,8.41684,18.731268651638032
11.96,13.029802,18.668435535218716
18.985,16.537743,18.321481694002152
18.125,17.631289,16.97246355971575
15.33,11.940951,18.0571079658103
8.1725,9.4251375,24.393446315531733
2.915,3.3749726,29.361370340604786
2.34,3.5039146,28.299442659544948
2.0700000000000003,2.5961,26.520576947002414
5.8725,2.275827,28.46117242085457
5.95,3.4778652,26.693629505219462
6.0175,4.1991644,19.256640608315468
5.8375,6.1940284,15.359698945267201
8.7025,9.807025,15.095650157420637
10.3175,11.495328,14.911381499125959
6.6475,13.323064,15.473229222025873
2.4775,7.651642,14.958499465811254
2.3775,5.454513,15.686238126382829
3.0625,4.089135,17.98258184681654
3.115,3.5788603,22.78899920395136
4.045,3.0515146,25.04584246469975
3.3999999999999995,4.308118,23.881094605326656
3.5925000000000002,4.3376026,21.34428371304989
4.4725,4.7487035,19.599787312650683
4.932499999999999,5.2028666,19.21356903806925
4.547499999999999,11.158667,19.219623274850846
4.7875,15.633323,18.246976591050625
2.59,5.72911,16.661789873867036
2.79,3.5364463,17.60270233389616
2.84,2.0560362,23.203152648515704
2.7825,2.3273127,27.455069814438822
2.5525,3.5113726,26.848613116972448
2.855,4.0725064,26.105826970162394
2.775,4.8586035,28.26610475008965
2.795,4.84838,25.517237141830925
2.72,4.111833,18.15090741214991
2.825,3.759096,14.70112407968283
2.6025,4.320214,14.818364496204854
2.575,6.640795,14.713167888500692
2.4325,3.573392,15.283847198994161
4.4375,4.894112,14.714910603387358
5.28,7.3111854,15.772101591851714
5.1125,7.6839385,17.699736634120942
3.0375,5.5628324,20.70861310026169
3.1125,5.1595845,22.024574616734984
3.1,3.4772425,22.77899718446732
3.045,4.806086,21.334166913642886
2.975,5.1379995,19.500223004264832
3.15,5.5870953,18.581708795399667
3.55,9.670684,18.1998715573144
3.43,12.780601,17.207275799579623
3.42,4.0252957,16.00704962768078
2.245,2.1781054,16.31320324783087
2.05,3.1445303,18.417507224199774
2.195,3.3515892,23.211699711229805
2.0825,3.3308034,25.38888570544243
2.1375,3.3929734,25.155355444154743
2.1625,3.7893693,24.86068466615677
2.205,2.9608848,21.67939582277775
1.96,2.8487992,16.747897448749544
2.185,4.1450934,14.369633195693494
2.68,4.5027494,14.354724738657476
5.1875,3.5060995,14.232757329251768
10.1975,4.1494036,14.580749039630891
10.2025,7.4681168,14.120808105516435
9.83,9.585563,14.833791887822153
9.4325,9.283257,15.820296226546766
9.6025,8.273822,17.736362745876313
9.2825,7.894631,20.2555557282877
6.49,7.281711,22.626196007869247
4.325,4.864229,21.294984927828313
9.5775,5.262177,19.060155163009167
13.857499999999998,5.953667,18.04467131866455
17.985,16.692553,17.76555564515591
19.965,14.807438,16.715810802116394
19.28,8.074131,15.124262690610887
18.0425,12.604612,15.503611952619554
6.6775,11.340857,17.249909266176225
2.1125,3.6171546,22.63976267143965
2.095,3.0605965,26.092860072104934
2.03,2.4129322,25.545772077326777
2.1075,2.638376,23.62594530305624
2.1575,2.5787218,21.23072433715582
2.0375,3.597059,17.425359269826412
2.0875,2.996087,14.927366624171736
5.83,4.395431,14.760793473436834
9.3975,9.932843,14.386756420257093
9.715,8.651617,14.5429363297987
9.905,7.2920365,14.402843392276765
9.485,9.602311,14.843578897027971
9.5025,9.826177,15.183914301559927
9.8125,8.994488,16.492146764347556
4.2175,9.254081,19.457311479263307
4.615,3.300365,22.442221574165824
6.4975000000000005,3.18492,21.76894517873049
12.9625,7.772401,18.889875105748178
13.39,17.705725,17.257271347432138
14.0475,23.183872,17.274219977183343
15.297500000000001,16.890152,16.625533967778683
12.6925,7.4487925,15.584242423572542
12.99,7.80938,15.4733860340333
5.0325,7.052314,17.427965259063246
2.0825,2.6621296,23.957174294826988
2.0325,2.424893,27.64968483198643
1.9575000000000002,2.8177207,25.87785626035452
2.0375,2.5588892,23.79406394120455
2.05,3.0179148,22.30853044643164
2.0725,3.1902742,18.344049690122606
1.8425,3.5252395,15.458189818880559
2.51,4.327392,15.31804029970646
4.8475,7.305889,14.994002027616503
5.0375,6.5255847,15.081330149567128
4.7275,4.6755466,15.290055014545919
5.0325,5.078036,15.522958027803899
5.2625,6.591686,15.7766927887702
5.12,6.700784,17.39373012626648
5.05,7.170217,20.506464639883042
4.3625,4.03188,24.15666988402844
4.2625,6.1916823,23.490522776765825
4.5225,7.7333684,20.028005339324476
4.755,6.6829505,17.97562068698168
5.3325000000000005,8.036654,17.988799362080098
11.9475,9.347883,17.23453198973656
12.855,11.328055,15.639511381406786
11.1825,6.384556,15.36416727916956
2.0675,6.423271,17.662905211799146
1.9625,3.0407124,24.756634241063598
1.7425,2.230519,29.40842364254475
1.9000000000000001,2.1025224,27.33172504595757
1.98,2.4462347,25.06400032518864
1.9250000000000003,3.145863,23.47669907083273
1.8825,4.1308985,19.742246979851725
1.805,3.2451735,16.219439367101195
2.3975,3.8184884,15.466394158444405
4.62,5.313224,15.104924698519708
4.7075000000000005,5.167825,15.379526772804262
4.825,4.7555594,15.53826255640507
4.46,4.4108872,15.812693269114495
4.28,4.726376,16.172106390137674
4.0775,4.385438,18.118964644575122
4.2125,4.03369,21.860263115468026
3.8175,4.936691,26.173400012414458
3.8100000000000005,5.9293237,25.058120683219435
4.1575,7.213479,21.300348868453504
4.26,8.534249,19.90151948083878
4.85,10.278788,19.715824964909554
12.035,10.361289,18.872080984451774
12.5125,13.453951,17.189400847351553
12.985,4.8629503,16.89994528106451
7.93,2.8149648,19.192245838296415
1.915,2.7384777,26.23131860818863
2.0225,3.1314359,29.38088939398289
1.9250000000000003,2.151011,27.42184506828785
1.8325,2.4203658,26.148156512455945
1.955,2.7019424,26.531135083296302
1.915,2.7298079,22.504949610373977
1.93,3.0917382,16.813504682743552
2.3225,3.7423832,15.627849094586374
4.1850000000000005,5.5011134,15.315524841113092
4.65,3.8219965,15.60008043632269
4.2475,6.292012,15.351235946722031
4.327500000000001,5.1730947,15.732711062233449
4.355,4.38007,16.688195722622872
4.1225000000000005,3.4782343,19.73959895853043
4.13,4.3794346,24.4404026203537
3.8625,4.7695866,27.272728165555
4.065,5.124748,24.334113178453446
4.3775,5.5700345,20.735363288786413
5.605,7.331355,19.515829840550424
8.5175,7.996306,19.633951314227584
15.5825,16.734377,19.116227580304148
14.0675,16.880173,17.779985583076478
12.7525,10.12254,17.74569871848345
2.4275,4.4371495,21.2022540664053
2.41,2.0231073,28.181953283753398
2.3525,2.1459954,29.1884083130312
2.2775,2.942095,25.73710374243021
2.435,2.3758073,27.005918193082813
2.4,2.6217835,28.265189743943218
2.4125,2.4993842,23.748082457418445
2.3125,2.3162596,16.009469705774787
2.305,4.1431475,15.450093792765141
2.175,5.495252,14.977949004588128
2.0225,2.0412264,15.559116936774256
2.095,2.6133783,14.958134110000135
2.7,3.8769655,15.424640132384301
2.9475,4.9379616,16.64572553450823
2.67,6.096152,20.2888693884635
2.17,4.8035836,23.812110255007745
2.2775,2.6889389,25.33654444395304
2.3125,3.501967,22.417597239143852
4.8675,5.000338,20.517014693083766
5.8775,5.709973,19.271969386196137
8.02,7.948905,19.582140303649904
22.175,14.902066,18.671245218403342
18.6625,15.385051,17.536152611238958
2.475,8.9595175,17.49630134531021
2.0825,2.1201296,19.591439094028473
1.845,1.9026009,24.252705113937857
1.9325,2.4077935,25.601972207493784
1.9825,2.381939,24.805855428590778
1.7025,2.1952145,26.038349308409693
1.9774999999999998,2.4487336,25.49671578490019
1.98,3.0105114,20.32751142365456
1.8275,3.1747277,14.481640617699625
1.825,3.0352876,14.337219992096426
1.7524999999999997,3.7297506,14.138857652556897
1.5625,1.6893871,14.733934971463682
3.6675000000000004,3.6636467,13.911978160326482
3.405,4.723203,14.518021003422739
5.5325,4.703362,15.478439583880903
2.7575,4.8325768,18.07692609363556
1.455,2.9497087,19.633495427773
1.415,2.1788979,22.099055470407013
1.4675,2.6263907,21.804683766856197
1.2675,2.5790427,20.70432744426489
1.5675,3.3377192,19.48942560841322
1.5725,3.0657895,19.2798099865675
1.6875,2.8417902,17.91495060629368
1.8525,1.7369404,16.577336099846363
1.8325,1.90265,16.78325613149643
1.7524999999999997,2.2020574,17.52063145574093
1.8874999999999997,1.9924207,20.482465936272146
1.825,2.3024204,24.405640469882492
1.8625,2.407608,24.083159001536373
1.9124999999999999,2.1563964,23.78187463670969
1.8775,2.5096982,22.80778269585133
1.745,3.225607,18.884829638993743
1.805,3.0132136,14.349331698896886
2.33,2.6658967,13.976193485677245
3.8325,4.3234634,13.618518229684831
3.995,3.7071607,14.182477256519796
4.065,4.1700063,13.559512457879784
4.1125,5.0547557,13.945608677754404
4.220000000000001,4.8336964,14.359157506949902
4.03,5.4927454,15.960499094135763
3.9875,4.474923,17.520072105693817
3.7774999999999994,3.9970956,21.571717705471517
4.1775,4.506653,21.978308608069423
4.0025,5.5340285,20.452307915668488
4.6225000000000005,5.6750717,18.89480902581692
13.3625,6.1308846,18.711906410267353
13.685000000000002,17.91198,17.72045683514357
12.6275,15.462597,16.369771967046262
7.419999999999999,11.754595,15.93244914422989
2.46,3.047137,16.14406937318087
1.8400000000000003,2.6349373,19.34764815427542
1.7175000000000002,3.139974,25.451382565186027
1.8549999999999998,2.7913442,25.439923972313405
1.6975,2.0975027,23.07347558484793
1.745,2.0631957,21.169805297198298
1.7725,3.0248187,18.204372223589424
1.8425,3.0208926,14.666801649479867
2.29,3.8869607,14.343686466629507
3.8025,4.939093,13.828442625689508
4.275,4.203338,14.145569853122236
4.025,4.3467593,13.709163653070927
4.5975,4.515452,14.351575565559866
4.9775,4.664418,14.52321681571007
3.925,4.643539,15.566812041468621
4.3875,4.158586,17.755450162079335
4.7875,4.1665397,21.808799677896502
4.4325,5.6829295,21.868166763966087
4.015,8.713206,20.463113394613266
4.25,6.1762986,18.589780572235586
8.36,6.1630626,18.064356883761885
11.37,14.754629,17.220604820210934
2.145,15.02955,16.253267112002373
1.7075,2.4547458,15.429604768207074
1.9225,1.6748971,15.988490845770837
1.7899999999999998,2.0999649,19.95421316519022
1.9000000000000001,1.6499883,26.620437096598152
1.8425,1.9098802,26.815315622982983
1.8174999999999997,1.9491426,24.482756411926747
1.8825,2.0968957,22.964520338821412
1.5750000000000002,2.7514815,19.66814764817715
1.7975,2.4090927,15.638641640582087
2.27,2.5391622,15.0436322196579
4.8025,4.1610913,14.598255402810574
5.0725,4.552461,14.860136305069926
4.775,4.725201,14.823848066608907
4.4375,4.595395,15.37840807271004
5.005,4.244602,15.281197561054231
4.605,4.6637096,16.30065182076216
4.665,4.684517,19.16127142528296
4.2375,4.999273,23.914078475301267
4.2625,5.78151,24.445732611987594
4.015000000000001,6.626156,21.992740162608627
3.9675000000000002,5.9377046,20.05849315012932
4.3625,8.130377,19.47751597894192
8.535,10.636677,18.385756834242347
13.25,8.347374,16.98004550110579
11.1125,4.2996936,15.813475712532998
2.2025,3.114054,16.433848263194562
1.8725000000000003,2.2166655,21.587807910728458
1.78,2.0811698,28.92281403777123
1.805,1.9859887,29.360361570577624
1.8525,2.0153651,25.702184779951576
1.8975,2.2128234,24.199720438232426
1.845,2.3420508,22.37021576362133
1.6525,2.3908198,18.053092285125256
2.3825,2.8468165,15.883423567557337
4.529999999999999,4.68996,15.587742402913571
11.4175,4.5688076,15.20808436674595
13.1425,7.5231,15.57829488362074
13.5175,11.569822,15.729180367138387
13.5825,11.107063,15.879267241051199
13.44,9.845643,17.323882501597407
9.9575,13.04793,20.727184815120697
3.48,6.6304173,25.166568310995103
4.055,3.7797449,26.353913265624048
4.285,3.733248,23.184981855077744
9.4925,4.3470864,20.457442296447756
13.762499999999998,13.519063,19.760083133232595
14.4375,17.115335,19.008429833219054
5.77,7.9747577,17.91926536142588
2.435,1.3765444,16.60467635417223
1.8350000000000002,2.1203413,17.426613765885833
1.8400000000000003,2.032194,23.86386953378916
1.78,1.8075345,30.20450808907509
1.78,1.6309988,29.151542941718105
1.6975,1.7417573,25.948573625848297
1.8475,2.1042523,26.415727912304405
1.71,2.6330643,24.982215588531496
1.78,3.3292215,18.97953924162388
2.395,2.3641148,15.865765242226125
3.7575,4.063111,15.667045629968644
3.6150000000000007,6.2031655,15.493506469542982
3.52,4.5519557,16.21511167901993
3.365,4.10276,15.943469633452894
3.5675000000000003,3.7281194,16.15060536231518
3.5149999999999997,4.302774,18.145027770180704
3.4275,4.5916204,23.75753320994854
3.4925,3.8128152,27.1848132110405
3.415,4.3544517,26.225670142683985
3.4399999999999995,5.7256794,22.63775159785986
3.5825,6.087096,20.379880167660716
3.7099999999999995,8.43303,20.309709219264985
3.7825000000000006,11.620687,19.993005545914176
1.73,7.147279,19.281699813749793
1.845,2.1896296,17.85184266470671
1.6800000000000002,1.8260338,19.247110641472343
1.8599999999999999,1.8440567,26.417973395586017
1.7925000000000004,1.7910477,29.933284747734074
1.8275,1.901719,28.237264273672107
1.7025,2.1804843,27.59002837118149
1.7899999999999998,2.9113274,30.26808323344708
1.8475,3.0503685,27.739982682366374
1.69,1.7864308,18.954998970770838
1.745,1.6235198,15.450706491227152
1.6125,1.5640537,15.180567900989058
1.425,1.3724566,14.943497244894505
1.325,2.0031698,15.725188935732843
1.475,3.6473742,15.141503928334714
1.41,4.1331654,16.155768842229843
1.3175,2.6581018,18.828650524868966
1.4775,1.595958,23.178154874589445
2.8675,1.8190193,24.339431853756906
3.3025,3.0837476,23.341043751459125
3.8925,5.0091205,21.601681731839182
3.805,5.271793,20.16607103708029
5.4075,4.5845227,19.76951771957636
4.6325,4.6714597,19.03891441078663
2.11,2.0541496,18.33105045969248
1.7225,2.3294463,16.995670120196344
1.895,2.2702446,17.77975278999329
1.7200000000000002,2.460912,22.407110234069826
1.7524999999999997,2.028204,25.849345574138166
1.68,2.1202035,25.603016543130877
1.8400000000000003,2.0567603,25.605596666469577
1.7075,2.077784,26.823474697225098
1.6725,1.8665402,23.243555181398396
1.8975,1.8549881,16.100181410524847
1.7075,2.009016,13.976961379528047
1.3875,1.5462255,14.0473521880579
1.4625,1.693179,14.140407989826203
5.2725,3.3043306,14.461904937424661
4.7075,5.048499,13.931025161063673
4.234999999999999,4.4323454,14.777135871200564
2.3725,3.0750422,16.577009542882443
2.035,2.1240854,19.414850990860465
1.5525,2.2809906,20.978787256109715
1.7625,2.2300358,21.83778080013514
1.4675,2.2280512,20.694467687220577
2.1825,1.7913685,18.907861604661942
2.635,2.5964868,18.186434223234656
1.8825,2.7841191,17.677078107357026
1.74,2.2642953,16.807044674685002
1.8675000000000002,2.0407078,15.627721381714345
1.7725,2.0003493,16.11881455689192
1.7775,1.7226917,18.53881181996584
1.9124999999999999,1.6148556,23.080853832290174
1.8549999999999998,1.7948573,24.913517379710676
1.91,1.9633077,24.661402470614913
1.7025,2.2074358,24.07941652940035
1.7849999999999997,2.5615916,20.821362550220492
1.885,1.6902969,15.87673238303423
2.17,4.2597966,13.863584681539537
3.8075,4.338749,13.774002993214133
3.5925000000000002,4.472189,13.55033410558939
3.4525,4.3204536,13.615435337951185
3.5424999999999995,4.006723,13.513476817369462
3.5275000000000003,4.682241,14.054206651062966
3.7525,4.4371657,14.90341803573847
3.49,5.051274,16.25800057136059
3.555,4.516931,18.735022440104487
3.5225,4.993525,21.094682645928863
3.4525,4.7044773,20.40753566262007
3.7099999999999995,4.5323005,18.088113094577793
3.7125,6.782417,16.89120907397032
3.7625,10.112653,16.753660694177153
2.9475,4.9464803,16.040523333101273
1.8775,1.1920635,15.240578401274682
1.8975,1.4548627,15.64622681520939
1.7524999999999997,1.8015741,17.303944743993284
1.9375000000000002,2.0151498,22.30089838986397
1.8575,2.0784512,25.069411147754195
1.7825000000000002,2.1702592,24.280224812932016
1.9074999999999998,2.433522,22.68808986886263
1.865,2.1388886,20.381702096860412
1.8025000000000002,2.026197,16.313672067234517
2.3275,2.889391,14.462852275943758
3.8399999999999994,4.410974,14.65682226265669
3.445,4.307773,14.451361350698473
3.5625,4.0071263,14.425757344784738
3.6275,4.744089,14.448373839464189
3.4475,5.583483,14.533600357191563
3.6,4.7391925,14.985712007265093
3.6300000000000003,4.079089,16.079849197974205
3.495,3.8249116,18.657712503824236
3.655,3.9350455,22.03943780844927
3.585,4.392235,21.5874700374341
3.7099999999999995,4.2613277,19.267400821938516
3.6800000000000006,5.4868655,17.712171664648057
3.985,7.4474144,17.542048419394494
1.87,2.280047,16.472847571103575
1.7775,1.6234097,15.310413092994692
1.8975,2.1819367,15.052617386021616
2.02,1.874286,17.078322981059554
1.7574999999999998,1.8121501,24.176130739135743
1.825,1.7554231,28.997957705082896
1.8775,1.9358404,27.045551215496065
1.7775,2.2183588,23.662453401651383
1.955,2.2935383,20.923439083962442
1.7825000000000002,1.9290363,17.274131063158514
2.3675,2.4565015,15.393458792185784
3.7975,3.9633605,15.283234500532151
3.6349999999999993,4.3431573,15.150417963478567
3.4325,4.129016,15.244396854486467
3.4499999999999997,4.141082,15.688869981517794
3.5424999999999995,4.139268,15.787357621893884
3.4275,4.421304,15.849000906999112
3.5075000000000003,4.3321967,17.324816907167435
3.5625,3.8580477,20.873073330442907
3.3675,4.0460076,25.387608576722148
3.665,3.8029912,24.98356223185301
11.85,4.423466,21.1295870588398
13.0525,20.632881,19.071232233884338
13.6125,14.137883,18.807802610974313
9.975,5.578494,17.80471338169098
2.0075,5.38143,16.540223385882378
1.795,1.6749713,16.227252484955788
1.845,1.6045367,18.84280402100325
1.8725000000000003,1.7438023,27.2856190825367
1.7000000000000002,1.7787032,31.155315871758464
1.91,1.8290864,28.665839573063852
1.6925,1.8467067,25.634634370360377
1.8224999999999998,1.8827137,24.68847113301039
1.8150000000000002,2.0269763,21.030987871778013
2.1900000000000004,1.9880731,16.791314975383283
4.2925,3.6202364,15.73664106213093
4.665,3.9923425,15.524674876792432
4.845,4.827317,15.949076066873076
4.495,4.9790163,16.092972908039094
4.5375,4.3780985,16.426350385973453
4.359999999999999,3.9404173,16.99825832662821
4.4375,3.8161657,19.686729062747958
4.095,4.0638275,24.830893617982866
6.0275,4.2390523,28.813385122485165
12.9525,5.0341697,27.113140423934464
13.687500000000002,16.759771,22.40568275981665
14.1125,10.720581,21.044583634483818
14.162500000000001,13.024411,20.328974463517667
12.3025,11.169413,19.358364719195368
12.1575,6.3058805,17.310451633992198
7.135000000000001,6.5025945,17.508919053742886
1.805,2.501921,21.498172873988153
1.7275,2.0923433,29.50430529368401
1.78,1.820385,31.10573741151333
1.885,1.750677,26.78381580891371
1.8174999999999997,1.9935329,26.83228203553915
1.735,1.8484992,28.469698467526438
1.8350000000000002,2.0268066,24.403710227234367
2.31,2.356947,17.226754437491895
8.66,3.614752,16.152079718508723
11.835,8.0092125,15.64144162405491
12.0225,10.479845,16.232525894937517
11.5575,8.49528,15.893596948616507
11.345,9.157476,16.090205256938937
10.765,12.256321,17.5530301097703
9.4975,7.440791,22.463260249059203
4.205,4.268807,26.648270419607165
5.5125,3.0771418,27.999268911719327
12.83,3.5432367,24.456011073257926
12.92,14.540092,21.30506777824402
13.747499999999999,9.306648,20.01534236557007
13.8725,13.820691,20.026217359116078
13.085,13.457402,19.09928703364611
9.565,9.278227,17.843190521781445
2.2475,3.1485527,17.984272829906942
1.9475,1.9542454,21.54214813405037
1.675,1.6285397,27.729904681806566
1.8749999999999998,1.7711993,27.908395545105936
1.7325000000000002,1.6909772,25.580259402630332
1.6725,1.7302984,27.901356787576677
1.81,1.8063943,29.29484001737118
1.78,1.9958537,22.897825120487216
1.64,1.9691443,15.288561258928777
1.565,1.8400602,14.724178678011896
1.505,1.55572,14.510367930812837
1.895,1.6812881,14.992605269117357
2.02,2.0019126,14.391074408626558
1.695,2.1937864,14.806897820239069
1.4075,2.0956573,16.572082089288237
1.34,1.7595613,20.74296947945595
1.3824999999999998,1.3490704,23.000800494189264
1.515,1.7835883,24.19654539923668
4.6025,4.1981506,22.438527600588802
4.5600000000000005,7.2006483,21.444004833443167
4.84,4.399014,20.42680414011002
3.7075000000000005,4.009428,20.12624725366831
1.9925,2.9885492,18.862956788885594
1.915,1.9522104,17.542746798644067
1.9575000000000002,1.8537551,17.684731179966928
1.845,1.8723652,19.588784606232647
1.9175,1.8802521,23.242774354598524
1.9700000000000002,1.8606565,25.127695099339487
1.7849999999999997,1.928597,24.46507868717194
1.9750000000000003,1.6343,25.584289632883074
1.9325,1.6348133,24.983038447415833
1.8075000000000003,1.6637295,19.73730174345255
1.7875000000000003,1.6372415,14.05714404711962
1.6775,1.570742,13.638840742523671
1.505,2.4849489,13.368698919048311
3.5675000000000003,3.2963433,13.979489771070481
3.6425000000000005,3.7057192,13.335592994366886
3.5575,2.9030807,13.958244168992044
2.515,1.3592604,14.917999935810567
2.3125,1.4050927,17.114236163997653
1.47,2.1860228,18.388644115121366
1.395,2.209503,21.527338290750983
1.4475,2.4776766,21.858872823443416
1.6175,2.2627516,20.70332352409363
1.4825,3.1633816,19.233063842167855
1.6675,1.9601321,18.909900160758497
1.8125,1.7431148,17.804230012719632
1.71,2.1616704,16.236711320579055
1.91,1.928155,16.402408264014724
1.8625,1.8664802,16.997202674660684
1.85,1.862009,20.1469949372077
1.7975,2.2219405,24.134303965237144
1.8549999999999998,2.050285,23.392044836101533
1.9225,1.855064,22.84558085611582
1.7425,1.7275118,21.596812476515773
1.9425,1.8739455,17.870006991670135
2.185,1.9061768,13.954428949017526
4.5525,3.59029,13.860176849460602
5.1925,4.1921687,13.516512827162744
4.7275,4.684139,14.026973093566896
4.6225000000000005,4.5271053,13.254353058189155
4.5025,4.4457655,13.657734164490702
4.56,4.168166,14.079383869657518
4.21,4.213121,15.329867481627465
3.8875000000000006,4.073099,16.623686172680856
4.05,4.426487,20.464718696916105
4.0075,4.798307,20.929604867429735
4.3575,5.3482037,19.91670114642382
4.8175,9.079741,18.468805766670705
8.192499999999999,9.930164,18.04994311202765
13.0475,9.174115,17.012769095480444
12.32,7.6656766,15.775300880126954
2.9275,2.506312,15.67026593428612
1.7625,1.5548092,15.767932332396509
1.8525,2.056982,18.77298064561367
1.6825,1.8174433,24.66067499222994
1.845,1.85168,24.728959346680643
1.8075000000000003,1.8728855,23.359447337980274
1.66,2.1207414,21.301955787374975
1.8525,2.1028776,17.41681544034958
2.1675,2.383892,14.197831900298597
3.96,4.2072134,14.463696150870325
4.3875,4.429628,14.033339337744714
4.5525,5.106309,14.406382170464994
4.5725,4.6236854,13.95005599561453
4.025,4.2076907,14.51719652791977
4.5875,3.8500364,14.563253992781641
4.845,3.7919528,15.414311555936338
6.09,3.9316182,17.69785165679455
4.545,4.3108506,22.502330688188078
4.1325,4.9967837,22.911178390398028
4.2775,4.793737,21.505083918645383
5.04,5.211407,19.26047199447632
11.3225,6.6214905,18.58332056417704
11.765,9.701497,17.654497178287507
9.9525,6.958941,16.2782487197423
2.3875,2.2928517,15.455813389489652
1.7925,1.9356415,15.975394618222715
1.7475,1.7791547,20.46472193015337
1.7825000000000002,1.6871192,27.97201918803692
1.87,1.7218152,28.30859918748379
1.695,1.8184915,24.610021480593684
1.8150000000000002,2.0143952,22.144708780610564
1.7475,1.9906868,19.54242321706772
2.1,2.1241527,16.447581438484193
4.2825,4.269462,15.60606192526579
4.99,4.5754623,15.052513922429085
4.3425,4.3624816,14.950390506746771
4.4025,4.623583,15.124846289937498
4.9425,4.524611,15.591059704349043
4.7475,4.4529138,15.511586732337477
4.7825,4.269349,16.739285721290113
4.325,4.035389,20.077650080933573
4.605,4.4946413,25.33764697786093
4.6425,5.15836,26.604633032839303
4.3100000000000005,7.101514,23.655665220010285
4.5975,6.989037,21.065572194199564
11.1425,8.065343,20.029599325296882
20.4875,13.279193,18.873219083969595
18.23,14.512625,17.180077807693483
1.8575,7.218899,15.669889262144567
1.85,1.5292623,16.839065039954185
1.7849999999999997,1.6593496,23.917733650031092
1.7049999999999998,1.752223,30.713678293809895
1.8375,1.6028485,30.285956569056513
1.775,1.5203357,26.21924085037947
1.8475,2.0758538,25.49254814206362
1.8075000000000003,2.044988,24.321358057436946
2.0625,2.5576682,19.06947335281134
4.2625,4.5236936,16.201598363864424
4.5125,4.741588,15.985736127619745
4.2125,4.6465163,15.821269430963994
4.52,5.53095,16.512409462296965
4.4325,4.830848,16.50451713012934
4.21,4.479377,16.607819060795308
4.22,3.9737437,18.370258311405184
3.8225,4.4206347,23.15945221362114
4.0575,4.768399,27.782709912843707
4.105,4.8084517,27.65970463427544
4.91,5.141752,23.661735622978213
10.57,8.002795,20.699750796914103
13.869999999999997,18.232912,20.422838574602604
2.895,12.417996,19.717772990362647
2.0525,2.261263,18.727067059810164
1.9774999999999998,1.9390007,17.381105951359274
2.06,1.8808068,18.52568649328232
2.0225,1.7084801,26.441205821964743
2.1075,1.7796,31.645768865957262
1.935,1.8343986,29.420845740122797
2.135,1.8869565,26.962284039552216
1.95,2.2721066,29.361764795551302
1.9475,2.4867685,27.834994592680935
2.5675,2.146038,19.575567132287027
9.23,3.8978283,16.055654883508684
12.9725,10.9065275,15.785437078957559
13.155,8.43153,15.609996775019171
13.3275,7.018421,16.265789439935684
12.82,7.4898934,15.866777245490553
8.1375,10.804902,16.626581536653042
4.065,4.77857,19.68092216861725
4.1225,3.3521223,25.06675019348383
4.16,3.10499,26.707016724121573
3.9525000000000006,4.7207756,24.976817698915006
4.425,6.3551006,22.619071569552425
4.7675,5.6626215,21.08776675141573
8.7675,6.4086547,20.96538225440264
2.105,11.996211,19.994206693558695
1.9050000000000002,2.3120575,19.188789507658484
1.5625,2.0714462,18.095007973048688
1.8599999999999999,1.9262145,19.154423428752423
1.8224999999999998,1.8851105,25.776098200483325
1.71,1.8231106,28.581393882136346
1.8599999999999999,1.8886817,26.621248639152054
1.8025000000000002,1.953503,27.130695285673145
1.74,2.3099847,30.342758081355097
1.8025000000000002,1.9971125,27.254631736574176
1.8025000000000002,1.6900699,17.34953985592604
1.485,1.39271,14.53341606266737
1.42,1.6036625,14.504877893934252
5.39,1.7995162,14.69173799189806
23.99,3.5050168,15.72432727800131
11.145,17.619904,14.828518477840426
1.5375,9.848077,16.0347423048687
1.5725,1.938904,18.771186198930742
1.4775,2.266527,22.584445215046408
1.56,1.7319818,22.63268026520729
3.705,4.2451825,22.51589250190258
3.73,6.2372293,21.424595710132124
4.8975,6.383989,20.266479220392707
6.2625,3.635162,19.847889774298668
2.3975,2.6394444,18.776417576828006
2.1725,2.3277824,18.181980438899995
1.9675,1.4685186,16.9454983609128
2.145,1.2982373,17.196869625437262
2.0625,1.925466,20.781483801774982
2.025,1.8747268,24.475368464772703
2.06,1.9136654,24.66239992431164
2.0075,2.1489642,25.233402558531765
2.11,2.4436476,25.991779375441077
1.9325,2.1027596,22.195037351901533
2.045,1.5786319,15.242802868514062
1.8625,4.659554,13.360273102731705
1.5725,6.448783,13.375081329412462
3.7849999999999997,3.2334726,13.470753628438713
3.5049999999999994,4.142077,13.740364392693044
3.5750000000000006,3.8754342,13.385445471470357
1.495,1.9322517,14.299389499459268
1.49,1.8763391,15.831772602224351
1.2875,1.7493469,17.977686725595
1.41,2.066909,19.792842293217184
1.43,3.9287171,20.706668308045867
1.4825,1.997433,19.67045132972956
1.4875,2.0187857,17.82697745350838
1.6025,2.871265,16.838848413057327
1.735,2.8748646,16.611099180002213
1.805,2.1275403,15.840191952066423
1.8125,1.6500094,15.418227006266118
1.66,1.4006464,16.11685683172703
1.8025000000000002,2.0910053,18.176857374451163
1.8575,2.0209706,21.353946242620946
1.6925,2.098339,22.59599918841839
1.8675000000000002,2.3889763,22.900410093681813
1.8350000000000002,2.8713264,22.883558461048604
1.6975,2.692722,19.294574564545158
2.115,1.8353766,14.467782962775232
4.465,4.9557815,13.31455836102009
4.8475,5.2562065,13.500383823058607
4.9475,6.118507,13.433395996751786
4.8325,6.0487127,13.151601586167814
4.04,5.386259,13.311425354108811
4.68,4.8915634,13.628420018813612
4.665,4.803913,14.262983247838022
3.8799999999999994,4.510121,14.941271161036493
4.405,4.482487,17.18053207752943
8.18,4.901485,20.017615331368447
13.385,9.851461,19.792640215888024
13.535,14.3805895,17.653675936021806
13.285,17.526909,16.46789101837397
12.8575,14.379713,16.51118083213568
11.6925,11.417314,15.835757567155362
5.22,3.727931,15.085867998070718
1.845,2.2537959,14.905210865802767
1.8625,2.4195216,16.16498033520222
1.73,1.8359069,21.319470233647824
1.895,2.8512428,24.587906137690545
1.6825,2.8408813,23.457821815052036
1.865,2.4943907,21.27396241912127
1.8525,2.5896182,18.49432570841551
2.2025,3.0443397,15.264667635529042
4.2575,5.6708994,14.364553779947759
3.895,5.4426675,14.378419517965318
7.07,4.9561057,14.585136542601587
7.3775,5.347826,14.04285798825741
4.6025,5.794054,14.892182536237241
4.8575,4.2975616,15.118192287642957
4.6075,4.074588,15.470168962953093
5.1225000000000005,4.0602317,16.429171385488512
4.505,4.8008757,19.37050229189396
4.565,4.672992,23.025862932860854
5.0725,5.0111227,22.48319962328196
11.9125,8.852901,19.308621363849642
13.9775,15.583955,17.23201653114319
10.8575,12.547554,17.238054601738455
5.7725,6.643833,16.671492818903925
1.7625,4.211028,15.763135824911595
1.8625,2.0121386,15.415734180333615
1.735,1.8721725,17.579314712128642
1.865,1.9865103,25.336452296690943
1.8924999999999998,1.899848,30.42689984797955
1.7249999999999999,2.2647707,28.28384875620842
1.78,2.4503205,23.457603571536545
1.9724999999999997,2.0867326,20.870274963588717
2.105,2.3735437,18.11906164169312
4.3575,4.0515985,16.120043187053206
4.885,3.8452256,15.710885094065668
4.5875,5.377819,15.439365911514761
4.295,5.4543095,15.568891013031008
4.17,4.4262495,15.954459406921865
4.025,5.1934433,16.196132576265338
4.13,4.2450733,16.098589041171074
3.895,4.290271,18.074105094120505
4.21,5.4868526,22.671970564470293
4.09,5.8124843,27.171159250063898
5.6825,6.88267,25.862706927142145
13.395,11.67326,21.34368394753695
13.3625,15.517648,19.65221102169037
11.8375,8.36884,19.306713753862383
10.945,5.621659,18.148941603891853
2.1325,5.8301105,16.625795859997275
1.9700000000000002,1.8054926,16.782383157434467
2.0,1.7670785,20.764101918230057
1.9399999999999997,1.8351762,29.932786829195024
2.0125,2.1089203,32.75421636480809
1.9449999999999998,2.1108663,28.60278497989178
1.9774999999999998,2.5363355,26.36330097002745
1.8475,2.0649219,26.768014978392127
2.48,2.296675,22.860912867233754
4.6825,3.7681744,17.404425675144196
4.66,4.6844444,16.0501066483593
4.065,4.0227137,15.945991558520795
4.325,4.8170547,16.53398970443249
4.6575,5.6733146,16.72337981055737
4.6675,4.7769938,16.8207034855175
5.1225000000000005,4.9389486,17.775693460605147
3.8275,4.821852,21.690883514785767
4.16,5.124497,26.957747807667257
4.33,6.5355177,28.89157126606465
9.21,6.8650494,25.8937346885705
13.3125,13.576119,21.972647209615708
13.3975,21.382893,20.98999042323828
10.925,14.961857,20.589733432445527
2.1225,5.794234,19.532440597007277
1.7175000000000002,1.9689946,17.626778635201457
1.7625,1.7553407,18.10916146918297
1.8275,2.024965,23.13678075390816
1.8224999999999998,1.7637707,30.397212263398174
1.7025,1.7039272,30.151644659767154
1.8200000000000003,2.567174,25.639626488699914
1.7574999999999998,2.3805637,27.373889693150524
1.7849999999999997,2.2606177,29.285398964552883
2.2725,3.0622177,24.343972935497764
3.8149999999999995,4.3992324,16.514734159891606
3.87,2.6671364,15.84885702794075
4.255,3.832958,15.410163312523366
4.11,4.507455,16.075684788374904
3.865,3.9627962,15.596373529796601
4.115,5.00714,15.701817480151655
3.965,5.269151,17.668259452712537
3.6074999999999995,4.038766,23.5817259335804
8.715,4.1072235,26.605051737065317
12.84,9.268966,27.074761897580625
13.285,20.543564,23.791079663207533
13.704999999999998,18.530876,21.053767644939423
14.725,12.234733,20.009853945310116
12.7875,8.367238,19.636264695491793
7.627499999999999,7.297444,18.470561414506438
1.9925,2.0375226,17.18525583717585
1.7975,1.9999096,17.644679453327658
1.735,1.8531202,21.88274058094502
1.88,1.9252182,27.207339175076488
1.755,1.8175592,26.88482375773907
1.7000000000000002,1.6755642,25.609892022178176
1.96,1.6569986,28.084096124644283
1.6825,2.082866,28.229058317489628
1.605,1.8360412,21.730109149303438
1.6725,1.4853512,14.470624978332522
1.35,2.337508,14.070460134801866
1.4025,1.8180592,13.991843970665933
2.6075,2.2633004,14.816203077092172
1.8825,2.1372797,13.93893365941763
1.7175000000000002,2.6459908,14.416327608296873
1.375,2.5190444,15.966251023232939
1.32,1.3693106,19.604365576620104
1.4825,0.7843672,21.329590266292097
3.4124999999999996,4.018344,22.703341049048902
3.7199999999999998,4.8506365,21.4499879390049
4.0,3.5109553,20.55143250378609
3.5625,3.6885018,18.998741437749864
1.7849999999999997,1.9018999,18.72071698181868
1.9025,1.9967657,17.805324463534358
1.8125,2.2958467,16.798904999866487
1.8375,2.1401882,17.314405883169176
1.885,2.0813715,19.112147234873774
1.6999999999999997,2.1754751,21.938273047616484
1.9074999999999998,2.1608243,23.84295372191191
1.8125,1.7117364,23.263966608262063
1.71,1.9291975,24.479041422307493
1.9575000000000002,1.7748302,23.210755605947973
1.8825,1.9656911,18.11745148953438
1.74,2.4200459,13.606196362462045
1.365,3.1660428,13.348052274173499
3.585,4.149191,13.078946703242066
3.4649999999999994,3.937826,13.632188356847765
3.52,2.3859723,12.736994680076839
1.385,1.4790701,13.025176350880862
1.5,1.6005701,13.778620056030752
1.4425,2.1629643,15.48552199011326
1.3975,2.796688,16.602805926413538
1.525,2.2846847,19.529063480682375
1.715,2.6466157,19.57709483689547
1.9475,2.6908495,18.43123878287077
1.6025,1.9940963,17.012571868007186
1.73,2.686633,16.87229140272379
1.8174999999999997,2.3470755,16.275936955096725
1.735,2.0018196,15.040179122257234
1.91,1.9538453,15.458582657208444
1.8224999999999998,1.8876468,16.11669355324507
1.6625,2.8009114,18.43521243147135
1.675,1.860237,21.905973007323745
1.8375,1.9683431,21.9207424351573
1.8275,2.1007001,22.279798283462526
1.755,2.2474332,20.406994095377925
2.055,3.707069,16.356478512024882
4.2275,4.4029927,13.56366635945797
4.8875,4.135691,13.998014603989125
4.785,5.2697854,13.711006598312856
4.9,5.7591043,14.126802527408602
4.3775,4.432968,13.199278094590904
4.105,4.048773,13.764629838378431
4.2775,4.313087,14.029986470699312
3.6375,4.8035316,15.015134466390611
4.06,4.685139,16.501274193150998
4.21,4.9328175,20.149953349306585
4.51,5.617088,20.25961344105721
4.5225,5.6093726,19.050479700489046
7.547499999999999,8.641985,17.617103172681333
13.0375,11.281778,17.431544452717304
10.485,9.695993,16.6584402400589
2.04,3.97692,15.430476125650408
1.8975,2.1309612,15.177329813866617
1.645,2.0692677,15.088779528229239
1.8075000000000003,1.8224888,18.332798024435046
1.8525,1.6896645,25.03189427913189
1.865,1.6643833,25.183772366490366
1.795,2.0034819,22.538562344996933
1.7625,2.171971,19.706574673089982
2.0975,2.074291,16.70019588273764
3.8775000000000004,3.9646304,14.7676333868742
4.205,4.471437,15.036174757902623
7.2275,4.574454,14.646954422519208
13.405,5.1356797,14.736241886253358
13.2775,7.010972,14.777664505493643
13.235,8.34367,14.964278877425196
8.5175,8.114939,14.811529432623388
4.935,5.094638,15.303377568702698
4.55,4.2001295,17.95749354224682
4.335,4.108218,23.40258680620909
4.2225,3.881823,23.61429918242216
5.2825,11.790461,21.44094295775175
8.495000000000001,8.618326,18.564836146724225
1.9700000000000002,4.4196534,18.310624483261112
1.915,2.133534,17.76736625802517
1.7975,2.5148654,16.51415217718363
1.9325,1.9735324,15.408832835388186
1.7474999999999996,1.7149743,16.394690526659492
1.9325,1.7005847,22.8427178245163
1.9074999999999998,1.4433234,30.392669565038684
1.8025000000000002,1.6315241,29.8761146463871
1.87,2.147271,24.351150722229484
1.9275,2.5831873,21.869211099603177
2.185,2.442142,20.065624054920676
4.0925,4.547531,17.10656854182005
4.425,4.022117,15.843488237459662
4.0525,4.627438,15.481060122685435
4.0,5.980572,15.340249406490328
3.695,4.973772,15.722104427380563
3.925,3.9086742,16.138710282411576
4.29,4.0438404,15.845748270308974
4.255,4.145812,17.39891462222338
4.0675,4.605282,21.948249201202394
4.25,5.5604134,27.580554985990528
4.0025,4.4117594,27.84246660400391
4.44,8.151902,23.692034289402965
6.18,9.913165,21.05150599547148
10.2575,7.2447343,20.52872386184454
12.1125,5.6516495,19.34114288089514
2.545,4.0494785,17.50605925538063
1.9175,2.0500515,15.96440322813511
2.09,1.7325647,17.672881365385056
1.8775,2.0655806,26.405090561697484
2.015,1.9649324,32.28497017384053
1.8775,1.8926951,30.311777201867105
2.065,2.550053,26.20719380832434
1.88,2.4673958,26.959668350603582
2.4825,2.55768,25.900126798646454
9.2225,3.8604271,19.600998160007002
13.704999999999998,6.919077,16.34670928562403
12.825,7.2884707,16.235953126440048
13.0825,9.157016,16.396842246060373
8.3375,9.625879,17.429269870300296
4.3375,4.9890604,17.218627695622445
4.26,3.2690773,17.32049891879797
3.66,3.4726014,19.764441537067892
3.5725,4.6006947,25.838029243705275
3.92,4.893562,29.42988263828278
4.0875,4.5408044,27.404708910775188
4.48,10.684824,22.92027995330334
3.9775,12.058213,20.893400693137647
1.6125,4.833983,20.999554339072706
1.7500000000000002,2.237011,20.11349859912634
1.59,2.0737062,18.70914199240446
1.8224999999999998,1.8139231,17.722666752815247
1.8025000000000002,1.7707956,20.163133641023638
1.5575,1.7636689,29.268469734225278
1.745,2.0420127,31.394248872518542
1.635,1.9786018,27.28341401472092
1.8525,2.2587366,27.085863217735294
1.7725,2.6105752,30.621327337765695
2.015,2.485719,28.526057026319506
8.14,2.8882916,18.889587347631455
6.5075,10.635477,15.70963059800625
4.355,6.0085125,15.551840536305907
3.6925,4.695704,15.507813544447423
4.125,4.9776,16.313739965217113
4.2925,5.7953224,15.536935312507154
6.115,5.142795,16.770030574457646
3.975,4.1203704,20.678005659677986
4.105,4.8943396,25.509778063457016
4.0775,5.4860697,25.47411868964434
4.047499999999999,4.721746,23.486241970624928
4.42,4.9618783,21.924255347447396
8.809999999999999,6.8504467,20.99146801266909
2.205,12.272989,20.641146754839422
1.66,2.1142855,19.537996915249828
1.7025,1.7555159,18.753262748143676
1.8275,1.7089374,17.692392335669997
1.635,1.7531825,18.725791547708514
1.6625,1.595781,24.890692341227535
1.9000000000000001,1.7539928,26.947310917770864
1.63,2.1518176,25.456403782660963
1.635,2.378843,26.60610092255831
1.8475,2.0914826,28.77664908066273
1.59,1.3054888,25.007071100018027
1.5425,1.5297511,15.692151717343332
1.8924999999999998,1.2502968,13.522774799438716
2.6100000000000003,1.4188555,13.716200793981553
1.6325,2.9074078,14.212568995759488
1.41,2.179472,14.902051992993357
1.335,1.9559432,14.169460243284703
1.3775,1.9161752,15.273677051172259
1.405,1.5306743,17.702383038823605
1.4375,2.3321538,20.8672664363122
3.415,4.6618066,21.112522032546998
3.51,5.0965314,21.254173390431408
3.5400000000000005,4.633652,20.144767236731056
3.69,2.2881083,18.802839591770173
1.64,1.9400468,18.04848653863907
1.8350000000000002,1.6647533,17.3616224635911
1.8125,1.2940161,16.839464344756603
1.5975,1.5413638,16.22863631050587
1.675,2.0248096,16.77820419826746
1.8525,1.9790583,19.67507485902071
1.6625,2.057583,22.65824547227383
1.7725,1.9574772,23.019853961400987
1.8224999999999998,1.84563,24.134310431711675
1.67,2.117172,24.768511538162233
1.6975,1.9457647,20.608086903789044
1.38,1.615917,13.798793839955332
1.34,1.7527559,12.793334647755625
3.8275,3.3931735,12.734243195163012
4.25,4.293165,13.040142197878362
4.9425,4.46419,12.693626460311414
3.01,4.1319513,12.733281307076217
2.78,2.59611,13.608175103669168
1.6475,1.92762,14.77644719166279
1.3025,2.077205,15.649468135569098
1.49,1.9773723,17.797527511866093
1.3,1.9881378,19.29568841478348
1.6025,2.1112015,18.732595895535948
1.7675,1.6531873,16.840684891824726
1.9175,2.095341,15.957579480884077
1.8150000000000002,1.7160208,15.872553423867227
1.9325,1.6832234,15.17812195699692
1.7249999999999999,1.7929008,15.12437747053385
1.775,1.84056,15.523953864881994
1.91,1.9000555,16.73971412522793
1.685,1.927517,19.34995668568373
1.6925,2.0020897,20.987284203646183
1.8575,2.1508152,21.616879563610556
1.825,1.9617537,20.222180636603834
2.1525,2.6986008,16.813907220783236
4.4175,4.658335,13.016740026543141
4.8075,4.4790173,12.990780364530087
4.7375,4.813903,13.299207758787873
4.6475,4.549451,13.789744008846284
4.6,4.704838,12.647224655680658
4.827500000000001,4.4815865,13.185604734190704
4.2075,4.4391885,13.132156088937522
3.6300000000000003,4.090754,14.187251131343842
6.775,4.0379615,14.445366928806306
12.9825,5.0586286,17.336414529242518
13.26,12.610262,20.429293732805252
11.95,21.45977,20.260665859787466
3.86,18.854263,18.06494694956303
2.7825,3.3508904,16.56238076086998
1.7649999999999997,1.6570394,16.51713322194338
1.8150000000000002,1.6360343,15.79274419517994
1.88,1.8834052,15.63886150071621
1.7875000000000003,1.8860934,14.945467903008462
1.895,1.9485654,16.501545785081387
1.7275,2.1510518,22.42870017591715
1.8224999999999998,2.0749536,26.179628844008448
1.8549999999999998,1.9203542,24.619671077215674
1.9449999999999998,2.070246,20.50317158772707
2.085,2.4364674,16.799541947607995
3.9575,4.551537,14.630109256360532
4.35,4.107295,14.62147166300297
4.904999999999999,4.4035163,14.594658426351549
4.15,4.6218195,15.014806292808057
4.025,4.4232335,14.416081882264615
4.3875,4.023838,15.486249468498231
4.8725,3.864975,16.200339017949105
5.404999999999999,3.622534,16.078620567812923
5.03,4.3871,17.371045733604433
13.584999999999999,4.853035,21.14375995439768
13.654999999999998,12.80535,24.571878980560307
14.215000000000002,13.468792,23.80791997951031
14.469999999999999,13.997093,20.114785427558424
2.8675,11.806509,18.264104665470125
1.9875,2.551363,18.179557127568724
1.9399999999999997,1.8626754,17.06402075601101
1.7625,1.7588059,16.167473161134723
1.955,1.8705713,16.089463228986265
1.8075000000000003,1.9457502,19.503436842107774
1.76,1.9018435,28.33855189752102
1.7725,1.9876463,31.99134049824238
1.8475,2.2691867,28.23028048117638
1.87,1.8599161,23.367979851126673
2.3675,1.8251444,22.19471402817488
4.1425,3.4690256,19.3302080724597
5.047499999999999,3.9775956,16.884621353039744
4.995,4.18597,16.060836146228315
4.625,4.075483,15.901085126125814
4.2125,3.9331176,16.2773886786294
4.305,5.281414,16.740407654621603
4.6125,5.0674,16.65915155225754
3.995,4.5804386,17.06416301845074
3.8925,4.3288326,20.004375224761965
3.9125000000000005,5.226751,25.67500295425177
10.3275,6.0479884,28.82502477664471
12.7675,17.821302,26.19161607117415
4.39,10.346741,21.893591325211528
1.9875,2.631025,21.017000887362958
1.9225,2.1228817,20.040598798477653
1.91,1.8931477,18.582365142564775
1.83,1.7111448,16.44517267672062
1.7625,1.6953039,17.438009310631752
1.8400000000000003,1.966889,23.472403715124134
1.9900000000000002,1.9205207,31.415416876902583
1.7925,2.0679183,31.810832094888692
1.89,2.2152426,26.325032373740676
1.7524999999999997,1.841053,26.201120172119143
2.1125,2.4363213,27.56908346016884
4.8175,4.3651195,22.999573480646614
5.592499999999999,4.4943237,17.09736189870358
5.19,4.0106225,16.17625786678791
5.6825,4.281204,16.006642239785197
5.34,4.530894,17.14472074156523
4.23,4.428296,16.953854662628174
4.1775,3.775477,16.98798148197651
4.625,4.010918,18.4569979841733
5.9975000000000005,5.043852,24.084371465511325
5.07,6.2683077,28.411283569831852
4.67,4.912713,28.46087172978878
6.125,4.897117,24.360753436911107
10.9525,8.648024,20.9826348084569
2.725,11.236287,20.749513551683428
2.025,1.6928293,20.445573082442287
1.89,1.7220768,19.47940095626831
1.7975,1.8569919,17.64078016918421
1.8350000000000002,1.8037343,18.654636078565122
1.83,1.9648316,25.876677745370866
1.7675,2.15808,30.640028382115368
1.9375000000000002,2.0905762,29.168465705571176
1.755,2.1011364,26.70480033997536
1.8924999999999998,1.822063,29.76335872995377
2.1925,1.9106389,31.094472812876706
3.9900000000000007,3.86688,23.818959868156913
4.0,4.0586276,15.74012649190426
4.467499999999999,3.7212753,15.13426955995083
4.3975,3.791758,14.810187639157773
4.0825,3.3724802,15.604783179926875
4.1625,4.0605693,14.946169515495301
4.1725,3.8036854,15.300099066114427
3.755,4.0412126,17.865060138652325
4.45,4.235693,24.041086501605513
5.425,5.620536,25.99427220137358
14.000000000000002,9.613329,25.567421834063534
14.405,12.228358,23.122515711088184
13.185,11.528072,21.275524072721005
2.1275,6.74851,20.166043554563526
2.1425,2.1620715,19.70176199941874
2.1975,2.0588882,18.481552804594042
2.19,1.9826864,17.15490543895483
2.305,1.9131893,17.374927234942916
2.2175,1.7447524,21.686418414120677
2.1625,1.8801416,26.152859256060125
2.3525,2.1134677,25.70014137399912
2.055,2.1484923,25.078517560515404
2.355,2.0530853,27.48056712352276
1.9724999999999997,1.5509653,26.52238432663441
2.0825,1.8430233,19.320401663830282
2.0700000000000003,1.6337277,13.58548101129532
1.5325,1.7813084,13.206042026952506
1.535,1.8808331,13.150354364892246
1.4225,2.195139,13.974542918052675
1.4175,1.7253518,13.16595069315672
1.51,1.713583,13.604246720390321
1.45,1.6533558,15.037188377785684
1.4625,1.170692,17.970478223109247
3.4774999999999996,3.9612846,18.773738839752674
3.5049999999999994,6.4377046,20.470913579518797
3.8249999999999997,6.4735594,19.96884033058405
3.8124999999999996,3.1173189,19.145645189573766
1.805,1.9459871,17.360096375601294
1.9199999999999997,1.95819,17.269929471330645
1.885,1.9438473,16.710094438629152
1.845,1.9439843,15.72594874649048
1.9724999999999997,2.026527,16.401866696772576
1.83,2.1688166,18.26950093846798
1.7524999999999997,2.1084816,20.3931154244113
1.9250000000000007,1.9632798,22.349430897853377
1.7524999999999997,1.9733083,22.45597738211632
1.7875000000000003,1.6496332,23.581281363456252
1.7975,1.6070678,21.50440978867531
1.545,3.431408,16.43072818923235
1.6125,3.2320037,13.102951065018178
3.56,3.9760828,13.397212030192614
3.5750000000000006,4.129835,13.277663890571596
3.4975,3.5606284,13.741496025736334
1.585,1.5408007,12.528645678930284
1.405,1.1324184,12.880534248524906
1.5225,1.3307606,13.289402966777088
1.59,1.5018237,14.6164003303504
1.2425,1.6385832,15.504877765009406
2.05,1.6018969,18.7159269408083
2.6425,1.7071477,18.835425773561003
2.265,1.875421,18.015583499596122
1.9950000000000003,2.2479851,16.674355850503446
2.1175,1.828831,16.435335552337172
2.0675,1.9291868,15.535629084651472
2.1625,1.8529879,14.488165290503503
2.2275,2.0539072,14.896652486758233
2.11,2.0952063,15.235313074386122
2.25,2.2541363,17.03165443435431
2.0825,2.100474,20.594938944444657
2.085,3.078847,21.342355087020398
2.16,1.9358038,21.520596991050244
2.1525,2.306524,18.91534008245945
4.42,3.813124,14.913376406519415
5.52,3.948312,13.280453366023304
5.56,5.03309,14.046123557896616
5.5775,5.5076823,13.880452480359079
5.51,4.6020775,13.767326358258726
5.275,4.244296,13.6543376487422
5.105,4.593759,13.982735941286089
4.6925,4.6283474,14.018954665145875
4.077500000000001,5.220298,13.961396575326921
3.865,6.1998377,15.753334266138078
4.44,5.4061623,20.628936434302332
6.97,6.1212893,21.02147568773985
10.0675,9.07659,18.93780784822464
4.5225,6.232854,16.46947853787184
2.25,2.1515613,16.86363925979853
1.7500000000000002,1.9730723,16.685269642896653
1.7825000000000002,1.7648189,16.06108510549784
1.8725000000000003,1.6910046,15.243040511453152
1.8400000000000003,1.7336814,15.557990153586866
1.8375,1.8437661,19.391786692819597
1.89,1.9654903,27.140107239356045
1.6625,2.0832858,27.33937811856747
1.8749999999999998,2.006859,22.570385482792858
2.1975,2.919266,18.465562829692367
3.845,4.2178273,16.00939695793629
3.9125000000000005,4.3403254,15.26889832649231
4.07,4.29128,15.387212177786829
5.7075,4.299683,15.30123231577635
4.6225000000000005,4.592744,14.676108522951605
4.34,4.279558,15.49927456482649
4.9325,3.9204369,16.044118692941666
6.934999999999999,4.0429096,15.893328589923383
7.037499999999999,4.307834,16.43009609134674
9.9225,5.221027,19.510549964094164
10.16,14.332348,25.3887870917058
10.5275,14.127877,25.920827600245477
9.9875,11.636436,22.637480005929472
2.855,6.8950944,19.470362441489698
2.4575,1.6876441,19.3096398335886
1.81,1.7599407,18.654627995471955
1.96,1.8279176,17.201116482586862
1.595,1.81709,15.840633288953306
1.91,1.8218633,17.243024087417126
1.745,2.0745583,25.401047527420523
1.895,1.9540595,32.808095030617714
1.7500000000000002,2.165687,31.37041021415234
1.8025000000000002,1.9469548,24.528836509449484
2.2775,1.9723034,23.021742171964647
3.8225,4.1366534,21.83061432973385
4.8025,3.92757,18.084184711298946
4.43,4.937173,16.527723690609932
4.58,5.1892776,16.342706537888052
4.555,4.3010445,16.434769735815525
4.7575,4.4331694,17.21607990465641
5.3100000000000005,4.935333,17.364540460224152
4.619999999999999,4.433964,16.9617712440753
4.235,4.4288487,19.084776264793874
4.41,6.4487443,25.103106329927446
4.8575,5.420978,29.95318532310963
5.195,10.099408,28.253705285172465
8.100000000000001,9.669083,23.028270078005793
4.635,3.320616,20.895099759321216
1.9825,1.9808563,20.72507512780428
1.6375,1.9619275,19.56480045218945
1.795,1.7863678,17.372440875484944
1.865,1.754264,16.579977654693128
1.805,1.8363283,19.529991419777872
1.7199999999999998,1.8858777,29.31279418391228
1.8325,2.0103538,32.9666594526434
1.7225,2.1167936,29.035540855069165
1.7500000000000002,1.8569694,26.543321154553894
2.14,1.923525,29.403289261765483
4.3475,4.3169627,28.0683146935463
5.415,4.84327,20.183879707944396
5.7425,5.3901105,16.631709450957775
5.407500000000001,6.138352,16.389226355679035
5.3100000000000005,5.0327682,16.703548749783042
5.195,4.6254473,17.604622876832487
4.5175,4.895075,17.162716940190794
3.5625,4.4948173,17.768919828531743
4.095,4.5147157,21.740617170419696
3.9449999999999994,5.7715564,27.61431968276501
4.3975,6.325389,28.7928185002327
4.3225,5.168623,26.11060407822371
6.6675,5.519323,22.89167226996899
2.175,2.5494685,21.53512392608881
1.8350000000000002,2.0571163,21.504555284352303
1.7975,1.9713173,19.946547159631255
1.7374999999999998,1.7079742,18.311874129464627
1.9074999999999998,1.7802647,17.798651061816216
1.735,1.8045651,20.501061900410654
1.8775,1.7515634,28.811713538818363
1.89,1.7614143,29.159551670427327
1.775,2.0210848,24.720297504043582
1.8025000000000002,1.970063,25.902857267518048
2.185,1.7700572,29.67495232337475
12.0,3.7841594,26.742550001680854
15.249999999999998,12.281829,16.67482628652573
9.49,12.8246,14.471221510608197
9.3275,7.0374246,14.303101255841257
9.8875,5.5217476,14.70682427698374
10.875,7.6240525,15.443706532545091
10.2875,8.497507,14.676165104603768
7.075000000000001,7.5891614,16.138427374150755
5.967499999999999,4.980021,20.373447642118933
9.935,5.4265494,24.500558616316322
10.4125,13.001615,23.738817616031174
15.405000000000001,12.995728,21.50013221577168
12.3575,15.45652,20.118186793162824
1.9475,7.1500545,19.568116137006285
1.8150000000000002,1.9989647,19.307669175474647
1.885,2.035569,18.55552119015932
1.7025,1.9702507,17.99852817301512
1.6975,1.9713514,17.335903677754406
1.8675000000000002,1.739885,18.54446675194502
1.67,1.9346293,24.048285304379466
1.9000000000000001,1.9666386,25.332966866917612
1.645,2.2190695,24.449234207947256
1.85,2.1331084,26.178943397707943
1.5625,1.819219,27.46349563075543
1.645,1.6413779,22.843021748819353
1.335,1.4068732,13.998544854900839
1.2775,1.5200037,12.711379357832671
1.4225,2.4266622,12.55224103619218
1.3725,1.9983027,13.236546003943683
1.3175,1.418692,13.203158787620069
1.38,1.8361892,13.091204714028837
1.8150000000000002,2.1526864,14.247127452282907
2.75,2.7339928,16.212597837045195
3.7374999999999994,3.8283784,17.97406388323784
3.7275,2.7872038,19.377188626561168
3.6775,2.803997,19.169711791167263
3.61,4.1322913,18.179655741305353
1.81,2.3060534,16.855153628592493
1.7175000000000002,2.0805635,16.256834989326002
1.78,1.7154571,15.760722213292123
1.7625,1.9473653,15.274347947905065
1.93,1.8393542,15.907530584616662
1.74,1.8140365,16.8062719309783
1.675,2.0454154,18.436458844437603
1.745,2.0529425,19.954392609858516
1.8749999999999998,2.4117987,20.31830801377535
1.76,1.8472406,21.9130845126915
1.6525,1.4808553,21.93162227855921
1.4875,2.2831104,17.73063183282137
1.35,2.176285,12.87785955299616
3.535,3.1648686,12.542031281213761
3.9,4.21958,12.676714204479458
6.852499999999999,4.3696823,13.189712562137844
4.82,4.1196504,12.2189306479311
2.4975,2.7798104,12.281312727751732
1.7075,2.0280898,12.6734995583272
1.62,2.1568532,13.623924202394488
1.695,2.904843,13.600155058629515
1.7125000000000001,2.4497762,16.33396709755659
1.715,1.665782,18.368405666451455
1.535,1.9611746,18.39782165910244
1.83,1.8098915,16.58191274719715
1.735,2.1133177,15.668762478957177
1.9449999999999998,1.9237653,15.558470289320947
1.7500000000000002,1.7742729,14.62451252265215
1.685,2.047512,14.805604525332452
1.935,2.2217343,14.572496201508047
1.7875000000000003,1.753089,15.95220260730982
1.9199999999999997,1.9264089,19.753661924021245
1.9074999999999998,2.7465692,21.493463663909438
1.8025000000000002,2.0460877,21.23921158498049
2.1375,2.0019684,18.620310415124894
4.555,4.0497856,14.618584382123949
5.3825,4.546318,12.452304905520679
5.595,4.998852,12.884368059613706
5.0075,5.3366623,12.803783662291767
5.2525,4.349504,13.407510699195862
5.405,4.18501,12.357628443572523
4.5525,4.573045,13.221391820875407
4.49,4.205349,13.1827328111887
4.355,4.4642906,13.95076730781317
4.0375,5.305307,14.744709734654428
4.855,5.30795,17.975738700141907
10.29,7.77528,20.448772370717528
18.3625,16.758724,19.767433898158075
11.91,12.800391,17.382426728782654
2.125,2.8787386,16.003122861020568
1.9375000000000002,1.7423538,16.393353583049777
1.8525,1.9180558,15.835893363120558
1.845,1.8263892,16.07883234485388
1.8874999999999997,1.9265388,15.49679790508032
1.67,1.7844235,17.721195629858972
1.8275,2.0021167,25.27127185001612
1.8275,2.0213156,28.17974498270035
1.73,2.300288,26.007491291937832
1.9950000000000003,3.1558518,20.581564658491615
5.3175,4.157956,16.655679055433275
8.6925,4.511409,15.167461973729136
9.665,6.0519543,15.210627307856084
9.205,7.551043,15.19883569154501
8.8875,5.482502,15.374180614984038
8.7625,4.8694153,15.232302930490972
9.2225,4.5775743,15.871526871035101
9.58,5.3772817,16.254237083182336
15.8075,5.443344,15.73580527029753
18.005,12.437284,18.107122913086418
18.3525,20.404152,23.637221218023303
18.815,16.648075,26.305138264839652
16.215,13.578043,24.395067784020902
2.2625,11.372258,20.615369770731927
2.235,1.8797116,19.585122965028287
1.7875000000000003,1.6401527,19.13714015894413
1.7649999999999997,1.8369173,17.904680228116515
1.8625,1.9996006,16.263999843108657
1.85,1.7224169,17.044991538078786
1.7075,1.8253577,22.83993562384844
1.985,2.0324655,31.186409914550783
1.7574999999999998,2.1631594,33.32931551064492
1.8350000000000002,1.9325736,27.461368160634045
2.185,1.9937004,23.530666650667193
3.9975,3.6399992,23.34977187546015
4.8925,4.1027017,19.780578624265196
4.4925,4.8535585,16.877112159488203
4.5325,4.5128345,15.861738245210649
4.2375,4.345057,16.11048897093058
4.94,4.9586287,17.02612559862852
4.725,4.605105,17.396801701669695
8.657499999999999,4.7618494,16.968842333977225
9.3025,10.82235,18.341270722692016
9.0775,13.529205,23.430866315960888
9.6825,15.347691,27.95588856731415
12.77,12.329656,28.486220309958462
19.38,11.425648,24.755530090537075
14.572500000000002,9.667696,21.443914302799705
6.6225000000000005,2.5688896,21.047440199608804
4.3100000000000005,2.1034193,19.967975439615252
1.9225,1.9088418,18.233940178391936
1.8200000000000003,1.733332,16.514150560564996
1.8525,1.8553429,18.086399478826525
1.7700000000000002,1.7662803,26.082335884802344
1.9675,1.7833898,32.132025118184096
1.6625,2.0782738,30.75252240633011
2.035,1.875999,25.89176726369381
2.345,2.0226266,27.806629402141574
4.4675,4.1572995,29.08298537871838
7.7475,4.6020613,23.595074353635315
6.852499999999999,5.2122717,16.847739815540315
4.0825,5.516922,16.325376386139393
3.87,4.8917456,15.789915112571718
4.5925,3.9831963,16.815122917995456
4.1575,3.809982,16.202398590087892
4.0225,4.956184,16.187425468306543
3.9775,4.681052,18.314965104291442
4.0525,6.1186485,25.386557774610523
4.8125,7.0822573,28.042626623463633
6.035,8.018426,26.39137355259419
11.615,9.402086,22.741797173097137
3.5475,6.916084,20.48176109054804
1.6075,1.6479872,20.869345407874587
1.8549999999999998,1.9173819,20.62300344391823
1.8599999999999999,1.7427573,19.157019718277457
1.6975,1.8591361,17.792679272584916
1.8874999999999997,2.1546052,19.212118931155207
1.58,1.7486337,27.709641983857157
1.885,1.772804,30.728880975437168
1.7025,1.8570838,27.784300665578844
1.8425,2.0966098,26.631538416752818
2.0375,2.5388453,30.349499381055836
3.7975,3.9186132,30.032667994832995
3.845,3.6442685,22.33192291805506
3.625,4.2252493,14.911994197587969
3.7499999999999996,3.8541505,14.291358138089182
4.145,3.794611,14.01459626131058
3.705,4.108566,15.249549018070699
3.6150000000000007,3.4139068,14.489206392903329
4.3475,3.6162546,15.204330578279496
7.0875,4.1696672,17.966892562980654
9.165,8.325358,22.857715195577146
12.6825,13.032666,23.115145546739104
11.97,16.542921,21.989807616407873
14.55,12.837282,20.53886652714968
2.175,8.69312,19.3216513100338
1.865,2.056555,18.29703357041121
1.845,1.7553643,17.826574915468694
1.7049999999999998,1.8955771,17.22723133998871
1.7425,2.0269103,16.42112709116936
1.8775,1.8836917,16.87052605517626
1.715,1.8827593,21.196287127029898
1.7125000000000001,2.2305112,24.401034723396304
1.845,2.2148108,23.792668799324037
1.7574999999999998,2.1133285,24.460835063259605
1.475,1.3543465,27.220498450751307
1.6675,1.3755711,24.322282763295178
1.3275,1.4167062,16.299908176190854
1.4500000000000002,1.6963481,12.75392310209513
1.2425000000000002,1.7040699,13.04379656429887
1.385,1.6559203,13.08675739616871
1.5125,1.6027192,14.167345706112386
1.2574999999999998,1.5348897,12.830328540250065
1.345,1.9804435,13.51960299368024
1.4049999999999998,1.8023947,14.389184581444265
3.4124999999999996,3.937217,16.895897268006802
3.6400000000000006,3.1721644,17.480023612291813
3.5175,3.7754414,19.12755846030474
3.6125,3.1188834,18.18246704110861
1.7574999999999998,2.0165508,17.638735146613122
1.865,2.1442683,15.873803070070744
1.73,1.9794028,16.008895806159973
1.7925,1.8816152,15.42717014054537
1.805,1.8420295,15.011537489931586
1.65,2.1571681,15.783938473484518
1.9124999999999999,2.0966647,17.03677264894724
1.775,1.994428,18.27302516708851
1.8375,2.51532,20.030792389848234
1.74,1.9318339,21.3116118504715
1.5425,1.5615317,21.976818085689548
1.67,2.9455407,18.891425443017486
1.3675,2.6099389,14.277605563375952
3.365,3.2939866,12.594310302885772
4.075,4.0645704,12.870471605842114
3.795,4.3419113,13.082925201698544
1.5525,2.0771596,12.985091483559609
1.325,1.501497,12.51967425382495
1.3925,1.24132,13.03025495831728
1.4525,1.4350144,13.494829929744007
1.3575,1.9812135,13.812819623217583
1.5725,0.44942906,15.305753998093607
2.6100000000000003,1.6595848,19.05921267434597
2.2175,2.552986,18.88584649211407
2.0575,2.3001523,17.21793254961014
1.9399999999999997,2.1832876,15.659256761393548
1.7649999999999997,1.9802879,15.891466245257856
2.0275,1.7767701,15.420566253428461
1.7849999999999997,1.9020146,15.099909947519304
1.745,2.3564491,14.972961736104489
1.885,1.8905658,14.927088565766812
1.85,1.6641552,16.946558862736225
1.7875000000000003,2.0070906,20.882695444548133
1.8025000000000002,1.9980061,21.08249172481537
2.1325000000000003,2.617388,19.833458219759468
4.1475,3.9569352,16.480020507979393
7.5424999999999995,4.0898647,13.295646347938778
9.9075,6.0163474,13.122282590634825
9.5725,9.121332,13.730564450538159
9.5375,7.317292,14.071404240083696
9.2175,6.7516694,12.997182174317839
9.1225,6.2503633,13.727166318171026
8.4775,5.3841953,13.781528352952005
8.54,5.809804,14.517232093529703
8.7025,8.274253,14.171700876710416
9.08,8.560374,17.214820558741096
9.095,8.01618,22.839689897816182
11.6775,10.093761,22.576737177402975
7.1525,8.901329,19.053282917199137
2.3225,1.9170028,16.21118814559698
3.9675000000000002,1.8339934,16.858506495637894
2.6025,1.7659886,17.128300746107104
2.1175,1.7969084,16.58452196967125
1.7400000000000002,1.6054024,15.900305915944578
1.7425,1.7416515,16.599546823248865
1.8,2.0621202,22.3890671535039
1.7700000000000002,2.111002,30.52185356002331
1.6725,2.0712204,30.26365046515465
2.265,2.1566355,22.4043441995883
3.74,4.0522666,17.569332092068198
3.7874999999999996,4.4551964,15.579077327039244
4.55,4.708149,15.642646004936697
6.325,4.6847386,15.787129678666593
9.5025,4.5919423,15.902562715556623
9.5025,5.4840226,15.28824116843939
7.3625,6.978128,16.517742687168123
3.61,5.773176,17.355388782141212
4.0675,4.1240234,16.549929564156535
4.0725,3.8875306,17.797171855766774
3.8000000000000003,4.2048516,22.14423187811375
4.66,5.5472927,27.71933199594498
4.9325,8.256076,26.46382878311873
2.12,2.9363258,22.036054225649835
2.0575,1.749444,19.636888710284236
1.59,2.219752,19.488234160480502
1.8749999999999998,2.0820353,18.513458389940265
1.95,1.835703,17.087835165097715
1.7049999999999998,1.6518945,16.03443676394701
1.745,1.6962955,18.564343078041077
1.7425,1.9596255,28.086973705811502
1.8200000000000003,2.5746508,33.49115843525887
1.8924999999999998,2.072786,30.414577980756764
2.045,2.222992,24.640161718392374
3.985,4.068874,24.988543033862115
4.7575,4.314238,23.575063848192695
5.105,5.260844,19.13664870687962
4.9075,5.4355965,16.979971136648658
4.76,4.3208017,17.089387118985655
4.717499999999999,4.3163805,17.768455858983994
4.5825,4.267203,18.981108978316787
4.1325,4.4457035,18.620430044903756
3.8399999999999994,4.186912,18.61520675009966
3.8149999999999995,4.466321,21.73038559108973
4.21,5.9916043,28.259314951829914
4.0725,9.099185,31.562865429205896
5.0425,9.11879,28.18659621246815
3.7575,3.219056,22.89008636708975
1.91,2.0800588,21.564389573206903
1.7500000000000002,2.028982,20.671080065453054
1.87,1.8687685,18.955511438877583
1.87,1.8399745,16.369109153406622
1.7649999999999997,1.8662589,16.887384154284003
2.0025,2.1966252,22.215804434864523
1.78,2.0937252,31.228147774424556
1.8975,2.097415,32.25686364228249
1.955,2.0020006,26.584939384648802
2.06,2.1166313,26.57778908043385
4.36,4.6048265,29.857843622593883
5.0175,4.539697,27.840151606121065
4.955,5.238981,19.567631151416304
5.115,5.8466773,16.511935793037416
4.8575,4.781298,16.13196898271084
4.915,4.186074,16.384638391997814
5.165,3.9429789,16.858711806204322
4.6775,4.564922,16.32770270035267
4.1025,4.3462915,17.87923950068474
4.09,6.3396635,23.84868301834822
4.0275,5.936278,28.36769629824162
4.315,4.5949154,26.658957885391715
5.8425,6.1387067,22.978166216704846
2.175,4.0007668,20.362152327728275
2.065,2.2864592,20.80791066657305
1.9700000000000002,1.9379115,21.031952993102077
1.9875,1.7791445,19.831044608139994
1.9825,1.7668397,18.231639730076793
2.0225,1.8556768,18.41745064254761
1.9325,1.7381965,23.704525901582244
2.16,1.616849,29.861206189351083
1.9074999999999998,1.9862391,27.406555089254383
1.9625,2.2954495,24.31041516590834
2.5825,2.6212401,26.58725599915028
4.415,3.979121,30.017122590055468
4.665,4.5174727,24.37284089443207
4.3375,5.447705,14.77612063469887
4.1375,6.3791842,13.444128727858068
4.37,5.2411294,13.360318368053438
4.095,4.708818,14.17937011550665
4.26,4.103831,14.203609695293904
3.695,3.932352,13.93436994501591
4.234999999999999,4.2865963,15.83087214564562
4.32,5.3813686,19.74307145535469
3.8500000000000005,6.401699,22.660468322894577
4.435,6.1807017,21.83123187805176
5.46,7.1065707,20.00071520017624
2.1175,3.0971959,18.5270751686883
2.0625,2.0363548,17.388733158071044
1.8775,1.961989,17.345039189651015
2.0825,1.9184328,16.67149928537846
1.8874999999999997,1.8300943,16.5303312964654
1.9875,1.8153583,16.53161812489748
1.915,1.9693034,18.152140892167093
1.9250000000000003,2.3242457,21.326340862839224
2.0425,2.1095927,22.48864439483881
2.0225,1.9446871,22.62305330124617
1.8325,1.9731954,25.362237363891605
1.7875000000000003,1.7044492,25.711234611060622
2.42,1.2952176,19.953851042616368
2.9425,1.5891436,12.912170666868688
1.8825,2.937992,12.358291257212164
1.5325,2.337986,12.140273260020018
1.5725,2.056132,12.746342777323724
1.3925,2.0822604,12.076470172420741
1.57,1.7551349,12.26088755962968
1.5975,1.7953836,13.11877371989131
3.5825,3.5354786,14.620023172707558
3.765,3.7259734,15.501659077310563
3.7825000000000006,2.8064713,17.149256973450186
3.845,4.5519156,17.462151893301012
1.8825,3.1460555,16.89910463937521
1.89,2.0283465,15.486131455338002
1.87,1.9823931,15.38787014157057
1.8675000000000002,1.964285,15.113061140100957
1.98,1.9618353,14.2806399565506
1.8375,2.033435,15.320384396724702
1.9675,1.9015427,16.62721201792002
1.87,1.9085515,18.1887007225585
1.8625,1.9781313,18.952734088065625
1.8325,1.6885024,19.8462343568182
1.91,1.752801,20.837780929059985
1.6525,2.2607973,19.43651044730902
1.455,3.249881,15.417806685421468
3.6575,3.4053624,12.282807291678191
3.76,3.6644661,12.555057185851338
3.485,3.5332975,13.078780999832155
1.3825,2.1644678,13.692502781436446
1.6225,1.7528828,12.147912591371538
1.55,1.5432259,12.352792328931095
1.52,1.6866778,12.365550683184864
1.4775,2.0112967,13.512878668475153
1.5575,1.5619538,13.806566542344095
1.6375,1.3031613,17.032949345879555
1.7175000000000002,2.0798008,18.501810652687553
1.9250000000000003,1.8998239,18.120523064937593
1.87,2.0243394,16.26770513301611
1.7625,1.8403862,15.27244680439234
1.9225,1.7157056,15.192912400872709
2.0325,1.6647407,14.378206124305727
1.7975,1.7800438,14.786053139581682
2.0675,1.7714438,14.267000545141698
1.7875000000000003,1.7586184,16.384521995456222
2.055,1.874534,21.271631255052093
1.68,1.8543489,22.998566327238084
2.395,1.881534,21.50544765783787
3.9449999999999994,3.5658824,17.80128615018845
3.5875,4.068894,13.779046843349935
3.7025,4.039266,12.87872686889291
3.6025000000000005,4.318232,13.25524300674677
3.4075000000000006,3.769133,13.647197044239045
3.5925000000000002,3.8671474,13.551399457268717
3.7675,4.204734,13.543964628174306
3.5075000000000003,4.394621,14.036365647826196
3.74,4.516745,14.397309706695081
3.43,4.5713997,13.924148065397741
3.74,4.9289985,16.11610025420666
4.1175,5.6162276,20.95866843721867
4.09,6.4276,22.208612098565105
3.22,3.8608587,20.642873303539755
2.04,1.8672931,17.823988325655463
2.115,1.8122703,17.284613218376638
2.305,1.8382004,17.25284342899561
2.145,1.9176081,16.68639480946541
2.075,1.8459638,15.995621750562192
2.225,1.8022839,16.539073970034124
2.235,1.9264711,20.297637927930356
2.115,1.914616,28.504022514348033
2.11,2.032721,30.37393295507908
2.4625,2.4093494,25.44375212523699
4.1025,4.2169743,19.868061941604616
3.8175,4.260365,17.418102268781663
3.4925,4.579187,16.272414343094827
3.5675000000000003,4.7108316,16.00941312412262
3.8100000000000005,4.497587,15.516105181417467
3.79,3.7234693,15.56088875079632
4.1375,3.7237282,16.08573853965521
4.2525,3.884455,16.66844549278021
4.359999999999999,3.9365594,16.27239171043396
10.9275,4.0984764,16.55706531880379
19.03,14.1307535,19.422112841761113
19.16,15.2252445,25.804275863261225
16.94,12.555941,27.914959016757013
2.38,10.392372,24.880376697728636
2.285,1.7621142,21.0894415683198
2.09,1.7066286,20.83939593107462
2.2375,1.8343238,19.75022337618828
1.8350000000000002,1.9816827,18.156609226069452
2.1075,1.8804564,16.09489345097542
2.0325,1.9754248,17.379785173935893
1.8975,1.9370915,24.993050166611674
1.9449999999999998,1.8467714,33.075111930274964
2.0125,1.740991,32.49991578732014
2.3825000000000003,1.861437,24.782467806823256
3.9625,3.7973993,23.429768631908896
4.16,4.208899,23.750846875281336
3.69,4.435237,19.387835676879885
3.6775,3.9282515,16.726735910840038
3.66,3.837178,16.453365699954034
3.47,3.9635468,16.724121838510037
3.6824999999999997,3.8730857,17.97958463587046
5.6525,3.9605143,17.695940813570026
9.105,5.0168877,17.181932069265844
9.4275,14.780374,18.922218794744015
9.0,17.80314,25.946426756303314
13.165,12.282695,30.125280843095783
18.695,10.926335,28.610809874787332
6.2375,9.667336,23.856918073666098
1.8125,1.9445002,21.774853919835092
1.8275,1.8137301,22.27317499692202
1.985,1.7929214,20.661496750195028
1.745,1.8250295,18.569091086966992
1.685,1.9074368,17.245731923627854
1.8675000000000002,1.8360108,20.296991280477048
1.67,1.8838469,29.906371280727388
1.8675000000000002,1.9328796,33.1845634782219
1.7925,1.8435822,28.88487846492291
2.105,1.7159089,26.26126485175133
3.9225,3.7209613,29.199756975836756
3.8399999999999994,4.0350003,29.584066023812298
3.5750000000000006,3.780793,22.739003656098845
3.5699999999999994,3.8263912,16.50399496231079
3.765,3.9890404,16.023844678661824
3.82,3.87474,15.34905027832985
3.9775,3.5734062,16.60042949702263
4.859999999999999,3.7326455,15.862325077774527
6.64,4.77857,16.154103725037576
9.5025,10.482273,19.22468814102888
9.875,16.854948,25.55364824330807
12.69,14.738935,25.932527069294455
17.9825,14.877459,22.92084900306225
2.4975,12.066089,20.252143046352867
1.93,2.031177,19.283080406062606
1.71,1.7356887,19.501944703109267
2.02,1.7810694,19.278473042957785
1.7049999999999998,1.8509966,18.13086295771599
2.1275,1.9828818,17.268497147221566
1.7425,1.7184759,18.984229052278998
1.81,1.8958447,26.946368429107668
2.04,1.9111502,27.876179568982128
1.6949999999999998,1.8978974,23.4817946527648
2.475,1.5311395,23.885478875060084
3.7224999999999997,3.3259454,27.626651249699595
3.5750000000000006,3.8365626,26.32124948613882
3.715,4.025988,16.720893451099396
4.095,4.1129746,13.434532479650976
3.6400000000000006,3.7664433,13.448472582125666
4.22,3.5749245,13.507384590049984
4.2225,3.4220827,14.761677763829233
4.1175,3.4333916,13.55751431724906
9.5,4.3396616,14.69300218766928
9.615,11.703961,17.358683450915816
9.5225,14.47123,21.51888984177351
10.465,8.924778,20.51914862967968
10.03,10.585835,19.805375937480928
1.9225,4.417123,18.744232316458227
1.8975,2.0342667,18.511347086005213
1.7524999999999997,1.9199924,17.13146770200968
1.825,1.8356822,16.76989316187382
1.9050000000000002,1.9774054,16.0791783012414
1.8275,1.8026732,15.874477200040818
1.6725,1.9094965,16.510802543375494
1.8375,1.9537112,19.95673832349539
1.7475,1.8007535,21.420715825412277
1.87,1.6421517,22.070245709743503
1.74,1.3743042,24.135560077915194
1.435,1.2498215,25.442214720916752
1.545,1.5877687,20.740767644877437
1.5275,1.9000531,13.218862621023657
1.215,2.4461937,11.682279543049336
1.525,1.8914939,11.613067249503137
2.78,1.871952,12.177703639545442
2.16,1.6008031,12.00010434142232
1.6025,1.5154784,11.496160664728881
1.545,2.3867493,12.170422389221192
3.4350000000000005,3.4582124,12.943717362878324
3.6575,3.2434785,13.72224048119545
3.8625,3.1443803,14.80379876231909
3.7275,2.9555554,16.329448648476603
1.8275,1.7888218,15.645656148831845
1.8350000000000002,1.933547,15.087274456281664
1.8125,1.9093174,14.447723958773615
1.8749999999999998,1.83092,14.530907070548535
1.615,1.8233005,13.984221613810064
1.8924999999999998,1.803452,14.527213096971513
1.8174999999999997,1.8230647,15.72452935533047
1.915,1.8060781,15.85779854560137
1.7249999999999999,1.9093692,16.231951995322706
1.9825,1.6711644,17.47197931797266
1.5025,1.468468,18.957137757222654
1.665,1.8528571,18.66394295203686
1.5175,3.000831,15.422491646220685
3.5000000000000004,3.4804506,11.879835189890862
3.725,4.376189,11.634148764790298
3.6925,3.4334903,12.229011881728173
1.395,1.67718,12.666499599645139
1.4325,1.252697,11.620910274802448
1.6075,1.0225791,11.604725497355462
1.3725,2.1538353,11.65133584578991
1.485,1.7733709,12.24352911705494
1.62,1.009858,11.823711040799619
1.38,1.6056579,14.153277890765668
1.7199999999999998,1.9996647,17.477795911815168
1.695,1.8536743,17.981996630871297
1.9425,2.096532,15.902819757919312
1.8150000000000002,1.9527918,14.079636062164308
1.8275,1.7850624,14.491191600584985
1.8174999999999997,1.6438215,14.660760345647336
1.7925,1.9063843,15.568448059525492
1.9449999999999998,1.903652,15.345526049709322
1.6225,1.8418281,16.155178776428702
1.915,1.7639965,19.533441283941272
1.7775,1.7096215,23.047349411115647
2.2475,2.0304203,21.387748121623996
3.7075000000000005,3.9045794,17.410444346315863
3.83,4.268679,13.216946119633914
3.8625,4.3552294,11.621941677490474
4.4275,4.2035427,12.088592387242318
4.1575,4.030289,12.613382361211778
4.1325,3.9518857,13.11718377546549
4.0175,4.4593034,11.898602515604496
3.7025,4.7333827,12.570693121272328
3.705,4.9175987,12.770698753652574
3.555,4.6147747,13.567897050421239
3.5925000000000002,4.7500715,14.234896115703584
3.5975,8.60605,16.882160859479907
3.865,7.7583647,19.772831787774564
2.8525,1.6985464,18.425881308720115
1.8625,2.1254296,15.983954613885881
1.915,1.9097581,14.40939554759741
1.7649999999999997,1.7894295,15.55015116983414
1.9325,1.7864387,15.918751534550191
1.8275,2.1882532,15.8108713399148
1.7500000000000002,2.1430156,15.702367130486966
1.745,1.9788784,17.559106979212764
1.8924999999999998,2.0903666,24.704973576018812
1.76,2.086381,30.1521716774416
2.3575,2.784882,28.582266856198313
3.715,3.9217665,20.763015550508502
3.74,4.0464354,16.18532386408329
4.1375,4.1307354,14.695115108222963
4.48,5.07798,14.579216485166551
4.105,4.3331394,14.6779256022954
4.0,4.070594,14.411212626941206
3.9449999999999994,4.202924,15.016977411632539
3.5049999999999994,3.938255,16.62875427209616
3.6225,3.8608232,17.43177886241913
3.4325,3.9889543,16.39696834231377
3.6700000000000004,3.9883816,18.676067591786385
3.62,5.537155,24.739913554539683
3.6975000000000002,7.275176,28.920722133259776
1.9425,3.0615919,26.699695058331493
1.9475,1.696013,22.429883540756705
1.7249999999999999,1.8139952,21.089528865725995
1.8675000000000002,1.7915994,20.464243411037923
1.8825,1.4944206,18.57343332461596
1.8275,1.8941343,17.250121043217185
2.02,1.9653556,17.247411590387824
1.7649999999999997,2.1134193,21.97651739462376
1.8275,2.0581963,32.3539868565321
1.98,2.060643,35.84846322773457
2.2925,2.7907913,30.871990523328783
4.4025,3.9988298,26.13802678009987
5.0375,4.302962,26.239610245158676
5.325,5.1569605,23.417603576693537
5.7525,5.407342,18.854542288899424
5.585,4.5046787,16.909557695457938
5.1525,4.401487,16.892709296061994
5.43,4.7394657,18.13783866711855
4.65,4.1828675,18.501252919259073
3.7675,4.1230717,18.157213841438296
3.4575,4.2871156,19.092093080728056
4.077500000000001,5.852548,24.875248783423903
3.9174999999999995,4.3776293,30.32344918839932
4.275,5.3808193,30.6759043828249
2.1575,3.3618052,26.969486075563434
2.08,2.0506103,24.072191860728267
2.2825,1.7215832,23.6013516837883
2.0075,1.7674305,22.071395125591756
2.2275,1.7142649,19.48025453090668
2.205,1.7638257,16.911518653860092
2.1275,1.8987794,17.947606302685738
2.12,2.054976,26.34070064153433
2.0925,1.901648,32.644719551539424
2.23,1.9636111,31.747370113821034
2.5625,1.889086,26.620464579114916
4.3975,4.352584,28.42361190352917
5.71,4.542156,30.628152701635365
6.9125,5.693097,27.31703968229294
7.015,7.0532117,18.735833982658388
7.787499999999999,5.996507,16.290989291191103
8.8525,6.0023613,15.446137926969529
9.7525,7.4665656,16.42061300644398
10.545,5.8565807,16.34075204596043
5.8575,6.5386987,15.843924724490645
3.305,4.494271,18.28890359530449
3.69,4.273264,26.182608272149565
3.6074999999999995,3.4627297,29.258314135971073
3.7675,3.8083704,26.31743103292704
1.9050000000000002,2.6578398,21.626257568302158
1.8475,2.2520127,19.791324288320542
1.8125,2.0664992,19.93546200566292
1.83,1.7000228,20.741650318651203
1.8625,1.727336,19.152071248641015
1.91,1.7876023,18.448488103687765
1.71,1.8044592,18.927802595503334
1.85,1.7317355,25.997505438640122
1.9025,1.8284005,30.570232489242557
1.7324999999999997,1.7645116,26.87523882586241
2.3775,1.7064478,24.583264825594426
3.6925,3.44586,27.85984848754883
4.5825000000000005,3.8466551,29.10750625014782
4.1175,4.9333396,23.52154407171965
4.1475,4.9360065,14.141056253898146
3.8424999999999994,4.7376394,13.200909262791873
3.8175,4.3239183,12.939411499148608
3.65,4.174077,14.347755495729448
5.3175,4.347136,13.8696421515584
5.2925,5.3484044,14.211671772418024
3.725,5.6236997,16.52612000492573
3.6050000000000004,4.7218738,20.46067715033293
3.5725,3.7627094,21.24782654567719
3.8799999999999994,4.429259,21.197918295230867
1.845,2.4623477,19.866505137860777
1.9425,2.0480485,18.282863908090594
1.7775,2.0616283,17.030812176046375
1.7725,1.9165705,16.749326539621354
1.8874999999999997,1.7303647,16.11468247966528
1.6075,1.7083569,15.90537401535988
1.7849999999999997,1.8708109,16.818238142101766
1.7975,2.0079026,20.022678580927852
1.8,1.8243191,21.73955666859627
1.9124999999999999,1.5415606,21.146341694355012
1.385,1.5607046,21.954723758828642
1.7049999999999998,1.4795702,24.96280484860182
1.37,1.5255743,23.17683733040333
1.5025,1.8022845,16.39498636786938
1.565,2.6169105,12.178836080898048
1.2325,2.127051,12.117722238395215
1.4825,2.1899934,11.880078490995169
1.2125,2.1848745,12.406590163809062
1.615,2.2780395,11.566292005968094
1.4975,2.3063042,12.064372206878664
3.5400000000000005,3.3486116,12.632740561035872
3.7849999999999997,3.6999536,13.536254973912241
3.52,3.6178389,13.449507218050957
3.7450000000000006,3.4534147,15.429184447362424
1.87,2.5898907,16.105855741927627
1.7275,2.0351443,16.190618290107253
1.9275,1.8806192,15.026507378475667
1.8599999999999999,1.8546019,14.786489626612665
1.7524999999999997,1.885769,14.635254953470232
1.7649999999999997,1.8618484,14.430776945641043
1.8575,1.7341557,15.218184999966622
1.7875000000000003,1.7978818,15.257190774350168
1.6925,1.7053249,15.559972128031255
1.895,1.6271139,17.964496734166147
1.565,1.5655068,20.370156206581594
1.675,1.623369,20.264173922221662
1.5025,2.0025153,17.60786258057356
3.395,3.3775816,13.840924538156987
3.5325,3.8167048,12.347712104876043
3.5675000000000003,3.6373017,12.847819545552731
1.435,2.9460711,13.556044002602102
1.5275,1.7571712,13.299156835300924
1.22,1.3187727,12.695370791816712
1.465,2.5135498,13.09743516224146
1.355,3.4903774,13.339845509681703
1.5125,1.6774825,13.525513351403475
1.6324999999999998,1.5119939,14.740821766841414
1.565,1.7673811,18.552338068070412
1.9700000000000002,1.7909712,19.00015274581671
1.7225,1.8843405,18.041569027507308
1.8375,1.8674995,16.334993650388718
1.7324999999999997,1.8016604,15.870822025310995
1.915,1.8136624,15.670101039185525
1.7075,1.765543,15.411160766220094
1.9074999999999998,1.7762808,15.426431345829965
1.7175000000000002,1.7158277,14.698471208505632
1.8425,1.9072253,17.279323642208578
1.7275,1.8743699,22.67975943304539
2.2350000000000003,1.7610512,22.77325333846331
6.6425,3.6071277,19.82310862726927
8.715,5.5682216,15.710613502135278
9.4925,7.252059,12.65329910019517
6.3,8.140591,13.254412873078586
5.0375,4.6231365,13.636174938397408
4.235,3.9906044,14.384347658493521
4.345,4.3318343,13.403539475523235
4.6525,4.427202,14.621361732935906
3.7675,4.5363693,14.862653380281927
3.545,4.325337,15.61999717788458
3.6375,4.148345,14.685311932830812
3.9800000000000004,5.778055,17.86066293596983
3.535,5.098208,23.080199101743702
3.0325,2.578408,23.97716540084601
1.8350000000000002,1.8560932,21.40343578884125
2.03,1.5229131,18.544153127930166
2.0375,1.7084197,18.6697999613452
1.7649999999999997,1.8172702,18.552068092758656
2.06,1.8149135,17.828729868106844
1.7725,1.7865273,16.517956080827716
1.915,1.8193996,17.869277896666528
1.8200000000000003,1.8474065,24.71419153546572
1.9124999999999999,2.0425763,32.600621428461075
2.4475,1.9511516,32.72153156928063
8.305,3.950109,24.320108411233427
14.160000000000002,7.6062765,19.11236871162653
12.455,10.722574,17.00319709655285
9.3625,9.86986,16.14299270517111
9.81,7.0940194,16.118515482444764
9.28,6.2483087,16.128362306540016
9.07,5.8707337,16.15318548565388
8.4825,6.113528,17.135425184423926
8.0675,5.512401,17.486273459928036
8.16,6.3243704,16.74859259476185
7.797499999999999,7.5253434,18.303068407769207
5.795,8.073761,23.322816376369
3.8075,4.833654,29.25652292252541
1.715,2.5343459,28.833010872693066
1.8675000000000002,1.7762506,24.26857869229794
1.9175,1.8138418,22.116516568264963
1.7475,1.8197603,21.15295366456509
1.935,1.6546872,19.33831056504965
1.745,1.7350643,17.435548817071915
1.8200000000000003,1.7830052,16.219929202547075
1.845,1.730789,18.782344100737575
1.9199999999999997,1.8228304,28.612465292267803
1.95,1.6797944,33.999148508391386
2.2875,2.0485885,31.603342326545718
4.1775,3.8040168,26.2141889171505
8.1925,4.41912,27.4266528921032
8.8775,6.988356,27.299260110564234
9.0875,7.791351,22.50554937588692
8.8575,8.334461,17.4265539509964
8.5475,7.7634068,17.35799962123394
8.26,6.3986897,17.558510446937085
8.985,5.9412766,19.057630004704002
8.2875,7.527127,17.823807264368536
4.0925,10.9727745,17.45013880023718
4.0125,4.4568486,21.130405067868235
3.9225,2.2521026,30.17643388988972
4.05,2.4057345,32.440741078867916
1.9625,1.985572,28.563863269677164
1.98,1.7976476,24.77017018887997
2.0,1.7523507,22.478037759985927
1.9025,1.573287,22.49723510625601
1.9399999999999997,1.7029527,19.91772446601868
1.96,1.7815189,17.436976291325095
1.9774999999999998,1.8028679,16.704979457273485
1.915,1.7233112,21.31705015555382
1.985,1.8966064,30.893679078912736
2.0425,1.9051479,32.9588899834919
2.2375,2.4303749,27.264580407643322
5.465,3.8240824,27.075605772507192
8.315,5.937677,31.547213327598573
9.35,7.611895,30.53849179899693
8.9075,9.144652,20.839302167193893
9.48,8.599024,16.17534124402285
9.4075,8.435769,15.21666537845135
5.9375,7.4241004,15.508279130613806
3.5175,3.4988163,16.592462800397875
3.3725,3.5742488,16.01064498752117
3.4124999999999996,3.8850517,17.0762504759717
3.3725,4.1441298,22.160066657626633
3.9549999999999996,3.5291812,27.602705894503597
3.7075000000000005,2.6367252,25.73568273465157
1.5975,2.044871,21.07342572751999
1.7875000000000003,1.9170005,18.8875584912467
1.74,1.8338498,19.273830114243033
1.8174999999999997,1.8081325,19.714069317073825
1.595,1.7915992,19.239604681158067
1.7275,1.7945572,18.07859606068373
1.6525,1.729723,17.757267241423133
1.7475,1.700372,21.81861740285635
1.7625,1.8546388,29.51042581182957
1.8125,1.8420312,26.565603009176257
2.115,2.2678668,22.581842459046843
4.1225000000000005,3.929109,24.049541417057515
3.725,5.055033,28.64731959000111
3.9274999999999998,4.6274514,25.186153645737175
3.9525000000000006,4.264122,14.692096881234647
3.37,3.865719,12.640396058573725
3.5424999999999995,3.2478445,12.662383688604834
3.6300000000000003,3.3085465,13.48937869171262
3.3925,3.5739098,14.18933010290623
3.5075000000000003,3.6717696,13.544854576731922
3.535,3.995153,15.125995705785753
3.3525,4.3043137,17.96107273590088
3.595,4.2227836,21.204784074566366
3.39,3.8468988,20.013929440884592
1.7374999999999998,2.2401922,19.265333166706565
1.9774999999999998,1.9528056,18.251029453964236
1.57,1.8400548,17.56172913463593
1.9050000000000002,1.7317494,16.45494998621464
1.69,1.6719757,15.552695727562906
1.76,1.7505444,15.298736256606581
1.7725,1.8373473,15.698388632030488
1.645,1.7405934,16.65270124391079
1.8400000000000003,1.7167019,17.769414513833524
1.7975,1.6213017,17.977025528573993
1.6125,1.4109725,19.661427364518644
1.435,1.3785238,24.002349085915093
1.4475,1.5322942,23.942941584379675
1.31,1.7463466,18.0220451242733
1.39,1.551681,12.268582664324047
1.29,1.4308894,11.651841847422125
3.045,1.4998281,11.40622978677869
1.6925,1.5868411,12.160088154608012
1.5175,1.4416276,11.764750534316303
1.4249999999999998,1.5453819,11.844381126644613
3.535,2.8418794,12.292894183640481
3.4625000000000004,3.3957596,12.70500422225237
3.5424999999999995,3.6260383,12.670456273750068
3.59,3.0352113,14.602453761401177
1.6725,1.9886676,16.77322016302109
1.795,1.8790015,17.083174453577996
1.7725,1.8479089,15.342772948176862
1.8325,1.8613579,15.187456312985422
1.7324999999999997,1.8138251,15.086299635245801
1.6975,1.7678778,14.505794516699316
1.7700000000000002,1.7201393,15.12614766793728
1.745,1.7694128,15.846926785292627
1.7700000000000002,1.7190183,16.014932260136607
1.88,1.6732644,17.11552945890427
1.59,1.4289591,18.48420244253397
1.4425,1.691482,19.191474711208347
1.3525,1.6668262,17.30645373611212
3.5875,3.0386634,14.085467205574513
3.48,3.2964664,11.913633835656643
3.545,2.5902674,12.423516160899402
1.28,1.2729625,13.255039312798978
1.4525,1.0451391,13.820833201782705
1.2625,1.1989836,12.230356100121737
1.435,1.3821913,12.591551543188096
1.31,1.613704,12.076428948645592
1.38,1.3573695,12.989400580526592
1.4,1.5209688,12.70198922850132
1.3875,1.7323422,15.76943093786955
1.8075000000000003,1.7886971,18.766391308064463
1.8325,1.7913927,18.486014672021867
1.69,1.7555292,15.675566826784612
2.01,1.8157554,14.074857337484362
1.6875,1.8154685,14.526875223677159
1.8174999999999997,1.7998453,14.96652597732544
1.5875,1.7303362,16.505858923594953
1.7925,1.723078,15.78719757664919
1.7475,1.6886344,16.888457589056493
1.7899999999999998,1.6318418,21.44963551614285
2.3125,2.4035988,25.052915171220306
3.655,3.624762,23.146328503556255
3.5524999999999998,4.241378,17.751049726159575
3.695,3.512196,12.869446669628621
3.9500000000000006,3.42253,12.132474691733123
3.5075,3.7184727,12.755783021832706
3.4475,3.9236894,13.49507403915763
3.77,3.8622458,13.576741570963861
3.5575,3.7973604,13.395843562519552
3.56,3.8804069,14.062558102922441
3.415,4.1321716,14.368939666299822
3.4925,4.2652617,13.814213148479462
3.5049999999999994,4.92101,15.437445368578436
3.5400000000000005,4.6785583,19.22073712508917
2.8,2.9839096,21.62365804553986
9.5325,1.9364662,19.37983988111973
1.7075,3.5450802,16.192800725262167
1.7875000000000003,1.7727078,15.472477494361403
1.9074999999999998,1.7898302,16.44744240928173
1.56,1.8876271,16.53436475995541
1.88,1.8341908,15.97757705337763
1.885,1.8501002,16.881127840173246
1.6875,1.8385106,20.18398478815556
1.845,1.8748661,26.096366517920497
1.965,2.851891,28.929050952458386
4.035,3.8034582,25.608774938702584
4.3975,3.8507936,19.99271617117882
4.76,4.726791,18.18254463880301
5.4625,4.060968,16.974793107166292
5.29,4.2102046,16.294406822981838
4.375,3.9016845,15.086406332075597
4.0125,3.6928887,15.110167392747403
3.49,3.630966,15.90478556617737
3.395,3.644191,17.294458425853254
3.34,3.6278877,17.235341915671828
3.7774999999999994,3.6593025,17.79704575951338
3.8325,4.424733,20.946220473742486
4.035,5.4091616,26.917487537224297
1.9975,2.5367253,28.987220124120714
1.9975,1.9549781,25.616381129372122
2.1825,1.9719641,21.243351745300295
2.1825,1.9142563,20.352383101327423
2.33,1.7669547,19.44273927890301
2.1575,1.7705073,17.93454079089165
1.9475,1.8082417,16.14618552697182
2.2,1.8567876,17.17139171577692
2.1625,2.002636,23.85666588115931
2.0575,2.0051606,32.94641938735485
2.4725,2.4404309,33.30677984689713
4.2775,3.591562,26.866358739709856
5.0225,4.3485637,25.32621748412371
5.9,4.5837717,25.850110234751703
5.4525,5.025331,21.99436486433506
5.2775,4.767934,18.084061848282815
5.0600000000000005,4.4730453,16.801286279113295
4.915,4.3346725,17.46453963902235
4.0325,3.6016324,18.797323688993455
3.5149999999999997,3.8408022,18.7286820618248
3.485,4.084034,17.7162455436039
3.6525,4.159518,19.176472490291598
3.5400000000000005,4.3795056,27.07861429978371
3.86,4.3989954,31.066676672096257
1.61,3.187876,28.604724922251705
1.7649999999999997,1.989792,23.896305370047095
1.755,1.8193854,22.815734842908384
1.74,1.7777915,23.327987939376833
1.7125000000000001,1.8328438,22.089140748329164
1.645,1.9379008,19.26938441300154
1.8200000000000003,1.9221089,17.775481683564188
1.805,1.8659174,19.783349508602623
1.5775,1.9474988,29.79064725248337
1.7675,1.9726336,33.78296456503868
2.12,2.875687,30.163271380977633
3.5675000000000003,4.2302628,26.94010564852238
3.6775,4.0325103,30.59750161234856
4.1275,3.886323,31.772227241926196
4.2125,4.0505695,25.77004558032036
4.55,3.6001627,16.76344285352707
4.335,3.8669052,16.1355287769413
3.655,3.8473213,15.28977857275963
3.7825000000000006,3.5272558,16.941106008086205
3.2025,3.641838,16.419195231902602
3.5049999999999994,3.8901377,16.23902955169916
3.3200000000000003,4.080444,18.881838894522193
3.355,4.095882,25.803351157402993
3.6575,3.4862018,26.947082974543573
1.5775,2.5566401,22.883671624352935
1.7174999999999998,2.1424983,18.914664335870743
1.7675,2.0056195,17.728151939837936
1.76,1.9675088,18.377801453948024
1.7475,1.8214301,18.953270805451872
1.65,1.7089237,17.653488408260348
1.8,1.7298199,17.064175951399804
1.7324999999999997,1.9243333,18.124246137650015
1.7649999999999997,1.8867224,25.32700962725401
1.615,1.8378986,27.234255875320436
2.135,2.1852784,22.730149435844424
3.6400000000000006,3.532799,22.716857597441674
4.465,4.1481586,26.768710124404432
4.565,4.611744,26.35557999943495
4.72,4.0154495,17.069213335061075
4.345,4.5154457,12.70777187335253
4.015,6.388479,12.552170713281633
3.6700000000000004,4.5705943,12.95687259700656
3.4425,3.37326,14.54188876092434
3.3625,3.464965,13.450880535579921
3.365,4.0257554,14.112180211870673
3.4425,3.8497708,16.228877186682226
3.5975,4.3269677,19.81598580557108
3.61,4.4973636,18.645081862442495
1.915,3.4283733,18.55739000129938
3.2675,2.2108908,18.211834535200598
2.07,1.9723132,17.744470088322164
1.9575000000000002,1.9110526,16.199457960793975
1.83,1.8058333,15.552301272616388
1.65,1.7953912,14.647363427033426
1.7725,1.8080497,14.592817097728254
1.7875000000000003,2.0090075,15.883067911458017
1.8200000000000003,1.8550303,18.7082399192071
1.5775,1.723444,18.763180703458787
1.735,1.5810351,19.77264587663174
1.425,1.5622814,22.4103402380991
1.4525,1.6577355,23.873813355002405
1.375,1.6151989,19.640241577329636
1.2275,1.4595035,13.281592273850443
1.2975,1.5389098,11.481126111439467
1.4049999999999998,1.8953568,11.448126883587838
1.55,1.6916796,12.080568300656081
1.1975,1.4406555,11.79563118344903
1.345,1.340243,11.173556333366633
3.4575,3.198159,11.740934508610964
3.4475,3.8530052,12.024504774763585
3.4749999999999996,3.8106127,12.626882743418218
3.4875,3.4159791,13.852051724209787
1.83,2.3903751,16.42973396877289
1.805,2.17127,16.274858670468333
1.67,2.2611477,15.14911981871605
1.81,2.0127232,14.218396905932428
1.7625,1.912409,14.127361877455712
1.6675,1.8276083,13.655270437693597
1.7700000000000002,1.6271093,13.912238435926438
1.7849999999999997,1.7737713,14.211164154167177
1.7025,1.7025057,13.200970694299938
1.7275,1.6796418,13.590638024735451
1.8150000000000002,1.7072861,15.821992059493066
1.4375,2.0003755,17.818003603475095
1.27,2.1191037,16.646425530376437
3.4525,3.343528,13.74218632189274
3.52,3.5212371,11.275965082237722
3.205,3.1196702,11.474747742621899
1.4275,1.6639299,11.89837861392379
1.49,1.7067649,12.884756856395008
1.6175000000000002,1.5786127,11.540995965904
1.5125,1.6764252,11.61608870972872
1.425,1.4921726,11.36964894034505
1.5074999999999998,1.2295595,11.935073431971075
1.735,1.8308457,11.452545102312566
1.57,2.0214531,13.591824622812272
2.0,2.0738451,16.589347576291562
1.9275,2.0597384,16.712338305292132
1.805,1.8087595,14.794795813150408
2.0525,1.7039819,13.30464929710746
1.7899999999999998,1.709223,13.54003139503956
1.9275,1.7968171,14.27424299661875
1.9700000000000002,1.7565669,14.932116249716284
1.74,1.8273996,14.476583834614756
1.9750000000000003,1.7190391,14.36590850636244
1.8375,1.6598005,17.363153401436808
2.3775,2.0060205,21.949637876608374
4.6325,3.543047,20.064744614384175
4.8925,4.6129346,15.939583282258512
4.15,4.7559395,12.357022211585045
4.1325,4.0969157,11.14938141832471
4.2225,4.079889,11.932272640188934
3.9824999999999995,4.4430985,12.631086760174037
4.05,3.9783916,12.732821379075052
3.845,3.9459033,11.909370812320711
3.4475,3.8336697,12.97132920913458
3.4425,3.8433754,13.57837273916483
3.3425,4.0561376,14.080968155918123
3.545,4.5445137,13.944517460176947
3.5424999999999995,5.686849,16.26194997068167
2.7875,3.343698,19.963946825981143
1.8275,2.1769538,18.302489658298494
1.655,1.8857222,15.783836626510622
1.8525,1.8530954,14.225467995834352
1.76,1.7880177,15.622981455881597
1.58,1.8343987,16.574256441349984
1.85,2.0456362,16.05866987725973
1.6425,2.025867,15.210473729085924
1.8725000000000003,1.8643285,16.747784285445213
1.8025000000000002,1.8510487,23.854517394995693
1.9925,1.9932376,29.612159622421267
3.6675000000000004,3.761214,28.288621014413838
3.3775,4.2518516,21.091415459671023
3.385,4.222651,16.992887919528485
3.5875,4.0238566,15.445381349449159
3.405,4.16835,15.196189286842348
3.965,3.8511367,14.823243451240064
4.0125,3.5886598,14.56081613188267
3.525,3.714364,15.15475050141573
3.66,3.6324148,17.039087646830083
3.35,3.607608,17.61267687086344
3.3525,3.6107993,16.899937197971347
3.5275000000000003,3.9009485,19.241433076832298
3.56,4.410685,24.883925175628665
1.3075,2.872851,27.760119284062387
1.8975,1.7964865,26.359788057737354
1.6225,1.7631651,22.948460849318508
1.8525,1.7391934,21.82492383214474
1.85,1.7797526,21.48901472943068
1.6675,1.7787223,19.26617219177723
1.96,1.7790807,17.780126228897572
1.7200000000000002,1.9719077,17.4428316840148
1.715,2.0782123,21.71204666931391
1.9225,1.8712577,32.33568673360348
2.025,2.4345574,36.16008586872101
3.61,3.4917953,31.46656992369652
3.6125,3.8965712,26.61904357133627
4.7825,4.118579,27.34605152028561
4.48,4.1819334,25.48871190604687
3.3775,4.031116,20.275242910003666
3.8424999999999994,3.979289,17.058317325472835
3.8475000000000006,3.9635844,17.276939129724504
3.5325,3.5241792,18.93703510451794
3.7099999999999995,3.5465405,19.848756281886104
3.3375,3.663295,18.796526696007252
3.43,3.749603,19.000663597304822
3.7749999999999995,3.8565695,24.81079904837132
3.5325,3.9589257,32.05546529294968
1.8599999999999999,2.372997,32.546322441806794
1.8675000000000002,1.9399092,26.649911287519934
1.7175000000000002,1.7981138,22.647111819746495
1.9825,1.8015927,21.827495872390273
1.55,1.8013848,21.301011682093147
1.6875,1.77063,19.893337773935798
1.9475,1.7794718,17.63366219734192
1.685,1.9361087,17.69810384930134
1.7125000000000001,1.8747858,25.517143377950195
1.8425,1.7510364,33.71562593248844
2.1125,2.2695103,32.22571140121937
4.9725,3.7911494,26.106987702341083
5.875,4.880019,27.014452322847845
4.505,5.721856,30.278859613256458
4.9425,4.873813,28.704583455228807
4.4125,4.11587,19.23458346368313
4.6025,4.4444966,16.016044493756297
4.41,4.042777,15.16504189563513
3.9050000000000002,4.0374365,15.930263475837709
3.4975,3.8618064,16.904376432738307
3.37,3.9712386,15.876818063821794
3.52,3.823967,18.753628103954792
3.8575,4.183178,27.358169693560605
3.5775000000000006,5.289054,31.199970111646657
1.7875000000000003,2.1467237,26.687484737794403
1.7275,1.9136016,19.910475548067094
1.695,1.9018148,18.252710737342838
2.11,1.9037406,18.681311902632714
1.885,1.8009278,20.086494601476193
1.8425,1.757528,18.51161221146107
1.9050000000000002,1.7790293,17.664630143880846
1.7275,1.837705,17.812298556318286
1.7475,1.7745756,25.16989692876101
1.81,1.7091266,30.051676196722987
2.2625,1.8008319,24.83920950423241
3.9075,3.73993,22.24777145171881
4.715,4.612814,25.561403162891867
4.355,4.839697,28.1485474763155
4.365,4.186967,22.828559478526117
4.605,4.1292086,13.671607985601426
4.7275,4.4883966,12.655057981268168
4.5875,4.332166,12.729486294834615
3.7325,3.8934946,14.114178352501394
3.4275,4.0026402,13.449941280153991
3.4250000000000003,3.8177826,13.54194385488272
3.585,3.8106873,15.859631791131498
3.4625000000000004,4.0881886,19.167458224792483
3.4625000000000004,3.8170128,19.304629932444097
1.8150000000000002,2.3393526,18.929490345356466
1.8825,1.9614545,18.77594552418709
1.7049999999999998,1.8552095,17.48370788615704
1.9250000000000003,1.8213402,15.936262747585776
1.7025,1.7902566,15.66296528453827
1.7425,1.7648773,14.813178383629323
1.8275,1.7855209,14.69001629305363
1.8625,1.7959343,16.005306912794115
1.7199999999999998,1.7684672,18.55240434943438
1.87,1.6909723,19.43287305538416
1.605,1.3411964,19.48233673570633
1.505,1.2879332,21.579802415256502
1.515,1.2434125,24.855909174714093
1.39,1.3515453,21.912766038820745
1.3575,1.4247277,15.810826074593068
1.27,1.8446728,12.036156553562881
1.645,2.011634,11.82623781572342
1.7849999999999997,1.5260458,11.57100364097476
2.8825000000000003,1.4398636,12.034038783153298
1.5825,2.049178,11.156500198476316
3.6575,3.406551,11.539103713793756
3.5799999999999996,3.476009,11.748121995054484
3.4325,3.6855373,12.20887285510421
3.655,3.4422119,12.153526299575569
1.7524999999999997,2.5051734,14.074758723747731
1.8549999999999998,1.9782732,15.308482850346566
1.8400000000000003,1.7659146,15.52603768630028
1.6975,1.740334,14.126733012807371
1.7775,1.7043545,14.014701341521741
2.0,1.8071456,14.127205065448285
1.5875,1.7864945,13.7996134656024
1.93,1.7362312,14.29822876728058
1.7199999999999998,1.6921252,13.660658627598288
1.8874999999999997,1.5542701,14.125161659495832
1.5725,1.3100709,16.808853670935633
1.5975,1.1691825,19.33951656255007
1.3675,1.5268397,18.827724202392105
3.5175,3.1200542,16.150809056262972
3.5925000000000002,3.4739647,13.465619247659447
3.3275,3.4261322,12.258107783889772
1.52,1.5788223,12.695756355360748
1.39,1.411862,13.748917921881677
1.41,1.374,13.535230846008064
1.2999999999999998,1.2727009,12.65082971523285
1.615,1.2359955,13.085713868840934
1.1749999999999998,1.0227673,13.142675426384212
1.49,1.3039144,13.424169145902397
1.465,1.6534892,14.123163518865109
1.6825,1.9340633,16.986360013487342
1.9000000000000001,1.8303949,18.248058108916286
1.745,1.8290362,16.959915365884306
1.865,1.7767886,14.705998184862139
1.73,1.7541933,14.125197225105763
1.8025000000000002,1.7445931,14.429650162453653
1.7049999999999998,1.760138,14.768761786680223
1.9175,1.7972378,15.026353799705507
1.8200000000000003,1.8655018,14.211781702485085
1.755,1.5506904,16.69965269887686
2.1975,1.9620713,22.6863342210269
4.2125,3.7490046,23.88093456008196
3.8275,4.0965505,20.371486683716775
3.73,3.9630985,15.350071981306078
4.8075,3.8992922,11.981282858984471
4.315,3.6448462,12.683209778147937
4.6850000000000005,3.6154034,13.128933359692098
4.295,3.8874521,14.019727408852578
3.8750000000000004,3.8088424,13.023348763515951
3.3275,3.681444,14.347647182281019
3.5650000000000004,3.8947458,14.993885631074907
3.545,4.137032,15.704423469388486
3.3075,4.9184475,14.359008778035642
3.6275,5.0416417,16.568892500724793
2.8925,2.6143632,20.329792472546103
1.7524999999999997,1.9568781,21.391485743904116
1.8150000000000002,1.9175457,18.365468270394803
1.6625,1.9214945,15.80216099871874
1.8125,1.8629683,16.44316645299673
1.7625,1.8243376,17.64746003737688
1.795,1.8833282,17.518020616648197
1.7049999999999998,1.9308124,16.190125221424104
1.7500000000000002,1.9237083,17.392697106959822
1.8375,1.8153205,23.437934172625543
2.2075,2.2405708,31.290400524754528
4.1625,3.6082313,31.775512210989003
4.98,4.1824,25.218172394387725
4.5600000000000005,5.1173224,19.26631445421696
8.335,4.7156153,17.46749481788397
9.8075,6.69714,16.584801644694807
9.49,8.800036,15.972822577977182
8.6075,6.8496866,15.682844843871594
8.8475,6.256253,16.19560555859089
4.9075,5.9204025,17.557723153662682
3.46,3.7833686,18.067522223045827
3.4525,3.4382064,17.405072322597505
3.3625,3.664616,18.85564320618868
3.7025,3.9942508,23.509128440616134
1.9700000000000002,1.9280849,28.667850646643643
1.88,1.8956355,28.46406293497086
1.59,1.8464589,24.60383629770279
1.8425,1.8017619,22.378703011446003
1.7775,1.7338896,21.607635738265518
1.67,1.723289,19.39626149319649
1.8874999999999997,1.723507,17.225339896187783
1.6875,1.7948529,16.25131746993065
1.78,1.7719477,18.81556723026991
1.655,1.7433033,28.714231435232165
2.2675,1.8227807,34.501021296615605
3.715,3.415292,32.896401206841475
5.8375,4.1040897,27.27872258744717
5.4975,6.0039525,28.25445862945557
5.35,6.428345,28.455889311161044
5.2175,4.9319825,23.624574410455228
4.8725,4.6691675,18.122614969449046
4.8425,4.0929465,17.882524469747544
4.88,3.8409271,18.186122215838434
4.44,3.773715,20.79254147322655
3.5875,3.7781284,19.31787973876238
3.5124999999999997,3.685332,18.490253446078302
13.06,3.6667717,21.49795301385403
19.0925,13.107064,30.739948346600535
3.7025,11.72916,32.94670391223431
1.775,1.9171113,28.459423239493372
1.73,1.8749033,23.49399527359009
1.865,1.9243857,21.756366269145015
1.735,1.8061959,22.34494478114605
1.8675000000000002,1.7909133,20.451750182240012
1.7825000000000002,1.7384024,17.97307451263428
1.6800000000000002,1.9441525,17.153607294192316
1.8125,1.8408505,22.176312058272362
1.87,1.9332746,31.884407642126085
2.245,3.1556797,33.55647306128025
4.7775,4.0395317,27.087777294197085
5.2525,5.401341,26.809172472176556
4.6625,5.780148,31.56053749837399
4.535,4.5590005,31.773184280157093
5.2725,4.0742655,22.814908750786785
5.52,4.3634334,16.526711687345507
4.6475,4.5739584,15.393516990456583
4.2475,3.8116024,15.312099226229192
3.4350000000000005,3.937105,16.486208924107554
3.595,4.462932,15.360483005304339
6.032500000000001,4.518387,16.346049705221656
17.92,9.157053,21.830365370464328
18.215,15.8967085,28.45859229751587
11.4025,8.806551,26.45454130907059
1.7899999999999998,4.688832,20.097340495886804
1.7775,1.6325376,17.219678497734073
1.8350000000000002,1.9007744,17.387443096401693
1.735,1.9588004,18.374809092857838
1.7725,1.8214098,18.560826932513717
1.8325,1.7883874,17.398214626355173
1.9124999999999999,1.9909713,16.720749572041036
1.7075,1.9507097,20.817078510842325
1.645,1.977955,29.441392962951664
2.2350000000000003,2.1967294,25.966973979132177
4.4125,3.4859262,20.344851275115015
4.8875,4.092779,21.715845723102095
5.23,4.9509444,26.250866760702134
5.6225,4.9583263,24.45705540889502
6.0775,4.6602526,14.569434325816633
5.5475,4.1858687,12.113245013090372
4.6675,4.564595,12.294733895645143
8.4,3.8167458,13.023297031719686
8.3625,5.635396,13.657330009832384
8.4625,7.181121,12.83224180840254
8.795,7.1126094,14.328296257240774
16.9175,10.96158,16.767083478689194
18.725,15.027841,19.70521348020077
14.322500000000002,11.312136,18.202081474986077
6.9475,7.9337134,18.033870689575675
4.07,3.2730453,17.785139363279345
2.0475,2.2614903,17.23102877715826
1.8775,1.9414414,16.031543016593456
1.8975,1.7164675,15.066541322309972
2.0325,1.7469385,14.62521413513899
1.8825,2.0680864,14.895659882917405
2.06,1.9156721,15.525277875542642
1.7574999999999998,1.8203385,15.512000586707593
1.9875,1.6261392,15.44675062543154
1.6225,1.5457606,18.21679432116747
5.6475,1.6107053,23.49129067061663
7.260000000000001,4.3870068,22.327318788187505
7.665,9.214854,16.44525674088955
6.929999999999999,7.397317,12.055855859918596
6.78,4.167888,11.471541987872126
6.4375,3.8286262,11.421833389827015
6.3950000000000005,3.80265,12.242327161101104
6.4175,4.205133,11.487860944665671
8.56,5.997891,11.373304923384191
8.4175,10.365924,11.676521955786944
8.5625,9.103432,12.00942495615244
8.6375,6.249653,11.907722669624091
6.84,6.4484677,13.711035697448255
6.972500000000001,2.4668443,16.696500292541984
3.15,2.023178,16.44779159890652
2.05,1.7897922,14.784640214896204
1.805,1.8912722,15.055032614259721
2.0225,1.8995574,14.83880825544119
1.9425,1.7679701,14.352910892550947
1.9675,1.9174057,14.480460486097337
1.9449999999999998,1.9058838,15.086204254746438
1.9750000000000003,1.8051124,14.543012310874463
1.8425,1.647657,16.61283704503298
1.6725,2.1858025,18.72606152302027
5.640000000000001,2.1651275,19.390398017413617
8.754999999999999,7.241032,16.62868152425766
8.7175,13.804326,13.36911923989296
8.675,6.646261,11.616618152331116
6.4325,4.29963,12.3723356315887
6.484999999999999,3.9752378,13.30922756107688
6.315,3.5563045,13.578343640029432
6.53,4.006876,12.13087828083277
6.465,4.6984687,12.561127588819266
6.36,6.6320577,11.991247696239949
6.6025,10.457019,12.448246384441854
6.575,7.138942,11.81165429903269
6.8925,4.050731,14.582625933864119
6.905,2.7019129,17.756418516640665
3.3275,2.2073133,17.16283980320692
1.9750000000000003,1.9424865,14.508376256656648
1.9425,1.9685434,13.170593621871472
1.965,2.1096227,13.667668285992146
1.985,2.0721486,14.986837173833848
1.85,1.8868126,16.639302708678247
1.9000000000000001,1.9697667,15.186247082247736
1.9025,2.1519895,16.02800423840523
2.41,2.3270917,20.18362913205624
4.155,3.9045124,24.426336421625617
8.9175,4.505761,21.86755568212271
9.72,8.111598,16.282618439908028
9.85,10.184636,12.098328472961189
9.8675,10.655895,11.838315573532583
9.65,11.094008,12.438386627397538
9.475,9.641951,13.313893930761816
8.9275,10.280143,12.784338973370792
8.7875,6.174526,12.667324075148107
8.9125,6.290935,13.533197948076726
5.73,12.618268,14.119487328093053
9.225,8.922047,13.45201459355116
11.365,12.545412,14.89357606149912
7.6925,11.560913,17.88421706945658
1.665,1.9912934,20.065011356458665
1.8224999999999998,2.0479984,17.12990928164721
1.9050000000000002,2.034009,14.539311870822909
1.7500000000000002,2.1130466,14.073020858716966
1.9250000000000003,2.0979133,15.792367523038388
1.68,2.055571,16.561769679026604
1.9124999999999999,2.055216,15.85246047087431
1.8075000000000003,2.078708,16.264559193155765
1.8150000000000002,2.166178,18.950617934274675
2.3,2.2645397,24.62359784387589
3.6400000000000006,3.8428867,27.383207882952693
5.0575,4.4617987,24.612987975785735
5.0075,4.7710056,18.656648768763542
4.765000000000001,5.244447,16.36523735177994
6.4625,5.0048256,15.925428169505597
10.27,4.5393624,15.246918779554369
10.2025,10.468489,14.601414275619986
5.4825,9.884757,14.295459499561789
3.4099999999999997,5.5956044,15.603544850053789
3.7125,4.703301,17.815462278983595
4.105,3.2880743,17.947801913540363
4.7,6.298991,17.850563919367794
7.444999999999999,8.500536,20.79927307321549
3.525,7.0749025,26.481417593848708
2.215,1.898266,27.55508354280472
2.11,2.0548363,23.61830193015814
2.3125,2.0947218,20.345740415363313
2.255,1.8989748,20.00843617076874
2.065,2.0159957,19.621189726736546
2.2925,2.0565894,18.25158072091818
2.2575,2.0952268,16.582436531634333
2.205,2.1330311,17.119255764853957
2.255,2.420481,23.350489654133323
2.4875,2.6928844,32.65267978168965
4.3525,4.313884,33.93739044336319
3.83,4.9586787,28.113373088092807
4.2075000000000005,4.5394726,25.67783527009726
4.465,5.0572395,26.68530876911402
5.15,5.05759,23.174887688331605
5.1275,4.859206,18.51526576957226
5.2,5.1837587,17.05458293642998
5.2575,4.0136185,17.79004095097542
5.1,4.5065465,20.08936571616888
4.1975,5.8699365,20.100403988196852
4.7925,6.833999,18.66570668296576
5.38,5.499372,19.95893369159937
6.0,7.715728,28.618401515889172
2.2025,6.2433915,32.29207036287785
3.755,2.164803,29.961271649513247
1.83,2.031334,23.46764600648642
1.95,2.1198208,21.26513406476498
1.8150000000000002,1.9263625,21.975442343232633
1.9575000000000002,1.8610076,21.54080310734749
1.8275,1.9851713,19.24144439316273
1.8350000000000002,2.0973704,17.7111192459178
1.915,2.107174,20.076987267293934
1.9700000000000002,2.330062,31.078089999647144
2.1425,3.2344327,35.034854635219574
4.18,4.638125,30.193259656624797
4.0725,4.9023857,27.103023624527456
4.5075,4.9539165,30.381951383500102
4.9075,4.8473387,32.32106280144692
4.5025,5.24585,27.019349060688022
4.6975,4.271697,18.143369119462967
4.8075,4.435377,16.67993965126276
4.4725,4.6401706,15.689599076521398
3.4275,3.9202008,17.55541785549164
3.5775000000000006,4.072325,17.54694030737877
4.305,4.174033,16.729126889798643
4.26,7.8349066,20.044717942755224
4.01,8.11069,28.003038866372112
1.985,2.4329362,29.663422599282267
1.9375000000000002,2.0194745,22.514547475199702
1.7275,2.0946128,16.41643728051424
1.91,2.2795734,15.457575503799918
1.8874999999999997,2.0691614,16.642904534993175
1.7899999999999998,1.9320189,17.690363479285242
1.7849999999999997,1.8083705,16.42770672900677
1.9525000000000001,2.1777048,16.308772096157075
1.8749999999999998,2.1246758,18.007230431118014
1.7374999999999998,2.1906555,26.80934383375168
2.3375,2.2331421,27.139518790173533
3.6225,4.3521256,20.35563573801756
3.6700000000000004,4.4537835,20.808209741020203
3.8225,4.7979198,24.546050264656547
3.845,4.5599008,25.181454135370256
3.6400000000000006,4.8641257,16.49977235444069
3.7749999999999995,3.9165738,12.593788135067225
3.73,3.690606,12.260866543587447
3.76,3.965119,12.796422389345171
3.655,4.538732,14.571147941567899
5.12,4.484794,13.562743270218373
12.5725,4.5886173,14.0627747298193
11.94,14.010761,16.230660317034722
6.8625,14.682152,19.65876641024828
4.08,4.294764,18.500197267291547
2.5275,2.222367,17.90888505318165
1.7899999999999998,2.171234,17.469362012405398
2.02,1.9777356,16.546597713153364
1.8975,1.9254807,15.278347462403776
2.1175,1.8638461,14.590717110123636
2.1275,2.052106,13.846776697609426
1.88,2.019012,14.03909611669779
2.185,1.9389229,15.54618237108946
1.81,1.9811673,17.74292945076466
2.15,1.825785,17.085733560874463
1.8525,2.081586,18.943048925833704
1.7574999999999998,2.3528652,22.55119783623457
1.465,2.876458,23.55914500451088
1.71,3.337646,18.800956231062415
1.545,2.9559066,12.828619774354697
1.73,2.8428986,11.165432016425134
1.585,2.1501083,10.985946932666304
1.5325,2.6355965,11.611223495951892
1.66,3.6773531,11.073785906105043
3.5700000000000003,3.7259262,10.645220306425095
3.8025,4.533611,11.316994054840805
3.6449999999999996,5.030399,11.374417965313198
4.055,5.2165866,11.551309992784264
2.175,3.7080483,12.761204352419378
1.9000000000000001,2.1957152,15.565389417071344
1.9625,2.0952928,15.651286831531527
2.075,1.9405757,14.144447919790746
1.93,1.9615992,13.708786980929377
1.9774999999999998,1.7940769,13.597515120401384
2.01,1.6906397,13.250938759635687
1.9900000000000002,1.8519295,13.034818672719004
2.08,1.9634467,13.723849016735555
1.9675,1.9184116,12.547351573135854
1.9425,1.7869399,13.213230321705343
1.68,2.1855638,15.523722688417436
1.7500000000000002,3.414744,17.488236034948827
3.5625,3.4523194,15.545180067536833
3.6625,4.2924476,12.856676190735103
3.7450000000000006,4.037137,10.79832379070759
1.5575,3.5516233,11.265369763715269
1.7049999999999998,1.8371258,11.502728986235859
1.5,1.8209947,12.697712463907004
1.5925,3.5420144,11.369635199086668
1.62,3.3943696,11.368441326225998
1.47,2.1991396,11.018447433669568
1.635,3.2997527,11.653941835026743
1.7625,4.2843337,11.039830448331834
1.98,2.027988,13.140070245456696
1.9925,1.8584548,15.708283954684736
1.9675,1.9978181,15.789910262715818
2.08,1.899513,13.74456921775818
2.015,1.8231426,12.550512062563897
1.9325,1.7670816,12.566331484199763
1.98,1.8499606,13.431584575573208
2.02,1.8342462,14.24318451943636
1.915,1.9123415,13.335715857383015
2.065,2.0571048,13.706547964122297
2.3725,2.088313,16.73759473819971
4.1025,3.5498068,20.62336071663618
4.3775,3.771079,18.50191734951735
4.3325,4.0856028,14.932098466911317
3.77,3.96901,11.528486570919753
3.7175,4.030188,10.410318344227077
3.385,4.02196,11.295011274665596
3.5049999999999994,3.6000206,12.06343618469
3.405,4.139559,11.895934286550284
3.4225,4.2213964,11.12192638407588
7.43,4.534906,12.128222176418305
17.5,8.296007,12.560859230126145
17.98,13.519907,13.424799627169373
15.63,14.951166,12.964629941518307
2.8075,15.287475,15.055554782078268
1.795,1.7985016,17.955469535717967
2.385,1.8346447,16.119750579080584
1.635,1.9641932,13.89916807427645
1.87,2.0076988,13.103480507620574
1.7275,1.7936546,14.478493061220647
1.6975,1.9537135,15.856160910925867
1.775,1.9856955,14.874317283720972
1.69,2.0310168,13.965510869748593
1.6725,2.2347252,14.79735815368414
2.26,2.2449677,18.838867554631236
4.93,3.4509513,23.55511154102087
17.6275,4.9510326,23.37988786397934
21.6625,13.080442,17.544486280293466
12.22,11.083522,13.538858538221122
11.65,6.1635623,12.160632955087424
11.285,5.521739,12.518338118524552
5.755,5.4403872,12.375133190133573
3.7774999999999994,2.7771733,12.146577264380456
3.6400000000000006,2.61516,12.64065875910163
3.4774999999999996,4.404423,14.533503360073567
4.07,5.3660707,15.529770458724501
6.3675,9.016551,15.19612623871565
10.0875,7.3141623,16.836148659939767
1.6625,5.723504,20.44277309896946
1.8400000000000003,2.0642323,22.26607804112196
1.665,2.0406113,21.284527021889687
1.68,1.9917138,18.94776783562422
1.7675,1.7712668,18.94905304743767
1.845,1.812295,19.471655736396315
1.645,1.9265554,18.67883685950518
1.7500000000000002,1.9100168,17.556998908514977
1.6949999999999998,2.0463636,17.341317733557226
1.7125000000000001,2.334242,20.753377270216944
2.2925,1.7622024,28.983666796364787
3.6824999999999997,3.4038007,32.790393056583405
3.5699999999999994,4.4092774,30.083901872558595
3.5650000000000004,3.5479283,25.141876077990535
3.6724999999999994,3.6128154,26.147223723504545
3.625,5.0229397,24.295335347297193
3.24,4.103224,20.23323184158087
3.5124999999999997,4.0312657,17.219453787744047
3.46,3.4000108,17.958495845799447
3.31,3.892416,21.155705149478916
3.5225,4.636232,22.87140957201958
3.5700000000000003,4.988238,20.779613374016286
3.285,8.532908,19.81529874265194
3.73,4.9466467,25.84913379709721
1.825,1.9833792,33.429319539299016
1.55,1.9979442,34.23362934143544
1.8025000000000002,1.8295624,27.821414996161465
1.755,1.4002136,23.14312274880648
1.715,1.5934895,22.402061534078122
1.7374999999999998,1.8017976,22.603157575726513
1.8275,2.004125,20.732412959780696
1.6525,2.0102236,17.682569760854246
1.685,1.8026438,17.944980914025308
1.7899999999999998,2.2124045,27.324511693615918
2.19,2.2940464,34.73758756769657
4.0,3.6440258,33.24672893114567
3.695,3.9751449,27.32202856739521
3.65,4.209541,28.34970333285332
3.47,4.519823,31.47833890734673
3.8175,4.3459415,30.912140863704686
3.8124999999999996,3.8375463,21.781490139324667
3.5375000000000005,3.7941833,17.351728757555488
3.4725000000000006,3.7830682,15.858734567790034
4.025,3.935637,17.456197886874676
3.7474999999999996,4.322299,18.314179427635672
4.21,5.4320083,16.823374139499666
3.7675,7.338186,19.3618501489687
3.8000000000000003,4.3248396,28.876908535060885
2.3475,1.9661803,33.19497126898289
2.0775,2.0134282,27.640997123451235
1.8575,1.918483,18.664861191420556
1.7625,1.7799363,17.112577513279916
1.7475,1.8675748,18.036109706382753
1.6425,1.8644483,20.24890657584906
1.685,1.9673635,18.60284285079241
1.795,2.2093518,17.379351920142174
1.6675,2.0284922,17.4317141976738
1.8400000000000003,1.8822638,26.4679236781168
2.1100000000000003,2.0913997,31.017356870832447
3.6425000000000005,3.4065857,23.531568723864556
3.73,4.3687525,19.597250838015082
3.5775000000000006,4.3783207,21.780659197347166
3.6425000000000005,4.268415,23.69341649833441
3.66,4.458398,21.176457682874204
3.7350000000000003,4.026242,14.415044013102056
3.3125,3.651216,12.97261199602008
3.5575,3.4651651,13.060659513262511
3.3075,3.9450786,14.700110459799768
3.6525,4.3180847,13.658309680724145
3.8375000000000004,4.806422,13.357291249662639
4.205,5.451284,16.003226324613095
4.14,4.705676,20.105339524884226
1.865,2.5912752,20.046415392320156
3.1375,1.9901527,18.815905103564265
2.0275,1.8763032,18.145270262975693
1.6625,1.8102984,17.341653990232945
1.745,1.8411292,15.717907685408594
1.8150000000000002,1.9253827,15.45700322080374
1.64,1.9109677,14.279134884603025
1.8549999999999998,1.9854243,14.558874572904111
1.67,1.9766101,16.406260666217804
1.67,1.8096968,19.60076051706791
1.7475,1.7844336,18.98612372931719
1.4,2.421753,18.593938515360357
1.4775,2.2512405,21.452852587223056
1.26,2.9599035,25.283301109266283
1.3,2.9232304,21.09389535265446
1.385,2.2534256,14.709129575154783
1.3175,1.9869801,11.494943350898028
1.3575,2.0798888,11.489161514356137
1.24,1.8600713,11.135511638760567
1.2625,1.8086641,11.538202448905707
3.3875,2.8344755,10.631045794248582
3.4175,3.139105,11.283476700717213
3.5075000000000003,5.7222805,11.330559101792575
3.7199999999999998,3.5849133,11.612207208390236
1.6575,1.5341839,11.642852639511824
1.7849999999999997,1.8788984,13.88605406392336
1.7475,1.8819385,15.348295317428114
1.635,1.9140201,14.811986935696604
1.845,2.0755885,13.684230543890001
1.6425,2.0266602,13.984658100841047
1.8150000000000002,1.9544139,13.981984213621617
1.665,2.0411015,13.279218269387485
1.7725,1.9144826,13.45022742165208
1.7175000000000002,1.6414084,12.516744132552148
1.6475,1.5907153,12.612266894354821
1.56,2.1918058,15.063278985908033
1.305,2.9211547,16.92470056219578
3.445,3.6010108,16.387385027055743
3.335,4.1477666,13.95003659619093
3.51,3.6670036,12.256407909396888
1.2999999999999998,2.3968856,11.675037091572285
1.3125,1.7430431,12.099414840682746
1.3325,1.1005422,12.979653178477289
1.31,1.1747842,12.07000369788766
1.46,1.3638139,11.269027363373043
1.3625,1.6627014,11.791027861890795
1.395,1.5143359,11.709775801073313
1.73,1.1958854,11.34764029427171
2.1725,1.7056336,11.824655146081449
1.615,1.7088536,14.487576841320992
1.8224999999999998,1.8003467,15.911395919768811
1.5425,1.6484344,14.888739138548376
1.8475,1.5549196,13.066490656672718
1.7825000000000002,2.3200018,12.363645498125555
1.6949999999999998,1.8321066,12.779601472465993
1.7925,1.8901994,13.499172975702287
1.665,2.050258,14.311093818364144
1.6925,1.9001939,12.899881940327884
2.1925,2.2582843,15.362722022111418
3.8975,3.6592624,20.32309320492983
4.785,3.8994029,21.28197761430502
4.8775,4.481072,18.026272581999304
4.5975,4.5675516,13.328867052543165
4.855,4.028022,10.62135578216076
4.1525,4.1359944,11.58849222134948
5.4725,4.1334257,11.98932553668499
6.53,4.451687,12.538503011046648
4.2975,5.781366,11.410741769384147
4.26,4.340626,12.208671586084368
4.535,4.408187,12.588753984643223
4.5725,4.1765003,13.542634151039126
10.3925,4.896257,11.943922802369595
7.715,10.840632,12.965267697569134
3.8524999999999996,3.0162027,13.899287704055311
1.91,2.104686,14.59771383556843
1.915,1.959954,13.187087981786728
1.7249999999999999,1.5723227,12.53854100158453
1.8775,1.6474046,12.763938054528237
1.6725,1.6640778,14.408802248558999
1.8525,1.8328022,14.737620861947537
1.6925,2.0671306,14.030924109506609
1.91,2.1717696,14.241837876114847
2.1425,2.8134522,17.50741236517668
3.975,3.712243,23.8193139076376
4.695,4.062104,24.339378505342008
4.3225,4.555353,18.493119710915092
4.4875,4.6631722,13.320165602749588
4.640000000000001,4.0935574,11.977431265090706
4.9725,3.9411788,12.99492860794306
4.4325,3.9993455,12.829898519693614
4.1425,3.771918,12.450794175407887
3.725,3.7450206,12.442655308898688
3.78,3.72421,14.228253429739476
4.2525,4.774025,15.619006190662386
4.66,6.2393265,15.614424693455698
9.425,8.930416,16.22757419206381
11.93,10.502449,18.30178481257439
3.025,9.890894,21.159132380981447
2.14,1.8467426,20.721193626465798
2.215,1.8886186,18.645586247456077
2.0025,2.375306,17.880128640933037
2.24,1.9936525,18.654779957623482
2.03,1.8081311,18.534531013824942
2.0825,1.9425188,17.503099226663114
2.1425,2.0098424,16.910778242526057
2.15,2.477266,18.449986709160807
2.505,3.4400392,24.805063285460474
4.1525,4.791514,29.4063414377451
4.865,4.503147,29.308545710144045
4.615,4.18587,24.408178561136726
5.0225,4.00148,23.63369698940277
4.6225,3.8938468,23.850223655905726
4.34,3.9975991,20.896367188329698
4.1125,4.0775375,17.56718198928595
4.495,3.9349184,17.21498707046032
3.865,4.2957234,19.289377135639192
3.8875000000000006,4.6792426,22.963532584836486
3.97,6.557008,22.099731216995718
4.6225000000000005,6.262034,19.82299869720221
11.415,6.162703,22.94098398813963
3.21,7.258559,31.93827337498665
3.0250000000000004,1.9669427,33.90642249682427
2.25,2.033839,30.214718652362826
2.05,2.0008235,25.52769019791365
2.2325,1.9091165,24.178489385721686
1.9225,2.2681293,24.87400560369492
2.265,1.88882,23.033541871368886
2.0525,2.03804,19.29140114216805
2.2025,2.9097319,18.21562227265835
2.0675,2.6380723,25.043858873636726
2.4925,2.5663733,34.45713333395958
4.3175,3.98767,36.00057410817624
4.815,5.632924,29.770313423314096
4.67,5.267778,28.755907863597873
4.85,4.623103,33.21771385991573
4.625,4.4651475,34.451391104574206
4.43,5.2119803,26.316994545896055
4.585,4.7153664,18.7499987951231
3.7625,5.104481,17.168352472746374
3.765,4.5661564,17.66104933360815
3.525,5.0965924,19.44324366391659
4.34,5.488266,17.835388720257285
3.9525000000000006,6.494272,18.281761374182704
4.0075,8.2758255,24.321990155322553
3.6575,4.083555,32.03392223304272
1.6525,2.2971134,29.932133715267184
1.8200000000000003,2.0883584,20.23755144656897
1.8725000000000003,1.9136953,16.66111897713423
1.6675,2.077374,17.603593090763095
1.7275,2.186683,19.224452114708427
1.7999999999999998,1.8052891,19.337735048816207
1.7199999999999998,1.8170408,17.594708154754642
1.9074999999999998,2.423432,17.422200397017004
1.7175000000000002,2.3964815,24.780257889151574
2.255,2.1997435,32.594436245570186
3.5650000000000004,3.479028,27.02575572033167
4.5775,3.9072945,18.90250089727402
5.8525,4.435702,19.63961917915583
5.4825,5.252361,23.96976775398016
4.665,4.993461,24.8300351934886
4.82,4.178838,16.270142993915083
4.825,3.7753751,13.036143491688968
4.02,4.327323,12.752270109542609
3.685,4.140999,13.64278044213295
4.390000000000001,4.617682,14.547669789156915
8.48,4.7729726,13.444492467050553
9.7525,12.43026,15.1376062608099
12.0025,10.735777,18.527262696449757
6.1175,7.7803926,22.644169573833945
1.8350000000000002,1.7957895,19.64244664514542
2.99,1.8250377,16.634412437312605
1.8675000000000002,1.940172,15.167274445967676
1.5725,1.9179921,14.808980025038721
1.8224999999999998,1.9270595,15.049245119552614
1.8075000000000003,1.7727945,14.567067596137525
1.5575,1.9261421,14.381180702590944
1.8150000000000002,2.1778553,14.955217729985716
1.76,1.9293401,16.57096177257538
1.7475,1.7268769,17.491092600073816
1.645,1.4995139,16.6277697513485
1.3825,1.4847506,19.55427788150549
1.2175,1.622129,24.34223668708563
1.415,1.6373326,22.338515488841537
1.265,1.575574,15.968127917466164
1.3875,2.0595376,12.116117744401695
1.4025,1.814797,11.3226497951293
1.1775,1.9926763,11.369808177280428
1.3825,1.9744475,12.37983027557254
3.6275,4.169241,11.910689164816143
3.695,5.3797245,12.110727129569055
3.7425,4.969551,12.534222204905749
4.3675,4.1300087,12.689645536926985
3.095,1.9316598,12.41961526013732
2.125,1.768259,14.358095388507845
1.9399999999999997,1.956535,16.768315342087746
1.88,2.037323,15.914646939840319
1.7875000000000003,1.9476383,13.936188640978338
1.775,1.9941341,14.140419306156637
1.7700000000000002,1.9764804,13.837728483119012
1.7649999999999997,2.0793765,13.591989517912866
1.61,2.3203928,13.22147265180707
1.8125,1.888812,13.656781976115704
1.8075000000000003,1.6762315,13.308014288792611
1.6525,2.1606638,14.896870730273726
1.6999999999999997,2.6886482,16.719823249564172
3.405,3.4748895,17.24305641978979
3.42,3.384638,14.710519867179395
3.4025,2.4389532,12.944542646690609
1.44,1.9430628,11.487295936453343
1.3375,1.5467849,11.798143408805133
1.2875,1.4626462,12.034525385361912
1.38,1.6213125,12.22312254004717
1.3775,1.6986731,11.092642954152824
1.7649999999999997,0.99155647,11.611985731637478
2.2,2.3479643,11.121057451560498
1.7649999999999997,4.22496,11.131314896788599
1.735,2.3399212,10.572357688004972
1.6625,2.100872,12.28144771540761
1.7075,1.8881515,14.475484533944131
1.8625,1.8427082,14.506521995084286
1.5775,1.8334007,13.09229189005971
1.7574999999999998,1.9103299,12.262241477735044
1.8625,1.8855058,12.708359514225723
1.635,1.8040764,13.774449179956914
1.7524999999999997,1.8047929,15.109792337224485
1.8275,2.365796,13.62405353188515
2.2175,2.263512,14.50305758135319
3.78,3.6554604,17.69973986735821
3.835,4.142673,20.567629405872825
3.7224999999999997,3.737693,18.767265898745062
3.8424999999999994,4.083421,13.844547380514147
3.6700000000000004,4.5651603,10.661131875323058
3.6975000000000002,3.9302824,10.847254795190096
3.4275,3.85765,11.103491273491384
3.77,3.8826127,12.644011626147034
3.8750000000000004,4.0431256,11.846390583605768
4.16,4.839448,12.014512454991342
4.217499999999999,4.781798,12.32310716927767
6.0825,4.715439,13.124309830400945
11.39,9.983631,12.208310271819832
10.5925,13.242769,12.333356531412603
3.27,4.4891815,13.503653434244395
1.745,1.6266868,14.65957536418915
1.71,1.8993367,13.260909255056383
1.7899999999999998,1.7450452,11.991216172176602
1.8150000000000002,1.7942898,11.676512256075146
1.74,1.8223592,12.923546003881695
1.7899999999999998,1.7848064,13.987361087195875
1.6925,1.9535705,13.323820777479412
1.87,1.9314945,12.495010311646462
2.22,2.879454,14.07754092441559
3.5825,3.9637039,18.19924430928469
5.135,4.288761,20.96575407668829
4.94,5.03474,17.845374573554995
3.9400000000000004,4.765808,13.362055424774887
4.355,3.9949298,11.251445019117595
5.1175,4.0352483,12.366835894998314
3.7825000000000006,4.3032312,12.10903452986002
3.52,3.793799,11.771529824554921
3.675,3.803192,10.326213759831191
3.62,4.1314135,11.340799572525025
4.635,4.217125,13.211321903408766
4.275,7.357861,14.084962820560934
15.4875,8.538668,13.548215526870491
19.63,8.408853,15.240959923272134
5.855,10.292766,17.89755417318106
1.9675,1.6299224,17.50894006978512
1.865,1.9219979,15.593997100405694
1.7799999999999996,2.1404188,14.245612680623532
1.74,2.2089531,14.881632483036519
1.6999999999999997,1.8301004,16.595181952939036
1.8549999999999998,1.9233987,16.6567977555275
1.7849999999999997,2.0536814,15.634800554709436
1.655,1.9598874,16.271360307745937
2.2525,2.362336,19.648568779909613
3.9,3.588026,24.204911400663857
3.965,4.0000906,25.30919772315264
3.6700000000000004,4.2663484,22.664467837393286
4.405,4.7167807,21.090970889546874
4.535,4.029903,21.214947755913737
4.3525,3.855144,18.73653074528933
4.9375,3.8340256,15.85471403724909
4.8125,3.8408637,14.769119059398175
4.96,3.75697,16.38630674242735
4.3925,4.65039,19.698771254947186
4.5875,6.3440385,20.934260729093555
4.245,7.309146,19.75859261085272
10.1425,13.221085,20.420327965865138
7.447499999999999,8.736611,28.206134665269854
3.8825,3.7596147,31.828378873534206
1.7625,1.9652809,31.171902378935815
1.865,2.0003977,25.17315118206978
1.66,2.1000006,23.24503600406647
1.7199999999999998,2.331244,24.415223785140515
1.8075000000000003,1.9208839,24.286958029539587
1.735,1.9555229,21.074470063157083
1.8125,2.1850028,18.039040635964874
1.7649999999999997,2.331414,21.46223867500782
2.215,2.3810334,32.40431542782307
3.865,4.1014905,37.12510049595356
3.74,5.1537566,33.3331436635685
4.2,4.153834,30.17309718903065
4.025,4.4995637,33.156191821208004
4.3925,4.4669366,36.921726638650895
3.535,4.47891,32.7872438834858
4.4575,4.1483955,23.391179945132734
4.3125,4.6336784,20.8595939642787
3.5875,4.2659197,19.78092781388998
3.8375000000000004,4.4002004,23.003830037508013
4.217499999999999,5.3472095,23.113651791121963
5.82,5.9880347,19.993899536018372
13.749999999999998,12.185234,23.39251688874245
12.5125,10.785904,34.16721218150616
12.2475,6.1629157,36.08631632724762
6.53,3.6265259,26.474063595685962
1.7899999999999998,2.0737898,18.732739774594307
1.87,1.9150563,18.003513824880123
1.65,2.0138369,19.72931888064146
1.7625,1.8686054,21.34731972284317
1.7249999999999999,1.8306873,18.29389086378813
1.8150000000000002,2.234373,17.67293309718132
1.7374999999999998,1.9507862,22.693880596807006
2.145,2.058001,31.010295480642323
4.21,4.3184385,28.95330993166924
4.3575,3.9858234,18.74603807947159
4.3,4.151241,19.63507648079634
4.645,4.8942394,23.49541789798737
4.315,5.3755975,26.480311826703552
3.6800000000000006,4.1707063,18.777345515923503
3.5000000000000004,3.702642,14.878294165558817
3.535,3.2465184,13.09959253980756
3.7925,3.8102057,13.991187623500826
3.8475000000000006,5.0809903,15.832884835844041
4.2525,4.8510175,14.469224986596108
5.675,6.315627,14.273355472989083
12.075,10.139679,17.93263318090439
13.587500000000002,9.39771,24.63135114684105
5.715,8.555456,23.552655897316935
2.765,1.8622922,17.32117951524258
2.7725,1.936622,15.231628800520898
2.3925,1.9834965,15.217690314664843
1.9950000000000003,2.0472548,16.004336941614152
2.12,1.9499581,15.578113822333814
2.14,1.7896839,14.588460310511591
2.0625,2.032343,13.89821911913872
2.12,1.9453295,17.058951039977075
2.145,1.9038376,22.218415273957255
1.9900000000000002,1.8188382,19.415494405076505
1.8125,1.6288785,17.91228156893015
3.835,1.673445,20.6758830394125
7.7349999999999985,3.4812362,22.775615218286518
10.5725,8.464148,20.23476924590111
11.2075,10.349261,13.909988102788926
11.2475,10.972781,11.805624311530591
10.7875,7.797583,11.730718287158014
13.39,6.3685794,12.16270950172186
17.3175,11.176425,11.489366016613246
21.235,19.488562,11.29222826568842
26.05,21.200851,12.232545001751186
23.305,17.317577,12.584892691037656
4.405,7.7258983,13.169639008568527
1.9449999999999998,2.5259602,15.027055412192347
1.9050000000000002,1.9503138,17.437600306117535
1.7875000000000003,1.909163,16.38819010313511
1.8825,2.1142328,14.381872615365983
1.8924999999999998,2.1053038,13.853553562920094
1.7574999999999998,2.0282602,13.53180603943348
2.0925,1.9229453,13.482264761416914
1.83,2.0936792,12.576886387256385
1.8675000000000002,1.9260988,12.689958352632523
1.9425,1.9173567,11.837015812151433
1.8224999999999998,1.6698647,11.96286553120494
5.3625,1.8238894,14.244471347868444
11.955,4.9508586,16.552693982019427
12.24,9.219331,14.621295451571942
12.065,9.039527,12.955139581831695
9.44,7.02092,11.460979810031654
2.615,4.0219507,11.732879706270696
2.2275,1.895089,11.395922226372958
2.375,1.7233914,11.867032378624678
2.5925,2.7765515,10.48499480875373
3.6975000000000002,2.9690523,10.469415454984905
2.7475,2.5303328,10.388713044502737
1.965,3.0649097,10.27576313383341
1.7899999999999998,2.0942936,9.851564021081925
2.0175,1.8644373,11.692181332178118
1.8525,2.172907,14.71816000684023
1.955,1.9598603,15.400339121088983
1.8475,1.7927864,13.804390573663714
1.9925,1.9514353,12.959547292535307
1.9950000000000003,1.9503942,12.713288584438564
1.87,1.9134645,13.378309716823102
1.8375,1.8310618,12.903896004394294
1.9225,2.5066614,12.409248693151476
2.3425,3.4631338,11.858354369801283
4.2125,5.0729923,14.858075116312506
3.9900000000000007,4.5198665,18.96021903233767
3.7725000000000004,5.106797,18.29875526925564
3.8075,4.63464,13.984876344356538
4.2425,4.5398707,10.886908025336266
4.3775,4.3609047,10.276821210728885
3.8775000000000004,4.572982,11.216412085025311
3.4350000000000005,4.340026,12.607084015016557
4.9325,4.1054664,11.486499751776458
19.21,4.889945,10.590310237927438
19.685,22.493898,11.120973387391569
19.6525,15.445693,11.000503775149586
20.125,18.017876,11.25143208616853
19.8125,17.951439,10.280539433585407
18.11,15.231728,11.610752251620294
5.4750000000000005,8.825326,12.464407720918656
1.8725000000000003,2.089497,12.741627909079792
1.755,2.0702853,10.959012449617386
1.9449999999999998,2.0785816,10.315434955093862
1.9449999999999998,2.0402563,10.825401344505549
1.735,1.8965175,11.943725574896337
1.87,2.0804405,11.649238283113242
1.9124999999999999,2.3361008,10.13008882048011
2.265,2.7446215,10.3033377978611
7.32,4.7271204,13.143337431714537
14.627500000000001,5.7135496,16.167212885534767
11.0975,9.71683,14.837890016057493
10.2275,8.018312,12.017276064544918
10.16,7.3590646,9.822535208593608
9.35,7.1362705,10.18090722721696
9.055,4.989554,10.409888323670627
8.7475,7.787004,10.228263645150662
9.1125,7.2049694,9.096966858537199
9.49,13.962328,9.297145469111205
17.245,15.508548,10.759795727130175
19.3625,20.085821,11.579222530106307
20.23,17.740273,11.341397721419336
20.0925,12.9697485,11.501449432587625
19.91,15.341539,12.119533659573795
13.5625,11.965484,12.439584541804791
4.665,5.0235605,11.990159711899759
2.1525,4.018416,11.451498341747524
1.965,2.489134,11.371326990486384
1.9975,2.3620028,12.316012638405562
2.04,2.042391,12.792255554817917
1.8874999999999997,1.984751,11.624859674123527
2.095,2.0362406,11.185586400926114
2.5175,2.3355932,11.976723994438649
5.33,4.8354163,13.771395387358666
12.0925,5.990386,14.648336631450654
12.435,9.17246,12.84439958883405
11.1375,10.644048,11.832912025750877
10.525,10.048932,12.22037671329856
10.415,8.770667,11.844105493167639
9.9675,7.189109,10.149375080775023
8.9775,5.7195764,9.059348142941
9.605,6.7743134,10.038782200073005
11.875,8.480939,11.69655509389043
18.7775,15.825464,12.570076381263734
19.4075,18.748873,12.373164956947566
20.02,20.72901,12.981990809020997
18.4125,20.876778,15.048456209659578
16.880000000000003,12.371815,18.179904700574877
10.3425,7.838474,17.100530471224786
1.8174999999999997,2.6413748,15.284514862489702
1.8575,2.139586,14.627584098055364
1.8075000000000003,2.1862552,16.34496980397463
1.8200000000000003,2.3295138,17.78818183954716
1.8025000000000002,1.8044386,17.06733805744648
1.89,1.8909038,15.76425937486172
1.8075000000000003,2.3955038,16.522476146526337
2.3,2.0120738,22.51837401150465
6.9325,5.2086654,29.815717774248125
13.5625,10.192597,30.785000274672512
10.105,11.59341,28.558466996679307
10.1,7.5404735,29.882493823513986
10.1725,7.385267,32.6778376008606
10.47,8.914869,31.953990141339304
9.1725,7.886413,25.426564235928062
8.5925,5.122318,21.298210082001688
9.135,5.9104514,21.603076873719694
9.49,8.846231,27.506022400522234
10.015,9.98652,28.36003999239445
14.009999999999998,11.711024,23.03566287501574
19.3425,19.647877,23.34008186337233
17.5275,14.4057,33.25936765562058
17.1475,11.890444,38.05028810653687
7.6625,7.5560966,32.80949502235413
1.7975,2.152578,23.172997861149312
1.9399999999999997,1.8005342,21.366580117239955
1.7775,2.3129673,23.364924441909793
1.845,2.3737164,27.427422402572635
1.7675,2.0804865,24.379292819397453
1.9449999999999998,1.8066097,22.088068930175307
1.8874999999999997,1.8583544,25.27416236413241
2.1875,2.5323796,33.84769397511482
5.1275,5.352908,35.58099044162274
9.7,4.481811,28.477225443882944
9.8075,5.5411186,23.41714930685759
10.215,6.6241474,26.562987320227627
9.51,9.791069,32.05426899516106
9.6425,7.4688354,30.977235629591945
9.1675,7.0556407,20.52546475867987
8.4525,5.3241487,17.41511475754738
13.9375,6.995427,16.970484818508627
18.715,13.308839,21.125141357598306
19.1475,20.13133,21.546619701189996
29.402500000000003,20.95599,18.519202235944274
29.522499999999997,25.924532,22.22710783234835
24.3325,24.417116,30.24265058910847
14.925000000000002,23.548428,31.425879632697107
2.6675,6.2059693,22.276862504024507
2.02,2.1135013,16.075380864071846
2.0575,1.8642414,15.407709285438063
2.0425,2.2285647,16.098488810815812
1.88,1.9706508,17.85106668776274
2.0075,1.740671,15.521244412052633
2.035,1.9753083,15.348587925400736
1.9575000000000002,1.8484654,17.16884069157362
2.005,2.7127128,22.887868366324902
1.955,3.8495743,21.954190274679664
6.5325,3.5490296,17.776781444945335
16.0075,8.0775175,18.998608875021937
10.2375,17.338486,21.332559994721414
2.3525,7.7050533,22.954663815014364
1.525,2.1440942,16.603292528622152
1.5325,2.1117282,13.313975570002796
1.3375,1.4929327,12.352100416156055
1.45,1.4486028,13.598198950083257
3.43,4.7827444,14.657381612703801
3.545,8.978461,13.599073540763856
3.6875,5.2126856,13.080628794929982
3.9924999999999997,3.7423837,14.94852654546261
1.83,4.2820477,18.284698770239356
1.7049999999999998,2.6004963,18.631980785038472
1.8475,2.1280808,18.53647903927803
1.8675000000000002,2.0537312,18.255966607270242
1.6975,1.9701289,17.27486500801802
1.7374999999999998,1.8550719,16.177633609244825
1.775,1.9330592,15.384016122748854
1.74,1.9962167,14.6181010131526
1.8400000000000003,1.8303552,14.06729317889929
1.755,2.1547494,14.507212291240693
1.7524999999999997,2.8882694,14.390775334179402
1.5875,3.976484,14.531031550183299
1.485,3.6875155,15.825915592916013
3.415,3.9690776,17.159795710320473
3.4749999999999996,3.8772779,16.048447997641563
3.6300000000000003,2.681251,14.908652646873
1.5625,2.3878622,14.004563526072504
1.53,2.0042236,13.210227452594044
1.4725,2.0416167,12.547207694077493
1.4225,2.6692164,13.469898437181712
1.325,3.1688478,12.35639900510192
1.315,3.5107303,12.182817004282475
1.3625,1.5965489,12.821078248430492
1.5699999999999998,2.0057049,12.64402213416815
1.8350000000000002,2.1242309,12.025741488018037
1.74,2.1954558,13.161897021933795
1.8599999999999999,1.9292645,15.716370281088354
1.7725,1.8121648,16.473924239113334
1.7875000000000003,2.134418,14.635974348762037
1.7725,2.078032,13.66049696573496
1.7574999999999998,2.1241734,13.14605335101843
1.8150000000000002,1.828454,12.9771951098454
1.6375,1.60987,12.55429980002165
1.8625,1.8755172,12.058168432873488
2.265,3.131592,10.431749049139023
9.4625,7.2182684,11.724790146629811
16.245,10.578712,15.136432595682146
15.620000000000001,10.070338,15.597151123359206
10.3375,8.901575,13.15812706728101
10.275,7.1347303,11.002008847097159
9.705,6.7840486,10.55803121367693
9.8825,7.720564,11.76109940113306
9.94,8.859728,11.865112643997671
8.9275,10.769906,11.786121424338818
8.7975,13.461506,10.586008415744306
9.14,13.445823,10.872130514409543
13.0125,8.2708,11.361314462981225
19.325,13.585159,11.061294293925764
18.6925,18.893414,9.498336891258957
17.36,16.614883,10.273572615585328
6.03,9.27628,10.750773378537895
2.5725,1.7959017,12.144903255785705
2.0325,1.8968985,10.883492110164166
1.6800000000000002,1.9226534,9.622496435531378
1.7825000000000002,2.272294,9.191456601033211
1.8775,2.2724023,11.206077042102814
1.7324999999999997,2.767633,12.09085242009163
1.6925,3.087375,11.12604391173482
2.2325,3.093523,9.28271633949995
3.8975,5.117516,11.634990214788916
9.1725,5.8063273,15.53345796582699
9.86,9.465252,16.11629748167992
10.235,7.0042677,11.928821159406901
10.7525,6.3574758,9.775351768853666
10.0675,8.363752,9.529997558882238
10.1425,6.392372,10.803831610391141
9.795,5.4709487,10.474792328559161
8.83,5.3055863,9.638130754333735
9.11,8.609184,8.729991195547582
9.24,10.272764,10.146714934813977
14.784999999999998,11.230529,11.252190280307532
19.235,19.631565,11.1987780089736
17.7825,19.552292,9.978421701853277
16.7875,15.606917,9.978309346858264
4.35,10.47233,10.25001363224268
1.8549999999999998,2.2911913,10.891757072926762
1.87,2.0818803,10.35007505085826
1.755,2.6938424,9.802165005505087
1.6475,1.7375158,10.399055362209083
1.8224999999999998,1.79146,11.327354963661433
1.845,1.8378466,10.976000686525108
1.6925,2.4221208,9.48081921174884
2.2175,2.7063873,9.151331318246127
3.9549999999999996,3.5632215,11.030507408673765
8.2625,5.044986,12.316492774139643
9.765,7.8066344,12.430964731252194
9.87,8.258343,11.750441034483911
9.7175,7.0699706,11.439065736148358
9.255,6.5848885,12.203829813277723
9.4725,5.26972,11.33000298498273
9.89,5.6290812,9.895793898578884
9.1925,8.004854,9.605748266490698
8.905000000000001,10.356544,10.692158020132782
8.7125,13.373989,11.860358168597223
10.905,11.936246,11.818661532498599
17.73,12.59165,11.475655473984482
17.3475,13.19444,11.965401197531225
13.615,8.271837,13.267946395967009
4.73,6.3761063,12.632877973619701
3.0,2.4172122,12.393611141111853
2.09,3.1864772,12.653093789628745
2.1475,2.5108867,13.075366701278687
2.0925,2.0931513,13.62144430941105
1.935,1.8328211,12.597311555378438
2.0875,2.449608,11.363278654620649
2.135,2.9839401,11.519127157342435
2.475,3.6273813,12.827574630408288
4.4775,4.9959116,14.402170878925325
9.705,6.6872053,14.473685237405302
9.415,6.751588,14.096201553299428
9.755,7.1769776,14.73973701573849
9.605,7.433585,17.33992097505808
9.315,7.3832226,17.2257683001256
9.0625,7.0896244,14.379546301152708
9.0525,5.497637,12.686028352735043
9.3225,6.159239,13.643700298135283
9.5425,10.812987,17.66638255847931
9.665,15.789245,20.49792081040621
13.869999999999997,18.369566,19.17310830691576
19.595,22.768978,19.17455679721117
17.73,18.7807,27.44019368977547
17.2375,8.612724,34.47220991933346
6.824999999999999,6.4319882,33.07603340289593
2.2175,3.1141691,23.942463065264228
2.0325,1.8562217,19.76745653081894
2.14,1.9830178,20.736381758525372
1.9375000000000002,2.1933832,24.780099460525516
2.1025,1.8919817,24.63134953022242
2.1475,2.3286269,21.521303453392985
2.03,3.378939,24.05189198055029
2.9875,2.9196289,32.721906624803545
5.5575,3.846579,37.190353690466885
10.5525,6.16385,31.937241972298626
10.315,7.268357,27.234847557740213
10.01,6.4058666,29.251828262014392
9.98,7.1182055,38.48786473847866
11.355,5.8560805,38.86812577339649
10.43,6.775895,27.53655062679291
9.635,4.9485826,22.48674001808882
5.58,5.057534,21.003196580853466
4.1425,5.7706027,25.448189743385317
4.44,6.3571076,27.987554893102647
14.1425,10.073359,23.548717814326288
22.265,21.823559,24.1217266722703
30.0875,20.921785,33.943323433747295
24.765,19.316334,38.34590622305394
7.485,5.6349382,32.495576782908444
4.53,2.8660355,20.87219065666914
2.22,2.034634,18.5919775569582
2.16,2.1590245,19.94691089882374
1.85,2.1717257,23.012383566696645
2.01,2.4098537,19.313961055195332
1.8775,2.9022129,16.833971074640754
1.9199999999999997,3.4254448,17.029404101216794
1.7775,3.367015,22.50674082381964
1.9449999999999998,3.2810547,26.199875375771526
1.54,2.5964572,21.766630180847645
2.97,2.089432,19.513005607798103
1.67,3.3846462,22.48717003864527
1.51,3.372534,27.55024338661671
1.7875000000000003,1.8195758,26.052344375917915
1.7700000000000002,2.5784998,18.101915784468652
1.6825,2.014894,14.899821059279443
1.64,0.81393385,14.167680346169472
3.7099999999999995,3.2186651,16.171311013770104
3.695,6.6737704,15.671617427463532
3.8825,8.398591,13.957384127879145
3.9625,5.748342,14.493349786460401
1.8400000000000003,2.627091,17.90099918748856
1.9975,2.7470064,21.33243874832392
2.0175,2.7831202,18.378988052024845
1.7374999999999998,2.0804257,16.06566336946726
1.9000000000000001,2.110359,15.55770562870741
1.9675,2.154336,15.444577889988423
1.9225,2.0236845,17.29916763593197
1.9750000000000003,2.4619756,15.81762395594597
1.89,2.2748551,14.116082729251387
1.7649999999999997,2.007345,14.317511794338227
1.9975,2.548668,15.287738400044443
1.895,1.7997028,15.358179323751928
1.5275,1.9126041,14.744263547911645
3.6174999999999997,3.294508,16.402830201478007
3.5400000000000005,3.3756354,17.97735046891928
3.675,3.4118595,17.86474974787474
1.5950000000000002,2.6739872,16.798720705342294
1.3875,2.1450238,15.396245842709543
1.5075,2.0896194,14.422946044981481
1.595,1.7836473,15.19161263949156
1.4525,2.698577,16.27860114260435
1.54,3.0902822,15.301377811453344
1.565,4.875987,14.290199022529126
1.8200000000000003,3.5471191,15.358960150551798
1.8625,1.8561894,17.18792164130211
2.015,2.113677,17.589381396358014
1.885,1.9556441,19.193807491896155
1.8025000000000002,2.5288494,20.127584197278026
1.935,2.3628798,19.22081472278357
1.9900000000000002,2.3241446,18.8662320582366
1.8874999999999997,2.2956984,17.49355632687092
1.8599999999999999,2.5564923,15.171311142694952
1.9025,2.328894,13.480949642158748
1.9625,2.139114,13.501102410041096
2.345,2.8954675,11.936374809970857
5.32,4.649839,13.144280728687049
4.4075,6.366772,14.247491191475392
4.36,4.9971495,15.367017377820016
4.61,4.449235,13.678304019980432
4.8275,6.0862613,12.208439601310493
3.9625,6.511542,12.149425746412279
3.965,5.1594887,12.66804185382128
3.9425000000000003,4.451125,12.419964449762107
4.5975,4.7169237,13.059253055051567
7.027500000000001,5.5208216,11.904372227506638
13.6075,10.989288,12.040831006340982
14.4525,22.726442,12.650849114656449
15.83,22.576218,12.35903894333005
15.767499999999998,19.737314,10.719572638915778
14.7025,16.77881,10.832644604291916
12.525,12.458048,12.350287378358843
1.8775,5.3908143,13.924624967894555
2.0975,2.118153,13.212527900909187
2.0700000000000003,1.8660196,11.210201844545605
1.9050000000000002,1.7502788,10.438911477993727
1.9700000000000002,1.7418326,11.737186378309728
1.9975,2.0972815,12.1245532604301
1.9425,2.3588035,12.03798494923711
2.545,2.3424942,10.080645347890854
4.15,4.6571765,10.602231183729172
3.97,6.021179,14.37787148424864
4.9175,4.8141127,16.464336073999405
5.575,4.4183908,13.682499145333768
4.1275,5.1928153,10.800609689455033
4.2425,4.789629,9.931044267877342
4.845,4.2321305,11.689326383671762
4.5025,4.608451,11.980160117343665
4.5775,4.464132,10.412308401764632
4.4925,4.953596,8.438213356593849
6.4775,6.4945583,10.716220580179693
14.2975,11.424579,14.703778567478658
16.195,16.5194,15.601857100200654
15.0825,14.398013,11.566752742278577
14.687499999999998,12.765593,10.817090308111908
4.865,9.211168,11.029421040952206
1.9975,2.2453127,12.271496619410517
1.935,1.8025023,11.394222351880074
2.02,2.0708768,9.938495263158083
1.9875,1.7428663,9.491978730174305
1.8150000000000002,1.9072645,11.075294211289883
2.02,2.036038,11.795678873698712
1.9875000000000005,2.1089134,10.710845323224069
2.4,2.683114,8.822321943858864
6.4775,3.4758124,9.187306741001606
4.5575,5.4889307,11.085565397776366
4.585,5.070632,11.872692968769075
5.15,4.284521,10.894275764757396
5.455,4.6872535,9.836404179848433
4.98,5.0246267,9.467693076756001
4.8475,4.3239255,10.632099021288157
4.0425,5.338187,10.178378835674526
4.2925,5.7728786,9.35769915325761
4.2125,6.0057974,9.335672724379302
11.68,6.9737935,10.139970401875974
17.785,20.832958,11.073185332282783
27.5825,28.290827,10.570536567114592
22.8225,25.830524,9.820746420075894
20.945,8.746972,10.280921763892175
16.8125,8.065143,10.911541251760722
2.0925,7.9964666,11.490288297543527
1.9575000000000002,2.4539998,10.82729682985306
2.065,1.6316668,10.752567825220824
2.0425,1.6392395,10.859299412317277
1.9475,1.9975698,11.221666903892757
2.0075,1.8788427,10.95888958660126
2.0425,2.125834,10.368858542758227
2.5625,2.8380167,10.167261349333526
4.6525,5.159888,10.501667805027962
8.0875,7.085055,10.311138791075946
6.035,5.6465507,10.41174662678957
4.6850000000000005,5.608225,11.558071500217915
4.7525,4.6472435,13.193673277789356
4.4525,4.4272747,13.451614480439426
4.4375,4.3853803,11.505247678066493
4.475,4.1800504,10.091779000418187
4.0600000000000005,4.486629,10.567486007753612
11.345,5.946537,11.96528722591758
14.275,16.208822,12.728889762558937
14.165000000000001,19.469906,12.15450839539528
14.335,23.409716,12.49011034056902
12.88,18.538746,14.107841207458975
12.2725,10.745517,16.339830573339462
5.532500000000001,8.099281,14.747516184601785
2.0725,1.9648606,12.907600485992432
2.0725,1.8236731,12.18527345629573
1.9449999999999998,1.9922966,13.779450998008253
2.0625,2.1704292,15.781880517964364
2.0825,2.3053312,15.340496749141218
1.9325,1.9295237,13.869079568274023
2.0575,1.9146768,14.300740992636682
2.5050000000000003,2.2792838,17.00487837993145
7.052499999999999,4.281528,22.588698538670542
8.26,7.1368594,23.302209338650705
4.74,5.16406,20.699160731112958
4.43,4.6990986,22.324100100488664
4.765000000000001,5.39891,29.732995398783686
4.17,5.7155075,32.81520815260411
4.4,5.180198,26.563428657114507
3.8799999999999994,4.907001,20.245923914470673
4.5,4.4209647,19.227968260235787
11.8225,6.629481,23.219165256078245
14.989999999999998,15.744615,28.181982382888798
15.614999999999998,17.27667,24.753885989387037
15.672499999999998,18.006582,23.041306490664486
13.925,15.67978,28.71035801698685
13.615,12.068064,37.34705253458977
8.5175,8.873164,36.176148591461185
1.7799999999999996,2.9122195,25.492465694513324
1.89,2.158351,19.275157358140948
1.91,2.3027883,21.6789609523654
1.775,2.0234902,27.03529700350523
1.9000000000000001,1.8897884,26.270668722341064
1.89,1.6913226,20.419254531092644
1.7674999999999998,1.9457703,18.957617892956737
1.93,2.0718734,22.258649678502085
1.7925,2.2858818,28.274003548731805
1.565,1.4618754,24.92857779889822
1.7275,1.6304805,19.79374113317728
2.14,1.9003953,20.77918012022257
3.21,3.047422,27.927012525286678
2.92,2.6343246,32.11261599487305
1.6575,2.215216,24.77477755198479
1.5875,1.2171315,18.015467103054526
1.635,0.9459853,17.127932157058716
3.685,4.6299086,19.112675869166853
4.407500000000001,7.739835,20.91183661203146
24.8425,13.499985,17.08494141774416
39.4425,25.795599,17.876445983686448
34.0575,20.123648,22.161547480294708
5.15,10.066087,27.038535090627672
1.8125,2.0050485,24.439835187213422
1.9375000000000002,1.3426552,17.438558960967065
1.985,2.0588834,15.79369315031767
1.795,2.244819,16.611841207954885
1.8125,2.4256525,19.677874842493537
1.9199999999999997,2.5745173,18.02223750189066
1.8975,2.2947412,15.827187871780398
1.9025,1.9993163,15.35865460963011
1.7925,2.2265186,17.96391960131407
1.885,2.13372,20.576372079441548
1.73,1.7550036,17.23352483632803
5.6225000000000005,3.9069138,15.53969649713278
5.2375,8.7745285,16.029895682206156
4.94,5.33322,18.259064048571588
3.285,2.0980623,20.13188763607979
4.1975,1.3174558,16.216034768259526
2.44,1.63512,14.394933277304174
1.78,1.0656545,14.951861629703046
1.5625,1.6952327,17.796523591694832
1.4225,4.3958235,17.753308142390253
1.76,8.584487,14.732890635826589
1.8549999999999998,3.844261,15.046471001977922
1.7825000000000002,0.5034111,17.018736034855845
1.9525000000000001,2.3083577,18.96051164031029
1.865,2.148321,18.6124730479908
2.1625,1.9503679,17.558120841846467
1.89,2.0477555,16.758190459587574
1.8525,2.3719866,16.205968084030154
1.9925,2.2736857,17.28566725372553
1.775,2.5469139,15.7450846612525
2.095,2.2973537,13.886886622519494
1.85,2.092228,14.212732274241448
2.4625000000000004,3.6478968,14.697247428200246
10.2125,8.079921,15.949501237573624
14.81,8.185559,15.749329901783469
14.97,7.936381,15.951685289347173
15.247499999999999,9.356804,15.8126108215642
14.435,13.771927,14.690517444829942
5.385,13.9357395,15.345917271418573
5.8025,6.839321,15.520167744042874
4.6675,4.0827446,15.550771951389315
4.165,4.2579517,15.831780685317518
4.3125,5.1006775,15.129159428451063
4.7575,5.4252615,14.42811599137068
12.8,5.9628243,14.175470831363203
21.055,16.375332,14.220713520433904
7.675000000000001,12.718032,13.980978676831723
2.265,2.7710197,13.212917505999805
1.9175,1.9537594,14.350734923870565
1.8825,2.1307704,16.02745620468855
3.9900000000000007,2.218205,15.935535269200804
5.84,2.334234,14.406099262204172
5.7675,3.403948,13.004908803075553
5.87,5.7765794,12.647441282577516
5.855,5.6023765,12.683299500482084
5.8375,5.6413016,12.988115368713142
6.2625,6.704446,11.762741077355148
11.37,11.466517,12.185018838860989
11.925,14.402443,13.664918417696954
9.8725,10.67657,14.306159898295403
10.7175,7.920412,13.133296613383294
11.4725,8.795905,11.21856703766346
10.08,10.552014,11.409308636965752
9.92,6.0474315,12.006199801979067
9.72,6.3417053,12.327834970470668
9.305,6.9036107,12.31968155439377
9.55,15.858131,10.52634144691825
10.5225,15.466144,10.860321115293504
17.27,14.842331,13.456608215397598
24.6125,16.778275,14.941767462956907
16.495,15.26712,13.134699030047656
7.2925,13.254635,11.192651024353506
6.8725,3.7351723,11.25089860201955
5.865,2.4454477,12.225819868236782
5.825,3.1516454,11.933118940043451
5.94,3.622865,9.570185081486702
5.9325,4.9884105,8.497941756927968
5.9225,6.0211473,9.954190205159188
5.815,6.529893,11.568851921573879
5.9275,6.364871,10.889844613083602
6.37,8.36769,8.34275687615514
14.377499999999998,12.010804,8.705449308075906
22.2175,15.101868,11.030670687155725
16.615,14.275525,12.23130424695015
9.8025,10.890889,10.898090984731914
10.1475,9.874044,9.072196219528914
10.2175,10.990319,8.892513099987507
9.655,11.04402,9.92242284070611
9.35,8.958026,10.019570304235222
9.2075,7.9681664,8.992068516970873
9.2,12.906671,8.365262632458212
11.86,14.858182,9.005018440532686
17.9625,18.969366,11.947134215284587
19.3225,20.834726,12.386565108798743
16.7625,17.523556,10.170201170318128
8.035,15.861482,8.69419360084176
7.782500000000001,6.6652822,8.208546813839675
6.905,4.978515,9.3831212895751
6.095,6.6910357,9.690565779703856
5.9025,6.2416716,9.09047290148735
5.9125,6.174981,8.571884276595117
5.8675,6.370728,9.780187075185777
5.77,5.8171377,10.155336361985208
5.8575,5.8770084,9.697077519558668
6.34,7.4051123,8.495134498671295
13.415,9.7001095,8.875974283059836
19.9675,14.069304,9.253204158040287
16.22,14.467451,10.454797180993557
9.8225,13.151412,10.098001365537645
9.3475,12.08977,9.392389364199639
10.3025,10.634363,9.043667750507595
10.415,12.133959,8.750988646665812
9.31,9.949258,8.965949618022442
8.780000000000001,10.620652,8.933480641082527
9.56,13.157981,9.75537844563961
14.045,13.77598,9.396810007852316
19.6625,19.861761,9.804367648392917
19.175,22.656982,9.845409553945066
17.465,21.676416,10.250618247611524
16.97,15.108711,10.965965526359083
8.79,11.82487,10.433324443997146
2.0275,8.368679,9.480375449934007
1.8975,5.941037,9.302957213097812
2.05,2.8735583,9.843609449096919
1.895,2.8920655,10.245762733546496
2.0275,3.508718,9.888465766314269
1.915,3.3961294,9.3293169882226
2.005,3.1471176,9.361492548880578
2.48,3.5546885,9.71960025035739
11.9575,6.9517665,10.347130380017758
16.585,13.594862,9.637464707456829
16.22,13.375773,9.040040058294535
16.535,14.085637,9.637051661396027
16.085,12.843996,10.671807216467858
5.825,13.13841,11.292641311749222
4.24,5.0004106,9.34042719977975
4.0975,3.5792034,8.015434443311692
4.16,3.682559,8.281670516169072
9.7,6.1269064,9.583015375269653
10.7075,16.256502,10.060157131642104
17.490000000000002,18.453823,9.450406573710442
15.862499999999999,22.892534,8.907359317206145
7.11,19.533543,10.170112256293297
7.150000000000001,8.887829,12.04827553514719
2.8025,3.3830073,13.468633433101179
3.4374999999999996,2.2307253,11.906107667609454
2.3325,2.5381482,10.496493008782865
1.8874999999999997,2.946368,10.97849351245761
1.83,2.9506824,12.29344949214101
1.9199999999999997,3.1499689,11.939111745316984
1.965,2.3834896,10.127268629274369
1.8150000000000002,1.7564889,9.491065340646506
1.9250000000000003,2.3907006,10.531993145660163
1.7825000000000002,2.797285,12.055301359727384
1.6325,2.662035,11.043493706154825
2.725,3.4460044,9.070713780242206
7.86,3.008765,9.101561288692952
6.775,9.440854,10.907857786204817
6.7875,5.820118,13.662162082927228
6.495,4.9040966,12.135492918721438
6.595,4.1969986,9.92066234301448
6.6225000000000005,4.9379253,9.707589582221509
8.57,9.361444,10.691247055532934
9.09,11.102436,10.939064992301466
10.145,17.201845,9.16050967053652
9.36,11.017721,7.6218751035165795
7.0775,5.9124074,8.66425786530018
6.797499999999999,3.065764,9.458003872977496
1.8325,6.399147,10.744964059479237
1.9700000000000002,2.6943018,7.976798066285849
1.95,2.486251,6.596924340455533
1.8375,2.3960977,6.898325910133124
1.9325,2.3581717,7.186784022723437
1.95,2.1045752,6.5539133934080605
1.9425,2.1422446,5.469837228763104
1.8375,2.0697587,5.817759424540997
1.9325,2.824984,6.487769442027808
1.895,2.9016833,7.563949232958556
1.6225,2.311403,7.0573405604481705
5.012499999999999,2.8385327,6.489106385637522
8.9925,8.100911,6.153390468850136
11.345,6.870048,7.358623308656217
7.684999999999999,5.937816,7.479531832857132
7.485,5.34829,6.975829840649367
7.725,4.626268,6.234926246237755
7.9975,6.3615756,7.263227451416255
8.1575,9.114292,7.458828606330157
14.980000000000002,6.6408195,7.401539683513642
20.1625,21.671444,6.47440323916793
19.9175,27.242561,6.789684288121463
14.9575,19.308422,6.8316218003964435
6.874999999999999,8.524783,7.055112859971524
2.2775,4.7744665,6.631403582665921
2.1175,2.40574,5.621963467081786
2.285,2.1651535,5.08791430989027
2.0925,2.336743,5.526468996105194
2.065,2.7163599,5.54965615716219
3.5650000000000004,2.644585,5.852157835819722
7.25,2.880789,5.688420234167577
7.269999999999999,6.2734504,6.421697430176735
7.6000000000000005,7.3014493,7.462423157861234
11.945,11.933958,8.183242690682413
12.9025,13.4417715,7.4307608736193185
9.9775,12.848231,6.600587598278523
9.8025,11.695036,6.804135242084265
9.2425,8.546439,7.002082110635043
4.415,8.320524,7.361700542224646
4.529999999999999,7.401225,6.872361398264171
4.72,7.1428857,6.498903902864456
5.815,7.413822,8.043067305610181
16.3575,8.716524,9.043030802766086
19.885,18.662325,8.901538681817055
20.6325,20.147285,7.489358449219466
22.455,21.413603,8.158931171365976
21.88,17.001846,9.360040825347902
19.7125,17.762676,10.135610381422044
2.75,9.452672,9.474084378522635
2.32,2.6893423,8.175441697467566
2.4875,2.4343688,7.835891161282063
2.49,2.6439745,9.006635059165955
2.4675,2.617568,9.453425609008075
2.4525,2.5695376,8.98701981697917
2.4475,4.423186,8.752652955548765
3.385,4.015541,9.47433091286421
7.939999999999999,4.8417187,11.319525679620506
9.7125,14.129695,11.619451276485922
10.025,8.89812,11.956096748987438
10.625,8.001123,12.796372274167538
10.5675,10.074549,14.795963011803629
10.795,7.836239,15.354160409829618
5.7925,7.994133,13.317764115769865
5.3100000000000005,5.4264793,11.816669050033093
4.8425,4.3693776,10.778223562930824
6.8999999999999995,4.906686,13.73818195753813
18.8575,10.447855,16.64311631203413
19.04,21.271505,15.672364305272104
30.3825,15.417927,15.985776543085576
33.545,24.268305,21.214370623061658
32.6825,24.291668,25.44062720141888
28.09,17.910265,20.94379392917395
3.0500000000000003,12.461416,16.914177991511824
5.5675,5.336999,16.03808385558367
6.3525,4.748947,18.051695526626112
6.3025,5.711203,21.879947063946727
6.355,4.8345666,18.034711331264976
6.2025,5.564196,16.864536483139993
6.28,5.3595605,18.549087047998906
6.76,4.5584626,23.365310813763145
11.74,7.474036,24.22525977940083
17.2075,14.936487,21.937018551557067
17.8,11.322615,25.229137918577198
11.4325,10.0650015,31.531878083243374
10.155,9.574227,35.043267518587115
10.06,9.934408,27.822317069358828
5.445,10.566146,20.10490627109051
5.22,6.317219,18.327670110130313
4.6025,5.291813,18.247636171453
4.55,6.2536554,21.77670171493292
10.1725,11.584601,20.5896057195735
13.795000000000002,19.618843,21.46423519901991
19.215,16.717688,25.392987066915037
22.435,18.739515,29.39703941412926
18.2675,17.578192,27.621203244905473
14.535,12.790423,21.39069198415518
2.0475,7.3082066,19.299362988936902
2.0575,2.0788553,19.577843331322672
2.145,2.1719768,21.405039474525452
2.145,2.734295,21.177771993823054
2.04,2.6508722,17.885633227379323
2.175,2.4806018,18.71120641439915
2.0275,2.9334376,19.44472771982193
2.19,2.3083324,19.752192417683602
2.52,3.064384,17.312315595276356
5.5075,6.977393,17.994693553617
13.31,5.584417,22.86504817769766
11.0175,9.439301,25.472956340847016
10.1325,10.07122,25.833219803271295
9.765,7.7351484,20.7853184211731
5.1275,10.220693,19.23554211853266
4.7575,4.322878,18.990026246697905
4.0075,3.3861206,17.786642818608286
4.7425,4.1128345,16.65714371191502
9.8525,7.1326804,15.489780163593293
14.270000000000001,13.593471,18.531857126605512
19.3175,9.832793,23.26920445263386
19.815,15.052726,24.69834867285967
18.145,15.659576,22.98309690353632
17.7825,14.610445,21.574894361085892
9.0075,7.6891937,24.230858129727842
2.1825,4.8858085,24.849688426213266
2.3525,5.0996194,23.850944667816165
2.16,3.5793521,21.25871770540953
2.2875,3.730924,20.137484369788172
2.31,3.1618152,20.88758409929514
2.3025,3.1916776,19.3950716618824
2.32,4.733163,17.76089331701756
7.932500000000001,4.008518,16.606402902872563
12.04,11.217223,19.457355127966405
12.93,7.4011693,24.73982787375212
9.7725,8.34906,24.485084342758658
10.2975,5.3372726,23.469366088712217
9.825,7.6083713,22.986040766067507
4.835,7.044628,25.297039134411815
4.8175,4.511314,24.794476050031186
4.2975,3.597605,21.67880252373934
4.8625,5.067169,18.569976993978024
9.7475,10.822363,17.824104722197056
15.0825,20.50967,19.635781326520444
20.0525,21.193394,20.44613889896393
20.425,18.24436,19.36244991448164
17.48,16.56098,20.422631647417546
16.34,15.318834,24.09858154329777
2.8025,7.7080927,24.875462177083495
2.365,3.6329439,21.74723884034157
2.3675,2.7397,18.203022347030643
2.4525,2.6023827,17.264281005826
2.2525,2.45569,17.749132416460515
2.235,2.1912127,18.5689552910018
2.3625,3.9265301,16.16435793702841
2.3625,4.9928393,15.077911001157762
2.3425,5.1353416,15.228557225117685
2.16,4.170767,17.06760318290234
1.9750000000000003,2.7230303,18.21624952068806
10.925,2.972604,16.25977076876402
30.3925,7.594721,16.75676460195303
24.4575,15.267369,18.966831002547742
3.1525,9.749883,21.0561473075676
2.4025,4.6554275,19.07909870015383
3.265,2.2811596,16.933596814534667
2.125,2.780522,14.703747851724627
4.0925,4.119376,13.195693242771627
4.315,4.7788434,14.216186988260747
5.657500000000001,7.9728236,14.120995633277895
4.452500000000001,4.8583965,13.35240501984358
2.2125,3.7864037,14.254786991367341
2.1875,2.7852213,17.717078102200034
2.1950000000000003,2.4798076,21.958500179955962
2.205,2.1525164,17.877616415576938
2.095,2.7355876,13.706281222047807
2.1425,2.680501,11.905349473470451
2.2425,1.8534204,12.32199978551388
2.255,2.5356898,12.765860214083196
2.045,3.044649,12.986914221068622
2.1425,2.2836316,12.58229720982194
2.1225,1.9639546,12.607343482307197
9.7125,3.6776166,15.803006490263941
16.275,12.518846,19.711409979422093
18.085,12.215893,18.429856573939325
15.099999999999998,13.08259,15.740339885563852
10.7175,15.380825,15.699605945861341
7.802500000000001,7.8714366,17.81650338138342
7.3475,7.3269143,16.41491280914307
4.2525,4.801978,13.551408348671199
2.1325,4.1627955,11.816038568766118
1.85,5.7803664,12.163820927032233
1.8125,6.7235613,14.360394220204356
1.7925,3.775422,15.397026669509412
2.27,3.999361,14.86568454021931
2.165,3.7221148,15.98756290667534
2.1,2.0480974,19.204721284289363
2.2350000000000003,2.3300045,22.184356352591518
2.16,2.321798,18.274902061321736
2.12,2.7595704,13.409443366771939
2.2075,3.144303,11.803875130169393
2.23,2.8457406,12.2257527785635
2.115,2.9681697,12.44688519155264
2.1375,3.1763966,12.442492838726045
2.2325,4.109475,12.602528383708002
2.595,5.4504223,14.79829255925417
13.425,7.6204767,17.501503624072075
19.71,13.277727,19.111728530647756
19.3725,17.60972,19.341724863603115
19.57,17.428331,18.122862312099937
18.475,15.942729,17.33218383827925
8.1025,13.775849,16.892269575793744
5.585,8.482263,14.805520461163523
4.8775,4.6792507,13.545459192100765
5.1025,4.830948,12.936948580660822
9.7575,9.4890175,14.251007337002756
14.885000000000002,15.866371,15.884044349112513
19.57,14.769366,17.616711950972082
20.1975,14.153126,20.31394799332142
19.5025,17.97496,23.071331948540212
18.4625,13.347457,24.174628900425436
7.8925,9.2595005,22.57731431025505
2.1125,3.3349924,20.48530956844807
2.1675,2.6867075,18.21180705268383
2.135,2.539231,17.34628236938
2.0325,2.7359948,16.540255718255043
2.2625,2.5440965,14.754727920324804
2.035,3.9792078,13.394063665404321
3.0575,4.903721,16.790634378938677
7.5625,4.5081997,23.500637959554197
9.705,16.019663,24.301767872838976
12.8675,11.933395,24.198855547263626
19.4775,18.07813,28.343783275418286
16.82,17.208744,33.55908875022889
11.6325,11.175163,33.97365766578198
4.6625,7.3861575,28.527495816903116
4.7225,5.5519476,19.396057799248698
4.7925,4.8322425,15.342661401491167
4.345,5.150832,14.84670220422745
9.6225,7.4056387,15.333322195646764
11.87,17.296818,16.606569414591792
18.0625,16.273422,20.27977914188862
19.995,15.908119,30.901681341147427
18.875,16.345884,37.68905143969536
17.905,13.094364,35.89280384360791
4.855,9.070616,28.752794256110196
2.4525,3.4303782,25.055668272752765
2.4850000000000003,3.1484206,24.02383233093262
2.3175,2.672611,22.317134090797904
2.435,2.1105175,16.52472162980795
2.35,2.8215418,13.338973343929053
2.4575,3.21557,12.95851103999138
2.4875000000000003,3.7178333,14.595146645178795
8.0,5.327198,18.44870311396599
17.165,12.919097,19.537781904971602
20.0075,11.148811,24.62172579949856
20.075,15.834131,35.67498064896107
19.8225,17.880392,39.59268454511643
20.1175,15.573238,35.92094917401314
15.48,14.158186,28.540124841666223
14.285,10.548686,18.899626549344063
4.95,9.709321,13.790680031034947
4.2475000000000005,7.248086,12.88121565327883
8.82,7.2666717,12.06473594607115
9.6075,14.667657,13.914988304221632
17.807499999999997,16.996172,19.528683575303557
19.1475,20.99029,29.715128529648783
17.9025,14.58346,32.78555936686993
13.594999999999999,9.16074,27.656949916124347
4.3875,8.888154,25.431409241971974
2.3025,4.304737,28.11832317434788
2.4,3.303067,30.20288177073002
2.2775,2.9881885,25.236343187825682
2.4025,2.8727055,16.640020487351418
2.395,2.9095209,14.003035821464064
2.465,3.029718,13.91686034859896
2.29,3.9568882,15.292939062187672
7.8725,6.650238,15.63719961676121
12.3125,16.985365,16.992186307041646
20.36,16.23568,24.726136730546955
19.6,14.530434,34.37099342670441
19.6,13.377861,36.381442991700176
13.4375,17.705399,30.801586781849863
6.109999999999999,12.222679,24.027928842549326
5.395,6.301305,17.785936356265548
5.140000000000001,5.9075875,13.914944655518534
4.69,6.2048078,13.65989396698475
9.41,8.612729,12.857082770321371
10.2575,17.280071,14.05208241417885
18.4875,19.928377,18.472907128143312
19.6475,22.109743,25.40282419129849
18.1475,12.387108,24.851233913626672
17.3075,11.455572,23.193221760251525
9.01,8.904234,25.44451840246916
2.1525,4.2760863,29.139204908308987
2.0325,3.142314,24.312667115664485
2.1475,4.1906657,16.02128072150946
2.1425,4.669976,12.929230034996273
1.9925,3.56935,11.955311072331668
2.1675,2.8006995,12.249719149801733
2.1575,3.9474974,12.897810243549348
7.515,6.566544,12.727168063714505
16.752499999999998,15.504773,15.571130029838086
19.67,15.319251,25.02314028923273
19.3475,13.261188,27.65839517318249
19.575,15.646483,24.7976106735611
13.707499999999998,12.5250225,24.30902164064646
4.7575,7.364096,23.29641376085043
4.8025,3.5757754,19.1268083492589
4.765,4.1201596,16.18457698627472
4.6325,5.2702656,15.49176052141905
9.765,7.2218356,14.071743729996683
13.3575,17.95849,14.283397907938959
18.8825,21.469221,16.922799418683052
20.11,16.80864,19.500059725782872
17.9575,15.1908,20.982844968879224
11.505,12.507712,23.403345000348093
4.0925,4.144052,27.197283807177545
2.225,3.4922996,27.694681795024874
2.315,3.5988538,19.732637798695567
1.9774999999999998,2.7863085,13.399597350986005
2.0925,2.866935,11.899675142067672
2.1975,2.8460226,11.976794317349198
1.8825,2.3077712,12.760983683975937
2.0575,3.8771753,13.430067378985884
2.11,4.1012235,13.043554071503879
1.9399999999999997,4.32906,14.886724831731321
1.74,4.8115,19.28760693823576
2.9875,3.3362823,21.24617597805262
7.245,5.0459895,23.312515282437804
7.657499999999999,8.381447,26.227123482835296
7.995,6.8973913,26.518344396669868
7.620000000000001,5.37355,19.851114928472043
8.4975,6.9343934,16.293938003578187
7.1625000000000005,8.432128,15.023298390488627
6.7175,9.752059,13.734842023441793
12.7075,10.336353,14.65528485833645
16.2375,19.772253,16.930931010408404
26.3075,10.551996,17.317125035710337
21.865,7.9796314,19.595136300842764
2.99,10.679042,24.040955555496218
2.14,6.552706,26.429168479621413
2.0275,3.5058715,26.966852603809837
2.115,2.817293,18.53586634081602
1.9875,2.690634,13.654717554121019
2.0825,3.007522,12.652776932376625
2.085,4.153335,13.244858656955959
2.1475,2.959167,14.452827623798848
2.04,3.4049044,14.0618710400033
2.1025,4.1573853,13.942145880641938
2.065,6.060515,16.997904287147524
1.6025,4.146932,21.870971597294808
3.73,3.877915,21.8190910721159
3.8124999999999996,4.262935,21.53536965212107
3.7749999999999995,3.7838774,22.509350046293736
1.6075,3.959648,23.31373906274319
1.665,3.717503,18.71971952812195
1.7524999999999997,4.2623825,15.81054963280678
1.6825,3.2927623,15.114402933566572
1.5375,3.5103111,15.100957516393663
1.7049999999999998,5.133136,16.89881364802122
1.9449999999999998,7.004307,18.09342692002535
1.89,5.0992427,15.775852147080899
4.56,1.8820215,17.45528934720278
2.09,4.950846,22.27649229835749
2.115,2.2402916,26.055685926632883
1.9825,2.2618506,23.89517050376654
2.09,2.5293496,16.726957387592794
2.1075,2.761384,13.72319428618908
2.0875,2.9286058,14.533925297536852
1.9724999999999997,3.0708277,15.264520523233415
2.09,3.1082606,15.613344792208673
2.08,3.4058146,14.284697669320108
2.665,3.6888967,16.310948064837458
10.9875,6.9412227,19.922246148335937
13.1525,11.022046,22.237872895827294
10.315,11.365705,20.335592900202276
10.0325,10.066995,23.108357365098
9.2025,8.6101,27.53843883735657
4.7,9.033985,28.071580263185503
5.095,4.4721,20.8202454667449
5.2575,3.8628035,17.351166174271107
7.667500000000001,5.6209893,16.377619033892156
18.7375,8.929211,16.214224155390266
19.4575,16.527922,15.81805397650242
20.285,17.689434,15.337893993141652
21.085,16.437916,15.59940307311535
20.665,17.121063,18.214241680345538
7.130000000000001,15.097554,22.133799838073255
2.3125,5.4459963,26.779601284136774
2.4825,3.5990133,25.670091666843895
2.4225,3.7862146,21.528791630902294
2.305,3.4154844,18.376220400924684
2.4175,2.5039523,17.23013802029133
2.4075,3.7635214,17.866177222127916
2.4125,3.6934164,17.791465191991332
3.3275,4.400216,17.774393699223996
7.857500000000001,4.103267,17.844753791999818
9.6625,11.023459,20.07342747306347
11.88,9.3536825,20.315522579870226
16.6225,10.698315,22.67204331230879
12.53,13.785001,29.635387198944095
9.635,10.436531,32.50825430623055
5.2625,7.11295,29.76374995166302
4.922499999999999,8.256353,22.154778698077205
4.4925,5.906033,18.858414090526107
4.6425,7.467248,17.904423185753824
17.125,10.90472,18.099078618767262
18.905,17.627127,16.32043438297749
19.3075,17.375126,16.316391219775678
21.58,21.632034,18.04370134748459
20.3425,20.351795,22.8119745879674
18.6425,15.828787,24.78835714850426
4.2275,10.034709,25.046873867387774
2.65,4.1389065,25.854436306214335
2.045,2.6638968,28.424559242048268
2.2275,2.0286973,25.7886916596365
2.2775,1.9167985,21.439444352278713
2.265,2.8592596,19.425197350113393
2.225,3.0463247,19.961911503121854
2.295,3.661231,19.828309289412502
7.732499999999999,5.9977393,20.633635944669248
13.1825,12.091463,18.443914689574243
19.4675,10.372442,19.037967072267534
15.1175,14.207216,24.51896705269337
10.4325,11.492509,32.47043512992382
10.6825,8.390916,32.46510028843403
5.8,9.261325,24.64531064873934
5.1975,5.375805,17.871347168517115
4.202500000000001,4.586275,17.579507089746
6.7325,6.0215545,17.525554059479237
18.465,14.798131,18.376661737811567
19.6425,20.99181,16.320311519961358
19.7225,20.63878,16.319537159636024
19.35,21.519785,18.574576273989678
17.3725,20.283657,23.736994070212845
10.2575,8.926643,20.937421218521596
3.5124999999999997,2.993432,18.84645272925854
2.125,3.5397117,22.00206158564806
1.9975,3.822125,28.29359696656704
2.11,3.688831,23.526772216379644
2.19,2.2590868,18.278051234419348
1.98,2.3161287,18.15185636728764
2.1125,2.7803762,18.583542040929796
2.17,2.7226548,18.264851543278695
7.6225,4.76111,17.300273403077128
9.5075,15.044707,15.107058635115624
9.9525,11.963222,18.006016350524426
9.425,7.8138194,26.174492846610548
9.9325,7.239654,28.34550012440682
9.7225,7.1884522,22.86847217596293
5.4,7.8925633,18.90798931753397
5.4475,3.9289224,16.944704601163867
4.585,5.93895,17.263024893147946
8.7625,6.567542,17.299484493184092
19.695,17.514635,17.885536230261327
19.56,20.528246,16.614788303723337
19.6975,19.730602,16.478977788960936
20.035,21.453331,17.63618250579119
18.7675,19.28525,17.215247346060277
18.355,14.862628,15.908793163769246
8.5,7.753296,18.81667299741507
2.2,4.4868345,25.54027557397366
2.17,3.35715,25.114204416844846
2.09,3.3253226,18.194709694018364
2.1525,3.2567286,14.691666860678197
2.045,3.6327212,14.509889411697388
2.1425,4.354469,15.293933282647135
2.085,4.6967444,16.36353343574047
7.499999999999999,4.400342,14.721205716345311
10.1025,12.090876,13.812158426196577
12.28,11.221306,16.345171881303788
11.455,6.9277525,20.96288619523287
9.265,9.153354,21.364860035014154
9.2975,7.4849505,21.694994575970174
4.6275,6.341328,22.682064731216432
4.24,5.122688,19.39531738791466
4.015,5.5461335,16.673172485663894
4.865,7.05828,16.063469617981912
14.300000000000002,9.400013,16.242899736707212
19.48,14.226792,15.97668791312933
21.1,20.000143,15.412251983797551
21.1725,22.387754,15.71534049501896
19.4975,17.999363,14.757579635593892
17.5125,15.273777,15.877012058057787
3.55,8.396022,19.463672873585224
2.545,4.063647,22.829125295047763
2.3775,2.4524574,19.836689840407374
2.515,2.3246877,15.470780044796468
2.4825,1.7470465,13.19366034484029
2.3825,1.7626498,13.261472646650077
2.54,3.2536,13.58741933703661
2.485,3.371762,14.927449071722032
2.3875,3.4928472,13.01029052650571
2.4725,3.398473,12.558302547757627
2.36,2.5725462,14.066906807045937
13.602499999999997,3.192543,17.626940297064785
31.465,20.201847,18.49842383665085
31.2325,18.185486,20.017972604086403
31.5025,12.57598,20.737802766304018
17.07,13.926431,17.75573307034016
7.2225,8.878232,15.398927813022139
7.112500000000001,6.4614882,14.532948859882357
9.41,8.960329,14.611894814219475
23.37,17.210735,14.549614581372738
33.4975,22.277792,14.983052669613363
34.4425,16.413675,14.488685841703417
33.7325,8.799937,14.046652192189695
31.664999999999996,12.516064,15.22272123185158
17.9075,9.667149,17.91299288112879
3.13,9.442097,19.3191051356864
2.3125,4.1954494,16.097130851163865
2.165,2.0573566,13.816744773259165
2.2725,2.387441,13.228568799297811
2.2775,2.4673936,13.917639558780195
2.175,2.295949,15.358127591955663
2.2725,3.5978625,14.054677087085249
2.275,3.730244,12.663766705845596
2.2725,6.4316535,13.722246947669984
2.415,4.9002433,16.926695469589234
13.77,5.1695404,20.189461892085077
31.825,17.34845,19.434371660857202
32.565,23.493929,18.57295480550051
30.112500000000004,12.9023695,18.772364713914396
14.22,12.576632,15.912652032446863
7.31,6.3873653,13.486948913906813
7.055000000000001,4.809383,12.531503860673906
7.11,8.049121,13.306768684135676
7.652499999999999,12.292301,14.366618201942446
7.745,10.319294,14.74619864041567
7.2925,4.5995693,12.910350354287626
7.527499999999999,4.319966,13.240337782948018
10.3625,6.8583527,15.701253280248643
6.28,3.9037735,19.922487024512293
6.385,2.1691635,17.776700614013674
6.2075,2.4203818,14.054069238479139
6.1525,4.0395436,12.461897920490504
6.0975,6.201518,13.593017687363625
7.5525,6.011276,14.509433525242807
11.32,5.6189923,14.359149423856737
11.3125,8.475863,12.669873482732774
11.62,11.836661,14.430043000781538
16.2875,16.030504,19.130326111404898
19.6775,18.508686,24.479115786764623
19.245,23.887478,21.46743772053242
19.71,24.143515,18.04535353172779
19.0425,24.534838,17.326973476424218
13.697500000000002,17.01143,17.33662468966484
14.36,11.327675,14.641139445295336
7.522499999999999,8.872455,12.482406344472171
5.005,7.209722,12.498933036760093
9.4825,9.464888,13.394374864491226
14.635000000000002,16.310385,14.329701098833086
19.2525,20.594023,12.842247869433166
24.2125,17.114578,11.626179643237592
23.67,13.293573,12.790195174369813
15.86,12.492559,14.583065654132367
5.0775,7.7436147,17.149932720038894
6.0225,3.7280483,16.320877336483004
6.065,2.9024198,14.899628681662085
6.0375,2.9885178,14.081755449192526
5.89,5.946221,14.463277446644307
6.0425,7.044583,13.775960718379022
6.135,6.610788,13.407188992087843
12.4725,6.543787,13.046122878512145
11.31,15.5062895,15.099289165964128
13.1325,14.370825,19.90640490234852
17.8275,15.714434,20.867310085015298
22.942500000000003,18.05552,20.219443701257706
19.55,17.971663,21.617935215578083
18.895,15.869234,23.001405109558107
7.805000000000001,18.564306,18.964192680938247
4.6475,12.701168,14.173854212729932
4.0125,5.1933107,12.26330925434232
4.2375,6.4253993,13.098882035918237
9.2875,10.186324,13.874673068745137
14.790000000000001,17.443766,14.175755356242657
20.16,19.184856,12.786773601032497
20.105,15.756878,12.68836436666012
18.545,17.277403,16.39282171551943
15.702500000000002,14.373037,24.727436491928103
5.225,8.538182,24.6745116311121
2.3625,4.6347723,19.673102584288124
2.2225,3.4740078,19.193521350398065
2.33,2.7954018,19.161365189163686
2.36,4.1420217,17.19385786492348
4.4375,3.8904912,15.743240099391938
6.0325,4.403272,15.935139197635651
6.245,5.736016,16.037033053472044
11.6325,7.772156,17.431985789604187
15.585,15.303135,18.521911688773635
22.2675,16.010862,19.081179288334848
15.6875,18.38752,22.450843001337052
9.2575,13.528783,29.714970101022722
9.42,9.354771,27.002566942656042
4.55,8.450627,18.821083133046628
4.5,7.0105596,14.230498913021089
4.465,6.1113844,13.145112478973866
4.2875,6.83162,14.56463296847582
8.6175,11.03792,14.990477798995974
15.4475,15.914096,14.213614948015215
19.5425,16.973434,14.300073329141142
19.875,15.204069,16.500840939357282
11.2125,14.893652,23.2630693849206
8.3625,9.311071,24.047019491989616
7.834999999999999,4.448094,19.502017450947765
2.385,4.103088,21.76559392830372
2.3475,3.8642004,24.40148737661362
2.24,4.514486,23.199804631326202
2.3325,2.2581065,17.713089904031754
2.3325,2.8089383,16.769293396360876
2.34,2.758014,16.688784171805384
2.22,3.66771,17.171663307707313
7.722500000000001,4.13987,18.016003820440773
9.7875,12.989631,15.975087460682394
11.79,13.0580225,17.762328874363902
14.0875,14.3032,26.142719823992255
13.535,13.850349,30.146626675529482
9.4925,13.90923,26.37327227375746
4.9,9.723879,18.48279760094166
4.234999999999999,6.634615,15.149661385958197
4.2425,4.2843037,14.59051664941311
4.342499999999999,5.4217744,14.575351150014402
4.5,6.5302014,14.402629998617174
11.105,10.025368,13.276350387932064
13.5675,16.510944,13.092829415755274
14.8675,13.071154,14.4164601710248
12.88,11.3351755,17.718200035531524
12.2125,9.4503,16.45291789659262
7.057499999999999,6.2009854,17.290575307896138
2.1125,4.567226,20.235878246283534
2.1275,4.0220475,20.930873913056853
2.135,4.407645,17.256139714388848
1.9975,3.3447053,14.068510492730143
2.205,3.590348,13.192448689174654
2.1225,3.5204732,13.486107463908198
3.520000000000001,3.9349248,13.914642347834112
6.3575,4.872843,13.907897814896108
13.21,13.891445,13.012818109738829
14.185,16.004446,15.44251508461237
13.914999999999997,13.778522,22.49641386399031
14.1975,15.715769,23.43949905946255
13.455,12.082952,19.14490962809563
13.4,9.216662,17.15221538554907
14.000000000000002,8.293659,15.640837008686066
11.1825,8.910235,15.050585296399595
4.0525,8.227497,14.654601028654577
6.922499999999999,8.367637,13.59409758861065
13.945000000000002,14.633362,12.853990178875925
15.2125,24.464203,13.035349731940032
15.83,13.980772,13.746623940041067
12.9625,13.846289,14.259649780216218
6.982499999999999,6.9183645,14.252391162552835
2.435,3.2347164,16.86714085575819
2.3725,3.1836526,19.57426737090588
2.255,4.3007827,19.386891571598056
2.3675,5.566448,16.58304276362181
2.3675,5.4879723,14.79541012823105
2.385,4.4049826,14.042264689219
2.2575,3.667501,13.900247975523474
2.29,4.2171683,14.680361846575739
2.4325,4.0782228,14.067863845276834
2.345,4.0235276,12.933118811118604
7.797499999999999,6.563175,14.469399581408503
5.7,14.728301,18.129495298352243
2.51,9.774898,19.305003371348384
2.065,3.9370062,18.66041387356043
1.9700000000000002,4.0259657,18.063234950430395
1.9325,3.2998562,16.354018018465045
1.95,2.5743744,14.73083429692507
1.8625,4.2348113,13.791011437854769
4.04,5.5132427,12.823683429358006
4.4925,8.406551,12.480571482323409
14.614999999999998,17.608109,12.285598383748532
27.1475,16.458624,12.607092098109723
23.66,15.611101,12.152448823256494
7.0075,7.957924,13.534871956671477
2.17,4.4033647,16.143128501136303
2.0275,3.7746348,17.336107371702195
2.0125,3.8794453,16.27362195721388
2.1475,2.6839685,14.584738854417802
1.9175,2.604134,13.690549906127455
2.135,2.8741457,14.24419813931942
2.1725,2.6671321,14.774990618274213
2.03,3.4124339,13.742818419778349
2.02,3.6460862,12.120012986998558
2.09,2.6310432,12.854109808654787
1.985,2.6904013,16.350563304445746
6.4425,2.6984978,21.276759169356826
12.9025,6.0082903,17.82826751517773
12.505,7.4998665,15.332420122449399
10.33,5.6406555,13.58282167364359
2.0975,4.693646,12.718393057773115
1.7049999999999998,2.4328902,11.702146977742911
1.7574999999999998,1.9829007,11.312444890006782
1.9325,3.7998347,11.158823279452324
1.9425,5.5320106,12.141812280958892
1.8825,5.347212,13.08377635140896
2.0575,4.0510354,12.75773993868828
2.765,3.0883393,11.872351862237455
2.215,3.8242807,13.579231163659097
2.2725,2.7848418,16.845989017560484
2.07,2.6821551,16.825745719034675
2.16,3.125805,14.546292430081369
2.1425,2.7870975,13.427837253581286
2.13,3.6485968,13.769980846054555
2.05,4.0399337,13.967282683770659
2.1425,3.3594224,13.822860441548826
2.185,3.7799501,12.27422223842621
2.5125,4.3532047,12.184974381848575
4.315,7.191624,14.639243151638508
4.0975,10.842827,21.45651261180878
3.8875000000000006,8.097594,21.29312419978142
3.76,5.480845,16.97404461273909
4.48,6.054638,15.780857198369505
3.9900000000000007,5.174611,16.698660095036033
3.7125,3.6336508,14.805877733881475
3.865,3.7223322,11.790924398298264
3.9025000000000003,4.1776724,10.8129986463511
5.1275,5.443243,11.824061038733722
12.2325,7.298523,12.351385062410833
14.782499999999999,19.991135,12.653973230165244
15.115,15.298904,11.201889191533327
15.32,14.898827,11.531318886765243
6.954999999999999,8.366383,14.02632806273222
2.035,3.6240702,17.66447009863615
2.1325,2.5177312,17.451401379389765
2.1375,2.8329034,14.48477685784817
2.005,2.572809,13.409571887953282
2.1325000000000003,3.1104836,14.510812500936986
2.115,3.0702665,13.792922281079294
2.135,2.8565161,13.69240093446255
2.0075,3.2596116,13.581745005633833
2.5975,3.2360764,15.042193429074288
4.2,3.1289423,18.9688259099412
3.9800000000000004,6.162366,23.404982635023597
3.7925,6.3932314,21.23509405732155
3.8399999999999994,6.5339255,19.538140794308188
3.8775000000000004,7.1213045,20.471112423610688
3.7275,5.908112,20.800894541704658
3.8575,6.117803,16.505781325900557
3.8475000000000006,7.644499,12.948440314215423
3.8124999999999996,7.429877,12.625578940490486
7.667500000000001,7.298746,13.472333064843417
14.222499999999998,10.142781,13.899935968127252
15.0175,19.164995,12.833315243175031
15.475,19.407839,12.562799172486068
13.675,18.444586,15.112275463445188
13.7775,9.823947,21.499823441612723
11.165,6.9336967,21.61463084709168
2.3375,4.835809,18.35715076752663
2.3275,3.0278656,18.193089842147828
2.3175,2.5336745,19.764743844752314
2.26,2.7801027,19.40054391595602
2.3875,3.7642577,18.67033991196871
2.3625,2.841844,17.663073340137007
2.295,2.9239457,18.200639451165202
2.6875,2.7177505,21.43250744172335
4.4925,2.7896883,28.092586605706217
4.19,5.1412873,27.431130925717355
3.895,5.5087833,25.158275057406428
4.075,5.6698365,29.683762894926073
4.335,6.5221515,33.30185562654019
4.9625,6.4414244,30.708789639062886
4.5025,6.497036,20.69674388625622
3.9375,6.1317253,16.339282539622786
3.92,6.6935296,15.234904069871904
3.9575,5.4974194,14.781836998186114
10.7225,6.4847417,14.96433060922146
21.4925,18.84986,14.023492513649465
22.2875,19.935635,15.538581030275823
20.245,14.172677,20.510178012883664
14.465000000000002,8.726005,23.262049298563007
2.0575,5.8137665,20.80825177310467
2.1425,3.3607104,20.509974318935875
2.145,2.2563732,24.25900992660761
2.025,2.3942068,24.64748500080109
2.1475,2.1468873,23.071079756033424
2.04,2.350293,22.65840875075579
2.1275,2.6831605,21.98816028202057
2.025,2.414851,20.560159011168484
2.64,3.8303564,20.968849901371005
4.3075,3.8831608,22.65389191829443
3.8775000000000004,3.856879,23.558108751966955
3.855,4.4340897,28.80811817897797
3.9225,6.317784,32.46159222599984
3.9225,6.2887874,30.86955266242981
3.74,6.1367645,24.245714854967595
3.8524999999999996,4.135616,17.243264963593486
3.8975,5.4147663,14.742064946570398
3.93,5.559145,14.732759689717295
3.9025000000000003,6.567679,14.702882960755826
4.2875,9.48001,14.598604592435361
4.28,10.266091,14.109711635217668
5.035,6.0182915,15.276216759045125
2.5175,4.704047,17.049474421548844
2.04,3.0139644,17.937407055728436
2.135,2.3903162,16.979769059319498
2.1075,2.8003142,19.295437838895324
1.9825,2.7058094,23.572997809579373
2.0725,3.2427413,23.267172363011838
2.13,3.8819945,20.394541282045843
2.125,5.661936,19.083130547025206
1.8924999999999998,6.5289736,16.809189927611353
2.1275,4.235667,15.359479085133078
2.625,4.130324,15.594486935851576
4.2475,4.573314,14.689156251940728
3.8775000000000004,4.5806575,17.17281595679283
4.1425,4.1062355,24.484914597802163
4.4725,4.5266423,27.28261863835335
4.975,5.311426,23.563278698356154
3.8100000000000005,5.8453107,18.883440963587763
3.685,5.074035,16.79158010083914
3.925,5.7870007,14.965135685300828
3.96,6.6175976,14.986660962402823
9.5175,6.9210725,14.304826187922956
18.7475,13.067975,14.363218452956678
26.185,23.045126,13.936296954426767
34.44,22.144974,15.162174014179708
29.2825,20.702946,16.12951172238827
21.8125,12.354586,16.46891110473156
16.6875,10.428275,17.190741024198534
15.237500000000002,8.338254,17.357734495778086
15.49,7.4327793,18.393987039704324
15.097499999999998,10.397053,17.111919549496175
6.3075,12.596489,15.333802331380845
3.0275,9.438143,14.130397887248995
3.005,5.143917,14.328147528326513
2.9275,3.1811435,14.519569724073412
2.915,2.4750667,14.20401708318949
3.155,2.7738683,13.187437979720832
12.445,4.463272,15.820202462666035
19.6825,14.817571,22.39540591516495
24.69,18.209393,22.827558791592125
23.98,19.292595,19.772060660686495
23.865,22.318579,18.506839953255657
24.6475,20.641972,16.0654855414176
29.832500000000003,17.068861,13.918987818720343
32.625,25.007097,13.753740295264722
36.7225,31.168886,13.112786572782994
37.6625,35.770714,13.083666421341897
48.265,38.498806,13.102913074480297
48.625,33.91549,13.302464437024595
40.975,25.992016,12.820738758517505
25.2625,21.47492,13.426948113332989
8.1325,16.796202,14.952849383687974
2.06,11.997277,17.721971606802942
1.9675,4.633097,17.687228855755333
2.17,2.8324606,15.951630324313642
2.04,3.0503545,14.38342295263529
1.8224999999999998,3.0416038,14.278895625045301
1.9925,3.9043438,14.477333945660593
2.13,4.446757,14.965282797596457
1.8075000000000003,3.1712034,13.073832530195714
2.155,2.469292,13.424554709446431
1.7175000000000002,4.121203,17.33564986862898
5.3075,3.8418033,25.838932933521274
8.6925,6.381699,23.933301687469484
9.5975,7.408226,18.93597783593178
10.375,7.070629,16.318851713335516
12.95,8.201351,15.00142554038048
7.71,12.338181,14.428662408468725
7.305,6.9381247,13.742149139664175
7.325,9.636441,13.026375881906748
7.4825,15.479688,13.001621409084798
7.4,13.995772,13.521584159815312
22.63,11.392156,13.672144702987673
14.117499999999998,18.048513,13.278039754403832
6.6425,5.482595,15.466090234141351
2.0525,3.077165,19.979425949394706
2.11,3.1096115,21.40140046598196
1.9724999999999997,2.1027038,19.64359929423094
1.965,2.4689739,16.0108648476553
2.1825,2.2894993,14.394902561550142
3.16,3.2121582,15.121680950653554
7.182500000000001,3.1955292,16.133273593947887
7.065,7.9387026,15.262082662334443
7.7375,9.505916,15.010100315966607
9.115,9.345945,18.92925916889191
15.5875,10.36112,29.883664255404476
19.2775,13.157829,30.796756325373654
19.53,19.165178,22.177450157790187
19.42,25.217815,18.863876644887927
14.372499999999999,18.446205,19.80376416870356
14.1375,11.965695,18.22037836467743
13.9325,9.693133,15.301515224037171
10.43,10.752066,13.926273918900492
9.7725,10.28729,13.948898496673108
17.755000000000003,12.019025,14.693889711298944
20.195,22.151648,15.498403207383157
20.2925,24.066887,14.264182778863908
19.8575,19.98209,14.82481318793297
18.3625,16.460428,18.89190881198883
12.375,11.942333,24.516037739729885
3.1525,7.736987,23.912704349462988
2.255,5.0142355,18.974267448260786
2.5025,3.6609714,16.252979353885653
2.2925,2.996682,16.167408496389392
2.22,3.3639703,16.690022501678467
2.2225,3.5733294,17.24214464688063
3.3025,3.9186084,15.796299139554502
7.8100000000000005,4.528378,18.125077079627516
9.345,13.733025,26.4157861105752
9.4475,12.630294,32.65907835824013
9.5875,10.422055,28.9816654224968
10.2075,10.0658865,23.881765502059462
10.4475,10.201617,26.088766793725494
5.6775,8.53468,29.99277631343842
13.93,6.19914,23.755872942612175
14.66,13.180904,15.200153235731126
14.6975,13.095516,13.040929491152765
13.2775,15.260555,13.130288086106779
19.2625,20.819347,13.842250165436269
19.33,24.525272,14.578199632046225
20.2975,20.720911,14.233800048270227
18.9825,19.710705,18.20946295566559
19.6525,20.67895,27.214895250568393
13.737500000000002,15.57163,27.498256164608005
8.3075,8.509933,22.872337511115077
2.2075,5.012714,20.47318816193581
2.4275,6.292446,20.204265268909932
2.37,3.4440932,18.612885285742284
2.205,3.6793265,18.239865085682872
2.355,3.379859,17.72322125300646
2.3175,3.5316246,18.103519470152857
7.727500000000001,5.6735015,21.490333890235426
9.345,10.9689865,28.20705613789082
12.9325,16.011446,29.81805217155457
20.0625,13.770964,26.703768937287332
20.015,16.283932,28.63581573180676
19.375,12.914776,33.557585294899944
14.879999999999999,12.690525,35.145812871732716
8.805,11.493662,23.601044526247982
4.66,9.133672,14.712705535571576
4.15,7.152657,12.420754167964459
9.8975,5.6644483,13.000016915091278
17.375,17.206648,13.800995674533846
20.42,24.263054,14.599129993491173
20.105,22.100859,15.009930571010115
18.3525,19.877207,18.914530156524183
17.79,16.857227,24.148512426404956
6.737500000000001,9.213161,23.72648281585932
3.0025,3.2285483,21.36156536623955
2.095,2.5450644,23.479146631443502
2.1425,2.361061,25.014360433435442
2.0825,2.5789542,23.141829453899863
2.115,2.2627654,22.818846833777428
2.045,2.4154303,21.59956557804823
2.145,3.3045866,19.23904694772959
7.3625,4.260939,20.468533916890625
9.1125,13.610332,24.679476266934874
13.515,12.655614,25.185752724316124
19.685,17.041174,28.569004116930966
19.335,17.143116,31.04238212727547
19.0825,14.1718235,33.611050106339455
15.335000000000003,15.145561,30.61260406362057
12.775,13.401352,19.51549196725607
4.8725,9.516586,13.07849889988065
4.1575,6.8293014,12.917331721855403
9.56,7.1144557,12.955093508200648
16.675,13.20809,14.0567592918849
20.075,20.04395,13.43878580327511
19.52,19.910341,14.373944717588426
17.4175,18.630404,15.631363623495103
17.7225,10.57169,17.65783064590931
13.8225,9.826503,18.141327330129148
8.08,7.2854533,20.834117671236992
2.0525,4.9023676,23.80935392023802
2.165,3.3755312,22.65032080773354
2.045,2.9731731,20.03527365669966
1.9449999999999998,2.8919885,19.874127494716646
2.0575,2.1013217,17.22503112202883
2.06,2.9553123,15.427883069362641
6.785,6.172304,16.345703748834136
9.1625,12.151356,17.557336781809333
12.28,16.907469,21.076878824920655
18.92,13.99166,26.908172580659393
18.5775,14.080079,28.348083480982783
18.905,14.407622,25.79340733618975
14.527499999999998,14.074198,21.937422706215383
13.6075,10.666394,16.951185625264646
13.909999999999998,9.154787,12.592435025271179
6.9375,10.860214,13.165480257134439
12.195,12.232336,12.999943358943463
18.26,21.750051,13.79884233851433
23.4525,25.980764,13.028882449097635
24.06,17.180134,13.888210633180142
25.2425,19.885395,14.558375037746432
31.149999999999995,22.72188,15.38272444446087
22.3475,14.72591,15.30377849012375
2.4425,7.667592,17.491066734175682
2.04,2.928063,20.24986684731722
2.02,2.6118734,18.609275376334192
2.135,2.650357,15.167963125505448
2.01,2.4574888,14.526511484484674
2.235,2.3219316,14.799870379040243
2.2075,3.2563772,14.653521127407553
2.075,4.06836,14.314925204524995
2.145,5.8602896,14.637791428105833
1.9475,6.200367,16.55220091333628
2.6175,5.8884816,22.65743554633856
9.1075,4.904573,27.576193348917965
9.55,8.324492,25.86374317968607
9.705,8.198493,21.36920873913765
9.085,9.700961,16.4842237164259
9.6625,5.8489676,13.237879714316131
9.7525,5.814822,13.901835495021345
9.8175,7.3839912,13.401681980713608
9.5875,6.8654594,13.724982266397477
10.5675,9.335751,13.58148149679661
24.19,20.926308,14.116121528098585
32.28,29.03986,14.217664577691556
32.192499999999995,22.541494,14.777108388683798
27.347499999999997,12.528249,15.369245078296663
16.5225,11.929177,18.319490019845965
1.8775,8.794191,20.365385564994813
2.0725,3.4017277,18.233280597989562
2.08,2.2691317,15.590909358816148
1.96,1.9447999,15.124820424039365
2.0825,1.9938942,14.477511773710253
1.9250000000000003,3.1342897,14.191008153047562
1.9525000000000001,4.046746,13.181957642554046
1.9774999999999998,2.8407383,14.154212296335698
1.9074999999999998,3.4984386,20.1530055252862
3.4625000000000004,4.1616817,30.73613959310055
4.2425,5.406907,30.758633224763873
10.1325,6.749325,23.08098477839947
4.705,11.715489,18.7244061055398
3.01,4.064413,14.640798338763716
3.0575,2.3471313,13.909398036987783
3.04,3.4527895,13.887066067187787
3.21,4.219299,14.050523993816377
3.33,5.7704554,13.596891105608941
3.5124999999999997,11.172695,14.590865839037896
12.1625,6.7103057,15.043989492375852
7.9625,7.5960603,14.776636336042882
2.095,5.368881,15.440719021310807
1.9625,2.9677117,19.211212008101942
2.06,1.7739991,24.30859485332728
2.125,2.3450673,24.83121694170952
2.03,2.2036033,20.004315409872532
2.0625,2.1555912,15.529898171596528
2.025,2.3814096,15.20462803610802
2.0575,2.3315296,15.31941442554474
2.0525,2.6971114,15.539475020380022
2.3200000000000003,4.5394473,14.664265174844266
4.3775,7.0121284,17.966032521867753
4.4825,8.981806,29.255087365179065
7.045,8.317593,35.00027839589119
9.2475,6.6683345,30.925390670022967
9.485,7.5750675,23.966334056003095
4.4225,7.806209,25.206872230141165
4.3125,4.74678,23.18780608783007
4.3875,3.257686,17.044960822324754
4.5525,3.8025286,14.997093002443314
11.6275,5.199029,15.057688718674184
19.315,12.927031,15.124225508382322
19.6775,26.13206,16.200659108438494
20.34,15.31703,15.28472663953066
20.6225,15.212749,15.855611260590555
20.1425,14.948882,19.882553311033252
11.7475,14.119339,27.147449921188358
2.26,3.3467638,29.583264180970193
2.3575,2.2013023,25.897467460994722
2.3875,1.8172083,19.333341079370978
2.215,1.9872056,16.931959179859163
2.3200000000000003,2.559034,17.469166401550773
2.4425,2.569874,17.930253518276217
2.8775000000000004,3.719074,17.26109465049982
7.4575,4.667124,17.521274869956972
9.36,9.300946,23.103934296517373
9.5025,9.383154,33.72010719933987
9.42,10.272562,33.16386752647877
9.6475,9.372727,24.227502029445173
9.565,7.793983,24.86572528305531
5.6225000000000005,7.329015,29.41956214492798
5.05,6.810218,26.584585345168115
5.345,4.9377136,16.91088332273722
4.5,4.903189,14.843548181273938
14.157499999999999,5.7020974,14.014945450935365
18.9125,13.891392,14.791659573001864
18.91,19.09288,14.70518340907097
19.6525,18.50448,14.624679034371377
19.25,19.140827,16.2482782269001
15.9875,17.871525,22.868551390275957
6.4625,9.607691,27.582886150059704
4.17,4.1486425,25.652378376479152
2.0475,3.6301947,22.070079198024274
2.2,3.7709157,21.16631501756907
2.215,3.2429857,20.49356078995228
2.21,2.838232,20.484522275173667
2.04,2.4642048,19.724790731849673
2.11,4.342998,19.00616010065794
6.8725,4.3134184,19.94271415685177
9.205,9.1335,25.758048653442863
14.095000000000002,8.755094,30.048746883759502
20.31,11.79258,26.5491619976759
20.0325,14.340769,24.962911545431616
19.11,14.190628,29.991832208156588
7.8,13.744275,35.05481340886593
5.3425,6.4801736,27.28397336476803
4.7625,3.5379505,15.416860963521005
4.405,4.876122,12.80301415182233
10.905,6.0094595,13.273847862287761
19.32,15.026266,13.693401621396543
19.69,19.955225,13.919243244464399
20.02,15.745193,13.221129928656818
18.0925,13.245609,15.891314283106329
19.385,11.813607,21.000566342337134
7.6000000000000005,11.815112,23.86549100227833
5.635,4.2178235,22.203695961301328
2.2925,3.4094596,24.42343135794163
2.2775,3.2915237,25.956671268582348
2.1375,2.5897062,23.88624838552952
2.225,2.5623019,23.860325905745032
2.2825,1.9488406,23.925907273840906
2.3275,2.6285396,21.57492184360266
7.000000000000001,4.394696,20.321059498689177
9.4,11.74293,20.96665776650429
10.9625,9.474534,22.463121219856742
16.1775,7.9627304,25.001996534128192
14.9225,12.196816,26.840607621500496
9.7175,11.882564,29.70333691333771
6.2225,7.2543263,29.583267414207462
5.6,6.0428624,21.376210314438346
5.2,5.5224485,13.697233007557394
4.575,6.583336,12.755314202429057
14.2525,15.08801,12.750250952869655
19.355,21.219793,13.109386823797227
19.96,24.537468,12.454532605997326
20.635,19.285265,12.540394454847576
18.085,13.249549,13.196850741713048
17.810000000000002,10.467789,14.93880258438349
14.0725,6.700951,16.715405030839445
8.1325,5.212919,20.82038287932873
2.2175,4.1185007,23.333647721211914
2.2675,4.871417,22.290134943003657
2.0925,3.0922022,20.10465892843962
2.0075,2.8107853,19.341171980030538
1.9900000000000002,2.9867353,17.720906255123616
2.0250000000000004,4.2034883,16.711336001739504
6.65,5.3405104,16.927363133084775
9.235,7.966834,17.269172893810275
14.429999999999998,12.621186,18.93934363592625
19.725,13.847387,22.905877497899535
10.96,13.214014,24.135589177050594
11.6775,7.8559947,24.889022374179365
7.214999999999999,8.087156,23.830727235188487
4.7475000000000005,7.249065,18.412262913353445
4.62,4.125613,13.184194234433175
4.6075,5.8156433,13.134982746617796
14.9025,7.080126,13.558881976612808
19.3225,24.586027,13.865472892103197
19.7225,20.697006,12.87452285213709
20.245,17.761166,13.264935443762543
20.135,16.978703,13.524608044968845
40.2475,15.40284,14.380787864263059
5.065,19.480963,15.202259689810278
2.2775,2.9689355,17.649016841120723
2.4675,2.4433486,19.570345454101563
2.4725,3.926381,17.602802564251423
2.39,3.3189993,15.556276537835599
2.375,2.606316,14.436852198464871
2.3975,3.369822,15.351670817134382
2.315,5.132284,15.275358334550859
2.2425,7.4116564,15.516341207737923
2.1825,5.9692316,14.129177340180876
2.1525,4.855376,15.79797880631447
10.9425,5.6362553,22.73728519049168
19.1325,7.965298,27.86021384335995
29.8025,13.256888,25.292095514631274
30.0825,15.804952,20.42224689218283
30.05,15.140849,15.665724852545264
11.675,14.021472,13.88557392818928
7.657499999999999,8.365461,14.307323863711359
9.365,7.2458215,14.114795900819303
16.445,11.5262375,13.659751704545023
20.0725,22.867506,13.387930214309694
29.7625,21.73136,13.69800736788273
31.9525,12.478378,14.074742557561398
32.05,10.930424,13.551301651841403
4.8975,10.663831,14.132701568801405
2.3425,5.200995,17.30244452190161
2.455,2.3876953,20.70361451544762
2.43,2.10852,19.90422570043087
2.215,3.040633,16.156075999770167
2.185,2.6881645,15.019198645634653
2.19,2.5881624,15.111122814359666
2.685,3.6298237,15.102237878351213
7.237500000000001,4.624345,14.648753719058039
7.1475,4.893709,13.809293777978422
7.095,6.865574,17.04089987631798
18.6625,5.964773,28.537719313139917
33.865,18.60002,32.182007733087545
33.88,25.416626,26.60347553389788
32.82,19.331985,19.26929064912081
32.9675,15.269256,15.52902358091593
33.96,12.342953,15.148435989034178
34.3825,15.384032,14.365737144787312
34.2425,19.86997,14.483632291855814
34.325,22.99667,14.16580021869898
33.46,32.512005,15.20502895752907
21.5425,27.481968,15.699738508589268
21.62,11.228729,15.31854953457594
7.22,15.805573,15.066627003097535
2.32,9.578884,17.759349446222785
2.185,3.899787,22.423787271890642
2.315,3.6270537,24.771513598964216
2.1125,2.9742672,21.71081480591536
3.7575,2.969536,17.196268243305685
6.6175,3.9401045,16.162093054323197
19.192500000000003,8.858391,15.954027769746782
33.0175,12.370353,15.510311220235826
33.59,15.966454,14.814955047507288
35.03,15.875654,16.057045175533297
41.682500000000005,22.219677,24.06219792433739
45.57,26.411167,34.67026510133267
45.2275,28.080395,34.44312695012093
44.4575,28.064949,23.578895234353546
21.2275,22.619549,23.343728955008984
22.6325,15.402884,23.439662337944508
33.8,14.075709,18.688775830862525
23.22,15.967386,15.662800389437677
15.867500000000001,15.332572,15.615195820543768
23.735,17.586454,15.695645230209829
24.31,24.213314,17.364674639570715
23.875,22.817793,16.871578473906517
22.9575,21.405308,16.346457093117237
22.4225,24.393103,18.327993433856967
7.8475,15.79338,25.00543669857979
6.0175,7.193216,27.323464124741555
6.1575,5.486851,25.050553291397097
6.275,7.0797195,18.913181896584035
6.0925,8.025174,16.91468399314404
6.26,9.507328,17.94303935504675
6.2175,10.23972,18.07550670247555
6.3925,8.643106,17.028859300737384
16.9875,11.543127,15.598263356978896
35.01,15.747757,18.464709255054
36.8075,19.894535,29.945328556551935
44.825,20.207762,35.08079570353985
45.3975,19.901468,28.961014736075406
45.0625,20.78227,24.978594362792972
44.6425,21.378902,29.411110462713243
44.79,17.904388,28.70215206080437
44.63,16.73633,18.94088265686512
31.062500000000004,17.57568,14.84216435572386
19.1375,14.628987,14.91730963965416
23.45,16.646711,14.98815795125723
23.8,20.14556,15.767607392051222
23.82,20.184969,14.112126863455774
22.345,17.748913,15.029210364830496
20.6375,19.229757,19.682451489844325
7.2725,10.107235,25.33929431224823
6.47,8.768637,24.14784799614668
6.5125,7.7439814,20.214082993869784
6.565,8.742958,18.728728943765166
6.367500000000001,8.703622,18.129526014106276
6.455,9.405243,19.147771043076517
6.3825,10.362089,18.97175360628605
6.41,10.172054,17.74231351906538
10.9525,11.510095,17.24605524735451
13.3025,13.295564,19.65115698634148
20.375,15.803875,27.88612177357674
28.05,22.025778,28.154419035191538
42.4175,21.448687,23.553257279448513
22.6,16.929781,25.002939022791388
23.65,14.818242,30.680175489254
23.4075,15.737657,26.97423408448935
21.0325,17.645956,16.919483733866215
17.849999999999998,15.159684,13.555921947895289
12.16,14.157367,13.709191135587693
23.1575,18.967398,13.984405908334256
24.035,24.15617,15.23704770617962
24.07,16.479538,13.867487198920252
21.9,17.3517,15.125940740752222
16.87,13.5225525,18.12622164561987
7.554999999999999,13.139348,22.299876686887742
8.83,10.88389,20.879033803343773
6.755,7.834534,21.36215381542206
6.5375,8.533182,20.7210966293478
6.4975,8.357136,20.34731015205622
6.42,9.179372,19.142416802163126
6.58,10.583508,19.329640639319422
6.5075,9.424279,18.034396090631486
11.1525,10.319143,17.317589005258085
13.375,14.76151,17.794879490544798
17.7,21.42069,21.059052371251585
24.255,23.402075,23.730708656966687
23.4575,26.819946,24.898898297410014
23.69,19.402292,25.958287887215615
20.6425,16.845045,26.243937933239938
19.7825,19.181036,20.924557784056667
19.815,18.979185,14.01570364507437
19.3125,14.92285,12.046233745813371
13.875,13.980561,12.274924659222366
19.7925,18.3919,13.143579924509526
20.28,20.897848,13.228495243149997
20.595,22.347403,12.250934038704635
20.815,19.658178,13.053380687866213
25.86,18.683512,14.255370590693952
29.4625,18.578093,16.698168642971517
7.032500000000001,13.681336,18.47433945225239
6.3075,9.254047,19.439703269109728
6.3675,8.955886,17.62161030543089
6.205,8.787377,16.388266084210873
6.245,9.348501,15.536516608281136
6.3025,8.922068,15.683769549729826
6.2925,10.819083,15.38855235463381
10.955,10.242175,15.950860813844205
13.095,15.298844,16.781280623526573
19.6825,16.22688,18.843959903326038
23.082500000000003,21.199776,20.826036194689276
20.62,21.854622,21.444714529023173
19.7775,15.955614,22.555014672827724
19.035,18.487812,22.72938639184952
18.95,18.046707,18.266676705715657
19.7125,17.037378,12.599796298217775
15.3725,15.309514,11.8955511479342
15.43,12.384765,12.472471414661408
19.715,18.050713,12.560839830702545
20.1425,21.39551,11.78000009788394
20.3325,24.561066,11.892486039005519
18.58,20.928396,11.797055424464942
17.765,19.840319,13.103829697245361
7.307500000000001,13.497533,13.578820542526246
6.5075,10.035805,15.251834916818144
3.115,7.8734713,17.402941619238856
2.435,8.313672,17.2547963043046
2.4375,6.7907224,14.855706770014764
2.335,6.814797,13.234944743187429
2.3225,5.9108143,14.503751110746862
2.6525,6.590215,14.885871257092955
7.292499999999999,7.7023125,15.785584191253188
9.665,10.23451,14.532040320210458
10.8775,15.599115,15.09618040833235
11.005,17.977928,19.57950198204041
9.4625,20.892967,24.03892508249283
8.3325,16.78309,20.75053363804102
8.385,11.86831,16.47680020366192
14.407500000000002,9.942341,11.997920289648773
17.44,12.598603,11.136466252063514
11.885,13.636266,11.717580027525425
9.8075,12.842726,12.180737224410773
10.04,13.80138,11.83648313631177
10.14,17.768778,11.316488861517907
30.3825,20.852545,12.11454073292494
30.709999999999997,49.78579,12.553567471780779
30.6125,29.21106,13.090664763405325
11.86,10.895326,13.658041322031023
2.34,9.129899,15.721171638429166
2.34,5.1782403,18.86922765256405
2.44,4.964019,17.807346853444578
2.3875,4.917884,15.865331988432409
2.3475,4.388386,14.382996165316106
2.265,4.7979674,15.231286077370646
2.365,6.7711124,14.786662604806425
2.295,9.45317,14.385115552344324
2.2775,6.876519,13.245454380922318
2.0700000000000003,4.36832,15.284516479108335
3.9875,7.4317446,24.10024342725277
4.255,6.625366,30.6067066388464
4.115,7.383908,27.86962579704285
2.26,7.2574987,18.058077936990262
2.265,6.4618154,13.72552706687689
2.1325000000000003,5.7088137,12.551202358720303
7.5025,7.1074104,12.946386400241852
14.612500000000002,13.526507,13.313259407948257
28.1375,15.035126,13.069930012815
31.1075,24.14646,13.566120386543275
31.3125,28.233196,14.772568923561575
30.9925,17.27531,15.751092016093732
8.387500000000001,25.17396,14.273035382499696
2.495,8.737156,15.62658166557789
2.58,2.9757888,19.070735931963924
2.525,3.2479482,23.014024434609414
2.385,3.652154,21.886106380939484
2.495,2.4816072,17.732680088629724
2.5625,2.5547047,16.504509047036173
2.6425,3.3658514,16.347418981204033
2.37,5.537152,16.080773903832437
2.8975,7.249388,16.212559038197995
4.52,6.44121,15.949392924125195
13.0025,6.8870635,18.884881370790005
36.2375,11.496242,29.075008982381824
36.225,21.21626,34.73137651890755
31.985,13.298557,28.794066529817584
15.805,11.834542,22.697581036858562
10.3325,10.063519,21.976025942559243
10.4025,10.271012,18.849435390636923
10.4225,6.3755455,15.983592491312029
13.475,9.804589,15.020000488476756
20.265,14.430455,15.532822634704115
20.265,24.137165,16.612403791239263
20.695,21.356428,16.72921580382347
19.33,18.840874,16.23519169906378
10.735,16.472404,17.07171747732401
3.2625,5.382051,22.122064803414347
5.3275,2.6079369,25.97651041244984
2.4175,4.200267,24.541625579457286
2.3625,5.405585,20.87490819259167
2.2575,4.698159,18.814636057937147
2.3725,5.2374454,19.005038167326454
2.335,4.6601124,18.63221196150303
2.765,4.8638825,17.27549387266636
7.325,6.0012627,15.532101622793675
9.0975,8.061842,17.19514954321146
9.57,6.4086165,25.514461407637597
13.23,6.1866612,33.5450855996275
15.142500000000002,9.375017,29.882839779901506
20.4975,11.295577,21.943008123593334
20.38,14.140117,25.05795902135611
17.4925,14.353355,26.12473332507849
11.41,12.128653,20.638602197110654
13.7575,11.550713,15.244015332489015
20.2925,31.049236,14.897601441895963
23.4,27.313425,14.78718477262497
22.955,28.214214,16.300467526237966
23.63,28.18679,15.238733839414122
22.4875,27.59175,15.358355535182955
22.1075,16.471046,17.995548744874004
7.6075,9.409522,25.606940076553823
6.29,4.646828,26.434083000266554
6.37,4.30725,22.114511961159707
6.3825,6.5077233,19.324173235101703
6.2325,8.362689,18.41890883255482
6.2875,8.493392,19.132911084599495
6.3125,7.609879,19.252118925998214
6.3125,7.95641,18.025376975276473
10.8825,8.226711,16.943073432962898
13.1,10.056837,18.566203806087973
24.2425,13.52585,28.10978096148968
37.03,16.936037,29.88652890362263
38.0175,20.648926,24.696930898318293
33.0325,19.198694,25.2076417406106
32.5175,17.126732,30.26229573873997
21.7025,18.619009,29.61662472308636
13.3575,16.979351,21.190126193418504
13.1975,13.264263,14.477230482068062
16.9775,12.252132,13.53338466752887
23.5875,20.065496,13.740364392693044
24.17,26.597685,14.829131176302434
24.5,19.889072,13.467689327819349
22.5625,14.819656,13.77583623874426
22.975,19.352823,16.716279621520044
8.04,12.884016,20.86743941450596
7.009999999999999,5.819962,21.325526087048054
7.132499999999999,4.1922994,20.986870349276067
6.9425,6.2681584,19.368121012647155
6.975,8.0594635,17.52778337657452
6.957499999999999,7.038094,16.818682712225915
6.874999999999999,6.3635597,16.648460853235722
7.125,6.179798,16.005725617020133
11.6625,9.736017,15.11778328312874
13.895,13.952719,16.83735627405882
34.125,11.850614,23.515564199395182
37.6,19.258991,24.85257732371092
33.129999999999995,17.21114,23.827319403109552
33.1675,15.493127,23.888652297437194
32.8775,17.593613,25.77087490567923
33.295,18.136648,24.120937762377263
33.4125,15.317686,17.29892514313698
32.765,14.726856,12.615793547903301
34.4275,17.010921,12.622588196018935
33.605,18.994617,13.124117452783587
38.7525,27.00989,13.872136594109536
35.0675,21.474295,12.40390253533125
22.31,17.467108,12.845427758284808
22.235,22.40789,13.991858520233633
9.215,19.399,16.897308576073648
6.53,9.576437,17.644514558227065
6.59,7.879196,18.589504130449296
6.545,8.138947,17.15337288449049
6.529999999999999,6.2085414,16.396586820316315
6.300000000000001,7.0389247,15.224559327237607
6.52,8.866265,15.40367905518532
6.5325,8.634188,15.388120717458726
10.94,8.6483555,14.236590332031252
17.28,13.236951,15.888199059000017
36.8275,13.459019,20.041919575901034
37.42,18.08641,20.882929854249955
33.3625,18.399176,22.751747460784916
33.5275,17.152603,23.587235369882585
33.0925,19.66641,24.254648289535048
32.53,20.043203,20.028467692253592
33.385,16.81167,13.75893934078932
23.9325,13.674331,12.436186409437658
19.205,17.715294,12.555367576628925
23.385,19.373594,13.461888900163174
23.7325,18.831821,13.080551197235586
25.1725,19.425213,12.66671541823268
24.705,19.354752,13.036904110755922
22.6975,22.389307,13.774521927795412
11.995,11.336992,14.52944079744816
6.3425,9.431405,15.394145855104926
6.42,9.64362,17.02656370227814
6.395,7.1230683,17.035653948853017
6.245,7.972491,15.211881803915501
6.2525,6.7411556,14.12702885401726
6.345,7.5832477,14.896743017401697
6.375,8.9278145,15.508414926579
10.79,8.673087,15.43724490786791
11.1275,11.207067,15.21296332178116
10.9175,13.1455,14.471601415987017
10.0825,13.971874,18.19546788815737
20.38,10.622881,24.342951232521536
31.907500000000002,20.180445,23.230588283340932
32.2825,23.474176,19.02270942560673
32.245,17.419281,13.603992911264898
14.062499999999998,17.148632,11.27323138012886
15.73,12.13368,12.261581089023354
31.520000000000003,16.731018,12.370214627941849
22.9375,21.2861,12.774753233184816
12.3125,17.887514,11.624203326958419
16.6075,12.128456,12.920000759218933
29.597500000000004,11.047094,12.723377901328803
33.115,17.628384,13.718207017705442
28.597499999999997,10.226245,12.841621429712774
10.04,11.238755,14.682178925919533
2.5375,9.384054,18.67303966508627
2.665,7.894373,19.40984593957186
2.6125,6.5241404,18.077061889600756
2.485,6.687595,16.033085270769597
2.4675,6.6617727,16.41117680348158
2.8200000000000003,6.6627116,16.26691945636034
7.122500000000001,5.9024687,14.996165063347817
7.059999999999999,7.2550855,14.405080792465212
7.11,10.156882,15.388736649158002
8.85,10.49811,22.502238540925983
20.985,12.376232,32.92920563214779
32.075,24.178667,32.10405438259125
15.760000000000002,17.047346,19.44996718081236
7.182500000000001,11.2275505,13.115409536515475
6.565,8.479034,12.100443818442823
7.289999999999999,8.357246,12.900866461075546
20.24,7.317517,13.294580996259452
22.775,15.846085,13.261690081856251
23.5375,22.084463,13.266670075556041
24.4525,30.850897,14.77911622902632
24.8975,21.176212,15.99809194383383
23.1225,16.980465,15.094350396039488
2.87,11.666468,15.589043780913354
2.5925,7.5897837,18.61004650342226
2.5625,6.266653,23.554573207015995
2.3125,4.7895446,23.405920273830894
2.265,4.3505707,20.7595899356246
2.9125,4.163069,18.79345997045994
7.122500000000001,5.6017656,18.575670724804404
6.9849999999999985,8.170187,17.765217771861554
7.1425,10.363247,17.297468569748403
9.1825,8.609952,15.726050593464375
18.24,10.644851,17.99325314641476
19.8775,23.146177,27.56528117314339
19.2775,18.356327,33.91130791833401
19.2375,15.526862,30.192066592073445
19.3325,17.4207,22.258515499155525
18.0575,14.547641,21.23420815031052
10.0275,11.581629,19.012033276152614
9.7025,8.350811,16.53567098781109
11.935,9.606522,15.721679256680014
19.4225,18.182281,15.970252154350282
20.1825,25.055912,16.630946406962874
20.48,24.078215,16.957508220739367
20.05,18.485413,17.003229428925515
18.7575,18.64547,16.38967900889635
8.2025,15.024589,19.071843315727712
2.8425,6.652688,25.22501230782509
2.4225,6.0966535,28.60615077988625
2.2275,5.4710555,25.451452079787256
2.5025,4.821933,20.959096841156484
2.32,4.506182,19.41929669210196
2.2525,7.0517,18.84423311187506
2.905,8.0586195,17.266261363651754
7.3825,8.770775,15.67883401304245
9.1175,11.59184,16.96858205837727
12.495,12.52988,24.11188954788685
22.4675,13.92585,32.051388180756575
23.265,15.523609,32.28365101303578
19.6175,15.071226,26.41315910529614
18.97,12.599764,27.45895939887047
12.3275,13.33024,29.9189324075079
10.955,9.723446,26.83425269365311
9.86,9.923918,18.076832329754833
11.6,14.804531,15.427019795012475
19.575,13.390402,14.66535477580309
19.9475,17.213923,15.595833579173089
20.455,14.981944,15.8177468189621
21.59,22.995829,15.821743100223543
22.4925,19.465523,17.30504566128254
10.005,10.876003,23.48566968762875
6.3525,5.453382,27.55875003386498
6.63,5.207626,25.187568187041286
6.6625,7.165145,20.710680755493645
6.5600000000000005,8.877969,19.075676318507195
6.455,8.974437,18.972078546631337
6.68,8.581799,19.904566806962492
6.6675,9.347224,18.84699591311932
11.205,9.8645,17.389362022719386
13.29,15.003914,17.956057984900475
20.11,15.449623,25.847210020923615
23.58,15.844973,30.742240711822514
23.02,18.614435,26.76411084439278
19.09,18.69651,24.10687641350508
19.125,16.23136,27.33745110915661
19.275,13.196873,29.836775848565104
19.8075,14.399311,25.307825213932993
11.675,12.345527,15.775396260626318
12.0675,14.192248,13.790170796165468
20.3075,18.841618,13.468007801690103
30.5775,27.706305,14.316566072437764
30.9375,29.575825,14.097155358293058
22.47,16.441587,13.951156912903787
20.715,14.25293,16.779985712001324
8.8525,11.909792,21.881359988632205
6.8500000000000005,7.7103558,24.86970539813042
6.92,5.450931,22.7401773212266
6.859999999999999,7.351883,18.46314760145426
6.795000000000001,8.934705,16.23785265333414
6.870000000000001,7.820694,15.90545322967291
7.0249999999999995,8.910253,16.719181451966765
6.9125,9.3597555,16.20700918642998
11.325,9.397478,16.15271181639433
13.5025,13.041614,17.650441082136634
17.73,17.683218,23.320703455815316
24.0575,16.70781,25.72006296541691
23.625,20.753973,23.74898938047171
23.995,19.835848,23.429031453812126
23.795,18.256731,27.30212475878239
22.8475,17.308855,28.344051634111405
19.835,15.567192,20.80115805054188
19.7625,14.665387,13.101630287594796
15.27,14.936975,12.487189919008017
20.2075,20.36413,12.413177884739639
24.5175,23.428583,13.13512339243889
23.94,21.242287,12.930579911555053
22.4375,14.327055,13.11228542100668
22.5875,20.374136,14.93241694078207
18.59,20.579615,18.22161831116915
11.46,11.290017,19.334193037390712
7.234999999999999,9.788258,19.53966849891663
7.135000000000001,10.434499,17.90111881726742
7.17,9.248584,16.664264916994572
7.09,9.055845,15.568844131090643
7.102500000000001,9.244592,16.062847219808102
7.275,8.762639,16.26979542090893
11.5125,9.692126,15.711733818848135
13.857499999999998,13.675045,17.950506516513826
20.6,16.21332,24.90284608011246
24.4525,16.667477,24.261556100955012
23.7,21.041588,23.203401607785228
23.7225,16.817879,22.114631590938572
20.855,17.780273,24.84815263851166
19.285,15.722134,24.15213850199938
17.1425,14.090198,17.37909649439812
9.5275,11.211239,12.70501149703622
12.75,9.77687,12.814142146184446
18.01,13.453054,14.086897913064957
20.0925,18.520231,14.118465625116826
20.8425,19.415709,12.96890508949399
18.59,17.49693,13.380297349432707
18.3225,18.187998,14.078940916152002
8.0725,11.719307,15.70443478571892
4.245,5.7400236,15.893566232862474
2.995,4.7582564,18.173231298856738
2.87,6.702112,18.85980923240662
2.7325,5.0184717,17.744301959984305
2.585,3.8259306,16.534812563316823
2.6775,4.1892185,16.040275990450382
2.84,5.9430013,16.098873566050532
7.46,7.4850283,16.073432838618757
7.214999999999999,8.597352,16.371136393172744
7.165,9.029435,15.745957635314467
12.5,9.351882,18.426928877594474
23.1525,14.030525,24.201002416808606
25.335,17.390993,26.20216612437487
24.8,14.902872,23.320703455815316
24.7925,14.537848,16.92899268466711
26.1575,13.597711,12.619849644054176
19.4825,12.011923,12.825384920469524
15.304999999999998,16.017344,13.14159714175582
12.1025,18.12991,14.149401239283087
14.125,16.986553,13.357933855569364
14.462500000000002,16.905003,14.176916088421347
29.5825,17.457859,14.05362951821089
40.235,20.10763,14.669771377909186
35.7525,14.652855,13.509692313148976
13.1975,10.924988,15.23007199677706
7.667500000000001,8.531083,20.844826153063774
7.787499999999999,6.3531327,23.730534062154295
7.71,7.383626,21.946538818688396
7.807499999999999,8.412317,19.671033312437537
7.572500000000001,8.278485,18.89287070007563
8.0475,8.012097,17.47793494101763
12.39,8.441541,15.249650865044595
12.3,8.750899,15.310020254666806
12.1325,9.032236,15.280738441362383
18.89,9.299052,20.882094062416556
31.5675,16.219635,32.3009358994627
30.275,23.505234,34.93134254413128
26.58,20.5154,26.293666739017965
26.8125,16.01719,17.293949190983774
15.8425,20.850838,14.594223555939198
3.1075,14.298633,14.714365802907945
3.1725,7.932928,14.796944299314024
4.7225,3.6963782,15.289369568245412
20.6625,8.005468,14.21744471755743
19.5325,15.738938,15.645518736248018
6.7375,13.758991,16.202398590087892
6.7325,8.216045,16.292864568805697
6.6875,4.5897303,15.021018958215715
6.6525,6.416622,17.974353257973195
6.7025,5.5948834,25.477621902222637
6.6825,6.7191057,28.604711989302636
6.7675,7.2169633,24.844856353118423
6.745,8.121672,20.481124142806532
6.505,8.132395,19.168714337470533
6.6625000000000005,7.1126637,18.135599650311473
7.0175,8.103321,15.974368065390589
8.6125,8.107792,14.621360116317273
16.8925,10.368641,16.496917405934337
22.86,16.576803,25.110673721749784
14.155,17.563845,32.93374186403275
14.3275,13.771945,31.693953800940516
14.345,14.1883745,23.338879099109175
14.405,12.783091,21.61388073604584
12.875,10.492863,20.199090472664835
10.3525,9.951207,17.13807805560112
13.0275,11.513466,16.020147471847537
22.442500000000003,20.24562,15.70039647237301
23.99,23.204735,15.601108605773451
24.925,15.066654,16.382185981531144
25.8825,18.800266,16.484087920460702
24.9375,23.159088,15.828005880808831
15.395,20.600182,17.973971735975745
7.165,9.699674,24.62579806183577
6.6875,8.438364,29.199543582177164
6.9425,7.7223253,27.043814967083932
6.819999999999999,9.054032,21.778370065362456
6.8025,9.096403,19.54518116845608
6.6225000000000005,8.9735155,19.391246742196085
7.2925,8.497913,17.95897598153353
11.835,9.637507,16.064101715867523
13.4475,11.811595,15.081328532948495
13.590000000000002,14.319627,19.00617303360701
13.745,14.085013,29.432782852110865
14.377499999999998,13.83151,33.26267525734425
14.3825,15.754739,29.659080361633304
14.427499999999998,16.260082,28.486039248671535
14.015,14.3020115,31.601357118864062
14.372499999999999,11.197279,28.637736274743084
14.0925,12.663182,20.70420781448603
18.29,17.286848,16.00136397994757
23.175,23.764315,15.236313761320115
23.5175,17.671091,15.254010885498525
24.475,17.672375,16.39689397785664
27.967499999999998,21.714151,15.63788182982445
29.6275,22.243559,16.31325659624577
9.44,19.601006,19.562069983317855
7.0125,8.765806,25.438001812758447
7.09,7.972997,25.392579679019455
7.095,8.5242195,21.41204266644478
6.92,8.554625,19.183425567033293
7.0425,8.452149,17.99394667580843
7.112499999999999,10.309761,18.86075980416298
7.052499999999999,8.808925,18.57044904661894
11.315,9.817952,17.661485820639136
13.749999999999998,10.117281,17.30294567367792
18.7175,14.587605,20.826655359625818
23.3875,17.88531,29.09081627937794
14.572500000000002,22.302631,27.596051892209054
14.560000000000002,16.410357,22.59091330619812
14.522499999999999,13.623911,24.288613447020055
14.1675,14.945505,29.441047006564144
14.277499999999998,13.909634,26.201976979994775
14.427499999999998,11.326376,15.999323807232381
18.9175,14.196007,13.887365141634943
23.955,19.998396,13.449166919828654
24.6375,29.65445,13.882101431365015
24.475,23.372644,14.34435089688778
22.6475,18.854412,14.1080319684577
19.31,15.981381,15.400554131367208
7.667500000000001,14.361779,19.39362317158699
7.047500000000001,8.8846655,24.28199016047955
6.842499999999999,6.0873704,23.585777179875375
6.7675,7.34594,19.64945145368338
6.795000000000001,8.32132,16.967725250501633
6.797499999999999,10.116611,17.559860323495865
6.805,10.257862,17.901851145508292
6.83,9.577498,17.993721965818406
11.21,10.384106,16.810074218003752
13.545,13.460185,17.83782819777489
15.357499999999998,13.71775,23.258292276859287
20.3325,16.629166,27.815928192520143
17.25,22.246037,24.49078454005957
17.07,18.108482,21.687207324013713
15.307500000000001,16.33006,24.56149382246018
14.3975,14.684308,28.890003145990374
14.729999999999999,13.34322,23.210739439761642
14.472499999999998,13.0436535,13.49595832955003
15.8475,14.296743,12.458992856806518
20.285,23.279327,12.506110015182497
20.845,34.016037,13.282795846422912
20.9475,22.782978,13.557824708026649
20.3675,18.565918,12.86565165738702
19.1075,19.297062,14.461051362786295
4.265000000000001,15.366409,17.23440912672043
3.33,8.726689,20.0026179603076
3.39,4.7829237,20.318084920403958
3.4025,6.603179,18.856677842113974
3.2,7.345004,17.372198382689955
3.32,5.351357,16.30593654707432
3.33,6.5321455,16.52525188071966
3.25,7.5358744,16.143940043690208
7.675000000000001,7.451684,15.802350143098833
10.145,7.454686,17.10633574873686
14.63,9.690621,22.726402113852505
19.595,12.755335,24.701127640290263
19.465,15.731697,21.724738742203716
24.42,13.688707,21.364480129635336
19.2075,17.326365,24.79692522726059
13.675,14.096902,25.444494153189662
12.0675,12.181471,19.301236649932864
13.6125,10.978001,12.908867915000917
19.57,16.099764,12.974264180263281
23.7375,24.297941,13.648514588425162
23.6675,29.68734,14.41161031512499
24.3,22.258018,13.1190598613894
22.63,18.597855,13.119241730985642
15.46,20.31644,13.564707461857797
7.6075,7.7242517,15.433481419689658
7.4025,4.4027314,15.083260392215253
6.695,6.1194267,17.611291428694727
6.86,8.145305,20.97477965851784
6.865,8.021601,20.145732358055117
6.799999999999999,7.96137,17.76682145754576
6.7325,9.240922,16.663755682125093
6.8900000000000015,9.113378,16.675372703623772
11.555,9.137437,16.01254289779663
11.3225,9.050442,17.568135794279577
11.335,8.83736,18.47125494390011
10.95,10.747156,20.182358469810488
19.315,12.535841,22.49503650491476
34.2775,15.41312,23.796660230729582
34.8825,18.850096,23.60129671875477
35.28,24.686478,18.979487509827617
35.655,21.17007,13.072658865067961
40.22,22.43257,12.034574692230226
37.605,29.090809,12.475424976904394
24.03,27.968443,13.235011024551392
14.1225,29.699291,13.204453699145319
27.9,15.74821,12.671901530808212
36.2975,19.586689,13.119071177719833
34.92,25.81496,13.158591845138075
10.3575,13.225983,13.343052072740795
6.9625,10.789681,14.274509738693238
6.8325000000000005,10.776724,19.351427808640004
6.8575,9.313105,24.223565563073162
6.9350000000000005,8.164777,22.71261882338524
6.907499999999999,7.449761,19.579723458793165
6.8500000000000005,9.816993,18.690925933644774
7.084999999999999,10.152344,17.727597439646722
11.5825,10.385193,15.778994853703978
11.6075,11.412274,16.268760784983638
11.3175,9.706938,15.680567028217316
13.0575,11.191597,18.76307400662899
13.1075,14.575762,28.40616212200165
13.1775,15.619352,33.64435891665936
11.27,15.07407,28.656395287008287
11.17,10.185394,17.42716664945841
12.55,9.343411,13.737260484917165
13.61,11.915207,13.204015595495703
27.892499999999995,16.923267,13.845539984354975
29.9975,24.14115,14.62283123927355
36.3925,32.134068,13.920159867229463
36.8775,35.205963,14.733627813923361
37.93,24.945412,15.40521645950556
24.6625,25.564842,15.56542174944401
7.0825000000000005,12.197423,13.709286516087056
6.852499999999999,12.616745,15.11890036660433
6.7475,9.331666,20.379076708199978
6.8925,7.560534,25.555917975869182
6.7625,6.01815,23.393692170488837
7.262499999999999,7.86446,18.77725983513594
11.4625,9.052513,17.461899700794223
11.46,11.740012,17.29120902240038
11.7675,14.884914,15.997545526735784
13.515,13.8539,15.240942140467169
20.0825,14.470862,15.914149021301272
23.5,18.604662,20.78018404039383
23.3375,20.637455,30.708003962407115
23.4725,16.650038,35.10812949139118
23.75,17.013184,27.2267224324894
23.4775,16.693098,20.774391695830825
23.28,16.708334,19.31251094828129
16.1125,17.831324,16.849044426777365
15.8825,17.57497,15.311543109419347
23.7675,21.180864,14.911240853304864
24.380000000000003,28.410149,15.021891932277681
24.567500000000003,21.492907,15.838239076757432
23.8775,20.64636,16.005153334023955
20.3475,18.34147,15.202156226217749
6.954999999999999,12.173246,15.777704792034628
6.9849999999999985,7.994219,19.579555330455307
6.922499999999999,8.522317,24.53503462528944
6.7375,7.650963,24.79873907336712
6.855,7.514737,21.607600172655584
6.98,8.180833,19.075734516777995
6.972500000000001,9.71407,18.9244044631362
7.1525,9.930033,17.8290822909689
11.8675,10.900968,16.054503851041794
13.737500000000002,14.831535,14.20355311364174
18.0925,16.189247,15.822785819242002
24.1375,16.188187,24.276665018701557
24.9,15.091867,31.582940599393847
25.1425,15.745474,30.742111382331853
25.1075,18.847868,25.56349506740332
24.5925,16.559835,27.240366693754197
21.26,15.251137,25.959113979337218
17.642500000000002,13.246418,20.00147016107798
17.98,21.498487,15.667593663685324
23.655,24.694221,14.571998282969
23.7975,25.869022,14.599715209436418
24.44,23.227417,15.876085735580922
23.0875,19.711012,15.771214068222047
23.24,21.210491,15.617620748493673
13.04,15.146256,17.049935157859327
6.8075,8.946101,21.62735686897278
7.02,8.687492,24.490639044382576
7.080000000000001,8.353206,22.406748111495975
6.8025,9.838023,18.996782095966342
6.865,10.706869,17.61702234174967
6.975,10.763201,18.423818503344062
7.135000000000001,10.820918,18.292958074836733
11.3175,12.1991005,17.29425311528683
13.5425,14.297248,16.24559787320614
18.12,14.701666,18.129437100081446
23.775,16.84768,28.26184980984688
23.4975,21.999956,29.805794969077112
23.3575,21.336975,23.982511558666232
23.6175,20.088535,23.389821985480786
23.5525,16.80598,27.80444696698666
23.18,17.158983,26.74156871417046
13.4775,16.080156,17.359454578003884
16.1425,15.689113,13.583725363459589
24.2225,22.07899,13.709488593416216
24.7475,31.857988,13.92288710286379
24.9,23.027664,15.430644253988268
22.31,21.612803,14.01336116467476
22.245,19.889885,14.649094825589659
8.9125,14.700215,17.535704807877543
7.2225,8.98789,22.92167832842112
7.145,6.797739,23.19578086754799
7.182500000000001,8.125596,20.472609412465097
7.1725,8.772992,17.73646459285021
7.1625000000000005,8.283875,17.369041126499177
7.112499999999999,9.964008,17.24263609894514
7.135000000000001,10.620038,17.31698923974514
11.5975,11.845781,15.615339699602128
13.81,13.156644,15.614098136491776
17.625,15.340783,18.322170373539926
23.5225,14.15093,27.03585473693371
24.5775,16.562344,25.302516238341333
24.2925,18.238276,20.707185626008513
23.9575,23.48758,21.58207053119898
24.46,20.016176,26.173278766016963
24.5,19.489258,24.194692754282954
23.52,15.28483,14.412829245574475
23.8375,22.594376,12.241848641985657
24.005000000000003,30.542122,12.44810331369281
25.2525,31.180565,12.995656894637348
24.7,26.13387,13.829701971604825
22.0675,22.96673,12.737065002987386
22.6625,21.844254,13.793387867245675
15.12,15.791492,15.676444650702479
6.69,11.5838,19.479045300168995
6.765,10.053915,19.13604570812941
6.72,9.833814,17.781324143304825
6.755,9.0559225,15.6288901969862
6.484999999999999,8.11494,16.159757040398123
11.33,9.778654,15.574238787469865
11.5125,11.814586,15.63325991715193
11.54,13.750547,15.384654687108995
13.34,13.001391,15.889338775136473
13.4325,15.610089,19.206682242691517
13.28,14.835147,25.49409524609566
13.0425,15.60575,21.484648242502214
13.2275,16.020336,19.793346678230765
13.22,14.326282,22.488175575435164
13.25,12.754298,25.014536644866467
13.105,11.326143,20.738601375908853
13.035,11.470289,13.523877333346606
13.577500000000002,15.8932705,12.74199326489091
16.880000000000003,17.2011,13.223103011698724
23.6625,22.53535,14.325528606140615
24.275,30.927042,13.467024897561075
22.325,23.829355,12.89241477886081
22.1725,15.515257,13.872594097182752
7.37,10.650599,15.35231261473179
6.6125,7.7204533,15.778498551783564
6.7700000000000005,8.792752,16.81302939686537
4.11,9.009191,19.04880003372908
2.7025,6.107856,18.898758425138
2.835,4.7896724,16.816741153247357
2.815,6.3331156,15.790650674049855
2.83,8.5518055,15.980516066052916
2.7675,7.127871,15.844364444758893
3.1275,4.826672,16.80532135922194
7.305,6.119181,17.425238023428918
7.1850000000000005,9.216734,18.46003884382248
7.065,8.831008,19.7120808761549
7.48,8.989879,21.158587580502036
8.5025,9.998018,21.650383984785083
7.372499999999999,10.367285,18.45872453287363
8.23,8.777028,13.724922451508046
16.17,8.562321,11.312635651005507
23.01,19.079693,11.80367386114955
27.232499999999998,23.702919,12.09582028915167
31.4625,30.254778,12.858145697072745
39.1025,38.438828,11.51666343054533
37.8725,35.404034,12.636276914296152
18.2575,33.058502,12.646020274798872
7.517500000000001,11.704938,13.740226980109217
7.2175,6.701589,13.289044885749819
7.265000000000001,6.037809,17.211207416095736
7.364999999999999,6.643963,22.47404471196175
7.4399999999999995,5.7587433,21.36929765316248
7.237500000000001,8.021902,18.471088432180885
7.32,8.895421,16.85637255904198
7.38,9.298099,16.979759359607698
7.4325,8.504693,16.56967656076193
8.0775,7.310831,16.06190149790764
11.6425,9.864503,15.05498734893799
20.135,15.260233,16.6781096389699
28.2875,25.73051,23.857053869631294
29.255000000000003,27.89869,29.400612141308788
27.36,23.391684,28.970908442111018
23.285,21.734234,19.24180974897385
6.625,13.546882,13.461484745504858
2.3675,8.257972,11.831309956685306
7.325,5.965115,12.250686696053744
13.925,11.952913,12.645784248478414
8.82,19.879625,13.04712114051819
12.895,9.605668,12.571224988802673
6.8325,11.649918,14.139767808847429
6.83,8.137719,15.214350380568506
6.815000000000001,3.8027704,13.884527975933553
4.13,4.6378574,14.487211485509874
2.7575,4.508081,17.80885030877352
3.015,5.007663,22.62863063553095
2.95,3.980521,21.806882368197442
2.8175,5.14275,19.13307112984419
2.76,4.944401,17.544609143309597
2.95,5.867915,17.301862539193632
3.045,6.2420473,16.020855550808907
4.99,6.5032454,15.726008561379912
4.7325,7.209272,14.82340511310339
4.7,7.13036,17.92876784575224
13.72,8.661412,27.66098499623299
17.3325,13.308688,33.27086181410313
4.83,13.759985,29.00576920631886
4.4225,8.129144,19.39261925141573
4.5975,4.894509,17.82598969952345
4.5,5.373541,16.160827241933347
4.5825,7.931732,15.298584294455052
5.32,10.239936,15.078024164462091
5.5875,13.877279,15.03804195242405
5.282500000000001,9.712301,15.254119198946954
5.2075,4.913847,15.709207043924334
6.7625,6.95124,15.379487973957064
7.015000000000001,5.2103214,14.748374609096052
6.78,5.567882,16.23289286736727
6.625,7.201176,20.254474210422043
6.895,8.424213,23.486602476580146
6.8175,7.223748,22.19414012856007
6.7375,7.7186604,19.708412768476013
6.7475000000000005,6.6726356,19.075222048671247
6.8675,7.3973722,18.314046864907745
7.314999999999999,9.220438,16.425731221036912
8.9925,11.466143,14.753260030605794
8.7975,13.45472,14.367584939885141
8.7375,12.283964,19.24053100363493
8.6,10.559633,29.68581276735306
8.372499999999999,10.607272,32.44050828578472
8.445,11.53491,26.694499246044163
8.5375,10.572131,23.476862349314693
8.585,9.993508,22.579307601029875
8.51,11.102462,19.388710267560484
8.705,11.62576,15.639569579677584
9.0675,11.573429,14.342905639829636
9.1075,12.607057,14.130651696374418
8.9575,12.990759,15.34961771147013
7.265000000000001,13.565676,16.139203351094725
7.004999999999999,10.019897,15.676633795082571
6.8325,5.8002524,16.53583426629305
6.8999999999999995,6.0398383,19.96551332943678
6.9125,7.822457,22.65194874269724
7.04,8.391317,21.954516831643584
6.8575,8.979964,19.604740632143024
6.865,9.429751,18.10421299954653
6.925000000000001,9.175249,18.206038957400324
6.7725,9.6294775,18.111848289351464
7.22,10.614151,17.095409023394588
9.0075,11.193739,15.997228669483663
8.8675,12.624696,16.992889536147118
8.4925,10.0328,25.78535010892153
15.672499999999998,9.992562,31.48986863143921
17.635,15.12925,28.80626553402424
13.692499999999999,15.386622,24.511213749728206
11.475,12.896624,27.09433914922953
11.52,10.368984,28.699701266956332
11.5225,9.862373,24.518989685354235
11.4875,14.0737705,15.514674473927023
11.1,15.418948,14.516166741850377
7.159999999999999,16.921812,14.112193144819738
6.0525,10.979524,15.777352369172574
3.13,7.7375264,15.475628284077645
2.7825,5.6029797,15.243357368705274
2.8275,5.352469,17.246414136691094
2.8075,5.345456,22.534721259124282
2.99,5.1471577,23.743724053583147
2.9775,5.485529,21.61180984757662
2.77,5.9061894,17.53409303910017
2.895,6.599047,16.201386586823464
3.03,6.207659,16.847201481535436
2.8325,6.6845865,17.06610619404793
3.2,6.878802,16.063068696560862
5.0975,7.097384,15.592690872550012
4.8925,9.18195,17.267651655676367
4.665,10.088268,26.40564182865143
7.72,8.928002,28.49011959410191
10.155,12.093756,22.957812988111975
10.17,13.435436,21.548515994846824
10.2175,10.782403,25.760635243256093
10.45,9.311848,27.191376682691576
9.31,7.3201084,19.04202316841841
9.4575,6.786819,13.060743577431442
9.7775,6.15976,12.843351211650372
9.7075,7.40066,12.869029582021238
9.802499999999998,9.287208,14.32456186819792
15.49,7.8821893,13.267994894526007
25.2225,10.983297,13.942579134435656
13.15,13.390002,17.168515751228334
7.3425,8.753303,21.47914527267456
7.515,7.5627337,20.333277902319434
7.4875,8.942839,18.029277876038552
5.1425,8.946545,15.624176137051585
2.9125,7.295495,15.895789083483221
7.474999999999999,5.585067,15.559858964726926
7.727500000000001,8.714057,16.211823476719857
7.93,12.583402,15.511206826958658
9.5975,9.250873,16.01917103419304
9.5225,12.869824,19.625656444020272
9.4425,11.2115555,27.95441097788334
9.4125,10.300176,24.980236847324374
9.31,9.647946,21.115719704203606
9.7375,9.822732,22.07503898399115
10.0775,9.24068,25.87968465602875
9.3775,10.1984825,23.71179745219469
9.3,9.044792,14.883612840862275
9.4675,8.27461,12.10631780224681
18.4475,9.349121,12.653132588475945
23.52,23.515673,13.756975149149897
25.0925,23.125086,14.177816545000077
24.39,15.947761,12.873370203051568
18.8,17.560429,13.90539690587044
3.7224999999999997,13.9180975,15.075088385024072
3.1975,6.232353,17.00460517138243
2.9175,4.975111,16.194679236114027
3.0325,5.5840564,17.71098183333397
2.88,4.135079,17.474740502598287
2.9925,2.9308012,17.161194085438254
2.9475,5.0084076,15.896624875316622
2.75,3.900183,15.759304438750746
2.9425,5.208344,15.695792342505456
3.5000000000000004,4.340272,16.307417369742396
12.3575,5.4703507,17.307530404121877
16.7175,14.657078,18.045723737394813
16.815,18.033691,18.73530049850941
16.942500000000003,18.581116,21.27456218463421
17.4525,19.909039,23.55834316166878
20.65,17.281006,22.538993982172016
15.452499999999999,15.914612,16.93843212086678
15.517499999999998,11.129087,12.534011236174107
22.31,14.895622,12.178433542858363
18.435,21.466106,12.467716130951644
23.035,20.617577,13.062386061962844
26.245,24.66574,12.541339368438722
23.6375,19.278875,13.040008826841117
23.82,17.721104,13.644818998229505
18.695,18.397203,14.32062216858864
19.2475,14.675221,13.832025052580835
17.0225,17.184984,16.296598957848552
16.445,16.94013,21.300607527434828
16.0775,14.307427,21.034033581283094
13.155,16.350597,19.27328531376362
3.0075000000000003,15.212028,18.499230529348853
2.9725,9.248413,18.429563965966704
2.7925,5.61998,17.458889556899074
3.4749999999999996,5.1809793,15.649188460545542
7.5025,5.034192,15.878379717421533
21.6925,8.2834015,16.500635628790857
24.5825,17.95949,21.391885048706534
20.28,15.458048,27.529043049860004
12.395,17.263958,28.414587938318256
12.18,13.670147,21.97342480317831
3.5024999999999995,10.323897,15.265223752338887
1.96,5.6384764,12.94594991321087
2.2,4.8410873,13.052546512651444
3.8575,7.1466823,13.542296277744772
7.444999999999999,18.936905,14.187795931823254
7.51,16.598928,13.303491798166037
7.700000000000001,9.231761,14.782692189443113
7.367500000000001,6.000712,15.137444598946573
2.73,6.4504476,15.106861407642366
2.635,4.846058,14.126813843739034
2.605,4.3903866,17.125153189628126
2.6875,4.263814,23.069456670925618
2.6725,4.6704903,23.611040079257492
2.72,3.6500096,20.875826431975366
2.53,2.5287852,18.761787178196908
2.6925,3.7102666,18.522471038820747
3.06,6.9083004,17.494290271730424
5.6025,4.9096603,16.167366464304926
9.3475,7.084251,14.415863638749125
9.4975,9.957923,16.999173332774642
9.3725,10.566859,26.22433319907427
9.1375,8.701613,32.726255328927046
9.3625,10.179241,31.92160280364037
9.435,9.851607,22.431278682637217
9.2775,10.025404,16.38217304858208
9.25,8.487804,14.555355194139482
4.36,9.674493,14.234660089383127
4.75,7.380212,14.792151025066378
4.795,8.028414,14.906264901151658
4.782500000000001,7.0954185,15.022821487991811
4.0175,7.8898134,15.674402861368657
2.6425,5.5853,15.892754690308573
2.725,3.132309,14.802600847911837
2.8225,3.4425268,15.919509728689196
2.66,4.2793584,19.783595234634877
2.6525,6.0504274,24.56737346442938
2.7875,6.681387,23.510040213525297
2.7775,6.2855763,19.780596407070163
2.6625,4.979793,18.338467505981924
3.385,5.78038,18.043551001951695
7.875,8.697896,16.75430572501183
9.435,13.600441,14.794142699222567
9.455,11.307059,13.959571412889959
9.3675,10.854749,17.02204201996088
4.1725,11.216664,27.336251578130724
4.335,6.5472417,32.46294695241452
4.3325,3.6411462,29.915020190415387
4.145,5.0470166,23.859674408435822
4.13,3.2491062,22.821158598423008
4.2375,2.7382174,20.687521076953413
4.172499999999999,3.9126585,16.855929605536463
5.1875,5.8298492,15.220495147993566
9.765,7.0226603,14.820399819064141
9.8025,16.457851,15.377344337649347
7.750000000000001,11.1279125,16.19064738924265
7.5525,4.909068,16.339014180929663
3.5000000000000004,3.497925,16.2184095810318
2.845,3.4393473,18.104175817317966
2.755,4.330408,22.060583180172447
2.8475,4.5459237,23.373728546986584
2.8675,4.438926,21.784930303776267
2.86,4.653443,19.029770815796855
2.8875,4.6370234,17.809985175054074
3.05,3.175895,17.63287005421162
7.5424999999999995,4.932371,16.533365689640046
9.6,9.566022,15.119891353826524
9.5675,10.891231,14.908062581071855
9.3475,10.910143,20.172269152920247
9.07,11.790679,30.48510458525181
9.1875,10.893698,31.25027605027676
10.5475,11.529572,24.959647592411045
9.8875,9.009276,24.435049996058943
9.275,8.327396,27.069229828617576
9.31,8.192109,24.663880746979714
9.31,8.192206,16.277694219551087
17.0225,6.0001035,14.301591334037782
20.1725,19.18877,13.997770494575501
20.6325,22.631285,14.981348753573895
14.505000000000003,19.77607,15.674098937065603
13.6275,11.761219,15.013247872445584
7.542499999999999,9.596722,16.05247822789431
2.93,7.183461,20.802095689349176
2.7575000000000003,4.532604,24.81389487305403
3.0275,4.1382346,23.894945793776515
3.04,4.372702,18.465438350057603
2.9425,4.0815296,16.030383901033403
2.94,3.4994774,16.564029711875918
2.835,2.9672186,17.1856567585969
7.987500000000001,3.4751925,17.264051445980073
9.8725,9.531127,16.43883391505957
13.3475,10.909672,17.997032800779344
19.192500000000003,12.724228,26.531587736513618
19.3275,15.027498,31.10530739095688
19.96,15.687375,26.57262560051918
14.4125,17.40878,23.259270331132413
11.0475,13.808617,26.513315096101763
10.16,10.609119,30.29176669642449
10.0825,11.176749,25.57649753107071
11.6575,13.555775,14.33853268642664
19.89,13.458312,12.98430095704794
19.880000000000003,18.449745,12.914035436462164
19.8,16.506578,14.087326317002775
17.83,13.869638,14.455035924851895
18.235,12.095207,14.355172542018892
9.2475,11.4679985,17.51531763029337
2.5975,5.0388384,22.438409587428573
2.86,4.215911,23.51919189160824
2.81,4.8263907,20.18615590698004
2.69,3.0692823,16.767122277536394
2.625,3.3383622,15.824819525482656
7.494999999999999,4.5677586,15.899384443323614
7.66,7.5954905,16.676006418128015
7.984999999999999,9.840325,15.585846109256746
9.7825,11.954332,16.035430984406474
16.215,12.505642,18.809192902998927
19.43,15.431236,26.82557145159245
19.3225,15.273988,25.975988244631292
19.7575,16.659313,21.336365514984134
19.265,16.443588,21.725978688695434
11.5725,13.303719,26.416337377529146
10.2275,9.844249,26.217089130978586
9.8975,9.282229,16.80015626268864
10.2525,11.456341,12.235199489547016
19.8425,15.104031,12.321938354005814
19.8675,22.905355,12.825617713552715
20.7825,19.541811,14.229276749334337
18.34,16.142986,13.052389700644017
10.375,17.482365,14.014984249782563
3.26,5.8742895,15.653640628261568
2.9425,4.4333696,18.196956793918613
2.965,3.6118906,16.77774022871971
2.8225,2.844845,18.459584573986533
2.8225,2.6774616,19.013226340703966
2.8225,2.3497198,18.496411146452427
2.875,5.026685,16.571430591979027
2.8000000000000003,4.9553223,16.155106028590204
2.8425,3.796833,15.884050815587045
3.12,3.3925002,16.335085797650816
7.3225,4.7016273,17.94373126782179
7.130000000000001,9.423445,20.980248679354194
11.2775,9.299741,20.961602600038052
17.634999999999998,9.835631,23.419441672079564
18.98,14.121535,25.594005510869028
19.71,11.995607,26.89277267155886
14.007499999999999,12.33379,20.484008190448286
14.55,10.414845,14.530502915890219
16.7975,12.402064,12.288184973561766
11.8725,19.985569,12.961680420821907
27.304999999999996,15.667975,13.388791872041226
25.0925,26.359472,13.937342906682492
8.025,17.16332,12.573876243361235
7.5675,8.057859,13.635699652519227
2.955,6.09279,14.165525393531324
2.955,4.8176947,15.707347932496072
3.1775,2.8872025,16.453457847216132
3.0275,2.8315427,20.794086960639955
2.985,3.2206302,22.32167032268286
3.05,3.765513,19.945688735136986
2.8675,4.795905,19.237852266559603
2.9675,6.089657,18.418210453305246
3.0925,4.9270105,17.632921786007884
3.7975,4.0948853,15.655690500688554
7.35,5.567267,17.068274079635145
19.31,8.5575285,18.378706760382656
24.4625,15.399807,22.82145120639563
25.6475,20.4535,27.886645558013917
24.6075,18.867363,28.905593816089635
23.0325,19.4883,24.92726187133074
5.98,12.869264,17.79186449679375
2.3,7.143377,13.767829126653673
2.635,3.6938937,13.169281735850573
3.3925,5.229813,13.589205700626374
2.835,6.6830544,14.30216361703396
2.7825,2.3684797,13.684969338605406
2.7025,2.216137,14.30552456717253
2.865,2.7984855,14.622899137256146
2.8025,2.6603484,14.697716247603895
2.7425,2.6257274,13.766511582467558
2.8425,2.6458607,16.51121639774561
2.8,3.001089,22.53647690696001
2.605,2.9462175,24.180021940186027
2.8425,3.0112069,22.075300876209738
2.9725,2.681687,20.385971586670877
2.8625,4.2323165,19.761694902009967
3.0325,5.26057,18.46373605063677
4.875,6.0968146,16.24678447128296
14.7125,9.571026,14.955929042184355
20.95,14.888018,16.110739546818735
15.6025,18.197168,22.015083448739055
13.909999999999998,17.65218,29.43907796506882
13.5575,13.262498,31.45105361805439
14.025,13.445178,24.970005267994406
14.25,10.498082,16.61189940622568
13.79,13.241902,14.156271868474485
15.2775,16.547724,13.907669871668817
23.7775,26.717365,14.323907137651444
25.14,26.039932,15.124075162849428
25.165,20.30331,14.39033399729252
20.69,21.376816,15.44921273561001
18.3175,17.935566,15.662084227383138
17.16,15.328434,15.877464711275103
9.305,15.075454,15.488457769551278
6.6875,7.980169,18.797886272277832
6.52,4.736484,25.194661909604076
6.565,5.6871214,25.898987082509997
6.4325,7.591284,22.24922479187012
6.6275,7.375349,19.533927886149886
6.9350000000000005,9.383199,18.987224646606446
11.505,12.924649,17.523861459770206
13.1225,17.389008,15.334644589688779
13.415,19.588493,13.680914859073164
13.847500000000002,17.283844,15.556354135529997
14.39,16.095499,24.288527766232495
13.762499999999998,14.417301,31.33130420941353
14.1275,11.220613,30.99229604877949
16.9225,11.971457,23.464550181803705
18.6225,15.82561,19.78408022022486
20.805,17.091537,19.002517858877184
23.885,19.872759,16.423385507400038
24.68,22.003012,15.254044834489823
34.1175,23.999369,14.216206387684347
36.2325,25.64478,14.42921852527857
29.784999999999997,23.975899,15.321207255609037
28.325000000000003,21.900503,16.168064843554497
24.2875,19.502157,15.2290147281909
8.325,12.8275795,16.772733560812476
6.7475000000000005,8.940899,21.34370981343508
6.52,7.234396,24.66406504150391
6.5725,6.936542,22.90513870318413
6.455,6.9172378,19.606570644435884
6.57,6.0052176,17.209636062784195
6.612500000000001,8.248708,17.325849926474095
10.9475,10.741953,17.06400135658741
12.97,17.275286,15.960083623147012
18.009999999999998,15.985001,15.219588224940301
20.2125,17.217258,18.698614571864606
18.515,22.909637,29.73065776823998
14.285,17.647528,32.73436752122879
13.4,15.085896,27.816115720281605
13.315,14.064505,24.94665482845545
13.632500000000002,12.932411,27.081260704486372
13.925,12.837302,25.430406938419345
16.5925,16.750519,17.21316190802336
24.05,23.719406,14.730746999518873
23.5275,24.55428,14.458658767209055
23.21,19.03617,14.960854879159928
18.7475,19.316246,15.986914642603399
16.807499999999997,16.14068,15.064559347865583
17.04,13.61654,15.622308942530157
6.9475,10.7341795,18.924570974855424
6.2525,7.523997,24.231330182368758
6.325,6.538071,24.788720887696744
6.4275,7.81973,20.333774204239848
6.5675,8.298875,17.002571465141774
6.1775,8.574905,16.425144388473036
6.405,7.615199,17.046598457000258
10.7975,9.268754,17.341988630290032
12.9475,14.04898,16.155384086995127
13.4975,15.7593155,16.46308642779589
15.5875,16.8744,21.609517482354644
16.11,15.798074,30.8792459077549
15.9575,16.609587,27.718960173659326
13.9825,17.343733,21.403670198543075
13.61,14.483797,22.8255606509614
13.6675,13.112762,27.58480669299603
13.912499999999998,12.457641,24.774795334789754
16.625,18.996347,14.947276899259093
24.46,22.66394,13.337426239897013
23.762500000000003,24.86004,13.125713055374623
24.32,23.3128,14.003577388706208
25.5075,20.099928,14.802106162610055
25.5425,20.874132,14.267021561183931
22.0375,23.624744,16.490009594514373
8.4375,13.19342,21.301747243571285
6.16,8.648562,24.227508495919707
6.3475,6.491628,21.583630568180087
6.245,6.970558,17.61484798968792
6.1725,7.6775346,15.77836275581837
10.2925,7.9214015,16.474855411446097
10.9025,9.904721,17.25347067702532
11.1625,10.915335,16.703980386958126
12.73,10.597686,16.61705965290308
16.925,13.709047,18.54743324713707
16.1875,13.740122,26.475361740448477
12.9675,14.8835,29.44536661155224
13.53,14.425792,23.4810170592022
13.025,14.790253,22.104949661943916
12.915,14.903047,26.95146562765837
12.79,13.688424,28.743214174089434
13.26,13.735829,20.73404736121893
17.355,12.860258,13.238246686745883
24.4075,23.119781,12.455947147301437
23.7975,31.390337,12.95981807615638
24.05,27.509722,14.262663157348634
22.165,22.931093,13.580644088344576
29.84,22.06937,13.614015946791174
31.687500000000004,25.159294,15.847652647058965
31.05,16.217604,18.726895698235037
12.3025,12.813377,19.44167231060505
10.9575,10.322255,20.13814556680918
6.7,8.2202215,20.50264295343399
6.5,7.2622714,18.647152750911715
6.6675,6.7466645,16.95223966061354
6.33,8.492335,16.27376583627224
6.5,8.555838,15.967617065978052
6.975,7.156737,16.1714322601676
10.7175,7.936555,18.410903337082864
10.3125,12.800981,23.50342339345932
19.95,17.905497,23.698832170755864
31.0925,27.093336,22.637373309099676
21.92,24.223457,23.668682233245374
19.235,14.757603,26.402457089943887
30.84,18.089115,23.51309077288628
7.4575,24.032238,17.589667537856105
8.5275,13.778024,13.082863770190478
11.9925,8.086741,12.949620445817711
30.520000000000003,19.475758,13.545745333598854
36.62,23.253565,14.13588792412758
35.77,14.419469,12.85366443022132
27.965,17.32971,13.453936753106118
15.68,15.97958,14.073378131434918
11.1275,11.375316,16.016860886166096
10.8925,10.343147,16.047948462483884
10.3975,8.55096,19.852147947778704
6.59,10.058188,22.45081551882029
6.48,8.0330515,19.568643154680732
6.31,9.59997,17.826416486842636
6.3,8.621865,17.111711005692484
6.359999999999999,9.02746,17.170518741714957
6.8925,8.879252,16.55028360363722
10.905,9.116102,17.25202218672991
24.0625,13.441585,16.722327391827108
35.9125,21.956429,18.930518514807225
36.635,33.893,24.31747978933573
34.95,30.226862,26.172548054394724
34.3675,26.807796,24.18708333037615
27.94,17.077824,18.943868551480772
28.382499999999997,13.690191,13.986184188830855
31.025000000000002,17.547606,12.649942999912502
26.475,24.156763,12.946879468925001
26.4075,31.273533,14.151166586830618
29.7675,35.59924,14.112301458268167
36.95,33.026012,13.379236039299967
36.8925,24.858788,14.375624384348393
21.2525,16.14507,14.97872659815073
10.555,11.464697,14.884980500226023
6.515000000000001,10.283869,15.909394545900824
6.465,9.156892,20.449716475999356
6.2475,7.344473,23.200519176762107
7.195,7.3119473,20.979173627963068
10.8225,9.126799,19.71862979823828
10.81,11.64313,18.756431320664884
11.2225,13.392355,17.650733690109256
10.6675,16.693203,15.443724315350057
16.17,19.462755,15.617265092394353
19.315,22.833982,15.93101035364628
19.1875,20.80437,20.90295652587891
18.9325,18.29985,28.7134069597292
19.2775,16.086185,31.704238728685382
19.0775,15.504341,27.486739373464587
19.04,15.200394,19.203772329151633
11.445,15.912429,15.115403620500565
9.48,14.734782,14.348613920223714
20.5,21.530352,14.402279192373754
20.2325,23.759262,15.121231530673505
19.86,23.2746,14.287028833389284
15.0725,21.410784,15.19724817204714
18.525,16.119833,15.587629239609242
17.2175,17.496685,15.946626889643671
10.8725,14.302651,14.483478713085653
6.8999999999999995,8.435501,16.67252422159195
7.0249999999999995,8.012486,21.43855359541178
7.1049999999999995,7.4173784,23.90369331720114
7.047500000000001,8.48466,21.234521774325373
7.009999999999999,8.784075,18.041192355365755
7.187499999999999,9.537479,17.594509310662747
7.474999999999999,11.179202,17.28879541078091
9.0625,11.5296545,16.04655817045927
12.3775,13.501544,13.843399581284524
18.5525,15.786459,14.762133650283815
18.655,17.869438,21.574495056283475
18.28,16.899693,31.289511384506227
15.795,16.079948,32.84055349953652
9.3425,15.51277,25.15169541956902
9.4525,12.134176,18.27604986055136
9.7525,10.059843,16.685819293231965
11.015,12.23382,15.714289692907334
17.372500000000002,14.486568,14.882093219347002
19.5925,19.23685,14.414555794274808
19.615,20.91357,14.152484131016733
18.715,21.557167,15.267991403439046
18.3475,19.490263,16.330387903902533
10.485,16.24835,15.474986486480237
7.515,6.966944,16.10570054653883
7.157500000000001,5.6235104,19.05758958923817
6.915,7.8448725,22.79975618433714
6.8375,8.564073,22.678283460233214
7.057499999999999,8.128451,19.48847018680096
7.0725,8.009567,16.848481843492987
6.965,8.433102,16.836415402014257
7.122500000000001,10.40898,16.39561523251772
9.1325,10.300122,15.024310393753053
15.3775,10.920136,13.767059616184236
19.0125,13.173632,15.654571800594331
19.095,15.352657,24.93544842808962
18.5975,19.55056,31.288437949733737
19.5925,19.71957,29.38781498820782
20.465,16.75973,24.015901199917796
20.23,14.47241,25.166359767191413
9.9675,12.54058,23.95743780366421
9.7425,18.4287,17.768009672241213
17.4225,17.04265,14.885995736727716
18.9325,21.080519,14.84173433516741
19.6925,19.080667,14.92067058979273
17.805,18.774805,16.733402846083642
17.4525,17.529625,16.695093834331036
9.87,13.111448,16.323328130331042
7.467499999999999,6.351697,17.654555376558307
7.09,7.203989,23.254059969277385
7.1975,6.650544,25.71640455744982
6.96,8.093047,22.140972774949077
6.967499999999999,7.8033485,17.80234503539324
7.084999999999999,8.702738,16.256901270689966
7.07,8.505519,17.175323332293036
7.245,9.127467,17.63705386323452
9.0375,10.37049,16.36527776724577
12.5725,12.330657,15.557180227651598
19.0825,16.42659,18.809420846226217
19.2725,16.502327,30.664917842593194
20.4375,16.70946,29.41360975512028
20.645,20.606564,20.89703000196934
20.5775,16.283152,21.37950498321295
20.3225,16.25035,25.584145753824714
20.39,15.840853,24.63756866210461
19.3725,17.032492,15.796388053579332
20.0275,26.280497,13.523149854961636
19.9675,22.55681,13.507582625832558
19.0875,20.717424,13.985990194594862
17.175,17.518084,15.186691652371884
17.675,17.392345,14.006243192832471
11.6225,18.631655,15.292074171218873
6.9375,9.252296,19.323547603690628
6.425,7.3297043,23.228944182190897
6.6125,6.6781507,21.180862968649866
6.4925,8.323836,18.15646049715519
6.585,8.035351,16.253593668966296
6.54,8.549604,16.407125557186607
6.5975,9.141052,16.957479121603967
10.5875,9.783261,16.789517295463085
12.34,12.914458,15.898372440059186
18.645,15.1111765,17.328898869216445
23.865,19.003748,24.001070340576174
23.7625,26.092846,30.69559479777813
18.6875,23.530334,25.097980032241345
21.27,20.021908,20.936294435334208
20.8975,21.800608,23.59697549714804
21.2125,20.796856,27.18360721354008
20.705,18.877783,22.484804925584797
15.32,20.059418,14.072495457661153
21.045,17.887506,12.81566661755562
24.3925,25.663952,13.29523976835251
25.045,26.645937,14.274320594313146
22.685,24.260685,14.208454701337816
15.7425,23.744017,13.261875184689762
13.2225,16.26757,15.097240910155774
12.6425,11.383951,18.138388317453863
12.1825,10.909677,20.479766183154585
12.0325,11.063053,19.77615070582867
11.8375,11.707403,19.09708843230486
11.91,13.615599,17.350745853426456
11.895,13.360469,16.893648551487924
11.8425,13.150919,16.203552855792047
11.805,12.950728,15.9347528257823
11.76,11.61101,15.619683553869725
11.7475,11.482127,17.19848139421463
16.555,20.048967,21.21189396331549
23.42,27.194878,24.438608173670772
23.76,28.244818,21.891510737030508
24.01,25.229769,22.31855509857655
23.9575,20.015253,26.03755231542349
24.715,20.254683,26.118963613176348
24.46,22.279356,20.556369657092098
26.015,21.372913,13.807041828222276
30.329999999999995,29.54743,12.854083134447338
33.6575,33.965298,13.211719591592551
28.162499999999998,36.407932,13.668122555828095
21.12,31.724543,12.99901946139455
13.37,26.111834,12.88513837839246
12.7175,11.20478,14.432435596358777
12.155,10.96479,16.719617938997747
12.16,10.283432,17.05955080549002
12.1375,10.531824,19.2054471460557
12.0675,11.593192,20.917898931906226
12.25,12.695642,18.678458570744993
12.0125,11.996529,16.995550490417482
12.1025,10.586455,16.352010178122523
12.1175,10.393224,16.452347230215075
12.05,11.8533535,16.138150932364464
12.295,13.452157,16.8225108651495
26.005,18.442287,17.2684939139843
28.795,28.112232,18.936713397409918
30.1725,25.23888,22.39960912361145
28.565,29.389706,22.850867199046615
19.0025,30.323246,22.824810539915564
7.5675,17.097311,19.758881985588076
7.045,9.62997,14.61241051556349
7.1049999999999995,6.9855313,11.797655189977885
7.447499999999999,8.568108,12.48918320978284
7.547499999999999,10.437024,12.958186099646094
9.435,11.874124,13.331594288177492
10.78,13.248997,11.76686992134452
7.595,9.497757,13.024878084743024
7.485,6.6358314,13.222760288548471
7.5875,6.961154,14.123945962283612
6.74,8.372971,13.760009542324545
6.125,8.253097,17.031604319176676
6.0975,8.518164,20.700038555030826
6.1875,8.839741,19.419993454732897
6.0725,9.3457,17.156009589481357
6.085,9.082629,16.71023185121298
6.3475,10.511726,17.171975315103534
9.5325,8.734256,16.03997368276596
19.635,12.192802,16.074769782228472
24.81,18.405134,14.963666178963186
16.3775,21.151958,17.88063464256525
17.127499999999998,17.441051,25.417386691946987
18.0275,15.580739,29.1601530525589
16.245,14.234919,27.628639690618517
15.0625,13.471265,19.294660245332718
15.297500000000001,13.394598,12.895944665646555
18.442500000000003,12.228805,12.309782190192939
25.565,22.043207,12.315129156322481
25.84,28.34379,13.02628211802602
25.055,25.506685,12.641307831482889
23.9725,22.196037,12.989048965973856
23.0925,20.549892,13.700186569800378
22.7475,16.942295,14.395612257130148
13.9375,15.405839,12.884650967874528
11.7625,9.173674,13.964207875130178
11.885,9.451616,17.373527243206503
11.7375,10.790144,20.726467036447527
11.7625,11.506713,19.048618972442153
11.77,12.235227,16.844249535911086
10.465,12.334947,16.407584676878454
10.77,13.388246,16.714950761003497
12.6125,12.850289,15.300781279177667
12.84,14.804324,14.393111348104478
13.265,14.213258,13.965583617587091
13.6575,14.710803,17.683436268441678
14.1125,13.773599,27.351172968115808
14.5575,14.352777,32.16018661477566
15.2825,13.405131,27.926184816546442
15.152499999999998,12.578575,17.980300797924997
14.995000000000001,12.847181,15.419135545938017
19.57,19.462837,14.743093116021157
24.86,32.060432,14.077220833926201
23.3075,32.20844,14.161684307658673
24.3275,29.20971,13.78544057004452
22.9,23.515825,14.993732052304747
23.025,20.902788,15.59969891432524
20.725,17.739685,15.771445244686605
11.815,12.578515,14.902954066190722
11.7475,10.067546,17.02891749900818
11.955,10.663012,21.525842918515206
11.9875,11.149966,23.516236712746622
10.8525,10.708247,20.761193621308806
10.64,11.675703,17.69781285794735
10.655,11.467226,17.898551626877786
10.9125,12.561492,17.252967908630374
12.61,13.39812,15.68842864463091
17.1775,12.778168,13.973579413347245
20.0625,16.912527,14.145980474255087
18.7625,19.644691,20.477832707269194
14.634999999999998,20.507364,31.183538799858095
14.205000000000002,17.183216,31.642972115721705
14.150000000000002,16.628233,22.816827677104474
14.300000000000002,16.731478,20.841773977084163
13.9175,13.664924,20.50480275592804
14.3975,19.42522,17.371456354737283
25.7425,24.68714,15.276131078257562
24.93,29.034054,14.351658013110162
24.815,24.222961,14.558187509984972
24.28,20.178484,15.916860090749266
22.3775,20.61845,16.878783743155005
19.4025,17.259687,15.717013695304395
11.685,15.185254,16.519236442785264
11.91,11.248117,21.336915165319446
11.5875,11.63465,24.69571681772471
