lookback,lookahead,mae,rmse,mape
2,1,0.5273326214535379,0.9056219995520584,22.38265358215544
2,2,0.6122705230619141,1.0526281144437015,26.539233092793495
2,6,0.8759388587781255,1.412998752094082,36.99766480599844
6,1,0.4739221075263862,0.8160990398074831,21.056186675905877
6,2,0.6412342610926691,1.0514885034029258,26.9989932130062
6,6,0.8765717482821626,1.4021546132234115,37.82552850942429
12,1,0.5454711841398222,0.8893491075297276,23.49220923474139
12,2,0.6331029125661468,1.0394739214442341,25.97048618770564
12,6,0.910429065766046,1.4309728138864075,36.88274223538984
