y_true,y_st,y_lt
1.629375,4.906789,3.93619798317194
1.6943749,2.5930643,4.412633918440938
1.644375,1.6608462,5.51893321582973
1.676875,1.6067051,5.0623570504421
1.67125,1.7319782,3.741996910653114
1.6425,1.7592369,3.1451060530130563
1.673125,1.7191107,2.409917018880397
2.2375,1.6838397,2.058849518928677
2.91375,1.8553468,1.8808499425442515
3.29,2.2813761,1.7870572416464983
3.34,2.750089,1.7113352409440277
5.225625,3.0198638,1.7723256730736792
5.4300003,3.767228,2.1218546727649867
5.433125,4.4551196,2.389348398658782
5.4300003,4.7531605,2.915480802692026
5.7525,4.759624,3.626085128918886
5.4725,4.83268,4.023381790880561
3.82375,4.8428383,4.126050270813703
4.003125,4.272996,3.950256183789372
5.406875,3.7679949,3.3947788507802783
5.651875,4.1088705,3.0612615762661397
5.73375,4.7079496,2.652197520242184
5.48625,5.0080414,2.6240739427946504
5.366875,4.9549484,3.241751298446506
5.183125,4.800255,3.455500374274105
3.8,4.648344,3.651066322574615
1.659375,4.1227245,3.59213287207067
1.645625,2.8762643,3.8325806484526392
1.59875,1.9612473,3.9228294963276387
1.571875,1.6329954,3.4431540990565717
1.55375,1.6246201,2.5821090458236635
2.07875,1.632783,2.2131715802921352
2.804375,1.7916019,1.9504791393519936
3.2124999,2.2042384,1.811918831757754
4.5475,2.686905,1.7416738760352133
5.3975,3.411884,1.7998384750874339
5.655,4.2299533,2.1511706975509224
5.835,4.7538304,2.429119367945641
5.6487503,4.9700184,3.0097044750283657
4.9325,4.966533,3.617026356460452
2.7175,4.68132,3.6527718691188094
2.5674999,3.655897,3.3317027321742474
2.8731248,2.8019655,2.8712059625987707
4.4993753,2.572315,2.622834451395422
5.3562503,3.265309,2.483374326468259
5.935625,4.2420125,2.352097077375501
5.3587503,4.9225774,2.938441095124632
4.945,4.9518533,3.3289957052843273
4.289375,4.64965,3.57276746350646
2.6543748,4.1811156,4.819566639302373
0.6175,3.3336442,5.450421913484335
0.575625,1.977641,4.865110871680975
0.58125,1.0473207,4.461223257061839
0.573125,0.74167883,4.143989207770824
0.599375,0.74598956,3.606225359037518
0.86,0.77341604,3.4370650826074183
1.805625,0.8532649,2.9751059603615104
3.094375,1.2502056,2.3550361351417
5.1418753,2.0601485,2.079092817509323
5.9787498,3.4150503,1.884602902430594
5.986875,4.659148,1.766398121409565
5.986875,5.125032,1.8935354931496082
5.3137503,5.1558537,2.5644998159708083
2.8806248,4.906287,5.131390621598363
2.8562498,3.8439574,6.3639521914601325
3.0337498,2.9757538,7.145421817126871
3.1675,2.7388594,7.143053666946293
5.91375,2.884154,6.985470415603519
6.5062504,3.9960015,6.665685621387363
7.301875,5.1256666,6.584884656168819
7.79875,5.7983847,6.760154082311392
6.9293747,6.1264133,6.985090873689056
5.6775002,6.0018415,7.352603861005903
3.9668753,5.4159636,7.446752581787706
1.6650001,4.421886,7.232138373655081
1.526875,2.9298506,5.407969831408858
1.5749999,1.9368398,4.208119830960631
1.555625,1.6112723,3.3192687476907667
1.5568751,1.6248683,2.6301322610007225
1.831875,1.6507506,2.294310624863058
2.82,1.7217515,2.1060723870539664
3.211875,2.1251714,1.9837652044574916
4.8275,2.653157,1.905978647238165
5.839375,3.5167775,1.8267799708370862
5.4743752,4.4887886,1.7878201129209994
3.68,4.877265,1.922182336104214
3.8112502,4.2452936,2.549004379427284
3.08875,3.6020138,3.812692173720598
2.6025,3.1639128,4.362982500345111
2.433125,2.7895446,4.685385814828276
2.494375,2.5055459,4.674595980402827
3.9706252,2.407357,4.670757503982186
4.6806254,2.9311376,5.121678813787103
4.549375,3.7319734,4.560211934610009
4.05875,4.1286535,3.5610861839962005
4.148125,3.9683506,3.416188283919543
3.873125,3.7690434,4.188527175661921
2.221875,3.631465,5.5080548747813705
1.088125,2.9757526,5.446038842257857
0.59625,1.9584789,3.7847567725163698
0.525625,1.1499463,2.8945844687585534
0.56187505,0.77901703,2.3722028318800032
0.51875,0.7114538,2.046037188566178
0.905625,0.70673364,1.9095109385849534
1.7518749,0.82326835,1.8338321944977343
2.178125,1.2344977,1.7770571892930567
3.82125,1.7265936,1.7480403727075455
4.8293753,2.60317,1.91298721560508
5.76,3.6207669,2.190344845150858
5.413125,4.529756,2.4492370828045904
4.62625,4.813722,2.604940166428238
4.7700005,4.515305,3.3683472648085653
4.783125,4.232949,3.7367144207721945
3.6399999,4.1947417,3.984524991351962
5.0025,3.8706338,4.108003690666556
5.30375,3.992714,4.275942216889858
5.358125,4.4117723,4.246752573182583
5.5437503,4.7029543,3.699558383646011
5.7799997,4.8114123,3.578588169337511
8.72,4.91539,3.958817405502796
8.28625,5.8431864,4.169180106307864
4.133125,6.502437,4.334343032942414
2.37625,5.447936,4.328453754412532
2.1131248,3.5318146,4.291226752516627
1.55375,2.3472898,4.205035654227138
1.555625,1.8374697,3.6911797566771507
1.546875,1.6987052,2.7349571928407252
1.546875,1.6562701,2.3174638776807486
1.578125,1.6285506,2.0154437979252635
2.13875,1.610535,1.8496234504745899
2.57,1.7918202,1.754384144706428
2.524375,2.1208558,1.8818829184900223
2.645,2.346301,2.1612576618133486
2.7668748,2.4460611,2.4264713454709947
2.84,2.5184033,3.0334764768494664
2.4937499,2.5962193,3.589124444248676
1.203125,2.5165057,3.9721364562153814
0.548125,1.9256494,4.234077786896228
1.494375,1.1892992,4.294320497533679
2.5706248,1.0993572,4.092298947920203
8.1775,1.7129692,3.243966356090158
10.32375,4.341761,2.8813080766434966
8.880626,6.8558984,2.7499064398644864
7.795625,7.432448,3.2412736816255747
7.443125,6.704139,3.73337748188138
2.794375,6.0688953,4.193495506899357
1.790625,4.5063243,4.201744164683222
1.6675,2.740115,4.099892178280354
1.6643751,1.8598357,3.817400566588044
1.665625,1.7060992,3.112431959376782
1.6075001,1.763679,2.070856917436868
1.620625,1.7531168,1.6094352137841286
1.631875,1.6875354,1.3042879000191392
2.06875,1.6373981,1.1332356948547067
2.53875,1.7733163,1.046876952263713
5.5368752,2.0902147,1.0805290042153002
7.654375,3.4069815,1.4075926708088815
7.9106255,5.2993555,1.9614097072814403
7.30125,6.256704,2.950101244675368
6.0056252,6.2379,3.696799528553486
2.36875,5.6041327,4.120829177418947
0.50437504,3.957324,4.349207361449599
0.460625,1.990763,4.228264257277846
1.3050001,0.89230675,3.340093718176037
2.0606248,0.9434229,3.0241338453121482
2.66,1.5575973,2.857652488939017
2.7393749,2.2023387,2.8169334622229636
2.286875,2.537877,3.783032886762023
1.553125,2.4315803,4.341539179534912
1.5825,1.9576234,4.934417138918638
1.5775,1.6272689,5.31954932305038
1.554375,1.5264794,5.172935311449766
1.601875,1.5431725,4.753539901254177
1.5775,1.5781653,4.0073772419160605
1.5968751,1.5827302,2.8761543599121273
2.2024999,1.5765556,2.3560790780495107
2.7656248,1.7876968,2.0456127953225374
3.193125,2.2014432,1.872166525876224
4.240625,2.6645458,1.7814153431144355
4.6337504,3.2867687,1.8192333858592806
3.9218752,3.869858,2.1547885054320095
3.458125,3.8726742,2.415681112367064
3.2175,3.495435,3.1282714554499087
3.2581248,3.1486423,3.7831285695976016
3.06,3.0145714,4.000532729744315
2.1956248,2.954033,3.523285284426063
2.2737498,2.5966592,3.4148024775175747
4.5593753,2.2943726,3.0407097005407513
5.3431253,2.9993463,2.7179531569229063
5.6156254,4.1179132,2.5057501562468705
5.7275,4.804721,2.4173408108858765
5.64125,4.96189,2.88945507141456
5.63,4.9333067,3.3058189304362235
3.2156248,4.878859,3.482045184934586
1.56375,4.05924,3.424131155308038
1.5575,2.673847,3.4460030554859338
1.58875,1.8009782,3.3317980163313448
1.573125,1.5736002,2.6943194965349138
1.545,1.6208618,2.0340630797111987
2.0424998,1.6375173,1.542851521897167
2.7668748,1.7766963,1.2472641194419563
3.1225,2.1709514,1.090441745981276
4.018125,2.631681,0.981156997307092
4.855,3.1871948,1.05637586576581
3.7568753,3.8601956,1.3646099476744236
3.395625,3.8574781,1.6245128352789582
3.386875,3.450276,2.3427799612610043
2.8962498,3.1700175,3.0008597929145395
2.529375,2.9310958,3.6804569002366065
2.646875,2.6546671,3.9080002515268326
3.25625,2.520014,3.797170025718808
4.170625,2.7278275,3.8243806294435263
5.1843753,3.2930484,3.8142063545936344
5.938125,4.084337,3.424928910949677
7.3837504,4.777718,3.7836372833400964
8.938126,5.5410767,3.9633551639801263
9.186875,6.4049263,4.10660831598103
6.7643747,6.9511094,4.240419964181185
1.6025,6.3733044,4.368857426449656
1.55625,4.115377,5.37786801133573
1.57125,2.1746073,5.533708240357041
1.5656251,1.5331523,4.370817329865098
1.543125,1.5903629,3.362391406972259
1.8393749,1.6835598,2.775786254817694
2.760625,1.7709141,2.2260373335711656
3.1874998,2.1417205,1.9839647430375218
4.30625,2.6451254,1.8399953651444612
5.24,3.3256032,1.756469432504326
3.98,4.102082,1.7117849502712488
3.3675,4.1005764,1.8708851732364296
3.2881248,3.5570285,2.0513109075205027
3.250625,3.1459746,2.1193134961234033
2.263125,3.0121531,2.2185704842896756
2.0818748,2.6665738,2.3066802227717638
2.0775,2.27481,2.3760572554399073
3.9662502,2.0590258,2.2876774122865497
4.6843753,2.7033195,1.786876839633584
5.665,3.6645122,1.3632129782749713
5.8137503,4.5344768,1.4764731494282186
5.013125,4.9406867,1.8351486308439076
4.900625,4.772845,4.025655055582523
3.2024999,4.4614058,5.594060986255407
1.600625,3.734194,5.815666420240998
1.524375,2.5982964,5.635159156207442
1.55375,1.8042178,5.40445268984437
1.535625,1.5630305,3.7971365367263554
1.564375,1.5815519,2.8896938798250256
1.84375,1.6128013,2.362097129728943
2.693125,1.7008122,2.073537232868522
3.1031249,2.0702856,1.933320017504841
3.108125,2.56534,1.837865824035108
3.0774999,2.8511028,1.7795044771522281
3.128125,2.8978002,1.7309468334706126
3.1806247,2.8847363,1.8440720519578455
2.2493749,2.909074,2.026786200726181
2.471875,2.6062586,3.1829781166921554
2.2237499,2.3711853,4.435834613997936
2.0649998,2.2205722,5.108757644199133
2.3943748,2.1063373,5.22155813906312
4.473125,2.157045,4.858972817778588
4.643125,2.994915,3.4475124522171914
4.53,3.8686962,2.2529038777662813
4.545,4.1774774,1.6504454751309754
4.30125,4.1188564,1.5895933844344319
5.0037503,3.9739935,1.7832460747018455
3.633125,4.1280637,2.0783684187082945
0.601875,3.885692,2.2454776936899123
0.55625004,2.4276521,2.1671708610521256
0.55375004,1.1712966,1.8695342512015998
0.5225,0.6943282,1.7505881275440751
0.57625,0.68326867,1.6537198215001823
0.83187497,0.7386285,1.5956210043974222
1.7212499,0.8350778,1.587833617616743
2.1187499,1.215381,1.5718232878142595
2.615,1.6877621,1.5708184187014402
2.83625,2.1470015,1.7810483595721422
2.6725,2.4716408,2.0419812330338356
2.59875,2.5516977,2.3296447013284265
2.665,2.4968317,2.853490285591334
2.2443748,2.471737,3.2266433773870764
2.2199998,2.3332531,3.1868421085356173
2.0749998,2.1912372,3.0618970697657764
2.2793748,2.075147,2.9169814284966886
3.695,2.1009378,2.857436405202001
4.395625,2.6795268,2.7534881673429905
4.6175003,3.4880528,2.402480469163507
4.2131248,4.0310483,2.2980805285848676
3.9981253,4.010295,3.0281290023760494
3.4831252,3.7788436,3.5532983985370397
1.416875,3.4589696,3.9678769753181933
0.58,2.51137,4.218868202823996
1.5393751,1.4280363,4.300637956752777
1.4868749,1.182505,4.33601110370934
1.184375,1.3804339,3.5112188815025984
0.53625,1.4348177,2.6350866384913028
0.573125,1.0943813,2.2053648576050997
0.49249998,0.78617173,1.9491505433121323
1.10875,0.64765507,1.8103978733505308
1.58625,0.84183145,1.7293048761442302
1.5475,1.262032,1.8556229636046289
1.941875,1.4840648,2.1299857203967867
7.5406246,1.6796775,2.373321922377795
7.626875,3.8507693,2.8179257729636134
7.51625,5.8377924,3.3052324743898214
5.55625,6.3699923,3.153888939962238
1.025625,5.6276274,3.0429112031160295
2.003125,3.3448462,2.9697660607792438
7.45875,1.9872898,2.746919540680498
8.6,3.6803677,2.5316841914735733
8.826875,6.163689,2.474873305205554
7.1825,7.1341815,2.6442438845346867
2.3718748,6.560345,3.027933649920076
1.9737499,4.515799,3.557610504993796
1.629375,2.594018,4.079609011851549
0.859375,1.7670686,4.827238010644913
0.9175,1.3837194,5.601064172462821
0.88875,1.1862321,5.932648255019783
0.88625,1.0952476,5.335373669341206
0.88437504,1.052754,3.4194893417470156
0.905,1.0102781,2.6889628524564206
0.86812496,0.9796683,2.1978952175742386
1.3956251,0.95150113,1.9519291329894959
1.9,1.1245009,1.8278223157271742
6.191875,1.4852217,1.8645878472806512
7.4525,3.304154,2.175310280932039
7.745625,5.384535,2.435690386679023
7.073125,6.2453327,2.9615955439777673
6.8025002,6.1199956,3.5142424591068924
5.190625,5.784934,3.331382194675058
0.735,5.151992,3.1283786999614533
0.555,3.0824645,2.9927446924220025
1.19375,1.4103144,2.8918160453824697
1.7349999,0.99890774,2.4870393777494133
1.7924999,1.3800522,2.273225716007799
1.78125,1.7561337,2.136583450588435
1.2475001,1.8402663,2.740966074915081
0.59375,1.5940462,3.1956313743405045
0.61,1.1196828,3.810355120461583
0.588125,0.79720753,4.1504924511623384
0.58,0.6880442,4.049794240285158
0.588125,0.6858961,3.9978894914114473
0.59187496,0.70160645,3.3588431684862075
0.568125,0.70446897,2.5441125944583116
1.1374999,0.6866237,2.141299817025512
1.790625,0.8725018,1.9012989592213927
2.1587498,1.2974426,1.7666008494174479
4.481875,1.7484075,1.7075184925006328
4.7825,2.8325663,1.766519319667965
4.6937504,3.845478,2.0627780966861544
4.616875,4.2365975,2.3237913038618863
4.289375,4.18733,2.4634962173767385
2.626875,3.9945168,2.54029405196175
2.4274998,3.277683,2.600304731722921
2.095,2.6246233,2.648000631866604
2.1499999,2.208682,2.339434650122076
3.5400002,2.0996768,2.3198049177245794
4.3925,2.6100345,2.1716819080711898
4.6843753,3.4316103,2.053818993848115
4.4768753,4.0394297,2.1208826946268973
5.89125,4.145478,2.873594046703428
6.5837502,4.542566,3.215729553953856
3.1487498,5.144473,3.4212630623115596
0.656875,4.3926115,3.5563171919995544
0.603125,2.4351864,3.5276288864828644
0.580625,1.1066195,3.779593886179924
0.594375,0.69892675,3.378212563835233
0.565,0.7458179,2.1617769405356047
1.109375,0.78858316,1.6681645409055055
1.748125,0.9539807,1.3134024874649943
2.188125,1.3292129,1.1080025363986195
3.810625,1.768417,1.0201704774789513
4.1974998,2.609024,1.053257004004419
4.2337503,3.3867824,1.3647726084949077
4.154375,3.7849045,1.6089827137075365
4.105,3.8038344,1.9045346337778866
2.34125,3.7304442,2.123890524431169
2.378125,3.071366,2.1860500812080503
2.3831248,2.4780743,2.215573618143648
2.281875,2.2513554,2.2602315882577
3.480625,2.2408974,2.125561186608225
4.2775,2.675834,2.0771329140938817
4.5106254,3.3825278,1.9867636653174459
4.1406255,3.9212005,2.0274946523879467
3.8400002,3.9494796,2.5476022272075713
3.8306253,3.7037694,2.9930492827819286
1.9362499,3.523743,3.322497644713074
0.588125,2.8011305,3.368708068834394
0.59375,1.6664559,3.33896067393139
0.565,0.9303618,3.1418289158944783
0.601875,0.7112979,2.308318591991812
0.565625,0.7357381,1.6833167152763902
0.895,0.7495324,1.6915849083058534
1.7262499,0.8395865,1.5877048444671928
2.1725,1.2197553,1.4595604108826816
3.1543748,1.7056626,1.173662290904522
4.26125,2.3548727,1.0544777575150133
4.2981253,3.1742897,0.9263897369356454
4.273125,3.7319353,1.0772209695143997
4.166875,3.8767114,1.2815913334020972
4.264375,3.8071985,1.3607467531879247
4.3975,3.7917154,1.5599348948328198
2.6418748,3.8737435,3.6703759161514045
2.348125,3.3259506,4.531230401070117
3.9193752,2.6555696,5.065977848411799
4.42,2.8618855,4.6250609764236215
4.59125,3.565144,2.8804864002929627
3.9050002,4.074146,2.5754507165028153
3.944375,3.9407718,4.172362357947827
3.9775,3.6845348,5.139200733052492
2.3318748,3.5907838,5.742151702951789
0.646875,3.0278833,5.472312551550865
0.600625,1.8524219,3.768922857941985
0.58125,1.0118585,2.98311062691465
0.62,0.7275491,2.3672915116654334
0.623125,0.7461075,1.7786570860396325
0.87624997,0.78043294,1.5474757936049999
1.7806249,0.86002356,1.388940697387457
2.123125,1.2446592,1.2950206187148392
3.773125,1.7086239,1.225786312943101
4.2187505,2.571248,1.176081671269983
4.255,3.3729367,1.1181233883319797
4.4187503,3.7875142,1.2699648721830548
4.6843753,3.89739,1.4905983280305566
4.2650003,4.0212603,3.1253921994559466
4.031875,3.9863422,4.245790163328051
2.125,3.817265,4.990910677115321
2.1525,3.0108447,5.085070560894608
3.7312503,2.3329496,5.043193373189569
4.30375,2.6443918,4.490986997782588
4.4681253,3.4331033,2.712203017183095
3.9668753,3.9756696,1.978051942477226
3.8825002,3.9066465,1.727379857095927
3.8375,3.6680717,1.7432552342323957
2.0931249,3.5261912,1.768091707599312
0.580625,2.876535,1.7822314379662274
0.58187497,1.7214932,1.584699406733811
0.51687497,0.9439063,1.2595537823151053
0.5675,0.68862426,1.1034217206452788
0.575625,0.70411015,0.9796507900036872
1.3143749,0.73326594,0.9062927533577383
2.700625,0.9889217,0.8694552603383363
3.1193748,1.7115526,0.8482264285512269
5.0675,2.4733777,0.8232456335739791
5.348125,3.5387142,1.0114910475957395
5.449375,4.3756604,1.3044519562143089
5.25375,4.718088,1.5643271356643738
5.15,4.6890635,2.5336261543573437
5.4675,4.5773544,3.031694384036809
4.7468753,4.6191688,3.329843295736164
3.0774999,4.4882703,3.4911063494639096
4.13375,3.7453291,3.4636421862249076
5.19,3.4835944,2.878297655429095
5.2156253,4.006156,2.5973377664630113
5.5,4.539687,2.2945805301950872
5.1150002,4.7871284,2.1738463335476816
4.930625,4.712385,2.6062278979237377
4.5075,4.5276837,3.0543365310411152
2.479375,4.2526956,3.3883465721584853
1.605,3.3742058,3.50385090448454
1.581875,2.3269293,4.079105082250833
1.5762501,1.7311349,4.5035350043118
1.564375,1.5962952,3.5305793065857887
1.584375,1.6180311,2.338868526678234
1.55875,1.6265888,1.7565675074107943
1.578125,1.5978967,1.367946089208275
1.9462498,1.5741817,1.169839960962385
2.5199997,1.6942663,1.0551461419893802
2.415,2.018801,1.1837669963593782
2.4412498,2.2526848,1.4333094262631239
2.3662498,2.3202572,1.6829282030960917
2.41625,2.281223,2.378208923204988
2.1131248,2.2640774,2.798986551696211
2.5049999,2.1539586,3.065363579163104
2.9837499,2.2038496,3.196751262195259
2.665,2.478922,3.257787741689533
4.18375,2.605732,2.6637635816712675
4.670625,3.1225624,2.4757902657131847
3.1612499,3.8039804,2.3273152229605616
2.606875,3.635124,2.215032013426423
2.5806248,2.9662883,2.6021163267432152
2.544375,2.51517,3.014409678467959
2.245,2.3973796,3.3044957165558633
1.540625,2.311106,3.3391229360733923
1.5037501,1.9596788,3.2778604058800638
1.546875,1.6522796,3.245089832051247
1.57125,1.5343274,2.532584008806497
1.55875,1.5491188,1.7820354874925315
1.544375,1.5652963,1.423723999530524
1.5193751,1.5515132,1.1761502439688147
2.04875,1.5255917,1.057456882468611
2.513125,1.6994005,0.9746007296775282
6.665625,2.0465236,1.043196751200259
7.584375,3.8018036,1.3460169786682725
7.7237496,5.611295,1.609731830574423
7.3800006,6.2843065,2.084775580585748
6.8725004,6.1736097,2.7007960284681616
3.9731252,5.814579,3.0046930865149197
1.79,4.781533,3.198476343985051
1.793125,3.0796087,3.2724375811736284
2.360625,2.0466907,3.3568354236529765
2.9031248,1.9745185,3.4501190121297536
2.93,2.4458842,2.8735242779691514
2.9375,2.7814734,2.581157400288135
2.54,2.843171,2.9609696187616885
1.6899998,2.6469133,3.2323967065547405
1.568125,2.147802,3.4684649998165664
1.545,1.7357975,3.3573568951068817
1.5825,1.5532821,3.3551338638935984
1.55125,1.5501561,3.3364697307784854
1.5749999,1.5711356,2.7322409963457286
1.5187501,1.5751945,1.8912395037741958
2.135625,1.5444415,1.4985053183557093
2.6725,1.7365681,1.2266943031848967
3.1162498,2.1320806,1.0932099700181186
3.993125,2.5933206,1.016618252208084
4.3387504,3.151296,1.0586244124019146
4.365,3.6522145,1.3795813213539123
3.426875,3.8895369,1.6095811301083864
3.1924999,3.600546,2.3192280299617347
3.36125,3.190072,2.7712915536163747
3.0649998,3.0396078,3.0517315658424793
3.045625,2.9741378,3.277685784705132
3.3775,2.9207153,3.491977063267678
5.054375,3.002097,3.449692824832946
5.275625,3.7142465,3.3879761998490987
5.436875,4.410235,2.6740570613871513
7.1437497,4.7419853,2.4249615500612554
6.0793753,5.317588,2.8065566587044297
5.25875,5.4745016,3.1154922154013813
3.2124999,5.0821867,3.3622462880049646
1.573125,3.9799905,3.3255590967731177
1.635625,2.610056,3.3063057168622314
1.513125,1.8257608,3.264106795622557
1.56875,1.5939614,2.608482026058584
1.5350001,1.6152165,1.8122441533987224
2.0493748,1.6232351,1.4427461459220947
2.7099998,1.77618,1.1712034413693846
3.0618749,2.1559513,1.0466853872533144
3.8381252,2.590151,0.9740603209957481
4.6687503,3.086926,1.1935025255402922
3.700625,3.7078366,1.7389855870339272
3.2043748,3.747876,2.1009882397176325
3.17625,3.3402514,3.0175596371509132
3.276875,3.0202932,3.5031137479721006
3.215,2.962805,3.8483978185307977
3.75,3.0055263,3.9660470410877466
4.0618753,3.2163684,3.9995838749581574
5.855,3.517242,4.127773359211087
6.7143745,4.3142586,3.936572740944624
7.1693754,5.2094607,3.311212252935022
6.68125,5.773421,3.4574666565452516
5.971875,5.794736,3.7976851183170077
5.8437505,5.4568286,3.9540643606454133
4.229375,5.1392407,4.16531292503655
2.1025,4.4902353,4.11865319026649
2.013125,3.2364364,4.056004853671193
2.086875,2.3180513,3.8766138893860576
2.05375,2.0183873,3.0794756013755498
2.0668747,2.037185,2.452680468849987
2.3062499,2.0665984,2.1043534847806393
3.14625,2.1389368,1.8927819908194243
3.5831254,2.5003161,1.776923233323246
4.2599998,2.9771929,1.7185353743213414
4.3725004,3.5001247,1.666563448123485
4.355625,3.827792,1.6369221016965807
4.3093753,3.9279463,1.7415951370351015
4.250625,3.910079,1.9633556569500266
4.07125,3.8695,2.014067161128372
3.273125,3.7871912,2.078752346086055
3.136875,3.447561,2.0825274326281247
3.4825,3.1164696,2.108251962312758
5.5837502,3.0851283,2.0027622341047224
5.8768754,3.944902,2.114566431443244
5.95375,4.815182,2.3152950667409598
5.4431252,5.1670766,2.292302880029827
4.9993753,5.0055294,2.861929910367876
4.76625,4.665451,3.237349888009876
3.0256248,4.3613386,2.9263926327328385
1.625,3.6532505,2.6760305198709666
1.605625,2.5637884,2.5197987885807454
1.5325,1.8379093,2.406531042536348
1.5775,1.5978409,2.239906161909848
1.5625,1.607555,1.909619379131943
1.84,1.6222188,1.7627426384119689
2.6712499,1.7007707,1.6760113307799398
3.1243749,2.0577888,1.6305137437836827
3.0499997,2.5605907,1.5980228429096939
2.928125,2.8217802,1.571705478322953
2.915,2.8133354,1.544093405367285
2.93,2.7387285,1.7177713070113956
2.9574997,2.7156954,1.9304104619462787
2.96375,2.741092,3.5256279191838202
2.198125,2.7665193,4.5025422948926686
1.9531249,2.4949718,5.097471056385636
2.00625,2.1284416,5.2359009961164
4.25875,1.943593,5.115952196077704
5.3837504,2.7401164,4.115998788936138
5.4481254,3.980307,2.9801779480041564
5.4150004,4.7197814,2.4865920604930816
4.72375,4.803905,2.3785629496966303
3.0881248,4.508158,2.4987473687179387
2.368125,3.673312,2.5622022318814692
1.493125,2.799762,2.6066030543749035
1.58,2.0216372,2.473080049395412
1.5612501,1.6692756,2.089713612258583
1.5325,1.5973532,1.8759705166082083
1.558125,1.6033809,1.7318354878060518
1.8249999,1.5935754,1.662464634654373
2.7112498,1.6688954,1.6128530844067037
3.059375,2.0508866,1.596724945112914
3.0724998,2.540872,1.560442013861388
3.0024998,2.809007,1.7616339135546981
3.010625,2.838468,2.005145135389119
3.0525,2.8056648,2.2858211652763187
3.0024998,2.8090687,2.7424292249424753
2.9956248,2.8173292,3.0707130470289288
3.1406248,2.8129182,3.264548132701665
2.97625,2.8544242,3.050976468798369
3.08875,2.850413,2.916485073787123
4.763125,2.8633955,2.8936204641900956
5.468125,3.477922,2.76374775938794
5.696875,4.3248158,2.718833837688714
5.163125,4.850754,2.809147271477729
4.8962502,4.785443,3.4352602651213107
3.5750003,4.507133,3.7564832919597624
2.355,3.8917646,4.022002363334298
1.5725001,2.992768,4.727879359465837
1.479375,2.1275215,4.61452071472764
1.50875,1.6644443,4.383750459807515
1.4775001,1.5465202,3.5642596647095677
1.4868749,1.5499325,2.6645864540572464
1.469375,1.5438024,2.25480756751582
1.49125,1.5128516,1.9485036874757706
1.9287499,1.4920754,1.8204156668964027
3.22125,1.6405641,1.7319630649201572
5.4906254,2.2536535,1.8622005605329572
8.761875,3.5997868,2.1149021187247334
8.486876,5.7253284,2.347388285829574
8.619375,6.735769,2.740441812711805
10.305625,6.8765993,3.2040263471271095
9.721875,7.207489,3.0819218925385177
8.799376,7.3664317,2.9316045565225184
8.730625,7.1094484,2.8440412068994343
6.79,6.871254,2.8193729758517443
3.0737498,6.278545,2.7836768993251026
3.323125,4.687719,2.96771725206241
3.109375,3.3976512,3.14387971800372
3.03125,3.0042832,3.8767637924951313
2.679375,2.9777336,4.451153435974121
2.170625,2.849916,4.8962803527277705
1.500625,2.502497,4.922869018021226
1.4712499,1.973171,4.735674321137666
1.49875,1.624199,4.625121575552821
1.459375,1.5070343,4.014751996468306
1.5237501,1.4938912,3.0402284956134853
1.518125,1.5114014,2.60870568468675
1.52125,1.5222925,2.347590415819734
1.9674999,1.5195996,2.1909831293998656
2.43,1.6683598,2.1110389242382346
4.1025,1.9844445,2.1469108179752525
5.1268754,2.8328104,2.4439011700071394
5.5818753,3.888461,2.7013119184233245
5.279375,4.6268024,3.072502714732736
4.76875,4.754796,3.279379370894879
3.3331249,4.4924345,3.3986532082642613
1.408125,3.7616327,3.452993483981937
1.354375,2.5399528,3.466212865074128
2.4587498,1.6732627,3.414689651507288
5.2225,1.7848899,3.115306829907447
8.568125,3.1869345,2.956997186371237
6.6131253,5.5301986,2.9808871970228847
2.0737498,6.1083593,3.7183799947613476
1.48875,4.345771,4.094382441664934
1.44875,2.296285,4.349737603830099
1.458125,1.4524229,4.300142798078656
1.4775001,1.4112045,4.142868123880625
1.5031251,1.5384353,3.9927218209332227
1.47875,1.5863965,3.310615032569617
1.4612501,1.5582523,2.5516464217247066
2.0562499,1.5117215,2.181808341503292
2.5881248,1.685608,1.9205216408891974
2.950625,2.0530603,1.8026328125648199
4.78375,2.4839706,1.725991259944588
5.07875,3.3584244,1.7771389183817803
4.979375,4.1718793,2.061807115244269
4.949375,4.457988,2.332086607028097
4.9081254,4.4233146,2.4439741281692684
5.07875,4.3438206,2.477650499508232
3.5618753,4.3881497,2.494467953896671
3.1668751,3.9534953,2.506960544116944
3.244375,3.3343794,2.5250358291147648
5.0756254,3.0489733,2.539686067277342
5.2200003,3.6734235,2.27159233026877
6.091875,4.3932176,2.08191267040953
5.93125,4.9656544,1.9947719199769198
6.238125,5.146936,2.747306258807629
5.31625,5.2438474,3.4096172651861605
3.113125,4.9868245,3.7989034797567127
1.54,3.9895892,4.024784341778755
1.44,2.585983,3.8916679888504744
1.501875,1.7339257,3.280977274249047
1.45375,1.5100602,2.781642044355124
1.45625,1.5385921,2.1924745855994523
1.9556249,1.5515037,1.9554179683817923
2.59125,1.7000213,1.7991667018459736
3.031875,2.0589025,1.7093352703411875
4.2975,2.5215807,1.667549778686911
4.924375,3.2196457,1.7291294576123355
4.9049997,3.9607575,2.041197431139052
4.8762503,4.315916,2.2832658355486393
4.843125,4.3635983,2.4242566865058244
4.8893747,4.3090987,2.4857157651905712
5.085,4.305444,2.526318377790004
5.545625,4.389458,2.563239194612056
3.800625,4.623832,2.566893880252689
4.0487504,4.242084,2.5752725072215497
5.069375,3.8054643,2.6332786315773427
5.4431252,4.0118203,2.5975099955670533
7.2775,4.5177097,2.635303918263763
7.568125,5.366656,3.2381404674388468
6.408125,5.9697237,3.7154808048433066
4.76,5.807661,4.063967260305286
2.146875,4.991668,4.056725664365888
1.4306251,3.4320033,3.9903225738310812
1.506875,2.1226265,3.494794125418514
1.489375,1.5870837,2.873157892444581
1.485625,1.5399312,2.2961648784808815
1.504375,1.5888829,1.9755093704609572
1.936875,1.5857509,1.8038734999994932
3.000625,1.7069218,1.6955009276911615
2.969375,2.2062979,1.6392320448188484
2.980625,2.6389327,1.591192085145563
2.9174998,2.792455,1.5635879857595265
2.939375,2.7601523,1.6951789948172866
3.006875,2.7279973,2.1809930440084635
3.2537498,2.756697,3.1862153859625755
2.8675,2.8835263,4.844334141291976
3.01375,2.849853,5.4062228223025794
3.348125,2.8063648,5.748916479427218
4.399375,2.9229698,6.343471280504465
5.2574997,3.4352012,6.310616186837554
5.445,4.164966,6.04051948913753
4.8831253,4.6383505,5.932415426786542
3.7562501,4.59651,5.3486257420688865
2.733125,4.017026,3.9772937610530854
2.7268748,3.1774006,3.5622814220839736
2.43,2.6902864,3.196991665319651
1.52625,2.4578166,3.006495113251656
1.491875,2.0490592,2.778866843444854
1.52875,1.700384,2.4817959583596885
1.54,1.5505508,2.0733889244733748
1.5174999,1.5450479,1.8676640504445134
2.09,1.5470657,1.7366792320179938
3.23625,1.736679,1.6389669236285984
3.17625,2.335663,1.6066911097954215
4.381875,2.8181853,1.575877050614953
5.14125,3.4030223,1.5559728280828893
5.1225004,4.0776677,1.6993212642408906
3.441875,4.4598503,1.900704130926877
3.6343749,3.9603102,2.5949484863229095
3.57625,3.4369981,3.240648553766459
3.275,3.26241,3.7475887750357386
3.276875,3.1856923,3.9271439948552844
5.0000005,3.1278236,3.860727349252105
6.6306252,3.7090437,3.3414950730387867
7.5575,4.8363056,2.4386290457667408
6.978125,5.7990146,2.024890484546274
6.9856253,5.982866,2.1652087649050356
6.98375,5.8326254,3.152438547646254
3.89,5.696818,4.77844375128448
2.5475,4.7947855,4.766942674447894
1.489375,3.3886642,3.3485437085931
1.5331249,2.2025561,2.613737804481238
1.516875,1.6849529,2.0960892785359917
1.5375,1.5892521,1.8229558468417821
1.525,1.6196661,1.7012090068511663
2.07125,1.6062044,1.653326126499623
3.2712498,1.764649,1.6131871769742667
4.75,2.3610988,1.5777526335315406
5.2043753,3.3908927,1.7600631203372774
4.7825,4.2656245,1.9855165990270673
3.65625,4.4350934,2.216803142580837
4.07125,3.9197655,2.99442073675856
4.060625,3.603598,3.4184292556644973
3.8356252,3.60814,3.6590574340593816
2.3056247,3.623465,3.7981691139936444
2.46,3.027558,3.8464801750344035
3.9593754,2.5152593,3.9327366565948725
7.3675003,2.8692076,3.445296995895058
7.815,4.6652465,3.1545108783935008
6.6081247,6.023504,3.012861211245507
5.548125,6.0569115,3.5777963938730952
5.2181253,5.364987,3.8236606161057947
2.9031248,4.7399592,4.290701294277906
2.3874998,3.7520995,4.413916068437695
1.463125,2.8274832,4.598236293469071
1.4993751,2.033714,4.356023966127634
1.505,1.6663111,3.5218651916746793
1.466875,1.5741402,2.6407841526715456
1.501875,1.5629234,2.17044201799348
1.523125,1.5433258,1.9131933323800563
1.465,1.5285821,1.7550724631048737
2.0437498,1.4990431,1.6751701191838084
2.638125,1.6782259,1.8004931051541864
2.786875,2.0792832,2.040000797676593
2.965,2.4474063,2.2964515283091367
2.618125,2.6631901,2.8719084340833128
0.698125,2.617276,3.3348690366749465
0.601875,1.7928982,3.5837454741752146
0.606875,1.0346684,3.734378962227106
1.790625,0.7169392,3.798990391665697
2.63,1.124578,3.8485421401411295
5.8456254,1.8748025,3.941712503929138
8.0737505,3.542728,4.138736220097542
7.8281255,5.5419493,3.625801269840002
7.654375,6.3333316,3.5679011939603087
7.725,6.292415,3.835168071798086
4.5275,6.1175904,4.046615178073049
2.2512498,5.2012506,4.781143601961732
1.506875,3.5128725,5.145386628372669
1.4775001,2.1679182,4.944135325585604
1.51375,1.6167243,4.360836015400291
1.501875,1.5667591,3.196677506676167
1.48875,1.615401,2.4743119659034907
1.505625,1.5960181,2.088618841148168
1.505625,1.5495968,1.8670961329475044
2.16125,1.5167501,1.7538301809562742
3.379375,1.7323056,1.6945004440416394
5.3431253,2.4054585,1.8019694115714728
5.396875,3.6511765,2.1895399132965503
5.2000003,4.556963,2.327687588662356
5.0012503,4.7186136,2.4385887792401015
4.3743753,4.5230527,2.471737698947936
3.98,4.1860533,2.4996559569774566
7.7962503,3.8444383,2.537209077871293
7.9275,4.9579177,2.644827549831718
8.859375,6.0942526,2.555883177948445
9.335625,6.7688184,2.5942157152737675
9.55125,7.0675936,2.7141441827099024
7.9575005,7.214733,3.1353926504878697
2.2762501,6.8047514,3.6183834580117464
1.5300001,4.7526894,3.9258706157851218
1.4881251,2.5233047,3.900214060781598
1.54,1.6108629,3.525428579943031
1.5075,1.5544977,3.01705371415779
1.49625,1.6565893,2.7755454530148205
1.526875,1.6517272,2.510869586628824
1.53625,1.597195,2.0561596352134646
2.344375,1.5585228,1.8619270670945942
3.2675,1.8218981,1.743005063485205
3.23,2.4350412,1.6717608201485872
3.2575,2.8781374,1.6195791890694202
3.223125,3.0254385,1.7917401190911233
3.1806247,3.004518,2.2396589812512695
3.181875,2.9593217,2.4091340143425763
3.1612499,2.9460857,2.9681920781339706
3.205625,2.947406,3.4644610718260704
3.214375,2.9675303,3.7173545937067267
3.68125,2.9901636,3.279005410479158
4.913125,3.1743011,3.2242820047406853
5.17375,3.793869,3.1120859064547717
5.42875,4.3576245,2.960150334482044
5.33,4.677084,2.909015433756262
5.271875,4.732079,3.4929829290767014
5.0275,4.6835303,4.26714258544445
3.6325,4.5476737,4.939013104454279
2.285,3.997782,5.0319849263584615
1.501875,3.024516,5.103871440728903
1.5037501,2.0932848,5.106718005087376
1.4925001,1.6382794,4.0917910315346715
1.5150001,1.5374124,3.2701439838691053
1.4375,1.5594168,2.493958841475695
1.626875,1.5345142,2.124738712900728
2.0093749,1.5549381,1.9020281421642005
2.568125,1.724655,1.7926060487531124
3.1625,2.074354,1.7191503358791766
3.148125,2.5546448,1.8614968930129705
3.1343749,2.8471503,2.315145163631886
3.1349998,2.9240913,3.0175133904470504
3.1787498,2.908956,3.501485545053333
3.1787498,2.913723,3.6320366012918948
3.1318748,2.9384773,3.3358346359573305
3.4600003,2.9419286,3.3844853710643945
4.473125,3.0554702,3.346889192894548
5.89375,3.5384445,3.2679380958305297
6.23875,4.430139,2.6996538146184386
5.69875,5.1209316,2.549140727467984
5.51375,5.183786,2.9486062003694475
4.4575,4.9598117,4.289772373415827
2.75625,4.451568,4.98902413054049
2.37,3.4924212,4.9451575372123715
1.49625,2.6882954,4.624254051176906
1.50125,2.0057085,4.3652111130571365
1.48375,1.6664407,3.4202077603708205
1.495625,1.5572723,2.9058706578935682
1.465625,1.548609,2.2658992015518247
2.00875,1.526444,1.9912719215871393
3.2324998,1.6917762,1.8233467510929702
3.241875,2.3005145,1.7153698671776054
3.1631248,2.8266156,1.6610983634980023
3.1675,2.9918413,1.6223412335897982
3.1725,2.9556077,1.5675203509625792
3.11375,2.921688,1.7416848396934568
3.1975,2.9094584,1.9897541526077687
3.19,2.9351244,2.1606716044454277
3.2256248,2.9624746,2.3304739525701104
3.9425,2.990575,2.29150313099578
5.9631248,3.2661479,1.5987755478829146
7.834375,4.2394886,1.3099357787284256
7.81125,5.6024685,1.1024224330312014
5.889375,6.287024,1.4126371496362984
5.828125,5.8273096,1.7980687413077054
5.5243754,5.217617,3.146299696386903
3.9337502,4.8543906,4.543011350200772
2.629375,4.28263,5.107824736552239
1.7675,3.3225665,5.31756709363997
1.764375,2.3903756,5.387004127419591
1.9568748,1.9025519,4.385779733278751
1.526875,1.8595074,3.2582709400092065
1.5375,1.7807907,2.5108739720921216
2.110625,1.6531696,2.092567751508206
3.2399998,1.7706946,1.8844904750987885
3.2643747,2.3572247,1.7714238623483478
3.179375,2.863657,1.7010780409699677
3.1924999,3.0147707,1.6535151000998916
3.2324998,2.9751897,1.609551229222268
3.19375,2.9573963,1.8082645447956025
3.211875,2.9672925,2.296839442471713
3.220625,2.9808297,3.199544802315682
3.22625,2.9911237,3.6250653093630074
3.7350001,3.003164,3.8525990923696756
5.74375,3.1946845,3.9059869251948593
5.946875,4.0932417,3.714896342189312
6.2118754,4.896479,3.5147990142671763
6.058125,5.26158,4.730088835610747
5.825,5.261321,5.1636931468898055
5.64,5.1270356,5.712787438069582
5.166875,4.9602127,6.03431764667809
2.4731247,4.73004,6.2065316009378435
1.62,3.6694367,5.7782113742536305
1.611875,2.422415,3.8450218091487884
1.57375,1.7559861,2.8820045679508146
1.620625,1.6132442,2.312854357076734
1.5918751,1.6548356,2.0178641749869284
2.1118748,1.6618445,1.8596962616509198
3.315625,1.8145272,1.7705702917192876
3.2706249,2.4040794,1.716127555631846
3.2324998,2.8905826,1.668594714987129
3.2324998,3.0439553,1.9114014719446002
3.2581248,3.008899,2.3075638936261833
3.259375,2.9891987,2.4714191548411546
3.271875,3.010772,2.602630621984452
3.230625,3.0337107,2.6592429663686454
3.2024999,3.0301032,2.6754767554600534
3.2956247,3.0114837,2.6883464955239
5.504375,3.0330741,2.691175518029183
6.150625,3.853198,2.7141665087048708
6.225,4.8346257,2.730307804388553
5.18125,5.311623,2.908098074570149
3.035625,5.0303483,3.4159905393926797
2.82125,3.90958,3.7227901761245725
2.785625,2.9834797,4.000308672437668
2.419375,2.6352122,4.0946766663843395
1.57875,2.5036008,4.129163949754834
1.569375,2.0999343,4.06138781052947
1.5606251,1.7550644,3.55500553979516
1.558125,1.5975702,2.8914771686731275
1.5568751,1.5743477,2.2956932418371734
1.5525,1.5710868,1.990796896176338
1.538125,1.5572861,1.8054674165688454
2.11125,1.536871,1.712669817161113
3.2031248,1.7303771,1.6276382752352954
4.700625,2.3349187,1.6458106384433806
3.6162503,3.360162,1.7674087713603674
2.483125,3.6912246,1.9940084506846962
1.72,3.096229,2.309731508530527
1.72875,2.2169158,2.4538477994440493
1.735625,1.74493,2.546936035464853
2.7581248,1.6657706,2.599049691862911
3.3825,2.0846834,2.642971302821487
3.4281251,2.7057014,2.6668569280098375
3.4718752,3.1039157,2.669321558382958
2.9868748,3.2139423,2.794450387932807
2.925,3.0280404,3.2026082477681337
2.948125,2.8163505,3.878819378746152
2.945625,2.7341099,4.301458437067867
2.4356248,2.745249,4.343389845046401
1.7206249,2.581009,4.332678151603341
1.708125,2.1328592,3.956703612193465
1.769375,1.8017946,3.2170308405177295
1.745,1.7048994,2.7809124627338346
1.7299999,1.7201418,2.202788995935619
1.75,1.7265773,1.9473694471956788
1.7406249,1.7191893,1.7834611617426572
2.336875,1.7077152,1.6954166071923076
4.688125,1.9091377,1.6274817939312756
5.361875,2.9718916,1.7781077070920168
5.455625,4.171438,2.243946369642168
6.06125,4.7437563,2.437412677719444
6.379375,4.9884324,2.5491323552198706
4.7625,5.2155046,2.6162574524848163
3.611875,4.8527446,2.648818321432322
2.088125,4.003557,2.6474787617342175
2.83875,2.8843231,2.685444116178006
4.195,2.5047953,2.6999225239150224
8.763125,3.0902526,2.7270717311535773
9.1175,5.3243423,2.9961286753736434
3.7250001,6.828729,3.816464469513297
2.82,5.6843386,4.823716882295608
2.799375,3.6520965,5.235539793412089
2.161875,2.638683,4.816626784179211
1.61625,2.2970247,4.682508950905204
1.5918751,2.010729,4.461759878298044
1.6212499,1.7725458,3.8412184164345264
1.6175,1.6694577,3.155886319154948
1.55375,1.6533253,2.5401278030349315
2.4112499,1.6173085,2.2266473116479815
3.3062499,1.868975,2.102494845699519
4.811875,2.478018,1.8658827549888193
5.456875,3.4745715,1.7690266086386144
5.386875,4.3826056,1.8956189868943392
5.375,4.7271843,2.3192198570528624
5.225625,4.732493,2.4973890711311997
5.314375,4.6430955,2.5938122526504097
5.254375,4.619067,2.6539776196624336
3.3062499,4.631133,2.693660082326382
4.065,3.9750867,2.70072745576933
6.156875,3.6049466,2.718984538154751
6.2925,4.3383937,2.7326946924577653
6.47375,5.175168,2.7451613685767353
6.324375,5.527331,2.9347892002333698
6.0437503,5.485069,3.7213437705934047
5.934375,5.3168163,4.106622668406367
3.9393752,5.170346,4.432433089193106
2.3218749,4.4618196,4.52635217116952
1.611875,3.2331748,4.49932814897418
1.5612501,2.1922848,4.425624458084703
1.5656251,1.7130617,4.238423382345438
1.568125,1.6195294,3.225682960924953
1.55375,1.6343833,2.558783165223449
2.330625,1.6198081,2.1751137324406207
3.251875,1.8602848,1.9353461015482245
4.56,2.4514616,1.8278382628664374
5.7718754,3.3552976,1.751813067178726
5.683125,4.387098,1.8882761266206203
5.655,4.895625,2.345845001427382
5.6137505,4.9566116,2.508703167759925
5.698125,4.889439,2.619760241623968
5.6462502,4.889877,2.678641863925308
5.5525002,4.917192,2.7152608811368046
4.1925,4.898985,2.7364940983872112
6.59,4.4372373,2.7580944985191524
8.2143755,4.797154,2.758037886174768
7.443125,5.867891,2.7542002071110905
5.703125,6.346831,2.7885383847294745
5.5825005,5.751708,3.586477219130993
5.4975,5.082559,4.106904932771325
3.7806249,4.791732,4.422127250444293
2.3899999,4.2268457,4.232500614823103
1.585625,3.1979842,3.4332178352601823
1.56875,2.2212496,3.052745803899616
1.564375,1.729741,2.7919538632811602
1.6337501,1.6197103,2.5221856766499577
1.5906249,1.6540362,2.094102264983803
2.1087499,1.6499077,1.9118559654136
3.291875,1.8019933,1.7813222516889868
4.7381253,2.3879669,1.701506420998424
5.5062504,3.398939,1.6501069971001148
5.779375,4.363005,1.6122014444285633
5.5875,4.8598394,1.578849398034364
5.588125,4.922058,1.762341966537982
4.066875,4.861153,2.2042690897984802
3.891875,4.3307614,2.930719888971895
3.738125,3.7914827,2.879280796564668
3.4462502,3.5136185,2.5690714621190724
3.6499999,3.371837,2.1520709135623273
5.7406254,3.372751,1.939135939194113
6.616875,4.135138,1.8089554546041786
5.52875,5.1202846,2.117893004693538
5.58,5.270365,2.4515390523572265
5.7087502,5.0051327,2.6410692077858746
4.0793753,4.8644285,2.7774407705162463
2.39875,4.3689237,2.672613047926873
1.53375,3.2867627,2.620735807868391
1.6025,2.212395,2.5893418708364666
1.56375,1.7002473,2.5701419138421118
2.2199998,1.6046861,2.381100936910361
2.7649999,1.866009,2.0426109456954897
2.8799999,2.2839894,1.8962253768648205
3.305625,2.6033506,1.817213880010843
3.6725001,2.860135,1.7599207921193538
3.77125,3.1372232,1.7265474164263903
3.894375,3.3496456,1.7129847731615602
4.056875,3.48915,1.695810900210589
4.0325003,3.601072,1.8937910460563003
3.854375,3.6648512,2.801466730530113
3.6087503,3.618666,3.3992285013131798
3.405,3.4706793,3.7963638978290555
4.491875,3.294677,4.22952009449482
5.3225,3.586447,4.507483515993356
6.989375,4.236893,4.095218869119287
8.034375,5.1997313,3.590869858641028
7.11375,6.085854,2.817625966745466
6.070625,6.201369,2.7545510441748795
5.90125,5.686152,3.119860136845559
3.4750001,5.206539,4.907695315012336
2.538125,4.24729,5.634931112115979
1.5762501,3.143655,4.273770216522217
1.564375,2.2068436,3.524588963060826
1.573125,1.7510943,3.0526588919906317
2.115625,1.635972,2.5472127183310684
2.7575,1.8373114,2.139343501716405
2.88625,2.2434213,1.9421902150414883
3.2875,2.5863929,1.831531022302061
3.20875,2.8540192,1.7620313960008323
3.179375,2.968169,1.6924699745349585
3.3062499,2.9719133,1.9469165484406052
3.7050002,2.993944,2.3372750087873637
4.1425004,3.1791575,3.0500945919971167
3.8874998,3.5109239,3.6022465477913617
3.9450002,3.6379333,3.8844431374073025
5.593125,3.6234293,4.040993811482787
5.303125,4.163557,4.062383709376454
4.5625,4.621205,4.112625968981981
5.27,4.509818,4.113232757630944
6.19625,4.4537616,3.45451444238916
5.713125,4.859611,3.506243772730976
5.9812503,5.0883455,4.159759333788156
5.7200003,5.144957,4.444510655114055
3.6906252,5.0566983,4.6983077817732095
2.4031248,4.315669,4.760637972940207
1.620625,3.1578565,4.699362685035467
1.58875,2.18332,4.636983057736754
1.585,1.7255142,3.9269167481207847
1.549375,1.6281503,3.0983578116200863
1.5875001,1.6325598,2.468399962700158
1.615,1.6277184,2.1089947003239393
1.5593749,1.616984,1.9069851110649108
2.095,1.5859379,1.7964457212091982
4.20375,1.7474205,1.7242737530459462
4.52875,2.678685,1.9492988517072796
4.74625,3.6437204,2.3392317227749526
4.2599998,4.146596,2.971568884872943
3.411875,4.0555425,3.686705786756873
3.435625,3.5774114,4.005600730602145
3.7425,3.235202,4.1888333607357735
5.47,3.2595737,4.259348421129584
6.24625,4.018736,4.32156219817996
6.43125,4.923491,4.334091068142056
8.1918745,5.423372,4.323286083934307
8.086249,6.037909,3.870081143786907
7.0918756,6.4404626,4.531004749049544
7.4162498,6.2285995,5.243205583255887
7.95125,5.9794755,5.2948248783367875
7.0031247,6.074082,4.838664933283925
7.7337503,6.002749,4.638310657080412
7.1274996,6.0348186,4.466575116998553
6.071875,5.9651647,3.804508899207711
5.9231253,5.589687,3.0752854905341565
6.105625,5.2204604,2.4490058492852746
5.8143754,5.139573,2.1133524554668366
6.15875,5.1251936,1.9107412603791056
6.1525,5.1957455,1.8226845461350678
6.6125,5.27018,1.7455548117141424
7.0487504,5.43952,1.8811102795927226
7.1431246,5.6730347,2.3305477080892025
6.4431252,5.849174,3.0195311022423206
5.5687504,5.7030473,3.609424355173707
3.48875,5.273356,4.020712239767909
3.4850001,4.243263,4.1598239197021725
3.315625,3.4752114,4.2394352283316845
3.2237499,3.2025275,3.7566156532156465
4.100625,3.146863,3.5426919562131167
7.9675,3.440459,3.361383547770828
9.4275,5.041505,3.1718948549042643
6.938125,6.6981726,3.1684092089398206
3.1712499,6.5950127,3.8929884119814635
2.89375,4.844883,4.442614540255666
2.3037498,3.1648161,4.3523696791654825
1.66875,2.4220636,4.396545646995306
1.6625,2.041101,4.414741332894564
1.658125,1.831206,3.8574844984829424
1.6693751,1.7383806,3.075464098493904
1.6625,1.7155366,2.417810454137176
2.5112498,1.6976755,2.096609753293693
3.313125,1.9611299,1.886777892886847
3.75,2.5370998,2.0131181070029736
3.915,3.1076617,2.2281579044146835
3.93125,3.4576604,2.362421654012948
3.7156253,3.5666647,2.5886952143393454
3.4312499,3.4947438,2.8088068000544606
3.601875,3.3228471,2.9466598520223797
3.5112498,3.2635558,3.06930930009529
3.336875,3.2627692,3.189940637694448
3.8537502,3.2100399,3.2423349637435375
6.00625,3.333284,3.2182707305954397
6.161875,4.243494,3.133156064206213
6.21,5.0639367,3.028133387839347
6.0012503,5.360356,3.367402795485705
5.8162503,5.26984,3.7749126034492253
5.5325,5.111358,4.549898122291565
4.4125,4.938164,5.217804182480574
2.3037498,4.4744477,5.186247185949683
1.6025,3.3467524,4.897671740628481
1.629375,2.2547593,4.727800421126485
1.5812501,1.7323694,3.7918532494884727
1.5656251,1.6327057,3.130568640860766
1.628125,1.6427097,2.4473987763260303
2.35125,1.6495724,2.1138699401359258
3.2793748,1.8929734,1.9159137149991095
3.8437502,2.4787276,1.998486208050549
4.24875,3.1143327,2.229858268138617
4.34875,3.6040566,2.3658431127418575
4.005,3.8347328,2.5841478875784576
3.2499998,3.7813315,2.644176109192818
3.4075003,3.4050999,2.6775670267389713
2.966875,3.1662555,2.738875803636163
3.5768752,2.962748,2.9047252546159923
2.7575,3.068894,3.1305546871139107
3.3549998,2.9554553,3.1503215649090706
5.1600003,2.9772782,3.214214177045375
6.181875,3.7126017,3.829315471688509
5.779375,4.7452745,3.9504244261085986
5.653125,5.15215,3.8233863253104685
5.81125,5.0553303,4.036945630180836
4.708125,4.9582567,4.400323524286747
2.40375,4.610393,4.38841579539895
1.5331249,3.4966917,4.527851202260256
1.511875,2.290807,4.477088268557787
1.518125,1.6629157,3.771116386947632
1.5343751,1.5440515,3.0617348076237736
1.49375,1.5910486,2.4347144217561185
2.064375,1.5862955,2.0969320848460495
3.26125,1.7464063,1.899259718788117
3.3600001,2.346057,1.7806078198499977
3.4256248,2.8917608,1.7270290200321374
3.5093749,3.1308572,1.693010981234461
2.814375,3.1833732,1.6414425176599623
2.3331249,2.9534416,1.8006147020910679
2.445625,2.5453715,2.5909664856489
2.799375,2.3224456,3.0130378258128463
2.900625,2.4264245,3.3698100161574778
2.58375,2.6291459,3.3892455921344458
4.2787504,2.6285,3.130034013016969
5.60875,3.1364965,3.0409166146726907
5.93125,4.1548014,3.0792930066309867
5.8612504,4.920815,3.708070169227719
9.12125,5.122987,4.218022207086086
8.995625,6.058504,4.546337126094103
3.0268748,6.8257957,5.31080231716454
2.4,5.342903,5.51209508251369
1.59,3.2248755,5.315416621910334
1.58,1.9947547,5.355407263040543
1.5775,1.6539433,5.480811579421163
2.0506248,1.6577615,5.2363323662334675
2.790625,1.8538709,5.385048210788965
2.945,2.2541304,5.226089518684745
3.2937498,2.6238103,4.882238896606564
3.4206252,2.8908632,4.715183841898441
3.54125,3.0534003,4.681847941982746
3.588125,3.1676447,4.567657653931975
3.17375,3.2524102,4.648407588304877
2.52875,3.151565,4.6642494764488935
2.5437498,2.7780573,4.830252817322612
2.500625,2.4920952,5.027765313309431
2.25875,2.389827,5.13622818629384
2.2549999,2.302339,4.971707132014632
2.62,2.2222161,4.641660353682637
4.9775,2.3171859,3.805030370661616
5.15125,3.2845163,3.4845919430749115
5.324375,4.253601,3.223576742506772
5.69,4.663065,3.0669431433071193
5.57,4.8074207,3.298663050370365
5.1975,4.848624,4.733933690887094
2.4118748,4.711418,5.69252261085093
1.5768751,3.6303391,5.327361826575398
1.54625,2.3652008,4.019843120678067
1.5343751,1.6830914,3.3841863622032107
1.990625,1.5539253,2.7906509820033607
2.745625,1.7603194,2.277692509715408
2.85,2.1937442,2.044578424002081
3.2799997,2.5574193,1.9049974994949994
3.351875,2.8417108,1.827656664818078
3.3731248,3.015006,1.773746563182026
3.03625,3.090737,2.0276738583654166
2.5075,2.9877906,2.3897068106137214
2.421875,2.6803792,2.707332760852128
2.3437498,2.4168622,2.9354390461583435
2.34625,2.2838564,3.066189242298454
2.1574998,2.2526252,3.062768182248026
2.28,2.1811569,2.976582266778797
2.32375,2.161756,3.0066151154746112
3.066875,2.1901896,2.976427978206426
6.6262503,2.4914663,2.915216478858739
6.4900002,4.0395155,3.078576980078071
6.999375,5.2849855,3.894458738221526
8.72875,5.719681,4.261697434743047
8.041875,6.2477303,4.510579653081297
1.58375,6.4585705,4.556388607971668
0.64812505,4.5049996,4.519623275757432
0.63437504,2.008094,4.4076823316997285
0.585625,0.86614287,3.986017643586993
0.625625,0.72364956,3.0841285779340564
0.630625,0.8371631,2.4682544450543817
0.6125,0.8720078,2.1314161787886916
0.595625,0.81678724,1.9145195363490282
1.150625,0.7572763,1.7969034041060505
1.69125,0.9168733,1.7498920349152385
2.1743748,1.2784494,1.9639724125610292
2.5362499,1.7155339,2.357704888897389
1.9149998,2.1163726,2.7263277971069515
0.88687503,2.0979574,3.057348148290962
1.099375,1.5484725,3.2605944381998477
1.33625,1.1562761,3.2535035427264867
2.17625,1.1581752,3.0105349223054945
2.663125,1.5918093,2.9769538351236284
4.470625,2.1377606,2.774510483676642
7.5987506,3.1081245,2.9205687374739346
5.941875,4.955166,2.6638552777220306
5.5843754,5.5181837,2.811810045056194
5.4575,5.217602,3.4704831102903184
5.3412504,4.80018,4.09076802255094
5.418125,4.6446548,4.259361178840995
5.7381253,4.669001,4.34244019290328
5.483125,4.827015,4.420216783160567
4.855,4.8625712,4.06536741913259
0.728125,4.626225,3.1401867592288553
0.61,2.9274886,2.4632625917865334
1.2275001,1.4158473,2.0821273587718605
4.159375,0.98613155,1.8652406832942365
4.564375,2.2184632,1.7572624040041862
5.32875,3.6304126,1.6800798446844516
3.03625,4.485809,1.8347774611775576
2.58125,3.8796072,2.2924216862173377
2.2375,2.952286,2.5113117210648954
2.96625,2.3202262,2.6791864587311447
3.105625,2.4088967,2.7956284828458724
2.878125,2.7320185,2.606242649027556
1.845625,2.8474746,2.377655158794075
1.9656248,2.4099214,2.3097247309963405
2.4175,2.0144417,2.3804295623473823
8.1918745,2.0575273,2.4396225525428354
8.15375,4.3309984,2.369117060432583
3.429375,6.2173047,2.957516664432734
1.8418751,5.355555,3.627241296515465
1.8943748,3.117584,4.078840359739065
1.39625,1.9249573,4.296869647744894
0.58625,1.5513976,5.497073674684763
0.6675,1.2196114,5.791658002080321
0.63,0.948168,4.073723720106482
1.565,0.8147526,3.2858024799115952
1.428125,1.1255854,2.508508213982433
1.4825,1.3950993,2.1209676131434736
2.3743749,1.4802598,1.917691821026951
2.3731248,1.7725217,1.9817349342900514
2.6118748,2.0897331,2.244365580065548
2.666875,2.3315554,2.399017946550995
2.51,2.447744,2.6079023475463687
2.5049999,2.4313319,2.735681591641754
2.5268748,2.384602,2.840488981628567
2.510625,2.375755,2.909670063823014
2.463125,2.3803341,2.804214422625154
2.546875,2.367065,2.546287385575324
2.45375,2.38748,2.4440714057187733
4.09625,2.3828359,2.3542957892014087
4.825625,2.9525633,2.219640138655752
4.929375,3.7909245,2.160520505300909
4.593125,4.307205,2.2573507375498116
4.685,4.3026004,3.1201962228055296
4.135625,4.179654,3.5107328924335537
1.7981249,3.9608364,3.8542679604935643
1.5275,2.9637654,4.142317150219083
1.518125,1.9979876,4.218954317376017
1.4731251,1.5663276,4.143477304600477
1.5193751,1.5130655,3.143884103467017
1.511875,1.5550383,2.484923989726156
2.2424998,1.5599674,2.0957735251785814
3.24625,1.7942015,1.8700914043796062
3.305625,2.4040196,1.9170826403070984
2.6574998,2.8962796,2.1800579436299206
2.41625,2.8396888,2.318760579442084
2.388125,2.5067723,2.5579774360121785
2.3437498,2.2931774,2.6796995579369365
2.370625,2.2380912,2.7550537777401507
2.40625,2.2514699,2.6757024074806273
2.46375,2.2807705,2.4666748809103667
2.4287498,2.3192706,2.3488139600796996
4.903125,2.3349218,2.246992671919912
6.0825,3.2215323,2.1957628857155145
5.9056253,4.5191264,2.093976083244383
5.47375,5.142351,2.0971023205576835
5.421875,5.035027,2.0998719399692116
5.478125,4.8063097,2.3730013848786053
3.7425,4.724221,3.738329068622589
1.4556249,4.182164,4.235014681327939
0.54375,2.810927,4.76647701798141
0.579375,1.4853567,5.507843575186134
0.5525,0.8423555,5.514725563135147
0.5025,0.72962815,3.4300280087290704
0.545625,0.73524654,2.391488504747897
1.10625,0.72406304,1.7574346331082282
2.286875,0.8991132,1.3788184500794114
2.2881248,1.4870589,1.2131645508947968
2.1987498,1.9809508,1.1213339461441338
2.215,2.1367059,1.0495596597662569
2.2131248,2.0995853,0.9865754365502298
2.2281249,2.0733297,1.1346657545681298
2.1593747,2.0858574,1.3554925694791973
2.16875,2.0795412,1.6143951727734507
2.184375,2.0687454,1.8647405411390958
2.77625,2.0739856,1.7772250329338013
4.0350003,2.3060527,1.4095501821534335
4.1618752,2.9811451,1.336828037685603
5.0156255,3.5846481,1.336552550854832
5.021875,4.1051483,1.63032118207708
4.655,4.379406,1.914436411885619
4.59625,4.3400517,2.7230781688036023
2.700625,4.179025,4.211975849234461
2.1506248,3.4320962,4.255992345671654
1.50875,2.6003792,4.322829198394418
1.5525,1.9155214,4.273900983064174
1.5525,1.6309973,4.19951395725727
2.00125,1.5799464,4.203264724411964
2.7775,1.7540922,4.316906430872082
2.89375,2.1793697,4.282333032949567
3.2337499,2.5632432,4.0868234976541995
5.0012503,2.832074,2.5495944235800208
4.97875,3.5868943,1.9320966725841164
4.82125,4.224371,1.7190199680157003
3.766875,4.3944216,2.6003477889989317
2.720625,3.9539864,3.0583898951633275
2.6049998,3.1724553,3.651063930503726
2.54875,2.6405847,3.1062795530490575
2.2918751,2.45343,2.801678428803831
2.715,2.358605,2.459919672718495
4.028125,2.439174,2.5489732825057207
4.76625,3.0179965,2.5946522682110964
4.95375,3.8214655,2.5616699961085616
4.543125,4.306668,2.1817345859842
4.4768753,4.2878304,2.0779169153279065
4.431875,4.109353,2.145176566580385
3.829375,3.99476,4.236926743325591
1.454375,3.7779188,5.007364138050079
0.543125,2.7349668,3.868452940868139
0.543125,1.4947599,2.9684799239976702
0.52312505,0.82605594,2.4791280019609627
1.003125,0.6834686,1.97152537639454
1.7518749,0.8739416,1.4692949433673919
1.880625,1.3152629,1.2787354000993074
2.3118749,1.676134,1.129373297725171
4.00875,1.9623246,1.384319415768236
4.844375,2.7378328,1.3997446848990023
4.95,3.6964543,1.4510936759693922
4.823125,4.272902,1.7743888342158496
4.7581253,4.355714,1.8822831916855274
4.721875,4.265927,2.053415730563998
3.8637502,4.204675,2.157461245972514
2.7637498,3.917595,2.1615710230998695
2.438125,3.245014,2.178982907104343
2.370625,2.653075,2.196651141372472
4.52875,2.3595853,2.202259750251323
5.091875,3.0912979,2.192439900571555
5.63375,4.081112,2.2232449894861874
8.5975,4.7344904,2.2025583604340255
8.735,5.8540244,2.79011794887349
4.00875,6.660917,3.2579803033961356
2.66,5.554028,3.5622949771523476
1.5150001,3.618815,3.6280992526078224
1.5300001,2.1874492,3.718113677535653
1.5475,1.6356765,3.548890609244704
1.5225,1.587403,2.650383931829482
1.554375,1.6343101,2.2085493019767104
1.5762501,1.6282624,1.9194886649434266
1.513125,1.6072937,1.7448100803105533
2.130625,1.5615273,1.6746472523552178
2.668125,1.7367303,1.6272840494044125
3.9625,2.1287339,1.8551435527305304
6.2125,2.8914752,2.2776534392242134
5.513125,4.265857,2.485603337858766
0.6875,4.927222,2.3922878551034628
0.599375,3.2121956,2.2959926493768394
0.651875,1.4379365,2.2263690340678393
1.898125,0.7216504,2.166729523973018
3.191875,1.1476631,2.1500083504378793
3.32375,2.1750216,2.1541863015855847
6.11875,2.93944,2.177315235015899
8.835,4.1564074,2.1748324647718666
8.37875,5.9144425,3.060962966083437
2.485,6.7271986,3.799158633984923
1.64125,5.0084925,4.150069054614901
1.6075001,2.6599422,4.211388197152615
1.6337501,1.6185466,4.234095328749418
1.6487501,1.5490488,4.2496748864525555
1.585625,1.6939131,3.6566215085369347
1.6212499,1.714579,2.6415898818828163
1.6475,1.6710492,1.8655163694642483
2.269375,1.6465442,1.4699822650696337
2.83,1.8504735,1.2170698059611023
2.713125,2.267534,1.0638445091004671
3.221875,2.525255,0.9901707190971077
3.22,2.7605727,1.1340055430026352
3.6499999,2.9186535,1.580090484147519
3.116875,3.1329017,1.7503285878525674
3.193125,3.1021369,1.8397573540909586
3.0268748,3.0030153,1.8952005738279223
2.638125,2.8966687,1.9178058430726825
2.6799998,2.7072465,1.9375412252677975
2.7012498,2.574793,1.92731492287606
2.7675,2.5465915,1.933726071538329
2.799375,2.5966218,1.9435851910485327
7.42375,2.6471179,2.1673831573435662
3.0549998,4.319911,2.705953731984347
2.76875,4.3677363,2.982888164321929
2.79,3.3419743,3.4753549613352117
2.29125,2.6445704,3.702152185847163
1.549375,2.3496993,3.7202745149058103
1.5306251,1.98124,3.728381243150234
1.520625,1.6917319,3.048700014668554
1.554375,1.5550483,2.605399045360535
1.554375,1.5528058,2.113086138241142
2.401875,1.5680062,1.8959831796872615
3.2312498,1.8596934,1.762996197926253
4.000625,2.4516828,1.852085290098339
4.284375,3.1509705,2.1389946580450236
4.183125,3.6696033,2.2972281539912522
4.22375,3.81169,2.517197012809962
3.476875,3.8013148,3.2370233703334628
3.3837502,3.533387,3.518930120693296
3.3274999,3.264149,3.676428652858734
3.2493749,3.1233065,3.3946014388559758
3.87,3.0737,2.9297662500439583
5.595625,3.2815113,2.677108945163637
5.8762503,4.110128,2.5035024069677294
5.91875,4.853877,2.3235347542589904
5.920625,5.1380925,2.404165683105141
5.9825,5.137255,2.876002064732164
5.24,5.1232896,3.3180232761143147
2.8574998,4.9059463,3.6268298603224753
2.27,3.8608007,3.65458505885303
1.59,2.7782397,3.6677215148210522
1.626875,2.0099602,3.6469942205637693
1.554375,1.7193719,3.4235769922186434
1.5606251,1.6456919,2.4784689864309133
1.544375,1.6287944,1.7792098537543415
2.38375,1.596717,1.4014420585343241
3.2712498,1.8623827,1.1590164382052421
3.6768754,2.469462,1.2005996005301178
3.94875,3.054317,1.456710059078634
3.395,3.4322019,1.5959853965295852
3.3543751,3.3759851,1.8253730344755947
3.3531249,3.1857042,2.527401985902935
3.4681249,3.086537,3.099600093768686
3.5062501,3.1295002,3.4524919464521107
3.518125,3.2090783,3.626834644464254
3.564375,3.255667,3.712864676647186
5.88375,3.2841125,3.7447087216848134
9.610625,4.1185713,3.4666239025886356
6.6893754,6.090506,2.9834044529555737
5.8125,6.439435,2.658778505937606
6.133125,5.703019,2.4535180923397837
6.606875,5.1620545,3.11265362461254
4.49625,5.2767587,3.5335877344077824
2.421875,4.859602,3.991257076191902
1.6062499,3.5694704,5.222423271368146
1.604375,2.3218744,5.652148441021442
1.5625,1.7373323,4.365198355345726
1.59625,1.627432,3.46692051937893
1.5500001,1.6569332,2.5818040567852556
2.1831248,1.6346215,2.150161243635565
3.35,1.816189,1.914326575963944
3.96,2.4374657,1.7883995920939741
4.344375,3.1573997,1.730084093236476
4.0993752,3.69306,1.6925062542767821
3.40625,3.7949305,1.6334934667550027
2.6625,3.494774,1.8134740765143929
2.5049999,2.9505062,2.0411661348782477
2.54875,2.5322816,2.6190043472228943
2.40375,2.4017057,3.6639125406080484
2.3262498,2.3685715,3.8807258592450617
3.87,2.3160553,2.364813724902421
5.73375,2.8205805,1.8096726771925389
5.8943753,4.023075,1.3952467942698301
5.428125,4.9211435,1.6117503397266568
5.574375,5.0057616,2.1268106449694932
5.405,4.863596,2.4228043007974325
4.291875,4.7542777,3.610791025008559
2.385,4.3487434,5.079453181089162
1.526875,3.3131254,5.492311061543822
1.5425,2.227309,3.7478447266209125
1.570625,1.673138,2.864078787383586
2.0268748,1.578371,2.2951871195048095
2.7949998,1.7849681,1.9846247552637755
2.9424999,2.2226772,1.8489755979420244
3.2168748,2.607162,1.7637911628185212
3.4068751,2.8556423,1.7292897263619302
3.4675002,3.0219877,1.705602443718165
3.410625,3.1288135,1.8975876612363753
3.5900002,3.1576333,2.149424087123126
3.54375,3.2166033,2.222135865950435
3.453125,3.2634568,2.474280470303446
2.693125,3.247607,2.5739321501664816
2.346875,2.9388154,2.7961395886592566
2.410625,2.5262709,2.701999240125567
2.5649998,2.3135548,2.728340326081961
5.4743752,2.3509903,2.6649791523616013
5.948125,3.4739664,2.508201630230099
5.413125,4.707125,2.462163036534339
5.4756255,5.023516,2.432656044755727
4.18,4.869467,2.4417718282370267
2.78375,4.3270984,2.458220505030006
2.441875,3.3863068,4.127662526593208
1.5425,2.6660483,3.1584255024041235
1.4993751,2.0367825,2.962383332657367
1.52,1.6877412,2.746308765246719
2.004375,1.5717852,2.4219088689278063
2.7099998,1.7408082,2.009636647162586
2.6612499,2.149949,1.8325265224705636
2.3056247,2.4563148,1.7103319665451346
2.60125,2.4047544,1.654602296319157
3.12875,2.359026,1.619734673677236
2.94375,2.5766819,1.8953747963243721
2.5337498,2.7520337,2.2763802594932914
2.423125,2.636329,2.730457308819145
2.3806248,2.4183805,3.05398928208366
2.45375,2.2902982,3.1987661832411587
2.191875,2.2913966,3.3072968315674363
2.2775,2.2253299,3.0963955161337555
2.7424998,2.1757743,3.004825447770804
4.636875,2.3401558,2.925304240478128
5.039375,3.209405,2.861409236270934
4.268125,4.113649,3.056276500532478
1.940625,4.223574,3.7387572493118046
1.8081249,3.133687,4.11264590290606
1.7818749,2.1380715,4.3445165104353425
1.28875,1.728037,4.458654970283508
0.555625,1.5521753,4.529350233350992
0.56187505,1.16604,4.308318099021911
0.57875,0.8383155,3.40195586080566
0.52500004,0.711157,2.8666371071998773
0.568125,0.6858786,2.2967979799096283
0.53125,0.6821021,2.0347155170463025
0.564375,0.66412526,1.8534934224952757
1.0625,0.65838534,1.7607610070192812
3.913125,0.83995646,1.6938067434836923
7.638125,2.009396,1.944687537050098
7.7237496,4.532492,2.3341601338107885
7.5037503,6.02293,2.6524861634628474
6.7356253,6.239886,2.9199507858274876
6.800625,5.827894,2.8623537055937947
6.1356254,5.5649247,2.8595605641518533
1.848125,5.3615146,2.8439347597448528
2.2549999,3.837267,2.878329549707621
2.409375,2.5427725,2.909527735605091
2.5024998,2.1875112,2.9375970927791295
1.825625,2.357771,2.9724499643172324
1.848125,2.2256298,3.815611297562718
1.15125,1.9748079,5.3949721155524255
0.60875,1.5838453,5.03651471126616
0.62500006,1.1173538,4.804000636667609
0.64250004,0.8270955,4.759006580593586
0.588125,0.74235755,4.847558652850985
0.61187506,0.72884375,4.181552694305181
0.62937504,0.7285354,3.246447730959505
0.59250003,0.72873974,2.562811412601322
1.304375,0.70993245,2.18181531837672
1.848125,0.9476824,1.944378959905356
1.8549999,1.3819131,1.8321282426674663
2.6049998,1.6917752,1.7427479158645867
6.2431254,2.0447068,1.9117323750843107
7.214375,3.6189322,2.3679521219094095
1.8731248,5.312168,2.7664519955284894
2.1187499,4.237786,3.1092835954077542
1.400625,2.6073585,3.1988351546184717
0.90125,1.6499286,3.0279695309834183
0.73,1.2477571,2.7075340934853256
0.57125,1.028358,2.506041191538423
1.4175,0.86532915,2.4069014148457346
3.3862498,1.0933416,2.2987130319958924
2.338125,2.0243921,2.225191736511737
1.89625,2.490759,2.7414588415183125
1.856875,2.2311642,3.5757121027714014
1.8812499,1.8666501,4.015968763194084
1.283125,1.7607241,4.127282984678745
0.566875,1.576787,4.2547030194622275
0.635625,1.1371922,4.232671249213219
0.584375,0.8181924,3.8510306912231442
0.62,0.70909405,3.0424248153685034
0.62,0.72008836,2.395775893138796
0.69437504,0.7336269,2.0559907948765157
3.6925004,0.7548332,1.8667825723217426
4.153125,1.8168317,1.9272999724330007
4.20375,3.0908139,2.2015897710630297
3.7450004,3.7650998,2.360997175798267
2.3775,3.6492581,2.552406302910596
2.5493748,2.952989,2.702252400961369
2.5575,2.4538167,2.794041742489189
2.40125,2.3457615,2.823596974364072
2.2568748,2.3538563,2.910424762188643
2.2724998,2.2821398,2.9306489242021736
2.629375,2.2154942,2.921608490953892
4.4675,2.323611,2.6546956396077572
5.2356253,3.1000586,2.4301611148180067
5.7406254,4.0969324,2.3335748737998308
7.5475,4.769743,2.3242386211182176
2.7499998,5.5378466,3.3447379238079487
0.531875,4.546425,3.8841784148955343
0.543125,2.3381531,4.054398976747393
0.541875,0.9657353,4.191598594684005
0.5425,0.6245378,3.785101230724454
0.548125,0.7062255,3.1548672969560325
0.529375,0.7693156,2.753734550644606
0.55875,0.73845613,2.1923641516600547
1.353125,0.6993543,1.932109230956286
3.9106252,0.9596198,1.7840659569992123
4.656875,2.122784,1.8714931579208374
4.606875,3.45464,2.1273536450614032
3.710625,4.109078,2.2120148146778345
2.4737499,3.8292167,2.1468330756713447
2.401875,3.018127,2.2355490047846733
3.1612499,2.4224136,2.4379317571024597
3.651875,2.5218327,2.4557156081302463
2.348125,3.0041237,2.3517047777496276
3.53375,2.870476,2.2754810401780903
2.598125,2.9121358,2.2117251747609674
3.620625,2.7736812,2.2045346096672116
4.1406255,2.9625623,2.095828542809039
2.9937499,3.3974526,2.089559722364694
4.4612503,3.3168306,2.2431266866840422
2.7499998,3.5143812,2.972972631806582
1.5174999,3.2344127,3.4092532717324793
1.53875,2.3722796,3.4071016039673983
1.52125,1.7163743,2.6306015055735408
1.5306251,1.5086218,2.2865599165026844
1.513125,1.533054,2.0236091319064795
1.515625,1.5600318,1.7053245648165045
1.5150001,1.5461404,1.3107688174156844
2.24,1.5228337,1.1355643758656084
5.238125,1.7658646,1.018006650020182
5.6800003,3.0909805,0.9269925387997926
5.388125,4.466482,0.8894808804680407
4.835625,4.880183,0.8419169429017604
3.25875,4.586334,0.8238025874127447
2.6506248,3.7553353,0.9851461741937697
2.665,2.9474013,2.03201048354879
2.476875,2.56068,3.816727597311139
2.315,2.44857,4.670470455475449
2.2806249,2.3676689,5.073849356352091
2.4925,2.281555,4.9682178979438545
2.8431249,2.309031,4.951226221058965
4.92625,2.4885364,4.71493107974112
6.59,3.3798008,3.181039741914719
5.75,4.765597,2.818080061535984
2.0024998,5.2405753,2.5493787385214866
0.63500005,3.8147814,2.456503396809846
0.556875,1.9208992,2.160461102207154
0.50437504,0.86545175,2.04576748257339
0.52500004,0.64363164,1.6946979892292617
0.5375,0.6999609,1.3452319807380437
0.565,0.7359335,1.1670328657735884
0.513125,0.727926,1.0485320659799875
1.2162501,0.68755823,0.9565413918189705
4.0212502,0.89574075,0.9162437682579458
4.78875,2.10139,0.891886905104369
4.681875,3.523361,0.857638230805099
4.82375,4.214096,1.0930052486178279
4.920625,4.2708592,1.3604848214255274
4.74375,4.262763,1.4931656181126833
4.6331253,4.240054,1.8431672511439023
2.308125,4.1904044,3.292883408422917
2.755625,3.3239117,4.242820805997252
4.0956254,2.7055655,2.869939361062795
6.0037503,3.0136833,2.606116666627377
7.019375,4.2508135,2.0107043081362543
5.2337503,5.426213,1.5737034555333853
4.67375,5.3407536,1.3082140857057274
4.6493754,4.6563463,1.113194924942702
2.5075,4.1865005,1.3150434480951727
0.673125,3.3552115,2.0520959054507313
0.714375,2.0024204,1.9715034490780532
0.654375,1.1105568,1.8914492086555061
0.66,0.82447517,1.826159228441268
0.67125005,0.83063996,1.7832584337347746
0.664375,0.84748787,1.5446080992870033
0.6475,0.8194847,1.2030777859716117
1.3468751,0.7773755,1.073884030623585
4.05,1.0026029,0.9577653347574175
4.626875,2.1892369,0.9125747301919759
4.7275,3.5007176,0.8828897284713388
4.793125,4.17024,0.8893883870603144
4.6200004,4.255428,1.9361958847317098
4.6331253,4.166789,2.488706651159376
4.335625,4.107688,2.873919767022878
2.39125,4.018282,2.938701432173103
2.29375,3.2447114,2.513710569488555
2.355,2.5264008,2.422356983541101
2.4475,2.2365468,2.330731897547692
3.5793753,2.2944295,2.236644373912811
4.981875,2.77683,2.150620122567862
4.6043754,3.7120554,2.119361736219674
4.15875,4.2132607,2.2296154729433355
1.4112501,4.0769963,2.9202924532862005
0.551875,2.8271177,3.459975540229827
0.531875,1.4761554,3.9428997684472797
0.52312505,0.77495354,4.819806643748283
0.535,0.6557285,3.4767339902029932
0.503125,0.7013792,2.311759386627078
0.526875,0.70643103,1.7075774969159065
0.53125,0.6796835,1.3180462944184244
1.12125,0.65687495,1.1203603732921184
1.7768749,0.851271,1.02412457065925
1.7175,1.282001,0.9573841981290281
1.708125,1.5871826,0.9193056189964712
1.7225,1.6696979,1.1679958736458422
6.75,1.6554908,2.1306028746862706
3.7718751,3.4479756,2.786396285247952
1.8824999,4.2207828,3.156077684826106
1.0393751,3.1786528,3.072746307284981
0.48000002,1.7972012,2.6397081194497645
1.730625,0.9336676,2.431508648085743
2.194375,1.0992773,2.5679970236112175
2.993125,1.6930356,2.774441512299329
6.87,2.3703613,2.4254132527808845
6.1262503,4.166368,2.7671999163599312
2.4031248,5.265772,2.5014252920787037
1.1768751,4.148623,2.8140075608466564
0.57625,2.2866867,3.0745567062698305
0.57500005,1.0886385,2.806356522106677
0.53125,0.722201,3.272938720024973
0.55375004,0.7158343,2.7906713146059214
1.043125,0.74345815,2.222919667845219
1.5174999,0.9060219,1.9547477898542582
1.500625,1.2255398,1.7682745016831158
2.284375,1.440793,1.6724427596913276
2.72125,1.7634845,1.6175331711019576
2.0893748,2.1795325,1.5867579830734433
2.2124999,2.2347496,1.562357065947652
2.180625,2.1280935,1.8013546493528783
2.2112498,2.0551672,2.941599027377218
1.6481249,2.0659328,3.5469155560469625
1.6893749,1.8862966,3.8483970211738345
0.86499995,1.7201469,3.8459842190033195
0.415,1.3506291,3.3022750774134693
0.47000003,0.90223104,2.87585455369398
0.403125,0.68036765,2.6545744413493573
1.329375,0.6645437,2.457884817748517
1.7531251,0.89267194,2.316485919365436
1.801875,1.3600448,2.2361318727247417
1.7375001,1.663686,2.267939638020545
1.105,1.7173102,2.389868275398761
0.53437495,1.4540718,3.171706678660959
1.0275,1.001995,4.066447040460706
1.49875,0.8851333,4.199354485864639
1.52125,1.1502258,3.0313662716464695
1.44375,1.4216322,2.1073788564381
1.51125,1.491731,1.5706521697746219
1.52125,1.4801384,1.2298352916020157
2.52375,1.4750834,1.0655065996901691
3.2312498,1.8380115,0.9820006009741128
2.71625,2.4719474,0.9390529615460337
2.2199998,2.709289,0.8839532033209503
2.188125,2.4548993,1.0978703221285344
2.188125,2.1652942,2.1348336507327854
2.21875,2.0607946,2.8216079674194754
2.185625,2.084094,3.1972376499427853
2.1443748,2.1050422,3.4954220440270007
2.17,2.0863798,3.6783877589172125
2.2,2.0734403,3.7151124259263275
2.220625,2.0891857,3.716227130960822
3.37375,2.1158547,2.8898900296379626
5.0906253,2.5420728,2.7693388264136014
3.4906251,3.575508,3.0885686601834
1.783125,3.802628,3.8683277558249234
1.0618751,2.8439736,4.564931490474939
0.53375,1.7160326,4.288574743257165
0.53375,0.9864373,4.077249632597566
0.51750004,0.7227468,3.9354739830493926
0.475,0.6826447,3.0913793434785304
0.53312504,0.669643,2.1059868705196676
0.52625,0.6645736,1.6703494983237983
0.52750003,0.6573725,1.3567763141898812
1.3687501,0.64561224,1.1943951666605472
2.36125,0.9307549,1.105357304673344
2.4,1.56719,1.040985281662941
2.419375,2.0750892,0.9847815827223659
2.491875,2.2693837,1.1953256822365523
2.3787498,2.298447,2.200383569317013
2.435,2.266938,2.8058801013211903
2.4968748,2.2661347,3.218726420099884
2.51875,2.3086562,3.4898696488140524
1.6337501,2.3571155,3.5718895734900236
1.1850001,2.0447924,3.638516721331477
1.143125,1.580253,3.570910419139266
3.6550002,1.2784061,2.859092116935998
4.743125,2.0765212,2.5686919202046097
4.4012504,3.3892646,2.389218828152269
4.27,4.08505,2.324724809526503
2.544375,4.0158334,2.6958177302686868
1.311875,3.227759,3.321636897871345
0.52,2.1372838,3.4720136369811
0.4875,1.1993545,3.462478045058697
0.51375,0.74602324,2.466455209067017
0.530625,0.6569333,1.7712462510848044
0.49625,0.68935865,1.3718379885454477
0.536875,0.687688,1.1288346830965579
1.2106249,0.6678691,1.0069321591588856
2.293125,0.8903805,0.9280027900721133
2.315625,1.497708,0.8877880916352571
2.40875,1.9936541,0.8534933699713648
2.3525,2.2204916,1.0359880462355913
2.338125,2.231809,1.3211396407569946
2.6543748,2.2004437,1.4251995085908473
2.324375,2.3095431,1.5016961415830254
1.6931249,2.3145697,1.5465709927910567
2.023125,2.0118082,3.3684445423580707
3.985,1.8712776,2.9671144501982627
4.13,2.5933757,2.4290946498797834
4.5393753,3.4181113,1.8633312127067148
4.8143754,3.9415476,1.3550623953975738
4.3862505,4.1575985,1.5463389619147778
4.458125,4.1081576,1.7283416689327358
2.1499999,4.0133386,2.119326054495573
0.518125,3.1590238,3.700724916883111
0.48625,1.7867647,4.06770048560679
0.47812498,0.8874217,3.0885810192163285
0.50374997,0.63216347,2.3176460737468303
0.48687497,0.6620588,1.6484913525535168
0.5025,0.6860261,1.2946414754788578
0.49,0.66815335,1.086966864335835
1.10625,0.6366292,0.9930894442607463
2.8825,0.8329303,1.1132373842009902
3.283125,1.656156,1.3098725881890954
3.17375,2.5472238,1.3832501600806415
3.3106248,2.9443977,1.7042596945922075
2.760625,3.0103583,1.9658083269686997
2.524375,2.8101602,1.8834842106112837
2.3799999,2.5420709,1.9380858200736342
1.968125,2.3433642,1.9311549940106272
1.1437501,2.1150584,1.9445029489131271
1.1543751,1.6705006,1.754309193151891
2.7593749,1.3276322,1.7085630301223693
4.4543753,1.7675143,1.3676235583166778
5.0837502,2.9651952,1.077654333023876
4.379375,4.0864806,0.9458237181986869
4.316875,4.253659,0.8324258036300539
2.59375,4.0067496,1.1035943484278024
0.513125,3.232807,1.337005050931424
0.474375,1.8803035,1.4779151694960893
0.53312504,0.92602915,1.539920836379081
0.50875,0.6384477,1.3473045108245314
0.501875,0.6685359,1.0752467136736215
0.509375,0.7020741,1.123994726330191
0.52500004,0.682855,1.2709246906274558
1.186875,0.6532195,1.3462787110914292
2.450625,0.87271905,1.3769915059375764
2.55375,1.5424845,1.4240557000271976
2.479375,2.133568,1.4434713420800864
2.4712498,2.3617039,1.8072176151029764
2.548125,2.3452542,2.189177713896036
2.4968748,2.3332136,2.2050979423616823
2.3643749,2.3448849,2.095454183714837
1.7924999,2.3067138,2.04208588613525
1.143125,2.0425682,1.999159177327454
1.20375,1.5963243,1.9896209939949212
6.596875,1.3016438,1.9758637956310807
5.185625,3.1455183,1.9601299493555724
5.270625,4.6541853,1.9641239103840291
4.66625,4.8945336,1.9740842942285537
4.1287503,4.4336834,1.984309001906365
1.653125,3.9749887,2.414097162759751
0.55375004,2.8559556,3.178276900037378
0.64812505,1.5785452,2.956075043043345
1.4418751,0.8891849,2.3764124779669937
1.50875,1.0495337,1.8497590011583267
1.47375,1.4124703,1.377026788983196
1.480625,1.5628395,1.1372222803312542
1.506875,1.528051,0.9923803945812584
2.1343749,1.4854528,0.8998429328827561
2.6775,1.7019863,0.8688387040665746
1.87375,2.1182477,0.8370016359023751
1.715,2.1286762,0.8126979963260889
1.8149999,1.8692324,1.0930973433470728
1.675,1.7208099,1.530303515367955
1.7206249,1.6708118,1.7421760115827618
1.7268751,1.6702946,1.892843586644828
5.79625,1.6791772,1.999315259952992
6.05875,3.139902,2.0153222009883818
4.42875,4.705539,2.0592557723014053
6.98375,4.7402997,2.1055830092178285
7.9256253,5.0193596,2.142638579366654
8.955001,5.7756095,1.8469515072910487
8.403125,6.585888,1.5924208122257888
7.54875,6.769349,1.4412108350895345
1.55125,6.390478,2.2487303120818734
0.574375,4.260909,2.912238749279827
0.63937503,1.9313632,3.1646891400282082
1.55875,0.87526125,3.3151412293709814
1.511875,1.1033673,2.774964977145642
1.5425,1.5168254,2.1244106005103887
1.5575,1.6721827,1.5289633576521278
1.5325,1.6310968,1.2156235997691751
2.2475,1.5599185,1.039499008283615
2.7649999,1.7693729,0.9509140450514854
2.05,2.1992538,0.8875566587767005
2.23125,2.243957,0.8616052810360492
2.4325,2.1443484,1.0747686981742084
2.56875,2.1698291,1.5184926653511823
1.8931249,2.302375,1.711978508674055
1.67125,2.1461687,1.8792321052660046
0.89874995,1.8527899,1.9445406240296363
0.376875,1.3926558,1.9807830894152818
0.394375,0.89326894,2.1196507781188187
0.423125,0.61068463,2.0588638713540135
1.315,0.5676271,1.8367578965348004
1.74875,0.8836658,1.8732830249638854
1.783125,1.3575059,2.5561403255690633
1.7531251,1.6575441,2.8639021728162466
1.0862501,1.719287,3.236052588230818
0.5225,1.4522212,3.5232358482943473
0.529375,0.99425995,3.516886494796723
0.5125,0.70121795,3.5792396099764106
0.52750003,0.61766887,2.7625840169002114
1.4075,0.63242435,1.8746989315912126
1.4687501,0.9660778,1.4441379325012864
1.45875,1.301126,1.1614384099808337
2.398125,1.4476694,1.0198102714708448
3.379375,1.776599,0.9342034364961088
2.5618749,2.456506,0.8857956959235669
2.4781249,2.6696277,0.8412336079843343
2.4049997,2.5060184,1.0284119590501488
2.3925,2.3086874,1.7020589893738924
2.415,2.2506354,2.104038528780192
2.36125,2.2700243,2.325735658816546
1.5825,2.273433,2.523860923629552
0.95875,1.9665909,2.422921910949498
1.1656251,1.4619796,2.3272149553224444
2.8249998,1.1925865,2.2251987133851645
3.8768752,1.7477937,2.019456098163873
5.071875,2.7828603,1.6485264362598957
3.2875,3.8813646,1.4974603820554913
1.8749999,3.7973168,1.9603260991685092
1.073125,2.766495,2.716056643386036
0.52625,1.6963865,3.290750877224952
0.53312504,0.99577796,3.370990503141433
0.45374998,0.72601753,3.4553229623498023
0.515,0.65794337,2.857952693835646
0.48000002,0.6620133,1.877953942054063
0.513125,0.65196073,1.4432680160544813
0.518125,0.63818765,1.1716647123725712
1.34,0.6269322,1.0153386936214568
3.775,0.9164569,0.9354895732776821
4.6162505,2.0560474,0.8880071654608847
4.5525002,3.392077,0.854607277648896
4.4975,4.067707,1.062653656475991
4.564375,4.078006,1.5672948982812465
4.796875,4.0185237,1.8097743402053414
4.655625,4.1077247,1.944577701128423
3.87,4.176489,2.0254263084255157
1.0662501,3.9165378,2.0990580378490686
1.04375,2.629691,2.1186903616566957
1.22875,1.538602,2.093456804522127
3.2806249,1.1832159,1.8833020145452022
4.9049997,1.9687777,1.578220084051192
4.3762503,3.3827617,1.4633960965539516
2.335625,4.1161847,3.2995034646095336
1.30125,3.336704,3.4483010382537542
0.52375,2.113431,3.8389148521679637
0.48562503,1.1397916,3.779380991870761
0.515625,0.7122195,3.582968848493099
0.51687497,0.6448366,2.596313960122317
0.4725,0.6771828,1.8240137401926517
0.496875,0.6696376,1.4571478080514073
0.53125,0.6426186,1.5077104058168829
1.1475,0.6315465,1.516490900695175
3.8831253,0.8539626,1.5297288203367592
4.6462502,2.0246596,1.5333370599342884
4.6800003,3.412129,1.5287769754619898
4.79,4.145253,1.7394055948142706
3.6525002,4.2359524,1.9912519876630603
2.4712498,3.8128207,1.8300519251354037
2.4643748,3.013944,1.7544090621115267
1.8656249,2.4653249,1.7349854464890062
1.004375,2.0948083,1.6604345638261735
1.03875,1.6072223,1.6513618376208843
1.145,1.253092,1.6437008319188655
2.475625,1.16369,3.0932044935671983
4.1662498,1.6612422,3.7156681837296484
2.6587498,2.779171,3.5928592642641064
1.8449999,3.051481,4.506452533439994
1.368125,2.44493,5.072198030081391
0.546875,1.7239976,5.642691787438393
0.4975,1.1001143,5.682842697318196
0.529375,0.75163484,5.471027212126255
0.5375,0.652433,3.41532394897148
0.53625,0.66412926,2.3562269877661763
0.506875,0.6776,1.7651151740558444
0.539375,0.6580859,1.7489248409189282
1.141875,0.64105076,1.6771065005688368
3.789375,0.8518628,1.681383921997696
4.765625,1.9864101,1.6697678264191746
4.82,3.4202273,1.632351651583761
4.7850003,4.219869,1.8505958272911607
4.72125,4.3017783,2.0829946838085354
4.68125,4.205599,1.9432845874734221
4.4225,4.152057,1.993382924147099
1.986875,4.068026,2.061655218742788
1.4350001,3.1306946,2.14069063630566
2.7112498,2.0731196,1.9343458172379433
2.97625,1.9947531,1.7986017744375764
4.2850003,2.4762137,1.4416760928775372
4.8793755,3.282603,1.1040893077626825
4.42,4.0088487,0.939999224922061
1.863125,4.1670303,0.8416715562963486
1.9199998,3.1228626,1.1039758837346734
0.665,2.1705613,1.3404065757362544
0.48562503,1.3639549,1.4767263102640211
0.51625,0.8822999,1.5478999875093997
0.51375,0.6963758,1.344748184400648
0.48375,0.678934,1.0720349598260224
0.5125,0.66704065,0.9437232806184889
0.50437504,0.65131533,0.8511427616439761
1.1081251,0.6315101,0.8095906962406635
3.3075,0.83307844,1.1059617012514174
3.1775,1.8027482,1.2296929633840918
2.513125,2.6681924,1.315156672783941
4.35125,2.7397294,1.6938147170533238
3.31875,3.1247008,2.1763964804551006
2.34,3.2660615,2.1177777866123617
2.476875,2.8328016,2.1494978426422175
1.706875,2.4091208,2.124452860429436
1.045,2.0089939,2.1092026111520825
1.078125,1.5406058,2.1145905514913794
1.168125,1.2345033,2.102086598934382
2.99,1.1719223,1.8212203994114695
4.74625,1.8441209,1.4997699264992774
4.53125,3.1660705,1.4173606922860444
3.8325002,4.0222855,1.9256219347040353
2.043125,3.8884308,2.4818725046281513
0.72875005,2.9136627,3.1941590547080336
0.58500004,1.6930563,2.90929530605033
0.51750004,0.93265337,2.3919609387485683
1.468125,0.6904817,1.8448861534172296
1.4875001,1.0227273,1.3695786775903405
1.504375,1.3857073,1.1322465735419096
1.459375,1.5349424,0.9655933867432177
2.1756248,1.5028569,0.9040878620153666
2.5793748,1.7030249,0.8482272259081901
1.661875,2.075875,0.8258436218991875
0.61937505,2.0086386,0.8019526145513355
0.594375,1.3869148,1.0772929309803247
0.765625,0.8646622,2.012631918594688
0.77875,0.7450628,2.7090769792090357
1.01125,0.8190033,3.0895629643164573
0.84999996,0.9603611,3.3140950970353185
0.89812493,0.98587656,3.463280186163634
1.118125,0.9658268,3.6268298603224753
1.233125,1.0283065,3.663794531777501
1.136875,1.1446964,3.4286980173145234
1.1968751,1.1868049,2.3303527543117104
0.6475,1.1935241,1.902393132314086
0.6975,1.0011542,1.663575950921774
0.71000004,0.83144325,2.259349711456448
0.695625,0.77117264,3.0354854177181423
0.638125,0.7764105,3.228529525283426
0.71375,0.7632182,2.687108598838597
0.69375,0.7683995,2.1044535530795154
0.69875,0.7738849,1.5189836379012467
0.68,0.7767486,1.2044600042672455
0.70625,0.7679065,1.0298376333002746
0.650625,0.76985365,0.9360365601544083
0.64375,0.7575604,0.8687306621980667
0.60812503,0.73937166,0.8373927394928039
1.109375,0.716287,0.8190080799932777
1.32,0.87957734,1.0191163715736569
1.278125,1.129187,2.0339839420326054
0.75937504,1.2694203,2.7191874655018746
0.778125,1.1023471,3.14203383663401
0.77500004,0.9089145,3.4438462049005922
0.76125,0.8285668,3.191015076202303
0.74375004,0.82839936,2.711012164558619
0.7875,0.8311576,2.5004086619506776
0.8875,0.84297985,2.136736543125361
0.8575,0.8900921,1.6828809596960246
0.855,0.9178756,1.497644172835499
0.56125,0.91875905,1.406197894141078
0.5125,0.8050364,1.8196037581686675
0.54875,0.68043745,2.5646501177583634
0.520625,0.63236505,2.358225562994331
0.53437495,0.62797016,2.090539275393933
0.54062504,0.6328244,1.7786411389003693
0.55125,0.63649535,1.3152571397612989
0.49,0.64145726,1.0894173416228592
0.54625005,0.622643,0.9614287913246453
0.67,0.62260544,0.8912199160046876
1.296875,0.6775785,0.8525696319295466
2.5493748,0.95131594,0.8171909034742415
2.5506248,1.6340042,0.8040642151290178
2.4575,2.1848893,1.0036940925315023
2.358125,2.3601344,1.9911435471160708
2.400625,2.283249,2.740543077046126
2.3206248,2.2274244,3.1896950517497955
1.6225001,2.204388,3.461811055959016
1.0812501,1.941393,3.5913227573961017
2.3943748,1.5040302,3.6541249838852883
3.4643748,1.6783328,3.606698989073634
4.49625,2.453844,2.720896600152403
4.99125,3.4344401,2.2029929199789464
4.82,4.145748,2.366917152571231
4.5106254,4.3337116,2.4492693757615984
1.6693751,4.1846313,2.9898821809242664
0.528125,3.0270572,3.4212463178153336
0.52375,1.6137292,3.4872806307546793
0.5075,0.8129077,2.639429044512659
0.526875,0.6466184,2.3468464817731083
0.539375,0.6950051,1.6506589674578607
0.509375,0.7222133,1.2973193988396228
0.521875,0.6891577,1.098995990821272
1.4575001,0.653539,0.9822023322857917
2.3493748,0.96747756,0.9036168233893812
2.4287498,1.6010358,0.865210131866485
2.47625,2.0902379,0.8269579282552003
2.37125,2.2936785,1.0149533708690108
2.375625,2.2761133,1.8379541313187777
2.453125,2.229955,2.112068710756153
1.054375,2.2505128,2.1079750801073014
1.1537501,1.7793399,2.813530741382688
1.624375,1.3462574,2.68688454153195
3.240625,1.3409755,2.399083329821974
3.3474998,2.086725,2.33453927704677
3.511875,2.828956,1.9721457201118766
3.8243752,3.1810377,1.6076060769106448
3.1731248,3.341892,1.449296234035194
3.2475,3.2077675,1.37405065411821
1.2581251,3.0437942,1.9690091171580553
0.520625,2.2491968,2.8111609964881836
0.508125,1.3059086,3.1329367910413444
0.489375,0.7610811,3.1293773895578085
0.509375,0.63615304,2.5142874572514
0.5125,0.6586337,1.7922065729145704
0.518125,0.67065287,1.393321575882286
0.460625,0.65611684,1.1281282248272002
0.6275,0.6191723,1.333246908224821
1.2118751,0.6478875,1.3908605336154998
1.259375,0.89645755,1.4540753923331202
1.181875,1.1434299,1.464751204712838
1.2581251,1.2271574,1.7177334325556455
1.3156251,1.236105,1.9358823241059482
1.28,1.2603245,1.7281516986362635
1.2625,1.2788283,1.3119054497666658
1.090625,1.2775003,1.119470124242753
1.0656251,1.2084167,1.0435368239450455
1.130625,1.1353718,0.9963396705818177
1.18875,1.1261787,1.0617929096342624
1.333125,1.1683186,1.0234097401417792
2.9868748,1.2536111,1.0352911562497915
3.21375,1.8899692,1.1094252205601336
2.795625,2.6107278,1.17362142636016
0.51687497,2.7996132,1.1698138475218416
0.490625,1.8426633,1.1984616871726514
0.43562502,0.9439376,1.009856665160507
0.475,0.56213933,0.9640257829536498
0.495,0.5658967,0.9234785866631569
0.48125,0.6264456,0.8964555611640216
0.47062498,0.6390512,0.8636825952643157
0.45125002,0.61547595,0.8766665567131341
0.599375,0.5885208,0.8682133768682182
1.155,0.6238555,0.8676139637711645
1.1768751,0.8607669,0.8582001681248844
1.20625,1.087495,0.8627012481819094
1.115,1.1979885,0.8418148812104762
1.07,1.1801789,0.8322563652753829
1.0193751,1.1238791,0.8129976032049954
1.053125,1.0748006,0.9846520122158527
0.95437497,1.0677692,1.119136829032153
0.9525,1.0435853,1.1793924967202545
1.0393751,1.0168009,1.035527173910886
1.0649999,1.0350741,0.9976252093456686
1.2125,1.0747612,0.9578947059246898
3.00875,1.151005,0.9327671972662211
3.128125,1.8306754,0.9160492131589354
3.24625,2.565115,0.9245725604166091
1.9825,2.9297094,0.9614423463930191
0.47875002,2.5274868,0.9647934383699298
0.505625,1.5227877,0.9701104139395059
0.48125,0.8077909,0.8659823720853032
0.458125,0.59004986,0.8103794816164672
0.48875,0.6030848,0.7872780570013821
0.47875002,0.6336513,0.760145992937535
0.4825,0.63110286,0.7535689940269291
0.580625,0.6151677,0.7502591652728616
1.0462501,0.63621897,0.7513369925478101
1.1625,0.8244335,0.7284119831608236
1.0618751,1.0419401,0.7396678727312386
1.0818751,1.1214956,0.783643305284828
1.08875,1.1136636,1.026150256024152
1.030625,1.0996,1.5588363362768294
1.0325,1.0809349,1.789460076854974
0.965625,1.068303,1.9228264011912046
1.01625,1.0409243,1.9705007726968824
1.094375,1.0376254,2.015144390385598
1.40125,1.0791173,2.010761717837602
2.1293747,1.2235112,1.774626845269352
3.8956249,1.5992181,1.5014758717219532
3.5168748,2.552531,1.843717427448481
3.188125,3.169047,2.3062919099307058
0.606875,3.181447,2.9043716268028317
0.6025,2.0377812,3.3793456080798805
0.588125,1.0617467,3.580470729127526
0.56937504,0.6756198,3.6042239930599926
0.60875,0.6798338,2.596192761863917
0.6,0.73584473,1.8190380334033072
0.603125,0.74771523,1.4035357185803354
0.578125,0.7287826,1.1413635530586541
0.57625,0.702719,1.0145399412836136
0.54375,0.681057,0.9489234433929623
0.505625,0.6558846,0.892955562774241
0.52375,0.629805,0.8571145666195453
0.675,0.621904,1.1620139023689926
0.736875,0.67670816,1.5669651911769809
0.6675,0.7522524,1.781430891575217
0.5425,0.77210355,1.9351058977630733
0.56937504,0.71623474,1.9820128131917119
0.578125,0.66905177,2.016889406099468
1.216875,0.65793025,2.062748195800036
1.469375,0.8963041,1.5905771235877275
2.0049999,1.2184676,1.4706855339111389
5.5437503,1.5949297,1.5297884227697551
4.665625,3.1005745,2.0988618880361316
0.61875,4.16763,2.3713835476003586
0.520625,2.858929,2.6272187186573444
0.46125004,1.2845473,2.8707179801373184
0.483125,0.56620216,2.7537768105636538
0.495625,0.54663795,2.7701425622324645
0.425625,0.64911467,2.0196741752932965
0.49437502,0.65145767,1.5017999973274767
0.495,0.6255952,1.208140803348422
0.45687503,0.6164289,1.0225980307532847
0.45624998,0.5989256,0.9311435791499914
0.438125,0.5922862,0.87804678161636
0.390625,0.5650852,0.8436352471573652
0.916875,0.5523366,0.7949155406729876
0.85125,0.7076911,0.8239056458002328
1.383125,0.8588333,1.030156376746297
0.689375,1.104539,1.1203404393680394
0.36374998,1.0379196,1.1552808208328487
0.35375002,0.7488048,1.2088201514810324
0.366875,0.5268287,1.249727354440391
0.31687498,0.46988437,1.2575189273451268
0.391875,0.4680355,1.2618007342372835
0.393125,0.50795615,1.2041470416592062
0.421875,0.558144,1.1765441383086146
0.46312502,0.54398304,1.1822544102002681
0.458125,0.5470468,1.2012418715639412
0.438125,0.55860764,1.2621653257086873
0.471875,0.55299425,1.8666765238456426
0.45624998,0.55739784,2.1809276607374843
0.46562502,0.5613376,2.2452675901301204
0.47812498,0.5648963,1.4966428918290138
0.46937498,0.57140326,1.2213755335621537
0.43625,0.57388544,0.9834633523230255
0.45125002,0.5616647,0.8732704140678049
0.5825,0.5556764,0.8226823008795082
0.95812494,0.62781334,0.7909175928597152
0.99875,0.7871742,0.7674912452821433
1.01625,0.9548217,0.7428056717205047
1.028125,1.0342283,0.7769734142880141
1.0550001,1.0494157,0.9791576247219742
1.0074999,1.059172,1.0610210680939258
0.996875,1.0540117,1.1323837189395727
0.94437504,1.0420667,1.1376564411976935
1.0443751,1.016846,1.130272517040372
1.000625,1.0341071,1.1085305860474706
1.155625,1.0469373,1.1125821561165155
3.3406248,1.1031389,1.0772137933017314
3.4212499,1.9158688,1.0671108819000423
3.156875,2.7772346,1.0914671470358968
1.8549999,3.0567589,1.1073811959850788
0.615,2.4943583,1.1702007649882138
0.46,1.5065424,1.824146898805499
0.429375,0.8143679,2.1155270472446084
0.46374997,0.57975245,2.3768007908080517
0.424375,0.5868042,2.0550214081485567
0.43625,0.604211,1.4350018164174259
0.443125,0.59445745,1.1700074059246481
0.460625,0.5769632,0.9732125312046708
0.5725,0.5700194,0.8644247352577746
0.950625,0.63314396,0.8219447456885874
1.06875,0.79217327,0.7910585257029533
1.00625,0.9767733,0.7720555158784985
1.149375,1.0569205,0.7896480012351275
1.244375,1.1024617,0.9534807371158899
0.98125,1.1693338,1.051488665599376
1.0968751,1.1293311,1.0735638918028771
1.1968751,1.0989336,1.103642189845592
1.1081251,1.13936,1.1172100159306826
1.00375,1.1603805,1.1035227856403589
1.0625,1.1138948,1.1024999759958685
2.09,1.0829741,1.077254857185334
2.8424997,1.4478161,1.0876984393495321
0.53625,2.0905902,1.117385633801818
0.42687503,1.6984305,1.2402527603256703
0.480625,0.96213984,1.5461747063803672
0.4475,0.5722941,2.306341944080144
0.475,0.5394718,2.502309162272364
0.460625,0.59083116,2.5767834986667335
0.454375,0.60549283,1.6864495307846366
0.47062498,0.58865047,1.372620594404787
0.39374998,0.5801658,1.1194139105768501
0.44937497,0.5514597,0.9801642878879607
0.5675,0.5407319,0.9270922084201872
1.2006251,0.6122475,0.8934666685876251
1.2681249,0.86802703,0.8730652939890325
1.19375,1.1373866,0.8459324325682224
1.109375,1.2321771,0.8243336271502077
1.25125,1.1840975,0.794368952474743
1.15125,1.1827346,0.7632068469798564
1.16625,1.184395,0.7535135777179897
1.059375,1.1858078,0.7990181415876746
1.0656251,1.1451355,0.834775215921998
1.00375,1.1107255,0.829110792055726
0.991875,1.0761689,0.7878762740629911
1.090625,1.0504931,0.7817366254466772
2.13375,1.0746224,0.7751414866651595
3.3125,1.4744766,0.9998723606070876
2.7781248,2.282945,1.1710621098476648
0.550625,2.6942806,1.4556172813606263
0.468125,1.8639668,2.849100038152188
0.445,0.95682424,3.0850200230188665
0.45125002,0.5565909,1.9120032771125435
0.46312502,0.5467082,1.5102902542711796
0.474375,0.60129756,1.145085615362674
0.46125004,0.618243,0.9595621786738933
0.413125,0.6027297,0.8760332559451461
0.595625,0.57018816,0.8105560961838066
1.1325,0.61525,0.8003268037034571
2.854375,0.84691083,0.7822545087942481
3.285625,1.6619331,0.7525503705064952
3.379375,2.5451136,0.7302907555052638
3.395625,3.0116243,0.7054124208977818
3.3600001,3.1073782,0.6755864863339066
2.4893749,3.079954,0.8487433152025938
0.86999995,2.7509613,0.881186573998034
1.01375,1.8626581,1.109895262489915
1.07125,1.2316813,0.9473602250666917
2.3731248,1.0631528,0.805985646070987
3.4406252,1.5808349,0.7267662383888661
3.609375,2.4821076,0.677733967974931
1.4425,3.1238995,0.633778070666939
0.60875,2.5371664,0.642250985096693
0.45875,1.4553843,0.6411853175154328
0.46,0.7537554,0.6526325727570057
0.445,0.57034916,0.6699246538777649
0.445,0.58926374,0.6733736214219034
0.424375,0.61185664,0.66754474268198
0.461875,0.59371746,0.6764121494692563
0.4275,0.5805666,0.6725509483751654
0.445,0.56276745,0.6757467550835013
0.59875,0.5519192,0.6810336304277181
0.939375,0.60407335,0.6802948792013526
0.90375,0.78216165,0.6693505568642913
0.88,0.91705626,0.6708420130638778
0.84124994,0.9488882,0.7166415990099311
0.89187497,0.91770196,0.8679721763868631
0.87874997,0.91208434,0.9440039502695203
0.856875,0.9218941,1.0014497320194542
0.873125,0.922516,1.037892732681334
0.85375005,0.92221856,1.0671742717786135
0.86,0.9176902,1.065503808940798
0.89562505,0.9160614,1.0665734633068742
0.92749995,0.928256,1.0493511509203912
0.945625,0.9535529,1.0813977246266604
0.43250003,0.976102,1.0762194891686738
0.46125004,0.80487853,1.1362692394210399
0.42000002,0.6359817,1.9232043483917414
0.465,0.5507395,2.2519526309092344
0.44812497,0.55346847,2.4089705561651287
0.45687503,0.5655576,2.039621853779852
0.425625,0.5703287,1.4814857339771093
0.4475,0.5561312,1.1645981362865865
0.461875,0.5505306,0.9601231192974746
0.4225,0.556458,0.8634563452260197
0.43625,0.55018187,0.7975209045501053
0.403125,0.544138,0.7680956418602168
0.35625,0.530919,0.7471297385317087
0.33124998,0.50409317,0.7343233883464336
0.36874998,0.47437057,0.7594899674960971
0.3525,0.47116262,0.8973059423652292
0.329375,0.4744186,0.9902986948896945
0.369375,0.4671854,1.0218220030888916
0.716875,0.4707716,1.0984515953546763
0.825625,0.60196084,1.1619899816600978
0.97312504,0.7697837,1.100117872068435
0.95124996,0.91719127,1.1307756492841243
1.351875,0.9798278,1.1689863903333246
1.158125,1.1336746,1.1564264234496653
0.52750003,1.2031121,1.1235302658991517
0.430625,0.9698774,1.1325380075119436
0.47375,0.68637097,1.4962711241449416
0.43,0.5666077,1.8875756485284862
0.438125,0.55310667,1.268043042562604
0.42000002,0.56163025,1.0706252327151597
0.46,0.55390203,0.917859412804544
0.42687503,0.5559777,0.8125793894778192
0.41812503,0.5513888,0.7740995404535531
0.474375,0.540165,0.7474183817523717
0.42687503,0.5496021,0.7296626375575364
0.346875,0.5495515,0.7231412542951107
0.365625,0.5154998,0.6872109541605412
1.318125,0.48876277,0.6891437474392355
1.1768751,0.81844634,0.7231536133280396
1.05875,1.111127,0.9622791725258529
0.593125,1.1710193,1.0779198528926075
0.50875,0.9418912,1.1296043319052458
0.388125,0.70905995,1.1351054969333112
0.44062498,0.566601,1.1920638942395152
0.366875,0.539316,1.1756712317731977
0.545625,0.52544576,1.1857853061723709
0.65875,0.5738404,1.1517351737569272
0.47062498,0.6653016,1.1454240933935345
0.43499997,0.6609153,1.1174165313841402
0.46687502,0.5961459,1.1031370642094314
0.443125,0.5582768,1.1293982151302695
0.444375,0.55134773,1.5075272130545974
0.47812498,0.553137,2.055995579018295
0.46374997,0.5645997,2.1279981088268753
0.47750002,0.5699692,1.4491975611110033
0.425625,0.57447433,1.1832443288700283
0.44625,0.5589055,0.9654885343025625
0.47125003,0.5490328,0.8492526269628108
0.5425,0.5571417,0.7960693161986768
0.951875,0.59503967,0.7720182394404709
0.89812493,0.77184165,0.7506111983720958
0.86312497,0.908578,0.7185941268734634
0.885625,0.9406437,0.7639764957885444
0.881875,0.92822987,0.9622939236296714
0.93812495,0.92213947,1.6398318565943837
0.8725,0.9461971,2.0619875172571835
0.88875,0.947851,2.3697800627474486
0.88062495,0.94171715,2.5578725835715233
0.86312497,0.93494976,2.649814220279306
0.92749995,0.9283058,2.3987743539987503
0.928125,0.94648534,1.7301514698998628
0.94062495,0.9684412,1.515232671407312
0.736875,0.98208195,1.3627644649831951
0.46937498,0.91433173,1.7512523258943855
0.474375,0.7439367,2.2599927798472343
0.438125,0.61954844,2.5761631549493966
0.48437503,0.5663787,1.9716053114300964
0.46437502,0.5728133,1.5018151471097767
0.445625,0.5809097,1.1722443908847868
0.47687498,0.5724647,0.9771215737165512
0.46625,0.5708092,0.8656747916367651
0.450625,0.5716543,0.8100416016033292
0.58187497,0.5663879,0.7694072940646112
0.9599999,0.6061841,0.7565533018007874
0.86125,0.7835963,0.7266805225153267
0.890625,0.90394694,0.7128569441843032
0.906875,0.9399998,0.7529709763045609
0.861875,0.9398794,0.8850501671630144
0.90000004,0.9266138,0.9252690517239273
0.90749997,0.9305998,0.9514554504294694
0.87375003,0.9441658,0.951737914133668
0.91374993,0.9420323,0.9712649868221581
0.89624995,0.9473044,0.9731122635665537
0.92749995,0.9504723,0.9699551286709309
0.92,0.9613122,0.9767125295944512
0.99625,0.96887094,0.9727215586546064
0.4675,0.9968259,0.9753937011773884
0.444375,0.83470285,0.9891987409590185
0.474375,0.6494307,1.0055543263265492
0.505,0.5703643,1.019741898111254
0.43937498,0.58398145,0.8431815510453284
0.45624998,0.5844242,0.7933594985593855
0.46937498,0.5736209,0.7331857592992485
0.444375,0.5691555,0.7185572491139173
0.48875,0.5632342,0.7006506051138043
0.445625,0.57139987,0.695861081175357
0.59187496,0.5669161,0.6798451698741317
0.949375,0.6094867,0.6798298207525909
0.90875,0.78335166,0.681145459741801
0.85812503,0.91954523,0.6665215343590081
0.8625,0.944107,0.666058668641895
0.885625,0.9199284,0.6520110330042242
0.856875,0.91529375,0.630227440109998
0.876875,0.91573465,0.6114959303314983
0.890625,0.9217986,0.6144557193787396
0.841875,0.9320446,0.6067644141121208
0.91625,0.92291605,0.5964806023494154
2.9624999,0.93571365,0.6058770554817468
3.263125,1.6746315,0.730410757728219
3.403125,2.54284,0.8152686751753091
2.4937499,3.0302854,0.9186992290259898
0.501875,2.8015268,0.9613919135650993
0.44875002,1.728744,1.135753150126636
0.46125004,0.8675125,1.1334788887284697
0.468125,0.5624768,0.931639933859557
0.42499998,0.5818536,0.8259066130992769
0.47750002,0.6117518,0.771431185376346
0.423125,0.61625695,0.7210166966667771
0.45562503,0.5872535,0.7030777597096562
0.45374998,0.56893325,0.685370056271851
0.5475,0.5599532,0.6899371176175773
1.073125,0.5910601,0.6757222363568842
1.16625,0.81235534,0.6666554903288185
1.2112501,1.0517777,0.6796524088282883
1.1237501,1.1853541,0.6643439524926245
1.134375,1.1832465,0.6328340000225603
1.09,1.1530558,0.6265402621731162
1.109375,1.1267369,0.9607101733615995
1.0237501,1.1246346,1.0280324171356858
1.506875,1.1000646,1.0627487412938477
3.2381248,1.2501351,0.9189135187098384
3.421875,2.0135663,0.8364225554078818
3.528125,2.7942398,0.7398650192403793
3.5406249,3.1796076,0.7134451942838728
3.075625,3.240703,0.6681674784702062
3.0393748,3.0596979,0.7143292638167739
1.7837499,2.8818212,0.765873806682378
0.45125002,2.3524356,0.7242912423752248
0.431875,1.4408026,0.7039560484045744
0.445,0.7909196,0.6990724363444745
0.47125003,0.58521867,0.6823614291106164
0.454375,0.606437,0.6761496196891367
0.43374997,0.626682,0.6839417906115949
0.45875,0.6028586,0.680583123743534
0.5775,0.58054715,0.685596306310147
2.165,0.61397356,0.6682023628373444
2.95875,1.2133087,0.6696864434850216
3.005625,2.0672295,0.676107758448571
2.889375,2.642701,0.7040393722072243
2.83625,2.7488499,0.862991286777258
2.69125,2.664997,0.9045297971121967
2.3743749,2.5607238,0.9315701651252807
1.05125,2.399344,0.9559363972231746
1.3781251,1.804955,0.9648958987396956
3.2075,1.4203191,0.9917714132006467
3.23,1.9831756,0.9806429014050961
3.4368749,2.7161925,0.9883059004995227
3.4681249,3.116478,0.9878183167165518
3.2712498,3.1914387,0.9825272552482784
2.39125,3.1071095,1.004460153233856
0.56187505,2.7125657,1.0118077976493538
0.48687497,1.719594,1.0222527751882375
0.41875,0.92459273,0.9549323254673183
0.46875,0.60134935,0.8377076954932512
0.433125,0.5964773,0.7858208871512115
0.41812503,0.6199111,0.7354089898517727
0.45250002,0.5984761,0.7262862294970452
0.445,0.5755128,0.709958750962466
0.40999997,0.5662554,0.6961465349681675
0.39125,0.54715943,0.6992315090586245
0.37625,0.52117825,0.6928546467457711
0.47375,0.5015447,0.6841295681764185
0.505,0.5296614,0.7264367306238413
0.42375,0.57402295,0.8756993627168239
0.351875,0.56960183,0.8997548249383271
0.33499998,0.5201019,0.9426893079765142
0.34562498,0.47528136,0.9674085698698461
0.37875,0.46115848,0.9639201331560314
1.150625,0.47559214,0.9803456865970791
1.14,0.76454026,0.9898342344586551
1.21,1.04204,0.9847167974691093
0.92687494,1.183444,1.000257484020293
0.498125,1.1068113,0.9991106853680313
0.47875002,0.8491837,1.0125609013010561
0.489375,0.64634556,1.0145973509849608
0.46125004,0.58216894,1.0446610972630979
0.479375,0.5803924,0.8660864271689952
0.49249998,0.58887196,0.7997656637406348
0.44625,0.59547627,0.7583188494564592
0.49375,0.58146966,0.7426469976848363
0.483125,0.57987505,0.7099613423725962
0.451875,0.5823381,0.7032204866060614
0.44687504,0.5732927,0.6995905190312862
0.41937497,0.56040686,0.6866169232229888
0.37625,0.54419523,0.6964068720166385
0.89187497,0.5188302,0.6812708441242575
0.910625,0.68163687,0.7290707993516325
0.889375,0.8655099,0.872779042839259
0.62875,0.94689536,0.9167608542485536
0.578125,0.8510682,0.937062957905233
0.3675,0.72655696,0.9524344054409862
0.34875,0.59248555,0.9669305543704332
0.361875,0.50816685,0.9638284371052683
0.404375,0.48120543,0.9736293495571614
0.370625,0.500576,0.9830658698768915
0.41687497,0.50797886,0.9713265826475621
0.453125,0.5169623,0.9965204712732136
0.4275,0.53589714,1.725399421738684
0.47750002,0.54211295,2.0898268369473514
0.46562502,0.55611324,2.4015371958760916
0.46249998,0.5652082,2.2501512021902204
0.44937497,0.5668932,1.514937449991703
0.46374997,0.5603742,1.205109052835256
0.480625,0.5601948,0.9881940711854399
0.43562502,0.56929684,0.8741180045196415
0.48562503,0.5620014,0.8032708449506759
0.54625005,0.56723964,0.7868791791805625
1.1381251,0.59951425,0.7483433158296346
1.298125,0.84050083,0.7372496884012222
1.181875,1.1213355,0.7194415179860592
1.155625,1.2298323,0.7390547052265704
1.125625,1.2049073,0.9303242948703468
1.14,1.156757,1.0348167288567127
1.0525,1.1443999,1.1185138939046861
0.97187495,1.1215566,1.1328035273806751
1.0125,1.0697203,1.151099281578809
1.001875,1.0451075,1.1421718736800552
1.089375,1.0435454,1.1493383187256754
1.204375,1.0774844,1.1217194682358207
2.048125,1.149004,1.2897074305908383
3.261875,1.5028992,1.9515396241129934
3.08,2.247892,2.2845862586796284
0.731875,2.763825,2.557868198108226
0.44062498,2.0212572,2.714829112341255
0.46312502,1.0590333,2.6381763967235385
0.42062497,0.584505,2.6183668603308496
0.46125004,0.534519,2.138139492702037
0.451875,0.58944076,1.4956587539972366
0.415,0.60767454,1.1960849654047192
0.46312502,0.5807668,1.0014246152751147
0.541875,0.5694457,0.9034109059536458
0.99,0.59714484,0.8412886256147921
1.0968751,0.7825481,0.7951088997365534
1.1381251,0.9915647,0.7710486533732712
1.143125,1.1186448,0.790239042084068
1.00625,1.1547235,1.352282011667043
1.146875,1.1046299,1.826745285809189
1.2112501,1.1045363,2.094514697872996
1.5225,1.161308,2.2330221805684265
1.13625,1.323856,2.301782058947086
1.033125,1.3120126,2.289868549221307
1.069375,1.1847544,2.1820710706226527
1.26,1.0986444,1.6743496388687191
2.830625,1.1566987,1.602030558345765
2.9412498,1.7914759,2.149040359084606
2.4881248,2.437543,2.353321817670911
0.596875,2.5691447,2.601440566716939
0.44812497,1.7280328,2.737872728576511
0.43687502,0.9114196,2.740286328103989
0.445625,0.56123096,2.4385552902476486
0.4675,0.5508962,1.6622377865983546
0.42375,0.6001201,1.3165249373327197
0.45374998,0.59936494,1.0552378380401433
0.43687502,0.5820326,0.9348447108337283
0.52500004,0.5658624,0.853086119902432
1.0706251,0.5842632,0.801583039598912
1.2475001,0.8007235,0.7765113459278643
1.085625,1.0721394,0.7486481055288017
1.100625,1.166743,0.7148064819592237
1.235625,1.1439455,0.6856907931102811
1.186875,1.1618092,0.6607359122343361
1.195625,1.1909273,0.6806166127359867
1.0812501,1.2078462,0.6945237142089009
1.15125,1.1686208,0.6727465001703798
1.160625,1.1537529,0.6413235592789203
1.0775001,1.1656336,0.6200170848575234
1.149375,1.1506231,0.610489566174373
2.785625,1.1495668,0.6153728792256117
5.1218753,1.7375573,0.8932970308937133
4.5575004,3.1730556,0.9899998853677512
0.46437502,4.096719,1.0935534315299988
0.46249998,2.7193003,1.0430430606456103
0.44625,1.1856109,0.881835024548322
0.42624998,0.5238443,0.8079369778990745
0.459375,0.5201601,0.7610173047590255
0.44375,0.6152268,0.7258086126761139
0.461875,0.6339561,0.7175133095099031
0.451875,0.61149573,0.7162054447510838
0.515625,0.591149,0.6975433050283789
1.0656251,0.5959349,0.7064358285599946
1.1281251,0.79745036,0.7010305457067489
1.053125,1.0211508,0.6877244520448148
1.13,1.1106043,0.6799633780439198
1.1081251,1.1267188,0.6650177191264927
1.0525,1.1212963,0.6432561532183736
1.0550001,1.1022828,0.8183402935366332
0.95562494,1.0892724,0.8843560679265857
1.014375,1.0499156,0.9278572724263371
1.02625,1.037857,0.8606707786752285
1.2275001,1.0489937,0.8221707963876426
2.6425,1.134948,0.7205612065015733
3.4675002,1.7081782,0.6724478899876773
0.72375,2.5474167,0.6471459594935178
0.513125,2.0617645,0.6474414799179882
0.49437502,1.1540565,0.6339042524063587
0.515,0.6287154,0.6461422864161431
0.505625,0.57351184,0.6599407480028271
0.526875,0.63091546,0.6556524625853448
0.48375,0.65994656,0.6727640420235693
0.53375,0.636468,0.6731762755735218
0.4875,0.6283146,0.674302542283982
0.48687497,0.61399925,0.6701546913616359
0.64187497,0.5961476,0.6739148274606466
2.3075,0.6390551,0.6807400037260353
3.243125,1.2853264,0.6677034167176484
3.28875,2.2357855,0.6823526581840217
3.3318748,2.8712668,0.7074149829107522
3.205,3.049239,0.9324376895011962
2.034375,2.9935153,1.0751745528684558
1.01625,2.51151,1.1197296639342607
1.030625,1.7290626,1.1490969189050795
1.0400001,1.2154225,1.1523870130743088
0.988125,1.0780705,1.1612843207477033
1.10625,1.0892984,1.135043103750944
1.191875,1.1363733,1.1005095736765862
2.191875,1.1889526,1.1011498513180018
0.52625,1.5730299,1.0936959590871633
0.47625,1.3383797,1.1240748607049882
0.390625,0.873582,1.17554305664137
0.465,0.56599635,1.4990758272628486
0.45562503,0.5306882,2.0409881249362227
0.4275,0.5687267,2.2289823715145887
0.465,0.57771313,1.547747293650955
0.450625,0.57139635,1.2245920715515317
0.43499997,0.56618756,1.0032326221890748
0.450625,0.5568728,0.8574303199769557
0.450625,0.55191064,0.8031241312694549
0.37125,0.5510599,0.7685304007443785
0.355,0.5262546,0.7348865217016637
1.3475,0.49601933,0.7317770288845896
5.9975004,0.83145845,0.7481932133813202
2.7862499,2.8414445,0.9093053673037887
0.384375,3.5574982,1.0042243349120021
0.393125,2.1989202,1.0774266876108944
0.369375,0.8805868,1.1205644966746868
0.39,0.4223578,1.0947396993519367
0.92625004,0.47760007,1.1411532501596213
0.9325,0.75046647,1.1773042188337446
1.224375,0.9530342,1.3114999937509
1.5656251,1.1229777,1.2283161272479595
0.599375,1.3384997,1.1834041989411415
0.543125,1.1332469,1.1679123505039513
0.49187502,0.80587363,1.2218009235019982
0.53625,0.61656964,1.792770304287523
0.515625,0.6072857,2.042745898361504
0.50625,0.6296585,2.064720856926888
0.515,0.6291277,1.4436216438676417
0.501875,0.61951095,1.1615239265151323
0.52750003,0.6115162,0.9564640481935442
0.483125,0.61471903,0.8457356847375632
0.51124996,0.60323334,0.7974042910942435
0.46562502,0.5996231,0.7550919458265603
0.393125,0.5878376,0.7427502554115653
0.94625,0.5521615,0.7215335833181441
0.87624997,0.7153808,0.7376312237080931
0.89374995,0.8753579,0.9319170154042542
0.37375,0.94476783,1.0645170796988905
0.3725,0.75602627,1.083356432006657
0.32187498,0.56514657,1.116539239385426
0.3525,0.4671482,1.1763029378272594
0.35750002,0.46168074,1.182385176742226
0.370625,0.47734004,1.1988236872339249
0.37187502,0.4898644,1.1670165199558438
0.400625,0.49279103,1.1845191033148765
0.43374997,0.5018315,1.1906699149286748
0.45125002,0.5202452,1.1664631542234123
0.453125,0.5399726,1.185767166301459
0.415,0.5516609,1.7656505992566047
0.450625,0.54234695,2.8111111616779865
0.46437502,0.5418968,3.0833898267076907
0.423125,0.55293274,1.8647961567872762
0.46687502,0.5487493,1.476062909270674
0.45875,0.5532848,1.1266014855819941
0.424375,0.5592529,0.9332792997758091
0.52875,0.5506072,0.8547330607098341
1.11625,0.57569534,0.807212379758805
1.2118751,0.81691945,0.7849025312688946
1.2368749,1.0785016,0.7613394369721412
1.208125,1.2161479,0.7638261940009892
1.01,1.2306157,0.9501286484427751
1.1700001,1.1420556,1.0329399499046803
1.16625,1.1233894,1.0637894914700092
0.96999997,1.154083,1.116478839595467
1.10125,1.1121092,1.1278846322749556
2.0449998,1.09623,1.1174219135436416
3.34625,1.4478927,1.1177801261593403
3.3837502,2.2598672,1.0821924901796878
3.32125,2.9079473,1.0922477595028282
3.214375,3.1027281,1.0962608570984007
2.923125,3.0277326,1.1727180209209025
1.3050001,2.8511627,1.699970312808901
0.46125004,2.141178,2.1891763185213504
0.46562502,1.2524142,1.477425193642229
0.43250003,0.7222462,1.2240755835786463
0.47375,0.5863575,1.0076212749142945
0.42062497,0.6134431,0.8888079111911357
0.46625,0.6134927,0.8257557132939994
0.46312502,0.597293,0.804045078561902
0.550625,0.5841342,0.7728024400137364
1.0643749,0.6089812,0.774175488704294
0.97374994,0.8168197,0.7490583456863462
1.7675,0.9772725,0.7346676472152769
1.844375,1.3116579,0.7774071764759719
1.150625,1.6122291,1.380537950370461
1.214375,1.505806,1.9282153382267058
1.151875,1.2963969,2.2380184192995727
1.2806251,1.1793444,2.462995477203876
1.1262499,1.2130625,2.539610318365842
1.14125,1.2153137,2.166445266215652
1.2681249,1.1905864,1.6858269943356512
2.9781249,1.216121,1.4684074850673974
3.494375,1.8589289,1.326736289281398
2.714375,2.690064,1.2369905736501516
1.443125,2.8700943,1.2389847634150088
0.44062498,2.1887815,1.2585640629845858
0.46562502,1.2415329,1.617820618287176
0.43374997,0.6927275,1.1469835242742301
0.46625,0.5597725,1.011374234800637
0.473125,0.593715,0.8549425662519038
0.43125,0.6208095,0.79494643825531
0.445,0.60284543,0.7527491117295623
0.49312502,0.576849,0.723211023029387
0.52625,0.5768647,0.7192754683984816
1.089375,0.5973287,0.7056625916449726
1.22125,0.8164155,0.6917718359898031
1.146875,1.0735627,0.6876562780244648
1.07375,1.1835856,0.6811715731823444
1.0425,1.1519605,0.648857286875695
1.00625,1.0923464,0.6310967585390805
1.0325,1.0542501,0.9771550627090038
0.97374994,1.0532812,2.7506591448377073
1.0525,1.0423802,2.290943785086125
1.0224999,1.0557121,1.5502362434114516
1.420625,1.0647041,1.2195543702583016
3.34875,1.2088361,0.9454389934639633
3.3406248,2.018961,0.8121368563632667
2.959375,2.7914925,0.9440125218568742
2.73625,2.9584296,0.9865618814818562
0.53312504,2.7320304,1.130124009305984
0.49249998,1.7563051,1.3096046762494744
0.5,0.93604255,1.037496246931404
0.48499998,0.6123007,0.9386112257884444
0.503125,0.61014074,0.836677908975333
0.48625,0.6505521,0.7988062439747154
0.49437502,0.650424,0.7690403105223178
0.461875,0.6276163,0.7529458595602214
0.62,0.59745866,0.7460714465023577
1.170625,0.6323841,0.7351225393627584
1.165,0.87599283,0.737697603675276
1.01625,1.0948695,0.7188572546713053
1.0812501,1.1291218,0.7208827406969666
1.164375,1.0989091,0.7017266383355856
1.166875,1.1173016,0.6691556030867993
1.2806251,1.1580222,0.8537991563667358
0.956875,1.2232813,0.889025390302837
1.0400001,1.1509151,0.9370737222242356
1.0825,1.0810941,0.7731732110016047
2.3025,1.0766453,0.7185219660682975
3.328125,1.5343431,0.6551117548947036
3.3493748,2.354364,0.6352122168347984
2.73125,2.9329226,0.6240027733074873
0.530625,2.8827858,0.6235820678398013
0.429375,1.8278838,0.62247573505342
0.44062498,0.9104139,0.631312244258374
0.45687503,0.5505169,0.6443299937085062
0.45562503,0.5614028,0.654792911779061
0.425625,0.61297804,0.6602373647931218
0.45499998,0.6078062,0.6500044842064381
0.43937498,0.58627975,0.6597005442176759
0.44625,0.56811386,0.6663144208878279
0.568125,0.556699,0.6553928232242167
0.95374995,0.5944849,0.668635327668339
0.9675,0.77446353,0.6687930050078034
1.06375,0.93909925,0.6584805880640446
1.0275,1.0412594,0.6926521180771291
0.96625,1.0623969,0.9153894002719224
1.0287501,1.0346035,1.0351033786849677
0.99125,1.0314162,1.1226735058422388
0.901875,1.0348244,1.1629800996690989
2.17875,1.0022447,1.1160032161669433
3.2099998,1.4218677,1.161778682064861
3.32125,2.2269893,1.1703941240517797
3.42625,2.8557088,1.1116783519987763
3.68125,3.1005201,1.143196278038472
3.1968749,3.219651,1.484085317016244
1.906875,3.132888,2.0593311225344237
0.498125,2.533902,2.344585177425593
0.44937497,1.5159639,2.5239609919284285
0.43374997,0.8144492,2.5907173115979134
0.47000003,0.58601063,2.5292107901738583
0.43875,0.6059087,1.9251128222830591
0.42499998,0.62395644,1.4077684880192578
0.49,0.5983858,1.1393009899342061
0.42062497,0.5887631,0.958335644325316
0.40124997,0.5694647,0.8796855495148898
0.41812503,0.539008,0.8130147463797033
0.3375,0.52262473,0.7906106104288995
0.35062498,0.49574813,0.7642186929661036
0.651875,0.4778647,0.775303748807162
0.47062498,0.5764922,0.9546171701276303
0.429375,0.61728305,0.9829249370336534
0.34375,0.5860108,1.3045948824499547
0.33,0.51549816,1.4512906231392921
0.370625,0.4682099,1.30179576083079
0.85312504,0.46690342,1.2942766846682132
0.93,0.6516224,1.2416423541732133
0.99999994,0.85974747,1.2665059376768768
0.890625,0.98905444,1.2180553391675653
0.44625,0.98714274,1.214202909000069
0.475625,0.7890913,1.2528727283208072
0.453125,0.62355196,1.866574063475877
0.459375,0.56026775,2.2783232190732656
0.47125003,0.5627017,2.247286099282354
0.42499998,0.57598335,1.8449337954957783
0.47687498,0.5652273,1.330108112539351
0.453125,0.56553054,1.0862223322714866
0.4275,0.56473434,0.9141562877283991
0.489375,0.5526521,0.839201543763727
0.47062498,0.5617335,0.8000692574043572
0.43499997,0.57219774,0.7616641605953872
0.34125,0.5632262,0.7432573744401335
0.89624995,0.5165834,0.7412757430474459
0.86625,0.67257947,0.7425774282898009
0.88,0.84452015,0.9421746140567959
0.34625,0.9276298,1.060012610874772
0.375,0.7392375,1.1060906737402083
0.360625,0.55425537,1.1146618624156714
0.34937498,0.4764799,1.1098029684214294
0.38125,0.47332296,1.0939758313812316
0.42875,0.48979187,1.0981155093947053
0.48687497,0.51719415,1.0782710886348785
0.400625,0.5566272,1.1023879473425449
0.43250003,0.55258274,1.0984061460077763
0.454375,0.53955364,1.2446330408027768
0.43374997,0.5406158,1.9696270688045023
0.47750002,0.54429173,2.2566869378779826
0.45562503,0.55881435,2.3451489087985453
0.41562498,0.56404406,2.344791692879051
0.41875,0.54804987,1.5511555959899723
0.459375,0.5323361,1.2501952036385238
0.45687503,0.5410624,1.0303491377921403
0.43875,0.55489486,0.9056979250632227
0.51375,0.55488837,0.8510825611932576
1.056875,0.57570356,0.8136025978007912
1.221875,0.7921874,0.7920259190385043
1.1962501,1.0580107,0.7599426669119298
1.225,1.1944385,0.7948178644450008
1.094375,1.2230821,0.9957699590316416
1.02625,1.173102,1.067705510855317
1.069375,1.1037929,1.0705971258822085
0.90937495,1.0807629,1.1060811054566504
1.015,1.0323464,1.1449444831801951
1.0525,1.0254203,1.1636036328142882
1.1275,1.0553453,1.2195914473570884
1.130625,1.1107842,1.1274644251553714
1.8868749,1.1442616,1.13407491305843
3.259375,1.4247817,1.1376402947191895
2.62125,2.1761365,1.5728472934941948
0.51,2.5729454,2.0856016423995793
0.474375,1.7864659,2.35940963808462
0.41125,0.9259524,2.3223369247610868
0.451875,0.54190224,1.551209816263467
0.46312502,0.5365385,1.2259703030623497
0.46625,0.5951622,0.9952869600512088
0.44875002,0.61230206,0.8746600079153479
0.44062498,0.59328115,0.8144629459640383
0.52437496,0.57187575,0.7722153859496116
0.96937495,0.5863249,0.7566729053452611
1.05125,0.7642504,0.7328937273114919
1.8068749,0.9642927,0.7170452609725296
3.35125,1.3384056,0.7456231325498223
3.3193748,2.159611,0.8888639255177975
3.30875,2.831377,0.9485853640405835
2.1293747,3.060298,1.0272705425573887
1.23375,2.6142046,1.0507714430110158
1.1374999,1.8426373,1.0461547461943328
1.08375,1.3236213,1.0699901378940047
1.055625,1.1506599,1.064551764726788
1.3206251,1.1363486,1.0355447157640756
2.12375,1.2345395,1.4818353750054538
0.49249998,1.6041191,1.9934363470636307
0.47875002,1.3343475,2.29499535515517
0.44937497,0.86262673,2.533536053020507
0.483125,0.58482295,2.7514309863780437
0.43687502,0.5596534,2.6869439446257055
0.483125,0.57849294,2.225803109963238
0.47687498,0.5941885,1.5504068778015674
0.450625,0.5919683,1.2262589462830127
0.4675,0.57869375,1.0094992499017716
0.481875,0.57096547,0.9070630001841486
0.54625005,0.57372797,0.8377964014554025
1.023125,0.60138947,0.7922992131376266
1.10625,0.7986759,0.7822483292777836
1.013125,1.011612,0.7383881148053706
0.99999994,1.0818337,0.706901285687238
0.92375,1.057,0.6894164435206354
0.98125,1.0024439,0.6462754450289905
1.0725,0.9930572,0.6325479482120275
1.06375,1.0415835,0.727962871851325
1.016875,1.0843836,0.6934054210680722
1.0625,1.0820491,0.6808177460299432
1.000625,1.0806472,0.6407005244818329
1.11,1.0642651,0.6175297298109531
1.545,1.0870897,0.6173012870410084
2.564375,1.2744831,0.7868309390842915
3.028125,1.8042367,0.8761399024389684
0.63625,2.4104073,0.9606278462551535
0.479375,1.8689582,0.9657598350092769
0.5225,1.037374,0.8170302360461652
0.46937498,0.6135753,0.7734660403463244
0.50374997,0.57215095,0.7266426480595767
0.46937498,0.62142724,0.7066885907173156
0.51625,0.62868416,0.7008658914938569
0.47000003,0.62328666,0.681120741675943
0.620625,0.60633713,0.6918146939265728
2.3056247,0.64272964,0.6830035008051991
3.42625,1.2760266,0.6709231441348791
3.20625,2.2945464,0.6866974562762678
3.2706249,2.9093952,0.6828478168581426
2.084375,3.0327396,0.6709361011855304
1.084375,2.5533915,0.6335382655602693
1.0649999,1.7593012,0.816891296595335
0.915,1.2396744,0.8655362508644164
0.893125,1.043679,0.917020792618543
0.97999996,1.0063357,0.7518168021003901
1.021875,1.0314523,0.7082697495752572
1.12,1.0659368,0.6613191788528859
0.994375,1.113716,0.6340836577230692
0.403125,1.0985053,0.6323834933383763
0.4375,0.8453408,0.6460871691160649
0.39749998,0.62446356,0.671185474575758
0.45562503,0.5294728,0.6514260720021278
0.450625,0.5414958,0.6587504933960735
0.389375,0.56428206,0.6646150538600981
0.43625,0.54814017,0.6587082334770262
0.40875,0.53738123,0.6732456456293165
0.46312502,0.52991676,0.6699830602753162
0.443125,0.5435808,0.6566319159449636
0.50374997,0.5510525,0.6527039362052083
2.0349998,0.5739153,0.6635633400256932
1.626875,1.1331542,0.6658535485631227
1.08875,1.549466,0.6621641778945923
0.92312497,1.4510785,0.6883882517166435
1.03125,1.1407907,0.8930713788731397
1.073125,1.0087968,1.0299751773764194
1.52875,1.0429121,1.1022695398335158
0.99375,1.264379,1.160511283171922
1.02625,1.2511321,1.14246350698933
1.0193751,1.1394311,1.1186309060390294
1.011875,1.0622115,1.1240120688441397
1.105,1.0499077,1.0660651482428611
2.2024999,1.0853909,1.087209260852635
0.55125,1.512359,1.101948603655845
0.415,1.3298236,1.1385028356140852
0.425625,0.8626769,1.1560861513656377
0.45687503,0.5640855,1.4389806276635826
0.40875,0.53022695,2.015419478537887
0.41562498,0.550664,2.041392982934266
0.475,0.5548485,1.3962626270408929
0.4075,0.5630316,1.1543931631936133
0.40875,0.5523566,0.9357780171591044
0.461875,0.5347216,0.8353618713076413
0.39749998,0.5402037,0.7867083454512059
0.385625,0.5314385,0.762774679505825
0.473125,0.51462764,0.7403723376081883
0.65250003,0.5353063,0.7223419039395451
0.40812498,0.637664,0.7373631124292314
0.3525,0.6160623,0.8950037734733522
0.33375,0.53761035,0.9798744486318529
0.344375,0.47387663,1.3053571557067336
0.35125,0.4577986,1.9711310833762585
0.359375,0.4649222,2.251035670401603
0.85375005,0.47528067,2.4624134066207706
0.8775,0.65346295,2.151951310017854
0.88499993,0.83770293,1.7467707810829578
0.92249995,0.92575186,1.5214032176059484
0.40999997,0.9477653,1.3636696644756199
0.45875,0.76803863,1.275593016307503
0.453125,0.6098323,1.3292920176875591
0.399375,0.5512726,1.6262427012105287
0.41875,0.53807,1.1521057454055548
0.46312502,0.5355226,1.0199043595924975
0.41562498,0.5505081,0.882704940995127
0.443125,0.54815906,0.8146276001769304
0.45562503,0.54591316,0.7585767944340408
0.4175,0.5503482,0.7489716331166029
0.424375,0.54326373,0.7339516206623613
0.345,0.53519267,0.7151234313520789
0.33499998,0.5042975,0.7095778136733174
0.956875,0.47434837,0.7067394222237169
1.0625,0.67817175,0.7253146500374377
1.235625,0.93689173,0.9030526933379471
0.7525,1.1374613,0.9996660444928707
0.695,1.0442514,1.028306707931012
0.41187498,0.8662232,1.0486827664460243
0.32562497,0.6664157,1.0298474009230734
0.3725,0.52946305,1.0457225787203015
0.32500002,0.485384,1.0828824032920599
0.400625,0.48066363,1.097389715218991
0.441875,0.49985063,1.0936361573149265
0.479375,0.52911425,1.1122516516552865
0.45374998,0.5613972,1.0958121444673836
0.483125,0.5670705,1.1319637111592293
0.43125,0.5710835,1.299355449845046
0.44375,0.5582001,1.7216137702168524
0.47750002,0.5488703,2.057198591336459
0.42125002,0.5582602,1.4018277799652517
0.423125,0.55227035,1.1620362283639611
0.46437502,0.53969085,0.9834577708242834
0.45624998,0.5464912,0.8575870006202162
0.538125,0.55727476,0.8123461625660956
1.104375,0.5910112,0.7740562838383018
1.201875,0.8218355,0.7707117700563371
1.184375,1.0718037,0.7445871665154397
1.161875,1.1902801,0.784885188754946
1.1500001,1.1929067,1.3890317954204978
1.206875,1.1680168,1.9951705984584986
1.051875,1.1795821,2.2352268725715576
0.90749997,1.1485878,2.4533765614788234
1.69375,1.0554631,2.1281502046675977
3.245625,1.2664715,1.6809517545236645
3.315,2.0607455,1.4670160971666872
2.9875,2.7947218,1.2728090444706381
0.965,2.9553022,1.1758137593303621
0.695625,2.076647,1.1572766053116321
0.44125003,1.1950431,1.155253112678379
0.45374998,0.7055904,1.18478003838107
0.47000003,0.5948543,1.143964132793993
0.44687504,0.6081312,0.9149765687042475
0.47375,0.61493313,0.8348984075728059
0.431875,0.60763454,0.7538911262400448
0.45562503,0.582503,0.7323935851563513
0.46374997,0.56467575,0.7135915092866122
0.48625,0.5603717,0.6820925204747915
0.52125,0.5720176,0.683355733243674
0.989375,0.5968768,0.6668687833164632
1.0875,0.78088444,0.6783495275504887
1.2262499,0.9875082,0.6713579030190407
1.0375,1.14574,0.6912005297257006
1.00625,1.1448373,1.24291672993958
1.0968751,1.0804164,1.3015996110178532
1.218125,1.0713277,1.2158125733694434
1.35125,1.1442933,1.1351035035409034
1.2575,1.2579013,1.1221637954035402
3.3962498,1.2957904,1.1192093885158003
3.41375,2.030505,1.2882165724089742
3.5537503,2.809039,1.1609791323700547
3.6175,3.2018697,1.1560775797782838
0.716875,3.281584,1.1328617344389857
0.496875,2.2191527,1.1172476910471916
0.48499998,1.1359681,1.1425611832173168
0.44062498,0.6329271,1.5404526734735071
0.48875,0.57957953,1.0967761490358412
0.451875,0.6309012,0.9519846961137653
0.44,0.63804835,0.8353291796721518
0.443125,0.6044181,0.7733271008954942
0.461875,0.5740671,0.7220973146910965
0.4675,0.5644609,0.7024324985872209
0.59187496,0.5658298,0.7087459710215032
1.0356251,0.61244,0.6817508530160784
1.261875,0.8186646,0.6715349162648618
1.24875,1.0809225,0.6802081666316092
1.15625,1.2261493,0.6557570160171389
1.053125,1.2218611,0.6435666240859031
1.07625,1.1425484,0.6668594143721461
1.1531249,1.0970246,0.7371304835352301
0.99875,1.1222017,0.6792553250606358
0.97312504,1.1042345,0.6499484698797762
0.978125,1.057199,0.6234076460041106
2.5818748,1.0258278,0.6113871907756477
3.191875,1.5856904,0.6060035362300277
1.0975001,2.3899803,0.6060565604680777
0.496875,2.094894,0.7822373656195402
0.480625,1.2422502,0.8537804184781016
0.47750002,0.67562896,0.9094191900102795
0.4575,0.55718976,0.9542747053119541
0.44062498,0.5906415,0.7908051655279099
0.46,0.60189843,0.7558221254655718
0.4975,0.5905536,0.7169047268077731
0.44812497,0.59501666,0.6789182424044609
0.4725,0.5850178,0.6704421385468542
0.438125,0.5732218,0.6792044935542345
0.528125,0.55582845,0.6638210856640339
1.204375,0.580577,0.6689181900510192
1.3981249,0.8537551,0.6716642874321341
1.2975,1.1797109,0.658455670658946
1.420625,1.3182855,0.6562117088253796
1.335,1.3583224,0.6254383148500323
1.0575,1.3447185,0.610699669734165
1.0443751,1.2296753,0.8233843736855685
1.15625,1.1213455,0.935367577662319
1.4993751,1.1174512,1.0721868563275039
1.2675,1.2830966,0.9653244781073929
1.1675,1.3468666,0.924189231056571
1.53125,1.2823211,0.788288108934462
2.738125,1.3370684,0.7018803288902342
0.68125004,1.8648912,0.6709576298235357
0.50625,1.628095,0.6333315507675708
0.4725,1.0274239,0.6449560185942054
0.44937497,0.63255644,0.6591796707814932
0.45875,0.55584997,0.6778340362738072
0.4575,0.58007747,0.6756257561643422
0.441875,0.59461284,0.6856648790089785
0.48437503,0.5791683,0.668808553468585
0.43875,0.5791673,0.668036113910526
0.473125,0.5701199,0.6772946242882311
0.548125,0.5672604,0.6603474000540376
0.99750006,0.5944642,0.6568908576187491
0.99999994,0.7876158,0.6679585709458589
1.116875,0.9650753,0.6681381756018102
1.099375,1.0788332,0.6995978945831954
1.020625,1.1137328,0.9155767791582644
1.040625,1.0893607,1.0328574234589936
1.043125,1.0674706,1.1025645619098843
0.93874997,1.0662453,1.1382580470263959
1.1125001,1.0348079,1.1545008063836397
1.3562499,1.0644587,1.1849114029407501
3.5,1.2001288,1.143539938889593
3.60125,2.0612376,1.083584874776602
3.2962499,2.9305122,1.3422863447768987
0.531875,3.1944065,1.9653853290997445
0.535625,2.0706358,2.2603495970882475
0.549375,1.031667,2.35836669517681
0.5475,0.6151899,1.7061402609898149
0.57625,0.6348039,1.3834455125366152
0.554375,0.70562017,1.0730573707920315
0.54062504,0.71548206,0.922140821018219
0.588125,0.68458885,0.8435987680763006
0.51375,0.67548347,0.7936630922231078
0.58875,0.6487182,0.7752323853589594
0.49312502,0.6472897,0.7421141638942063
0.520625,0.6273771,0.7289163114400208
0.51750004,0.61825776,0.7154531384563446
0.38312498,0.6153122,0.7123398581936955
0.38375,0.56774616,0.7204374168330431
0.355625,0.5202456,0.8914272288151086
0.35437497,0.4901114,0.9886234479101003
0.3775,0.47911397,1.0996554050298035
0.3625,0.48394635,1.0864561572009326
0.365625,0.48595467,1.0851480931028725
0.86937493,0.4850698,1.113960786305815
0.87624997,0.6609516,1.1675457656401396
0.95624995,0.84270716,1.241817772705108
0.95312506,0.95368546,1.2456104011003675
0.45125002,0.98476624,2.0084009432089327
0.48000002,0.8058487,2.295085257152766
0.47125003,0.63756156,2.577726771954149
0.46125004,0.57058805,2.7521163146878775
0.49312502,0.5690676,1.7917807842962443
0.4575,0.58606637,1.4003871552720666
0.438125,0.58455855,1.1136595847129822
0.48125,0.56651086,0.9380817807649077
0.438125,0.56639665,0.8700899564810097
0.44687504,0.5604111,0.8167826567091048
0.44937497,0.55443966,0.7813387443220615
0.38625,0.55266654,0.7549083543857932
0.403125,0.5321912,0.7380556169517338
0.89,0.51765084,0.7228868974238634
0.89374995,0.68561345,0.7551886253583431
0.874375,0.8623425,0.9231891460855306
0.39624998,0.93543917,1.0698962491115929
0.35125,0.7581277,1.1435080446110666
0.380625,0.5619532,1.1585438048653305
0.39749998,0.482573,1.1351437700675429
0.31062502,0.4939474,1.135235466118306
0.5125,0.48430923,1.1598391112519801
0.660625,0.5301767,1.1151380838619174
0.56625,0.6365181,1.0966158802862467
0.49875003,0.68305093,1.0866038675783576
0.529375,0.6484614,1.64787858372733
0.51687497,0.61569315,2.054928516062349
0.54062504,0.60778147,1.5559245879866184
0.556875,0.6197992,1.225779734748155
0.52750003,0.6362808,1.0151014799249172
0.5625,0.6350004,0.8796636221984029
0.520625,0.6394166,0.8038897932933271
0.52125,0.63210845,0.7617696110537647
0.53999996,0.6223113,0.7445893592470884
0.538125,0.62290156,0.7440186510007083
1.105,0.6292666,0.7198435852347314
1.38,0.83573085,0.7149713355113566
1.39,1.1384195,0.6924711180464923
1.394375,1.3287066,0.7140224807251989
1.3775,1.3795688,0.9629260283622146
1.31875,1.3677256,1.1252487694939972
1.27625,1.3365374,1.1858929493623973
1.173125,1.303341,1.2778690717588366
1.0193751,1.2482265,1.2853028307263554
0.96625,1.1535614,1.1992899417181313
1.11,1.0666456,1.1664601641348005
1.7425001,1.0769379,1.1834749643716216
2.516875,1.3479093,1.3107588504536452
1.130625,1.8659592,1.2790517514744402
0.5625,1.7487026,1.2534388517646493
0.4375,1.1726074,1.3701882569886745
0.445625,0.70006675,1.8274222418709098
0.468125,0.55245304,1.2790236446414889
0.46,0.5688409,1.0940493875610828
0.459375,0.59484184,0.9301652221561969
0.4725,0.592172,0.8254244114758074
0.41562498,0.58551764,0.7755096662428975
0.46875,0.561821,0.748288098859936
0.549375,0.55619687,0.7251629528751969
0.96125,0.5904557,0.7260414409093559
0.978125,0.7741259,0.7034329822367429
1.0174999,0.94359374,0.704351138779819
1.426875,1.0280268,0.7248890607583522
1.155625,1.1911227,0.8932400198708476
1.085,1.2384629,0.9580165022008121
1.233125,1.1822153,1.0498399307388069
1.7337501,1.1742737,1.0861587430536748
1.759375,1.3922476,1.0820563414782287
2.480625,1.6108166,1.092885047055632
2.54,1.9556029,1.0973450632290542
2.631875,2.2410147,1.0640675697109103
2.4968748,2.4067004,1.117623046837598
0.71375,2.4023457,1.2209656920830907
0.614375,1.7108009,2.0151417989754674
0.45250002,1.0276866,2.3643297292257843
0.49,0.66658217,2.5145525784416494
0.39875,0.60840917,1.6232456357252598
0.47750002,0.59591985,1.3203081967836618
0.43625,0.5985369,1.0753685099497439
0.47375,0.5831197,0.9441123908165098
0.4375,0.5798746,0.892214419476986
0.450625,0.5658525,0.856615022482127
0.56937504,0.556258,0.8305406524299085
0.95562494,0.59574115,0.8281286476163566
1.2006251,0.7780538,0.7887934339098632
1.1075001,1.024859,0.7946107509738206
1.145,1.1396369,0.7521542834350466
1.1387501,1.1574667,0.7467388342805207
1.189375,1.1485057,0.7374655727989972
1.3275,1.1670241,0.6838628522722423
1.155,1.2405003,0.6634146329520643
1.05875,1.2403347,0.6378749904132635
1.1025,1.1683898,0.6247124210046976
1.214375,1.1242524,0.6244929485005885
1.2987499,1.1627514,0.6167957627263665
2.0249999,1.2427858,0.6147889149197191
1.15875,1.5531795,0.7930046747107804
0.495625,1.5151049,0.8583444897352159
0.409375,1.0782529,0.9384447775223852
0.44875002,0.6771792,0.9768411034047604
0.46625,0.543341,0.8187064797219634
0.45125002,0.5608038,0.7775192051292955
0.43,0.5854361,0.7353162971048056
0.458125,0.574432,0.7107963744522631
0.430625,0.5652634,0.7111167126122117
0.4375,0.55483097,0.6968248864045739
0.535,0.5477161,0.684898618967384
1.086875,0.57936126,0.6931404992170631
1.3537501,0.81011635,0.6772673148122429
1.435625,1.1200973,0.6751323915433883
1.351875,1.333648,0.6724287534205615
1.3275,1.3749453,0.6484015973712504
1.2987499,1.340114,0.6457232753320038
1.129375,1.3041998,0.8157289494822919
0.890625,1.2336973,0.8772268993189931
1.0237501,1.0903465,0.9194048899383843
0.98625004,1.0315164,0.7721623617115616
1.099375,1.0303642,0.7071532504875958
1.080625,1.081622,0.6707682575447858
1.666875,1.1131539,0.6540515691425651
0.54375,1.3324195,0.6157725544033944
0.45875,1.130616,0.6730036477909982
0.44937497,0.78755975,0.7409263013583421
0.43437502,0.5820276,0.7392054056926072
0.47687498,0.545588,0.7244634714792668
0.43374997,0.57130915,0.7280236703197658
0.46937498,0.57623523,0.7203341591063142
0.4725,0.5735639,0.726960394809395
0.44375,0.5747349,0.7353190878541768
0.450625,0.5666685,0.7292448225088417
0.54625005,0.5575937,0.741381791523546
3.0,0.5881195,0.7297457620209455
3.8125002,1.4842638,0.7275035942405462
2.3725,2.6831923,0.7316588207148015
2.3318748,2.860389,0.7318655355075001
2.471875,2.447279,0.9377441000910104
2.7187498,2.2147105,1.1111660501499474
2.5718749,2.3337164,1.209192716522068
1.7687501,2.4490392,1.2737331811909378
1.491875,2.1553109,1.303124556209892
2.48375,1.7553235,1.2997268188506366
2.6031249,1.8838152,1.2883447475408019
3.8512502,2.2353377,1.2487818884213269
3.089375,2.8981657,1.1798312423892319
0.48687497,3.0961328,1.132366177086383
0.45374998,2.0291176,1.1584385537461936
0.47125003,0.99319214,1.3901923484803738
0.425625,0.5705491,1.7473085983546077
0.424375,0.5576268,1.4211674737673998
0.46687502,0.59773177,1.1545574187280239
0.4175,0.61092424,0.9593273570482433
0.475,0.5852327,0.8436545830637218
0.41125,0.5766015,0.786457377347052
0.46249998,0.5543538,0.7534836768318712
0.390625,0.5489271,0.7353105162668228
0.41125,0.53004575,0.7274776801392435
0.33375,0.5230267,0.6983308943687379
0.319375,0.4952085,0.7019072396877407
0.355625,0.46303746,0.7241066542382538
0.34312502,0.45818773,0.8795900660185516
0.329375,0.46397194,0.9450540693899989
0.345,0.46159732,1.006871161351204
0.45374998,0.46023583,1.1864022611226142
0.6875,0.4999459,1.1592225549802184
0.934375,0.6232229,1.151286660465151
0.931875,0.8119965,1.1992436950142682
0.919375,0.9365987,1.3949938327732683
0.9024999,0.96949625,1.484211100077182
0.45250002,0.9562831,1.802213402802199
0.429375,0.7821608,1.949814342983961
0.445,0.61451954,2.079042982699126
0.44062498,0.54711556,2.1028743876139817
0.4825,0.54810965,1.4957061967365444
0.43499997,0.5722035,1.2466812515018881
0.41875,0.5703461,1.0080075943629445
0.43625,0.5498534,0.9001036686097086
0.46875,0.53971916,0.8047148584109545
0.44,0.5519136,0.7872720768241583
0.413125,0.55553085,0.7498590914165973
0.37187502,0.54172903,0.7425319789429009
0.3375,0.51365185,0.7159423169532418
0.88375,0.48295134,0.7047932732158899
0.975,0.65704656,0.7360470747615396
1.713125,0.879509,0.8833545875808597
1.205,1.2638683,1.0291381519043445
0.624375,1.3647084,1.0704135344414414
0.42687503,1.0793397,1.1209017786701023
0.405,0.72137094,1.1408578294047713
0.42375,0.54710966,1.1720893049554528
0.42812502,0.52526057,1.2373733049924671
0.42875,0.54753655,1.2050217422477902
0.38375,0.55550295,1.1708029688346386
0.4575,0.53510475,1.1707740646447242
0.43374997,0.5388385,1.2057864075754583
0.48625,0.54429054,1.2499615780483186
0.4375,0.5620961,1.5323917932544648
0.42125002,0.5598675,1.330498020094335
0.48375,0.54529995,1.062030721348524
0.44687504,0.55483925,0.9035528354930878
0.48000002,0.55988634,0.8141912465788423
0.47687498,0.56859946,0.766525047982037
0.450625,0.57456595,0.736978188355267
0.53437495,0.5684245,0.713849254924953
1.1387501,0.5894771,0.7096571506911515
1.345625,0.83103323,0.6918443954734503
1.39875,1.1357129,0.6843586089640855
1.251875,1.3258656,0.711302895463109
1.313125,1.3256388,0.9170704280894996
1.35125,1.2932979,1.0910335841871799
1.1381251,1.302836,1.2154511713258922
1.1225,1.2539755,1.2569013743771613
1.08875,1.1869606,1.279296141383648
1.009375,1.1378305,1.2811717243002356
1.21375,1.0946592,1.2242657532143593
2.5725,1.1393666,1.1205371871986987
4.5906253,1.6801679,1.1256041913603247
2.9775,2.919945,1.0998212552781403
0.53125,3.2974694,1.1346159197579324
0.48437503,2.1102002,1.138715131905526
0.46312502,0.98448,1.3569337921901048
0.46125004,0.5486704,1.029082934934646
0.471875,0.56160015,0.9140059859408439
0.4175,0.6268663,0.8181158375515043
0.45687503,0.6150731,0.7554818533815443
0.45687503,0.589758,0.7382613350482284
0.43250003,0.5789483,0.7106444779507816
0.49875003,0.56231904,0.7105252730847895
1.329375,0.56683975,0.7057764143514633
2.1731248,0.8812189,0.6913111630043387
2.41625,1.488501,0.6859483394093812
2.30125,2.0060074,0.7142945787888765
2.221875,2.1894429,1.5882986760655047
2.1906247,2.1435702,2.18908023700729
2.3056247,2.073778,2.037318887531012
2.395,2.0968204,2.068604782694429
3.951875,2.1848357,2.0925382493005693
4.5012503,2.8083968,2.1855367826630174
4.588125,3.593884,2.1833896997004745
4.70375,4.045385,1.9203027664028107
4.05375,4.160736,1.7366778366433082
0.565625,3.9440641,1.9851952641709147
0.55875,2.4759107,2.0842915849091113
0.44687504,1.189301,2.616595531837195
0.44125003,0.6384584,2.5586627643220123
0.46562502,0.601525,1.6704968100227415
0.46249998,0.6504826,1.334605405150801
0.42687503,0.654675,1.0756073183602095
0.49625,0.6090343,0.9140197403484583
0.43937498,0.5936816,0.8346609945370257
0.45875,0.5757373,0.8046516678716242
0.54625005,0.5631163,0.7611592342984675
0.99937505,0.5896771,0.7556815913008154
1.2231251,0.7873941,0.716522394143939
1.1231251,1.0474783,0.7126127536143362
1.133125,1.1613892,0.6751597010193765
1.059375,1.1628791,0.667192709582746
1.235,1.1172218,0.6312705823570489
1.1812501,1.1529406,0.6114317430959642
2.1643748,1.1915685,0.6110350580067933
2.325625,1.5550929,0.602912581962347
2.269375,1.9551584,0.595093201233521
2.4206247,2.1475022,0.5963842218264938
3.1924999,2.2169738,0.6329752318746596
4.8450003,2.5230117,0.7294447597673535
3.643125,3.4121559,0.8587963917940855
1.655625,3.7161076,0.9193149879407884
1.0775001,2.8003068,0.9563863058896364
0.480625,1.7063208,0.9719152314256132
0.45499998,0.9628533,0.8190316020236909
0.46312502,0.67608666,0.7585987217505276
0.44250003,0.62570834,0.7203985456810891
0.49187502,0.6238037,0.6968426275970041
0.41562498,0.6271421,0.7011802494765818
0.50875,0.5970311,0.6839304282748698
0.58625,0.591081,0.67217080844298
1.116875,0.62446755,0.670399679288566
1.936875,0.84976476,0.6779773611879348
1.713125,1.3457463,0.6692484951730072
1.020625,1.6489172,0.65737844140172
0.9675,1.4469857,0.637202918162942
1.148125,1.1375921,0.6160584068746865
1.0393751,1.0606358,0.8007769117091595
1.005625,1.085068,0.8966202153769136
0.994375,1.0864028,1.2250465650205316
1.013125,1.0609015,1.1774999699681998
1.203125,1.0504007,0.999136599469334
1.50875,1.1217933,0.8554791874881089
2.90375,1.3014139,0.7640422777380049
0.88687503,1.9274697,0.7179263404168188
0.401875,1.7564315,0.6960745735022426
0.46374997,1.0824983,0.6861813669818639
0.465,0.62049633,0.6641396297708153
0.424375,0.53726,0.6790456201793253
0.471875,0.565195,0.6700492409032582
0.395,0.5919829,0.6855923195253312
0.47125003,0.5662625,0.6710806221351027
0.425625,0.5616595,0.6619225787347555
0.460625,0.5545257,0.6787611630827188
0.509375,0.5557709,0.6695584676924348
0.949375,0.5747882,0.6807996061590313
0.96125,0.754111,0.6825240899311006
0.90625,0.9273958,0.675096709819287
0.9375,0.9811104,0.7029599502183497
1.03625,0.97375816,0.9300033586926759
0.92625004,1.0041125,1.0904311810015141
0.90375,1.0053275,1.2032946670655906
1.086875,0.97951823,1.2164741803096235
1.7718749,1.023251,1.2577222533707322
2.29125,1.3303132,1.2860523462717235
3.170625,1.7870026,1.2259932270750404
2.9924998,2.402689,1.2064924671663344
3.6375003,2.742054,1.1803012843190135
0.54375,3.0275297,1.1398513655780256
0.46625,2.0893435,1.1973647233305873
0.46125004,1.07315,1.6923248555676638
0.42624998,0.586561,2.600587793444842
0.43562502,0.55118805,2.434504318196326
0.46937498,0.5963383,1.6339005174846948
0.42875,0.617169,1.3026433512826265
0.42812502,0.5924636,1.0368954384596647
0.46125004,0.56457806,0.8956199310666323
0.43937498,0.55786574,0.8318315733532607
0.36874998,0.5525123,0.7780010080742835
0.41687497,0.5221477,0.7626714217790961
0.331875,0.5141526,0.7444400541557371
0.3625,0.49197733,0.7194989276874065
0.31062502,0.4786176,0.7241830011674761
0.34625,0.45778286,1.0176619924728574
0.37812498,0.45570955,1.4189729480655493
0.314375,0.47269344,1.6949828450043498
0.33624998,0.46600202,1.8188199562738834
0.35125,0.45632768,1.8743558687578141
0.85312504,0.4591563,1.8971608759218452
0.90999997,0.6434358,1.9520702651719748
0.879375,0.84642005,2.009150658093542
0.903125,0.9351846,2.602184899442047
0.43937498,0.944235,3.0261220548997816
0.46625,0.7714962,3.310549649298638
0.43250003,0.6191412,3.528042316068262
0.44812497,0.55079377,3.405969755758196
0.45125002,0.54958236,2.1043618570287523
0.4125,0.56039196,1.6400981738200784
0.47812498,0.5513605,1.2444793502481282
0.44375,0.5583404,1.0378518681369722
0.459375,0.5595872,0.9383289614234865
0.43499997,0.56059545,0.878115952332914
0.385625,0.55232,0.8218971036100388
0.4175,0.52800757,0.8067558928973972
0.341875,0.5191273,0.7606824148344993
0.84124994,0.49657497,0.7393592955864966
1.01875,0.65089315,0.7503416917185485
0.94875,0.88171023,0.9123865539486706
0.388125,0.9985256,1.0527046349681914
0.33124998,0.80176026,1.0912875423799455
0.348125,0.56503415,1.1296938352243602
0.363125,0.46095315,1.1196238147974016
0.33937502,0.46552938,1.1830214675988258
0.393125,0.47838756,1.185548690493554
0.65250003,0.49523872,1.5482474358060956
0.554375,0.5981705,1.7369993708387015
0.51437503,0.657586,1.8430703722728787
0.48499998,0.6467695,1.9631963848966358
0.44125003,0.6049227,2.295734704399258
0.506875,0.5679509,3.021227080502957
0.44625,0.57393694,2.9122228021405636
0.43625,0.5724679,2.266248443901688
0.47125003,0.55864114,1.8119060740463435
0.46249998,0.55885035,1.3305002128259837
0.44687504,0.5649938,1.0870908533436061
0.450625,0.5621998,0.9482381150831283
0.53312504,0.5567767,0.8637916338290275
1.036875,0.58428514,0.8329821594510972
1.8856249,0.7938397,0.7779529673172533
2.476875,1.2884078,0.7789524542705715
2.393125,1.8777888,0.789558497916013
2.384375,2.195453,0.9782625915308297
2.304375,2.255076,1.3368057116906344
2.2806249,2.1962664,1.4168962318550051
2.119375,2.1515207,1.2511978800196946
2.135,2.0830393,1.1820937427721918
2.1756248,2.0423694,1.190087645006329
2.27,2.047031,1.1423787878119946
2.2737498,2.1038127,1.1218155497498812
2.919375,2.151795,1.108173370127976
1.788125,2.4006178,1.107435017580092
0.580625,2.2134218,1.1738117953351141
0.991875,1.4797586,1.307385233142525
0.650625,1.0264634,1.8518137900523841
0.529375,0.8484539,1.3548951497745514
0.43499997,0.76070875,1.0866188180214167
0.43562502,0.658434,0.9348086304311455
0.45000002,0.59197783,0.828912050832659
0.44250003,0.5707494,0.7614253521849215
0.41812503,0.5676078,0.7479304842619597
0.56625,0.552533,0.7065988880589604
0.935,0.58862877,0.7151184478710592
0.946875,0.76571155,0.6925359032997489
1.1374999,0.9264224,0.6943118165959418
1.5812501,1.0580446,0.7057909661160409
2.375625,1.2859954,0.8673289086568357
2.375625,1.7454064,0.9315326893480123
1.840625,2.095235,0.9599152084693313
0.9024999,2.0331264,0.9912096752201022
1.016875,1.5104561,1.039622199934423
1.0181249,1.1223259,1.0211340833689273
0.95,1.0226499,1.0153048059505225
1.165,1.033665,1.0779443716192245
1.233125,1.111243,1.3469114138416947
0.53,1.2017076,1.634986916346997
0.51437503,0.99557126,2.082465836802721
0.39749998,0.74450564,2.2345283878718316
0.46875,0.5794432,2.594159501607865
0.4875,0.55269945,1.6291574395893516
0.42624998,0.5789881,1.31060854866609
0.43625,0.5780905,1.0496607247613372
0.43562502,0.5598637,0.8934266014002264
0.45499998,0.5474038,0.8214452015511691
0.473125,0.5510839,0.7945509492015839
0.51124996,0.5634534,0.757348864710778
0.99625,0.58588845,0.7341571394196152
1.189375,0.7754154,0.725081423125714
1.27625,1.0252702,0.7037158446194232
1.2268751,1.202288,0.6651155946937203
1.19,1.2470026,0.6640020856946707
1.1793749,1.2218317,0.627480346032679
1.145625,1.1945395,0.6245145768082142
1.033125,1.1765053,0.5992745411483198
0.9599999,1.1282283,0.6017588064366579
0.95374995,1.0609728,0.6098536739962548
1.0525,1.0169735,0.5901560665872693
1.0181249,1.0393757,0.5919513157898187
1.260625,1.061637,0.5943794670818746
0.939375,1.1544962,0.7741523653523623
0.47750002,1.1194528,0.8596302278383077
0.4375,0.8722841,0.9074814132505656
0.4675,0.6440878,0.9472412195399404
0.4675,0.5640478,0.79857002697438
0.44125003,0.5706248,0.7599600094258785
0.500625,0.5754301,0.7119810475602746
0.445,0.58673084,0.6951789422933757
0.474375,0.57769966,0.686805099466294
0.48875,0.57335,0.6693465700794756
0.515,0.57842416,0.6854651410897076
1.09,0.595883,0.6751529234851896
1.2543751,0.8124714,0.6782951079377532
1.2387501,1.0825505,0.668428014857918
1.27875,1.2268649,0.6469635640881956
1.214375,1.2630858,0.6492011470660567
1.22875,1.2418337,0.6202315738806128
1.29125,1.2278225,0.7886933656109869
1.1693751,1.2523795,0.9089842317868769
1.025625,1.2377158,0.9531526247255505
1.0224999,1.1561087,0.7862869422961771
1.0068749,1.086687,0.710658232358396
1.07875,1.0557519,0.6621898926566541
1.460625,1.0765522,0.6387146072954684
0.54375,1.2426853,0.6191080979195237
0.51625,1.0588475,0.630351429117769
0.49249998,0.7797034,0.7237384746605158
0.496875,0.61789274,0.7226185868057609
0.495625,0.59489536,0.7214032154546678
0.505625,0.60630715,0.7089235822850466
0.483125,0.6142587,0.685890730368793
0.53999996,0.60437715,0.6992871247068048
0.47687498,0.6132863,0.6796928746941685
0.490625,0.6044473,0.6719258205160499
0.645625,0.59342253,0.6793462237544358
1.10375,0.64435166,0.6774321683643758
1.16625,0.8639174,0.6724120089243352
1.084375,1.0772789,0.671642559454888
1.034375,1.1431231,0.6998351082797348
1.0925001,1.103626,0.891581118708998
1.0237501,1.085554,1.2666470698593557
1.0649999,1.0739131,1.637503972940445
0.92375,1.0806932,1.8027061694054305
1.05875,1.0390451,1.9142504283739625
1.0799999,1.0436052,1.947898493540734
0.9625,1.0793625,1.9658270648573337
1.10875,1.0645087,1.9241360600031912
1.365,1.0804764,1.9230612228168547
0.529375,1.2065635,1.9362550884862242
0.515625,1.017672,1.9777395778869091
0.46937498,0.7575899,1.998657241119146
0.520625,0.6053555,2.2459150439842044
0.471875,0.5956391,1.9302121194016932
0.496875,0.60310197,1.4246164413115383
0.47875002,0.6059768,1.344545456392765
0.48125,0.5958055,1.1089597634328903
0.510625,0.5884595,0.9730177767664194
0.505625,0.5949184,0.8649491968002916
0.458125,0.601412,0.8044991733524203
0.44687504,0.5862277,0.7682882035668194
0.605,0.56575596,0.7400543915191292
0.735625,0.6105435,0.7115510728178918
0.47062498,0.7110432,0.7458230698083341
0.38312498,0.68757457,0.8836444268369675
0.393125,0.5847854,0.9412486832833291
0.348125,0.5149386,1.0517769101415575
0.39249998,0.4852831,1.2593632140009106
0.399375,0.49179113,1.6253054081003369
0.89562505,0.5064384,1.7896135680703817
0.94124997,0.6896766,1.7209252524791656
0.945625,0.8837068,1.381871330552101
0.96125,0.9778811,1.2871560876479746
0.47062498,0.99423206,1.2006360796111823
0.4725,0.814096,1.1359040499319137
0.4675,0.64214075,1.187693580724448
0.46687502,0.5706149,1.2244674845260382
0.495,0.56974185,0.991450277683735
0.459375,0.5883637,0.9069212699839473
0.49187502,0.5871046,0.7941530680769682
0.4675,0.5867682,0.7618597123906016
0.46562502,0.58064294,0.7421454601550102
0.458125,0.57345825,0.7097705747191607
0.47750002,0.5661259,0.6986255177666246
0.413125,0.569732,0.6874077019912004
0.36374998,0.5535448,0.6861749881261586
0.914375,0.5177016,0.6889248729528487
0.94000006,0.6845125,0.7021177419260144
0.87125003,0.88126695,0.8818290443710983
0.34562498,0.953832,1.0177367446881533
0.405625,0.7471778,1.1258856583683192
0.3875,0.56364095,1.1683796016843617
0.38,0.4960245,1.1844551154185832
0.369375,0.49932256,1.1911024810811879
0.389375,0.50254023,1.1838786263342203
0.409375,0.50711054,1.143665921289772
0.429375,0.5261429,1.1042268518388272
0.48125,0.52851033,1.0835796919563414
0.4675,0.55311716,1.1070815891061723
0.44062498,0.56719816,1.100882537396103
0.480625,0.5603985,1.190351769500375
0.508125,0.5639679,1.1057480095852912
0.44937497,0.5830454,0.9217028727062047
0.51687497,0.57795274,0.8279950903250277
0.44687504,0.5866862,0.7746407464922964
0.51375,0.57664865,0.7413530866728723
0.42000002,0.5853883,0.7151682826812565
0.59875,0.56657386,0.723067100097537
0.98625004,0.60685253,0.700546749369353
0.89687496,0.7951151,0.7024350899973512
0.92562497,0.9283469,0.703128192537576
0.90062493,0.9703869,0.7111336564476788
0.85187495,0.956374,0.9209134893126786
0.89812493,0.92623943,1.0562417104567587
0.94187504,0.9245307,1.1320344765897097
0.876875,0.95330733,1.1954520633152128
0.935,0.95507526,1.2034045029872655
0.8575,0.962336,1.219247188488245
0.935,0.94512784,1.2498021066556873
1.029375,0.95395595,1.221064564346522
1.0224999,1.0059315,1.1661167026229202
0.805,1.0459121,1.1427878319340945
0.51,0.9834899,1.1208228403307499
0.52875,0.79739034,1.1359247812129558
0.57625,0.66311204,1.2771374967451394
0.53625,0.6397527,0.9995603946952523
0.51875,0.6480864,0.9127021079668404
0.55625004,0.64081633,0.8291450784051418
0.55875,0.640143,0.7832300750386715
0.52875,0.64658034,0.7571515188623964
0.52750003,0.6404383,0.7466481349259615
0.615625,0.6287753,0.7302889614520967
1.025625,0.65409076,0.7419275823648274
0.95437497,0.831768,0.7189056941068173
0.873125,0.9676187,0.7155546021299064
0.89187497,0.97828954,0.765464961899519
0.9525,0.9443534,0.9470249364636839
0.9475,0.9522634,1.0424225175890327
1.034375,0.97683275,1.0759328393404186
1.063125,1.0217724,1.084356317638457
1.09,1.0644362,1.1105259718477727
2.731875,1.0974854,1.0950767820081115
4.7575,1.6901699,1.1101141369763017
4.79,3.017757,1.0644281743974984
4.235,4.0470967,1.100695158509761
0.595,4.1045218,1.1155598856954276
0.57125,2.5596108,1.084406351787895
0.5225,1.1837423,1.1289813967777789
0.559375,0.62777436,1.2321137391242385
0.45875,0.6438172,0.9739459002715349
0.526875,0.6880913,0.8940282072289288
0.508125,0.6901229,0.8081630285981297
0.474375,0.6618379,0.7805336131285131
0.48625,0.6262892,0.7439843646512925
0.503125,0.59789425,0.7378889693464339
0.595625,0.59033746,0.723157998791337
0.990625,0.62871176,0.7160413885559141
1.0400001,0.8113696,0.7202606029264629
0.92249995,0.9871095,0.7171273887397348
0.919375,1.0216763,0.6982202610900998
0.915,0.98434323,0.6864676181316376
0.86749995,0.9570017,0.7360482707969844
0.920625,0.9380481,0.7988285699696839
1.413125,0.945128,0.7333494168159366
2.2762501,1.1381196,0.688626262770146
2.356875,1.6270704,0.6656472324489057
2.2499998,2.0374482,0.6333324477941542
3.29125,2.1738453,0.6351880967866629
4.67375,2.5233078,0.6347438692885637
1.5593749,3.353571,0.812913681384623
0.453125,2.8892667,0.8932818811114133
0.45687503,1.6020014,0.9512010935582221
0.49625,0.74033606,0.9900337730386853
0.43625,0.5562135,0.8324887948301434
0.42125002,0.6038382,0.7815743633046746
0.46687502,0.6200807,0.7378907633996009
0.4175,0.60428643,0.7148668817491829
0.46687502,0.5757048,0.7139650710238516
0.44812497,0.570211,0.6995249364210665
0.52625,0.56231457,0.7060249903847277
0.980625,0.5809692,0.6963490636368096
0.9599999,0.7694719,0.6917082467719912
0.89374995,0.9413149,0.6849823414485157
0.8925,0.98229885,0.6880752891086042
0.94124997,0.9525269,0.6649519371770322
0.95500004,0.9504199,0.640123537049368
0.994375,0.97465855,0.8252707209211587
1.215,1.0080084,0.8965988860781491
1.66,1.1068853,0.9264921973054111
2.375625,1.3531791,0.7598916360662877
2.46875,1.7973928,0.7235654481995105
3.1725,2.1548808,0.6771437244829535
4.495625,2.563704,0.6529513162030279
0.624375,3.2932756,0.6379289116778969
0.4825,2.458675,0.6378227635321766
0.4275,1.2490947,0.6428783056874573
0.505,0.5940528,0.6517702312013507
0.42624998,0.5508954,0.6722391818025708
0.531875,0.61137134,0.673896488250494
0.43562502,0.6547515,0.6670820763041079
0.45250002,0.62199014,0.6790183107033372
0.51,0.587697,0.6918499769721925
0.42375,0.58818823,0.6770631914296746
0.61875,0.5689382,0.6984845849233865
0.930625,0.6114168,0.6786716597636043
0.89374995,0.78284913,0.6988503724302351
0.92875004,0.9147125,0.6696657122039794
1.0237501,0.9640489,0.7265176623556018
0.90999997,1.0007552,0.88261224824816
1.0550001,0.99301887,0.9146785565392673
1.055625,1.0230039,0.9617947781707347
1.029375,1.061261,0.9744548133532703
2.3749998,1.074252,0.9658736577157677
2.40375,1.5460643,0.9814801262164117
2.3806248,2.026282,1.0026338071097434
2.61625,2.2499402,0.9904539801582695
2.5075,2.342606,1.011846469462067
0.480625,2.357683,0.9902203545680642
0.474375,1.6225398,1.0136756063355505
0.438125,0.90020096,1.0529215160621703
0.45624998,0.57745457,1.0677156771565974
0.47625,0.566709,1.0016504666349293
0.45687503,0.61099243,0.8744313658061624
0.41812503,0.6158589,0.8248554972825944
0.459375,0.57877254,0.8040173704074323
0.43687502,0.5622791,0.775492124389708
0.4675,0.55465335,0.7582666225753725
0.43499997,0.55864954,0.7617092112638056
0.35875,0.55293477,0.7598900413523614
0.38625,0.5205921,0.7478152661807834
0.381875,0.50077814,0.7417832607544959
0.30375,0.4953105,0.7684259469822049
0.38125,0.46937206,0.9244228566467763
0.695,0.47018078,0.9585188370876014
0.53999996,0.59517163,0.9659398383437098
0.400625,0.66193753,0.9805854917037488
0.38625,0.6073086,1.0060454982158542
0.85875,0.5303872,1.0152065317048133
0.914375,0.66347045,1.0555007664987446
0.965625,0.85233605,1.0829228691579402
0.931875,0.9714384,1.1089031510885061
0.45687503,0.9902704,1.7021524794778227
0.45875,0.805286,2.645785574222952
0.453125,0.6301302,3.094904059934169
0.46875,0.55850303,3.2130245204563437
0.40375,0.5627984,1.9853308148546516
0.473125,0.5543049,1.5583926071268321
0.454375,0.5604448,1.2006047833503783
0.47875002,0.56449455,1.0296833447279037
0.43125,0.57285345,0.9089806436805428
0.495625,0.5606371,0.8781560195203126
0.37562498,0.5683571,0.8408716079230607
0.41625,0.5414095,0.8026285739168524
0.37937498,0.52424395,0.7773525575239956
0.875,0.5090647,0.7588259684850275
0.9312499,0.6756441,0.7760975176639855
0.92312497,0.8678213,0.9211804045560956
0.34875,0.963606,0.9934281216308475
0.358125,0.764119,0.9984570519974828
0.401875,0.5561454,1.0093802443750204
0.34312502,0.48503613,1.0095628391195834
0.37125,0.48243526,0.9927523616045714
0.405,0.49132806,1.0072202043618261
0.345,0.50648683,1.1891244377948345
0.43,0.496873,1.5614361186552048
0.42375,0.5081866,1.7533214672137796
0.48562503,0.5232364,1.844675451839715
0.45374998,0.5528525,2.274482749260217
0.45687503,0.5632578,2.9348797002486884
0.454375,0.5626337,2.114323237569481
0.44812497,0.558372,1.537222181737274
0.48625,0.5546618,1.2058603624337911
0.405625,0.566097,1.0047711224494875
0.47875002,0.5509903,0.8787480570654571
0.444375,0.5547831,0.8154885463578999
0.56187505,0.55629134,0.7918664476458728
0.92687494,0.59641594,0.750893064058572
0.95750004,0.7645865,0.7441101477122306
0.965625,0.9232565,0.7212114511050284
1.106875,0.99520963,0.7328803715823591
1.0393751,1.0536069,0.8949005157466233
1.033125,1.0746738,0.9468455311469735
1.004375,1.0711331,0.9666622437523306
0.92562497,1.0531446,0.9807306106710435
0.92625004,1.0139453,1.0029393941658735
0.88875,0.9845982,1.0171532787303628
0.89812493,0.9614354,1.0413359193874896
0.899375,0.9523904,1.1334296519359948
0.96625,0.9512593,1.3319713364230097
0.71312505,0.9775894,1.6680090562976897
0.46562502,0.91100216,1.852820851896852
0.47875002,0.7402189,2.2184688212768733
0.44125003,0.6177558,2.856239971078783
0.483125,0.568207,1.7451385913793742
0.45687503,0.5741989,1.402896238295883
0.4375,0.57833195,1.0898812040361763
0.43625,0.5664365,0.9445487444145978
0.473125,0.5522432,0.8395964347997308
0.44,0.5585889,0.8317097770771383
0.589375,0.5581487,0.7779025344893336
0.92875004,0.6047828,0.757983959531933
0.935,0.77410173,0.7568265958999097
1.034375,0.9209494,0.7146023585766553
1.12,1.0137167,0.7643325156725943
1.02625,1.0795293,0.886705280879289
0.99999994,1.0856599,0.9248484459258617
0.98625004,1.0580715,0.9705348071831466
0.87624997,1.032643,1.0257770929653942
0.905625,0.98480374,1.0086672079107166
0.85812503,0.9580769,1.0634382557277382
0.9175,0.9372039,1.0814114790342748
0.905,0.9463727,1.0871466683310271
0.92437506,0.95677865,1.5711174275626243
0.48562503,0.9681906,1.7555943332372606
0.48687497,0.8144444,1.889470966029912
0.43125,0.6599639,2.0480740369285644
0.46687502,0.57233304,2.080990128403157
0.47062498,0.5630957,1.3946691091500223
0.45687503,0.5750314,1.1557813616664707
0.505,0.5769596,0.9542469971574844
0.44125003,0.58667445,0.8532794789659978
0.45687503,0.57559896,0.8075564392884075
0.495,0.56392103,0.7743068532639742
0.573125,0.5722004,0.7384367535801232
1.100625,0.6144639,0.7299361309958994
1.259375,0.8389807,0.7077074135769903
1.3312501,1.0986099,0.704715530911982
1.438125,1.2641546,0.6856551113861798
1.39625,1.3540323,0.6500983729888499
1.288125,1.3798953,0.6443161396312713
1.3575001,1.340894,0.6345890823680908
1.1625,1.3257592,0.6021743290840834
0.94187504,1.2668201,0.6167381536857783
0.864375,1.1327442,0.7283242738948762
1.0193751,1.0008147,0.7141291272190213
0.979375,0.9939602,0.6766104920138418
1.06875,1.0239283,0.655834558981806
0.539375,1.0703944,0.8102808086922765
0.52,0.90533155,0.8822990863008797
0.570625,0.7170405,0.9526666356565059
0.501875,0.643615,0.9787182810352744
0.556875,0.62934446,0.8250436735258996
0.55125,0.6403208,0.7735864412477612
0.531875,0.64860034,0.729326950276047
0.53,0.6430665,0.7114151234556734
0.52312505,0.63273233,0.6788191708017886
0.5575,0.62371284,0.6913314956068992
0.64062506,0.6311583,0.6840733545105159
1.099375,0.67234707,0.6910422543685137
1.4275,0.8734827,0.6743788892132043
1.7281249,1.1704898,0.6913607984752953
1.75375,1.4676086,0.6511331429877877
1.946875,1.6369565,0.6536940542142092
2.2131248,1.7561636,0.6359189741130172
2.438125,1.9165466,0.8070293863357603
2.6362498,2.1162822,0.8862655385141075
1.464375,2.3247986,0.9386797984872759
0.82625,2.003933,0.7633451884129643
0.92249995,1.396821,0.7095740262277423
0.901875,1.0243556,0.677888256547302
0.94187504,0.9480826,0.6376530261686444
0.47625,0.99279845,0.6328834361542761
0.461875,0.852228,0.6392331883303821
0.453125,0.67731935,0.6194886365301907
0.4575,0.585353,0.643128476434648
0.46562502,0.57090646,0.6446792360583692
0.47750002,0.5756135,0.6687652968533336
0.4275,0.5807385,0.6657203899502754
0.46249998,0.5652644,0.6690794554968178
0.475625,0.5605947,0.668921180139631
0.433125,0.56726736,0.6667077172099054
0.594375,0.55945295,0.6797014462815225
0.92312497,0.60401255,0.6553539520722628
1.145625,0.7727933,0.6750961118015647
1.029375,0.9964491,0.66617607945472
1.036875,1.0874186,0.708123235233277
0.960625,1.0820376,0.8540636795392633
0.95437497,1.0336658,0.9235491527543963
0.91249996,1.0021392,0.9743653100341559
1.329375,0.9790574,1.0544426738086343
1.323125,1.1184176,1.0641835851490498
0.9312499,1.2621281,1.0772620333980025
0.90125,1.1850966,1.0742041694442928
0.893125,1.0347759,1.0473693201884628
0.96999997,0.9505375,1.0391124894957244
0.46125004,0.96899694,1.0199910721622407
0.48562503,0.82192284,1.0163638953368366
0.444375,0.66507554,1.0134814499150218
0.443125,0.5785092,1.0361411387725175
0.471875,0.5614455,0.95285959604159
0.401875,0.5714208,0.8372785181078315
0.44625,0.55516607,0.7874201858800649
0.44937497,0.546142,0.737309490173459
0.45000002,0.5498098,0.7273271790124476
0.47812498,0.5555829,0.7083696185348928
0.34625,0.5657179,0.6930440190245211
0.42624998,0.5278855,0.6833581253145635
0.3425,0.51437944,0.6892434170596301
0.37562498,0.4935531,0.6766669050189852
0.39125,0.48678774,0.7260039651320874
0.308125,0.4930044,0.86384784749493
0.370625,0.4727686,0.9227653508596123
0.303125,0.46885517,1.0016873443944754
0.40375,0.45374027,1.0696552479694785
0.374375,0.47372162,1.0698414308203756
0.88499993,0.48997158,1.0706196512164177
0.94625,0.6745685,1.0665409710106255
0.88,0.87532383,1.02617497409001
0.93625,0.95234734,1.0236178503091633
0.4675,0.96178824,1.0010825491379203
0.431875,0.7937482,1.015143341165483
0.481875,0.62191284,1.0131778562512994
0.465,0.5613696,1.0216942266355455
0.438125,0.5679352,0.8660314095385373
0.44125003,0.56915987,0.8115830919523537
0.46437502,0.5608346,0.7474153916637599
0.44687504,0.56132156,0.7278735678714513
0.423125,0.56007916,0.7144367076675594
0.47375,0.5476344,0.7023402045187354
0.39125,0.553794,0.7128415950627625
0.41875,0.53804684,0.6904522102157771
0.37562498,0.52707535,0.6882710402430594
0.84875,0.5103111,0.6966556473891437
0.88312495,0.66470116,0.7263205158464611
0.89187497,0.84050125,0.9289416778962315
0.35875,0.9310796,1.0636822469584644
0.381875,0.7491269,1.1696406217215956
0.305,0.5628776,1.2675710072404147
0.36625,0.46114072,1.3010679732626678
0.33875,0.46073088,1.2876083883853258
0.37812498,0.47278532,1.3137720624174178
0.40812498,0.48809448,1.2517839373876154
0.39125,0.5062281,1.156225090816468
0.49249998,0.5114691,1.0874068060402573
0.430625,0.5430768,1.1051005557312072
0.459375,0.5518116,1.0875913941772282
0.433125,0.55502176,1.1181975425295532
0.47875002,0.54817504,0.9360772253595293
0.42687503,0.55836487,0.8671919625984132
0.47687498,0.552958,0.8310804630939662
0.429375,0.5596045,0.7803508190447092
0.460625,0.5532721,0.7786709872625768
0.431875,0.55468535,0.7691517411579192
0.55875,0.54931235,0.7573568382804096
1.6606251,0.58844066,0.7501110562169552
2.17875,1.0224974,0.7415671770174801
2.3731248,1.6177278,0.7483132156042754
1.5749999,2.041829,0.7786542427663504
1.259375,1.9137027,0.9561522816209496
1.05875,1.5343858,1.1432170093195142
1.0862501,1.2165086,1.3455168365131318
1.163125,1.1109709,1.4576656913989783
0.94187504,1.1433916,1.5955010021744669
0.88625,1.1097394,1.7534093758189677
0.90937495,1.0244085,1.907256611110866
0.995,0.97273254,2.0545493728263673
0.88375,0.99328303,1.7231088145227729
0.758125,0.9871952,1.3989598863080144
0.45875,0.9153208,1.2675249598757923
0.5075,0.74361,1.1621921116502583
0.509375,0.6327481,1.1264228776222467
0.44125003,0.60410196,0.9378238357873262
0.515,0.58823705,0.8604871872344614
0.443125,0.59460217,0.7975466193121671
0.47875002,0.58247375,0.7599863222056626
0.45499998,0.5773196,0.7381991412051022
0.47812498,0.5693891,0.7267104234014451
0.61187506,0.57166976,0.699303869203031
2.0762498,0.6236979,0.698882665387243
3.5400002,1.1935064,0.6975146001777053
3.11375,2.250457,0.6798541401399671
2.3406248,2.8772473,0.7305443150195479
2.4524999,2.676463,0.8642544995461405
2.32,2.3431394,1.000197682248056
2.2675,2.1900868,1.0281083653864265
2.1206248,2.1635401,1.0617161640265584
2.016875,2.1065853,1.0484640912988783
2.04,2.0171611,1.0447795047721267
1.9493749,1.9676588,1.0274068905980887
1.44875,1.9275721,1.173225937306434
0.951875,1.719228,1.2225408707638086
0.42875,1.3487943,1.1228499210703373
0.46687502,0.90264285,1.085584845379442
0.479375,0.65339017,1.0511579617989064
0.43687502,0.5949944,1.0589750501264632
0.48375,0.5919292,0.8755215521140397
0.43625,0.5975525,0.8220472060583531
0.45499998,0.5821649,0.75997555788666
0.46125004,0.5688188,0.7276604742230475
0.48000002,0.5642837,0.7187735321901738
0.4875,0.5710345,0.6855139792037009
0.571875,0.5805386,0.6867082205952704
1.0443751,0.61662513,0.6817781624920666
2.048125,0.8176478,0.6789036906398832
2.219375,1.3542726,0.68633944299981
2.271875,1.8479521,0.6404756698182225
2.214375,2.082814,0.6532431488515437
2.136875,2.1049623,0.6211535178692639
2.0649998,2.0510426,0.6230936866998672
2.24625,1.9924324,0.6248358119947462
2.0718749,2.031308,0.5961478054869175
1.023125,2.0318227,0.6084109562410414
1.003125,1.6340102,0.5843636669284105
0.980625,1.229984,0.6125739569456875
1.0125,1.0495148,0.6086573395426571
0.490625,1.0470132,0.7941516727022826
0.495,0.8855511,0.8823541039313376
0.5,0.706084,0.9186798931196333
0.475625,0.618002,0.9665165267673136
0.48499998,0.60096115,0.8172672504034638
0.49,0.5998115,0.7571012853737175
0.49437502,0.59779215,0.7317367623579502
0.47875002,0.59607106,0.7079978508508205
0.49625,0.5911991,0.6898553885288536
0.510625,0.5912441,0.6832233719877898
0.559375,0.5977021,0.6860683416323363
1.36625,0.621681,0.6786884042598307
2.07875,0.9330353,0.6670051313571631
2.3375,1.4791603,0.6789483426298201
2.2268748,1.9492844,0.6511157008042187
2.37,2.116251,0.6527719108863175
2.3518748,2.1606555,0.634177546505481
1.484375,2.1793902,0.7971016941267252
0.879375,1.8850701,0.8651991682082415
0.8431249,1.3732172,0.9184582278838754
0.85312504,1.0184047,0.7563489790789782
0.8431249,0.91768837,0.7124494947761297
0.9887499,0.92786646,0.6435783851011097
0.92687494,0.9899148,0.6341211335003376
0.399375,1.0118086,0.6145926654371618
0.44687504,0.80957615,0.6221467256364971
0.43499997,0.6231591,0.6330584560076892
0.454375,0.54719496,0.6314417150952667
0.39875,0.55188555,0.6665139594678581
0.431875,0.5470284,0.6550834487225115
0.413125,0.5430575,0.6656358701121807
0.43687502,0.5348316,0.6582926111599803
0.44062498,0.5372901,0.6732647821964323
0.453125,0.5427831,0.6590768117332458
0.52875,0.5506023,0.6743940389955043
1.030625,0.58189315,0.6609226931029558
0.9312499,0.7908833,0.6695923553633689
0.98187506,0.9470369,0.6606151126544177
0.988125,1.0090079,0.7042018336884677
0.84250003,1.0144389,1.1149423327274621
0.885625,0.9627755,1.4490097835461795
0.90749997,0.9300319,1.7032793442060052
0.848125,0.9351738,1.5693161981828512
0.876875,0.92956126,1.4409050486941637
0.88375,0.9268578,1.296464432835877
0.83812505,0.9311071,1.2337953649595381
0.89874995,0.9200392,1.2247826398657262
0.84749997,0.92674714,1.1401069184847177
0.43437502,0.9235364,1.09336685000062
0.49437502,0.76472545,1.0724639378722012
0.39249998,0.63263106,1.0857873740480841
0.47625,0.5529161,1.0453071557424962
0.4225,0.55413526,0.9873414972525836
0.44,0.5556709,0.8513739951632917
0.443125,0.55424774,0.8100489771552384
0.41125,0.5511231,0.7741954226283728
0.46,0.5397685,0.7304410572928189
0.44937497,0.54497725,0.7370403821983933
0.403125,0.5521321,0.7063792162156105
0.35875,0.53888124,0.7079767208912968
0.361875,0.50681543,0.6942781282642483
0.3275,0.48506722,0.6962344435733556
0.3475,0.46660003,0.7422423390260339
0.3225,0.4626898,1.2801455258886516
0.76125,0.45643613,1.9874103218145667
0.423125,0.6044998,2.1771489860890805
0.37937498,0.63487285,2.0866740875150263
0.35625,0.5677143,2.1186361413832007
0.88375,0.49492675,2.0600941931481658
0.86562496,0.65654385,2.0287512869618833
0.885625,0.840455,1.9690043330162763
0.89750004,0.9297975,1.9146076442934572
0.41812503,0.94135076,1.8999300966548918
0.44875002,0.7648508,1.8569360111837088
0.443125,0.60721314,1.6607959658697249
0.458125,0.54627556,1.4032478727166355
0.433125,0.55366486,1.0919513420517744
0.424375,0.5589172,0.9548753144444526
0.44250003,0.55110794,0.8643045336955786
0.43625,0.5469743,0.7972342547218502
0.44250003,0.5457741,0.7777432624359428
0.47000003,0.5467669,0.74103434322685
0.39749998,0.5572141,0.7272556162250041
0.360625,0.54198134,0.7147273442806303
0.338125,0.5084284,0.710909997819513
0.89687496,0.47728482,0.7080558585698902
0.86999995,0.6594835,0.7356569678673148
0.88625,0.84646547,0.9152574376945198
0.32,0.9326311,1.3392386471244693
0.363125,0.73188347,1.5794254884402454
0.315625,0.54080784,1.7527421873800455
0.35875,0.4516712,1.8316284991908072
0.3275,0.45824045,1.8543461957673728
0.345,0.46719396,1.8482372453941402
0.35,0.47021416,1.9153306477198004
0.346875,0.4705368,1.8810911430256068
0.451875,0.47009248,1.5073224916543067
0.458125,0.50412697,1.365759736415297
0.4225,0.5403715,1.2492993730904163
0.5025,0.5457557,1.196190216523856
0.421875,0.56398046,0.9782279065029323
0.454375,0.5568176,0.8964597472880781
0.396875,0.5517743,0.8334274833150208
0.44812497,0.53217405,0.7856478606902062
0.43687502,0.5344449,0.7617638302157819
0.4475,0.54109603,0.745688715160042
0.578125,0.5489092,0.7348530327092111
0.91374993,0.59821,0.7209594863046705
0.888125,0.76529473,0.7190101478689909
0.92375,0.8966715,0.7195976006115973
0.9875,0.95398647,0.7357392949737608
0.876875,0.98500824,1.032987591983229
0.861875,0.9674644,1.3919594908499717
0.94249994,0.9343575,1.658301434610486
0.889375,0.9447178,1.7748301712949572
0.89,0.95317674,1.903007296514958
0.85375005,0.9509579,1.9553677348931133
0.873125,0.93211937,1.6866408964557944
0.87624997,0.92433655,1.384102534674257
0.88499993,0.92651874,1.224935333724171
0.70000005,0.9344463,1.1274556542287768
2.3831248,0.87208176,1.0719707725904883
0.42687503,1.4046851,1.096698805410415
0.44687504,1.2813113,1.0748809261667729
0.47687498,0.8521329,0.878283397295177
0.39,0.5761055,0.8185920589977502
0.47000003,0.52242756,0.7582714067171513
0.47125003,0.55374396,0.730855682913661
0.421875,0.5833589,0.6936960576811433
0.46125004,0.5695457,0.6885313772915304
0.49124998,0.5616727,0.6730261731252074
1.00875,0.5746455,0.6732524231635034
1.099375,0.77186316,0.6708533754006027
1.19,0.99245757,0.6729699594593048
1.365625,1.1398151,0.6996277954693139
1.3225,1.2540559,0.8904189709351957
1.09375,1.3066515,0.9268219044096768
1.003125,1.2338305,0.9881099500258268
0.8725,1.1166323,1.0181663207520546
0.84875,1.002877,0.982636493152231
0.83500004,0.9371182,0.9900040714918078
0.94437504,0.9105638,0.9960296980623902
0.95812494,0.94452447,0.978988385706544
1.00875,0.9868454,0.9863059298966825
0.499375,1.0258061,0.989897823676467
0.499375,0.8598989,0.9759534457655251
0.545625,0.6822235,0.9936025434665382
0.545625,0.6178726,0.9789867909926177
0.5825,0.63115686,0.8273843148912489
0.539375,0.66072017,0.7929664015765487
0.48687497,0.65979046,0.7203176139493286
0.55,0.626144,0.7184629616530239
0.54062504,0.6203546,0.6896271450981497
0.51437503,0.6286865,0.6854611543048917
0.618125,0.6252149,0.680210160024017
1.069375,0.653237,0.664823363366723
1.255625,0.8474076,0.6747973022796213
1.475,1.0927061,0.6710692597983777
1.363125,1.3108785,0.6539693417057395
1.319375,1.3780534,0.6317681331020594
1.265,1.3490639,0.622222175539136
1.22875,1.2943634,0.6031878694538771
1.0081251,1.2557616,0.6021513054017722
0.87874997,1.1621971,0.5903540104533732
0.87125003,1.0370693,0.7420533654257655
0.91312504,0.9565723,0.672557925248593
0.88499993,0.9491296,0.6556378111511468
0.965,0.95504516,0.6314745064003765
0.4025,0.98199403,0.806452299233675
0.44125003,0.80019444,0.8596314238737525
0.43875,0.6230985,0.9151948451729119
0.43499997,0.548342,0.9493440491910279
0.42812502,0.5469212,0.7941468885605036
0.41125,0.55103964,0.7539927892528474
0.45499998,0.54223233,0.7140850732468068
0.45125002,0.5461035,0.6990285817115008
0.394375,0.5542796,0.6822900656624138
0.441875,0.53771234,0.6728653063578903
0.53,0.5332613,0.6733054474015534
0.89187497,0.57125914,0.668602237354368
0.919375,0.7385161,0.668084354006797
1.031875,0.8934031,0.6762361329196394
1.053125,1.0007364,0.6524814736124873
1.1374999,1.0522827,0.6323693402522802
1.08375,1.1019003,0.6138783332677931
0.91374993,1.1168661,0.8037482624323665
0.945625,1.0513148,0.8592785934175552
0.800625,0.99743587,0.9154013606263698
0.87624997,0.9316238,0.7406930744466185
0.83,0.9144577,0.6994182899272442
0.83874995,0.90692466,0.6402344693368673
0.914375,0.9043618,0.6281088626588881
0.394375,0.92928857,0.6079146015314757
0.429375,0.7674913,0.6070565457694977
0.441875,0.60643804,0.6056734304472804
0.44,0.5425499,0.6031306590917707
0.43687502,0.5468616,0.6375766792394221
0.4125,0.55526453,0.6500092683482169
0.45000002,0.5455681,0.6462911928290128
0.433125,0.54505974,0.6757084819492697
0.44125003,0.5455338,0.6560881184960902
0.40375,0.5466282,0.6649906089897454
0.53375,0.5332814,0.6450128302778303
0.90999997,0.56631243,0.6573395702497661
1.11625,0.7410184,0.6551281007124483
1.14125,0.9712907,0.6601899220538139
1.18,1.1148652,0.7091107618321478
1.0862501,1.1696123,0.8485029120782018
1.00375,1.1473972,0.8967543706859649
0.9175,1.0876002,0.9490587947374582
0.86062497,1.0158027,0.9981295376248658
0.8406249,0.955333,0.9816960106141865
0.84124994,0.9191791,0.9779492302443088
0.86062497,0.90704864,1.0041986201499402
0.899375,0.9128377,0.9945364478096367
0.9024999,0.9333178,0.9972994890262187
0.47875002,0.9502519,0.9853642513231934
0.81687504,0.802679,0.9886936153228582
0.51750004,0.77240837,0.9894064524479211
0.489375,0.7171529,0.9934741689954699
0.4575,0.65153813,0.928606987310946
0.4125,0.5928949,1.5049894251801075
0.443125,0.55514556,1.0036352874554695
0.44687504,0.5459486,0.9218234729468823
0.45499998,0.5517075,0.8277674449120461
0.394375,0.55857813,0.7386121721120178
0.43374997,0.5393451,0.7279465260335802
0.35625,0.53195083,0.7166617322732508
0.363125,0.5085202,0.6931554496601223
0.34375,0.48931703,0.6965434193965793
0.306875,0.47366533,0.7028851980030536
0.324375,0.4541874,0.8902800314843655
0.35125,0.44514108,0.9891572783969343
0.3875,0.45462793,1.0859741549167037
0.299375,0.47869018,1.200529233778119
0.33624998,0.46468538,1.2381589009404184
0.864375,0.45242423,1.18520423228547
0.861875,0.6369759,1.1397508986006677
0.86875004,0.82921445,1.068344592461288
0.8718749,0.9164603,1.028675884204954
0.4575,0.9223687,1.0017497375768423
0.45125002,0.76478523,1.02798298100397
0.4175,0.61587363,1.0396768188863994
0.45250002,0.5431142,1.066453461083919
0.44062498,0.54367095,0.8933253370659053
0.41687497,0.55490863,0.8339637058727443
0.44250003,0.54940695,0.8010051551398635
0.44625,0.5458009,0.7783939057178795
0.425625,0.5483779,0.7813688445474207
0.431875,0.5440342,0.7646534518502652
0.45374998,0.53948706,0.7392269343306124
0.359375,0.54628253,0.74910220031932
0.3175,0.52236956,0.7436827643799782
0.86312497,0.4801274,0.7327781105518341
0.88,0.64147496,0.7653535312639177
0.80125,0.83343786,0.9379390538685024
0.356875,0.8993976,1.0719889124614002
0.3725,0.7167724,1.2266400829114021
0.404375,0.54464316,1.2625410801775754
0.37812498,0.4910845,1.2811019555659593
0.35625,0.49856767,1.2720724859759212
0.376875,0.49711987,1.2578155441354215
0.43374997,0.49392545,1.1734751113574207
0.39249998,0.51372564,1.0973183517707885
0.5,0.52008194,1.056873815189302
0.481875,0.55039907,1.0471398807223142
0.45125002,0.5733105,1.0289240615597368
0.513125,0.5713508,1.0509215454593301
0.4475,0.58178,0.852326039377302
0.481875,0.57454664,0.7974648902234435
0.49249998,0.57287395,0.7451704331339896
0.43499997,0.5800468,0.7145200314702094
0.49375,0.56833553,0.6952385447263717
0.459375,0.5718484,0.6781284603324532
0.594375,0.5714493,0.6834932773198187
1.158125,0.61694,0.6799376632818579
1.2231251,0.86216503,0.657776920544058
1.0375,1.1065793,0.6651716090203821
1.033125,1.1534327,0.6948277065511047
1.055625,1.0959561,0.8367018296842278
0.99562496,1.063516,0.9023406535698474
1.0125,1.0484111,0.9886724853633345
0.96125,1.0463039,1.0373290013083816
0.861875,1.0300368,1.0964765421569347
0.86062497,0.97915107,1.1052249434174597
0.835625,0.93670595,1.056286163107455
0.88625,0.91130877,1.0525684862667322
0.885625,0.9196892,0.9922825190140308
0.69687504,0.9350026,0.9991645069630445
0.45687503,0.8746315,0.9779259075531364
0.41375,0.7198275,0.9753402782608569
0.46312502,0.5886577,0.9994778682495654
0.44,0.5519907,0.8194557959280908
0.395,0.5560669,0.7711283890695869
0.46249998,0.543474,0.7299827763782442
0.41062498,0.5473133,0.705422587199062
0.468125,0.54129905,0.6915928293515742
0.450625,0.5512046,0.6748736492088436
0.498125,0.5569472,0.6790378459489346
0.916875,0.5755429,0.6705685196255147
0.844375,0.74046385,0.6698381406472623
0.84625,0.8689729,0.6540158874184638
0.89687496,0.909838,0.6938967922966182
0.85125,0.9183546,0.8413259020528198
0.99125,0.912562,0.9748758178298176
1.003125,0.95650196,1.0553020252756775
0.88124996,1.0083253,1.1189707794445753
0.915,0.99206746,1.1182864478309453
0.8375,0.965599,1.0964424551467598
0.83812505,0.92946833,1.057760874810815
0.881875,0.9070164,1.0210714908473195
0.89,0.91420394,0.9969241332358122
0.43583333,0.933491,0.985198002396375
0.474375,0.7800606,0.9860360245646537
0.405625,0.63391316,0.9993351413531602
0.46312502,0.5515555,1.0052634903742375
0.46249998,0.5502241,0.8558800587013364
0.41687497,0.5666077,0.9250647290021181
0.49,0.558655,0.8172925664870441
0.43,0.5656496,0.7784425444926321
0.42875,0.5595763,0.738944271287173
0.480625,0.5471546,0.7012703508134186
0.50625,0.555843,0.6928448791229724
0.9024999,0.5815734,0.685426867955476
0.903125,0.74142367,0.6836272332896292
1.195625,0.8875015,0.6595311058630049
1.12,1.0544403,0.6637650713373721
0.844375,1.1327848,0.6334178646588325
0.960625,1.0455174,0.625245055456087
0.961875,0.97901434,0.6109848245181143
0.88312495,0.9764825,0.5914479842068254
0.92749995,0.97001594,0.588737369210571
0.834375,0.96886694,0.5940301250623912
0.8575,0.9391058,0.6078168256338685
0.94375,0.9190234,0.5824191126345097
0.88312495,0.9446759,0.5883560332429408
0.465,0.95634884,0.7746545008999108
0.46687502,0.79745054,0.8408267565938831
0.429375,0.63990855,0.8969166328279674
0.495625,0.560811,0.9294717209374905
0.3875,0.5695428,0.7970420916937291
0.421875,0.5556711,0.7514542040213942
0.48687497,0.5399184,0.7034469359835982
0.42125002,0.5549982,0.6924842744363844
0.42812502,0.555566,0.6804469750420749
0.460625,0.54497313,0.6679854817433655
0.528125,0.54756385,0.6711230813933908
1.2431251,0.58187735,0.6705561605925857
1.4687501,0.8680288,0.662252485178262
1.1262499,1.216897,0.6607524573913216
1.235625,1.2866597,0.6660684362646937
1.103125,1.2402992,0.6342221984954178
1.150625,1.1660259,0.6095842670123278
1.1025,1.1489877,0.7904190454185008
0.97625,1.1421143,0.8568917053483427
0.874375,1.091944,0.8812114914031327
0.84250003,1.0062764,0.741373219936192
0.88,0.9389531,0.6978696233655513
0.96437496,0.92456657,0.6708481925803422
0.89437497,0.96397674,0.6458107852587104
0.44687504,0.97562057,0.6288268826042115
0.431875,0.8016164,0.6280783637550473
0.42375,0.6246434,0.6449913016398251
0.52750003,0.5442366,0.6357377747431397
0.47125003,0.573051,0.6722306102152168
0.460625,0.59552,0.6761775271828472
0.47625,0.5884639,0.6712662069682777
0.431875,0.57813215,0.6926674671986699
0.43687502,0.56126547,0.6754601052552461
0.45250002,0.548619,0.6848414086052775
0.565625,0.54871625,0.6897459512856602
0.976875,0.5941563,0.6721458910378814
1.17875,0.78563315,0.6882891801139712
1.08875,1.0245131,0.6789981774400174
1.09125,1.1289238,0.7266912868343294
1.15125,1.128632,0.9462339583562315
1.181875,1.1303896,1.0551995649059118
1.146875,1.1607203,1.0617717796747388
0.933125,1.1749853,1.0800061373867096
0.856875,1.0955213,1.0922662980522215
0.8562499,0.9873098,1.0763927149689199
0.89624995,0.9268562,1.0812328710745276
0.86562496,0.92987657,1.0645410004077853
0.86562496,0.9367773,1.025067445268184
0.45374998,0.93366605,1.0095279547524452
0.47062498,0.7780833,0.9893835284352304
0.42624998,0.63525456,0.9981564484223724
0.48125,0.56092757,0.9984714044228197
0.425625,0.56418985,0.9320089107942582
0.43562502,0.56298894,0.8216138425488769
0.45687503,0.5553154,0.755509561536014
0.46562502,0.55492365,0.7316032050666212
0.43,0.56300485,0.7048568624337017
0.4675,0.5555503,0.6769708973611891
0.40124997,0.5567584,0.6872460378669202
0.37625,0.5401729,0.6667693130353093
0.37875,0.5140402,0.6802703604747354
0.3475,0.49742287,0.6747418859706819
0.33937502,0.4824503,0.6906216485704482
0.3175,0.469507,0.8459609380796552
0.41125,0.45495126,0.8770385237364472
0.44625,0.47811767,0.9131412523142994
0.720625,0.51929754,0.9494277716721595
0.39562497,0.6429834,0.9488835755448044
0.914375,0.63003004,1.0045996907024086
0.895,0.7420356,1.0299771707688272
0.85812503,0.869785,1.0046178305733204
0.91374993,0.92598987,1.0132968617780507
0.438125,0.9390209,0.984828826122433
0.46374997,0.7749986,0.9764099326269329
0.46,0.62321234,0.9860701115748287
0.424375,0.56260204,0.9917277579069138
0.444375,0.5518221,0.8319922407813369
0.5,0.55426437,0.7901042887572943
0.396875,0.57579935,0.7252564429791272
0.4825,0.55836457,0.7150421009418368
0.43,0.55889434,0.7032689260415732
0.471875,0.5522782,0.6816372296488284
0.393125,0.55912703,0.6978389251224696
0.399375,0.5400045,0.6773049899287521
0.341875,0.5205855,0.6706861297775805
0.879375,0.49160984,0.6829622375823557
0.89812493,0.660841,0.6943696249757707
0.83187497,0.85160565,0.8433272680303455
0.38,0.9198905,0.8985703511695564
0.3475,0.7383967,1.0470760921652615
0.3525,0.548331,1.0816546729080379
0.32500002,0.46786943,1.0152208841301502
0.40375,0.45794344,1.0386249057127537
0.29375,0.48704478,1.03614173679024
0.3725,0.47364926,1.0112564253093304
0.36625,0.47173503,1.0219097123548389
0.42062497,0.47784317,0.9900475274462999
0.475,0.50310683,0.9892304358983041
0.43625,0.5392648,1.015890265300721
0.46625,0.5521389,1.0030968721660973
0.43250003,0.5580828,0.8518456318069995
0.450625,0.5506907,0.7963432083155214
0.42624998,0.5486076,0.738736958476752
0.479375,0.54234046,0.732591728361696
0.45499998,0.5556058,0.6850973601904511
0.43875,0.56284064,0.6801210553833842
0.549375,0.5569577,0.6935726666910946
1.053125,0.5874279,0.67241320495978
0.956875,0.8034652,0.6686779862658679
0.9325,0.966861,0.6746157042312622
1.201875,1.0043927,0.6990277843545377
1.07875,1.0783054,0.9669526810261607
1.17125,1.1169975,1.1483521875014902
1.07375,1.1512257,1.1313391813178362
0.96875006,1.137004,1.1937507028950751
0.83187497,1.0763985,1.1613239892566205
0.89125,0.9778061,1.1735480695195497
0.88625,0.9352492,1.158864143025279
0.82687503,0.93522567,1.1126248147140443
0.906875,0.92300415,1.0599496196746827
0.72312504,0.9326354,1.0240637721908092
0.438125,0.8824813,1.017398067318052
0.45374998,0.7248681,1.0405104555913807
0.41562498,0.6014016,1.022834447092861
0.453125,0.5468293,0.858611404978633
0.44062498,0.54954034,0.7910922140346467
0.44875002,0.55739814,0.7371809163631499
0.42624998,0.55993694,0.7433092026427388
0.4375,0.54982734,0.7190227062411606
0.459375,0.54407203,0.7083289533297717
0.551875,0.5507597,0.7057108317412436
1.040625,0.5921369,0.6851250683449208
1.245,0.80348814,0.6778633391422033
1.14,1.0676421,0.6766820548012852
2.08375,1.1801976,0.7149516009265184
2.451875,1.5118774,0.8771922142910958
2.3725,1.9496926,1.0145192100025715
2.1518748,2.2003675,1.0566415849737825
2.211875,2.159715,1.0939259965710342
1.2268751,2.0809138,1.1331256595937909
0.86499995,1.7159616,1.1620802823361756
0.86312497,1.2549859,1.1671737986168267
0.8406249,0.9877563,1.0983808299241962
0.92562497,0.9218008,1.0485480131192506
0.49249998,0.9607189,1.0207910205355286
0.47000003,0.83862704,1.0184240663903952
0.39749998,0.6788132,1.0039127676786483
0.460625,0.5673405,0.9994714893938602
0.444375,0.55086374,0.8468545758961141
0.4175,0.5592071,0.7968355762402713
0.471875,0.55242294,0.7385754936917126
0.421875,0.5574866,0.7283507860139012
0.445,0.5517205,0.6974721409194171
0.41375,0.5483697,0.6888176284413039
0.566875,0.536847,0.6878697703513502
0.92875004,0.581832,0.6877693033739924
1.459375,0.7614656,0.6736650553919374
1.374375,1.107087,0.6810651260277628
1.3375,1.3250585,0.6569319215023517
1.304375,1.3634502,0.6402548019394279
1.218125,1.320162,0.6317456077678502
1.2106249,1.2628744,0.6149433031617104
1.22,1.2299416,0.6049966737248003
1.11,1.2261425,0.5914579511688649
0.89687496,1.1936007,0.6179779440938681
0.878125,1.0825202,0.6371768047223985
3.2649999,0.9830376,0.7465119862245023
4.773125,1.7807633,0.671442024178654
0.92562497,3.1808507,0.8485176631820203
0.44375,2.718954,0.8929292499944568
0.43250003,1.4109253,0.9213129651512206
0.46625,0.6100439,0.9609531678961218
0.43374997,0.5030622,0.806038670309037
0.46687502,0.579559,0.7654741315045952
0.445625,0.6208263,0.7267997273813188
0.42000002,0.6033561,0.6942805203351378
0.453125,0.57323766,0.6872918858923017
0.4675,0.56202865,0.7011381888967753
0.56125,0.56112343,0.6677594310443103
1.194375,0.5953097,0.6880639267718791
1.313125,0.8628677,0.6700614005969464
1.1656251,1.1530303,0.6803158098216354
1.13375,1.2406604,0.6529754362511635
1.318125,1.1925989,0.6467656202220916
1.38,1.2139037,0.6203664268770068
1.161875,1.2969567,0.8022595969821512
1.0618751,1.2788451,0.8702920864711703
0.85875,1.1812338,0.8994611982366443
0.89874995,1.0367396,0.7583029023171961
1.5081251,0.96189165,0.6978552709402144
4.48,1.1699963,0.6551029839681088
4.55375,2.444318,0.6215264815887809
2.8506248,3.6685836,0.6344530333362519
0.4475,3.5294464,0.5972722781442106
0.444375,2.0251756,0.614032621840164
0.45875,0.88379896,0.6115626093075424
0.43374997,0.5223789,0.630508010091409
0.443125,0.56501263,0.6553355131924897
0.458125,0.6201593,0.652166019263938
0.47812498,0.62292534,0.6654925451980531
0.42687503,0.6109382,0.6574268808372319
0.41125,0.58264816,0.6625975414040685
0.55875,0.5450704,0.6546930428194254
1.103125,0.57294714,0.6717904691715538
1.221875,0.81826377,0.6682948562450707
1.3075,1.0861549,0.6640369700618088
1.405625,1.2474184,0.7020695018297434
1.5193751,1.32839,0.8967866636429728
1.386875,1.4073833,0.9376946639592946
1.166875,1.4158617,0.9746300325459243
2.1,1.3122786,1.0919559268543124
2.0906248,1.5516591,1.0919862264189124
2.115625,1.846957,1.1437183475100994
2.1987498,2.0006175,1.1289714298157394
4.229375,2.046519,1.0937127035833896
4.68125,2.7905667,1.0309810431854427
3.580625,3.7031617,1.0256375554968418
1.7368749,3.7796705,1.0134210501250625
1.0174999,2.774095,0.98801984868899
0.51187503,1.681285,1.0074330986709894
0.46937498,0.9630287,0.9440994337658585
0.474375,0.6921175,0.8203197321976721
0.508125,0.6421398,0.7717854112072289
0.47062498,0.6561892,0.7205630005547404
0.515,0.64661473,0.7080867561522126
0.43937498,0.6355376,0.6928971060040593
0.496875,0.5970018,0.688401009428054
0.405625,0.5817342,0.6755372495414317
1.411875,0.5545009,0.6728264352059364
1.8149999,0.8933676,0.6763844413147866
1.9162499,1.3820294,0.7094695724655687
1.7325,1.7221074,0.8980078158320487
1.6949999,1.7598178,1.0445105961363017
1.609375,1.6820244,1.088611213733107
1.59875,1.6010305,1.4630960909965636
1.604375,1.5675684,1.7293870039114354
2.1399999,1.5660367,1.854712182613462
2.104375,1.7671679,1.8683880505670605
2.140625,1.947036,1.9113091778761147
2.1593747,2.0292096,1.5748380944919587
1.71,2.0430076,1.3334867133314907
1.743125,1.8846884,1.199906497989893
0.7875,1.7433827,1.109069798693806
0.5125,1.3454391,1.0943262697665395
0.45125002,0.9133783,0.9243070405478776
0.505625,0.65476733,0.8525682365548611
0.48562503,0.60584646,0.7709176874920726
0.49187502,0.618044,0.7484112905107438
0.48625,0.62243795,0.7207864598436653
0.49375,0.60971504,0.6963969050545991
0.460625,0.60070056,0.7014856371934711
0.41812503,0.5850344,0.679962182008475
1.41,0.5563944,0.6797060310840606
2.1887498,0.8899244,0.663839823552668
2.179375,1.5089966,0.7116232336230576
2.16875,1.94091,0.8566214013378323
1.608125,2.061694,1.1077986123552919
1.6212499,1.8436788,1.1899989390441776
1.57875,1.6354542,1.245198167550415
1.6324999,1.5472492,1.264022968093604
1.61625,1.5667964,1.2443758931821585
1.59,1.5927898,1.2379370363654196
1.650625,1.5911673,1.2387032964070142
1.64375,1.5998561,1.201148580799252
1.7231249,1.6102003,1.1136990538826586
1.7262499,1.6419171,1.0715435885974764
0.83187497,1.669824,1.884222363819927
0.49375,1.3594544,2.711725799040645
0.48562503,0.91959906,1.7632688940076529
0.49124998,0.65698934,1.38819656400159
0.49625,0.59882176,1.0890836477337777
0.46249998,0.61378396,0.9189085352288187
0.475,0.61038244,0.8215923139108717
0.475625,0.59580445,0.7899161125139892
0.6025,0.58623964,0.7589013187180459
1.03875,0.6274913,0.7315121070335805
2.229375,0.8259451,0.7242073205548525
2.43,1.419978,0.7151539302559197
2.4624999,1.9824264,0.7379818614326417
2.4668748,2.2601666,0.9719311785648763
2.4125,2.3062744,1.1027979881608487
2.36875,2.2735167,1.13276684896037
2.231875,2.2392495,1.1518312552709877
2.1968749,2.1773932,1.2257354814366996
2.2281249,2.1183941,1.2755435801757873
1.4325,2.1047165,1.2281040302957595
2.3062499,1.8330483,1.1856106849974395
2.84125,1.8759828,1.0905820808067919
1.9231249,2.2482584,1.0648786810816826
0.41625,2.2404842,1.2634149834091961
0.45562503,1.4742785,2.3787654783652723
0.47625,0.7983589,2.8457427666588124
0.4375,0.5662264,2.590804622185379
0.48125,0.5750189,1.694599316305071
0.42000002,0.6112134,1.3205725206169487
0.47812498,0.5944658,1.0476045404925942
0.451875,0.5826296,0.8970719180965424
0.45374998,0.5749148,0.8301058935457468
0.57500005,0.5667626,0.7980896194040775
0.90999997,0.6007583,0.7819425428824126
1.264375,0.761969,0.7463750401660799
1.251875,1.0326726,0.7162319568701088
1.19125,1.2099528,0.7445839770875871
1.615625,1.2369648,0.9427463189993799
2.5674999,1.3609804,1.0610505703015627
2.5506248,1.8311837,1.1659576299087704
1.370625,2.2366815,1.2565435604399444
0.85249996,1.9610285,1.342374054042846
0.928125,1.3595133,1.33761263693735
1.02625,1.0043731,1.2702993634290993
1.175,0.98589134,1.5810014644779264
1.8612498,1.1166285,1.679147136376798
0.88124996,1.4501933,1.775440946728736
0.55375004,1.3586082,1.8584577669478952
0.52750003,0.98622024,2.6196015675882993
0.578125,0.7004403,3.0660867819286883
0.56375,0.6367283,2.959933453388065
0.51625,0.65807456,2.324475834814757
0.573125,0.65867394,1.8118267370285093
0.564375,0.6589596,1.348239013185352
0.55125,0.66036355,1.1001744844128192
0.56375,0.6553683,0.960893366123885
0.621875,0.65171444,0.8957199993655086
1.088125,0.6718746,0.8404817003680766
0.95750004,0.8626018,0.8227253581555187
1.051875,0.9936002,0.7713540410901606
1.11625,1.0548342,0.7611723906883597
1.2875,1.0915534,0.7105539779354632
1.281875,1.1823003,1.0516413594578207
1.3000001,1.255313,1.307258453385383
1.3143749,1.290688,1.4878769487152994
1.275,1.3030745,1.5308006674344838
1.0493749,1.2958328,1.5550128102992475
1.198125,1.2046504,1.5344138905130327
1.345,1.1738375,1.5265934134183825
1.5,1.2453756,1.526485770228356
0.550625,1.3786945,1.7211712371022998
0.93874997,1.1196978,1.7822721031713484
0.4575,0.94250256,1.8490601177801191
0.4875,0.75424933,1.8898068526506422
0.45374998,0.6474872,1.7516894768494367
0.489375,0.59010196,1.7196722060115635
0.45687503,0.5891303,1.3423953833416105
0.45875,0.5850922,1.1040625963044166
0.47875002,0.5780856,0.9423801328140498
0.49249998,0.5763599,0.8678015419967473
0.535625,0.58356065,0.8133859160460531
1.045,0.6054452,0.7865536582003534
1.0181249,0.80559295,0.7643608218447864
1.126875,0.9851157,0.7505653503467142
1.2268751,1.0947073,0.7259228340610862
1.125625,1.1671641,0.6963317211228609
1.174375,1.1745392,1.0380069540663064
1.201875,1.1729548,1.4267966145880522
1.118125,1.1883756,1.617972913467139
0.856875,1.1771848,1.7480704729329049
0.89437497,1.0621436,1.6210814095880093
1.07625,0.9711685,1.5935729930375517
1.0649999,1.0089704,1.5484104953050615
1.0024999,1.0763822,1.5507397743336857
0.49625,1.0840781,1.5467687373179198
0.48437503,0.8765687,1.5417437937361003
0.431875,0.6759822,1.5639834748132528
0.47750002,0.57305753,1.568654591242671
0.471875,0.5678576,1.601325296111852
0.4475,0.58178616,1.6142006176744401
0.44625,0.57804006,1.3000248310156166
0.488125,0.56488293,1.0675099590601027
0.46875,0.5712145,0.9320445925183595
0.43437502,0.5755441,0.8482559307588637
0.584375,0.5619578,0.8033848669964074
0.905625,0.5999757,0.7656587196415663
0.9175,0.7625102,0.7486953489288687
0.95562494,0.906157,0.73384019002676
0.96125,0.9762762,0.768099229966551
0.90999997,0.99232876,0.9326284571546317
0.94375,0.9757934,1.4156730862735212
0.9325,0.97176415,1.684161315639615
0.94000006,0.975186,1.8680551540349422
0.91374993,0.9819165,1.9750321523185073
1.28,0.9763645,2.015657290252149
3.1431248,1.1015288,2.029888317991346
2.985,1.8804697,1.9979047354851662
1.7156249,2.5641968,1.9814421049453317
1.0200001,2.3360393,1.987280352629572
0.631875,1.6130843,1.7085554552312194
0.4475,0.99778706,1.926082408350259
0.505,0.68811315,2.144752372675985
0.474375,0.62036854,1.9329340967346726
0.529375,0.6215614,1.3572447614057364
0.531875,0.6394659,1.1298556986878814
0.47000003,0.6480877,0.9598876996541024
0.54625005,0.621975,0.8515310744850338
0.45250002,0.6154034,0.8128809897491336
0.5375,0.5918402,0.7624668997180462
0.46312502,0.6007636,0.7556473049513995
0.43937498,0.59333336,0.731433966051191
0.36625,0.57052875,0.7168534966228902
0.4275,0.52567226,0.7469246184529363
0.38625,0.51649886,0.8732947334551812
0.43250003,0.51263046,1.050947260221392
0.39624998,0.5241418,1.130029123827368
0.38312498,0.5222902,1.1634768530571462
0.415,0.5101728,1.339063826610297
0.8925,0.5115682,1.7367561769649384
0.950625,0.688657,1.9005761551342903
0.91125005,0.8856213,1.6091712886293232
1.01375,0.968377,1.3440313604907692
0.54375,1.0027562,1.2263378846223654
0.475,0.8549793,1.1771120558056236
0.490625,0.6773724,1.2045955549509824
0.51875,0.5915527,1.4642524579323828
0.4825,0.59584016,1.2096565789353848
0.49437502,0.60424936,1.039337344159335
0.5025,0.60352147,0.9259800947958231
0.4975,0.60166097,0.8677646642372012
0.52,0.59993684,0.8255870722962916
0.49187502,0.60564715,0.789147659740746
0.48562503,0.6019845,0.7917759476305544
0.42000002,0.593082,0.782469396495819
0.4375,0.56399816,0.7724396425954997
0.890625,0.5466979,0.7698847115463018
0.91562504,0.7031954,0.7860301933540403
0.93625,0.8768731,0.9587149869005382
0.389375,0.9665241,0.9757949710690976
0.42624998,0.7818014,1.0431642589040102
0.375,0.5966167,1.0932354854409396
0.398125,0.5064873,1.1805060057193042
0.405,0.50321627,1.2176391188327969
0.3675,0.51757646,1.2520554374335706
0.40875,0.51214385,1.276270769726187
0.44062498,0.5121371,1.276236682716012
0.495,0.5283976,1.1994336653107405
0.498125,0.5613791,1.2269404871472718
0.49187502,0.58519953,1.2785655630661548
0.52,0.5917422,1.3581894300678372
0.50374997,0.60019827,1.0540509722004832
0.483125,0.60301316,1.0984099334533513
0.495,0.5943881,0.8911417750222982
0.505,0.58971393,0.8319352297584712
0.47875002,0.5943064,0.7720862141215801
0.51625,0.5909771,0.7535490601028502
0.593125,0.5974786,0.726685904674828
1.025625,0.63423586,0.7145252142904699
1.094375,0.82209486,0.7114737291924655
1.083125,1.014943,0.7109460782220959
0.94249994,1.1031975,0.723993828227967
0.92937493,1.0593066,0.9117803633174301
0.84625,0.9951251,0.970576867762953
0.87624997,0.93791014,1.060124240849614
0.85125,0.9214119,1.1378533883675934
0.85562503,0.91706264,1.139942662950307
1.8574998,0.9168737,1.1698397616231442
4.375,1.2753366,1.1914130516183377
4.4950004,2.5255418,1.174154658829272
3.9075,3.657911,1.0791222671930492
0.70187503,3.8560207,1.0576663880106807
0.44875002,2.4696877,1.1016643458984792
0.59625,1.1316075,1.1106579344251752
0.40875,0.61882746,1.1003843886333704
0.4675,0.59170616,0.9159401745942236
0.431875,0.63773495,0.8423664528897405
0.424375,0.6285357,0.767257819031179
0.44375,0.5932255,0.7445369330267608
0.4225,0.57175237,0.725271792100668
0.41812503,0.5510571,0.7069242096999288
0.565,0.5329719,0.6964555107913911
1.2325,0.57855636,0.7033687950012087
4.406875,0.87287515,0.6953296427594124
5.415625,2.2479541,0.6797752018006146
3.0549998,3.9116004,0.7261829717703163
2.9125,3.8818924,0.8558571346886457
2.82125,3.0959086,0.9136958140821756
1.43875,2.6277325,0.9689917221201957
0.94437504,2.057339,0.9994553429153562
0.90999997,1.4607383,0.9981965156097711
0.86937493,1.0985359,1.0142357496021688
1.0174999,0.98814064,1.0163664867469668
1.5918751,1.0374347,1.0234310694405437
2.521875,1.2937871,1.0185630058412254
0.41562498,1.8268465,1.1515057342907786
0.46,1.4813209,1.8516044838495551
0.41625,0.88360256,2.064176461460292
0.42000002,0.5503042,1.81111230518952
0.441875,0.51450586,1.5061731015919149
0.46125004,0.55428845,1.2054565011319518
0.41125,0.58283836,0.9809680237068237
0.4375,0.5651695,0.8859852675415576
0.42375,0.55078936,0.8171322977374493
0.42812502,0.5411894,0.8032770244671404
0.573125,0.5365388,0.7901441566054522
0.920625,0.5849441,0.7574523217767477
0.8925,0.76228154,0.7656405797706544
0.89125,0.90158516,0.7240984813293815
0.918125,0.94594073,0.7384953593169152
0.90625,0.9481923,0.7098235989572107
0.81,0.9469271,0.6923363647197187
0.878125,0.9145255,0.6555086393231153
0.86499995,0.907484,0.6607771754571795
0.8275,0.91411006,0.6423239432588219
0.88062495,0.90808165,0.652743006696403
0.8925,0.9149419,0.6409668417075276
0.82125,0.93283796,0.6333635447157174
0.9325,0.9202979,0.6397401080197096
0.45624998,0.93360525,0.8119805743984878
0.3875,0.7908022,0.8955633187222481
0.450625,0.6138212,0.9384631167325378
0.43875,0.5406441,1.004583145545423
0.42875,0.54377145,0.862366557596624
0.43437502,0.5524287,0.7956518998284637
0.45687503,0.5511404,0.7561546233192086
0.413125,0.5543842,0.7419672508737445
0.42125002,0.5443115,0.7214327176623047
0.4475,0.5340052,0.7189694826638698
0.5475,0.538402,0.7181466102778912
0.99999994,0.5833209,0.7144656118574738
0.92375,0.7855107,0.7200831910021602
0.91249996,0.9364831,0.7103974966314435
0.86749995,0.9761311,0.7048185892994702
0.95437497,0.94325227,0.6775226683796942
0.95312506,0.9485989,0.6730933504493534
0.88437504,0.97483456,0.8306235775540769
0.86812496,0.9682317,0.8952457713116706
1.00625,0.9417754,0.9511253446467222
0.936875,0.9750054,0.7842578681641816
1.0525,0.9965779,0.7439367225727439
0.94187504,1.0375704,0.6842118952828645
0.95,1.0293444,0.664733461369127
0.586875,1.0059878,0.6551440478517114
0.519375,0.86334157,0.6374684380316734
0.46437502,0.7099139,0.6447877762749791
0.44062498,0.61165345,0.6552696315734088
0.43687502,0.5724711,0.6777742345015704
0.41062498,0.5596237,0.6875468407812714
0.42125002,0.5461208,0.6914889736071229
0.44875002,0.5370251,0.7042209702555835
0.41687497,0.54331034,0.703196366557926
0.46,0.5406972,0.6972399107038975
0.52750003,0.54783905,0.6994041368411481
0.910625,0.5811315,0.7028969590182602
0.9325,0.7475326,0.6952857881264388
0.89437497,0.9036268,0.7070033473785221
0.910625,0.9577803,0.737841526607126
0.915,0.9535541,0.9069047248269618
0.93375,0.94865537,0.9973549053351581
0.828125,0.9600697,1.0523615721347928
0.889375,0.9340264,1.0353593302701414
0.82687503,0.9242909,1.0304944560986757
0.91312504,0.90859073,0.9948292771543563
0.959375,0.92732245,0.9929929640682043
1.05125,0.9675326,0.9801531248904766
1.0350001,1.0288951,0.9789804121369124
0.46625,1.0634351,1.3385638837943972
0.784375,0.866505,2.3519607293348015
0.506875,0.7750554,2.824413069215864
0.41562498,0.6986339,2.9509185355626046
0.43625,0.6156211,1.8995800569480656
0.45374998,0.56062067,1.447417262351513
0.40999997,0.5542018,1.1737015607349575
0.46374997,0.54684865,0.9470245377852023
0.4175,0.55416685,0.873168950394243
0.4175,0.54677945,0.8137879832947253
0.43687502,0.5353956,0.777246110369414
0.35,0.5347659,0.7564797456209361
0.369375,0.51153857,0.7262641028413176
0.315,0.49362215,0.7018320887939632
0.32500002,0.47045168,0.736101693713516
0.34625,0.45759687,0.9845270265118778
0.329375,0.45981315,2.187774166301638
0.33937502,0.46141183,3.03434599461779
0.31,0.46095854,2.6961681686539944
0.315625,0.45176122,2.6560997852198778
0.846875,0.44753245,2.533427213795036
0.85437495,0.6269272,1.9615962888108192
0.876875,0.8173442,1.5863335898298025
0.93,0.91245615,1.3708827549035847
0.414375,0.943459,1.2299903775313497
0.44625,0.77058303,1.2126632127042116
0.43687502,0.60827863,1.3981635260410608
0.40875,0.5413351,1.7832686000360547
0.46125004,0.5328706,1.1912940460915864
0.41062498,0.55064946,1.0504812050764263
0.45374998,0.54839534,0.8855255912522972
0.41625,0.5501815,0.7940288797299564
0.443125,0.54158705,0.7526574156787991
0.429375,0.5413298,0.7368450297424197
0.41187498,0.53994274,0.706673042256534
0.39,0.53254014,0.7005937934301794
0.32625,0.51903343,0.6854683305175602
0.86125,0.4904149,0.6768463103356958
0.83375,0.64957523,0.7206325699497759
0.8775,0.8183475,0.8594593941089511
0.32500002,0.9086171,0.9058312830153108
0.328125,0.7254787,0.9437290614564717
0.333125,0.5309888,0.9733979166986049
0.3275,0.45145383,0.982935701352656
0.36499998,0.4525254,0.9558213784812392
0.340625,0.47279122,0.9733540620656312
0.34875,0.48099563,0.9716413393087686
0.43250003,0.47978273,0.9613709829448164
0.543125,0.5009377,0.9784527611665428
0.40375,0.5661203,0.9876108045668901
0.45562503,0.56636393,0.9668233098588884
0.385625,0.5532456,1.0009713178415598
0.461875,0.5253725,0.8386509687806667
0.445625,0.53368944,0.7610173047590255
0.42375,0.5465243,0.7315216753171384
0.44812497,0.5450748,0.7036151783028245
0.41625,0.5448849,0.687705315477699
0.423125,0.53788495,0.6810406073011458
0.548125,0.53278106,0.683148420433253
0.974375,0.5752514,0.6658525518669187
1.1962501,0.77186817,0.6617692868585884
1.219375,1.0244488,0.6659075694973766
1.149375,1.1806226,0.7016708233481646
1.21375,1.1978192,0.8784769556979836
1.0381249,1.1922818,0.9198538019086421
1.368125,1.1378878,0.958307338153124
1.6324999,1.2095009,0.9621165117053688
1.074375,1.4031439,0.9978145816244186
1.0649999,1.349878,1.0104074394828082
1.13375,1.1947424,0.9970289856764675
1.143125,1.1241115,0.9901348380337656
2.598125,1.1413263,1.0365232720971107
1.9287499,1.6827178,1.0276417122237385
0.963125,1.9722614,1.074461317064911
0.47750002,1.6140832,1.049535739057362
0.47875002,0.9931935,1.049950564017445
0.43125,0.6449184,0.9158568507915735
0.46937498,0.5590025,0.8435770400990547
0.41812503,0.5811902,0.7776778791649639
0.46312502,0.5803403,0.7345635921315848
0.423125,0.57674855,0.7097037960734963
0.47750002,0.5614606,0.6857617578800023
0.535625,0.56518966,0.6766846462114154
0.99375,0.5926512,0.6783983656644821
1.17375,0.7819296,0.664789276356548
1.080625,1.0228865,0.6744261326132714
1.1218749,1.1272144,0.6990678515419364
1.16,1.1366476,0.8469622190861404
1.2431251,1.1416125,0.911445274053663
1.1081251,1.1889524,0.9436734458082915
1.0356251,1.184056,0.9710497004421056
0.9312499,1.1277306,0.9850000585302711
0.945,1.0446241,1.00027701926589
1.063125,1.0002747,0.9709426552698017
1.165,1.0347041,0.9861261259014905
2.3562498,1.1172032,0.9655453459861875
2.9825,1.5959687,0.9924316247661412
0.75625,2.2549348,1.0168403161223234
0.535,1.8641616,1.0625254813441636
0.55375004,1.0979726,1.0770232249875367
0.500625,0.66438603,0.8843014489746094
0.56,0.5991551,0.9321807412198186
0.5075,0.65080047,0.8185238849774003
0.520625,0.66314054,0.7521556788097321
0.535625,0.64594716,0.7224559259852766
0.5375,0.6370616,0.7071109905685484
0.62625,0.63631487,0.6814257307143509
1.0381249,0.6644139,0.6893383025382459
1.2162501,0.84028995,0.670528452438116
1.1537501,1.0680976,0.6634361615900695
1.255625,1.1777284,0.6640202255655825
1.155625,1.2193718,0.6316265025714785
1.085,1.2014717,0.6273244627463818
1.028125,1.1534904,0.601936617039442
1.1237501,1.0988338,0.5958013538864254
0.96625,1.104988,0.5976295937333256
0.97187495,1.0770212,0.5911555535405874
0.9925,1.0407001,0.5926286705300211
1.155625,1.0271922,0.5815796950915455
2.85375,1.0908582,0.5794445724834502
0.8025,1.751847,0.7647166423895955
0.75625,1.6582596,0.8329385041573644
0.5625,1.1758614,0.8946449628399313
0.5125,0.7719616,0.9473644111907483
0.558125,0.6407881,0.7871130041100084
0.480625,0.64304066,0.7487657156808674
0.56625,0.6405181,0.7077428959618508
0.513125,0.6461441,0.6775637322632968
0.550625,0.6394548,0.6831681550180911
0.51687497,0.6403347,0.6645359161815046
0.623125,0.6290364,0.6741362933571636
1.079375,0.654566,0.6605969727835059
1.20375,0.8520364,0.6653972610409558
1.1675,1.0795437,0.6593401388703286
1.2125,1.1839576,0.6509603158660233
1.15625,1.2059007,0.6395170474092662
1.1075001,1.1877499,0.6123219921453297
1.14625,1.1559889,0.7913477669413388
0.94062495,1.1498407,0.8410233050853014
0.94124997,1.0854055,0.90268471309945
0.88124996,1.0212591,0.7352776252920925
1.085,0.9695367,0.6842716970551014
0.988125,1.0207729,0.6416360235388576
1.001875,1.0522388,0.616537319400683
0.914375,1.0548803,0.6182507398448884
0.413125,1.0132138,0.608435375298038
0.45499998,0.79759187,0.6082865685547888
0.468125,0.6214337,0.6356590357430278
0.41687497,0.56383574,0.6826963190351426
0.431875,0.5553249,0.6525287170125543
0.45000002,0.5530489,0.6666847931972145
0.43,0.55562055,0.64173509514153
0.47687498,0.55132896,0.6609623616118728
0.429375,0.5608002,0.6587144129934907
0.56375,0.55550176,0.6533173030491173
0.89125,0.59173876,0.6602963692083954
1.144375,0.74915683,0.65051000852108
1.463125,0.97897726,0.6504731307615339
1.370625,1.2385709,0.693895994939655
1.16625,1.3583392,0.8631284321749211
1.205,1.2962412,1.0107287743389608
1.20625,1.2203833,1.0988664203147591
1.005,1.2005988,1.1282157347539068
0.92125,1.1404094,1.1732717853318155
1.0975001,1.0481119,1.1283279627464713
2.12,1.0516016,1.2390794495543838
2.438125,1.4638753,1.369887653413564
3.000625,1.9677671,1.2341934454233945
1.529375,2.4544892,1.2060870111505688
0.45875,2.162213,1.1998407160404325
0.7475,1.332118,1.1937192072950304
0.46687502,0.8266872,1.7082468780864775
0.393125,0.6574297,1.6621648284362258
0.45562503,0.6047996,1.3793504865130783
0.451875,0.5874208,1.0970171501779558
0.389375,0.58434457,0.9426492407891155
0.45374998,0.55902606,0.8261217001400888
0.44,0.5511879,0.7820617477484048
0.43687502,0.5487597,0.736586287407875
0.41125,0.5464368,0.730657739047557
0.34562498,0.5360333,0.7053699616394936
0.304375,0.5049282,0.7112652203465998
0.35375002,0.46241114,0.7263440378768742
0.31625,0.4538174,0.8949575267694891
0.346875,0.45141518,1.0219499788814783
0.35062498,0.45784315,1.0600205844444037
0.294375,0.4645608,1.108397626773864
0.34562498,0.44892105,1.1423397173207999
0.906875,0.44820142,1.1896594643171132
0.92375,0.6551425,1.1642345415113866
0.935625,0.8685391,1.1383208388872446
1.091875,0.96904916,1.0890198591767253
0.77375,1.0353239,1.0731241494376957
0.53125,0.9679223,1.1040590081980826
0.48499998,0.79036945,1.1506918321706354
0.47000003,0.64406997,1.5951848501385748
0.44687504,0.5849273,1.9775141252055763
0.44375,0.5705726,1.3981938256056607
0.44250003,0.5658756,1.1711229083161057
0.44125003,0.5601736,0.9990169959248603
0.4025,0.5545548,0.8751774925844372
0.453125,0.53735423,0.8388044599960744
0.451875,0.5398172,0.7975139276766776
0.413125,0.5499099,0.7832183140234649
0.42499998,0.54343593,0.775559301713854
0.85125,0.5357835,0.7675020096011459
0.855,0.6829728,0.7912287614145874
0.850625,0.8376529,0.9435974975575507
0.35999998,0.9061951,1.0651354300238192
0.334375,0.7297177,1.110371483936161
0.32187498,0.54026765,1.182315009329468
0.345,0.45133194,1.1760190787483753
0.344375,0.4528805,1.157408567889035
0.44125003,0.4720149,1.1303044113188983
0.55,0.5098707,1.1533195220427215
0.44125003,0.57865083,1.102281898866445
0.43374997,0.587834,1.0918634334465862
0.41562498,0.5617264,1.0891404594174028
0.42687503,0.53347796,1.1450062783448398
0.46562502,0.5273025,1.7628953322704135
0.394375,0.5453542,1.267866826673746
0.43937498,0.53762,1.1709454963918031
0.46562502,0.53463674,0.9893757542048395
0.40875,0.5481967,0.8783378169079126
0.438125,0.54309905,0.83501561904639
0.45687503,0.5388866,0.7814946276083589
0.554375,0.54653096,0.7886570858691633
0.945,0.5913515,0.7637201455248892
0.95875,0.77038085,0.7672536329071223
0.930625,0.92923033,0.7498961685153842
0.960625,0.9858644,0.7789418892908095
0.9175,0.9887945,0.9500931660579146
0.92437506,0.9730515,1.0607200658403337
0.856875,0.96600026,1.1142197279796004
0.94249994,0.94255835,1.1667936586846412
0.96875006,0.9531399,1.170665424758494
1.0400001,0.9845803,1.1610598647625745
1.054375,1.033043,1.173317633357197
1.520625,1.0692877,1.1032181952804327
2.8474998,1.2515507,1.0822867776405811
2.648125,1.8859906,1.0440871995888652
0.8175,2.3681824,1.1010802819229664
0.43625,1.842373,1.0816626464776695
0.4275,1.0277095,1.0890308228349685
0.4475,0.58575565,1.057675756954998
0.45374998,0.5310747,0.8647578311291337
0.43499997,0.5808507,0.8055578640602529
0.4475,0.59357774,0.7588482944799959
0.423125,0.5804644,0.7141737792089581
0.4675,0.5605452,0.6992893174384534
0.555,0.5603343,0.6940233727145194
0.89562505,0.59547323,0.6811645963089168
1.2837499,0.7529092,0.6911323557053506
1.235,1.0286858,0.6740581523747742
0.98499995,1.2066121,0.7163647168044746
1.08875,1.158496,0.8464726419107617
1.279375,1.0929588,0.9907256795434655
0.945625,1.154594,1.17852018820256
0.88,1.1233668,1.2347964466267825
0.91875,1.0216767,1.208669251675755
0.905,0.9622094,1.2206172470901908
1.15875,0.955705,1.219602211676091
1.06875,1.0544162,1.149652876047641
3.8718753,1.1128029,1.0981476030124724
4.9075003,2.0978673,1.134972338320464
1.46375,3.4856253,1.505491361388415
0.49187502,3.0456505,1.7557847022122144
0.46625,1.6233191,2.0962611089615524
0.445,0.7103744,1.7450002499462662
0.43499997,0.5171377,1.280756700000912
0.42499998,0.5778055,1.1608589308078587
0.46374997,0.60965735,0.9413565258125961
0.44625,0.6038141,0.8270884954579174
0.41375,0.5888279,0.7880295659391582
0.56312495,0.56341153,0.7566491839756071
0.975,0.5876865,0.7155262959577143
0.99125,0.77163076,0.7157108840946853
0.9175,0.95184934,0.6990002755393088
1.10125,1.0036018,0.6872304894061386
1.13375,1.0441799,0.6695032507227361
1.088125,1.0991535,0.6374937541152537
1.234375,1.1234021,0.6084201258461177
1.203125,1.1734618,0.6098619465747476
1.24,1.2079891,0.5923247778574376
1.098125,1.2330991,0.597152176251635
1.146875,1.1940081,0.5974501884166151
1.06125,1.1660259,0.5778090936823934
2.5356247,1.1304569,0.5886592282281816
1.8618749,1.6301612,0.7896731179794669
0.97062504,1.9101764,0.8689927932997048
0.44062498,1.5822647,0.9336791742928326
0.46625,0.9727305,1.0265242164398731
0.415,0.6287426,0.9517803733919561
0.43,0.5436663,0.8507285347016156
0.451875,0.5591659,0.787188155003786
0.43374997,0.57514125,0.7434750528910756
0.453125,0.5707229,0.7124696280394495
0.44125003,0.5659266,0.6970931970226765
0.55375004,0.5587815,0.68776870535627
0.96625,0.590069,0.681092435503751
0.935,0.7728642,0.6623880358619988
1.0500001,0.9288719,0.6716192367637157
1.00625,1.026903,0.6704208092480898
1.098125,1.0464524,0.6568659402136504
0.88375,1.0735604,0.6562914445216953
1.114375,1.0240843,0.8068238675785064
1.078125,1.0481801,0.8616664781829715
0.89687496,1.088011,0.903618019424826
0.959375,1.0460678,0.7506803690886498
1.054375,1.0041356,0.6911847819256782
1.455,1.0296375,0.6415316694463044
3.4375,1.21625,0.6231084378036856
3.128125,2.0678592,0.6125230257696658
3.0618749,2.7519429,0.6424180313804745
1.6324999,2.929558,0.6901334667697548
0.4475,2.3246038,0.6723091498760879
0.4675,1.351151,0.6689468949016928
0.4125,0.731302,0.6568479996819794
0.44062498,0.55365646,0.6543325378024578
0.43125,0.57511544,0.6656388602007925
0.45374998,0.59702533,0.6447355493938922
0.43437502,0.59592944,0.6553677064798772
0.53625,0.57650197,0.6653605826206505
1.0525,0.5928733,0.6499201637075841
1.089375,0.80116385,0.6567610877729952
1.075,1.0122111,0.6632579523088038
1.16125,1.1035876,0.7013233750514686
1.07875,1.1377321,0.8573703188654781
0.92,1.1268944,0.9238688928966224
0.875,1.0521947,0.9617696614263952
0.88375,0.9720536,0.9968541651622952
0.948125,0.9370548,0.997429856889695
0.961875,0.95954144,1.005103819642365
1.063125,0.9938344,0.9850271686670184
1.41875,1.0466686,1.0115042039856315
3.01875,1.2113695,1.0290394789801538
3.396875,1.9113379,1.066205283729136
1.42875,2.686494,1.0879384437954427
0.69125,2.357036,1.2696547003243863
0.693125,1.4536289,1.8010747770588098
0.59812504,0.8644911,1.949674207497686
0.49875003,0.70733905,1.4402735419793427
0.53,0.6842914,1.1428135466961564
0.535,0.6722633,0.945770693960637
0.515625,0.66011,0.8344989317342638
0.53,0.6465723,0.7800308795632421
0.53625,0.6369397,0.7460877923201025
0.4975,0.62996036,0.7311146245874464
0.453125,0.61314505,0.7091651814448833
0.95875,0.5868704,0.7105519845430552
1.9337499,0.7486964,0.7341549466879665
2.6431248,1.2667583,0.8620203053353728
2.8018749,1.9398128,1.0503336940382422
2.8118749,2.4161315,1.1197619568912685
2.6968749,2.589141,1.0836530487969518
3.3474998,2.5584311,1.1169640313075484
4.3293753,2.740904,1.189109886030257
5.30875,3.320274,1.0999139480251074
6.5125003,4.1202846,1.0594554576967656
5.82625,4.943137,1.0473324424289168
1.10125,5.158025,1.0313530102087558
0.48625,3.4694815,1.1179312253038585
0.47625,1.5903088,1.1155002832624317
0.44687504,0.67374045,2.108682335733622
0.47062498,0.58394647,2.8471756171216067
0.473125,0.66963106,2.0307329183545706
0.43937498,0.6926561,1.5165668489459156
0.52312505,0.64455616,1.182260191038251
0.4575,0.62577254,0.9622028255966306
0.46687502,0.6014466,0.8503067328681052
0.48562503,0.5770844,0.7934639523215592
0.45562503,0.5715323,0.7745428709250688
1.3406249,0.5727219,0.7507742578710616
2.9887497,0.88740516,0.722244427050799
3.06,1.7702489,0.7542706681545078
3.01625,2.5360074,0.9024562703295053
2.36,2.8162966,0.9638182708039881
0.65375006,2.5601642,0.9833026848949492
0.556875,1.6708022,1.0658650116451085
0.59375,0.9395392,1.1063839017634094
0.64812505,0.67584664,1.1159669364251197
0.92437506,0.7102444,1.1803411521671714
0.68687505,0.8706477,1.1940409408296646
0.49124998,0.8926801,1.2228638003338874
0.4475,0.7609079,1.1856900220152737
0.50437504,0.6217087,1.1948590290738643
0.46312502,0.58075106,1.1618338990345598
0.48875,0.57822704,1.674192559546977
0.461875,0.5868238,1.6204825945086778
0.498125,0.5824572,1.3607092774106562
0.49875003,0.5869812,1.0700762524460257
0.4675,0.59332925,0.9254735737849773
0.459375,0.5858955,0.8100758879527449
0.480625,0.5718647,0.7594475082378089
0.585625,0.57148415,0.7378572744071483
1.053125,0.61527205,0.7164948853287101
0.99750006,0.8242914,0.7107096618825197
0.94312495,0.9886071,0.6977691563881934
0.951875,1.0228086,0.7284773664318025
1.060625,0.99764735,0.8834843574266136
1.094375,1.0231677,0.9314413919757307
0.96937495,1.077158,1.0147687827320397
0.85875,1.0673991,1.0360321002078057
1.233125,0.9919496,1.0868265295103192
4.8025002,1.0676097,1.030285149895847
4.92125,2.445411,1.1017821553897857
4.913125,3.866946,1.1068172652728856
5.0312505,4.4237995,1.0550050098069013
4.9531255,4.4046717,1.062559169675857
4.5275,4.331999,1.0914912670840324
1.3687501,4.1868935,1.2476328970374166
0.468125,2.9510357,2.0005370101597904
0.43875,1.5157772,2.187580009881109
0.48625,0.7363411,2.3586461687923967
0.48625,0.6138341,1.9344474802507459
0.43374997,0.67312545,1.3759635134728254
0.4675,0.6676713,1.1167603066034615
0.47812498,0.62658584,0.9232184489539266
0.56625,0.60423523,0.8365006963902712
1.83,0.6261837,0.7861236834579706
3.6568751,1.0967597,0.7656660951934754
2.774375,2.191499,0.7398522615289688
2.556875,2.759906,0.7572097259207069
2.54,2.657855,0.9392076487968862
2.3375,2.4089797,1.015684945882708
2.2637498,2.2587938,1.0646877140890063
2.1868749,2.1851437,1.1251931538458169
2.278125,2.1281912,1.1210476949943602
2.3725,2.1315293,1.0698504010862113
4.31125,2.1951888,1.0354520230171085
4.840625,2.9386635,1.0191311226774753
5.0575,3.8479028,1.0328524399779737
5.023125,4.350931,1.0426013248880208
4.9775,4.4308076,1.0863822023425997
3.390625,4.388468,1.2322961345295609
1.16625,3.8380299,1.850048441735953
0.538125,2.5101867,2.2266345539365706
0.49124998,1.3085029,1.7653579692511259
0.499375,0.74991614,1.3953815475966036
0.51,0.6637007,1.182358664623201
0.471875,0.696558,1.0081218157479168
0.52375,0.68163306,0.890984695700556
0.62937504,0.65566176,0.8468352399897576
1.3325,0.67858475,0.8182641459466516
3.023125,0.9604957,0.7931852760629355
3.1087499,1.8085172,0.7818203479278087
2.784375,2.5675452,0.7704843239825964
2.63125,2.7574673,0.7454192085064947
2.6037498,2.5882874,0.7165849866655468
2.491875,2.4397137,0.8848213257145883
2.2443748,2.3705916,1.287098877285868
2.40125,2.2634015,1.7038283244751393
2.96875,2.23256,1.971024636221677
4.694375,2.4630377,2.132575137134641
4.8518753,3.3101716,2.1902968043938276
5.005,4.076356,2.4697163990463316
4.603125,4.3705378,2.9287245031715927
4.2200003,4.2686267,3.499151282543689
2.585625,4.0047374,4.1990084329426285
0.454375,3.2478375,4.268380083451271
0.46437502,1.8798952,2.718036082047075
0.451875,0.9236143,1.9435345588813722
0.45499998,0.6128431,1.4429542560894788
0.450625,0.6282237,1.1460815142096579
0.4725,0.65395063,1.0081355701555312
0.451875,0.63963825,0.932899757861346
0.57500005,0.60490876,0.8692381799051166
1.733125,0.6239151,0.8536851343210042
3.390625,1.0645685,0.8001747078627348
2.52625,2.0633469,0.7685967807115615
2.5249999,2.556996,0.7471367154051363
2.543125,2.5137548,0.7205307075977325
2.6174998,2.3633254,1.0275508135299385
2.293125,2.3626165,1.7070723712797462
2.148125,2.3030405,2.0192994175206125
2.28375,2.165249,2.2288535983650384
2.3725,2.119777,2.116453177357316
2.5037498,2.1840236,1.4923537093849482
3.5025,2.2950249,1.2141787889519335
4.835625,2.7167,1.0362896465069056
4.381875,3.5694146,0.9576355649116636
4.2868752,4.013295,1.0185949001197518
1.915625,3.989582,0.9502199458150566
0.44937497,3.014526,0.8624528714878857
0.48499998,1.6387525,0.7986168716959655
0.444375,0.8029966,0.7742428653676807
0.46125004,0.5928558,0.73681732158795
0.441875,0.62645817,0.7283075293986498
0.48625,0.64461917,0.7102318457223474
0.471875,0.635443,0.7148856196378172
0.546875,0.61294144,0.712971763586998
1.281875,0.61946166,0.7003938561716675
2.425,0.89601624,0.6917283800353109
2.451875,1.5646535,0.6935234298986196
2.55375,2.0947587,0.7302732136520743
2.3775,2.3381855,0.9127202478377522
2.410625,2.3076997,0.9636645802493394
2.2918751,2.249935,0.9909355837640167
2.1131248,2.1964529,1.0118239441278578
3.484375,2.1054435,1.059795131763071
4.67875,2.5363634,1.0919403783935309
4.7868752,3.4393737,1.0673249722446503
7.350625,4.109683,1.025247249263376
7.3806257,5.124165,1.142641516931355
6.083125,5.7931004,2.4405869557897746
3.7312503,5.626712,2.9742751144059003
0.666875,4.5288386,3.3806835730640588
0.505,2.4967895,3.6610053771203757
0.51437503,1.1338958,3.773223004044294
0.510625,0.6779345,3.6902436596024035
0.47000003,0.7013692,2.528689318719953
0.501875,0.7306145,1.7884960722865162
0.50875,0.7054372,1.3593533718948068
0.489375,0.6656227,1.1225455300496519
0.50124997,0.6298017,0.9959029183052481
0.48875,0.60648453,0.9063736850894988
1.633125,0.59315485,0.8610790254403652
4.0018754,0.9998847,0.8234816512350738
2.5593748,2.2364635,0.8228916070823371
0.588125,2.7791953,1.2608056327472628
0.38125,1.8996061,2.0418662142919004
0.38312498,0.90353334,2.0780012358267603
0.334375,0.4857392,2.142193654181212
0.3625,0.46224287,2.161646373332888
0.8575,0.5142949,2.091012506751567
0.88625,0.70137125,2.0475541601885854
0.921875,0.8772666,2.00408983344838
0.99812496,0.96518457,2.0216125500707327
0.4575,0.9999053,2.059300623630583
0.42624998,0.8176905,2.774031670820266
0.461875,0.6234326,3.2282751684121784
0.46687502,0.55145866,3.5898141580218077
0.424375,0.561951,3.780414366495013
0.43437502,0.5623989,3.8619409265500306
0.44375,0.55350906,3.3497142286150154
0.43499997,0.5500905,2.3569358381064234
0.46,0.5481592,1.7149825510327517
0.43875,0.55355,1.3328900909838082
0.438125,0.5521646,1.1164999695549906
0.396875,0.54789823,1.0033466442348065
0.37125,0.530701,0.9212762867309153
0.85375005,0.50737566,0.885802274118513
0.86875004,0.662032,0.8867630892591178
0.90749997,0.835571,1.1240260225909948
0.390625,0.93247277,1.791001168525517
0.3825,0.7644464,2.0863399949474632
0.36812502,0.5764673,2.1870278401841223
0.355625,0.48850203,2.216097880346924
0.33124998,0.47860843,2.2222247712518275
0.32875,0.47478092,2.1856655558125673
0.340625,0.4661623,2.088095974319577
0.39249998,0.46984768,2.1127921128609777
0.45875,0.48754203,2.3202837305809556
0.43499997,0.52234155,3.015992432039827
0.465,0.54267764,3.365237971330732
0.443125,0.5544413,3.66178678694427
0.44687504,0.5535326,3.6744543970179557
0.443125,0.55105,3.569343612706661
0.43937498,0.5482785,2.9337047947634756
0.45374998,0.54633063,1.9117814125375447
0.409375,0.5504563,1.4769160812212527
0.46562502,0.53993434,1.1741903405533731
0.56625,0.54669696,1.0136301569886506
2.365625,0.5953224,0.9241565394210816
4.06125,1.2742698,0.8739403932560981
3.9050002,2.5425968,0.8240515621244907
2.584375,3.3988218,0.8310722901850939
2.56875,3.1278448,1.2327980707378685
2.42625,2.5864625,1.944079951044172
2.470625,2.296358,1.9561878165297208
2.485,2.2851274,2.0708343921026584
2.231875,2.340871,2.1162689878988266
2.199375,2.273352,2.165857614133805
2.285,2.1694672,2.078666231534034
3.253125,2.1470718,2.0120865264318883
4.83125,2.5215876,2.030014300391525
4.673125,3.4443848,2.060454598495513
4.34,4.086129,2.124728147920966
1.5075,4.1095457,2.518506272943467
0.643125,2.9255865,3.141535089853555
0.508125,1.5724263,3.268846684090048
0.42000002,0.8091372,3.381054742730409
0.445625,0.61552995,2.5727249517242607
0.46937498,0.6240852,1.7584285385628042
0.433125,0.64412826,1.3675832917900383
0.423125,0.62091017,1.09623793308571
0.558125,0.5820908,0.9630813136307895
0.974375,0.5991785,0.8830266745297611
2.293125,0.7793697,0.8499092504219712
2.465,1.4103975,0.8121918739937245
2.55875,2.0073183,0.8094092975315451
2.688125,2.3214653,1.058368460816741
2.516875,2.4306056,1.541442193464786
2.5356247,2.4047248,1.7608110411687194
2.44875,2.372283,1.9492280862767992
2.2075,2.336665,1.9864716333296895
2.2775,2.227063,2.031990948303193
2.31,2.162455,2.0127874032025037
3.6962502,2.168885,1.9537092324097454
4.80875,2.6985538,2.426027217642516
4.4456253,3.606334,3.0156475751532614
4.196875,4.063532,3.3515573192353547
1.0875,3.9773912,4.4732992282688615
0.46374997,2.6923723,4.871207463021278
0.4675,1.3396914,4.669742468568087
0.43875,0.6763205,3.8713784435659644
0.41187498,0.5837574,2.4508716645790636
0.45562503,0.6170318,1.7929750256878136
0.46125004,0.63113046,1.3797599293136598
0.423125,0.6161577,1.159325214689225
0.554375,0.5832069,1.0290821375776829
0.9887499,0.5984837,0.9635539469707013
2.065625,0.7819808,0.9105821351410449
2.4412498,1.3348454,0.8575915854227544
2.4675,1.9222317,0.818996518317312
2.429375,2.2419226,0.781184057071209
2.3137498,2.2963467,1.1698808255067468
2.368125,2.2245202,2.12041624080345
2.4724998,2.1955152,2.0185471112258733
2.2981248,2.25201,1.4363874234801532
2.22625,2.2468011,1.1317845051817597
2.178125,2.1817348,0.9153058771300316
2.72625,2.1135852,0.7763333359858393
4.4325004,2.2914336,0.7227930086414516
4.336875,3.0874953,0.870374612916857
3.40375,3.7665062,0.9269638339491189
1.1825,3.6358266,0.9812494907148183
0.75000006,2.4653935,1.0323833947443963
0.5225,1.3663422,0.8541133150102199
0.536875,0.80104584,0.781974437160939
0.52312505,0.6836107,0.7416977442201972
0.48375,0.69213223,0.7181264770145714
0.521875,0.67933905,0.6917865870936215
0.53375,0.65810424,0.6842705010196566
0.61875,0.64730245,0.6805418605206907
1.1193751,0.668871,0.67363794525519
2.42625,0.8710641,0.6782504559478163
2.35375,1.5197371,0.6699924292196333
2.43875,2.0385137,0.6666618691845237
2.40125,2.2594712,0.6493786586599797
2.32875,2.2619255,0.6336947468642891
2.2656248,2.2107205,0.7983591260576248
2.263125,2.1614492,0.8601385429023207
2.330625,2.1416714,0.9224814917807281
2.385625,2.1684556,0.768630269704014
2.41625,2.2231872,0.7177082632873952
3.4675002,2.272589,0.6696304291583597
4.8987503,2.6726098,0.6402168278140574
4.4325004,3.5634832,0.6177615613479912
4.3093753,4.056446,0.6067357092614472
1.7062501,4.026621,0.6039629004220665
0.554375,2.9528449,0.6194938193504512
0.508125,1.6057698,0.6469281813729554
0.535,0.8158882,0.6487568198983371
0.48437503,0.6475428,0.6632099115517736
0.525625,0.67420727,0.6601568317398429
0.536875,0.6965119,0.6620364014412462
0.5075,0.6860546,0.6608965796624123
0.746875,0.6553366,0.6594388117945194
1.389375,0.7113346,0.6641846804392337
2.638125,1.0115278,0.6501356494268775
2.57875,1.7095269,0.6661272413407265
2.5024998,2.2432084,0.7059594077745079
2.495,2.4025857,1.3608581838235259
2.83875,2.3551896,2.1921961086800694
2.6075,2.438206,2.5562722881464657
2.40875,2.4892886,2.3498190285317597
1.395,2.4076197,2.3205089839230477
1.0356251,1.9338717,2.211583843239248
1.11,1.4175928,2.1829421831049025
3.535625,1.1662854,2.177252642494291
5.5662503,1.9931037,2.088007069018185
7.521875,3.6399872,2.0517919131085276
6.19125,5.347674,2.0593618207775055
1.8712499,5.623212,2.4066765601821243
1.1325,3.9671738,3.0929628944073615
0.555,2.0521026,3.342581073222607
0.53999996,0.9948959,3.4236507477377356
0.46249998,0.7238952,2.4524165436951817
0.5025,0.70547783,1.7928731633357702
0.46937498,0.7122364,1.367164280705899
0.48000002,0.67898244,1.0898042590892316
0.444375,0.6405473,0.9568302343788744
0.48625,0.5957207,0.8894762956655026
0.385,0.5776237,0.8313455842842161
0.7425,0.54503715,0.7889158282037079
0.4175,0.6468002,0.8022827203340828
0.3775,0.64531714,0.9402497943477334
0.44687504,0.56907433,1.451885052755326
0.44250003,0.5283864,1.7145304496346412
0.42062497,0.5377045,1.9200888753974437
0.40999997,0.54562557,2.075484577911794
0.92749995,0.5615465,2.094837826782316
0.92375,0.72353774,2.1325819146688283
0.97062504,0.89254695,2.1217440394863485
0.990625,0.9879278,2.0423729346419868
0.46,1.0106708,2.0439253886492548
0.499375,0.8242533,2.0486784335066375
0.50437504,0.65371966,2.552442981330901
0.43437502,0.59188575,3.133428361609131
0.475,0.5750183,3.2970392329148948
0.49187502,0.5762741,3.3602831951616703
0.480625,0.58681697,2.2623635214379427
0.49375,0.59058845,1.6532729029223323
0.4725,0.5917053,1.2763353556402028
0.44125003,0.58440137,1.044536111559123
0.499375,0.56621826,0.9173301671202482
0.47375,0.57284844,0.8647757716608048
0.381875,0.5812945,0.8255874709747731
0.904375,0.553207,0.780425770599246
0.88499993,0.69979966,0.7945122773888706
0.91875,0.8611239,0.9395588845391573
0.39875,0.94810736,1.37005330432266
0.346875,0.774337,1.6761289409320055
0.376875,0.56947535,1.862723228022307
0.39875,0.48188657,1.9609077710731326
0.363125,0.50574964,1.9782869634421167
0.385,0.53190994,2.015237282471806
0.39125,0.5382448,2.068989906107634
0.45499998,0.5410951,2.0389219737054405
0.46562502,0.55465966,2.016973925937563
0.50374997,0.56609684,1.9918878798411785
0.47125003,0.57960856,2.1761941511256992
0.450625,0.5817986,2.8532283538289365
0.48375,0.56897897,3.0937203835223612
0.4975,0.5690921,2.957839594002813
0.471875,0.5816852,2.1238161708943544
0.465,0.5831277,1.6518011813075841
0.475625,0.57531846,1.2721956776267291
0.490625,0.5726212,1.0781345412549377
0.58625,0.5800699,0.9647972258155049
1.33,0.62212235,0.8893174222905934
1.1018751,0.92512995,0.8578880028738082
1.09,1.1237336,0.8323610183767974
1.1525,1.1556568,0.8393123763816059
1.206875,1.1395514,1.0103211255915463
0.990625,1.165717,1.5281797550965845
0.99125,1.121756,1.7140693779706955
0.985625,1.061954,1.8909787680472432
1.149375,1.0282035,1.9675900211028754
1.756875,1.0846694,1.988641440965682
3.4018748,1.3650397,1.9859995980075
3.613125,2.1937428,1.9913349127872286
3.9575002,2.9715018,2.020509406712204
3.9418752,3.427187,2.0548284477634726
3.675625,3.5607147,2.085658653422445
3.13125,3.4749856,2.4880233162419496
0.46937498,3.1864338,3.1462235487969217
0.52437496,1.9874934,3.2830691402418912
0.51750004,1.0153989,3.395543117429465
0.47625,0.6429935,2.5041988982750474
0.49249998,0.6374802,1.7730209683455525
0.499375,0.66907966,1.369417212805301
0.48562503,0.6623825,1.1303668045012654
0.63625,0.6313167,0.9844843679143489
1.0375,0.66353244,0.9255844064028562
0.9925,0.8482805,0.8863775671674312
1.229375,0.988336,0.8440809696997703
1.39375,1.1192151,0.8985478258353472
1.031875,1.2581227,1.133695371143967
1.060625,1.2177316,1.6565948913700879
1.2112501,1.1254742,1.8585044123302399
1.125625,1.1335483,1.983039609621018
1.144375,1.1597573,2.0528340586593745
1.1231251,1.1704496,2.214796195104569
1.619375,1.1601579,2.2017414682252703
3.5743752,1.3291507,2.1562227512694894
4.0487504,2.198993,1.780303628168553
3.7706249,3.1630526,1.513651113870889
3.671875,3.548745,1.3904953441263737
1.2162501,3.4591103,2.1689019230191406
0.499375,2.4464204,3.1643662104581294
0.48375,1.3117211,4.384668217672109
0.505,0.71007377,4.455893723120093
0.496875,0.61167926,3.092054704826325
0.45374998,0.65653664,2.3284131834988293
0.505,0.65755486,1.6404280802635849
0.496875,0.63772154,1.2904083073614538
0.6,0.61933523,1.0758572897681595
1.619375,0.64483064,0.9839790429389478
1.1393751,1.0355854,0.9110334391821922
1.14625,1.2413924,0.8667396618610621
1.2875,1.2345899,0.8123499500116705
1.36375,1.217134,0.7859127825412154
1.245,1.2753075,0.7217018256373703
1.2118751,1.2898239,0.8193545315937697
1.010625,1.25891,0.7265653044341505
1.073125,1.1563822,0.6934674155719578
1.053125,1.1011274,0.6915180771362781
2.9199998,1.0886623,0.6807445885285734
4.4462504,1.7467563,0.6690780601221322
6.895625,2.9827142,0.6604648108668625
5.705625,4.7471867,0.8390655944015086
5.23625,5.261078,0.8995837918697298
4.2031255,4.917529,0.9659611676424742
0.52312505,4.2262845,1.0066048441255093
0.489375,2.5037606,0.8379797935569286
0.51625,1.149447,0.7970101974152028
0.510625,0.6478757,0.7578300696380436
0.48687497,0.6655695,0.7128701005741953
0.501875,0.7176293,0.709514822473228
0.510625,0.70468783,0.7094400702579319
0.64062506,0.6621275,0.704681443901807
1.163125,0.6802877,0.7071676029129326
2.021875,0.8984103,0.6983241168345511
1.50875,1.3990446,0.6829943312001228
1.17125,1.608708,0.6963981010900437
1.188125,1.4410932,0.6892559754317998
1.113125,1.2412933,0.6566343080158531
1.109375,1.148941,0.8312227913118898
1.11875,1.1355317,0.8809730816711486
1.015,1.1445426,0.9381192565421761
2.83625,1.113552,0.7807094303388893
3.5687501,1.7191216,0.7123520178873837
3.54125,2.633324,0.6737822668655217
3.58375,3.1769807,0.6571727233052254
3.22,3.2962434,0.6373993669847399
3.068125,3.1389766,0.6386740417599678
1.383125,2.9426143,0.6387994261424244
0.518125,2.2285943,0.6608363792116939
0.518125,1.3249123,0.6713485340747237
0.48625,0.77973944,0.6905891562741995
0.515625,0.63699013,0.6854340441681445
0.520625,0.6586453,0.6777479217217862
0.483125,0.6745607,0.6855400926442444
0.51437503,0.646602,0.6917953580202162
0.62625,0.6249364,0.6862208361515403
1.763125,0.6578132,0.6832753995296359
2.0649998,1.0983467,0.6852976961274445
1.1850001,1.624131,0.6908349415580928
1.1075001,1.6023682,0.727670441185087
1.19125,1.312177,1.0106572115515173
1.0425,1.1569742,1.034883507502377
1.1,1.1117809,1.0838723219618203
0.96999997,1.1196795,1.1283331455667318
1.125,1.0827714,1.1667336575731635
2.9556248,1.0976186,1.1093317304562034
3.7475,1.7754177,1.0974915775710345
3.90375,2.7562115,1.0840431556911767
3.9181252,3.388602,1.1375011559291184
3.48125,3.565908,1.375703575102836
3.40375,3.3952816,2.0404082470847666
2.1293747,3.2026675,2.4089597918461263
0.445,2.6575763,2.7747492920871077
0.4725,1.6071905,2.957117188594192
0.47750002,0.85392994,2.974165477823466
0.44375,0.6122577,2.810041905990392
0.475,0.6178567,1.7804611061687767
0.4725,0.6393504,1.4223894233134389
0.441875,0.6276114,1.1447519214735926
0.4825,0.5948166,0.9832297267328203
0.44812497,0.5836738,0.9079536479119957
0.39125,0.57270163,0.8626121435412765
0.431875,0.5567513,0.8229661599583924
0.535,0.5309077,0.8475161828362943
0.8025,0.5717064,0.9861620069648326
0.73,0.7096157,1.015247595588416
0.414375,0.79512566,1.1288241181167962
0.396875,0.6963048,1.2318842996580899
0.40875,0.56736743,1.1526804404367508
0.92125,0.5129238,1.1500294278734924
1.1018751,0.69491106,1.1902676483407617
6.210625,0.95365655,1.172399476814121
9.860625,2.9298224,1.1824493639777602
8.514376,5.9746804,1.1778563885307312
1.2875,7.0509963,1.356007662077397
0.453125,4.664212,2.1044063096794483
0.48437503,1.8139604,2.5865200245438515
0.49625,0.5797985,2.7838451416443286
0.44875002,0.5430299,2.8949448741059003
0.453125,0.6926208,2.048807605334669
0.48000002,0.7237917,1.5105045439550282
0.474375,0.681601,1.1899923608492315
0.475625,0.64318,1.0075969555269182
0.44812497,0.60832965,0.910486452305466
0.47125003,0.5683007,0.8457039897982777
0.43250003,0.5589211,0.825682157114148
1.405625,0.5610944,0.7978061590036749
1.309375,0.9031831,0.812618260629773
1.235,1.2053274,1.1745800487691165
0.82125,1.2924844,1.1268203600683808
1.0493749,1.1067561,1.1669208371202648
0.61,1.0138265,1.2250920143674315
0.445,0.871764,1.2721500289405883
0.390625,0.7005731,1.2552843344558775
0.355625,0.5701966,1.2475368155233562
0.44,0.5136902,1.17070987740919
0.46374997,0.54621214,1.165165655105114
0.445625,0.57227796,1.1453357861098648
0.488125,0.57384074,1.79632751303941
0.46625,0.57464767,2.5820125656311212
0.54062504,0.57457733,3.866453966961503
0.4725,0.5976441,4.017090644441247
0.46312502,0.596031,4.075246671906114
0.498125,0.57973564,3.727524881771803
0.44375,0.5796611,2.2571852859799564
0.52375,0.5704821,1.6935946465314924
0.46249998,0.5860016,1.307604904985875
0.615625,0.5849226,1.1002398676837981
2.553125,0.6306723,0.9891058488728106
3.7024999,1.3553895,0.9311830483196676
3.7425,2.4939706,0.8865525870208443
3.811875,3.2377667,0.8936046113422513
3.6087503,3.464686,1.0645653197951614
1.34625,3.3774574,1.4219570565001667
1.4506251,2.4657009,1.3905011249643564
1.166875,1.6942693,1.3113979320596159
1.04125,1.3098929,1.2814607661993802
1.078125,1.1914551,1.223275834544599
1.189375,1.1655366,1.1972953532747925
3.2,1.1999465,1.1881145852009953
5.26375,1.9300332,1.1463894933366776
1.9187498,3.4085507,1.7751411405105888
0.56625,3.2631028,2.2558700456692278
0.479375,1.8592148,2.5295305303160847
0.47062498,0.8249448,2.7232806974722443
0.99750006,0.5417013,2.6956714152659473
1.4599999,0.7788785,2.652838595240563
1.4418751,1.1876404,2.0093123222178217
1.4675,1.4214451,1.476938606555462
1.46375,1.4774828,1.1979501826807857
1.459375,1.4585655,1.011785870332867
1.5656251,1.4356318,0.9254679922862351
2.8424997,1.46512,0.8755996930964292
2.9812498,1.9572799,0.8278950220261514
2.468125,2.5071194,0.8072889260272681
2.679375,2.5828989,0.8252085270780325
2.868125,2.4921632,1.2305132443599403
2.5199997,2.5285668,1.4782093942154944
2.4799998,2.5048192,1.3162030044588446
2.43,2.4174044,1.269251835718751
2.3262498,2.3371387,1.2501365979017318
2.3874998,2.2712882,1.1763141008247435
2.630625,2.2573082,1.1741012359127403
4.3175,2.360539,1.1209137390245498
6.1531253,3.0560887,1.159244681635946
4.12375,4.3572187,1.810555750029236
1.823125,4.492399,2.3361977795301376
1.7181251,3.1662643,2.6929344874899086
1.4662501,2.037163,2.91134570948109
1.45625,1.5502706,2.8790631181137263
1.485,1.4876944,2.864065630993694
1.483125,1.526057,2.3911663725347814
1.480625,1.5355768,1.616038126796037
1.45375,1.5188937,1.289364168418199
1.4818751,1.4899856,1.0642228549794854
1.5925001,1.4717951,0.9312191287222505
3.5943751,1.5032971,0.8723735868234933
5.554375,2.2508848,0.8289638790352643
4.15375,3.702575,0.785505133793801
2.450625,4.216005,0.7695065650065243
2.536875,3.344046,0.7366191783826053
2.554375,2.5601242,0.6959597540995478
2.41375,2.3113768,0.6889073310996592
2.3375,2.3320374,0.7152657595700025
2.3018749,2.3186772,0.8184208265899121
2.3,2.259601,0.8327732519267499
2.965,2.2205687,0.7396236194197833
4.490625,2.452391,0.701482049087137
4.8306255,3.228335,0.6756652253340184
4.190625,4.001496,0.8439876789350809
2.00875,4.084065,0.9680113717339933
1.945625,3.0887368,2.863033053726405
1.7262499,2.194238,4.920907519891858
1.5237501,1.7756075,5.371871089615822
1.4756249,1.6417136,3.2552066971997915
1.478125,1.574041,2.2414233328714968
1.466875,1.5314345,1.5766167985375226
1.4425,1.5041746,1.2076163418059052
1.464375,1.4788262,1.0261504553633929
1.585,1.4623963,0.9445180461715162
3.35375,1.4978868,0.9013806357862055
4.991875,2.1604912,0.8620753229658307
4.0550003,3.4162161,0.8244544267301261
2.4556248,3.958311,0.7752268038602173
2.336875,3.2457747,0.7472495414154231
2.575625,2.480227,0.7136724410183727
2.6037498,2.2584403,1.04883067616269
2.3274999,2.3769906,1.1273089405475558
2.195,2.3803241,1.1790043832184376
2.3899999,2.24204,1.0610838599547745
3.5112498,2.209538,1.1034153417895736
4.915625,2.6540482,0.9387884383735061
4.79375,3.5917296,0.8280959559808672
4.36625,4.208618,0.7488414645923673
4.2425,4.1820545,0.6924448052667082
2.1974998,3.934101,0.69307152783975
0.506875,3.0811543,0.695520410412848
0.474375,1.7596998,0.6896105999411642
0.5125,0.88143116,0.7014585270567238
0.47375,0.6357575,0.6935224332024157
0.506875,0.657208,0.7166033258756995
0.47875002,0.68697596,0.6981578679077327
0.50124997,0.66133815,0.691056208115369
0.62,0.62985647,0.6983611939333378
2.9893749,0.6558579,0.6799298890514671
4.1462502,1.5225668,0.7035759084723889
4.0550003,2.811338,0.6873389299531281
4.13375,3.5887353,0.7401779818484187
4.0212502,3.7436762,1.442316968536675
1.45625,3.6624799,2.098567463977486
1.06,2.6891096,2.4784777573575076
1.0243751,1.6538484,2.7505060523007807
1.0400001,1.1436442,2.8253419900779426
2.425,1.0842285,2.0537807207138834
2.6768749,1.6286204,1.837998384630233
4.3725004,2.2243617,1.5498228138260544
3.965625,3.1257362,1.3766384761421382
1.7775,3.616147,1.3063805633689465
1.7874999,2.8896344,1.3041842436139286
0.700625,2.0294929,1.9974091781325638
0.859375,1.3006264,2.9893064891968666
0.583125,0.98928684,2.25664587399438
0.471875,0.8383029,1.6465928456242382
0.4575,0.72990644,1.276505591351837
0.48000002,0.6434712,1.0284853158907592
0.49124998,0.61264575,1.088565565046966
0.45374998,0.607251,1.2625550339244307
0.48125,0.59004813,1.3358616410462558
0.445625,0.580109,1.3983054555805028
0.40812498,0.56917226,1.4231064465625585
0.68125004,0.5472198,1.4282561765091122
1.9649999,0.62338233,1.4644254843933882
1.69375,1.1685793,1.9246419829963146
1.6968749,1.5793525,2.1430839032305777
1.62375,1.6899431,2.116245665207654
1.6487501,1.622443,2.2235111073726412
1.655625,1.5805461,2.3219769180922207
2.1425,1.5867233,2.245609855606556
2.2724998,1.7821467,2.225295592256188
2.5362499,2.004971,2.1911748937495052
2.34,2.229615,2.1368820607711374
1.769375,2.2803078,2.1391405743692813
1.699375,2.0278075,2.223221068777293
0.458125,1.7748449,2.857973026438206
0.49249998,1.2125568,3.752991665818095
0.4875,0.78185743,3.460042518214732
0.459375,0.6140811,2.6553869480948147
0.483125,0.60328996,2.265021311535388
0.4875,0.61515105,1.8990793167752027
0.48562503,0.6152645,1.7198083547130225
0.459375,0.60451466,1.6377238441230357
0.483125,0.58591914,1.5923632031852006
0.47375,0.579621,1.5640203525727987
0.405625,0.5775707,1.53265312699914
1.253125,0.5532817,1.5186429671387376
2.2481248,0.83161134,1.5396991711433232
2.83625,1.4722553,2.2429767835749685
1.92125,2.1629643,3.2012874259586632
1.8712499,2.215182,3.1630202719043194
1.93125,1.9512379,2.69409384451434
1.999375,1.8033228,2.5350007977618274
2.039375,1.8358363,2.394269685835391
3.7450004,1.9120408,2.276239725328535
5.040625,2.569144,2.20474630794093
4.979375,3.6559925,2.1569108703286943
3.7393749,4.3336453,2.129961799687892
1.71875,4.032189,2.3575573778592047
0.56937504,2.8213646,2.9740809579853713
0.529375,1.5180594,3.352179656345099
0.57125,0.8172475,3.3562449808217583
0.52312505,0.6806962,2.6241572665973005
0.51625,0.71020377,2.322566563566476
0.89125,0.71162164,2.014470225073248
1.8125,0.81601423,1.7979603007607161
1.8175,1.2461566,1.678056551390439
1.9,1.6172549,1.6134845911215245
2.98625,1.7836708,1.5689418390886487
3.2256248,2.1870887,1.5311871862223745
2.494375,2.6700928,1.5122826499828697
2.450625,2.674535,1.5360803665660323
2.3106248,2.4386888,2.154221385291964
1.10375,2.244083,2.9701579617266356
1.1325,1.753304,3.0315141813631357
1.18,1.3406982,2.613695145883709
1.45375,1.1918044,2.4140740394078195
4.089375,1.3076938,2.3509050287155806
4.97125,2.36784,2.312860337253958
5.158125,3.6908457,2.2056355602940916
5.6137505,4.4600897,2.1205031527124345
5.47,4.7192698,2.1484947675825654
4.9281254,4.7661867,2.548154396904558
0.6875,4.564709,3.193272792443484
0.58,2.87438,3.4510176334272322
0.621875,1.3629347,3.4914747283808887
0.6225,0.73415756,3.493137616327554
0.616875,0.74115473,2.743410372685641
0.61312497,0.8162389,1.8527179928486048
0.61187506,0.8108248,1.4286014320741593
0.84625,0.762134,1.1642969346937537
1.9849998,0.8143246,1.0065855082191528
2.428125,1.2835618,0.9371494711357355
2.50625,1.8701844,0.877108691149205
2.65625,2.2341022,0.8425400773684681
2.6418748,2.3988547,0.8523473686760664
2.69875,2.4434936,1.6774230512832105
1.448125,2.4736233,2.380202714291364
1.3275,2.0371435,2.7368732416231927
1.2106249,1.5783898,3.006794520791322
1.725,1.3099655,3.104379052727371
4.714375,1.4371017,2.2380439347223935
4.76,2.690704,1.8052654859179258
7.595625,3.8929646,1.517403475739509
8.3862505,5.3005395,1.3621365463747084
8.170626,6.2475204,1.782616162700951
7.0224996,6.5596404,2.0042078422789276
0.7625,6.1384573,2.760677935079783
1.391875,3.7719433,2.920359032592624
1.588125,1.8921341,2.291200534028262
1.575625,1.3644607,2.0770442081317304
1.58875,1.5596172,1.5054307622592151
1.550625,1.7074919,1.32665595556736
1.57,1.6849971,1.0970008043602109
1.6899998,1.6188636,0.9579232114361227
2.9349997,1.6221025,0.8746723669482768
4.301875,2.0744538,0.8291747799520194
4.4500003,3.027592,0.7984286954526603
2.8581247,3.7814271,0.7600913739855587
2.53875,3.453405,0.7451162128604948
2.515,2.776381,0.7170795473219453
1.36125,2.3830132,0.6889978311149776
1.3050001,1.9179761,0.7711313791581988
1.150625,1.5385103,1.2529586435335875
1.1374999,1.3072896,1.3440546831819415
2.543125,1.2279422,1.4558889807458222
3.4487498,1.7064412,1.4835955405016243
4.80375,2.5384688,1.5110026927177609
5.60875,3.567458,1.5265734794943036
4.566875,4.4454885,1.7131398590908944
3.6337502,4.4779162,1.8314807888133822
0.51187503,3.8700175,1.9942630068951843
0.51437503,2.265858,2.005415240060389
0.53625,1.0623533,1.8330344388560948
0.53625,0.6447232,1.7491301603369414
0.51,0.67554104,1.2429591891978682
0.54375,0.72102606,1.0638756060220302
0.506875,0.7151332,0.926063617937714
0.5475,0.6709993,0.8404474140186609
0.63,0.64945674,0.8037384948095679
1.376875,0.6718387,0.7795088100916147
3.3274999,0.9668395,0.7602151636540889
2.754375,1.9258457,0.7351249314336479
2.533125,2.5619805,0.727057074341178
2.4412498,2.5921695,0.7134483837117255
1.281875,2.3702214,0.6808374806147813
1.189375,1.8454213,0.9723390266515315
1.001875,1.4057744,1.4207662038756907
1.1856251,1.1552556,1.8318635201556979
2.463125,1.1464134,1.7367324555952846
3.5675004,1.6577268,1.745664049618095
4.8293753,2.5545332,1.748623041308373
4.95375,3.604142,1.7702940075315534
4.53625,4.235774,1.800736697706431
4.4456253,4.2439203,2.427557345654815
2.251875,4.052056,3.1229259743688997
0.545625,3.1722152,3.4622232895089686
0.588125,1.8104789,3.2498660002605617
0.53999996,0.9400505,2.4791256098900734
0.571875,0.6903131,1.7414256986804306
0.5775,0.7216982,1.3536359237904847
0.575625,0.7544612,1.1324965449498594
0.58,0.737151,0.9973329780186714
1.9831249,0.70588547,0.9267876180602611
3.01,1.184377,1.0167976575247943
3.2324998,2.0280077,1.3609911430971324
2.4431248,2.7142558,1.489151523820907
2.574375,2.6796627,1.6104446676994861
2.45625,2.4523575,2.0400304992234704
1.20875,2.3142216,2.2957341063815355
1.204375,1.8462677,2.192830804822743
1.074375,1.4193677,2.1845608177401123
1.215625,1.1900052,2.1094802907145023
2.4368749,1.1922421,1.651591077747792
3.7706249,1.6775222,1.4957024092909694
5.013125,2.6225185,1.392738309263736
5.1062503,3.743017,1.433011015419662
4.3700004,4.384277,2.373729371785968
4.085,4.2593246,3.0379348983089622
0.700625,3.8884013,3.49960856676206
0.59125,2.4659162,3.930256876439452
0.59187496,1.2345878,4.0675904503458735
0.61312497,0.72942364,3.969032345557809
0.56312495,0.7262717,2.4240529618017375
0.55875,0.7695967,1.8283160790266095
0.59062505,0.7524366,1.4212737215827407
0.59062505,0.7172195,1.198025732253045
0.585625,0.6984063,1.0855625193844736
0.53999996,0.6860823,1.0203371250842512
0.49375,0.6611912,0.9706235131452978
2.73125,0.62462944,1.0146970206053556
7.5981255,1.3901856,1.4180177144236863
6.114375,3.9872751,1.712129209140092
0.78812504,5.398955,1.9009537036563455
0.600625,3.6503186,2.062289316867739
0.81625,1.5578882,2.140054544788301
0.53125,0.7037306,2.2118479677332936
1.023125,0.6780348,1.803283057168275
1.07875,0.9255316,1.6306229816876352
1.414375,1.108692,1.4680363154010476
1.113125,1.2890584,1.571797373712957
0.55312496,1.2851273,2.6532308948664367
0.546875,0.99938977,3.082779051273912
0.54875,0.7268384,4.450460532773137
0.55125,0.6271447,5.224364835573435
0.52375,0.6430476,5.487685593800545
0.535625,0.65399116,5.24686784378767
0.560625,0.64431155,3.021321567303091
0.56375,0.6437203,2.4792958456017073
0.51124996,0.6523457,2.06344109900102
0.535625,0.63758105,1.8662571140830218
0.530625,0.6256084,1.7908044206948577
2.428125,0.6243366,1.7338522029051184
4.06875,1.2937963,1.697560301387757
4.52125,2.5693583,1.7021915499690174
3.775,3.6450176,2.1130145754536986
2.679375,3.7731106,2.745077247417122
1.950625,3.12759,3.085136038457006
1.8368751,2.338978,2.744404278140217
1.063125,1.8927945,2.5514769833700357
0.53312504,1.5039107,2.4066075888048113
0.46249998,1.0612427,1.8988171856735645
0.453125,0.7463908,1.6949027106295524
0.44812497,0.63029504,1.50119480339244
0.5675,0.62353265,1.3995447476404905
0.54125,0.6386055,1.8412591759310661
0.52500004,0.6544115,2.303841233304441
0.55875,0.6460763,3.023084124870151
0.53999996,0.64275604,3.643123849864602
0.53,0.639088,3.600393490208983
0.551875,0.6310981,3.331057670391053
0.5575,0.63312525,2.0639585836701095
0.52875,0.64209294,1.5841697623710336
0.53437495,0.6378547,1.2446683238483967
0.558125,0.6304973,1.0656925832018256
0.64875,0.6360017,0.9667625113904477
3.35625,0.68072385,0.9234171901769936
4.9275002,1.6598084,0.8716782915516198
4.843125,3.2314997,0.8491699011778832
4.8925004,4.227614,0.8510295369552077
4.61875,4.367211,1.1089368394201995
2.025625,4.2003527,1.8767628900903461
1.39625,3.168132,1.989712291367203
1.219375,2.0392413,2.073318757060617
1.275625,1.4172239,2.0874379554857314
2.439375,1.2953992,1.6838764598645268
3.7212503,1.756648,1.5089483025021853
4.8925004,2.6663857,1.3239321841812135
5.049375,3.7206597,1.3030440231566132
4.875625,4.319013,1.732372109042257
4.6156254,4.393483,2.278672062744647
1.973125,4.2255683,3.000227887521237
0.528125,3.165969,3.392694958357066
0.541875,1.733462,3.4896567545048893
0.53375,0.8722978,3.5413205022364855
0.508125,0.66895646,2.766720306146592
0.565625,0.6980423,1.8718581480707226
0.50875,0.7305218,1.4724361311237515
0.76437503,0.699935,1.187765342851132
1.8906249,0.74586755,1.05458300863415
2.42625,1.2056388,0.982301403888464
3.2168748,1.8204803,0.9350725555859507
4.869375,2.4847434,0.8990019206258655
4.2050004,3.4471905,1.3708044145819545
2.908125,3.9106493,1.87935968238011
1.1656251,3.4218276,2.2074752621473372
1.1806251,2.2276838,2.1246017668423054
1.198125,1.4185655,2.189387219438106
1.0862501,1.1898851,2.1487531112386287
2.4056249,1.1986485,1.697678509557545
2.9675,1.6717718,1.538423400002271
4.515625,2.3242445,1.3719803167633713
4.99875,3.2729971,1.3429631014993788
4.71875,4.0742626,1.7517381156241894
4.47625,4.288795,2.369617800605446
1.21375,4.140123,3.100910151259154
0.61312497,2.83544,3.5004095118315517
0.62125003,1.4750144,3.486587727553695
0.579375,0.8104082,3.4257358361963925
0.60875,0.71639425,2.1474645823861658
0.5875,0.76830095,1.6583315348358454
0.614375,0.7767412,1.3063771746018529
0.621875,0.75132984,1.1243148651508987
1.9999999,0.7305547,1.0133758001174034
4.29125,1.2053868,0.9535016677361727
5.0018754,2.5148041,0.9198705464048684
5.01875,3.8325346,0.8869297368644179
4.955625,4.4042788,0.8570695159511269
5.029375,4.4149904,0.8160795872068405
3.87,4.3631597,0.7742747596462071
3.5712502,3.9977214,1.5436247588121892
1.2375,3.5437653,3.578528367565274
1.0618751,2.468036,3.9099011505270003
2.205,1.559226,2.395996362339109
2.401875,1.581901,1.8265834223456678
4.451875,2.03328,1.4442686990432443
4.7868752,3.057906,1.1184774148236216
4.475625,3.9471028,1.167632677549124
3.39875,4.1737795,1.1834655954273046
1.0968751,3.6882615,1.3197645986740292
0.575625,2.406336,1.2587972898963093
0.6,1.2580034,1.0453545984818042
0.56937504,0.7652535,0.9429600106655062
0.600625,0.7113141,0.863053679959625
0.59875,0.7571298,0.8202069061873852
0.61625004,0.7642454,0.7891053998216986
0.5725,0.74496096,0.7768763360777496
1.968125,0.70890427,0.7748695879407227
3.078125,1.1734847,0.7715178979460895
5.09,2.043624,0.7493914415577053
4.9,3.401229,0.7476856956742703
4.9,4.241933,0.7401421007850766
3.359375,4.3864927,1.4099915192325414
1.5275,3.781235,2.2231080434277652
1.34875,2.5842426,2.7976465933196244
1.2850001,1.6806223,2.8741561833624543
1.1725,1.3498381,2.5936169001944362
2.3525,1.29571,2.2167421447731552
2.564375,1.7083839,1.992952351386994
4.6218753,2.1845539,1.5921720368532837
4.9118752,3.161307,1.2418530557507277
4.536875,4.0252814,1.0453904795451463
4.326875,4.2306447,0.922868807925582
2.2524998,4.028468,0.8482056972701848
0.538125,3.1344984,0.8440072141806781
0.508125,1.7846702,0.8157066234873235
0.536875,0.90087533,0.7929576306499541
0.535625,0.65575844,0.787846971194595
0.498125,0.6907935,0.7710279220922291
0.541875,0.7093438,0.7573161730752885
0.539375,0.6922991,0.7561133600963652
1.8787498,0.6668239,0.754787355466634
4.188125,1.1253289,0.743416845832765
4.9175,2.413963,0.7408543398924171
4.836875,3.7449305,0.746216964148134
4.89375,4.306013,0.7799234357124567
3.426875,4.330204,1.7445828335760531
1.189375,3.7797878,2.666337848626822
1.2006251,2.4819562,3.126520858237296
1.19125,1.5298438,3.465837708622962
1.158125,1.2185239,3.5473556970906257
2.4412498,1.2340888,2.671123983798176
3.3393748,1.7262316,2.134676172732562
4.720625,2.5011969,1.7652309901547432
5.0275,3.4893458,1.5846222624476254
4.489375,4.1946096,1.9085186278443038
2.87625,4.245465,2.4707370159591733
1.023125,3.4933364,3.142210849879831
0.55625004,2.180555,3.530076174342036
0.57875,1.1558123,3.700224974067211
0.49437502,0.7510938,3.7062968473416564
0.52312505,0.68927336,2.7569148088921605
0.549375,0.7033969,1.8880582488304376
0.47062498,0.7042397,1.4613020378294588
0.51437503,0.65934175,1.185245694847554
0.52750003,0.6267762,1.033241151497513
0.48499998,0.61888653,0.9733462878352405
0.43499997,0.60661125,0.9062979361779988
0.746875,0.57697934,0.9547714587000012
1.81125,0.6661928,1.3542666331483424
1.914375,1.1430585,1.6790664039842782
1.9987499,1.611168,2.127249988656193
1.905,1.8480396,2.937135423097461
2.1243749,1.859558,3.0576200470153987
1.790625,1.9002695,2.7648066494350134
1.6793749,1.8431607,2.023318096614927
3.1768749,1.7285444,1.7237957375465331
4.059375,2.188319,1.5152860943238438
6.5768747,3.0317676,1.371454260506928
5.46625,4.503579,1.782324529391676
0.7475,5.0275955,2.1054689871720966
0.535,3.2529318,2.8468534849084914
0.506875,1.4303951,3.334080849316865
0.52875,0.6206486,3.5163614352364836
0.496875,0.607317,3.5601453027796746
0.520625,0.7018038,2.3989007350774108
0.52125,0.71877074,1.7730415002873539
0.536875,0.6860157,1.3911826658286155
0.51,0.66310585,1.1537467060357334
0.525625,0.6372097,1.046665852007717
0.51625,0.6191666,0.978056873434335
0.400625,0.6117524,0.9435616164942087
0.9325,0.5771374,0.9132764043195546
0.95312506,0.7286412,1.3795906902982296
0.94375,0.901515,2.339287139083892
0.401875,0.9855925,3.0146552644126117
0.41625,0.79531544,3.4222298576293886
0.438125,0.6015242,3.650638939242363
0.42062497,0.5291518,3.803895731703043
0.384375,0.5571486,3.466494332082122
0.42624998,0.6028795,3.2633453197227418
0.48625,0.65780765,2.293718387978673
0.4725,0.68860155,1.8681157531641421
1.14,0.67126924,2.0005170762357114
0.5225,0.8210926,2.0612160743953285
0.52875,0.8293482,2.857885317172259
0.495625,0.7140608,3.2772181348462404
0.5225,0.6123826,3.4325129717047513
0.526875,0.5984211,3.1544391162668166
0.521875,0.6136216,2.210486480718702
0.49312502,0.6238227,1.6419083734656872
0.5225,0.61303484,1.3104177810126543
0.52,0.61102074,1.1076475132107735
0.66625,0.61578137,1.0171183943632245
2.746875,0.67237836,0.9622454841941596
3.2881248,1.4491541,0.9305312090022863
2.57875,2.4229195,0.8848422563348711
2.508125,2.709523,1.35330900743559
2.300625,2.5114365,1.8888059703226385
1.175,2.2546804,2.8764142982821164
1.2737501,1.7555462,3.2532575581033525
1.3143749,1.3934172,3.545085621816516
1.9168749,1.2896616,3.1437162598262725
4.6843753,1.5386871,2.3579229660268126
4.864375,2.7776675,1.951356232011467
5.07125,3.9627159,1.680119313854128
5.27125,4.4702015,1.500305152360797
5.1662498,4.5615726,1.8425405285708605
1.7825,4.553203,2.0118014713175594
0.578125,3.3284478,2.867395792350322
0.620625,1.7671428,3.2993475813232362
0.60562503,0.8867344,3.444788680831045
0.57625,0.72182107,3.4809225063304603
0.604375,0.76899487,2.74684179837659
0.601875,0.7895842,1.8553743875713644
0.603125,0.7595037,1.434190505707413
0.83187497,0.72764295,1.1692427405969799
1.964375,0.79047006,1.027120639448315
2.415625,1.2590004,0.9395230034758151
2.97,1.8489412,0.903059470872134
4.1556253,2.4027276,0.8659757938903571
3.1325,3.103291,1.316896505677551
2.40875,3.2301815,2.270389517289847
1.3156251,2.7695627,2.9484810153262315
1.230625,1.956049,3.3196203821115193
1.1231251,1.426305,3.579480411779284
1.160625,1.2181705,3.181852248660177
4.28125,1.2063462,2.2486914409299192
4.72625,2.3367205,1.8698268812070786
4.8268747,3.647617,1.6036627480493486
5.395,4.3121367,1.4574490096442403
5.085625,4.531503,1.8496874383708832
4.660625,4.542847,2.292208393229693
1.056875,4.3204765,3.0044395270006357
0.6625,2.8887293,3.4369841508756576
0.51124996,1.4860239,3.498528148076981
0.556875,0.7790605,2.9937724855475127
0.56937504,0.6914378,2.116960495725125
0.56625,0.7464745,1.5729027098031343
0.55625004,0.7571041,1.2656559551541509
0.57375,0.7179513,1.0602356714852155
1.933125,0.6920555,0.9693632904650271
3.2956247,1.157392,0.9210187404318154
4.866875,2.1124732,0.8551094131964445
3.779375,3.393666,0.8294078075245023
2.608125,3.7978456,0.8036599551486968
2.670625,3.174782,0.7663597957514227
1.45,2.5971675,0.726950029168874
1.299375,1.9841685,0.817485726211369
1.0506251,1.5505588,1.2234454722385109
1.6831249,1.2709926,1.4180727320541442
4.6162505,1.3896091,1.5832759252153337
4.910625,2.6363025,1.641595211518407
4.930625,3.9199584,1.7579720517013966
4.8375,4.4384103,1.6875082214924693
4.3431253,4.3705726,1.6412880297483505
2.564375,4.101192,2.145060152463764
0.878125,3.2859018,2.6454371292300523
0.53125,2.0242474,3.8160729672443865
0.499375,1.0819927,3.9231189369052646
0.52750003,0.7119723,2.4208073202832043
0.5475,0.6850746,1.8124331269989906
0.495,0.71910423,1.3531315955112875
0.528125,0.6940423,1.1093155839776994
0.5425,0.65840065,0.9794789595781267
1.905625,0.6456475,0.9232979853110016
2.376875,1.1252613,0.8827294597217441
2.4881248,1.7710955,0.8562263109625876
2.3562498,2.1996017,0.8185025556786358
2.483125,2.282949,0.7939020999728142
2.430625,2.2760475,0.767640151695013
1.35,2.2689114,0.7118247655954957
1.361875,1.8836641,0.8787345019970835
1.14625,1.5173907,0.9355350226245821
2.1906247,1.2837309,0.9769331981340051
4.9237504,1.5829325,0.8063795404107869
4.89,2.923179,0.7543591747774183
4.924375,4.0914283,0.7157756693479418
5.00875,4.4439054,0.6875294982673228
4.691875,4.4069505,0.6637674634082615
4.5887504,4.2727847,0.6691338751095534
2.125,4.143447,0.692699560816437
0.55,3.2217999,0.7087439776290952
0.5425,1.8178937,0.9396788867621124
0.5225,0.9250205,0.8019191255588829
0.538125,0.6797519,0.7873805173711478
0.51124996,0.70616496,0.7485444491235912
0.535625,0.7169875,0.7374428481255472
0.52125,0.69264436,0.7314517072436213
1.8749999,0.66236395,0.7282748377631604
2.525625,1.1196125,0.7169148931090533
3.07,1.8139641,0.7230449734418094
2.86375,2.4633067,0.7221441594126821
2.3162498,2.7045064,0.77480579938367
2.324375,2.4928696,1.5268597306440772
1.156875,2.2452407,1.990126717648804
1.06,1.7450408,2.027058896807581
1.00375,1.3139367,2.0958743908344206
1.2162501,1.1037384,2.0408842691917717
3.5750003,1.1477035,1.6260884126381576
4.87,2.0586445,1.512869305368513
5.275,3.4230144,1.431600690291077
5.293125,4.3944926,1.6092035815863313
4.874375,4.632972,2.654286595485657
4.378125,4.478345,3.1296006495074926
0.8875,4.145147,3.5465423929882047
0.63625,2.6951344,3.8409313679277894
0.594375,1.3738477,3.9403944728690385
0.62875,0.7804009,2.7915950526477395
0.620625,0.7469956,1.9468352180303632
0.595625,0.80465347,1.511128475778699
0.63500005,0.79596406,1.2329286379405857
0.62125003,0.76039636,1.0834289914903046
0.596875,0.73527527,1.015632719001621
0.618125,0.711807,0.9649730430258812
0.59,0.7011727,0.925505069385022
3.400625,0.7079815,0.9743380005581678
7.86625,1.6646196,1.3798318907795848
7.808125,4.3762465,1.6806156685636937
7.8756256,6.056084,2.037683279663175
4.2675,6.3994865,2.651412123633474
1.805625,5.2267547,2.5602407337521016
1.7781249,3.206025,2.3602157659743725
2.3525,1.9812983,1.8667431031520663
5.8425,1.90071,1.6297642282383145
8.374375,3.437487,1.4389618897749483
8.610625,5.630708,1.3607224338005484
8.433125,6.695939,2.4286592929778994
7.91625,6.777147,2.965931172464937
4.4768753,6.4218764,3.367708581881076
0.7825,5.2710485,3.8047385380131007
0.578125,2.927081,3.8847206176304816
0.54125,1.3201036,3.805045520443916
0.568125,0.7399029,2.4785076582436263
0.56937504,0.7650099,1.8554178435258566
0.54375,0.82684034,1.3998583082662523
0.568125,0.79251015,1.171052541564107
0.56874996,0.7302599,1.0512765686471761
0.568125,0.6965042,0.9820643895311654
0.60375005,0.71516573,0.9292466669346393
3.4425,0.732282,0.8944236962826551
7.95625,1.6740928,1.3493465420071782
8.14125,4.418096,1.9668885463145374
7.5281253,6.198161,2.8270646797968446
3.555,6.4005055,2.8517998888294396
1.8274999,4.9461026,2.5746186745117603
1.76375,2.9352846,2.488260928616971
1.7775,1.8813447,1.9475647996516525
1.9131249,1.7006865,1.7014645597578584
1.9362499,1.8444419,1.46050189011693
1.823125,1.9452866,1.5752108588722349
1.8818749,1.9127613,2.6320192062540353
2.590625,1.8597721,3.140974149229973
1.57,2.0754862,3.506069550234526
1.59625,1.9538974,3.679413159971833
1.551875,1.7149746,3.5923377928102016
1.538125,1.5562497,2.9312501313523947
1.524375,1.5267744,2.054273487317115
1.888125,1.5260347,1.540535199919194
2.83,1.6543614,1.227672859517932
2.8281248,2.099212,1.0653959664115311
2.905,2.505717,0.9825109094305337
4.071875,2.6865244,0.9097449103297294
4.919375,3.1216722,0.8737687621697784
4.8112497,3.8442142,0.8434207581342757
4.9275002,4.256855,1.3057638077579439
4.760625,4.3617125,1.6216961718066036
3.424375,4.2846246,1.8421669668336211
3.5900002,3.781617,1.923986555572599
1.880625,3.3857267,2.021915147038251
1.25125,2.655711,2.0470609949068725
2.370625,1.8594826,1.689919428949058
3.65875,1.8121067,1.5760139966733755
4.813125,2.5804336,1.4067329206633568
6.053125,3.6578138,1.7074808173841236
5.9175,4.6846285,2.7668849603594836
3.9650002,5.102493,3.190064626702219
1.2693751,4.477327,3.5334075317341087
1.505625,2.810194,3.7500103481328484
1.51625,1.7313107,3.7392029718542097
1.509375,1.4411495,3.7193822724640366
1.4725001,1.5291804,2.823304743037075
1.510625,1.5800712,1.9273749239875375
1.53375,1.5649655,1.4959362342204154
3.118125,1.542648,1.209365742983073
2.8274999,2.082671,1.0633619087985158
3.283125,2.5582082,0.9704947399957479
4.456875,2.8614674,0.9204607898968459
5.7356253,3.3976688,0.8727327961353958
4.8875,4.3029194,1.3229332952456176
4.72375,4.5832334,1.6909771229606865
1.95125,4.388017,2.0706384416289625
1.161875,3.207921,2.199353384120613
1.003125,1.9569032,2.104075207200497
1.059375,1.257791,2.0874632715693116
2.3218749,1.1168206,1.6444483540718258
3.6975002,1.6070994,1.452946334873289
5.04,2.5847292,1.3055529068411886
5.02625,3.7501078,1.3056575599426032
4.63625,4.382004,2.1205910613176226
3.925625,4.346123,2.8895124811159074
1.30625,3.908022,3.446040929941684
0.59062505,2.6647658,3.776650841628909
0.555625,1.4234617,3.812286319026351
0.5825,0.8033448,3.6730063967728612
0.59,0.7074146,2.3496432113213834
1.109375,0.754913,1.7813190622611343
1.5081251,0.9562035,1.3849433475919068
1.5612501,1.2569871,1.1815290147030355
2.908125,1.468677,1.0720804091729224
3.89625,2.000368,1.0019893433442713
5.566875,2.8498745,0.9667942063297332
3.9218752,4.012766,0.9260915254314245
2.314375,4.150644,0.8852987431962789
2.355,3.1904268,0.8621580487507582
1.1374999,2.4038627,0.8306136105920374
1.125,1.7258366,1.8021870900224148
1.11625,1.3461145,3.790834227289557
1.071875,1.2056768,4.674391857020259
2.154375,1.1800905,5.2076570177674295
3.8618753,1.5540084,4.216638792755008
4.885625,2.5407166,3.0198739657364784
4.9687505,3.6836839,2.4645036778996885
2.803125,4.3101387,2.322377988644689
2.0906248,3.6465876,3.476973595970422
1.9587499,2.6284957,4.816016806102395
0.59625,2.0017123,5.446813873226047
0.586875,1.3832897,5.669627303010821
0.56,0.93721706,5.564491800633669
0.583125,0.7395622,4.464130420549512
0.583125,0.720857,2.768675026741773
0.58500004,0.7295381,2.004686256456822
0.555,0.7182776,1.516481332411617
1.9306248,0.6852981,1.2724805334018172
2.4468749,1.1475495,1.143932637193948
2.9475,1.8079028,1.0532404588474333
3.5218751,2.4049938,0.9924786688269676
3.3837502,2.8815281,0.9363218146079779
2.3731248,3.0872936,0.8882015212206543
1.225,2.7489352,0.8628818495340645
1.05875,1.9469494,1.8363034030658005
1.060625,1.3371081,3.8448671218979356
1.085625,1.1154609,4.820745930250883
1.125,1.1243703,5.147411117702126
2.77625,1.1747487,3.9723932051575184
3.3918753,1.7672616,2.937910852744132
3.716875,2.5898983,2.3927327802889047
3.22,3.1752596,2.075039852065593
3.053125,3.201625,1.980181882265061
1.764375,2.9735913,1.9416779131926596
0.528125,2.3480332,1.8822851850779354
0.531875,1.4404985,1.869711862465143
0.53375,0.83546776,2.0919169088870286
0.499375,0.65547496,1.7925855168113112
0.55125,0.6613333,1.7249666562469301
0.530625,0.6875403,1.636918912268728
0.88,0.678152,1.5847946908909083
1.589375,0.77987504,1.5515805872513355
3.3024998,1.1403593,1.6650253465415539
3.5462503,2.0353494,2.0247353986169396
3.47875,2.8737147,2.169221663161367
3.549375,3.2043564,2.3105065394987165
3.36375,3.229746,2.8008762876988946
3.35,3.144929,3.294673474805206
3.5,3.089589,3.5160548514841494
2.795625,3.1353104,3.7213820437276364
1.013125,2.952167,3.7600753850787876
1.730625,2.0733593,3.3195107455290853
3.48625,1.6094464,3.2273127585576473
3.8031251,2.217295,2.5086202426357564
3.9575002,3.0880232,2.011652365565449
3.240625,3.5730124,2.1523234763804076
1.7456249,3.3798702,2.5948528034873304
0.60875,2.5453699,3.1969278767625986
0.593125,1.4920588,3.931319753271341
0.56375,0.8697449,4.220888705368638
0.59187496,0.6952284,3.7201692637866732
0.59187496,0.71974194,2.58996141719684
0.59625,0.746449,2.183378736042231
0.564375,0.73756045,1.884617852873653
0.5725,0.70084,1.7359370920245347
0.60812503,0.67409664,1.6555694903154672
0.58625,0.67620325,1.6262658245624602
1.9493749,0.6796203,1.6049285522283614
1.425,1.1633471,2.1348643489758667
0.6275,1.4661382,2.212635357734412
0.51625,1.2036487,2.4870904085950554
0.49249998,0.8007227,3.013041812597662
0.483125,0.6063191,3.692631743707061
0.4875,0.58219326,3.7248090839552876
0.46562502,0.6016145,3.777728070886135
1.01,0.6010448,2.7874236796949803
1.1231251,0.78356755,2.1397579279980063
3.65375,1.008014,1.7208465134790538
6.7868752,2.0160828,1.5038641551658511
5.915,4.1339664,1.8404863376945255
1.7518749,5.170997,2.4319256657774746
0.5425,3.8109891,3.1760291507582363
0.506875,1.8175405,3.533185866498351
0.503125,0.7355978,3.62298022090435
0.536875,0.57206625,3.4316386697946486
0.479375,0.6810847,2.399737561210245
0.53375,0.71304494,1.7478426281806825
0.543125,0.6920888,1.363685810954124
0.5075,0.673583,1.1501747461800278
0.505,0.64561313,1.0397645281523467
0.5225,0.61442137,1.1663893987043203
0.49625,0.6059955,1.3346323159483076
1.610625,0.6084529,1.4229045159116387
3.2256248,1.0025733,1.939210492070168
3.1262498,1.9549111,2.4869727984429892
2.5825,2.6918716,3.3543082007582483
0.52437496,2.7249024,3.1692276958625016
0.42624998,1.742136,2.6572838603101667
0.43937498,0.87138945,2.449402933052927
0.483125,0.5503205,1.8371798977075515
0.48562503,0.5798412,1.5989278430628777
0.47062498,0.6359833,1.4411466478540005
0.51437503,0.64571005,1.3418633469079435
0.69125,0.64441705,1.6801741321453452
0.55375004,0.68640566,2.39057752441749
0.568125,0.691784,3.060867283247858
0.51750004,0.6695998,3.4433845352189243
0.53999996,0.6349258,2.904334549704045
0.535625,0.6269039,2.4874775254006685
0.53249997,0.62887216,2.1918691923251745
0.5125,0.62922686,1.5341874411354959
0.535625,0.62032586,1.2738280666695536
0.54625005,0.6212465,1.08871805956617
0.628125,0.6310375,0.9951322728003562
1.07875,0.6698224,0.9389106333281101
1.0243751,0.86158216,0.9015923340599239
0.97187495,1.0131927,0.859291949146688
0.94000006,1.0454092,1.3228029273821413
1.12,1.0072846,1.654117503285557
0.99750006,1.045237,2.0123077929891644
0.928125,1.0621681,2.412952158160657
0.96625,1.0277689,2.560204055331796
0.975625,1.0011772,2.3087591317139564
1.281875,1.0074811,1.8151756362737714
3.0581248,1.1285903,1.5442851697169244
3.695625,1.8580365,1.3764156148709357
3.77875,2.7999573,1.2957129238981009
3.8300002,3.3422127,1.2694673214380443
1.7387499,3.4804456,1.8366412830789387
0.50875,2.7057452,2.254513342796415
0.53312504,1.5226234,2.615643487623185
0.53437495,0.8024097,2.6332283980886637
0.50124997,0.63256073,2.6215941626392305
0.53312504,0.6632833,2.1327423827576637
0.52875,0.6906346,1.51516649077937
0.53375,0.6792529,1.2297047243992985
0.501875,0.65743846,1.0413686110229792
0.649375,0.6316615,0.9289673926582933
1.0500001,0.66440636,0.8900266713093222
0.995,0.850704,0.8514164544215799
0.948125,0.99667835,0.9508801573805512
0.9599999,1.0255798,1.229087968788296
0.96937495,1.0027648,1.931816600950807
0.931875,0.9937503,2.3177274041570723
0.96437496,0.9874093,2.550223538223952
0.961875,0.99402755,2.717291749321967
0.95312506,1.0013509,2.7360005344270166
1.9168749,1.0049019,2.759287344536036
3.5556252,1.3429542,2.828751089773923
3.7543752,2.2733512,2.615044672543853
3.86875,3.1003017,1.9004623324277996
3.41875,3.475238,1.8832761004438996
3.4443753,3.3571503,2.401286028432697
2.79125,3.1870725,2.7037865157584844
0.584375,2.8976746,2.9661743663387
0.58187497,1.8837544,2.8543865148179233
0.579375,1.0369235,2.288261077583581
0.565,0.7055123,1.6468222850903869
0.596875,0.7012082,1.3249159233345091
0.59062505,0.74067616,1.106932284014821
0.57375,0.73840547,1.0025748026944696
0.671875,0.708385,0.9446258887007833
1.1231251,0.72163963,0.9106548939639331
1.0475,0.9053925,0.8706680402792991
0.97374994,1.0453694,0.8444908111788333
1.01875,1.0608584,0.8337237014268338
1.08375,1.0418967,0.8123896185205877
1.240625,1.0628663,1.289027085762024
1.125625,1.150694,1.2704715925331413
0.98437494,1.1815101,1.0491803171910346
0.97999996,1.1157409,0.9276246435323359
0.989375,1.0477338,0.8315971504060924
2.680625,1.0267118,0.7741368168915808
5.373125,1.6211308,0.7477243674869835
5.571875,3.2132058,0.7260179188789427
5.06125,4.561578,0.9109808136226237
3.6162503,4.748056,1.0135536107201875
0.51437503,4.015692,1.9614882469423114
0.535625,2.295676,3.468557493224293
0.53625,1.0494841,3.8520433345663547
0.50625,0.63767236,2.7149251938553154
0.536875,0.6642636,1.898076441054791
0.51,0.7227253,1.4107707363247872
0.531875,0.7123315,1.1150774847327174
0.50625,0.6760978,0.9855663813133538
0.66,0.64124656,0.901840312075466
1.0768751,0.67194974,0.8778237210059167
0.96937495,0.86382633,0.8548263514745236
0.96375,0.99669075,0.8188193057322501
0.980625,1.0275819,0.788344920618087
0.980625,1.0145068,0.7684219601973891
0.935,1.0072649,0.7442150001528859
0.963125,0.9956972,1.1347163867352903
0.974375,0.99641925,1.829937105732709
0.98249996,1.0052382,2.102199424944669
0.975625,1.0185286,2.122260527459234
1.071875,1.0245023,1.4389798303066195
1.07,1.0588499,1.1500559399925172
1.2587501,1.0900196,0.9446087455260754
0.62937504,1.1701697,0.848285034288019
0.51,1.0130832,0.802147169650346
0.53375,0.7711565,0.7756406321240961
0.526875,0.6400316,0.7752272025386989
0.495625,0.6220127,0.8293932557599246
0.518125,0.6221108,0.7919095049218833
0.53249997,0.6221734,0.7857820159992576
0.53125,0.6253771,0.756678686183244
0.473125,0.6289759,0.7516674970090389
0.531875,0.60832787,0.7442827754947543
0.65625,0.60750675,0.7397003650274873
1.0618751,0.66215444,0.7297459613601863
0.96937495,0.86010706,0.7337195897860824
1.0356251,0.9939454,0.7372439075632393
1.118125,1.0506903,0.7682499304325878
1.24375,1.0874307,0.9418708210538328
0.9525,1.1620741,0.9886413884417713
0.92125,1.118202,1.0136012527987361
0.98125,1.0280406,1.0184926390892268
0.99,0.99400604,1.0861001373168826
2.379375,1.0113739,1.0667141968108713
4.686875,1.5207211,1.047222407168001
6.54625,2.8632715,1.0533086328677834
8.61,4.6441855,1.0558352577447891
7.3206253,6.1053495,1.16816451464355
5.453125,6.3528395,1.831643848312348
4.1718755,5.520638,2.3259015090648827
3.8093753,4.402597,2.648333129720241
3.8725,3.691321,2.862144000712484
3.7743752,3.5268006,2.2180765216509997
1.5768751,3.5518887,1.56941188101843
0.756875,2.7628953,1.2511157522524894
0.75124997,1.6687027,1.0442295278067888
0.731875,1.0265023,0.9272863648407161
0.72875005,0.8621487,0.881895623677522
0.78875,0.86876637,0.848789561906457
3.11125,0.89417773,0.8256568410305678
4.920625,1.7086816,0.7922527670945226
6.1725,3.2148764,0.8216561024679243
5.995,4.6981683,0.9653826851657034
5.9662504,5.1928883,0.9986631687724591
6.161875,5.1623144,1.0160176430755854
7.4581256,5.0968566,1.0309682854740323
8.156251,5.5138464,1.0387401237939298
9.180625,6.128012,1.0295105176061392
9.415625,6.784829,1.040578230933249
12.06625,7.170569,1.043783406585902
12.15625,8.024805,1.0443832183614374
10.243751,8.633623,1.3903617868350446
6.315625,8.262384,2.085755133614987
2.033125,6.616312,2.478516429170221
0.515,4.1138287,2.776406598535031
0.49187502,1.8935481,2.782423055500537
0.5425,0.9002217,2.8272628230021892
0.51,0.7576176,2.6064886336506903
0.45562503,0.81761074,1.729750000668913
0.498125,0.78599095,1.397671955473274
0.53249997,0.71261215,1.1524765163934232
0.451875,0.6675551,1.0155169029027225
0.53875,0.6187206,0.9560982606866957
0.429375,0.6127687,0.9145503814074397
1.3268751,0.6399612,0.8777890359780193
2.1731248,0.93363297,0.8851516308365763
2.399375,1.4784677,1.0369484626977146
2.59375,1.9988352,1.0583279949508608
3.2375,2.2964408,1.059510076648742
1.9274998,2.6212926,1.078473019285798
1.8262501,2.394451,1.105539899417907
1.8312498,1.9849488,1.1736453470690549
1.8706249,1.7661369,1.1621287217716874
1.8499999,1.7624681,1.1191250680169464
5.6575,1.8011231,1.1008773545758426
3.529375,3.1774452,1.0894370762076975
1.6606251,3.7963154,1.679533256486207
0.513125,2.8980362,2.8582915705449876
0.52750003,1.5079848,3.452419785646945
0.49312502,0.7569741,3.683402336858511
0.49124998,0.60092854,3.326788621210307
0.545625,0.64914197,2.065164785416126
0.79,0.6863044,1.5818139712233843
1.795625,0.7755075,1.232347165375203
1.7662499,1.204455,1.0423194592015446
1.9343748,1.5777072,0.962331200067699
2.27875,1.7696648,0.9049523963026703
3.8968751,1.9380227,0.8738289626204968
4.819375,2.6662693,0.8322948377488553
4.8825,3.6426973,0.8550623691356183
4.855,4.23604,0.9981179759489001
3.5931253,4.3298564,1.0088607663135232
3.5343752,3.8632336,1.0321828594681621
3.4831252,3.4051409,1.0473465955150127
2.6075,3.222055,1.0521502725395562
2.4431248,2.9025962,1.0388362053079905
4.4387503,2.563076,1.0459538122396173
5.0487504,3.0972338,1.0518801678682865
5.073125,4.00767,1.0588327219085396
4.964375,4.498169,1.0600415150646867
4.5906253,4.499111,1.0963132833187283
3.09375,4.268569,1.1085004858221115
0.78812504,3.6007373,1.1860286993853748
0.56375,2.2195592,0.9920779969529808
0.625625,1.147223,0.8928947643058003
0.573125,0.75666595,0.8342491596655547
0.555,0.743804,0.7921889785374701
0.555625,0.76303923,0.7597076459470391
0.825625,0.7362572,0.7522354145060479
1.9525,0.7928087,0.7493250615905225
2.3362498,1.2618693,0.7453564166456461
2.361875,1.8262928,0.721217431282252
2.396875,2.1549308,0.7315603471298515
2.5518749,2.238226,0.7747934403507412
2.6118748,2.2961595,0.9374139943082631
1.4193751,2.3723025,0.9690981692747772
3.4825,1.9865355,1.0295143050517142
3.6650002,2.3279216,1.0849425743456185
3.674375,2.9536917,1.1564164564876258
3.3193748,3.3561072,1.085801726473421
4.815625,3.2892034,1.0618016805608572
4.8325005,3.6591053,1.0648966216133535
5.074375,4.11252,1.065911856366694
4.745625,4.4070797,1.562183840147406
4.913125,4.364972,2.5669361401717365
3.434375,4.3100286,3.69044220148623
2.076875,3.822409,5.037034588006138
0.551875,2.8719115,5.129250515509248
0.606875,1.6560041,4.638250855308175
0.59250003,0.93872166,4.016710305169821
0.55125,0.7410234,3.6076103680825233
0.58875,0.746266,3.4378512765730918
0.579375,0.75273675,3.3254347090868652
1.9318749,0.73228973,2.4829198329992592
2.3362498,1.1832567,1.8790985479746758
3.233125,1.7869041,1.5413728234089912
5.0156255,2.4691646,1.3125238000915944
5.0037503,3.4965262,1.180996380251646
4.84375,4.228511,1.123462689896524
3.72,4.372404,1.8989373872357607
2.20125,3.9158106,2.810869163839668
1.165,2.947365,3.712717165609002
1.0375,1.9084504,4.118929873132705
2.4743748,1.306422,4.342850831739306
4.34375,1.6425745,4.497299672859907
5.105,2.8452168,4.978298882029057
5.02625,4.053597,5.3464250368505715
4.588125,4.4927564,5.809102577720284
4.4475,4.326136,6.053184707140327
1.6843749,4.066399,6.947517818871141
0.750625,2.9715753,7.227262535825372
0.52375,1.6967123,6.811040606343151
0.535625,0.9106788,5.579184697393774
0.520625,0.7016296,3.7347066759389635
0.52875,0.7068463,2.4427027424915133
0.51124996,0.71672374,1.8042053998354075
0.53625,0.6836412,1.4439049049288035
1.840625,0.65796673,1.2417073387657107
2.278125,1.1068759,1.103445043336451
3.3787498,1.7180991,1.0225988281102478
4.92125,2.4785922,0.9591140640605986
4.8337502,3.5063262,0.8707164797148109
4.770625,4.1629353,0.8437135874789954
3.83375,4.284621,0.7724221007423102
3.19375,3.9078352,1.0601144732268155
1.218125,3.3402414,1.446316311724633
1.0393751,2.290548,1.705387556016594
2.3899999,1.4757364,1.9252649181237815
4.16875,1.6245068,2.279897201718539
5.01875,2.73093,1.9612277105545997
4.88,3.9386652,1.8671971979425845
4.3543754,4.407793,1.791545364652872
4.430625,4.201884,1.7626637000726162
3.455625,3.9741833,1.7442439568667112
2.02,3.5915198,3.0989893183349073
0.513125,2.7775435,2.8349876172612607
0.54125,1.6175827,2.2698217991320786
0.51124996,0.8968122,1.613551369767189
0.48625,0.6799668,1.2746443608605862
0.51437503,0.67762357,1.043351837129593
0.515,0.6834873,0.9279571413859725
1.69625,0.6671955,0.8861778292481601
2.2906249,1.0658337,0.9442351837888361
3.07,1.6788718,1.3158958226887882
4.73,2.349924,1.440226896596998
4.644375,3.3230731,1.5938317353720963
4.72625,3.995728,1.7813862395852802
3.6318753,4.1909456,2.445205247320384
3.4018748,3.8077574,3.0421672690694033
3.4775002,3.3483539,3.3895904490210116
1.734375,3.1672964,3.6052270681196448
3.04875,2.5514202,3.2709776205740866
4.565,2.4651892,3.1555685724051297
5.8631253,3.2162492,3.0467050275467336
6.0150003,4.4202805,2.6828989527516067
6.310625,5.0924263,2.4928305813728273
7.7875,5.2538776,3.0929230265592036
5.586875,5.6806364,3.5044525103132425
0.610625,5.4549365,3.7643994518899917
0.51,3.3151002,3.8760007218813897
0.505,1.4076152,3.7977648540133235
0.53375,0.6375482,3.242342937313169
0.5025,0.66558963,2.178877655985206
0.55875,0.7571683,1.653250377588123
0.551875,0.7635284,1.338526208677888
0.51875,0.72009355,1.1398421959729492
0.53625,0.6748073,1.0322771469290555
0.48687497,0.6464021,0.9656547832293809
0.654375,0.61137277,1.0119461390824616
2.276875,0.6502185,1.4100588958959281
2.3874998,1.2827154,1.6816689771120248
2.42625,1.9298146,1.8418436385850607
2.27125,2.2396936,1.946992496691346
2.415625,2.2171862,2.058384659819156
2.438125,2.1930408,2.1356493469060958
2.454375,2.2329576,1.7538828065158425
2.396875,2.2880633,2.3739669841609894
2.6418748,2.29495,2.6049585056383906
6.0475,2.3770869,2.7922660285322367
8.070001,3.662187,2.78368646760866
8.048125,5.508448,3.333852805225402
6.836875,6.365361,3.534677721376419
4.1306252,6.094555,3.7824954681688547
0.46937498,4.9048815,3.786837076833248
0.518125,2.5888178,3.8688675664889813
0.52,1.1101058,3.376208008429855
0.49,0.6478678,2.7180811327154935
0.520625,0.6981784,1.8584633484466373
0.48125,0.76031226,1.4867909485314788
0.488125,0.72987515,1.2303868632812798
0.49437502,0.66474044,1.0784736173035205
0.47687498,0.62184227,1.0067397967915237
0.86562496,0.59688914,0.949617542629391
1.060625,0.72190356,1.393157719026357
2.533125,0.9263441,1.6711342969147862
1.17625,1.5790466,2.1441156831409036
0.7525,1.6630417,2.999304946836382
0.76437503,1.2471648,3.3711671177087723
0.76,0.88739264,3.582906654649973
0.8025,0.79788154,3.306047373206168
0.83250004,0.8378351,2.674634746506959
0.878125,0.88834447,2.02344766712144
3.0406249,0.9204935,1.6707629279091956
1.990625,1.6939282,1.9798150980620084
0.52375,2.0995905,2.720253930440098
0.490625,1.5394572,3.322548276880234
0.515,0.8466401,3.638253593533635
0.53125,0.5781438,3.6730614144033193
0.5075,0.599708,3.651221009825468
0.515625,0.64440924,2.627035326555818
0.50625,0.6458088,1.9172600522314012
0.51437503,0.6284336,1.4495053408987821
0.513125,0.6204997,1.190376288226992
0.58,0.6160651,1.0426714923007787
1.094375,0.6334344,0.9651472655223311
1.120625,0.83933514,0.9051339943510295
1.7612499,1.0474927,0.8699404520504177
2.3118749,1.3702235,1.305721149160415
2.37125,1.7953035,1.5972306687667965
1.105625,2.0963376,2.145839967573732
1.078125,1.7590231,2.9495183767352997
1.0968751,1.3071758,3.289505804326981
1.1381251,1.1006191,3.5170686908628044
2.906875,1.1200407,3.307335104701668
4.82875,1.7925924,3.0275062665878236
4.919375,3.1454213,2.169983936418146
5.085,4.173112,1.7756402859695255
5.1556253,4.471575,2.007519265746921
5.035625,4.477794,2.676586676352769
2.936875,4.427575,3.275921233745664
0.565,3.6989572,3.562054972706437
0.589375,2.1358554,3.556108284475207
0.596875,1.05034,3.599604106815457
0.55375004,0.7158544,3.2433268758057054
0.58,0.73603195,2.5965687156720456
0.610625,0.76893365,1.7756996890632808
0.719375,0.7603286,1.4120187993113698
1.8643749,0.7766196,1.1588184943391384
2.34,1.2058645,1.0148192155599596
2.375625,1.7840184,0.9427190095233918
2.355,2.1338897,0.8903759136591852
2.4118748,2.2231252,1.277567670826763
2.39125,2.2287843,1.6035094561731815
1.405625,2.2331712,2.0385860870847106
1.2625,1.8828788,2.846179718274623
1.33625,1.4944049,3.1667196095348893
1.125,1.3252515,3.439232697511762
3.539375,1.254711,3.1883981506492196
4.728125,2.0609334,3.049213911231309
4.7275,3.3393261,2.9890935948877035
4.913125,4.1574383,2.3188600497232374
4.8125,4.331629,2.5695885481096803
3.996875,4.286197,3.1035442199869454
1.615625,3.97149,3.800825907394886
1.0425,2.8428743,4.195916282639503
0.51187503,1.726309,4.499112065237164
0.55,0.9977195,5.1038786169415715
0.55375004,0.75373167,4.579189827690124
0.5525,0.7253749,2.733219353339523
0.51,0.7294984,1.9991207048539816
0.52750003,0.69279325,1.4843566177229583
1.7181251,0.65840226,1.221374337526709
2.30125,1.0639936,1.0777559960366787
3.52375,1.6831317,1.016358712516576
5.0775003,2.5167098,0.9586396366675198
5.008125,3.6206567,0.9001836036452652
4.7775,4.2905517,0.8606508447511495
1.9499998,4.357491,0.8047908066616952
1.335625,3.2361052,0.8303351336726545
1.190625,2.0072374,1.4063268666298687
1.10125,1.3558701,1.6546870154964923
2.72625,1.202939,1.8478776374037562
4.8300004,1.7845407,1.9022677479316292
4.9225,3.1352808,1.990866864249855
5.005,4.194336,2.034882164651602
4.523125,4.4741,2.071772083891332
4.8462505,4.2617683,2.0772353744636476
1.9,4.15943,2.1798368764118847
1.40875,3.1764724,3.4356693092434107
0.573125,2.0648923,4.664790881826877
0.56937504,1.1991855,5.198300831161737
0.53437495,0.82825583,5.055309212244749
0.55625004,0.7304004,4.165239568195939
0.570625,0.7293507,2.503536693317145
0.58187497,0.7204225,1.845198916686028
1.75,0.7075468,1.399620895230472
2.35,1.1105206,1.1640860337769985
2.740625,1.7248169,1.0571192017947137
4.044375,2.2549665,0.9743186646518112
3.7306252,2.9686384,0.9164913475950063
2.429375,3.3719158,0.8655173136365414
1.555625,2.976408,0.8144095230475068
1.4000001,2.1393046,0.9171192662034929
1.3000001,1.5723617,1.0102090969382227
1.1437501,1.3626723,1.5773675101183355
3.5631251,1.2868214,1.317018700632155
4.83875,2.0968878,1.1564738661889733
4.9900002,3.406128,1.060896879746914
5.15875,4.3059583,0.9889509622827173
4.52125,4.5235224,0.9686424797703326
4.4525003,4.2972493,0.9693762475156784
3.518125,4.052602,0.9857613350908458
2.033125,3.6476402,1.7540416798907517
0.554375,2.8201017,1.6663629128472508
0.566875,1.6520195,1.2277454190015793
0.52312505,0.9289347,1.0456799201227724
0.501875,0.7030959,0.9063364086514712
0.4975,0.69303465,0.8345170716051757
0.50625,0.6855347,0.7928324456067383
1.6625,0.6614872,0.7762085496211052
2.30875,1.0510517,0.7606730458901823
3.6075,1.6727098,0.7534657363002002
4.93125,2.549767,0.7449033185513317
2.74,3.5996592,0.760553043667227
2.919375,3.469432,0.9479315313307941
1.80375,2.9357815,1.0267698023845255
1.186875,2.241177,1.314870022955686
1.155,1.6375574,1.6223041564910115
1.151875,1.2977604,1.7958477034868299
3.7256253,1.2114197,1.4565139092656971
4.8306255,2.1357324,1.350263901193291
4.930625,3.4918566,1.2629232135021686
5.06125,4.325577,1.229714691361338
5.03375,4.481103,1.8399505138152836
10.061875,4.44058,2.7500200632317364
1.26625,5.961106,3.2113624298666417
0.56937504,4.7092867,3.5911385679376124
0.616875,2.1893427,3.814769288609624
0.618125,0.8247295,3.8804324318826198
0.59749997,0.6539007,3.1829813061200083
0.59375,0.7890434,2.068913359839171
0.599375,0.8372012,1.6042619618071616
0.57875,0.78409183,1.2858059629701077
0.560625,0.73334247,1.1039479762409627
0.545625,0.6954421,1.0207389929936828
0.538125,0.6630204,0.9752437980683148
2.7356248,0.661067,0.9751505073036254
4.783125,1.400904,1.3685604527483881
7.4506254,2.9477162,1.6628425818549097
7.5206256,5.0463815,1.834402304726392
7.5125003,6.009244,1.9299806865431368
2.9187498,6.1714034,2.002690073299557
1.914375,4.7146745,2.031293061621189
2.34125,2.8117127,1.7052727366138993
4.1112504,2.077256,1.545164056429565
5.018125,2.7881088,1.4680833594618738
7.440625,3.9414232,1.3422030209742486
7.9881253,5.3367605,2.1438846489608285
8.0125,6.180051,2.850003842269927
1.224375,6.3918104,3.2321850082810224
0.585625,4.2989287,3.556850623807907
0.61375004,1.859828,3.6820037727451322
0.6075,0.76061326,3.4651934441967307
0.55375004,0.69868773,2.533821108134836
0.54625005,0.8107323,1.9623769012777506
0.5475,0.8141781,1.4461349130155148
0.67125005,0.74694693,1.2026388409633935
1.8093749,0.7415967,1.059046214235425
1.786875,1.1601007,0.9777803899073602
1.7737498,1.5587159,0.9088002416676283
4.665625,1.7169923,0.8688600333653391
8.46625,2.7523375,1.26328461554572
8.47,5.1819115,1.5902569847670198
8.205,6.519719,2.187885397597998
8.241876,6.7126527,3.016906601798087
8.49,6.4816127,3.385333758873194
8.595625,6.454506,3.565328123040199
8.560625,6.58717,2.6531160754637417
8.58125,6.6979985,2.111086964995265
8.365,6.7249646,1.7425559521757066
5.3856254,6.708595,1.5063913780605793
5.405,5.8290143,1.9731310539790987
1.8049998,5.03067,2.8729553637759384
0.58,3.434748,3.3093982658438383
0.54625005,1.8590262,3.6427036427450177
0.57875,0.96024954,3.6396106950849294
0.528125,0.7703534,3.771836400285363
0.939375,0.77819216,2.7411566432292758
1.6543751,0.91348994,2.2140054163363576
4.798125,1.2644719,1.5908069617323577
8.2543745,2.6531248,1.2963968568332493
8.3975,5.1411,1.1059270162235202
8.7575,6.456858,1.0106486399641634
10.420626,6.8241606,0.9523253668762744
11.3925,7.2696958,0.9129287566836178
11.306875,7.9267354,1.3012830603034795
11.114375,8.258733,1.631640807851106
5.306875,8.209845,1.9372868683965503
5.658125,6.4985523,2.5680520412416756
8.45,5.208551,2.7262265327726305
5.8050003,5.579323,2.415540777541548
3.9668753,5.721046,1.9963768002045152
5.93375,4.8498063,1.746149640008658
6.0775003,4.591896,1.5592547493432463
5.9687505,4.9789944,1.4125394734083117
5.739375,5.253604,2.204820262799263
5.605625,5.1767254,2.932356464138776
1.9618748,4.98952,3.377566306016594
1.504375,3.6308773,3.7194165588134527
1.5393751,2.255221,3.662682218813896
1.56875,1.6137329,3.644819828125238
1.523125,1.5544156,3.2913532804106174
1.565,1.613058,2.624683123514503
1.554375,1.6310811,1.8070872472395
1.598125,1.598892,1.4383921782247722
4.2468753,1.5800008,1.1788114228333533
8.752501,2.5174625,1.0326064553548395
9.201875,5.1214867,0.9466334341947735
11.20625,6.8078766,0.8920304293577374
11.349375,7.8288436,1.267361501698345
11.265625,8.206046,1.6072939116595686
11.160625,8.216832,2.2331521497534212
11.1975,8.13133,2.9887176410795746
11.1575,8.109915,2.5768560581503808
7.7656255,8.125266,2.605443697350472
4.784375,7.220147,2.1294889670087396
5.8625,5.6379013,1.735763666885048
5.9500003,4.895483,1.527940946686119
5.9550004,4.976559,1.4042712803788484
5.5862503,5.2178044,2.259273763205707
5.159375,5.155695,2.9547019943527877
1.818125,4.853113,3.3786527048788964
1.6175,3.4545884,3.6993008373469114
1.628125,2.2003338,3.8451908488249775
1.64125,1.6659256,5.6075068167251345
1.5918751,1.637095,3.170665330467075
1.61375,1.6817969,2.3249961102332173
1.595625,1.67778,1.7046073422281443
1.6025,1.6359338,1.3408622652406992
2.738125,1.6014231,1.1578255855807662
3.325625,1.9814827,1.066752469945103
5.0937505,2.605225,1.005978520230949
7.0125003,3.6323063,0.9509917873553932
10.604375,5.0101795,0.9015195752370359
5.65,6.793258,0.8553944683107735
5.9125,6.3875766,0.8152860176892578
5.8518753,5.41532,1.5661706249631941
5.258125,4.8845115,2.5656476113192737
4.4625,4.740762,4.0434297370052334
3.04,4.436708,4.764357643173337
5.7893753,3.6524515,5.139338675807118
6.00875,4.043093,3.7164607565510273
6.0175004,4.849151,2.8934434509442744
5.4750004,5.273033,2.5727871455673874
4.2175,5.092132,2.9948652632655204
1.8887498,4.4265733,3.470325632290095
2.2075,3.0878434,4.616766869292855
1.68875,2.277706,5.229396158010959
1.6343751,1.8900882,5.499790269858241
1.624375,1.7592078,3.2927765625898537
1.605,1.7001337,2.3275701778495312
1.6450001,1.6660292,1.702755082002729
1.626875,1.6462162,1.3502591170515121
2.7881248,1.6269851,1.1648421275173129
3.34375,2.0159652,1.0670016439960897
4.425,2.635372,0.9982409682604672
6.0637503,3.4041867,0.9871838199131191
5.864375,4.4444604,1.3648674939735235
5.9225,5.0207105,1.4736780145938695
5.160625,5.119769,1.5566477907522023
4.9456253,4.8311586,2.6266972472034396
4.95375,4.5051475,4.421426373673677
4.828125,4.365295,5.193985535277128
3.46875,4.345421,5.4958911943084
4.948125,3.878023,5.609475491067171
5.07,3.9386652,5.685429323306679
5.14875,4.298564,5.731722273873687
5.20375,4.5689025,5.752049294935465
6.465,4.6314,5.789080147018432
7.365625,5.0166,5.750563818913102
1.7581251,5.574094,4.896122476049065
1.5768751,4.218581,4.632096854266524
1.5918751,2.4017076,3.172380445294827
1.55125,1.5914572,2.21451113999024
1.5612501,1.535618,1.6863311232756077
1.575625,1.6337641,1.377413905788809
1.573125,1.6567067,1.1843257442513109
2.73875,1.6195397,1.2217259719474614
3.2737498,1.994718,1.4528067974047363
4.920625,2.5954516,2.6352664424864947
5.770625,3.551916,4.355787948466539
5.155,4.4866533,5.139101860789061
4.944375,4.7433515,5.627821877432465
4.75875,4.5385437,6.281284613590836
4.7375,4.299277,6.748543767570854
4.9281254,4.2109985,6.895402567759157
3.843125,4.277424,6.913961051076651
3.8575,4.0110126,5.259128801810145
4.92875,3.6847212,4.904774596456289
5.035625,3.9218936,5.455807262413502
5.083125,4.3337836,4.82142208895564
4.645,4.5428805,4.131878152857423
4.44125,4.4097133,4.485787433025837
1.826875,4.157992,4.552322087459564
1.626875,3.0785434,4.5962604429143665
0.77875,2.0870376,4.550953025553822
0.60875,1.3496982,4.482808507411479
0.609375,0.95909154,3.1565999536369738
0.58375,0.807822,2.5377536726771295
0.580625,0.768299,2.1334203355155883
0.663125,0.74158555,1.9144063116602599
1.823125,0.7458115,1.7827993554632364
2.41625,1.1682249,1.729439430131763
2.719375,1.7890761,1.6803349989126621
2.7512498,2.2863383,1.6573545732167363
2.365625,2.5151374,2.5695989137502013
2.0831249,2.415352,4.52401671262443
2.0962498,2.1587055,5.433686188184619
3.601875,2.0088942,6.478024470680356
4.36,2.5260525,6.831095728680492
2.9712498,3.3628776,6.932918212875724
2.451875,3.3919508,6.914350958631635
2.51,2.8121505,6.918910245746971
2.5349998,2.4023824,6.912308927448988
7.595625,2.3447769,5.929922091562748
7.6775,4.2216654,4.838801281324625
7.6531253,5.911362,4.759764069708585
2.965,6.3603115,4.656039889156222
0.58500004,4.8353825,4.6536589812642335
0.58500004,2.3613567,4.541531455677151
0.61,0.98092896,4.35818958763957
0.596875,0.67741543,3.0832072319631276
0.586875,0.77702564,2.5497287782283125
0.56625,0.8310958,2.1668198246490955
0.59125,0.7899211,1.958705471140891
0.57375,0.7399444,1.8307225023414193
0.56937504,0.6988759,1.7696792453129588
0.51750004,0.67026955,1.7153834222459792
0.996875,0.64081824,1.6765304101629555
1.06375,0.795799,2.038947887806743
1.0287501,0.9868055,2.370120534170717
0.565,1.0726508,3.1698508303292092
0.56625,0.90198904,4.211593117892146
0.53312504,0.7227593,5.833647617117166
1.875625,0.6392733,4.854679050531983
3.6531253,1.1058748,4.785767474991083
7.0343747,2.2189987,4.581501365526319
7.776875,4.354482,4.304722816475033
7.8281255,5.8823814,3.96553274584651
7.748125,6.3306284,3.3411258967648445
2.096875,6.2428093,4.056749585074782
0.62375003,4.451706,4.296144052908421
0.64500004,2.095937,4.485811353734731
0.63125,0.92765355,4.397376492950916
0.59625,0.7419665,3.939036573960781
0.62375003,0.82898664,2.9222519580231605
0.64062506,0.8611014,2.6216228674899043
0.660625,0.8239517,2.1756334098413586
0.59250003,0.78709805,1.9658681287409363
0.724375,0.7374197,1.8427382730977235
1.13,0.74450827,1.7640419315834341
3.250625,0.91695106,1.7267770552317796
9.059375,1.8251107,1.6850768807725607
9.056251,4.8374643,2.05879729204759
7.9962506,6.762432,2.3850327040956913
3.9512503,6.8685646,2.9423896068061888
2.5831249,5.251471,3.7789033750498295
2.600625,3.3547695,4.090668352930546
2.605625,2.4924698,4.312669275969863
3.3687499,2.4188995,4.156526051302552
5.0662503,2.8256938,4.046985151703954
5.0662503,3.752696,3.993759979699254
5.17375,4.4123244,3.9305359513765574
4.8325005,4.6190634,3.4448755927400287
2.68375,4.4713492,3.799334849873781
0.815625,3.5497215,3.8995498624312877
1.331875,2.1007707,4.013406057914495
0.604375,1.3665491,4.088777022213936
0.59062505,1.0215251,4.545618707470298
0.564375,0.87018126,4.991377928295732
0.593125,0.77386653,3.248818671889454
0.58375,0.74003744,2.6536518993429836
0.69125,0.72009116,2.1890961841465533
1.8312498,0.74224794,1.924454205431491
2.2743747,1.1677083,1.801664422533065
2.3925,1.7363899,1.7405992381881177
3.3075,2.1198306,1.6945622392062842
3.7856252,2.577029,2.064682185114175
5.1243753,3.071282,2.37691401549682
5.0950003,3.8592682,3.121877848640829
4.373125,4.352758,3.7407657915019987
2.8525,4.261389,3.859004260854721
3.439375,3.4601002,3.904148220037818
5.073125,3.0714183,3.8531468766033647
5.85,3.6560357,3.8264625284743308
5.7387505,4.6093864,3.8837023927885292
5.9075003,5.051797,3.535088360212445
5.6218753,5.1088,3.4380215122847257
5.526875,5.00236,3.738465416663289
1.901875,4.844448,3.8671444780915976
1.5725001,3.5576696,3.9736721657264233
1.5925001,2.2318451,3.8779821539348363
1.595625,1.6331713,3.780373701289892
1.558125,1.5953218,2.788852543372959
1.571875,1.6494664,2.3428082674331963
1.578125,1.6430674,1.734511417774409
1.578125,1.6063225,1.3945694395296275
2.720625,1.5812211,1.1981206177316606
3.275,1.9661647,1.0716544212153554
6.060625,2.5792437,0.9932054596988857
9.2575,3.9569151,0.9681295799037815
9.504375,6.003768,1.3548626574783027
8.258124,7.152134,1.684709299212545
8.1293745,6.981044,1.95930867168352
5.425625,6.5074687,2.115385317044407
3.3393748,5.5854483,2.0714250342731177
3.299375,4.212466,1.9754946193571388
4.2443748,3.2890959,1.9393761429792642
5.896875,3.43635,2.454051125469655
6.0425,4.3893833,2.910417187297493
6.125,5.1306324,2.672675241769999
5.640625,5.338018,2.4764979200179873
5.74375,5.1434956,2.3808693047125637
2.01,4.9501266,2.316588778413683
1.7524999,3.659346,4.098960865347386
1.783125,2.35775,4.788639554772377
1.735625,1.7810742,5.224056258428693
1.7437499,1.740584,3.805110106357932
1.739375,1.7952344,2.475939770143777
1.71875,1.79065,1.8097181265394389
1.78125,1.7451501,1.400544832611531
2.9156249,1.7315731,1.1910261341519655
3.47375,2.1344965,1.084627817684412
8.53125,2.7538517,1.013194202069044
9.4,4.9756694,0.969496847756356
8.2825,6.732992,0.9183155009874702
8.291875,7.0265718,0.8736023139037192
8.219375,6.6426835,0.8189582451830804
8.3237505,6.412217,0.9606653220324218
8.353126,6.431963,1.026026267016381
8.191251,6.5183883,1.0572471775873007
8.606875,6.5619144,0.9107358256956936
8.401251,6.669442,0.8599108974893391
9.688126,6.7097387,0.804673595188111
8.766875,7.0660977,1.2586129010985792
5.5775,7.087595,2.0306338467518983
5.55875,6.107677,3.6283280940562483
2.3037498,5.1196766,4.620644416204691
1.6324999,3.6707716,5.159973476656675
1.6475,2.4188266,5.339789432203173
1.63625,1.8063588,3.504346063158661
1.6324999,1.7060791,2.365680053242892
1.5749999,1.7285347,1.7448359944118559
1.6300001,1.6961669,1.37594955972597
1.633125,1.6523268,1.187977639142573
2.735,1.6243428,1.103410158969313
4.32,1.9967072,1.0489355286033453
9.206875,2.966003,1.0074773519824445
9.3550005,5.455306,0.9408637592093647
8.340625,6.998317,0.9420342792312801
8.381875,7.0968485,1.0676415229590237
8.273126,6.6778727,1.8520525984628498
8.132501,6.475919,4.29245468223989
8.346251,6.4312263,5.266490001294017
5.983125,6.4991035,5.462084853784442
4.8012505,5.943508,4.258609271224737
5.84625,5.035841,3.331597879733592
5.933125,4.7664666,2.8757859809951483
6.293125,5.0075603,2.612457249198407
6.17625,5.307747,2.783211242858618
5.674375,5.396303,3.4473665358929333
2.99875,5.1340427,3.7228651276791096
1.585625,4.0916123,3.9486885799998044
1.605,2.6273465,3.9201144958680865
1.59875,1.8030525,3.154161237365156
1.5612501,1.6056952,2.176500136860311
1.563125,1.6396065,1.9096955267219244
1.58625,1.6506646,1.4182134655581415
1.59375,1.6241668,1.215740213225037
2.6974998,1.5978146,1.0771209012155236
2.781875,1.968233,1.0036434603643418
2.7293751,2.398512,0.9454059031499923
2.5206249,2.5884874,0.9419760721729696
5.0950003,2.522431,1.3311811556725204
7.9768753,3.3477645,1.6144485956899823
8.070624,5.232159,1.81427382554844
8.06125,6.3914323,2.254795407822132
3.515625,6.582035,2.6152208884327113
3.9325,5.1495624,3.2835567240248618
7.8799996,3.812622,3.5793121694600583
5.734375,4.7800817,3.5302396325194834
3.078125,5.4629445,3.0074423733238875
4.151875,4.4749246,3.0169867361728846
7.3993754,3.6607933,3.529576231526136
8.27875,4.7135086,3.9996747736519573
7.1493754,6.0520334,4.212590611453056
2.51,6.281198,4.40266775375843
0.63437504,4.5861263,4.378757410504222
0.66625,2.1994433,4.349813352741599
0.653125,0.9974813,3.052584737793058
0.62125003,0.765932,2.4872423050965367
0.616875,0.83243257,2.1051105752171573
0.705,0.85390043,1.9008171562764047
1.7806249,0.8523763,1.7842497477792203
1.7649999,1.2178674,1.7265984472720324
1.7775,1.5685978,1.683453262656331
2.2124999,1.712835,1.6479945991654694
5.24625,1.8889662,2.017150939183384
8.01875,3.1334064,2.338382138930708
3.9400003,5.2899947,3.4997297650204597
1.795625,5.1592026,5.145549289193153
1.64125,3.3236725,5.808738982945084
1.8224999,1.9421247,5.75110123750627
5.06,1.598273,5.68323499694407
5.6937504,2.9196339,4.810876245760918
5.884375,4.4583235,3.827489524242878
6.113125,5.113274,3.404859436186999
6.224375,5.2153335,3.5105156126610932
5.780625,5.238796,4.090132529051304
0.71750003,5.0795803,4.375316815208197
0.64812505,3.2351108,4.572305447670221
0.64062506,1.5195534,4.487453111721873
0.578125,0.77739465,4.494272108470797
0.56625,0.74831605,3.1544933365403116
0.728125,0.79959166,2.6131948043893276
1.7806249,0.84246016,2.2384659358951446
1.74625,1.2201711,2.0158193530549107
1.7856249,1.5755402,1.9112103056126832
2.295625,1.7229166,1.8490553336383402
4.56,1.9156166,1.7969839371593295
4.969375,2.9180872,1.781039987324029
4.819375,3.971887,2.153714664941877
4.809375,4.3802333,2.483289806630164
4.833125,4.3403425,4.488000895955563
4.514375,4.277616,5.487020598093271
2.506875,4.1882887,5.628687009737491
2.4256248,3.3785458,5.716124376960397
2.9837499,2.6396441,5.661199239910244
4.855625,2.5335245,5.662168028620481
5.045625,3.4006183,5.673655550388694
5.12,4.2669296,5.640515800285935
5.0125,4.582051,5.779801304038167
4.689375,4.531571,5.773380188413858
2.0506248,4.319289,6.180438891675472
0.710625,3.261229,6.020448419660926
0.60562503,1.8542084,5.087737719936371
0.556875,0.97942597,4.781678628484011
0.625625,0.73330677,3.4179065881751476
0.58,0.76493293,2.7045248683063683
0.56312495,0.7830744,2.291779614522755
0.72625,0.74302775,2.043555016339868
1.845625,0.7600575,1.9098837029652296
2.2793748,1.19001,1.8089753885282576
3.12375,1.7486628,1.7618196977271139
5.616875,2.4163828,1.715643958633691
5.8162503,3.6925442,2.0615106977932154
4.904375,4.7345543,2.7419787182582915
4.7425003,4.7762494,4.815411612167359
3.0818748,4.4132648,5.600584163571
2.73875,3.6194224,5.712848834555745
2.465,2.9388235,5.77836765621841
2.8999999,2.5202525,5.710997371687293
4.89375,2.5670612,5.642572981250882
4.986875,3.4268548,5.689388997985721
5.11375,4.240791,5.026740709611773
5.3975,4.5549455,4.459189996805787
5.623125,4.6461935,4.556971475911737
2.50125,4.7425666,4.562639886562824
1.588125,3.7824717,4.71733511098504
1.6575,2.4499567,4.73900567852974
1.665625,1.7319825,4.5973775400197505
1.64,1.6219976,3.6026699443387984
1.61375,1.6871748,2.7339513270317015
1.67,1.691817,2.290964915045649
1.666875,1.6702759,2.007894023519605
2.80125,1.6533215,1.8487208423922954
3.3225,2.0426533,1.7656250838337837
5.0275,2.6452944,1.717805792700052
5.895,3.62921,1.6786639380571244
5.755,4.601558,2.0302248026297987
4.7725,5.0113034,2.1727978091411293
4.78125,4.7141275,2.257291733134538
4.8187504,4.34123,2.236570419054478
4.951875,4.2317877,3.154426358555406
2.9187498,4.327751,4.552023875955343
3.0168748,3.6983807,5.180156176108122
5.076875,3.0840814,5.504354341115356
7.6443753,3.5721304,4.126723240090609
7.7343755,5.176525,3.8151464384531972
5.6175003,6.194486,4.870509775678515
5.17875,5.7854214,4.492389548680782
2.2131248,4.9580293,3.6264479263371228
1.7124999,3.4741879,3.6744631679445505
1.7299999,2.2951474,4.673557821636796
1.715,1.7822627,5.308176620684862
1.6987499,1.7316825,5.235410621584058
1.7175,1.7693801,3.708473631851077
1.7562499,1.7700205,2.4703790026827157
1.7281249,1.7505466,1.8484541264881191
2.83125,1.7201494,1.4572143873578312
3.3756251,2.0852883,1.2461892822556198
4.4325004,2.6814098,1.1309847561477124
6.014375,3.4317956,1.089391228182316
5.9062505,4.439834,1.4322760516388715
5.99875,5.0245667,1.5232556771706045
5.94875,5.161617,1.5955414680403472
5.711875,5.1249065,1.7782924945682286
4.9587502,5.031798,2.937442405528277
4.940625,4.7280383,4.432243318235874
3.8174999,4.4749904,3.6545770852833983
5.051875,4.0254397,2.8126002258066833
6.129375,4.094338,2.3125198658306894
5.985,4.7397666,2.048990200079232
5.609375,5.184404,3.067034440679401
5.6468754,5.1313367,3.6582497114557024
4.6475005,4.9665666,4.12453688729763
2.8649998,4.546191,4.4259170880901815
1.80875,3.6347263,4.589104961526989
1.7837499,2.5547392,4.499183827363849
1.7924999,1.9329324,2.686046918042153
1.7725,1.785338,2.0174144656597077
1.7756251,1.807682,1.5384465233542026
1.8187499,1.8092667,1.2589485883800686
2.878125,1.7959609,1.1165408340993523
3.4643748,2.1603305,1.0912628243140876
5.15,2.7543292,1.4297743441669644
6.113125,3.7336893,1.5191086236052216
5.925,4.7204967,1.6030392149041595
5.930625,5.1352553,1.812748082999438
5.2137504,5.141298,2.7062068928201497
4.82125,4.8605294,3.211261962889284
4.285625,4.504228,3.4909353163953125
2.3818748,4.131667,3.6724530310404297
3.1874998,3.254957,3.7679285538089275
4.5025,2.8729641,3.703816269829273
5.023125,3.3550022,2.975567231364697
5.210625,4.148256,2.6826298447765407
4.6475005,4.5714064,2.680384487568289
4.580625,4.457071,3.3050654281060394
2.0181248,4.194625,3.621723586330414
1.06125,3.1729593,3.873343928480148
0.74875003,1.9546237,3.948732434632778
0.71750003,1.1584505,3.87336705183208
0.683125,0.8957029,2.900520791349262
0.64625,0.86269426,2.038776057381183
0.669375,0.84562266,1.5681189667026698
0.71000004,0.8115309,1.2628109855096044
1.865,0.79820925,1.1264374293868245
1.80375,1.2081625,1.0282104270777106
1.7912501,1.5953647,0.9630211131800712
3.125,1.7425587,0.9724500586086512
5.788125,2.2101727,1.355180404228121
6.3337502,3.6207669,1.6313107020683588
6.2000003,4.9587574,2.081558643917888
6.1981254,5.349985,3.1858302625493704
6.5393753,5.2936673,3.7312716621416806
4.870625,5.31885,3.7802094457554816
3.82625,4.942068,3.808570635578036
3.0256248,4.150121,3.2150143247579037
3.53125,3.3213682,2.87621057357803
3.6156251,3.1561086,2.5795495299719273
7.3956256,3.2880068,2.5971587598247825
10.05875,4.722632,3.2832967856548727
8.938126,6.593233,3.5821228527551887
3.299375,7.2580256,3.851266708884239
1.9168749,5.436136,4.065825899386406
1.946875,3.0481136,4.223998397524952
1.9274998,1.9395305,3.1944604556401073
1.9518749,1.8247317,2.5230181173194945
1.8931249,1.9655136,2.156081220408529
2.011875,1.9927888,1.9354591268977521
3.0975,1.9819583,1.818405928670764
3.075,2.3639808,1.750505800437629
3.033125,2.7367568,1.7269909462371467
4.7225003,2.8692367,1.697732530491799
7.891875,3.44149,2.068336671415567
7.56875,5.1217027,2.3853608164860307
6.6450005,6.0850735,3.1585459033055603
6.703125,5.969621,3.797295210762024
3.9606252,5.606845,4.1026446545171735
0.776875,4.6895146,3.9388507897883653
0.793125,2.706399,3.9063329781168696
1.1806251,1.351853,3.875456924432516
5.165625,1.0870012,3.9134972304308415
4.8831253,2.6561947,3.224286788882464
1.6843749,4.1589966,3.035591864872724
1.6831249,3.3993475,3.6065036366176604
1.671875,2.170331,4.67863459342122
1.663125,1.5939366,5.1530292948645355
1.675625,1.5716366,4.711954546197653
1.670625,1.6604848,4.449363369591832
1.6918751,1.6858634,3.218197373754829
1.6862499,1.681745,2.594201362848431
1.62625,1.6758478,2.2166229399071633
1.665625,1.6425606,2.001327788928002
1.7543749,1.6186593,1.8891679703839122
2.153125,1.6484181,1.8347132739420233
4.223125,1.8317283,1.8054506720726191
5.715,2.7613237,1.7634072354407606
3.53875,4.1148787,2.117231198414117
3.581875,4.151073,2.4324407583756744
3.58625,3.5673544,2.9736623455797133
3.60125,3.245164,3.781006005361676
3.2187498,3.2446153,4.1139495815408225
2.5881248,3.186024,4.35552561802566
3.2568748,2.8541768,4.442429553440213
5.610625,2.8149097,4.408160745877623
5.9975004,3.7920105,4.154028729293942
6.2312503,4.8409405,4.06544316804409
6.470625,5.303111,3.6260022037947177
6.234375,5.403047,3.9054702378827333
3.8487499,5.30896,4.318609585345388
1.7912501,4.5362744,4.455110718582272
1.671875,3.0107102,4.4302874016052485
1.735625,1.990187,4.439219394306541
1.7049999,1.6959958,4.081906197262406
1.7006251,1.7385073,3.32607977087006
1.655625,1.7726318,2.6432519724725188
1.823125,1.7285728,2.2824579136057195
2.95875,1.7336318,2.0622261263284085
3.361875,2.1646917,1.9396952851037679
3.3975,2.7450974,1.8732714632879197
3.4362502,3.0851479,1.8425670406898855
3.5943751,3.1749916,2.1866413213962317
3.595625,3.2348163,2.511155837778598
3.606875,3.290473,3.2737986695097385
3.5037498,3.3198946,3.938849195074439
3.5931253,3.2887537,4.212154457194209
3.523125,3.290794,4.37624174928546
4.5725,3.295916,4.206526711748242
5.79375,3.672525,4.02877272130847
5.879375,4.4340224,3.7686828534960743
6.11875,4.983992,2.9913453309516607
6.9918747,5.201979,2.989830352721661
7.406875,5.5016117,3.3493083739207683
2.36,5.788073,3.67392016785264
1.7531251,4.467715,3.926808307573795
1.7725,2.6464872,3.8550198681098222
1.7737498,1.7980064,3.8181126063561437
1.7299999,1.7207978,2.8622189522670207
1.760625,1.803452,2.15470777303949
1.7781249,1.8188416,1.6619626984460651
1.763125,1.7895712,1.3742547775007785
2.82875,1.7598665,1.2021825534412265
3.4375,2.1153002,1.095055452709347
4.679375,2.7228591,1.0362880517929793
5.846875,3.5621493,1.0031307598370314
3.643125,4.4839897,1.3867362047235667
3.6399999,4.2651644,1.4873219882689417
3.630625,3.6315775,1.5718007624800503
3.5418751,3.3135824,2.0771018171723186
3.5693753,3.2755623,3.220421601003557
3.606875,3.3175967,3.920813777924776
4.729375,3.3599932,4.293182669147253
5.98875,3.7718675,4.476467127483487
6.159375,4.5705085,4.667221225850582
6.11875,5.159376,4.1951412516713145
5.6618752,5.30532,3.7138223023599384
4.8275,5.1240497,3.2130033904968203
1.9168749,4.6633973,3.1729784630171953
1.761875,3.3236756,3.1354460734044016
1.7106249,2.2093778,4.473453118162751
1.6918751,1.745774,5.7762674179774525
1.6987499,1.7145191,5.904066197318435
1.699375,1.7524526,4.265983228420019
1.70125,1.7446569,3.181098746329993
1.7074999,1.7122954,2.6139730247853694
2.8024998,1.6877477,2.2615412470696867
3.3862498,2.0613956,2.1122495114475486
3.839375,2.6863825,2.0176730086550116
5.083125,3.2375224,2.007038459498137
4.3125,3.9401019,2.372563635905832
4.2675,4.1320863,2.478675103205889
3.8268752,3.9976082,2.545688969174474
3.599375,3.7103508,3.1768472390024365
3.6825001,3.4714267,4.554817814754248
3.6181252,3.3901923,4.994199774588346
3.961875,3.3943367,4.956546984074116
5.07125,3.5173867,4.96729774800837
5.21125,4.0172086,4.041169230014682
5.236875,4.4685154,2.5813810589163
5.091875,4.649101,1.9715349446780979
4.776875,4.6018763,1.7067143580032884
1.0662501,4.4016695,2.977691390314549
0.83250004,2.952451,3.325489726717323
0.84749997,1.5866137,2.5070482533828913
0.850625,0.9742118,2.2396398446841537
0.8,0.9420371,1.9663325891719756
0.83,0.98649275,1.8096208489899337
0.83250004,0.9822255,1.735732569963485
0.8125,0.94657123,1.6967418144650757
1.9187498,0.91418463,1.683397248329669
2.5362499,1.284641,1.6705320930683614
3.6575003,1.879173,1.6375127438670398
4.8987503,2.6969526,1.6301920102490486
4.86625,3.6653478,1.6482178591151535
6.1050005,4.2414336,1.7950483531312642
4.801875,4.764108,2.5881434433208406
3.41875,4.6978655,3.4281709643618763
3.0168748,3.9295888,3.089179036938697
3.403125,3.152017,3.112992501321882
4.8925004,2.99173,3.0537129978959263
5.934375,3.6459076,3.024914059100598
5.916875,4.6141477,2.8856891544775665
6.0750003,5.1212955,2.6181842655862866
5.6575,5.227414,2.7487582458375392
3.865,5.0870743,3.5917868191486595
1.901875,4.3559413,4.059068299123645
1.850625,2.9986475,4.421807510302067
1.6737499,2.094741,4.664942379649878
1.715,1.7585602,4.681646210671067
1.7162501,1.7410694,3.895955377241373
1.6999999,1.7614098,2.887865938986987
1.6831249,1.742886,2.390448352589458
1.7225,1.7026892,2.0968096905522047
2.8887498,1.6846306,1.9332398831300437
2.830625,2.090731,1.8519260180449484
2.8337498,2.5030932,1.784649422957003
2.7375,2.6690767,1.7986848989009856
4.82875,2.6359572,2.1810990924845632
8.569375,3.3374507,2.461456976943463
8.720625,5.36353,2.631539596040696
8.82,6.6730485,2.7494272283296284
8.91375,6.957543,2.867257450917214
10.054999,6.87378,2.924071925291568
9.40125,7.211749,2.9672555823807416
6.0075,7.3193607,2.957271875845045
3.5306253,6.332495,2.9932924766556916
6.9750004,4.6361003,2.9828945431776344
9.074375,4.683563,3.359812754553407
8.73,6.1527915,3.934860815544724
2.5893748,6.9841104,4.218345136656165
1.7406249,5.2082744,4.467637196473479
1.708125,2.8464556,4.861177509781718
1.7143749,1.7714154,5.133254044821262
1.7337501,1.6663518,3.5354694968408347
1.7268751,1.7863363,2.8139732744972408
1.7124999,1.8159457,2.350564955970794
1.77125,1.7756892,2.0836672544069588
2.8956249,1.7567791,1.9404906486745177
2.9018748,2.1369781,1.8795978927728532
2.829375,2.5400977,1.8388547460086642
3.2643747,2.689082,1.7994457767830787
3.276875,2.830827,2.142956724794954
3.294375,2.9725559,2.4740970782019196
2.8174999,3.0362325,3.0837318928448854
2.7925,2.8794427,3.776732172039151
3.1375,2.7005231,3.3327161728744206
3.4025,2.7462697,3.2737292994539438
6.973125,2.970814,3.1691710835181177
7.499375,4.408412,3.078788279673308
9.098125,5.748058,3.0582172673808037
9.219376,6.6888776,3.063942290376276
9.4825,7.0760393,3.4678889094106853
6.165625,7.2098308,4.066406375255585
1.770625,6.2332425,4.379826666191816
1.713125,3.98547,4.54212947339952
1.686875,2.2327204,4.462888935757875
1.7231249,1.676208,4.159339126668573
1.690625,1.7417872,3.0018529010121524
1.8156251,1.822162,2.5111913201634586
2.865625,1.8389196,2.1537766594457626
2.8649998,2.189521,1.9592113941340148
2.9418747,2.5557005,1.86300927983284
3.3787498,2.7275548,1.8063114189143477
5.020625,2.9000487,1.765194112395197
5.8750005,3.6410317,1.7338669540089366
5.834375,4.575109,2.087734572276026
5.868125,5.0398974,2.4205956220094857
5.9375005,5.0927844,2.757658344260305
5.869375,5.075507,3.3721095936392245
5.82,5.0663104,3.368941295746118
4.028125,5.0446544,3.4449872227148712
3.9706252,4.4629097,3.3099492395053804
5.941875,3.8732395,3.1848064562086758
6.0950003,4.318027,3.1537007637189327
6.1418753,5.0182977,3.1093832650281485
5.969375,5.338308,3.219693215417713
5.086875,5.272652,3.6611170070952177
1.7387499,4.873973,3.889411468644738
1.74625,3.3855546,4.032352056716085
1.730625,2.175462,4.0503755135113
1.6843749,1.7160503,3.9545523431068657
1.71375,1.7093017,2.583663891901821
1.745,1.7631377,1.9894714895643293
1.743125,1.7722235,1.5979807823298873
1.788125,1.7482195,1.374932929597944
2.966875,1.7396348,1.241931396072358
3.434375,2.1571918,1.1808351148058474
4.523125,2.7588534,1.1315518762877583
6.034375,3.509828,1.0847181183604897
6.225,4.489107,1.4466312677250803
6.285625,5.140866,1.7717838690172134
6.276875,5.3517146,2.3435318688772617
6.1481247,5.3372555,3.0477718911634386
5.315,5.2823057,3.3756546426974237
4.410625,4.992413,4.049382804092168
4.4950004,4.4487815,3.8713178444367644
5.91375,4.1159167,3.396959223396033
5.949375,4.539891,3.0611379859368504
6.11,5.032178,3.0077338072939215
5.7718754,5.266837,3.4830853370930255
5.81,5.1786284,4.03836093879044
3.26,5.0485964,4.2958920881080624
1.701875,4.1656685,4.501707462152242
1.755,2.771517,4.442918333258628
1.7699999,1.9330283,3.8184785932022334
1.7006251,1.732636,2.884383881128877
1.7162501,1.7652241,2.451553803461045
1.7437499,1.7740831,2.1008331537882983
1.7837499,1.7525858,1.9454621693398058
2.829375,1.7443622,1.8581619475145636
3.3856251,2.1147223,1.8001311050929127
4.53,2.6991103,1.75333422492519
5.94375,3.4734871,1.7319048578618466
5.8743753,4.4531455,2.114013464389294
5.839375,5.0068355,2.224243280404061
5.904375,5.0976763,2.3257978526596723
5.888125,5.06476,2.3477490898554025
5.795,5.059269,3.1076266876383123
3.369375,5.0449443,4.765559260116816
4.035625,4.229659,5.44390591238141
6.055625,3.6718256,5.816462979847192
6.1868753,4.2994237,5.939747124062777
6.225,5.10661,6.290326641553044
5.5775,5.416599,6.203127684062123
5.56125,5.185435,5.245179839096665
2.2281249,4.91777,4.131728249748349
1.805625,3.6754234,4.827988323547244
1.78625,2.437513,5.599426401260495
1.795625,1.8359362,5.834877938911319
1.793125,1.7715045,4.000926624084115
1.790625,1.8282356,3.067939440832585
1.7781249,1.8337951,2.4936434867967665
1.7837499,1.7926924,2.1524959048236907
2.899375,1.7593203,1.9929136795742808
3.4524999,2.1402142,1.9042107075116037
4.40625,2.7442033,1.8422359382109343
5.8806252,3.46289,1.8189471347095072
6.144375,4.3985434,2.182876201816201
6.0731254,5.059155,2.300263691949993
5.989375,5.249967,2.367479289230257
6.115,5.193653,2.5656950540585814
6.125,5.1768703,2.6471462638805807
5.88,5.2146306,2.712303085481971
5.959375,5.178448,2.579669133516401
6.0012503,5.1507936,2.5313146165211498
6.313125,5.1675644,2.615625148413032
6.175,5.2888966,2.7338436838416755
5.516875,5.3466797,4.068733062874078
5.665625,5.1383734,4.75960858510077
3.7800002,4.9611444,5.643253126740455
1.6724999,4.2886434,5.969108199517131
1.69125,2.9332662,6.178431944199204
1.6800001,1.9892721,5.2574551495444775
1.68875,1.685198,3.4665708783505855
1.6212499,1.7095734,2.752237114267796
2.8325,1.7201207,2.2810497812087833
2.878125,2.0998423,2.0578783381475505
2.885,2.5223682,1.9378298684884607
3.3349998,2.712299,1.9138952058468757
3.358125,2.8756154,2.249631524789482
3.32,3.0185666,2.351255068422407
3.260625,3.0877283,2.454169931657165
3.306875,3.0733619,2.6508483922605217
3.305,3.0584824,3.308380838358849
3.3125,3.0658646,3.8778665371751786
3.27625,3.080038,4.168572520301938
3.25875,3.0712285,4.344654453189969
3.3943748,3.053957,4.44705741325438
4.2200003,3.0910344,4.466972998123169
5.915625,3.435003,4.4655002798122165
6.06875,4.334394,3.8695963507533073
5.58125,5.0432,3.6540763451105356
5.543125,5.1104584,4.185609646533727
1.8425,4.918435,4.401592119215131
1.653125,3.5129547,4.573657765079736
1.6925,2.2155716,4.597315346176624
1.0275,1.6738881,4.312703562319278
0.675625,1.4293091,3.0167132427345216
0.70875,1.1373178,2.5402581708984076
0.70375,0.92594063,2.174316973495185
0.70750004,0.8413903,1.9672920089378951
0.691875,0.82661307,1.876092910902053
0.781875,0.81074965,1.8314177976132928
1.8262501,0.82315195,1.7933455973364412
1.7962499,1.2110944,1.7780801982767878
1.7662499,1.5844086,2.1696649936328827
1.8699998,1.7279599,2.4735417190770805
2.125625,1.7487507,3.0275848062486945
1.8431249,1.8520153,3.813389861063361
2.0575,1.8582548,4.244147607983947
4.0425,1.88867,4.5001996601349115
5.7525,2.6439202,4.618777006196976
6.808125,4.0012417,4.627991263263225
7.865625,5.247266,4.365829862060547
9.775625,5.9966416,3.9799960038012263
9.468125,6.86517,3.856689533590674
4.564375,7.3038936,4.25790042088449
1.879375,5.9458137,4.406778926260471
1.8043749,3.5143683,4.574782038397789
1.81625,2.093338,4.530995180765986
1.84125,1.752343,4.53603367941618
1.86,1.863113,3.6390948051297665
1.8093749,1.9360536,2.7741987171040474
1.83,1.8962102,2.362931962469369
1.8449999,1.8399458,2.09676304516986
1.858125,1.808634,1.9339545143082737
2.0193748,1.7963599,1.858226932107061
2.910625,1.8474143,1.8149727089266479
5.03375,2.2384045,1.7925095685605703
7.071875,3.3558044,2.1350397675077617
7.3137503,4.9864297,2.452001120717376
6.84,5.867069,3.0209029548974335
5.82125,5.9140906,3.77690360378623
1.65625,5.419633,4.112634739908576
0.59187496,3.6126466,4.303801071825624
1.8312498,1.7811338,4.416249932268858
3.48125,1.3104951,4.458685269848108
2.205,2.2106977,4.455097163513899
3.2237499,2.6356091,3.629553631708622
1.708125,2.814835,3.593225251110196
1.7074999,2.355651,4.172564886616469
1.7037499,1.884439,4.4254721629047395
1.0325,1.6635438,4.618236398175955
0.689375,1.4094441,4.488236116259694
0.75375,1.0701221,4.441621830836534
0.7375,0.88022834,3.2187116689960655
0.704375,0.8365681,2.6523159277512134
0.69,0.82765645,2.267562886855453
0.7375,0.80418205,2.0526552513603864
0.76125,0.80227554,1.9433176777873933
1.2475001,0.8192991,1.8822827930070458
1.183125,1.0069686,1.8338034896470605
1.175,1.1587015,1.798746096047908
3.43,1.2030796,2.1620462478499114
4.333125,1.982908,2.483302165663093
1.2075001,3.1267297,2.9907967493610084
1.105625,2.6831899,3.7491531893974543
1.149375,1.6625274,4.190907286196947
1.125,1.1351764,4.40599592172265
1.145625,1.1037598,4.491334645418525
1.33,1.1864427,4.573169782618284
1.396875,1.2824866,4.607716070404052
1.3206251,1.358515,4.549779316104054
1.301875,1.3716131,4.566358759438992
1.690625,1.3407191,4.586511956682801
1.75375,1.4470886,4.7074534661406275
1.6949999,1.600032,4.7096127087968584
1.65625,1.6691433,4.51099427870214
1.72375,1.6521337,4.495083817859292
1.704375,1.6455567,3.8138068787550923
1.6843749,1.6526141,2.8252072367511687
1.686875,1.6538985,2.3940292827109992
1.716875,1.6495531,2.089448491068333
1.82875,1.6559267,1.931762779355794
2.2481248,1.7068578,1.8223460681042074
2.199375,1.8990675,2.1907542879514397
2.184375,2.054934,2.315234268272519
2.1499999,2.096455,2.4131064467330274
2.0931249,2.0700033,2.620104699832052
2.11125,2.0257485,2.704280478397161
2.1343749,2.0074787,2.7483352479685843
2.14625,2.0192027,2.759243888581544
2.1274998,2.0388608,2.787097560697049
2.17625,2.0456238,2.7992720054890214
2.2668748,2.063876,2.8134908735345303
2.276875,2.112959,2.8103999192668496
2.2393749,2.1579514,2.8047478544335065
1.81625,2.1631067,2.850354280655235
1.75125,1.9875566,3.1583015133963523
1.708125,1.8040273,3.87975069167912
1.725,1.7016227,4.233714192121028
1.7281249,1.6829761,4.2805573189926145
1.76,1.6916966,4.317280391287803
1.7143749,1.7083089,3.0088616687183083
1.7162501,1.7004198,2.488075941801518
1.7312499,1.6857561,2.1279472773204744
1.6931249,1.6819186,1.6958274453675746
1.8049998,1.6695668,1.389427284474224
2.251875,1.6979054,1.238209333768338
2.2168748,1.888476,1.1290168791626394
2.123125,2.0616474,1.0600299533887207
3.9181252,2.0827873,1.0038956245039403
4.40875,2.6942875,0.9956794590163232
3.4231253,3.4918342,1.3516341591344774
2.8687499,3.596697,1.4612627679990233
2.8799999,3.111842,1.5425596892486513
2.8806248,2.7478926,1.6236995311765374
2.8718748,2.664559,1.7463717039228974
2.775,2.7058117,1.7002828767384588
1.79,2.6963398,1.7821905734218655
1.513125,2.29413,2.520170356925577
0.7825,1.8039894,3.4039799514566362
0.695625,1.2929221,4.241997933611273
0.706875,0.9545723,5.030508221262694
0.70187503,0.8243524,5.904110849308371
0.7475,0.81312203,6.103902191495895
0.74437505,0.83408135,4.739204220413566
0.69250005,0.8402427,3.326993541949838
0.72375,0.8125316,2.672578761577457
0.75750005,0.7948039,2.2730508954936264
0.708125,0.80426514,2.0877034753544628
0.8,0.8034102,2.002639042453915
1.274375,0.8260376,1.9312038321246205
1.2231251,1.0205132,1.8889698271785675
1.16625,1.1846002,1.853039726383239
1.93,1.2206061,1.8227549128870664
2.53875,1.4644693,1.8527574620182812
2.5424998,1.9299048,2.170698368257135
2.554375,2.2869754,3.0508811846412716
2.6124997,2.4038634,4.166843053048849
2.3274999,2.4208763,4.78366324996531
2.3643749,2.3310316,4.926626961388588
2.4443748,2.2601216,4.664389811274409
2.4268749,2.2701657,3.1024578211246427
2.450625,2.3062925,2.146895269514471
3.8725,2.3311481,2.0557288631141186
6.3056254,2.8425548,2.5042602947612105
3.2875,4.2022786,2.2330656365229187
1.8356249,4.179739,2.59837273580119
1.8787498,2.9232163,2.1135920612342654
1.871875,1.9888184,1.96079853316918
1.285625,1.746828,1.8278097573550045
0.728125,1.603738,1.5054770089630782
1.86875,1.2518777,1.2512802071261406
1.9318749,1.3656904,1.1400917687024177
1.9825,1.6802958,1.055563757698834
2.399375,1.8923136,0.9967780175723137
2.3806248,2.0730002,0.9559246362079681
2.360625,2.1950147,0.9448672885213792
2.353125,2.2411778,0.9384964063857496
2.3274999,2.2453163,1.1060904744009674
2.4343748,2.2247674,1.1387948676018418
2.5193748,2.2529924,1.1710617111691832
2.344375,2.3269732,1.9761189498592913
2.325,2.3169634,2.6068151513271034
2.366875,2.2633555,1.830552266629785
4.611875,2.241382,1.6233781963203848
5.88,3.0532615,1.4340788757325709
6.273125,4.3436418,1.313416839890331
6.0975,5.1736226,1.2702068700213731
4.7000003,5.327248,1.317596983769685
0.930625,4.7704353,1.3546395968678595
0.799375,2.9335027,1.3468667618517578
0.729375,1.4713538,1.3402455096296966
0.758125,0.8748083,1.4705208796982467
0.72,0.86997235,1.5335800544688105
0.748125,0.92413944,1.5564261255164444
0.736875,0.92150116,1.5636003447924556
0.6875,0.8776988,1.5927678618440033
0.735625,0.82617056,1.595980811727047
0.875,0.8041717,1.5953905682350695
3.089375,0.85271955,1.5983061039708555
4.179375,1.6782196,1.610713576335311
4.20375,2.914869,1.6560223890705408
4.2356253,3.6959958,1.8230483402495086
4.363125,3.8521655,1.87119335170269
5.1625,3.8561897,1.907817950412929
3.863125,4.1633964,1.9160402954170106
3.8793752,4.028958,1.9016812918852268
5.5775,3.7213678,1.904324928896576
4.60875,4.1423125,1.9127426263566314
5.75875,4.3845353,1.9218500375898182
6.56125,4.69776,1.9213116223004458
5.909375,5.1721845,1.9400166199599205
5.9550004,5.3125772,1.9810209011295437
4.67375,5.1679106,2.0037262386731802
4.811875,4.6874604,2.0057734526760873
4.2556252,4.341375,1.852112001556605
4.1112504,4.0696597,1.7761860768108069
4.0193753,3.8926983,1.7120303368766605
3.28875,3.7661905,1.684790629622787
0.75187504,3.4596267,1.6701762725235523
0.743125,2.2625334,1.6742667137445508
0.698125,1.2625389,1.6569851976035537
0.86875004,0.85350615,1.650962760460824
1.875625,0.89018095,1.6500304508316517
5.4231253,1.336535,1.6334135317194463
6.145625,2.9860048,1.666520789525956
5.07,4.721262,1.8337999015407263
3.0987499,4.977469,1.8837439496420323
3.045,3.9235017,1.8936259931649266
0.875625,3.0342,2.553955966168493
0.49,1.949245,2.965290097466558
0.55,1.1173083,2.868898012868911
0.96437496,0.8599111,2.7053740534721316
1.8612498,0.9685271,2.624276471463293
1.8774999,1.352853,2.562797857532948
1.925,1.7269033,2.5357148309223354
1.8418751,1.8556896,2.495872099508792
0.68250006,1.8188864,2.114334599906206
0.65875,1.354032,1.865666272573322
0.65125,0.92178124,1.4607153824438155
0.671875,0.73956484,1.2452783019252123
0.66812503,0.7425457,1.1137817796675862
0.68,0.77224034,1.0337825568754972
0.6325,0.78232807,1.0041408117701114
0.673125,0.757445,0.9782781399916113
0.76500005,0.74800146,0.9401377656944097
1.400625,0.78342247,0.9278574717655779
2.336875,1.0479863,0.924571763059646
2.3743749,1.6108282,0.9004190232886374
2.3431249,2.0705419,0.9228616317129136
2.284375,2.231734,1.096916483861357
2.3406248,2.1967583,1.1430015236002207
2.3587499,2.1756048,1.1658601530200243
2.3193748,2.1996448,1.4537265486617388
2.3124998,2.2113261,1.766891486030519
1.09,2.2083173,1.9236171799594162
1.1875,1.748739,2.04064386606738
1.19875,1.3570653,2.1305514451621472
1.195625,1.2111557,2.075579064711928
1.004375,1.2222185,2.086337204198092
0.660625,1.1748009,2.1160152290453014
0.68125004,0.9787334,2.12589328578338
0.70562506,0.82203925,2.149320430717915
0.665,0.77581465,2.6749142201225458
0.663125,0.77002907,3.731722168825865
0.69687504,0.762199,3.119413218267709
0.69437504,0.76430404,2.5320840659905968
0.66562504,0.7711735,2.2303669818811116
0.84625,0.7638637,2.0113118941421804
1.9687499,0.817407,1.6956701667065917
2.3587499,1.270269,1.3726481032200157
2.36375,1.8333257,1.6290202941916883
2.3418748,2.1698802,1.691612018442601
1.043125,2.2329183,1.7702361991517244
1.08375,1.7199004,1.9491128681956231
1.083125,1.2701316,2.00287525945425
1.03625,1.0996343,2.0362145481370386
1.0325,1.0938396,2.056136711200774
1.059375,1.1037395,2.0601531975634395
1.043125,1.1096926,2.104579136801213
1.296875,1.1078752,2.1550299052526056
2.4412498,1.1856847,2.119381869482994
2.450625,1.663545,2.108780011961609
1.9374999,2.1248095,2.115819079232365
1.888125,2.1252434,2.920573122937232
0.875,1.9160936,3.661777218660712
0.71125,1.4403238,4.209279187985063
0.68875,1.0127974,4.427653731555939
0.711875,0.81084394,4.071424939981699
0.716875,0.7902219,2.6065783363090453
0.71500003,0.81306857,1.9781073587861655
0.721875,0.82005465,1.5336490258461237
0.7625,0.81191045,1.3093329768642783
1.8856249,0.8182359,1.180296101498753
2.4,1.2243682,1.1222658570948243
2.391875,1.8072613,1.0701029639042914
2.336875,2.1788259,1.010276872280091
2.2675,2.2479649,0.984069742293507
2.2968748,2.1821105,1.0043553007932007
2.636875,2.1498246,1.7802537933583555
2.471875,2.2879567,2.459809637457579
2.31875,2.3720572,2.841907080987543
2.3274999,2.3128507,3.101469895847291
2.3274999,2.2395377,3.2843863739450274
4.2556252,2.217689,3.6699086649709938
5.043125,2.9142036,3.368039883699268
5.158125,3.9043565,3.333414657574147
3.6262503,4.4839997,3.8929182445687056
3.4068751,4.0626397,3.750371550837159
1.8856249,3.418987,4.181056738274098
0.7325,2.5761564,4.5804121759146454
0.689375,1.6112596,4.541714847778678
0.756875,1.0086148,4.591265001540184
0.76,0.85121614,4.14939449062407
0.735625,0.8813646,4.04842597573638
0.735,0.89628476,3.7737803565615415
0.70875,0.8662459,3.6290903673130273
1.9968748,0.8238634,3.5247404608838258
2.468125,1.2537199,3.2125656415240464
3.336875,1.8667156,2.150092670936733
4.798125,2.568344,1.7318879140263794
4.8318753,3.4818888,1.404610555766672
4.9900002,4.126486,1.2826795263175668
3.6031249,4.3637195,1.5654462261621656
2.761875,3.914805,2.9132171062736214
2.54,3.143872,3.7016339038211106
2.5206249,2.6018887,3.8105440940618514
2.914375,2.419221,3.247452002054602
4.9725003,2.5669014,3.0081615893046556
4.9700003,3.4667084,2.01552871644184
4.95,4.251466,1.5070944475628436
4.4575,4.4888687,1.2276439553280176
4.55875,4.2628345,1.2118570848144592
2.3118749,4.071985,1.5019489037403464
0.649375,3.24318,1.6141276595123113
0.71500003,1.9059459,1.7075639418475328
0.70250005,1.049174,1.7140476499934494
0.6725,0.8157515,1.2980079165773095
0.65625,0.83721554,1.135363043232411
1.87375,0.8450099,1.0083656076394023
1.9149998,1.2441266,0.9456883668541909
1.9962499,1.6577256,0.9119900681987405
2.445625,1.8733778,0.8989122179675103
4.05375,2.0609667,0.8703548783320189
4.8575,2.789798,0.8689497360236943
4.8306255,3.7322924,0.893212112377137
4.9393754,4.2465224,1.127437315018624
4.8162503,4.3537116,1.5406360655750335
2.8931248,4.301575,1.7377753985030948
2.556875,3.5953894,1.8623307290571927
2.4743748,2.837807,1.9141547455383836
2.563125,2.428298,1.9686170168714223
4.960625,2.4022472,2.004545124274343
4.966875,3.3219762,2.0167498686309155
5.195625,4.2147236,2.0289948795141277
4.5850005,4.5849476,1.5981723473402858
2.59375,4.3915176,1.4848806805869939
0.81500006,3.445593,1.3837564817522467
0.735625,2.0347157,1.3283776485900582
0.74125,1.1246109,1.233021131348312
0.70562506,0.8525441,1.071018728376478
0.70562506,0.864471,1.002012466696203
0.70562506,0.88241035,0.9567253819382191
0.71875,0.85808295,0.9127124736073614
0.70000005,0.8274852,0.8890568859028817
0.710625,0.8018059,0.8844631130988897
0.78,0.78817034,0.8763842923481763
1.8306249,0.80809605,0.8610690584783257
1.7825,1.2073808,0.9177830658753217
2.8193748,1.5791215,1.3343506496010722
4.40875,2.0945861,1.6265050316514076
4.745,3.0393903,1.799659468449205
4.9275002,3.883437,1.8981818915131687
3.501875,4.262538,1.4926616885119677
3.6375003,3.8537433,1.3737141694797577
4.199375,3.4172878,1.2695865263040365
2.9681249,3.4871242,1.2008316314063967
6.82625,3.2972274,1.1711013796781005
6.273125,4.3444467,1.16513176743418
2.00625,5.2449536,1.1527840968419611
1.8918749,4.066596,1.2365615956039728
0.73875004,2.4915435,1.6638663881956042
0.73875004,1.4024118,1.8297162378539145
0.794375,0.97020173,1.7776575990863144
0.756875,0.90956056,1.7668625818406045
0.74625003,0.93031836,1.384173698783219
0.7625,0.9115254,1.184890671659708
0.716875,0.882943,1.051763155733943
0.741875,0.8428698,0.9854220597030223
0.77312505,0.8160507,0.951420765401572
0.949375,0.81700593,0.9327452699497343
1.8375,0.8976977,0.922148395909369
4.8275,1.285711,0.9260377038364113
6.115625,2.702434,1.32398939454332
6.4118752,4.4428906,1.642111898830533
6.1518755,5.310532,1.8149858653165398
5.7581253,5.3582187,1.9062461604993044
1.495,5.078659,1.9354194583888351
0.57500005,3.4668922,1.9666611002407968
0.65875,1.7210023,2.1104811730425057
0.848125,0.85389364,2.113608805730492
0.70875,0.8312619,2.0875344356782732
0.695625,0.932723,2.0853058229662476
0.675625,0.92738706,2.0807943772687016
0.71625,0.84900767,2.774484968253821
0.700625,0.8080512,3.30470940822199
0.685625,0.79235226,3.656025085528493
0.710625,0.7769473,3.315008070758134
0.70000005,0.77253515,3.1563838698999582
0.65125,0.7769222,2.4782042639191446
0.710625,0.76307607,1.789220670426786
0.743125,0.7637489,1.446069131066054
0.71562505,0.7851473,1.2546795391993226
0.758125,0.7959035,1.1469432577475906
1.21875,0.8090256,1.0805579084052146
3.6781251,0.9850549,1.0368087258899212
5.2375,2.0123415,0.9906156442825497
3.9006252,3.5608783,1.4188597233767808
3.4775002,4.03561,1.7201817171110212
3.389375,3.5858674,2.1978918288071454
3.5062501,3.1741076,2.947595550418645
3.5625,3.105389,3.298215334435552
3.4475,3.2130558,3.601201212812662
3.819375,3.255931,3.260019942507893
5.944375,3.3662171,2.875439928073138
6.285,4.2009597,2.6050677435423433
6.29125,5.0350933,2.4513353276531396
5.1725,5.346422,2.516894017163962
4.579375,5.012472,3.2612498656235633
4.29,4.438783,3.5507181514042614
2.3262498,4.02632,3.770120488100648
1.671875,3.1926312,3.7016689875274897
1.6300001,2.2807224,3.7198798232090473
1.64125,1.771732,2.9000280247460304
1.608125,1.6608118,1.992465764300227
1.656875,1.6697732,1.5946928808923067
1.7337501,1.6761985,1.3178353935016691
2.87625,1.6890656,1.1624843429772556
3.2806249,2.0984557,1.0740779877048732
3.35375,2.6674027,1.4563315138603747
3.4618752,3.0130339,1.5817968280486763
3.5975,3.1371515,1.7050694105882942
3.4406252,3.2125037,1.9149259890609978
3.5318751,3.216351,2.573217319649011
4.230625,3.2245574,3.1231069743995366
4.655625,3.4965842,3.4236164613883195
5.20125,3.9039834,3.6631893378424643
5.97125,4.319618,3.743294210432172
6.17,4.79356,3.1062516455553473
8.529375,5.128177,2.769316500418633
9.058125,5.92864,2.5293547131057084
7.4462504,6.702809,2.4355540386383234
7.0812497,6.559245,3.2372139386476575
6.071875,6.0227227,3.531218786870241
2.08125,5.478729,3.8487638053768873
1.686875,3.9074135,3.776199537587762
1.6300001,2.3977218,3.061181840569824
1.643125,1.7437924,2.121561644081026
1.61375,1.6795502,1.6608599537660182
1.6425,1.7253087,1.3660902408765256
1.653125,1.7208189,1.196104101971835
2.736875,1.6838377,1.1088670706859232
3.2424998,2.0292659,1.0536156152985992
4.5025,2.5934975,1.0154337784393133
5.053125,3.3885925,0.9743782670848072
4.62875,4.1010118,0.9468764287292958
3.5712502,4.284425,0.9477828242571652
3.35,3.8214903,1.3173709330706298
3.32875,3.3070133,1.4313395558856428
3.408125,3.0910332,1.8890980023103952
3.48125,3.1088965,2.647725145035833
4.148125,3.2008238,3.1063736411707104
6.0125003,3.492366,3.461167190211266
5.881875,4.3493648,3.1444482335184514
5.8025002,4.986771,3.1230599303387105
4.686875,5.111323,3.264885016018599
4.201875,4.6759324,2.8842682643692195
4.2599998,4.1090994,4.154271923167705
1.7368749,3.8505404,4.353633489952087
1.563125,2.9430254,3.1015141491587457
1.5812501,2.0364995,2.648241034990996
1.6068751,1.6280093,1.8534403982572256
1.641875,1.6055499,1.5012552031823994
1.544375,1.6627238,1.3058594905935228
1.60125,1.6382374,1.1836637386326492
2.699375,1.5990957,1.1125849468658866
3.236875,1.9677339,1.0699474792964756
3.374375,2.5615907,1.0161151199643315
3.8968751,2.976485,0.9863438043524325
4.0275,3.293421,0.9679539620326459
3.989375,3.532655,1.0156771716523172
3.4956248,3.6292524,1.3477269106757641
3.4025,3.4610794,2.5318580152915415
3.4168751,3.2534971,3.4831435441513356
3.4781249,3.1582787,4.137078514971137
4.1562505,3.1845703,4.38023650767088
6.115,3.4738545,4.374954815146923
5.940625,4.391278,2.884316105787009
6.08,5.053308,2.021583845220059
6.376875,5.2482743,1.555646709084958
6.3856254,5.3131986,1.3456838827969135
5.509375,5.3301735,1.1851466232448817
2.109375,5.101414,1.1110344862510264
1.54,3.7152162,1.0481878071111441
1.586875,2.2847335,1.0132819113349916
1.5612501,1.6475848,0.9712482423259319
1.543125,1.5851042,0.9341719408960641
2.573125,1.6366024,0.9159866206373275
2.7256248,1.9878478,0.8968811504431069
2.790625,2.3761296,0.8691777801151575
3.1825,2.5924594,0.8767227703790367
4.2312503,2.7651498,0.8849383378489316
4.046875,3.2563834,0.8779668465808035
3.241875,3.6291406,0.8920902311299742
3.3825,3.4352338,1.061844538497627
3.25625,3.1780176,1.982734022564888
3.22875,3.0456119,2.907493279313594
3.1975,3.0203798,2.9190988099123536
3.315,3.0121882,2.920685550269037
4.3387504,3.0435226,2.8739616282634435
6.101875,3.444512,2.882323510736078
5.949375,4.4309263,2.9093814206023514
6.0125003,5.0817575,2.8969486321543156
5.54125,5.223341,3.0395930021138486
7.46,5.025525,3.8521406121158597
7.9218755,5.388453,4.267388968746066
7.7625003,6.0049934,4.505446268952489
3.075625,6.272033,4.255544231058359
2.7393749,4.9112763,3.990138384372592
1.675,3.2581067,3.7640230994033814
1.625,2.1925519,2.9583108319680393
1.666875,1.7931964,2.4122385236786306
1.5825,1.719212,2.092660842933655
1.625,1.7070242,1.912235507328063
1.7437499,1.6816103,1.8016171791329978
2.679375,1.6958961,1.7570897762216626
2.578125,2.039853,1.7458115606562792
4.9875,2.350093,2.1240300618997217
7.773125,3.3070846,2.4030880551694334
5.48,5.141478,2.583786684874147
4.80875,5.4797697,2.7272666849310694
7.71,4.839766,2.8464053702951966
1.8643749,5.1933136,2.8509606706257165
2.131875,4.107842,2.903848959313482
2.998125,2.6882324,3.172606894672364
7.6300006,2.348329,3.436593047285229
9.155,4.3013563,3.775375070487857
8.9425,6.4254518,4.186573651102185
6.9912496,7.1686316,4.421264510210157
3.92,6.476832,5.310012933771014
2.781875,4.9609213,5.731486256212592
2.723125,3.3623097,5.43587333833456
2.599375,2.6838365,5.272337019904851
1.6475,2.5435116,4.871325471851826
1.62,2.2160423,3.372635849234909
1.5775,1.8746572,2.7038479122446475
1.5749999,1.6777096,2.25749426180318
1.59,1.6117282,2.0193073910902437
1.7231249,1.5958511,1.884663302220553
2.72625,1.635249,1.818723874759823
6.015625,2.0257556,1.7685410182480512
8.978126,3.5857987,2.1040568679903444
9.15875,5.848409,2.39266341023311
8.7375,6.969673,2.9869646517960726
8.591875,7.021275,3.4429770858107505
6.985,6.713951,3.54337210170269
7.0956254,6.145915,3.261633394322842
7.75625,5.798476,3.0881600147397816
6.61875,5.9222445,2.9707611622692642
6.6018753,5.8604846,2.937398949573785
7.4418755,5.6573544,2.949656319489926
9.2375,5.7619486,3.194985913878828
9.223125,6.48806,3.951918673057556
5.313125,7.025104,4.197062084595561
2.63875,6.0428257,4.341448280841112
1.62875,4.084999,4.03669685480833
1.61625,2.4047298,3.768199655176401
1.561875,1.7422649,3.656017111958861
1.79875,1.6519946,2.676608603669256
2.7056248,1.7700131,2.2605437535087765
2.7024999,2.1522534,1.9846096054814755
2.805625,2.4843667,1.839361466358751
2.666875,2.624829,1.7728371775655447
4.0425,2.5816019,1.6943070849780737
4.82875,3.0010378,1.6684832843515278
4.796875,3.7619908,2.021437131538838
4.733125,4.2203484,2.3316959021161496
4.819375,4.279101,2.5463627358083425
4.7693753,4.2455034,2.8553449378876388
4.76,4.234633,3.0383909864918888
2.86125,4.242828,3.1331106148593126
2.37,3.586667,3.020731921828836
5.125,2.7795863,2.9617609955476225
5.058125,3.3229496,2.9300556906215847
4.965,4.2049227,2.9361156035415825
3.7681253,4.5384073,3.1812849291808902
4.6312504,4.0646634,3.9723349980992078
4.304375,3.8861647,4.218991793153286
2.7181249,3.8990946,4.445203558315039
1.725,3.376485,4.636249489330649
1.7562499,2.4459004,4.714844167832136
1.77625,1.8679633,4.460169948513507
1.761875,1.7345698,3.1980114848755297
1.7524999,1.7720938,2.543095565651804
1.796875,1.7766225,2.1458451503939924
1.86875,1.7653846,1.9142839173664152
2.2656248,1.7859935,1.7927009342317282
3.094375,1.9469432,2.086328831949979
4.638125,2.3988118,2.222461586269885
4.66375,3.3011425,2.33280462697342
4.57,3.999565,2.525503877652138
3.94875,4.163259,2.96781572564736
2.335625,3.8856792,3.0835233839990197
2.3631248,3.0567596,2.9099583083651956
2.438125,2.4313192,2.9159544327281415
2.75375,2.2555447,2.840322334023267
4.3431253,2.4337902,2.8058131233362853
4.898125,3.161801,2.7804962423990665
4.90375,3.982137,2.812450721376091
4.67875,4.345825,3.1840043151037394
4.5868754,4.3029776,3.950680377693772
2.62125,4.1495047,4.219817057610154
1.8787498,3.3918402,4.427920048781633
1.7893748,2.4609826,4.35701029669106
1.72875,1.9064448,4.978445595710277
1.709375,1.750895,5.283338951282501
1.764375,1.7447587,5.379210760461688
1.7681249,1.7600316,3.9330795200890303
1.74125,1.758615,3.32604947130546
1.7806249,1.7369028,2.5558899554826318
2.283125,1.7279361,2.183982733941823
3.8443754,1.9045192,1.9863600033548472
4.753125,2.6529605,1.8465841250702737
4.7737503,3.6256003,1.7857005387736855
4.6493754,4.183031,1.778855229244977
4.898125,4.234913,2.0781914054624737
5.11625,4.232632,2.1397310172004995
5.0575,4.3535204,3.0633877286083995
2.491875,4.4539285,4.422780285797119
2.4356248,3.5881367,4.202136464309096
4.355625,2.714937,4.068186075997352
4.733125,3.0154588,4.926104692577719
4.9231253,3.8398685,3.1630374150790272
4.45125,4.347174,2.7982202916546166
4.363125,4.2698193,2.7495181270234283
2.4675,4.0362105,4.314240866544247
1.8668749,3.2479236,5.391415106139779
1.7725,2.376288,5.806784661028385
1.7993749,1.8742214,5.39308716369152
1.7399999,1.7667066,4.283493984687924
1.7418749,1.7780263,3.422190388459712
1.77125,1.772399,2.994331432778686
1.7675,1.7540008,2.7090183734722433
1.81125,1.7392508,2.2309653982819615
2.2593749,1.7461061,2.024552604533136
3.1431248,1.911179,1.8688871960259972
4.770625,2.4036694,1.7710407323275505
4.8181252,3.3698874,1.7092535412524639
5.1093755,4.118919,1.7110619468449055
5.16125,4.4233775,2.0430618510581553
5.1443753,4.4922614,3.333240435077697
5.080625,4.502847,4.957605874121189
5.0975003,4.489677,5.637837478246689
4.843125,4.493462,5.820717676602602
5.006875,4.4359016,5.8223841526556015
4.991875,4.4260645,5.311336546329856
4.7718754,4.4499583,5.1951058218103645
4.2937503,4.387817,5.3111013260257245
4.4187503,4.1481633,5.029874322476983
2.905625,3.997888,4.985601874454617
1.734375,3.4450462,5.196178266925812
1.6062499,2.528186,5.7918748831743
1.653125,1.8589582,5.972035296928882
1.6231251,1.6465931,4.916797942103743
1.64625,1.6508155,3.697452563906312
1.635,1.673074,2.782314216275066
1.6493751,1.6590145,2.3106843501015004
2.646875,1.6395546,2.021749695468396
3.085,1.9762257,1.9608274373590946
4.66125,2.4978602,2.231293510672301
5.9662504,3.3707001,2.310269325802177
5.940625,4.460831,2.4058405314062536
4.671875,5.0539227,2.3866397770549357
5.3175,4.7551427,2.863427745423168
5.224375,4.5094485,3.305379586749524
5.303125,4.5019946,3.5338500648486613
5.17625,4.6155987,3.668534818923473
3.8300002,4.631158,3.7703979683238265
5.2612505,4.1624794,3.7955888668608666
6.098125,4.1928396,3.8142589801532027
6.26125,4.7751164,3.153663287941664
5.67125,5.253803,2.7445218882922826
3.9356253,5.18681,3.4973026104246077
3.305625,4.42233,3.6840864691329003
3.160625,3.5449398,3.852824744390249
3.045625,3.0836217,3.5148923050318657
3.0081248,2.933214,3.702926419458389
2.959375,2.9001882,3.5967288376063107
2.9775,2.8643148,3.0134349095804986
2.9737499,2.8337731,2.432009388258606
2.960625,2.8138385,2.1471998598743975
2.9512498,2.7953844,1.9711743399915098
2.9399998,2.7781887,1.8740062277294693
2.936875,2.7682483,1.8180939627589283
4.13875,2.7653341,1.7965174833358823
5.855,3.18953,1.7988441709543763
5.94,4.2271457,1.9290701048912107
6.0025,4.980557,2.2644360515244304
5.989375,5.1973896,2.9530749874694644
6.17875,5.1514397,3.2620551961563526
6.115,5.1718345,3.45130228986308
6.5037503,5.2211394,3.33762231026873
7.5825005,5.348941,2.7295375575621423
8.414375,5.7956257,2.50166928330943
7.040625,6.362199,2.3620939403010905
5.28,6.229174,2.40494828896448
3.3425,5.435016,2.9816251508922873
3.179375,4.119352,3.4045799625714124
3.03875,3.2344658,3.652788613615036
3.04,2.9429667,3.720482625073194
3.034375,2.9273844,3.723808400966525
3.0168748,2.9381735,3.015893161097914
3.0625,2.9118185,2.4880229175634683
3.003125,2.8900268,2.1658173476071654
3.0256248,2.8581548,1.9603247037938236
3.029375,2.8361485,1.8505948305949567
3.0124998,2.8308046,1.811865807519704
3.0737498,2.832734,1.7820251218520105
6.50125,2.8573549,1.749636880687028
7.19875,4.0946064,1.7394717754422127
7.543125,5.4686184,1.9005667861899733
7.14125,6.092321,2.50939128681913
4.750625,6.0473313,3.075945702099651
1.8918749,5.1960196,3.388214609581083
1.7612499,3.3865824,3.5464817938590047
1.77625,2.1474056,3.731234983721375
1.8618749,1.7428589,3.8784318632620574
1.8868749,1.8119662,3.931757502244115
2.3587499,1.9065299,3.06669077982828
2.695,2.0908566,2.7518033520798384
1.89875,2.347112,3.2038034858559072
1.8712499,2.2144632,3.4614972959940133
1.8968749,1.9493779,3.7171448888254166
1.6850001,1.8176221,3.6852354605168105
1.53125,1.7379743,3.6577784734904766
1.524375,1.633932,2.9480061892546714
1.546875,1.5518305,2.4612528535608944
1.518125,1.5261078,2.1467282232306895
1.52125,1.5212818,1.9771626901240646
1.586875,1.5162724,1.8658141822899876
2.3831248,1.5324098,1.8123250851304828
4.90875,1.8305438,1.7852811290110646
6.2025003,3.0374763,1.7587415011708436
4.094375,4.568822,1.752868568458706
4.281875,4.574916,1.8982295335917174
4.506875,4.0378513,2.25826450862959
4.06125,3.850243,2.9923587716518343
3.765625,3.8151107,3.332737701512426
3.8243752,3.6569278,3.679770375891328
4.610625,3.5398064,3.8668103855240346
6.39125,3.808562,3.9531290609276293
6.46,4.689671,3.979305492671132
6.26375,5.373505,4.006096686633229
5.993125,5.491706,3.937335811558366
5.773125,5.300965,3.9804792021209
5.686875,5.099231,3.987473617401719
3.484375,4.9585104,3.9265874396950005
2.940625,4.2103496,3.7437359461897612
2.9712498,3.2953935,3.7173522016358373
2.9343748,2.8626044,3.14717001151219
2.940625,2.791299,2.5079743834955988
2.9424999,2.8247104,2.1485023424737153
2.61625,2.8256621,1.9443518497686088
2.6924999,2.6852486,1.8166001144884525
3.153125,2.5785468,1.7580462058989703
3.2099998,2.7099628,1.712589284107834
3.3162498,2.900763,1.6848611957140265
3.414375,3.0330374,2.0081455896414817
3.528125,3.1132834,2.2715440901724993
3.6393752,3.1934876,2.9771172933010757
3.8206253,3.2855105,3.7375014120948316
3.788125,3.4095862,4.108264426393509
3.7487502,3.4799767,3.8973985933446884
4.8925004,3.4833333,4.075674852595329
6.215,3.8760335,4.060099281677007
5.826875,4.6939034,4.109880668957829
6.081875,5.1288033,4.096938768088817
5.7250004,5.2153964,3.64434300866127
5.7562504,5.0978546,3.9877542870527503
5.18125,5.00958,4.330251794364452
2.95375,4.779061,4.549230734513402
2.936875,3.8644056,4.467237720634937
2.9887497,3.0562556,3.868704905668497
2.9968748,2.7863567,3.4189391654424366
2.713125,2.822304,3.1373366067640482
2.66,2.7715976,2.9361140088276563
2.66375,2.643339,2.8250928160269555
2.7281249,2.5571883,2.747411509926766
3.1525,2.557913,2.7092767171283065
4.2943754,2.7318187,2.6774274892704186
5.0156255,3.2940562,2.6480648191021383
4.690625,4.0237756,2.6227953809042273
3.65875,4.2975745,2.6007727802602947
3.5512502,3.8963494,2.5866802932934463
3.5375001,3.434365,3.0042365996535123
3.5750003,3.2586336,3.7628366322422027
3.4793751,3.2740936,4.130373540267944
3.599375,3.292464,4.37100470875144
6.435625,3.327385,4.476779691413045
6.2325,4.332664,4.57748667321682
6.20375,5.192568,4.59335726621151
6.07,5.430988,4.742591392793059
5.594375,5.296219,5.141592803941965
4.850625,5.0552893,5.542537374010086
2.92125,4.6435757,5.286554691914916
2.9775,3.7105603,4.6903732826328275
