y_true,y_st,y_lt
20.05250016843557,2.170900951196104,7.714034264999627
19.602500603280067,13.395492068075537,8.15435152455151
12.810000026241541,11.256058150880337,8.81390447319448
6.402500069435835,6.807878741576075,9.486837869036197
6.097499868030548,3.0048855031526087,8.81768474255681
6.214999984835386,2.4073986211825904,7.639879270069002
6.142499904281795,2.0528027169992775,6.757498539215922
6.257499908328652,2.800693149206936,5.06275937130034
7.375000077657401,3.347705541355908,2.520810290158838
10.772500223216413,1.5130399940289556,1.8219682748436181
12.41250003825426,6.9016247970914835,2.364463839135542
12.432500142961144,9.35184374045968,3.2613467987649143
12.309999800640345,5.829632979077995,3.938984999367744
12.512499764431714,3.39605009138912,5.398445855432749
12.722499667818546,4.468025164906383,7.232165538062155
8.997499900746345,2.620285554793775,8.596249145604371
9.88750017473936,4.092322524220943,8.433110708299278
8.89499966313243,3.459515918210894,8.640786316138506
8.259999727455973,4.697428749991656,9.194723753512502
9.577499747818111,10.686380089696645,9.62497996290326
17.892500023089646,5.064569770285189,9.68151815308988
18.57250039369583,12.258681109134555,9.540180252514482
18.120000317103862,11.382731859546304,9.074672094425559
18.179999833867548,15.165475420533419,8.114732451766132
17.204999712888,11.960246344963908,7.969855083631277
20.01500047045827,5.689619887096882,8.54940442401886
14.53249997418642,7.326702571685016,11.29650488019347
2.4075000848561525,8.71085007249117,9.847070189922452
2.225000026432425,0.735,8.282173427244425
2.214999974078983,0.735,8.139762284196614
2.0900000173483044,0.735,7.369443296981156
2.3050000465814766,1.2999174414351582,6.255644458675385
3.3274999178917706,3.97294483110711,2.6936589405612645
6.884999904409646,0.735,2.1779797866453974
8.474999856358766,6.400374315772057,1.9857898477268963
10.460000082215666,6.534360186468661,2.640832247698903
11.34500013069272,4.061300554212332,2.629248445077389
10.69000009030938,2.1881984144763647,5.333862333487868
10.395000339936017,3.4987793697907033,7.422528931517302
10.660000331927538,5.869085005579591,7.95240971063435
8.977499796039462,7.653290814189314,7.4717884486657375
8.879999783941507,2.9890549773453174,5.088626827220619
8.29999993686974,8.999670306400061,5.22104868223399
9.117499731630682,3.0749119830672442,6.948393371087014
14.779999575550555,1.3113708263583852,7.679664193102717
17.58250039352536,17.531259045644997,7.885812862357497
18.470000156081916,13.054473657930492,7.2283194867503635
16.852499362473488,4.266834859926999,6.050028822550476
15.992500441576242,8.088779279972314,5.734447295565605
13.932500022407769,11.488294745255708,5.648985380218924
5.667500008903444,5.443264891653359,10.60692984717369
2.320000025442019,1.0674609260423853,14.163267885257005
6.157500182151199,0.735,13.01350705187738
5.947499880085886,0.735,9.635819233460426
4.737499924175143,0.735,6.939659521591067
2.1450000062833725,0.735,6.422506552998424
2.2924999811396747,0.735,3.5995778483060006
1.969999987124726,0.735,3.2056452353718874
4.4349998355278375,0.735,3.188923663158268
6.344999868073166,6.563312616479397,3.697845715159476
6.190000053291023,0.735,3.727020408423692
7.767500238807201,0.735,2.528506977584958
30.162498478813173,0.735,2.6681835849276183
30.507498889632227,10.640426813195944,3.977593820880801
30.06500085878611,5.4833205173760655,2.6532554678633806
22.22499968153596,9.182016275590657,1.8496632729234546
4.102499988498688,4.441997440236509,1.4363151176060736
8.012500126091837,0.735,0.9931384861494972
29.834998458621506,0.735,0.735
34.40000102866888,18.025421023561954,0.735
35.30749850386143,23.836057830882073,0.735
28.72999885308266,9.697344891451596,0.735
9.487499675315618,15.52480274126649,4.350363583316505
7.895000009286999,3.0664528230451045,4.388448541304768
6.517500073482693,0.735,3.5958978465817872
3.4375000951011483,0.8296997567368578,3.228037012289762
3.670000016613603,1.3823604138148946,3.0596461853291093
3.5550000125667456,0.735,3.8533201566739383
3.5449999602133038,0.735,8.016365712649225
3.537500020617843,0.735,7.7725371427434675
3.619999954185635,0.735,6.781869356116354
3.4725000789989533,0.735,5.089638673206866
5.5825001619169115,0.735,0.735
7.600000258913636,5.085653084426522,0.735
24.76749993567824,0.735,0.735
29.809999723112586,12.718449891802669,0.735
30.982500379724506,19.328399578911064,0.735
28.292498655681612,19.837165946965218,0.735
27.210000463643077,22.752274299418925,0.735
20.7625002974236,10.095492333292961,0.735
2.939999982257932,1.5553123219440503,0.735
2.2200000002557037,0.735,2.2852979540395735
4.775000020830929,10.850061527093649,0.735
6.939999993014335,14.77649598905444,0.735
7.17000000110805,3.2998972138804197,0.735
7.124999964856803,0.735,0.735
4.9900001497337225,6.025502122363746,0.735
2.375000014377087,4.809437469391227,1.5126184912043064
2.439999955995977,0.9426846030224671,0.735
2.352499996251464,0.735,1.4096209520194305
2.320000025442019,0.7350198343472296,1.6269566889717428
2.352499996251464,0.735,3.3263951798193157
2.367499975112006,1.3269526764627917,6.578187310627103
2.2724999761024116,3.3107157531565425,9.02491941199541
4.549999839574695,3.606633859412223,4.7566843327087165
7.162500061512589,4.266312989794612,3.293301277741939
8.63499989665687,3.3480372418525817,5.059326350895464
17.92749920963049,10.1738629544878,8.608575486897825
19.12999962462425,12.483490323398113,4.154428658081294
18.7750003574872,11.782817676165104,2.765952505661398
18.467499644645454,12.823704997724294,1.4481113660234584
17.157499563878773,12.502526423536539,1.0571514742698334
10.507500231224894,10.753930576901436,1.506035312777236
9.709999743813873,1.5665555534726752,3.775906363834888
8.380000355697273,3.680978425960839,9.161194095854759
8.599999912759065,8.113013350153565,8.992923869134783
14.160000316421986,8.351100152567625,5.7561820503458385
17.569999431056974,11.752669609388112,3.607429023643732
18.737500659509898,12.952854499760866,2.251158218635395
17.90749990228057,13.259401573674678,2.2445026800639183
23.56499952068448,12.001516744019984,3.6020546383728087
26.33500006884098,12.352872887192367,5.021853763054907
12.594999897338747,9.806062918664216,6.792493738971948
2.6275000405964253,4.662358997359574,7.2591632474777095
2.4124999116936325,0.735,6.371435839508176
2.3225000385303796,0.735,6.543669329013527
2.3775000274654476,0.735,7.1623661055427785
2.26000001033023,0.8663595263643934,7.001573891101777
4.437499948285819,0.735,5.101989333887697
6.9924999688610425,1.0589161747337317,5.17391930421263
8.752500013461708,4.727360334353149,5.413444139909744
15.242500103174448,4.898776931649745,5.737775463529825
16.789999334273336,9.44632256702423,5.449203207636476
16.935000292737485,10.678046114717722,5.031782850638629
16.617500723577738,10.489512655493021,4.4022998277902605
16.420000187945366,10.879057413058877,5.2545544191828375
9.365000130351781,6.037676168477238,6.926541006154715
9.512500005538463,6.160036175972522,8.295826570524573
9.532500110245346,6.806203494596481,8.456839254165887
9.127500182662606,10.703103854641913,10.00843769741237
13.922500368732809,10.385105937380194,6.314719440040291
17.109999414869545,14.416777963409423,4.959915871513784
18.04250040971279,13.155512340230942,3.406906305781752
16.56250063497305,13.834626847251057,4.357591624187529
15.360000219979286,11.830659891311527,5.135577995960713
15.322500522001981,8.01804335169971,7.9722112734574075
7.744999622663855,5.754791858480573,10.597269070208073
2.352499996251464,3.1118730664159355,11.44052429223597
2.375000014377087,0.8503300226186866,11.437950423958897
2.26000001033023,2.2337109519156813,9.960799605648518
2.4075000848561525,2.0923042793022093,6.674253674905301
2.2625000234185904,1.4944380049221588,5.32330253654629
3.5799999441111092,1.6085121280303596,4.996126641960144
6.90500000911653,3.1558688315720853,4.844332600848377
8.68999998526156,6.478221870799064,4.593571410826445
12.61749971612513,5.32859260131836,4.269952525652945
17.04500046994686,7.398274927411973,3.1286372972270846
17.192500345133542,10.474094961253405,4.089458816687763
17.092500618956088,10.024476532726288,4.729000497626364
16.667499789309502,5.660606857956946,5.473889379215837
17.05749983770132,11.239356711930036,5.148664218440056
17.590000333120823,11.810026685175895,5.2467335434097055
10.567499747988581,8.622965388011933,5.266384804445208
9.392500174654126,10.730231533242463,5.2671287384918335
15.677499789139032,6.688185095765591,5.028453486638964
17.679999608266353,12.681649475882052,4.998481635750831
18.364999407031537,13.684142464951277,5.0009813498303295
15.620000783811808,10.794071121140718,4.741068096585274
15.777499515316485,7.284563053539097,5.608655065022409
15.909999511312245,6.781846631442904,6.700457615464031
9.327499635017514,3.5960706737035517,7.106110179721116
2.587500030521899,3.92283054729417,7.7094885329526655
2.4024999590098113,0.735,7.435609173819422
2.3249999519491196,0.735,6.742548893513679
2.479999966070503,1.5317607394884525,6.420517944732309
2.492499931842685,1.2961036830803752,5.922513503609896
3.5049999501387776,2.5048406255614757,3.809985799118728
7.122499852098822,1.8070854077870397,3.624423491277993
8.49250024698615,8.179450727037787,3.3096773950512706
15.092499716551304,7.525557418119311,2.7472574749639627
16.875000775973795,10.217700045608282,1.3769204459337516
17.020000139724015,8.008864975696802,1.682794002387747
17.675000180107354,14.755297456831931,2.5750455140966175
18.737500659509898,12.195323124842048,2.989606349685341
17.060000349137784,13.25955865299642,1.9008123267353325
16.12749935429454,12.805632104797363,1.1610795539481191
8.50000018658161,9.465534883051514,0.9773719233210942
8.610000363790988,9.567748869515658,0.735
14.925000534014702,10.862902960985302,0.735
17.215000163919925,13.191479518125057,1.377120034348592
17.872500715739726,13.97087521833062,1.2396334177400543
15.867500385175942,16.803555997360945,1.6001896150577812
15.52999991395235,12.985888998744487,0.735
15.349999768947363,9.105669346368312,2.7743135907770693
8.37249961874485,8.914412115757465,5.940802081595361
2.3225000385303796,3.631537111424804,8.613082148453593
2.3274999650374797,1.5712266200672833,9.371119047687053
2.067499999222681,1.508661706944257,11.76922353730023
2.269999963014051,1.6266547896915673,13.755843992506264
2.3025000334931165,1.679027487433031,12.493572104840277
5.257499855804742,1.733770827095583,4.491593043344915
10.802499981598258,2.2664643825697897,2.724361369766891
12.47749978053391,9.786246206058859,0.9681281640472076
20.270000011417864,9.317636329383253,0.735
21.392500007584093,14.244910859428643,0.735
21.797499935166837,10.721540342344046,0.735
21.014999326946736,10.215213886597155,0.735
20.600000543045997,12.599001831936835,0.735
21.87000041439891,13.172760766057968,1.2406192997901886
18.987500772310494,9.850533111213446,1.3118200871723145
12.309999800640345,13.04073121067047,1.112201322932504
16.53499979331374,4.415079865195751,0.735
20.759999785987137,7.839621176124811,1.9616819592850654
20.862500023601054,11.948108977270723,1.9225103034256397
21.999999898958205,11.988727138330935,1.7270570814657955
20.460000607454777,20.757834164475202,0.735
19.72249963680744,10.686549926729798,0.735
18.029999447244407,1.340695921079777,5.42062713011235
9.917499933121205,5.053842129702867,5.594397923842669
6.420000061384738,4.21525144590944,8.440461542142629
6.327499876124263,3.2185426835902033,8.950821826766132
6.30500005733788,5.052003025867343,10.670206501055956
6.257499908328652,5.987006525539458,12.912724321162104
6.337499928477705,6.210759241826833,9.95361621676743
6.23500008954227,6.126784397216439,5.035751694922745
6.312499996933341,4.93744595361352,3.1948201179008184
7.784999832077622,4.424620241259933,1.8558085030385105
10.079999687498807,3.2070101111535725,0.735
9.659999880725145,4.61767032900244,0.735
9.76499983241856,4.119399570654333,0.735
9.464999856529236,9.815645554647444,0.735
9.665000106241106,6.910625761170088,0.735
8.452500037572383,5.748366357392967,2.293700302378088
10.02000017073512,4.417330006545782,2.6895732834820447
11.934999631439448,5.533746169083119,2.9483722303710875
10.660000331927538,4.019867095657289,3.115884369958341
16.73499924566865,17.57892504490256,3.7596205472016337
18.68250057090521,16.678299192018507,0.735
12.644999760427474,9.648356076992153,0.735
10.427499812397361,8.8643979002434,0.735
10.322499860703944,10.364119502109885,0.735
10.177499699596762,0.735,6.739984194841682
8.980000307475924,6.018270094707907,10.049091739535926
6.162500008988679,5.435705150285662,13.700510608690976
6.015000133801997,3.5733990244916085,15.130627731815576
6.187499940533042,4.082944410298765,16.394459249701498
6.284999952630997,4.256641847188473,15.320098882828951
6.23500008954227,3.5739601644544305,12.803456117644906
6.1774998881796,3.0239947607924043,7.354098162225187
6.0775001620021465,2.6215120891423522,5.445524999965429
8.194999985176324,1.9145358367674796,3.694583528483957
10.052499643196462,9.299073859280943,1.3110485944756491
26.66250008903265,12.120064587874412,0.735
30.337499195659163,18.810128715856074,0.735
30.894998426587584,18.24697781877279,0.735
29.520000995612147,17.925089596887826,0.735
27.490000334825517,11.146484559646249,0.735
15.892500715398787,13.383155361141561,0.735
7.159999948754608,7.38309564290434,0.735
7.172500113866031,6.390852677596509,0.735
9.442500037742853,9.420985752162933,0.735
11.612499836763739,12.257654113366007,0.735
11.720000299893616,12.485145636453629,0.735
11.750000058275461,10.876247527120709,1.16631948490113
10.160000106326342,8.173815008022189,2.6317206503416597
6.759999848009348,6.737182282473146,5.199917127996385
6.272500186198056,3.274133613704592,14.423209444674253
6.180000000937581,2.624857798959762,13.617601431661845
6.329999988882244,2.515607934652716,13.154864886376858
6.204999932481945,3.7385499907717112,14.892699603437185
6.299999831821919,4.156016594473422,17.4393285719347
6.075000049244165,5.499016887874306,15.161751763515472
8.542500110074878,5.639456167152226,11.504048126776814
10.69000009030938,6.889582713555395,10.380238073120116
12.464999615422487,9.03282281421423,9.17638853014469
15.972499539512395,10.411020038682818,7.32050950015217
17.355000099511145,10.666179848392009,4.4605032979944355
17.4599992538476,11.688819655849336,0.7767890143524226
13.707500239830017,12.371805330925584,0.735
12.769999816827774,10.79277382136166,0.735
13.444999961917995,8.261280282738804,0.735
12.259999937551617,6.61059189760983,0.735
12.182500030160545,5.550491063987911,3.4649586768414085
13.509999704197645,11.597471252722144,3.4299517160701756
20.21750043424964,10.798829747496843,3.982231647657007
21.10249968536973,14.780726765100955,4.845026700084806
21.747499274721147,14.545463403693438,3.440641083518267
28.57499903830052,13.640605180048942,7.085350592506825
24.317500370522737,19.146107829993962,12.923469503597616
21.03500022901058,10.547332995676397,7.966251030157804
12.850000235655306,7.634519436562657,9.894970612127185
6.2924998922264574,4.815405686260462,12.151847236425876
6.542500005027056,2.504618760986477,12.818146622334122
6.0524998317793015,3.112707699817121,13.626263120352625
6.274999900277555,3.5331129626065496,13.881141463053822
6.140000190202296,5.0922950679296255,12.829512945843934
8.197499699255824,6.024343164017797,10.158443665534257
10.839999679575563,6.273313091621995,8.367229089218377
12.247499772440195,7.782034461531638,4.892360998845697
15.352500280383826,9.452031642880439,0.735
18.675000631309747,6.154625311620534,0.735
14.80249939433694,9.985136534878015,0.735
12.817499965837001,8.300914505306482,0.735
12.705000074548124,7.7334132286322115,0.735
13.107500288051366,6.8782135992962115,0.735
12.859999889330266,7.843982718713283,3.4645629884484412
14.99999992996931,6.977519624915718,10.671377021077872
16.24749998253584,7.203171246810853,12.98852107407987
23.42000015693426,8.125095700216292,13.70211249882996
26.85750011322856,14.44404119269371,17.20482748378396
28.67750087062836,17.87588469869137,10.933271307697892
26.7250001172328,20.39033074544191,5.142843512609005
23.887500112717152,16.205643526111842,5.358963529366553
23.375000519361496,10.50848416971743,8.846083408156632
16.917499902110098,1.0491196228277309,10.756526771173476
8.410000114079118,6.753723452673852,11.331727326683998
8.052500335505604,2.5838587006103992,11.323873360596895
8.347500085878968,3.5905559536071125,9.908154909512996
8.215000089883208,4.460937857539356,6.989496325180828
8.267499667051434,5.237943480247855,4.268881675251425
9.225000194760561,6.361842439205945,4.008941511208862
12.585000243663787,5.114587175227106,3.085255696271807
14.332500521831513,8.434307541100978,0.735
17.039999447073935,10.314826894647478,0.735
17.49000060694337,7.886066421871781,0.735
17.422499555870296,9.204809521739483,0.735
17.237499982706307,10.996299983564615,0.735
17.002499749096632,12.070776764553784,1.022002235115487
16.284999680513142,9.223842432450056,5.055876984672845
13.09249961150348,10.725791052314639,9.048789090044497
12.54749974832952,5.345705476461649,10.763812221745848
13.930000308328271,9.038823722718954,11.757019988979101
22.334999858745334,9.676340914328097,10.147238408131003
23.507500515357254,16.089675929390193,9.73308960675299
23.81499963348508,15.829686528555154,10.390464973529577
21.77249960494399,13.084341852413415,9.246392484725117
19.997500079830886,13.524377644957303,9.81578828154385
19.065000679701566,8.539091409057379,10.802889889153242
12.102499611333013,6.859660298798977,11.444915337032079
6.5000000815337895,5.018431905647517,11.189034716628193
6.422500174142718,3.5822759995624427,10.330241399459242
6.130000137848854,4.713648585336209,9.333756495107412
6.309999884175361,5.2748017045483,7.52445626815319
6.249999968733191,5.7720418790215255,4.641126976144612
7.360000198466479,6.375640302774906,2.5594211050643025
10.684999864793419,4.7669973476701974,1.4656168896362929
12.497499885240792,6.2619567350742225,0.8743168996826558
12.199999623430967,8.889622287772893,0.735
11.712500360298156,9.271671889885068,1.23727892229747
11.659999985772966,9.514424825247525,2.40181283664681
11.720000299893616,6.661089311443567,3.4988319953502716
11.829999679746031,10.623741321384907,3.7248079421901705
11.855000009968876,9.21328064211607,4.331756461224258
8.792500222875475,8.469998036128878,5.529583168378473
7.812499876379966,4.417048140859306,6.653884792602956
8.02500029120326,9.187956584966182,7.483932195214629
17.03500001891494,7.907284888018369,8.42114158292532
21.53500045461178,13.350417478948234,8.894921522150039
21.792500507007837,16.40288571808815,8.834843864403963
21.660000511012075,15.29253425261259,8.89083108092904
18.894999391014576,18.09828031342745,9.365118936539291
12.35249972413361,12.150651998338104,11.99140227094233
9.472499796124696,2.190652180860862,12.100383425952792
5.972499811630249,6.15005884829253,11.037440413435696
6.319999936528802,4.442569543857575,10.405322923181057
6.245000141895711,6.065133155503571,9.461318459430336
6.130000137848854,6.442308115821481,8.578405094125866
6.232499976784289,6.339444682110846,5.826759304582775
7.299999884345829,7.575326047688722,4.4131211578157545
10.844999905091523,7.370406504192649,3.2497404708091913
12.237500118765235,8.113028499935865,2.894299866593033
12.28999969593346,9.626527632768749,2.2500707234072683
12.009999824751018,9.306688618279098,3.5764772210478784
12.042500094569325,9.129310980325936,5.404325565679073
12.21000007446289,10.775221602531671,6.34035207433492
12.009999824751018,9.58643811937511,6.4207499756085875
11.982499780448675,10.4347469898355,5.078119655838609
12.562499627520442,7.55815177605927,4.8271204547631745
11.904999873057603,5.790579232379496,5.763853023009896
12.355000235570072,10.754140281782746,6.106655918038488
19.05249971723318,10.864866053828596,6.547978644720912
21.872499331121443,15.073485942407846,6.530757329030633
22.787499935337305,15.804222136579751,5.953893486894965
20.652500120214224,17.308554056407214,5.708411996004582
19.585000212652684,16.047591428874732,5.258111029917002
14.300000252013206,12.1103950399822,8.14253150492966
9.42000021895647,8.722374272679685,12.063412375642061
6.2900001781469586,9.966975135328173,12.69497410809338
5.917500121704042,6.45191865929842,11.231702882440686
6.034999839830399,4.989146579104662,9.375015731166005
5.910000182108582,3.28911734641701,9.187005338109135
5.947499880085886,3.1627811190856994,7.737289978187084
5.877499912290276,2.899255838797539,7.392438274441659
5.964999872034788,1.6665185513950138,7.44734547096014
7.714999864282012,0.735,8.00004461297035
12.885000219553113,0.735,8.815965640944242
21.9625002009809,3.9441341312965754,8.847573668320775
35.04749953474283,24.448530040278435,9.154928464838266
33.947500952076915,22.784937230057714,9.890758175290822
34.477500936059954,20.584249553595782,8.884185907998084
41.222499769375325,16.205978416036366,7.841729387935399
38.887500501897335,10.585811050647497,7.228185929459035
35.1975015160799,16.065846119189263,6.379846360755563
34.92249947834254,25.05495987860799,5.568410067020953
27.159999803197387,19.43838859312296,4.734860672627091
12.294999921449422,16.65723461576581,3.244226548069715
13.292499861215353,8.281605709086657,2.1910997971260544
12.437500368477105,2.526023808662444,4.10209652587533
12.125000227476358,10.906288748064636,5.135361513545216
10.717500134611726,10.651844167551397,5.656771172285676
8.682500045666098,6.618188716076315,6.160727085781097
6.002499968690574,5.031562381438315,6.648104751977026
5.884999851885736,0.735,7.313015939412415
5.995000029095113,0.735,10.649365982109904
5.83750010155499,0.735,12.011490084915161
6.095000153951049,0.9695622105454466,12.030913700537681
6.072499936486185,0.735,11.753902323253154
6.085000101597608,0.735,8.790167156401276
7.869999679064154,0.735,8.43906297802925
9.720000194845795,9.89385590709269,8.366268274077772
16.40999973691344,6.614677156010568,8.339078401634097
20.507500756464005,12.039820177816152,8.347299151924252
22.327499919149876,13.98876790858388,8.425630702627897
21.117499564560653,17.01685536386132,8.544818026766777
19.074999536019565,15.601254921607971,9.03864352004528
13.33250007062912,4.472904192163944,9.01389674933672
5.632500025005639,9.360825169292688,9.794201436480284
5.4174998961028455,7.168720641860664,8.020539876351355
9.83499980021417,8.860809793909192,6.601988017298877
20.889999270546436,12.35092175470352,5.520991647100449
34.27250046083212,20.29949265077114,4.955194720934927
26.452500185645818,26.037959084641933,4.146678747077883
8.294999711353778,16.288211434360743,3.811199177077413
5.954999819681347,3.3052446883538362,2.6282924140785635
5.7950001780617235,2.2983208863099662,2.8153300316403804
5.832499876039028,0.9112246473257335,3.311071972379833
5.910000182108582,1.386449708835259,4.792112098617256
6.0125000210440165,3.1542408279925582,7.783523924338817
5.915000008946062,3.6323394518689813,11.131947147493959
5.845000041150451,2.72520457475543,9.845678802021741
8.224999743558168,3.6041279658162595,8.758562318452595
10.352499619085789,3.15251156007871,9.381419304937124
11.802499635443686,10.206314585531354,12.464262060231565
19.135000647497176,7.065613615597784,10.466756885121464
20.314999648990632,13.049517287047506,8.960028907619714
19.91749966100335,13.536364312184453,7.756917717192173
19.797500627475976,13.541725740404724,6.813327879062294
19.63250036166191,9.723055666728616,6.441346902002395
20.314999648990632,13.566929396653174,6.471841819058359
14.24750067484498,12.765789772062302,8.945639006505608
12.66750037657082,6.213022539566755,9.170260044525861
12.977500006135106,9.257197468932867,6.8882455459281795
20.30250028123617,10.438881285689472,5.149908892659545
20.880000414228437,14.987224676705598,3.8088009266714753
24.3674994362545,13.635714192436932,3.031010306032747
23.725000358339546,20.572136106611488,3.085744675429463
24.95249950884223,19.199152799324988,3.807132257886827
21.26499943974733,9.001307280245422,5.232111212740839
12.452500247668027,4.927702251523733,6.463800075406432
6.159999896230698,3.9561680419237915,6.603685988951922
5.7600001941639185,0.735,7.151060381162166
6.0075001942065365,1.7923452676268665,8.061628478019832
5.814999884090126,1.6421036805223672,8.67453365224719
5.824999936443567,2.5140756139087674,7.729754157528281
7.822500327411889,3.160276820203662,7.799081953403949
10.364999784197211,2.636570972748548,7.8923639471668
12.127499941555858,8.295559455941914,8.06551160643041
17.18999983369708,7.233378318003117,7.688366546998619
19.697499306584596,10.870564764044284,7.198797743867933
19.619999399193524,12.472534638724326,6.380019387216568
19.50499979382515,14.242759590342045,6.294437070968449
19.372499797829388,8.786699450968504,7.021985830680132
19.557499370993376,12.949159547593593,7.8520312398993966
20.339999979213477,11.867877324923873,7.628118254862427
22.182500555399656,9.408960811801553,8.728703692253232
15.202499893760681,14.971582127802371,5.994542346198261
16.19500040536761,10.184202282229066,4.001618784198463
20.277499951013326,11.913651993464827,2.0349579678334293
21.77249960494399,14.123101825594901,1.8037939182431248
29.110000045156482,15.123595043400526,1.9321841371115296
30.272498656022552,21.87514017738342,3.916516676181406
25.632499879448414,15.751633255431651,6.62202320571214
19.04000034947872,11.777698644461632,8.696894730921983
8.587499747647643,9.120681983270645,10.455404116680025
5.722500097508132,1.4586306472643464,11.020960639721155
6.027499900234938,0.735,9.385773671312927
5.957499932439328,0.735,8.896815244937539
5.942500053248406,1.336561226547323,9.04804754806876
6.0174998478814965,1.980184727284759,9.457472806797027
7.747500134100317,0.735,9.212401157385706
12.002499885155558,2.8278467419087887,8.853285136247873
11.877499828755258,7.410621601307987,7.673133839574455
11.922500263684988,4.7376693625298145,7.424726845986246
11.669999639447926,5.113198179397285,7.110083808147013
11.757499997870921,5.300066757282913,7.164138231393396
12.027500215378403,6.753123840237557,6.541850557780564
13.01499970411241,8.631804089948535,5.793434168986082
11.470000187093019,3.7333057740250233,5.1798759594059
12.055000259680748,4.688924539301097,4.8644279897123575
13.39250038474977,11.240299985217451,4.248483689419926
17.59750027271628,9.868481616454124,3.8689860282683375
21.029999206137656,13.659620548906325,3.7884210807108882
21.77999954453945,13.422879685046077,3.5918695992039145
19.532500635484457,15.742530628340244,4.209589015435577
15.025000260192156,15.151035285930632,5.458924982409775
10.932500263514518,7.30450255911678,6.544716258706153
10.907499933291673,3.0541906689871845,7.889091594190001
9.720000194845795,6.610708311726452,8.837533349440694
6.104999807626009,5.496266803708375,9.270168074652553
5.967499984792769,2.5568661740151044,9.625055711814761
6.114999859979451,3.026871624715477,10.044415240947007
6.159999896230698,2.4614460675555465,9.070626305194496
6.069999823728204,3.7051445214609804,9.160686179469227
8.36000025099039,1.5120010877407712,9.463722490674257
12.944999736316799,7.197574598286449,9.793772458434104
12.705000074548124,8.03852027587056,9.386792693511843
17.52750030492067,6.835625567858517,9.650886090636252
20.564999761791228,11.122237731753588,10.504837058967947
20.490000365836618,14.157506183841228,11.185038363528847
13.767499756593704,11.926431233513355,10.44373400016725
14.537499402345418,7.14818271988213,9.184639579999446
14.304999680172205,1.6396374554353206,8.235520868687033
13.100000348455906,6.339831400237978,6.930969526728093
13.107500288051366,11.516366494500636,5.57983061080426
20.000000591267348,10.758426872816681,3.6402316910903156
26.522500153441428,16.299701348199843,0.8372455505870514
30.22999952988625,18.857518829604388,0.735
27.912500653035643,21.266267237318754,0.735
27.942500411417488,19.095504367684125,1.1042666244528814
27.9349988771081,13.308606471871137,3.185598883961141
15.559999672334193,11.446711782270073,6.171991746278107
10.189999864708184,4.52745138201356,7.955355944613218
5.957499932439328,1.5186972915173693,10.934127669076323
6.132499851928354,0.735,14.115600291285514
6.067500109648705,0.735,15.596316092578173
6.149999843877256,1.022151191363167,11.467814631657005
6.099999980788529,2.044483692463413,10.15308064260006
8.285000057678818,0.735,10.193490693492889
13.08499967190802,4.151796184067428,10.8691446712929
19.000000140064955,4.393929174391031,11.158409830387233
20.81750038602829,9.211107047034501,10.989650823848843
19.12999962462425,9.861678566844462,10.14607107753694
14.624999760768413,9.15587413019657,9.640813080120683
16.284999680513142,8.434883232828378,8.97517868991971
16.24250055437684,8.676919344280957,8.075761630191803
15.342499829351901,3.519500484531522,6.553192960581482
9.222499683324099,9.701066953755616,4.060417880054117
9.840000025730133,5.263055041767061,2.676055690885633
15.8375006267941,5.511556920833886,1.0947312069523147
29.470000335166457,11.381392299848198,0.735
31.259999739470484,19.405322199860812,0.735
26.432499283581972,19.328083825553655,0.735
22.19249941171765,15.767038191959857,3.34190078266412
20.87250047463298,8.155538789069652,4.093020610242188
11.612499836763739,9.253136529919505,6.828021971857845
9.549999703515768,4.39023701297313,8.601905595901012
5.852499980745912,4.892035677204729,10.773051196877956
5.997500141853094,3.4212904260578756,13.940635455502868
6.019999960639477,4.63468473056078,13.934849036021232
5.867499859936833,5.153499391064644,11.519716988459825
6.0075001942065365,3.8595459198422732,11.251931828595996
6.092500041193068,2.5524530025632677,11.17298152888894
5.859999920341373,3.39083059270829,10.664112301786542
8.174999880469441,2.658001137168854,10.491572228528856
10.552499868797659,5.750173566949964,10.516469699703455
11.147500392417312,7.219100445542335,9.836889536216855
11.860000235484838,7.791140278050899,9.126471592180133
10.472500247327089,7.319231336940228,9.342599981185794
2.79249990773201,8.232233365927934,8.7107519975847
2.4075000848561525,2.6890057646635173,7.4914297427392
2.427499990223795,0.735,6.026332968319356
7.162500061512589,6.157820719650388,4.569462924366891
10.520000396336316,10.006238586907982,0.735
23.382500458956958,6.664759944223464,0.735
32.29500097192764,18.337573516926764,0.735
31.312500911352636,24.576083233674765,0.735
30.617499066841606,22.12945558606863,1.37069044680655
30.89999944946051,20.160108274755476,2.700543121241927
18.109999866071938,18.509292312512397,5.706632295262814
9.004999840341807,10.656633890829086,8.474038243861198
6.027499900234938,5.318743249430955,11.51907431874752
5.910000182108582,2.05418712802656,13.338634935103654
6.054999944537283,0.735,14.108405739406942
6.0075001942065365,0.9859156779335437,11.888869341692924
5.954999819681347,0.735,11.351180444514155
6.022500073397458,1.0124170326395332,11.481101788091063
6.022500073397458,0.735,10.75657062580645
8.645000347688793,8.816697614636421,10.609271684574484
13.517499643793105,2.532236415440887,10.895722970945835
21.372500700234173,5.319352430150807,11.12667502325356
21.587500031780003,9.597803645527959,10.594877796675563
20.799999995400906,12.366730153855086,10.042843650372625
20.005000019426344,9.184915465508698,8.779854141439795
17.49750054653883,8.852902404905556,6.971327749418318
15.91999996234417,12.74765149586439,4.777510897907913
31.185000343515874,10.71006478093028,2.7035631107398865
31.709999304625992,21.982657385009528,0.735
35.43749958313465,20.51844368342638,0.735
37.34250018752098,23.1515252832973,0.735
38.20500121456862,22.78491011992097,0.735
31.830001527581217,20.276889175579548,0.735
9.105000363876224,16.286174984676837,4.330736242989898
6.120000085495413,0.735,4.723321721334756
5.952500105601848,1.312053363918848,5.54238513310045
6.159999896230698,2.4708809931613502,7.656308012937903
6.030000012992919,4.108296773620844,11.620989296350478
5.984999976741672,3.7292534065990153,12.9590651131469
6.10749992038399,6.191494698918462,12.32765966266036
6.145000017039776,3.6495187069794537,13.618272806224823
9.377500295463204,1.182093099355176,14.354247635644674
13.069999792717098,5.180905745923817,14.339638461365698
12.920000203450918,6.102644415156841,13.213316733275056
13.030000380660296,5.795039248552919,10.304960399585365
12.892500159148574,4.337541285991967,9.367967095611691
12.722499667818546,6.716771538930237,7.997709951782226
12.727499893334507,8.388784837360381,6.541820656894446
12.644999760427474,7.800978068262338,4.222022999919057
12.822500191352963,7.375582945597469,3.5359328155067566
12.857500175250768,6.164057645816207,0.9562489905056543
14.724999486945867,9.716231885837912,0.735
19.65249966901183,7.820086727884411,0.735
20.694999246350527,12.044530165397525,0.735
21.715000599616765,18.447792169944048,0.735
21.31999952835202,13.168372113332747,4.2726914468213915
21.08749980617881,13.092810580719112,2.2216774399669466
20.110000768476723,8.371873693528771,3.8829168511109056
14.529999462749958,7.818842053664922,6.787324075101315
9.140000347774029,8.223882646452784,9.323150052783488
6.0075001942065365,4.118284466941357,11.901745061933994
6.015000133801997,3.586821332930923,14.41111832368493
5.97000009755075,3.682793808426708,16.06673756427407
6.060000170053244,4.972585076301396,16.26425245233178
5.750000141810477,5.2493042222589255,16.130664861438273
6.507500021129251,1.0014892056246474,13.944272997968792
8.037499658957719,2.505459374564886,10.029675300126074
10.272499997615217,5.6007672112643725,7.510582256994247
12.649999985943436,3.049473305853903,4.646967615899742
12.592500183259249,5.994462610501945,2.006465014772713
12.53750009465456,6.650384395534695,0.735
12.53999980873406,6.593588659048975,0.735
12.714999728223084,5.240700740626455,0.735
12.714999728223084,6.207937794212699,2.8435285606424507
12.527499643622637,4.268589842602909,4.211860685423613
13.840000235825777,9.187356972529887,4.601464048726261
17.892500023089646,7.55699800053358,8.224259796296357
23.574999971716405,11.191222664135099,6.354492801398039
24.955000020278693,12.861643242031334,2.8530157131293414
22.794999874932767,13.392911820942759,2.745351193804294
22.054999987562894,13.637301730150579,5.4315086605885625
17.829999994889498,9.677608711899518,8.130260181266665
11.025000050096512,4.607040364648104,10.19699109056115
9.479999735720158,4.0998651224139335,12.623869003546833
5.984999976741672,4.103670907199085,14.118778556140661
6.005000081448555,2.2299568956635145,13.96127424313724
5.935000113652944,2.6424265629467367,12.934369373283982
5.982499863983691,2.8956256718835234,12.60927258697927
5.862500033099353,4.1745037143427135,11.791247333979607
8.03499994487822,0.8787884650733414,9.067378670283555
12.929999857125878,3.3094304137319326,7.059893376744091
12.967500352460146,5.8296752389970425,5.283938617989123
12.652499700022936,6.058017541964352,3.068065477503091
12.67000009065032,6.089305829198659,0.735
12.690000195357204,7.460425314583778,0.735
12.454999961747527,5.998739234573842,0.735
12.789999921534656,3.0105527177682516,1.6001058925766496
12.760000163152814,4.994541097638905,2.2157235755230484
12.902499812823534,5.600982896322906,2.9718785129842162
15.769999575721025,11.784333451752065,2.396004290509447
23.852499331462383,9.31872631635189,2.442853497227877
31.337499646861556,15.361912281976938,3.987824110057354
31.244999860279563,19.06508519953966,4.64945696433872
23.55749958108902,18.115362889006136,6.140808710162938
23.312500491161344,14.416374500786066,8.021959171745777
22.097500708413122,9.766785912016033,10.489054175239206
15.735000389180183,9.03587589402616,12.614909103351831
10.517499884899854,8.03534838987112,13.979041748347282
7.069999876252115,4.38814634301573,14.653990065234899
7.057500109819173,5.568828679426611,14.511722446440459
7.827499755570888,5.403497510472834,13.231577802445292
6.10749992038399,6.254980659003556,11.646918547435403
6.149999843877256,5.381120085980297,10.140754301306604
8.442500383897423,3.6137482769159974,8.487256827596426
12.959999615507721,4.1757021418583395,6.7474406784826515
13.057499627605676,6.902988277498483,5.265441929836274
12.717500239659547,7.799278103216886,3.8024360247130695
12.769999816827774,7.404578034205734,2.768099588623941
12.929999857125878,8.254625541524291,1.534194821122922
12.775000042343736,8.304351911174654,0.735
12.847499724218844,5.472745171973705,0.735
12.88249970811665,6.3015785986089705,0.735
12.905000324259996,5.665740640764237,0.735
14.940000413205624,12.37708223930776,0.9783507786629906
22.975000019937752,11.734383024795054,1.5802733325016498
23.787500386539698,15.488224787938595,2.688332994725853
24.847500354505776,15.602790631119012,4.008729613595903
24.232500523536206,15.157028220865726,5.579510471983552
23.29999952869296,11.80897736341238,9.034881589893102
22.55999964132309,12.643239196252823,11.140735615941882
20.667499999405145,11.497119094766974,12.16639581157565
9.89249960289836,12.101146496566534,13.302441307832002
6.479999976826907,4.481059559183121,13.556987152679563
6.447500105687082,2.5321461147648097,13.967607649495601
6.295000004984439,3.2934310475876925,12.524575735638738
6.482500089584887,4.136128518419862,11.163850196946859
6.36750008553803,6.0983972932925825,9.778121935961247
8.44749981205642,3.4930407917268576,8.201222558916808
13.262500102833508,3.9015630436943476,5.960291479167342
13.08249995782852,8.154727877038122,5.273247257148624
12.929999857125878,6.990099924401939,5.908127987959087
12.929999857125878,6.574474417928159,6.293061630207003
13.032500094739794,6.8702484019127485,6.396292246799171
13.037500320255756,5.9953153837740425,5.023220831568241
13.087500183344483,6.871113932896256,3.4690062601256373
12.922499917530416,4.145788896706999,2.911552478544116
12.810000026241541,3.9872842993932966,2.2507014327651262
13.182499684005975,9.719731485549211,2.0326367620440573
22.01750028958559,8.784682137851714,2.237125932119265
24.602499669864176,15.768988527091741,2.2589390272211283
24.899999931674003,15.332977792497873,2.5231800350533424
20.725000599446297,17.53874144338727,2.27291121295616
12.142499820746778,11.610536743920445,4.044759184672386
11.28499981657207,5.691877204659582,7.322108998220265
11.14250016690135,7.081376964080929,9.227453662136197
9.677500271352528,8.421344908950925,9.699323931434154
6.315000109691322,6.307077172226906,9.236543531516194
6.277500013035536,0.9634329774044639,9.534220009214877
6.242500029137731,0.735,8.913161860039233
6.232499976784289,0.735,8.174375549967289
6.227500149946809,0.735,7.513715869859457
6.210000157997906,0.735,6.990954292387962
6.1524999566352365,0.735,7.117601688274145
8.445000097976923,0.735,7.3536412766852965
12.812499740321039,5.717298539358974,8.144815135272145
18.802499604432583,0.735,9.573007438687682
14.465000517827272,6.643521145474315,9.723546041260958
9.932499812312125,8.528263301497697,9.374713532876967
6.880000077572166,2.59998464717254,9.105274654671549
6.915000061469971,0.735,8.422915702168345
6.942500105772316,6.353997244045437,7.256733302132487
11.032499989691972,2.516974405148327,6.074599377370179
13.529999808904527,1.5609247182684762,4.681749921346605
13.712499667989015,12.323656930705308,2.5535455809420347
13.887500384835004,11.436873992058635,2.1721495125307886
11.94749979655087,11.633520558383465,1.9719692594844846
11.700000195186734,8.409980977512001,1.709887693647742
11.792499981768726,6.966709457887709,1.7879272123636303
11.782500328093766,5.605941659276784,2.097132674392611
9.742500013632178,7.179539181136787,2.3118623996152725
6.8825001903301475,5.87586732390821,4.704065550674498
6.832499928562939,3.587950589729995,6.688425100211501
7.077499815847575,3.884530103586614,7.7825639065551755
6.97999980374962,4.056341990597695,8.831191172155737
6.919999888307451,3.0030633431525526,7.720838111966252
6.999999908456504,3.268989863935262,7.5260143036592
6.9624998118007175,1.2535472967471553,7.547282205937504
9.347499739724396,5.088076252237559,7.503485780022144
18.75250053870082,7.384756138780117,7.629720145001411
21.447500096188783,15.664187117282152,7.780418218967318
21.82250026538968,15.983731109695434,8.130451546937822
24.244999891290664,15.603793706178665,9.054071579925417
25.51750027408004,13.221952109186052,9.661793136535286
19.04999920579672,11.012669722018241,11.025969636163712
14.447500127199888,8.222895518532395,10.769983764640688
8.352500311394929,7.291251682424544,9.945578061221838
11.35499978436768,8.708210820943117,8.791787385750412
16.78000047795534,18.813066178908347,7.763422555297613
35.05250055761576,11.00035693579316,6.446263405037224
36.47000030415535,16.28096186485171,5.1064844337674975
14.900000203791857,22.650654343892334,3.0110708004550633
11.280000388413072,5.109069066363573,0.735
11.197500255506037,3.168303613412529,0.735
8.647500061768293,2.5009224134445187,0.735
6.4650000976359845,0.735,1.6937204838627575
6.36750008553803,0.735,4.483103583758176
6.484999803664387,0.735,4.496086149832308
6.4699999244734645,1.9434020525565743,4.126177902198136
6.214999984835386,1.0312954305210895,4.797343956331015
9.645000001534223,0.735,8.057171252595781
13.22499960749924,6.366688376149535,8.401759429864883
19.24749974142909,5.830418375686706,8.523662551820278
21.827499693548678,10.004915771706104,9.010822938243747
21.547499822366238,13.040391536604165,9.472019787232876
21.49999967335701,12.336092509902715,9.812493602572083
20.90250023301482,14.143408912732601,10.032313754317164
21.257499500151873,9.144317238372563,11.89280509566307
21.0174998383832,10.33736658128202,12.805170435115695
13.22499960749924,9.77205723889947,11.563561255792974
16.259999350290297,8.583556817464828,9.92812471465528
24.62750000008702,8.982936973171233,8.130894080052375
25.169999351824522,18.844942915581463,6.281062603946925
25.89499936000347,16.12551234074235,4.534370048382878
25.297499919661284,18.45586301712513,2.8574697491255403
24.174999923495054,14.57187983988285,2.5337816932354866
23.737499726094008,8.982818964340685,2.4247772155338523
15.757500207966565,8.231632956134677,2.5050565099592506
9.28750022296071,4.445546874758006,3.29946305301398
6.447500105687082,0.735,4.323670464260877
6.245000141895711,0.735,5.430928982076347
6.262500133844615,0.735,5.044448068641424
6.272500186198056,0.735,5.058950397087336
6.214999984835386,0.735,5.43556322074622
9.322500206858516,0.735,6.264329669396579
13.007499764516949,4.586478920639157,6.92216351642698
18.239999350631237,5.702328959732652,7.761279259780645
23.087500708583594,7.9059261917531485,8.380137501094937
22.732499846732615,11.944883668354748,9.381695190446376
22.620000752800703,11.822709445031881,10.583835200092793
22.455000486986638,13.192924328942299,11.940446376854776
22.792499363496304,13.486101321297884,12.042869270843267
22.584999971545933,14.237359888987541,12.94425500491321
22.20999980234504,6.197104105154276,11.066355766347646
16.770000026923416,9.627721276142596,8.946949063996076
26.360000399063825,8.495472793744803,6.321112648170889
32.85750122572899,14.937498307055234,4.194892131890655
29.772498430421354,24.948775851824283,2.134879752367735
22.81250026556015,19.901978310358523,0.735
22.330000430586338,10.898203548458218,0.735
21.989999447926284,10.434020597642064,1.750248009399995
15.122499474933147,5.410044608497322,3.462666076233089
9.56000015454769,4.575185953969956,5.1509785470256215
6.342500153993666,3.091374414267838,5.086910516357422
6.274999900277555,1.2650879922578482,5.269655164029598
6.257499908328652,1.854417513816282,5.895345957161188
6.535000065431595,1.1846085113998874,6.797745929288268
6.362499860022068,1.0557517888732253,7.29789167253524
8.434999646944998,3.233526814981103,7.948949978771209
13.167499804815053,2.2065719109784063,7.90764369865179
18.952499991055728,7.092085468096137,8.883276123703121
22.02500022918105,11.655695852885842,9.819475260141491
23.117500466965435,14.073755795215964,10.91013041391313
22.34999973793626,14.172137684115171,11.214511866315007
22.35250024937272,14.780261108634472,10.913333396834135
16.26749928988576,12.313954691177607,10.203752677608728
15.567499611929655,8.474983909219503,9.534293366055488
14.952499780960082,7.931961491314172,8.398288535004257
13.785000147221087,9.58790525618732,6.96525786953628
14.599999430545568,10.579100494445562,5.47155192727834
22.962500652183294,12.238232092457412,3.9497792192564907
26.46750006483674,17.123273813592196,2.9346355639490485
22.11499950432658,16.434599793940784,2.3682819829536226
22.319999979554414,11.373368496727943,1.9870797719540445
22.835000084346532,14.110076202244757,2.262003469369784
16.31749995033145,11.821120312604307,2.4096995940390227
9.595000138445496,4.841106893253922,2.42274136386767
6.134999964686334,2.345818244569823,2.5020293442486223
6.410000009031296,0.735,3.057449267556369
6.2550001942491535,1.2970255273994058,2.711681599999517
8.879999783941507,1.124121834449116,3.049836900629103
11.060000033994317,2.9840427914749084,3.8557794048875573
11.520000050181746,6.396893453949392,5.19092373880893
13.222499893419743,2.5534913606685397,6.151828582072258
14.690000300405025,7.6357465689289565,7.498719180096387
15.084999776955842,8.748059532533883,9.363576050815581
15.577500062961578,7.946425546625852,11.875518396701812
16.22750067518592,3.9064783506937326,13.611909897658824
16.129999865731,9.76430533450365,14.378839719102382
15.41749922530651,7.915995215483903,14.882081998115778
14.435000759445428,6.024513798407913,14.556481282210349
13.619999881407022,4.619634617881179,13.68550195857346
17.967499419044255,8.091558866345881,11.516828164182305
21.289999769970176,12.845479221674204,7.538713010654449
27.957500290608408,15.962234365968703,4.625778253282308
32.13750064570904,18.2580196179986,1.993487232840359
28.455000004773144,21.367748452733753,0.735
24.282499589267967,19.09113485152602,0.735
23.604999730098246,9.139092955549955,0.735
13.899999752589464,10.142097847789525,0.735
10.15250016673088,1.5365787191035225,1.1407269427113047
6.30500005733788,2.6511809443844854,2.8714374497276545
6.257499908328652,0.735,5.090857034646571
6.2924998922264574,1.4601505093057452,3.749919703048617
8.462499691247343,1.3252744393945857,3.114927541602552
11.030000275612473,3.8640505880056324,3.7673768370607497
11.545000380404591,4.619305708133877,5.491636153144837
13.150000211544633,6.100522648277879,7.300177296270132
12.835000356464386,5.856177391059995,9.197882881800531
12.717500239659547,4.833181962397099,10.87332361913681
13.22499960749924,3.4692996874880793,12.633026648268698
14.819999784964322,8.787343715394735,13.96070094348073
16.57000057456851,8.703212987498045,14.918910321530102
15.54999922130227,9.60460430306673,14.888971162277459
15.780000026752948,3.7536166486082974,13.457476206320523
22.37249955672264,6.522004741646052,11.888053645519614
21.212499862579108,13.650967631142139,9.386175539222359
18.24999980166316,19.6347903708601,6.829116742968261
21.079999866583346,12.604210167620181,4.178580201816857
24.785000326305628,11.562747154333591,1.3300722359115256
22.852500474973915,13.37772615757942,0.735
23.924999810694455,15.191201345592736,0.735
22.879999721919297,9.40865223465681,0.735
14.762500779637097,12.883229289737939,0.735
9.612499731715918,5.1438067198205,0.9044124654871037
6.482500089584887,4.793141885135174,2.9490954331366717
6.354999920426607,3.743025356066674,4.007516235637218
6.340000041235686,4.609912444429398,3.134957148517072
6.197499992886484,5.572983307883144,3.474901917511225
6.350000093589127,6.2293017780050635,4.637803991000652
6.459999872120023,5.561291662732363,5.838759128199816
6.237499803621769,5.677986449004412,6.982995473860203
8.380000355697273,3.842179086506218,8.641611580595374
16.814999664496185,6.072373555407524,10.104322264302969
18.114999294230937,12.031225467110275,11.643595960969924
18.98500026087403,12.599056849567294,13.753767674974203
17.039999447073935,6.8791385333734745,15.076310180771351
13.647499925709367,10.502662666529417,15.394991432950496
13.742500223727822,5.723419051408172,14.947291445276736
14.970000171587467,7.642510548047423,13.839508266579509
21.879999270716905,5.798921180928052,9.966829219003916
24.984999778660534,16.333215856075288,7.296426529115438
25.724999666030406,19.32791319116354,4.74729904257387
32.76749876115561,16.46997692768216,2.0575151963211593
32.34499844294548,23.40888659558177,0.735
28.367501241064073,24.677849902882574,0.735
29.66499876464844,13.145719202009438,0.735
31.804999602644447,13.856431370765566,0.735
28.012498784499172,17.86129306626558,1.2572787279954925
30.93500023071528,14.889318809913396,1.933456419815868
28.509998498663904,16.63957156431794,3.030812362166643
24.287500612140892,13.947860306946039,2.3245994794143736
23.692500088521243,9.002731359781622,2.633694906182438
24.42249952485919,8.68462420461595,4.021164794114829
23.25750040255666,6.116415567267538,5.100910111238063
24.634999939682483,5.909498245900274,6.603341530743838
24.60999960945964,6.91886564802736,8.528639653984309
26.449999674209355,9.434650058440566,10.61797483582735
28.195001035654546,7.428948053749203,12.71840763188362
28.572498526864056,8.102599868214726,14.46700028909087
25.772499815039634,8.63211346445024,15.474910521367788
22.27500034198165,4.543954279080033,15.369704054220914
13.954999841194152,0.735,14.653238954975604
13.939999962003231,8.558028636932372,13.38804874082446
13.262500102833508,0.7777093792005255,11.329707621496318
12.894999873228073,4.66312047325939,9.634968453580736
16.402499797317983,7.5798661982369415,7.435292623105049
31.870000142281057,15.347025627474784,4.848697731543184
37.709998822412494,24.289599255667923,1.0416892277099004
27.752499815380574,10.321381168884635,0.735
12.684999969841241,12.014576653719544,0.735
11.575000138786434,2.664852825553268,0.735
9.214999743728637,3.748184255618304,0.735
6.675000001022816,2.383221861033067,1.693081003578305
6.650000069478453,1.9964036656027286,2.8398003188219665
6.63250007752955,2.837663402160704,3.4699866105118398
6.6775001137807966,2.7110431164112687,5.41525852567941
6.650000069478453,3.918671334035099,7.221614113368689
10.044999703601002,2.8447662579885122,8.889766609383225
13.252499651801585,2.9710410888336596,10.406068451941609
14.99999992996931,5.643542222909928,10.478753917989135
15.659999398511648,7.785321166933774,12.159094413864016
15.72499993814826,8.167829249299764,13.465773502879141
14.862500505814552,8.698652105668783,13.89635264183998
13.724999833100437,8.029481437336205,13.526383795076608
14.40749991778612,7.894594154592752,14.110752360949515
14.044999913696646,7.698441152228116,12.644762148052454
13.34749994982004,5.840604610891044,11.585779607571363
15.415000308583974,8.75444715916574,9.84774395655632
24.02499953687191,12.250530526257156,7.142562549327313
24.64749930743694,18.340729455786942,3.4003438586357237
24.840000414910318,18.07663526130557,1.9179278929583727
24.00500022952199,18.321586509815454,0.735
23.265000342152117,17.492928501712083,0.735
22.129999383517504,14.606150242159366,0.735
17.64999984988451,11.210027530754209,0.9293502779405562
9.214999743728637,8.10092143180728,2.749162958766669
6.410000009031296,4.697183961403966,5.980672720502615
6.517500073482693,4.232749444465935,9.250973300478458
6.325000162044764,4.261902011074424,10.972171961859464
6.262500133844615,3.035290717550218,12.152534558128117
6.512499847966731,2.7270026147073505,12.153090315931438
9.405000339765548,0.9083493656578845,11.363317014850377
13.117499941726326,3.429421673028916,11.204055327100157
15.375000099170208,6.931964628218114,10.745692284758091
16.99499980950117,8.133313261078596,9.785526192721129
17.395000308924914,8.84764303837657,9.201914318606256
16.019999688521622,10.049145162452458,9.367405756309628
12.999999824921488,9.280378230565786,8.786212265864014
13.630000332438945,7.515887870227098,8.741857690074443
11.867500175080298,6.76001579514861,8.058108147027491
14.307500191608668,6.712213049171864,6.334514624007642
11.030000275612473,7.7327075677198165,7.1031448091751335
13.41999963169515,10.115630380754471,4.270213261379898
20.640000752459763,13.947306143856643,0.735
24.727499726264476,16.466876803809402,0.735
23.117500466965435,18.127395005580187,0.735
22.612499218491315,15.283101519738436,0.735
23.24499944008827,12.55173451116085,1.4433061939546092
18.832499362814424,14.170925701531171,3.829988694574982
9.61500024315238,8.52705690041244,6.760181645396948
6.132499851928354,3.9378499617306892,8.778851066380142
6.0475000049418215,3.3310637048386034,9.868209717729687
6.072499936486185,4.0507698607999085,11.357045004978179
6.137500077444315,3.5380336517654363,12.87278790030539
5.97499992438823,3.5721437852923574,12.8411097055161
8.257500013376474,4.452604281238914,13.026985573982596
13.045000259851216,0.859873712697746,13.1883793942523
13.439999736402035,4.56890716656357,12.681105678433179
13.702500014314055,4.8566186756151914,11.382582753794193
14.037499974101186,6.151676685570776,10.9923873529464
11.257499772269725,6.456473560950458,10.070074985378383
9.332499860533476,5.256017967888713,9.107833373166322
9.782500223045945,2.850235927416533,7.548673593838214
11.197500255506037,3.5797647238069774,6.077389329384268
11.602500183088779,5.174889288958311,3.3954026375350357
10.335000025815367,8.528140508525372,0.735
17.11500043774247,10.000837290839552,0.735
22.43499958492279,14.599130311455726,0.735
23.725000358339546,15.045669347391128,0.735
23.445000487157106,17.125337373412847,0.735
36.48500018334627,17.226193460968734,0.9002603536884858
35.982499446308616,23.2467887091136,2.4441256802625952
12.107499836848973,19.477636097563504,4.557543235124648
9.600000363961458,3.5862980674238507,6.860187351751625
6.360000145942569,5.724463190351427,8.87244801614344
6.319999936528802,4.559444134124815,10.168823658480644
6.309999884175361,3.6630685925328734,11.112498016448617
8.202499924771786,5.439404886594713,11.695944040315151
11.162500271608232,6.851422006655633,12.657903388162255
11.779999816657304,8.435966043584346,13.296083183407783
13.174999744410515,2.976705911378413,13.935437485460042
13.682499909607172,4.719194601693451,14.100964006869793
14.164999744580983,5.525634258018434,13.992687715414762
14.352499829181433,6.553408246961534,13.163717143381833
12.694999623516201,6.162523531019092,11.724522908588646
10.114999671396612,6.218366824612319,9.918705536849497
10.174999985517262,5.231943369100094,7.508791393254995
10.002499780107737,6.304535596906841,4.8190607705795765
9.035000396080612,4.10262676825583,1.8170203758783636
9.019999719532727,9.21551802575469,0.735
10.480000186922549,5.921607307421267,0.735
19.90999972140789,9.621436508558988,0.735
20.604999971204997,17.257786338562966,0.735
21.29749970956564,16.213397025221585,0.9420976860040704
22.760000688391923,16.342342403875588,1.8239099387185274
22.27999977014065,18.51907109830856,2.7570619755221903
20.789999544368982,8.049684868068695,4.368194877083599
9.647499715613723,10.815905146862864,5.6913533411347865
6.307500170095861,5.086435690285862,7.513149746415615
6.184999827775061,4.518321644785404,7.865427634237408
6.137500077444315,4.567227534120679,8.809566851314901
7.96250026300311,3.4695474661643804,9.923531141190528
10.982500126603245,4.314741660987437,10.82885023715973
11.400000219297409,6.590461425039471,10.657374635447859
13.119999655805826,3.6520182217197124,10.817890565701127
13.407500263940692,4.7350843312552575,11.730239958014488
13.492500110927224,5.034515791629851,12.684445806751846
12.14500033218324,6.608822562508584,13.712384051229357
10.02999982441008,6.2084281687450416,13.25467723366797
9.68749992502749,6.220362210412622,11.582167580528258
9.374999784026741,6.192036104296446,9.842149700102805
9.385000235058664,6.092736058854163,7.2181149123358725
8.629999671140908,6.369885378893316,4.964858288649917
9.120000243067144,10.16505534947276,3.278408443723321
9.295000162556171,8.635896125883459,1.837380287914872
12.267499877147078,10.986577810112834,0.7836134275222802
26.504999762814045,11.893987576039432,0.735
25.95999989964008,17.04337386174202,0.735
27.997498905308248,19.352969336373807,2.683977432314604
34.915001133461004,20.132548428680895,4.4400666403502225
32.16750040409088,19.556963547114133,5.151708527325392
6.334999815719724,16.108758276232482,4.848330947340131
2.5925000566986203,2.9406310902942714,5.47380685277015
2.5374999680939316,3.5723102335584165,6.013409805338979
2.3425000435676426,3.782347812061757,6.4378584652885795
2.502499984196126,3.4780512781764568,6.64793132683754
2.52250008890301,2.0076921471390126,6.587509210883379
2.4500000083494187,0.735,6.794578428752124
2.382499953972548,1.3284276373402029,6.877125605719983
4.602499815421402,1.5479409561588986,7.28532652283132
6.765000073525309,8.256922726935148,8.637576157004833
8.69749992485702,4.184455925278366,9.67392253065884
10.14500022713542,6.441429428448081,10.543320695437789
7.659999775677322,8.671856127564906,11.418688671799897
3.5475000729712844,8.352079306918382,11.92025091969192
4.397500137550533,4.679562771196664,11.617841331059932
5.344999815549254,7.851182852090597,10.996401247898936
8.70499986445248,8.2748999370265,9.883711134450435
10.652500392332076,9.352477639245391,7.5329497145247455
17.882499572057725,11.180643331947921,6.0634487389189005
30.39500139041424,16.358876397863625,4.758766630418003
23.767499484475852,25.38468771415472,3.413276988578141
22.337500370181797,17.255784972585438,2.396791481171325
21.83000020498514,16.068120181248187,1.4512589824703335
21.365000760638715,15.460684078431129,0.735
21.672499878766537,10.516416276786924,1.9483370941407978
22.95250020115137,14.31274839514017,3.222011186379939
21.932500442599057,14.249986833856106,4.197773779955506
19.419999946838615,12.895379415142536,5.201891782515645
2.912499937955588,8.643388889266252,4.908889411334991
2.439999955995977,0.735,4.945035595867336
4.91000012958467,0.735,5.072674106458724
16.637500030927658,0.735,5.192417985757888
18.25749974125862,10.780115779571533,5.364692539146841
21.31500010019302,7.963404465799331,5.373846595762372
12.14500033218324,8.883031335115433,5.444586510819793
10.325000372140407,6.217761630677283,6.261975472962857
8.949999751737117,6.814262381423116,6.9423250859189025
11.864999663643836,1.768380604429543,9.417187940947413
12.42249969192922,2.8341283200645444,11.089824373844266
11.512500110586284,2.040184144378826,12.108538792971968
7.382500017252862,6.66919564100951,12.486038676252365
7.862499739468693,4.90351044126153,12.682690026718973
9.670000331757068,16.528552364909647,12.51463987052083
32.76749876115561,13.830880066881178,12.061529018495083
32.61499945780993,14.322259268996715,10.669848487779497
13.717499893504977,20.950456470206976,8.174161858301161
7.36750013806194,8.032200424580573,6.6247246511033175
7.57749964277029,4.384454978954793,5.094707072743177
5.584999875996411,2.4247913686199483,3.939557900345773
2.3449999569863826,2.2206212409996238,4.173734663551748
2.6699999640896914,0.735,2.2603660968459396
2.519999976145029,2.173209997291788,0.735
6.260000021086634,0.735,0.735
5.712500045154691,2.018835709047243,1.2989511444654314
5.929999888136983,1.3470115364108979,0.9463303183972648
9.497500126347541,3.5424840996553004,0.9874486216126195
9.49249990083158,4.512310370640159,1.9040583669323472
10.447499917104244,4.109800987531841,3.371196873525977
10.667500271522998,5.232458063019813,4.883230464260579
10.040000275442004,5.860221186898649,6.047742800137103
10.02000017073512,6.9488805561915035,8.386486854592562
10.107499731801152,7.63464382424891,10.803340395837425
10.042499989521502,0.9997103769920579,12.40430081660211
9.852500190841555,6.25351192747742,13.282827123895286
10.187500150628685,8.761126618446111,13.402308672753572
9.814999695507288,8.330144814218878,12.861884043834209
16.384999406690596,9.977260242795944,11.992132649920583
19.302499830033778,14.718017829376459,10.838569221183658
19.717500208648442,15.663751760380267,10.279377998779415
18.372499346626995,16.02063757409215,9.551640664145946
18.73999957623243,10.698831616033315,8.37375465860486
16.542499732909203,10.1071329475981,7.519644218880534
7.192499819894432,7.861855475042462,6.794252708432674
6.110000033141971,2.6858051738134026,5.350615600640774
6.072499936486185,2.3346399976336953,2.5944912563748654
5.892500190159678,1.0701993488627297,0.735
6.0775001620021465,1.127611591785401,0.735
6.0475000049418215,1.7023488829003273,0.735
8.969999856444002,0.735,0.735
12.984999945730566,3.665652427771986,0.9565084554449468
13.222499893419743,6.550550120927095,1.9745676464881747
10.62999977618873,3.8102120491570237,3.856024791492969
9.665000106241106,3.375924402960539,6.132957933503688
9.55250021495223,3.6507087622469667,8.71048169357419
9.374999784026741,3.5235191636258367,10.053030682933926
9.482500247156619,4.649813382901251,12.530067930400968
9.62499989682734,4.53100679671228,13.626461662236451
9.854999904921055,2.176109087540209,14.05363210017979
9.714999969329833,9.04921647337675,13.598743939483166
19.612499459598062,10.687826495227814,12.644350711859465
24.329999738277195,14.76740771438837,11.078834402821064
23.622500120725633,15.330793034418821,9.365139667820333
21.895000744621754,16.46914767644048,8.190505283975005
21.687499757957458,17.199081729507444,7.474173343342542
21.91249954053521,13.786598847932218,6.6982074741140005
14.970000171587467,10.033049714794158,6.3698786013591295
5.822499823685587,5.228631945632101,5.036147183976472
2.174999964004457,1.9597858444266765,2.851143718319088
2.3175000123536584,0.735,1.3570499615681915
2.2100000475718824,0.735,0.7996247291035624
2.009999997199252,0.735,0.735
2.182500003269538,0.735,0.8074796918868692
4.4250001818528775,0.735,0.735
9.147500287369489,3.2808226412685215,1.597668671349138
9.152499715528487,5.3199970932555205,3.12543172289595
8.794999936954975,4.763894831726551,5.25421155568868
8.859999679234623,4.618057047129572,7.046322361231148
8.852499739639162,6.226637808391154,8.589529021118878
8.912500053759812,2.6427690277624127,9.562076472079754
8.63749961073637,6.589493433686197,10.28290710069835
8.675000106070637,6.1309501886704565,11.408279176645875
8.737500134270787,6.007320390211344,12.121976649872064
11.104999671567082,4.469876229096354,12.316377858988643
16.140000316762922,12.419112519549726,12.104507356166243
16.647500481959582,15.570588572804928,12.0382111114645
20.062500619467496,12.189589330919981,11.973619615949987
20.087499354976416,14.927663706271648,11.597458495010732
18.620000542705057,19.251078279479742,11.184629319406747
18.385000309095382,14.704767351362705,10.623561916068196
10.802499981598258,8.108820847241281,9.506720762269497
8.602499626838565,4.558878010680973,7.817411595273017
6.034999839830399,5.295686875484288,6.18758007490784
6.210000157997906,4.377585350038707,3.553043099239916
6.210000157997906,5.425639315982759,0.735
8.005000186496376,5.480015074085295,0.735
11.109999897083043,5.342167204937637,0.735
11.575000138786434,5.859922178037465,0.735
12.935000082641839,5.654782962698043,0.735
20.005000019426344,5.216590659452975,0.758350425801574
19.915000744280814,10.007283921886682,2.6930924184389413
19.284999439406395,9.25802672017455,5.301067440271676
15.067499386328459,8.586699998613595,7.781225941570996
10.882499603068828,5.9562197758349775,10.328703297877311
10.419999872801899,4.383812309242487,12.093016644970177
10.195000090224147,4.161466529316605,13.186483279393912
9.167500392076372,6.581101251648962,14.313075311495066
10.859999784282445,4.612751035218239,13.595029053391814
16.112499475103615,8.375980879245995,12.716618362858295
19.065000679701566,15.019331052184105,11.75240169744849
19.814999423389434,13.280309867962599,11.236006217970848
18.17249989427209,12.557818344789743,11.360207322694063
17.90749990228057,14.319366457934379,11.051730644929409
17.72749975727558,8.401856707414389,9.961102601294517
15.317499499129056,11.194095541273356,8.23007332591474
5.817499996848107,6.475164804202318,7.007733872320651
2.1724999509160963,3.1714248672448098,6.345131431972087
2.1724999509160963,1.642245012044087,3.0708119735626873
2.0925000304366645,2.006307536772489,0.735
4.0124999159961945,2.3943151894526182,0.735
7.007499848051965,3.416802103712261,0.735
7.522500351522565,5.290184713760018,0.735
9.247500013546944,3.5609652393473685,0.735
16.034999567712546,4.440321395899952,1.4822580284662543
19.377499225988387,8.209841190331577,3.4725347640268507
19.799999544198513,10.079242198383808,6.033826927737594
19.292499379001857,10.495505590428113,8.802254290605783
19.03250040988326,9.486936741299628,11.092407013047932
18.887499451419114,9.489103957525492,12.159991440447568
15.45500051799774,14.471144950585364,12.85256134622097
11.054999808478355,8.490100202527046,13.624422820481657
9.752499667307138,5.4180249556630855,13.752683269504308
9.482500247156619,7.762217748926282,13.053726534456015
18.114999294230937,8.080877472467423,11.796833616863488
20.367499226158856,16.201348961508273,11.515091520716547
22.534999311100243,16.813505417547226,11.449780809221267
34.38999898292303,17.36101854986906,11.038712197791934
34.93999986896992,21.474187633745668,9.944515981746912
16.034999567712546,21.134255223784447,8.092970188170671
10.640000227220654,2.7376519149680436,7.188442867665886
6.060000170053244,5.385177038208843,5.902055317327679
6.120000085495413,3.6193849926277997,3.0778574196891486
6.190000053291023,4.145702782154977,0.735
6.089999928435088,4.3077021950382,0.735
6.217500097593367,3.191927705516964,0.735
6.30500005733788,1.6574820052619277,0.735
6.0524998317793015,0.735,0.735
8.522500005367993,2.964463691244572,0.8872128528566657
10.672499699681996,0.735,2.11857609487243
15.84999999454856,0.735,4.8150684042650465
24.849999271228313,6.833110703996717,7.780864738866686
22.05249947612643,13.787285372277498,10.407147275912761
2.7499999842387437,7.972212868171334,12.315630735514164
2.3975000325027107,0.735,13.778819833399654
2.607499935889542,0.735,13.661359584442973
7.592500319318175,0.735,13.633719205315112
12.767500102748274,0.735,13.219397377476096
13.295000372651815,5.7530887040072685,12.132452325654029
24.475000696741343,3.713259821292758,11.706371077322363
35.33999877367974,7.8666874582391975,11.925356396327018
33.51499858812094,17.082468273645638,11.862886667691468
9.939999751907587,15.51034665952444,11.036394281100034
6.564999823813439,0.735,9.790972938136457
6.4300001137381795,0.735,7.874763089562058
6.535000065431595,0.735,6.051771844871938
6.594999980873764,0.736276568595349,2.821280706656426
6.342500153993666,2.1002880152350665,0.735
6.484999803664387,0.735,0.735
6.590000154036284,0.735,0.735
9.077500319573879,0.735,0.735
11.319999800469875,3.7113132736064496,0.735
10.852499844686985,4.002722326235474,0.735
12.887499933632611,5.557934391238987,2.072167726885006
12.879999994037151,5.154214620260596,4.623465918089152
14.599999430545568,5.404631750752926,7.333925429735779
12.46750012685895,6.625864472882152,9.430026185411215
12.772500328264236,2.7174157926000655,11.101488908858299
12.107499836848973,7.9730716216206545,12.197872275053262
10.552499868797659,6.956698641215264,13.34230277713418
10.719999848691225,5.319920148308575,14.488084001910686
10.804999695677756,8.239018873684406,14.981206226347684
11.069999687669277,14.237117492470741,14.702386443470717
11.197500255506037,18.22270308338642,12.415643219403028
29.694998523030282,9.293072950776219,11.644361423654555
12.21999972813785,13.464786374958752,10.951036420837044
11.074999913185238,7.799740570255517,9.58455954636991
11.15999976017177,7.065055864402055,7.024633454476296
9.16499988063991,6.366069627146125,4.697383699323237
6.197499992886484,4.499466145999134,2.6356767369143665
6.122500198253394,4.436088227782547,0.735
6.0824999888396265,4.1459069055375455,0.735
6.217500097593367,5.1572397925788165,0.735
6.217500097593367,5.908603611387611,0.735
9.607500303556918,5.604565819836855,0.735
12.924999631609916,6.156064939617515,0.735
16.00249929789424,6.8271436831629275,2.8736740360093114
17.137500256528853,8.350128971786498,5.685122395146191
16.732500328946113,8.513005078650712,7.993618713204264
16.895000083323716,7.572532108889818,9.33028400553286
13.907499692184924,10.150619999011754,11.431817154198288
13.53500003442049,8.419722287530899,12.781587805573343
13.310000251842737,6.24340622532636,14.586182829087972
12.997500110841989,7.4638914253026245,15.920907354568243
15.47999925350666,12.552975198595524,15.702125361589193
22.382500007754565,9.669426234743595,13.419934248424171
23.50500000392079,15.994138212778568,11.364581622993946
23.674999697893856,15.563889179600476,8.612409179176687
23.682499637489318,17.626989722641706,6.392110906884373
23.929999238853455,14.966981378124952,4.132562738080621
20.959999238342046,14.111738691512942,1.5493833749052508
11.429999977679252,9.65849606549263,0.735
9.080000033653379,4.734558474338055,0.735
6.360000145942569,5.742744990802706,1.328406258206628
6.507500021129251,4.2964084310120345,2.194918439292237
6.217500097593367,3.6012391415387395,3.505897973418534
6.242500029137731,4.000333843452335,4.158770665424169
6.1774998881796,4.747414260655046,4.441647799208164
9.534999824324846,4.7722746547308565,5.69922245700419
13.08499967190802,6.348485514037609,6.560678946430087
14.70750069103241,8.134496538811922,7.058601658463775
15.79499990594387,8.074602273167372,7.604719814778566
13.579999671993255,7.294895205067694,8.797858461667895
13.417499917615652,5.76594967314452,10.372632085048556
13.41249969209969,8.081534494605064,12.494882162330747
13.872499708287119,6.3569610198774935,13.904052718033194
14.024999808989763,9.632041356168985,13.990016569588184
14.072499957998991,6.844593441623151,15.287528445597886
14.257499531162976,8.611711491833924,13.907820229684114
23.534999762302636,13.500402715789079,10.43420398974359
38.4424987701869,19.35002549446583,8.38455964281261
26.75750038705111,25.105242803418637,6.167511397502125
23.250000462961196,16.46373202794671,3.524698454574347
24.532499702068566,17.023022122614382,1.0363031312585806
26.427499855422973,16.894630109692812,0.735
17.98499980967164,11.531405444182752,0.735
9.68749992502749,8.484080157455205,0.735
6.424999888222218,5.448633894764781,0.735
6.417499948626757,4.462110769632161,0.7991196782196173
6.249999968733191,4.861206667581201,2.426956790792644
6.385000077486932,5.035240589109361,3.862949836717993
6.200000105644465,5.214102905727923,5.396699643683434
8.732499908754825,5.475862837699652,7.156380346820354
13.40000032434523,5.110456866157949,8.510669620105624
15.839999543516635,7.7965224375522135,8.987040969460606
17.377499918297527,8.722548893854617,10.259663347865343
16.397500369158983,7.176407960342466,11.912111499812006
13.625000106922984,7.859114959160089,13.450270491444469
10.649999880895614,5.97523474601388,14.281367614498137
10.02000017073512,6.511667008618713,14.869177573024034
10.195000090224147,6.235140823046267,14.411635010997056
9.61500024315238,4.500657397302091,12.566968015941978
9.304999816231131,6.934918038409649,11.485827722811699
15.47999925350666,8.843369205054044,10.100298801066875
22.934999810523987,12.496518338819145,7.991798347257375
23.577500483152864,13.779367617633342,5.406390720213652
21.712500088180303,22.629269230140448,2.5256071896491945
22.29750016076803,15.509453619725704,0.735
21.62000030159831,3.8233275745047632,0.735
17.167500014910697,12.359081905864477,0.735
9.540000049840808,8.650423172395229,0.735
6.10749992038399,6.273501666543782,0.735
6.16999994858414,4.949344114217759,0.735
6.282499839873016,5.774698273744285,0.9296185760999562
8.107499626753329,6.765279547140896,2.3505962068323045
11.179999864878654,7.14993770255804,4.189891906374693
11.770000162982344,7.650708174985646,6.347155522623062
12.867499828925729,8.119046950293779,8.305111792360544
13.627499821002482,9.55185116638422,9.980892203763126
13.86999999420762,9.804085473395585,11.210004407402277
13.642499700193405,9.06904115955174,13.208783758939504
14.359999768776893,7.850660583279728,14.572785637392997
14.175000195612906,8.872640976528524,14.938263769739866
13.812500191523432,8.962554934478998,14.546227271664142
10.772500223216413,8.930269153683781,12.999657758784293
9.387499949138164,6.448411883374453,12.033131947609185
9.642500287454723,5.1129625604146725,11.257923168817163
10.259999832503794,11.717794810533523,9.9679917654562
21.897499661344288,8.50142426611781,7.978361287714242
23.792499814698697,18.103443997120856,5.769401032759547
21.652500571416617,17.64482340847969,3.9287971694494788
21.902500684217213,14.991487347030638,2.267683342027217
16.719999366477726,15.84024034531951,0.735
11.13500022730589,7.06296359973073,0.735
9.767500343855023,5.374699767712951,0.735
6.16999994858414,6.916991061806976,0.735
5.997500141853094,4.371041840120554,0.735
6.079999876081645,5.100200862219334,0.735
8.017500351607799,6.605769482696653,1.4596424434157833
10.839999679575563,6.643154759949744,2.062510338686481
10.644999655379653,8.874301871082782,3.0939399102967977
9.222499683324099,6.742723116010129,4.842669712901712
10.404999993610977,6.668575297292173,7.033920271026194
12.515000275868177,6.709952143502831,9.553893994923829
11.775000388498306,6.132888164769411,12.411933914810419
10.134999776103497,5.764781943871975,14.40538851654768
9.69250015054345,5.879207452226877,15.188115574145316
9.522499659213423,5.827425895003975,14.546761500829458
9.814999695507288,6.112457088623941,13.33766136225164
8.76749989265263,5.952984101278484,12.011682247943282
9.109999792035222,4.118614174045622,10.309155294568539
10.969999961491823,3.750157116084397,8.359955599000454
18.547500063472985,16.411843226212262,6.9356073535043
20.157499322772026,15.137012966376542,5.842311752149165
17.072499716892242,15.91134385515213,6.0524005608373885
7.762500013291239,23.141122964355944,6.505527360002398
7.232500029308199,13.531013249604701,6.195908867066503
7.127500077614783,0.735,4.95854362018019
5.155000016869307,6.9198878596541284,3.9048332039394977
2.222500013344064,7.1746772970539325,2.658235958794504
2.247500044558048,5.631357811155915,1.4049597028824312
2.3149999992652983,5.612287025989592,0.735
2.0999999700321257,3.984236601740867,0.735
2.2724999761024116,4.281466758879423,0.735
2.1250000012461094,3.9104942390386763,0.735
2.2574999972418692,4.599292845715582,0.735
4.249999863685369,4.503279505675435,1.3571850139038264
15.652499458916187,5.379048552590013,2.4885113529737293
30.552498527204992,12.067726874169706,4.380478559779525
30.894998426587584,18.759010160948037,6.793622796431779
30.015000198340417,18.37269230701208,9.142633220466374
26.942499960215095,17.00726953845024,11.42515124998629
27.202500524047615,13.492371736456155,13.454130496503113
24.54250015310049,14.312024395017623,14.86604555487275
7.392500069606304,10.742067500003575,14.542613649907112
9.019999719532727,3.4250282361619178,13.793319769774675
9.637500061938763,11.296324677519797,12.672783663808703
10.009999719703197,3.05899235261932,11.058815161547065
7.302499997103809,6.503472969786823,9.739378361121416
7.392500069606304,4.66431252191931,8.326419562487006
4.604999928179383,4.562640738190114,6.615345739824176
2.4349999298192557,1.101170711621586,6.463029828580022
2.500000070777386,0.735,6.665709596366584
2.5700000385729966,0.735,6.765447390781641
2.352499996251464,0.735,6.954281852259934
2.4475000949306787,0.735,5.887154709078669
2.5175000627262887,0.735,4.3822825799086695
2.3699999882003664,3.2093692910683154,2.504042072562873
5.217500045069456,10.16890100210607,0.9884119534111394
7.392500069606304,6.0094660777992015,0.735
7.420000113908648,8.695630920135379,0.735
10.419999872801899,1.70346568099685,0.735
24.972500410906076,7.534908820583224,0.735
28.85749942091942,18.759890443035363,0.735
7.492499795783758,21.72408409014106,1.086149278875254
8.474999856358766,7.291559063533842,1.948343971344605
5.602499867945314,8.76597454878211,3.1981462924726305
3.605000074994713,2.869435485732406,4.8210202753165365
2.9200000768902896,4.468534676005841,6.912709653593301
2.2850000415442135,4.331584630798698,8.9575100569731
5.670000121661425,18.278942264711855,11.160050791017413
13.54499968809545,11.072390163844823,13.0252497278738
9.352499965240359,7.411710392241179,13.495877715023159
7.585000379722714,5.509905594563186,13.832420560534
7.427500053504109,7.767115115393996,13.906861806614398
7.525000065602064,6.189746493776739,13.739018165869712
5.132500198082924,5.668536971634031,14.388806681141853
2.267500049595311,5.099545036117137,13.345784834992289
2.5424999942706523,3.7157934230431917,11.32390525487542
2.3375000173909215,7.203986942984163,9.55371219753623
2.479999966070503,4.363468942362965,7.743559595988392
2.479999966070503,4.684671038581133,4.9587756510564684
2.777500028541088,6.745355191345513,2.0745886022947726
14.77000071923256,4.677338942626417,0.735
16.612499700704813,12.428564388990997,0.735
16.814999664496185,12.083835079539417,0.735
14.98000062261939,13.836868217674493,0.735
9.510000291458963,10.04850408745408,0.735
10.197499804303646,8.959832757806778,0.735
10.230000074121952,8.890941116189957,1.3781364651373773
9.604999792120456,7.595590874907374,2.7398021873584386
9.027499659128189,7.556925441049933,4.445135837243497
9.089999687328339,5.5108221563923365,5.876606075134576
10.517499884899854,9.569322054803967,7.178892524639665
17.870000204303263,11.398096928226352,8.034920209181903
20.94250044242859,13.288870292319059,9.69475268396437
22.962500652183294,13.466902560338973,11.741374250648022
30.190000915186406,15.385625678061245,13.22705997789204
10.999999719873665,18.589029603542087,14.635231445319652
2.12750001433447,1.7528646359442173,15.776139224337339
2.1724999509160963,1.3236550572372225,16.26165944748759
2.167500024408996,2.446969653210938,14.914419607113599
2.1700000374973563,3.2616472030007837,12.791564335896373
2.1924999559533593,4.447575350872278,11.054224777510166
2.117499961981028,4.095770694408119,8.370915270459056
2.234999979116246,5.189240518259704,5.01458186755091
5.4125000692653655,4.98157049191922,1.8084272598864137
15.64250060259819,4.570442876074613,0.735
18.62750048230052,9.40007666051805,0.735
18.427499435231685,11.668408912306427,0.735
14.842499603750705,11.47879025025487,0.735
9.89500011433482,9.313013253710865,0.735
9.607500303556918,7.589983063385486,2.0664567573060095
12.644999760427474,6.76205344086796,3.615950377508998
14.60749937014103,8.761565962132812,5.35170040478915
9.392500174654126,8.49914143313229,6.7209672312703725
14.13499998619914,10.768419350278974,7.763235973768234
10.392499828499554,13.767365800623892,8.271938553265333
14.48249931374073,8.524247811831236,8.42464676413536
16.56250063497305,10.920002490473985,8.992346582693457
11.974999840853213,14.70855160750985,10.973986746307611
17.84499987408042,12.847259719772934,12.621433078024387
10.999999719873665,12.204920910607576,14.383847120831012
6.069999823728204,4.655406443319321,14.670517680367231
6.155000069393218,4.24953779532522,13.955783643088937
6.085000101597608,6.004100662794113,12.062030556024908
6.122500198253394,6.118041378115416,10.034307146725059
6.0524998317793015,5.812373788931966,8.289350437269807
6.062499884132743,5.684784315793813,6.50677004082948
6.060000170053244,6.23272243937701,4.235728370080293
8.96000020276904,7.936897130916118,2.342846594837755
20.952499298746584,7.705268122546673,1.0156093509111552
22.720000478978157,14.693054177573918,0.735
21.552499250525237,15.274308267148733,0.735
19.342500039447547,14.522218853503466,0.735
13.034999808819293,13.101412467637658,0.735
10.602499731886386,9.12866512118578,0.735
10.660000331927538,7.891676625464558,0.735
9.907500279446245,7.020360817189216,0.735
9.260000178658366,6.436228268977404,1.190033977351263
9.122499957146644,9.766268427346944,2.264784251778796
9.970000307646393,6.888670138511062,4.105750812837481
11.372500174995064,10.372363375751972,6.341298138371706
19.70499924618006,9.29791131282866,8.398721499835252
26.360000399063825,12.041432433595658,10.582339358429909
23.000000350160597,17.366413467081784,13.041129091795087
8.009999614655374,8.816950376793741,15.15990827421665
2.5400000808519123,2.1099589585019647,16.372378840677737
2.227500039520785,0.735,16.987246310391427
2.0175000364643334,0.735,16.288015284547804
2.0999999700321257,1.2970153112633152,13.937759388936758
2.150000032460093,1.5053171931622922,12.487803227211833
2.26000001033023,2.592289355121106,10.277901293683648
2.0525000203621384,2.445064966765195,7.366316461650133
4.865000093333423,1.93203024721764,3.9803271605505053
16.085000228158236,8.167704861613512,0.735
19.154999954847096,11.833119737542868,0.735
18.727500208477974,13.424901782304644,0.735
19.29499989043832,11.731443169671893,0.735
19.682499427393676,11.56494865690887,0.735
18.97499980984211,13.701352617644071,0.7850972745692846
18.532500184282064,13.214987993469833,0.7475066537594439
9.232500134356021,11.448878998495935,2.4158043582881987
11.022500336017012,5.411961055958272,3.788550651217401
16.38250048996806,10.59162218819499,4.807143074729741
24.015000680553914,12.873370768245458,5.626729153984785
28.077499324135783,18.030809561918975,6.550882220102251
20.935000502833127,18.98175182860613,8.136237169062495
18.694999938659667,14.836870263590813,10.118383654348253
18.597500723918674,14.897997243100404,12.278023394346834
10.02999982441008,11.986893217315673,13.826105493385791
2.692499982215315,1.0189208242139591,15.162844142554999
2.8575000486901403,0.735,16.505057444633245
2.6174999882429835,1.1321646246320567,15.529706486589909
2.640000006368607,0.735,13.4430671686393
2.685000042619854,1.1323052086316234,11.593376824716328
2.6574999983175096,1.682983873014599,9.426989052738547
2.589999943940639,0.8836740829845516,6.676112313986421
5.387500137721002,0.933974275556933,3.458994446756989
16.19999983352661,6.563692955750823,0.735
18.50749985405922,12.17281453512907,0.735
18.909999270205496,10.760893097903727,0.735
19.172500345474482,10.64885487629652,0.735
18.480000607113837,12.177152157008647,0.735
18.532500184282064,12.580625943363904,0.735
17.342500731756687,10.7483714041543,0.9703089104240387
9.565000380063653,8.360687572692632,1.9424200077868252
9.175000331671834,4.397417212426364,3.4765789585439864
9.42000021895647,3.516427670134753,4.623664459972978
9.790000162641405,10.550988877352475,5.29740199031204
14.31750064264059,8.00637482990086,6.578235949401856
19.927500112035275,10.86466990401566,8.276213981301783
18.41750057891369,21.31723429440379,10.294748648958207
16.634999519491195,16.810480245229005,12.32931098893106
5.645000190117061,1.0560900426474398,13.611071078133582
2.207500034483522,0.735,15.20349977939248
2.12750001433447,0.735,16.431855291273592
2.0925000304366645,2.143857692764029,15.88042873097658
2.139999980106652,3.093116041214615,14.162162748506068
2.0125000102876127,3.845606525412351,12.899290451046824
2.107500009297207,3.755358474894315,10.559358733394742
2.1250000012461094,3.1098172808256743,7.651332505487799
4.485000097295046,2.2923974211002887,4.47256730884701
7.107499972907901,5.968243520160914,1.0968045343957653
6.870000025218725,6.161394074880779,0.735
6.832499928562939,7.34543527749896,0.735
6.890000129925608,11.538238793357014,0.735
27.000000560256247,8.310506709573268,0.735
15.087500288392304,11.022234018791318,0.735
7.530000291118025,12.20747723703146,0.9696644217411613
4.157500077103377,5.688255609332919,1.1691387896184249
1.9200000243663786,5.38740365752846,2.246547003647834
6.9225000010654325,5.276205451481939,3.7030062094250322
8.777500343684554,5.425852210291922,4.5248727295947075
11.972500126773715,14.459693309880494,5.692575689359307
27.479999883793596,18.189043456543683,7.627418175448775
24.505000455123184,25.26171294444084,9.853658750509023
9.612499731715918,5.148643885837496,12.093625825690031
4.7075001657932996,4.44305314085573,14.046175217860341
2.3050000465814766,3.7135097927007084,15.399984482253789
2.300000020404756,3.019934220457524,16.40720579811454
2.1250000012461094,3.4034726873591543,15.640870804965495
2.214999974078983,3.738614377346486,14.395297166821956
4.172499956294298,3.7251637627349794,13.723034348186253
6.069999823728204,4.857327525955439,12.197854733200073
6.002499968690574,6.252847330448628,10.213859974473714
9.137499836337566,6.562647620772124,7.148799475493132
10.88500011450529,7.540818830394148,3.2663404460859295
8.357499739553928,8.815425830280184,0.735
8.850000025559662,7.085300757696628,0.735
8.722500255079865,7.325204337951242,0.735
8.844999800043702,8.847115188066958,0.735
6.592499868115783,8.467948828733563,0.735
6.757500133929848,6.627423305745125,0.9023950028658843
3.459999913887531,6.098551183186472,2.2681238817493616
1.6599999588819592,4.34395841483146,4.707455513803363
1.8800000142918525,3.087345568872243,7.245345051306187
1.6125000092119721,5.636003611501754,9.597349152058959
5.317500169925392,3.0594085729540885,9.491960887524485
7.012500073567926,21.372328471130132,10.193973094455599
7.207500097763836,0.895041041888194,11.846682779486178
6.950000045367777,7.304073979749083,13.597060718933939
4.419999956336916,7.88941213168919,14.448562206674813
2.1374999670182913,4.966911084151566,14.784287761298417
4.109999928094149,3.8091746877479555,14.742881014201641
5.995000029095113,5.629768678728342,13.77438732604146
6.085000101597608,6.442622673143447,13.269241755957006
5.775000073354841,6.3418132309699065,11.85103634850502
6.04499989218384,5.370346597372592,8.995850169189572
6.085000101597608,6.387534077915848,5.267076511610747
10.095000364046692,6.72249696060419,1.4032551031996308
12.924999631609916,8.687646187506317,0.735
10.865000009798408,8.83952753920555,0.735
8.879999783941507,7.063785674759745,0.735
8.752500013461708,5.833143343108296,0.735
8.752500013461708,4.230183948436975,0.9562439073550141
8.875000355782507,5.122601808742285,2.6183577449961004
8.742500359786748,5.706676149895787,5.806312281298042
8.577500093972683,4.972217494741381,9.229789918038248
8.6800003315866,6.020176176528335,11.605248672540784
8.800000162470937,7.465191117152571,11.668432035658359
8.88250029537797,6.5701587233650685,11.335626402233839
13.494999825006722,9.622496195963025,11.402589237356782
20.36249979799986,10.701151924796104,11.663953281596303
13.962499780789614,15.18605839318037,11.574457138694525
7.1324999044522635,10.209016030922532,10.51258497657895
4.24750014960587,2.9738402104528245,10.062200288010239
2.1349999539299307,3.6652021204270424,10.169199213610291
2.1349999539299307,2.155497011364102,10.506919755355716
2.0700000123110414,3.855319529259056,9.758263760793804
1.9000000193291156,3.4467306979851426,8.737442724569439
2.1325000405111907,3.4045449331353606,6.7028795872396225
2.1049999962088464,2.9143785109607876,4.486413412512243
2.1100000223855675,3.702693246816993,2.1202487504418936
5.475000097465515,3.2664437038126586,0.735
9.444999751822351,4.840893998944759,0.735
9.600000363961458,6.363801943942905,0.735
9.677500271352528,5.257015461449623,0.735
9.96749979620993,7.089662698963582,0.735
9.514999719617963,6.932177921205758,2.7644488897681234
9.740000299552678,6.037243203646243,5.674642333900929
9.987499900916815,5.667682603648007,7.698681156674027
10.07500025933981,5.759898132472634,11.02586039825976
6.535000065431595,5.211709638803005,12.916063652123809
4.740000036933124,7.19581204071939,12.16039091628611
4.5725000570395595,13.65483640712738,12.86293735238254
14.620000332609415,1.3100895733882112,13.57131167052269
18.972499298405648,11.94313905131936,13.595928472046255
17.605000212311744,14.85367695366025,12.505973397688269
17.079999656487704,14.758734065343141,12.15047179566443
10.177499699596762,9.086095030279756,11.92339729026854
5.2474998034513,3.304319355598092,11.182043490775227
2.0799999649948626,2.271604743572026,9.130989416733383
1.949999982087463,1.9650344466366618,5.994495700815916
2.055000033450499,2.473712407737523,3.816270766041577
2.122499988157749,3.041164248280078,1.9993012608068434
1.9849999659852682,2.874655183752477,0.735
2.147500019371733,3.607512746124864,0.735
4.842499875868559,4.627935502546132,0.735
9.172499820235371,5.712238113392294,0.735
9.262499892737864,7.78243632944107,0.735
9.635000347859263,7.030812970940768,1.3662750826230643
9.409999767924546,6.58865062737614,3.112806970759034
9.352499965240359,5.752263040871918,5.050444990361333
10.617499611077308,6.993182107743024,7.337566161629557
9.297499876635671,8.407122452799081,9.247545462893843
6.77250001312077,6.887672246271669,9.838744188513159
8.092499747562409,4.690136920563579,10.89786068496406
15.93999926969409,8.57456741506219,12.743118521528839
16.51999991412282,13.461964528666138,13.984717335211037
18.157500015081165,14.146406974914074,14.447670761590004
19.257500192461013,13.245853681513667,14.032727792676686
17.545000695548058,14.063087159048914,13.604351751005053
17.83250050632596,13.539481977910398,13.846685276604891
8.599999912759065,10.475841173002719,13.577181812485456
2.0725000253994015,2.388170956033766,12.253805271304845
1.944999955910742,1.2009263219812885,9.508174344013332
1.9124999851012974,2.7065581828327474,6.180057011960447
2.015000023375973,2.589410697144866,2.5468780820161103
1.9474999689991026,3.5181240470738713,0.735
2.009999997199252,4.123814934837818,0.735
1.9600000344409048,3.2324240703010556,0.735
4.4250001818528775,3.0018790687230226,0.735
11.529999703856706,4.864147718739808,0.735
13.132499820917248,7.817555916883349,0.735
12.694999623516201,8.444384538401366,1.3144038725766165
13.242499998126625,9.644157195224166,3.256348965319842
11.042499643366932,10.358388100258708,5.004813846073747
10.097500078126192,9.765795594667791,6.585243919751048
9.519999945133923,7.7621595418679705,7.192358687711954
7.872500190500617,6.685829304617942,8.191769892118574
4.57500016979754,5.873092920354903,9.591321133417487
4.617500093290806,3.8631860537183287,11.498280046505332
11.037500215207935,11.152550054064989,12.740289499023556
17.817500627135036,11.084402346494793,13.289481067752838
20.335000551054478,13.912583640182017,13.690856210581064
17.51749985388875,16.75005972398877,13.596670014021992
17.26749974108815,12.140276789533495,12.943977524690032
10.375000235229134,8.106925529739856,12.970608449902533
2.0525000203621384,5.885653684595526,12.553349159011244
1.8975000062407552,0.735,11.010697858248353
2.1325000405111907,3.163330298694074,8.505563346113561
2.035000028413236,3.5759934247104828,5.1218283724880225
2.0074999841108916,4.659166778757572,2.0256098544669894
2.0375000415015965,5.417050585454106,0.735
2.0999999700321257,3.8025175544625522,0.735
4.7474999765285855,2.4343801841196417,0.735
9.802500327752828,5.843844670910835,0.735
10.21500019493103,8.711048614374995,0.735
9.917499933121205,8.644347312335967,0.8112949141392019
9.884999663302898,7.828016442883015,1.6004725771100818
10.192500376144647,12.95100223953545,2.5948879414640365
9.987499900916815,10.56753243962407,3.2144032049159703
9.457499916933774,10.546751722450256,3.5810225544163585
7.17000000110805,7.661730837644338,4.126898314214349
4.5725000570395595,6.578572035361827,4.839417692527473
4.814999831566214,7.053156507762372,5.467187593940497
26.387499646009207,12.17479437246859,6.6659834884834295
20.742499395359754,24.359205329123736,8.2924346140033
21.08250037801981,17.990260770914553,10.761112371068597
18.665000180277826,15.034981574656962,13.13963138159573
16.51500048596382,17.018416588795183,14.883190324294567
6.6124999728226665,13.650419049551486,15.538239800809622
2.214999974078983,5.4338253812450175,15.55187779430747
2.5925000566986203,1.9320016420365869,14.841635268802642
5.76750013375938,4.337436832229793,13.555469782378673
6.034999839830399,2.9706455997799335,12.026338466283082
5.894999904239178,1.9567691440261898,10.380154350638986
5.922499948541522,1.9803177862279862,8.123215532497166
6.027499900234938,1.0165009455003962,5.238263619068563
8.537499884558915,1.17053396496471,1.6911177113957703
10.710000195016264,3.843864898465574,0.735
7.49500030722022,8.849303135573864,0.735
6.859999972865283,11.530516391168833,0.735
7.260000073610544,7.995566656265258,0.735
6.699999932567179,10.617924602338672,0.735
6.8825001903301475,8.006276754994392,0.735
6.907500121874511,10.55280286444366,1.0870180989562346
23.184999923324586,9.214209562978148,2.0326144360490885
24.23499944025874,10.40007870643437,2.3675715378994493
17.715000389521123,18.592990872935058,2.5148821404770016
27.9349988771081,13.97912945761323,2.8164186232343313
31.702500959744455,21.1772120328176,3.1280931010997293
35.82000128664494,21.918214995247126,4.283634772462249
33.61249939757586,24.688453155778646,6.311142098025083
30.19499874863148,21.047424645210505,7.415057298094034
6.204999932481945,17.841821609225274,9.485571666178704
2.2975000073163954,2.343876381355673,11.697607326940297
2.557500072800815,1.9136687110700457,13.550393807951211
6.23500008954227,2.0587006667861343,15.181446480505466
6.0475000049418215,4.224898667806685,15.678683066872358
6.16999994858414,3.0523920310175416,15.42702923573017
6.229999864026309,1.8255509990183263,14.357722517290116
6.130000137848854,3.683078863541037,13.011410003064274
8.989999961150884,2.748312776904702,12.158604039331674
11.060000033994317,5.223028120895028,11.14508599553287
8.200000210692286,8.005913957576155,9.470252844202518
8.925000218871235,14.923370736382006,7.172128146842717
9.729999848520755,13.247270584837198,4.313279706995488
10.274999711694717,1.45325551447127,1.4526233599039167
7.572500214611291,12.22438359672129,0.735
6.685000053376258,8.495890608793497,0.735
3.5950000226412717,8.701823194311261,0.735
1.5075000076837464,5.665392594449818,0.735
1.5775000253141669,4.6833976595109705,0.735
1.6925000293610244,10.301727914456725,0.735
5.259999968562722,12.673537166138887,0.735
6.995000081619024,9.707126069318651,0.735
7.1324999044522635,9.27160172247231,1.2840932446487618
7.012500073567926,11.545363177822829,2.485118997773975
4.345000161703825,8.78423402323842,4.065725885357857
2.0900000173483044,5.764385657461286,7.020387927325963
2.117499961981028,4.351324797135592,9.609741673980356
2.0500000072737783,6.920463950060009,11.81739904765725
2.1100000223855675,5.441763867170215,13.740976474571227
5.629999912247658,4.9355039907297495,15.223307721071242
5.875000198210776,6.855050778194963,15.320362010626793
5.834999988797009,5.665739444728792,14.180868742861747
9.592499627009033,11.943182905952334,13.214994372325538
13.517499643793105,12.02368167288184,12.877667724919915
10.247499667392372,12.100215980990528,12.270619137586952
9.912499707605242,8.22996966950953,11.284357146859765
9.619999671311378,5.9793355528753995,9.866359849575161
9.56999980822265,8.073089687008261,7.468638091304301
9.659999880725145,8.588836915274857,4.6372757420125605
9.444999751822351,8.062653879074453,2.1389814562558382
6.329999988882244,9.355553842409252,0.735
3.835000083088428,6.0068874253803495,0.735
4.662500129542053,5.0653029400128124,0.735
11.299999695762992,11.169934827932716,0.735
15.507500095165968,14.012023621771336,0.735
20.28750040204525,17.221045724414587,0.735
13.150000211544633,24.600686480129955,1.4780319368918984
7.499999735379219,5.420651050821245,3.274854025720805
4.292500185857118,2.6918094710852203,5.648785642299653
2.1049999962088464,3.6937335459612313,8.360614215852022
2.1325000405111907,4.457146425179541,9.921186911718845
1.8149999730033426,3.5249563995519284,10.782523000243305
2.0599999599575995,1.7782338434321432,13.00648951324463
1.9200000243663786,1.9278739243775604,14.146089626842736
2.0525000203621384,1.4904127974677084,13.885240675201416
2.0725000253994015,2.7570948664969204,12.509685891708731
5.360000093418658,7.460012283676862,11.621483657667635
15.099999656146764,8.593692819180488,11.055271707202792
18.465000727922916,13.283759234185219,10.263263414553998
18.209999592249392,12.973338600144386,9.214433620284796
17.989999237830638,11.463835023053884,7.2980511439278715
18.25749974125862,13.11441496763587,5.809072731104493
19.187500224665403,14.681586589729786,4.239135077705384
18.622499459427594,16.37817403108597,2.66860578543961
15.47999925350666,9.034305100808739,0.735
4.265000141554773,13.78299319974482,0.735
4.175000069052279,2.6733255406437815,0.735
4.91499995642215,8.225026853694915,0.735
13.122500167242288,9.696443878083228,0.735
19.619999399193524,11.123291837658881,0.8996399103015287
17.50500048613429,19.397894022392034,1.8889441666868327
9.342500311565399,10.019465144212841,4.14212025731951
5.2049998799580335,2.407071704827696,6.221018435193301
2.095000043525025,1.2629020879781618,8.13411460482657
1.942500042492002,1.0175604335651918,9.1953903439337
2.06249997304596,1.423779569779411,9.986050305957793
2.067499999222681,1.2542917789766936,11.157279178213477
1.889999966975674,1.2716692769621312,12.357936901265383
1.9874999790736287,1.4037384011889247,12.85604101200819
2.1250000012461094,1.906524093671292,13.150927537692784
4.590000048988462,8.49241652450502,13.30841271412909
15.532500425388813,7.617263834522962,13.7312877901119
18.58499976145029,12.65663957737565,14.127972081925869
18.72000026888251,13.227513674004078,13.694771233270167
19.159999383006095,10.926658826402425,12.521184576474427
14.609999881577492,13.587810580804348,10.807210766536594
9.884999663302898,13.150624542046785,8.216837997683285
9.857499619000553,10.245839570195079,4.8228390465494995
7.462500037401914,7.809130245853662,1.4733801065340264
4.017499942172915,6.267342881360352,0.735
4.154999964345396,7.146967946548759,0.735
4.57999999663502,7.783040726019143,0.735
9.902500053930282,13.784219534754156,0.735
16.66499927787304,16.555888951034547,0.735
10.635000001704693,15.998536433787345,0.735
7.379999904494881,3.91749742524609,2.2496874937168507
5.472499984707534,4.415822204528451,4.559875504241884
2.187500029446259,4.571652865266204,7.165506097263694
1.989999992161989,3.2234819112984834,9.242684774846435
2.117499961981028,2.2759510367085785,9.726980257701276
2.150000032460093,1.6895533967036753,10.842095931031704
2.1450000062833725,1.8361364110523462,12.51803661118388
2.0274999891481547,1.4399608828156814,13.412679894773364
2.1574999720555543,1.2342232510754092,13.189813042072057
4.567499831523597,5.2799378794264795,11.622382278965116
15.157500256187916,5.591428965190351,11.860087944750786
19.062500168265103,9.98107479850769,12.100213588919638
19.280000011247395,12.896763626830577,11.745443163231014
19.140000075656175,14.370593453389406,10.881173598439096
18.88500053469658,13.76647116611123,9.39895557662785
18.72499969704151,14.4743710568583,7.120984475190341
17.690000059298278,8.862183639956712,5.180660159979165
7.947500383812189,8.874181470181345,3.1797656197579203
5.740000089457035,7.124848467033803,0.735
10.844999905091523,10.226687055940031,0.735
11.904999873057603,13.414883789419532,0.735
17.140000767965315,10.081943643774986,0.735
19.517500756293536,17.286979171698093,0.735
17.679999608266353,17.32492220014691,0.7798652953831758
7.452500383726954,10.995324815998673,1.9770671612284332
7.679999880384206,1.306275266850516,4.240523276178241
2.6599999117362496,3.6864333442850414,7.441892346689104
1.942500042492002,0.735,9.600269870615005
2.0649999861343202,0.735,10.635987129625082
2.055000033450499,0.735,11.522506940473914
1.9350000032269208,0.735,12.907504025124311
2.0500000072737783,0.8287664877875894,13.434638308181762
2.0175000364643334,1.3769678388382494,12.894546177116036
4.432500121448339,6.56715428232789,11.735357395004034
13.229999833015203,6.717469624951481,12.010042084670067
12.710000300064086,10.49187362946093,12.201425297681093
10.052499643196462,10.433951227586268,11.960711204073428
17.405000759956835,9.368856148625612,10.880879373719692
13.27500026794493,15.795325227584838,9.13701105651915
9.359999904835819,12.57143082286477,6.985376780430674
9.907500279446245,7.404743087097108,4.528587615686059
6.827500101725459,9.55884079752326,2.642848564119488
4.179999895889759,6.739639337955117,0.735
4.312499891885519,6.115066040607393,0.735
4.6725001818954945,8.878656237458586,0.735
11.959999961662293,12.223079120729565,0.735
18.98500026087403,15.04257879180193,0.735
18.124999745262862,17.29445519058466,0.735
15.330000461597441,10.676914665187,1.3963916039652002
8.172500166389941,11.26711191046059,3.472811845571548
2.915000050713569,6.12561028908819,6.349083531759978
2.340000030479282,4.037182499469221,8.587384928244948
2.0700000123110414,4.291067335394323,9.688503000087142
5.872500085452796,4.347922076295316,11.26157905049324
5.949999992843867,7.291669896151721,12.611773895772695
6.0174998478814965,6.152496368528903,13.288553741604685
5.83750010155499,7.321909260300993,13.28668872366786
8.702500150372982,6.961088489975928,11.933709507873058
10.317499635187984,7.923055014035701,12.156967862843274
6.647499956720472,7.874737574139237,12.597739615864157
2.477500052651763,4.114766129341424,12.558652380173205
2.3775000274654476,15.745469686106443,11.82774714632511
3.0624999259002506,3.0750439456446466,10.465308087519407
3.1149999017469585,4.285437596555949,8.633043182669281
4.0449999864752595,5.782543867583275,5.901761491286755
3.399999998445362,3.4865640604543686,3.174583198175877
3.5924999098832906,6.563319792692066,0.735
4.472499932183624,6.5608699134227635,0.735
4.932499948371053,7.616983962228893,0.735
4.547500125495196,16.56768026580572,0.735
4.787500185942352,11.496249178320168,0.735
2.589999943940639,5.197410237704218,0.735
2.78999999431327,5.807245188944936,1.4456076153243331
2.8400000567412373,5.798452335033715,3.1567459242315588
2.7825000547178087,5.949353735025228,5.853820802555383
2.552500046624094,5.953794215953052,7.831271254006624
2.854999935932159,5.278203628031612,9.186233496568798
2.7749999157831073,6.724371546824574,11.060403496617674
2.7950000204899905,7.156196157361864,13.17335479699552
2.7200000265176594,6.559152007845641,14.706390770139693
2.824999978211075,8.085274896119236,14.93785073883295
2.602499909712821,9.001682038018107,13.45118984402299
2.5750000647497178,7.284262848642468,11.590945683335661
2.4325000164005157,7.5252416647619,11.055388918676377
4.437499948285819,7.0885065313670035,10.404716134532093
5.280000073269606,8.64023932926178,9.24125431645453
5.112500093376041,7.920599154589175,7.211742435486316
3.037499994355887,8.842914711585044,4.4195111765185
3.1124999883282185,5.601149145249725,2.051411030089706
3.1000000225560367,6.582124260632694,0.735
3.044999933951348,7.145544664369523,0.735
2.9749999661557376,6.212593162842095,0.735
3.150000084984004,8.464347964687944,0.735
3.5499999863900245,7.711693224955797,0.735
3.4299999561664465,7.720533521606326,0.8812285019676293
3.4199999038130047,6.9788137352669235,2.7681069641758502
2.245000031469688,5.462057797918022,5.032683864006996
2.0500000072737783,4.095244040133953,7.307948735911547
2.19499996904172,6.132812415857911,9.330002538524866
2.082499978083223,6.762706476220786,10.632365534298419
2.1374999670182913,5.940890588218272,12.965616995313168
2.162499998232275,5.398693036091328,15.10487469661951
2.2050000213951617,5.5963147699821,15.689656293399333
1.9600000344409048,5.2202999640455845,14.716525177141428
2.1850000163578986,7.253690189282596,11.98903651283264
2.6800000164431332,8.195243179050088,10.52330145416379
5.187499888009131,5.739301604757309,9.234722368212342
10.197499804303646,6.285620695026815,7.455854864470958
10.202500029819607,10.276681337530016,5.009853142080903
9.830000372055173,10.222217870161533,2.1905060651973636
9.432500384067893,10.54740714987397,0.735
9.602500078040958,10.869257895981669,0.735
9.282499997444749,10.791163160296081,0.7583211883413663
6.490000029180348,9.434957040871382,1.2124512198571487
4.325000056996942,8.011541703022122,0.7855337122636148
9.577499747818111,7.014996996898055,0.735
13.857499829096197,12.803405086799263,1.3956712916186078
17.98499980967164,19.333709976285697,2.932652935860157
19.96499981001258,15.450458772735596,4.682571597697139
19.280000011247395,14.055884633600712,5.679930006602109
18.04250040971279,13.997113046560287,6.893484978533088
6.6775001137807966,12.050668219299911,8.635809213974476
2.1125000354739276,5.478683487956822,11.007580989879369
2.095000043525025,3.009987192342132,13.0302946053797
2.030000002236515,3.684562146831751,14.587201851286888
2.107500009297207,3.664569018998295,14.936589320117236
2.1574999720555543,3.5661546378028395,14.582138634570837
2.0375000415015965,2.8163113787227867,13.395883570344447
2.087500004259944,4.0162251677280665,11.610046369388103
5.830000161959529,6.082887903002203,9.997294633852244
9.397499602813124,6.138110454199612,7.870373639479875
9.714999969329833,8.190894394173025,5.461923841948211
9.904999768009782,7.989591263183355,1.9935281970543413
9.484999961236118,7.907696324211359,0.735
9.502500351863503,9.071922807616591,0.735
9.812499981427788,10.3795674959141,0.735
4.217499992545545,11.079665248776674,0.735
4.614999980532825,4.771991194330454,0.8300936697647114
6.497499968775809,4.635898307858706,0.735
12.962500126944184,6.293477053184808,1.7670696499124914
13.389999873313307,17.10737451574683,3.7249281437523667
14.047499627776146,16.223603194350005,5.80883192930162
15.297500191779136,14.602373959581852,7.066798488045036
12.692499909436702,15.006991155822277,8.385196731026172
12.990000171246528,10.692382592915296,10.200007491952777
5.032500073226989,9.060227175680994,11.946307747890948
2.082499978083223,3.8737430599105362,13.488189599184393
2.032500015324876,4.103306515066922,13.765751152773499
1.9575000213525442,4.411760468158126,13.713887866461873
2.0375000415015965,4.461510359838903,13.080906838616132
2.0500000072737783,3.989991126943976,12.009546925995945
2.0725000253994015,2.6483228183500467,11.229518921718597
1.842500017305687,3.2776280305956305,10.067337658923863
2.5099999237915873,4.514544963529408,8.245516535577178
4.8475001013845205,4.1280373386362195,5.831369622543752
5.037499900064469,5.548890369884372,3.1391123749913272
4.727499871821702,5.202500564557016,1.2106870675761623
5.032500073226989,5.404659259568155,0.735
5.262500081320703,6.578386649867893,0.735
5.120000032971501,6.869664337937236,0.735
5.050000065175891,5.08355165015012,0.735
4.362500153652728,6.645215927699507,0.735
4.262500028796793,9.861716839978694,0.735
4.522500193950832,8.09231874753177,1.7426587658246606
4.754999916124046,9.898346621509194,3.4274526000083987
5.332500049116313,11.65424067642808,4.905928824930787
11.94749979655087,10.762211128963827,6.3505590408203005
12.854999663814306,15.410924219788312,8.421057860444188
11.182500376315117,10.834515458382963,10.836134890375137
2.067499999222681,6.920748207817375,13.546891816169023
1.962500047529265,3.1832915322490036,14.74653450380683
1.7424999921193718,3.462116298606992,14.753044126054048
1.9000000193291156,3.9673976187144224,13.365664538797736
1.9800000394781678,4.081989974013865,12.218868278607129
1.9249999508734792,3.6217268300285936,11.923279281437992
1.882500027380213,3.486244918329865,11.233502517106533
1.8050000203195213,4.299497391887307,10.094394372754692
2.3975000325027107,7.121150325438678,8.378116998550295
4.619999807370306,5.71941871152401,6.1764039210337405
4.7075001657932996,5.497474002150596,3.387619636217654
4.824999883919657,6.188814782165289,1.692949439679384
4.4600001657506825,5.035645247768164,0.735
4.280000020745695,6.057572218100429,0.735
4.0775000569543245,6.8608678959196805,0.735
4.212500165708065,6.555512471987307,0.735
3.8175000911395256,4.693618978421688,0.735
3.809999952204824,4.785626397078931,0.735
4.157500077103377,7.408982235391735,0.7424473662067094
4.259999916038812,11.544681437619328,1.4440362739240005
4.84999981546402,10.330017342152596,2.8435608535994588
12.035000154973863,9.323083872155546,4.423250381997228
12.512499764431714,15.10900819511652,5.620612230041921
12.984999945730566,11.296429131281972,7.796040833946466
7.929999993184804,8.018874995012283,10.446580564525723
1.9149999981896577,7.5458477607607835,12.97344066183567
2.022499962971434,3.224141923524737,14.414841980702876
1.9249999508734792,3.89541741490081,14.185557201805114
1.8324999649522453,4.039825737802088,13.057368063706756
1.9550000082641839,4.5512636503612995,12.269422304785252
1.9149999981896577,3.571395665121675,12.04126658334732
1.9299999770501999,3.8441794557875397,11.646130758755803
2.3225000385303796,6.064720523275137,10.933086320882438
4.185000121405721,4.348290853890777,9.95870654362023
4.649999964430631,4.041089947267175,8.828677903007865
4.24750014960587,4.227911481091977,7.7329204620289795
4.327500169754923,5.742897285982669,6.311162430627644
4.354999815378785,5.967433804164827,4.281531743471921
4.122500093205572,5.822313242156207,1.5669091812858356
4.130000032801032,4.6528349671131375,0.735
3.8624999280515318,3.602497570165843,0.735
4.065000091182143,1.9616532544343916,0.735
4.37750003284365,15.715457170013188,0.735
5.604999980703295,5.8961768031167985,0.735
8.517499779852033,9.023972151923179,0.735
15.582499491120576,10.14367741193354,0.735
14.067499732483029,15.213318433036804,1.7674012507395445
12.752500223557352,8.073127960142493,3.281298065357804
2.427499990223795,8.010400685207843,5.090398953071237
2.4099999982748925,2.5928084345041214,6.934065265137552
2.352499996251464,5.940005920667648,8.924576822323798
2.2775000022791323,5.819051653498412,10.900015940835475
2.4349999298192557,5.444511957943738,12.673234170492886
2.4000000455910713,4.5732132928431035,14.134306285641193
2.4124999116936325,3.5091428175801043,14.373074828258753
2.3124999861769377,3.241954479403198,12.682879000319241
2.3050000465814766,2.490937909551859,11.862052632308005
2.174999964004457,0.735,11.713805633646846
2.022499962971434,0.735,11.669164806707501
2.095000043525025,0.735,11.322635862590074
2.6999999218107757,0.735,11.12211254671037
2.9474999218533933,0.735,9.789115893769264
2.6699999640896914,0.735,8.288399987769722
2.1700000374973563,10.367281022468806,6.946600912633836
2.2775000022791323,5.4024513781371715,4.893568197287918
2.3124999861769377,0.735,2.2773831894840297
4.867499807412923,8.541882955785393,0.735
5.877499912290276,8.97556540804684,0.735
8.020000065687299,13.57376115111351,0.735
22.175000615804194,15.467278220516443,0.735
18.662499668841363,22.84203436747551,0.735
2.474999939893782,10.518396114126443,0.735
2.082499978083223,2.708491374789923,0.735
1.8450000303940473,4.244618102862537,0.735
1.9324999901385604,5.478158827075064,1.6074357957997172
1.9824999528969078,4.197543343793154,3.047314063197672
1.7024999820448457,4.489767494577766,4.65028501954496
1.9775000263898073,4.208873786239624,6.245332241070867
1.9800000394781678,3.6699964285072686,8.252899263699055
1.8275000384451447,4.931123710252643,10.622707946760654
1.8250000253567844,6.067628882798255,13.22298707852423
1.7525000444728134,5.20259744342804,14.804725614978075
1.5624999966188147,5.331687542370856,15.21484776369214
3.667499903855622,5.88472556109041,14.60887082411766
3.405000024622083,8.599751934743523,13.192979346572756
5.532499900149703,7.148852898409664,12.82943639957547
2.7574999238342044,9.48876508081615,12.967716436197161
1.4549999820022284,6.703253946333825,12.763978177042008
1.4150000217625125,4.793391059186161,11.949744356402158
1.4674999976092202,5.4765302254778145,10.299911535294651
1.2674999970714,4.900307059662044,7.894988048932552
1.5675000227955356,6.60995560675323,4.705681793238819
1.5724999991374462,7.108987841001152,0.7905124340589763
1.6875000031843035,6.643527125651539,0.735
1.8524999699895082,5.9531627092382315,0.735
1.8324999649522453,4.162322093338073,0.735
1.7525000444728134,3.106516621676683,0.735
1.8874999538873134,4.358672441551089,0.735
1.8250000253567844,4.099376342595518,0.735
1.86250002234295,3.4460950051462653,0.735
1.9124999851012974,5.180423344961107,2.05136657743901
1.8775000012034921,4.252056247293353,3.483231905705333
1.7450000052077321,4.252949685770571,4.456635718044639
1.8050000203195213,5.997442333473265,5.437553822404743
2.3299999781258403,7.349717084391116,7.498673730749488
3.832499970330447,4.621092983766794,10.265287106526493
3.9949999240472915,5.523057997670472,12.77281687897861
4.065000091182143,5.467484210730792,14.707693651417493
4.1125000408521295,6.121225623147786,15.538418408769369
4.2200001053035265,6.98379761496514,15.31598771032691
4.029999907945097,7.080344785492121,14.49606235568404
3.9874999844518304,5.00548123385191,13.492461040436028
3.7775000810649995,3.7548607248100643,12.646608029422163
4.17750018181026,4.047260892144293,11.463479401848316
4.002500062981993,9.514054054259658,9.29423230780065
4.622499920128286,9.58526919406712,6.621034483077825
13.362499829010963,13.774250180643797,3.1550493479532
13.684999623686672,14.11063993361771,0.735
12.627500167157054,12.014414790256023,0.735
7.420000113908648,9.924310956300497,0.735
2.46000006070286,5.2818116682899,0.735
1.8400000042173266,2.180266706085354,0.735
1.7174999609053878,0.7833772541274037,0.735
1.8549999830778687,0.735,1.6815676673784106
1.6974999558681247,0.735,3.3512597600191834
1.7450000052077321,0.735,4.917324251969755
1.7725000495100764,0.735,5.84017164606005
1.842500017305687,0.735,6.746112680460512
2.289999968051314,6.04676484182179,7.9083900247693055
3.8025000126093627,6.376215595823824,9.502250779134034
4.275000193908215,5.257640190630258,11.793179329901337
4.025000081107617,5.429603774803579,12.733954497951268
4.597499988583922,6.200412737872899,13.81340359696269
4.9774999846223,8.787067829885482,14.25780571623683
3.924999956251681,9.785279809419512,13.933302163512707
4.387500085197091,8.762883195835947,12.227260460644365
4.787500185942352,3.738468461022228,11.143801453465223
4.432500121448339,6.223108706472218,9.819008008961081
4.015000028754175,5.451883124389648,8.233678176745176
4.249999863685369,10.75256550178051,6.194369170770646
8.36000025099039,14.34149470837593,3.72647940172419
11.369999663558602,13.592574788659215,1.3595781811591237
2.1450000062833725,10.137269054020642,0.735
1.7075000082215666,2.91874005354926,0.735
1.922500037454739,1.5341373615867644,0.735
1.7900000414589792,1.0800740666685251,0.735
1.9000000193291156,1.117795255459752,0.735
1.842500017305687,1.060779074691124,0.735
1.817499986091703,1.299550756901726,0.735
1.882500027380213,0.9752887784200347,0.735
1.5750000122258065,1.265768237417042,1.3997681116953118
1.79749998105444,1.7816317801306396,2.864026016755104
2.269999963014051,7.4878456231898065,4.845164642839432
4.802500065133274,8.056566058660746,7.5945264033615585
5.072499883962274,8.630597688863277,10.389303224434256
4.775000020830929,9.653873787177204,13.147479766184091
4.437499948285819,7.444746087260246,15.22787498175621
5.005000028924644,6.191605531536341,16.086848501598833
4.604999928179383,8.449250807947516,15.526332071921825
4.664999843621552,7.137336671790778,13.78626555272162
4.237500097252429,4.359269263238013,12.887481594422459
4.262500028796793,5.707778894575834,12.192325860017538
4.015000028754175,5.565995670136512,10.855647012620567
3.967500079084188,8.979360029834508,8.739377909919023
4.362500153652728,12.68305043206632,6.299994250323176
8.535000170479416,7.6584919736599915,2.825633278979063
13.249999937722086,9.82406564417839,0.735
11.112499611162542,11.4490312936759,0.735
2.202500008306801,6.490056641524732,0.735
1.8724999750267712,1.004004717338979,0.735
1.7799999891055374,0.735,0.735
1.8050000203195213,0.735,0.735
1.8524999699895082,0.735,0.8273476159890555
1.8975000062407552,0.735,1.940797087357938
1.8450000303940473,0.735,3.3712933537185195
1.6525000192864983,0.735,3.817467399504036
2.382499953972548,5.161494888012707,5.257409355789423
4.530000133546293,5.019164278018176,7.1649471500325195
11.41749981256783,5.14736970941037,9.251985146464705
13.14250027194917,9.440018662873506,11.708278355178237
13.517499643793105,11.000077063499093,13.53312146141529
13.582500183429717,12.514303385882377,14.462268772871493
13.439999736402035,14.097181345436573,15.12708108804345
9.95750014253497,8.15898496586442,15.045375920028686
3.4800000185944144,6.349625734494925,13.259272401846646
4.055000038828701,5.596190780974329,12.304774720460772
4.284999847583175,5.737773470137418,10.87928545715034
9.49249990083158,10.302872121698856,8.66621323233664
13.762500328434704,13.975826805071831,5.964462054763138
14.437499676167965,15.386043493109941,2.7672906699848174
5.7699998478388785,9.19539752014637,0.735
2.4349999298192557,5.8864119710674885,0.735
1.8349999780406057,0.735,0.735
1.8400000042173266,0.875581308486983,0.735
1.7799999891055374,1.1533735972473025,0.735
1.7799999891055374,0.8875721742968912,0.735
1.6974999558681247,1.0124689106769487,0.8149022317927423
1.8475000434824078,1.6310685591611265,1.8188408414948731
1.710000021309927,1.3785183492879196,2.9699662516473233
1.7799999891055374,2.0958473349680005,3.6704907898244263
2.39500001941435,6.942469407529234,5.363997642553449
3.757499976358116,5.229230760711432,7.309455341893434
3.6149999280089142,3.3761550384621324,9.534526991645693
3.52000002866894,9.071632569682002,11.96361517813325
3.3650000145475567,5.01473854819417,13.525836808199882
3.5674999783389274,4.113606373638511,14.479290749320983
3.5150000024922194,6.493113309442998,14.625073117609023
3.4275000427477065,5.425145353344083,14.571929276014567
3.492499984366596,4.361589572000802,13.42068376396954
3.4150000769755247,4.664070922759474,12.800875073155165
3.4400000085198883,3.821240492653698,11.54340646383524
3.58250005686909,7.527999722497463,9.556039682511686
3.710000026688129,10.251454557929634,7.035696782340109
3.7824999079024795,9.313820976314544,3.883436329172403
1.73000002634719,8.505437363713384,0.735
1.8450000303940473,4.148398646047413,0.735
1.6799999639192222,3.0207776247853038,0.735
1.8600000092545896,4.067207374595404,0.735
1.7924999548777192,3.992457152691782,0.735
1.8275000384451447,6.178445553537905,0.735
1.7024999820448457,5.355125451624394,0.735
1.7900000414589792,5.424735910543502,1.1494250108135304
1.8475000434824078,5.318776339744926,2.254953239101544
1.6900000162726638,7.232589731966555,2.6339765725296735
1.7450000052077321,7.9854202889090775,4.165829267940522
1.6125000092119721,5.944204802435637,6.267349260216058
1.425000024281144,4.171470967133343,8.697869101130962
1.324999999094829,5.319426983026863,11.26257415198326
1.4749999870394914,5.71369169513613,13.343072226603626
1.4099999955857916,5.687915137909651,14.846629912819862
1.3175000096645577,6.120199026057721,15.18292956445694
1.4775000001278518,5.4917980166083575,14.72340955716133
2.867499901704341,5.928540724894405,13.481475853554606
3.302499986347407,7.456828437322974,13.45563191966474
3.8925000851118567,7.725484310990572,12.934999285284876
3.8049999260281027,7.881034302077293,11.645814208041429
5.407499843749404,8.203435224489569,9.038148361371158
4.632499972481728,7.705900426618457,5.415974552232325
2.1100000223855675,7.888948069936633,1.4610640810462832
1.7224999870821087,5.839816423532963,0.735
1.8949999931523946,5.567620284948945,0.735
1.7199999739937484,5.273339351877868,0.735
1.7525000444728134,5.298955241676271,0.735
1.6799999639192222,5.187696037822068,0.735
1.8400000042173266,5.030758645619453,1.9200848432133346
1.7075000082215666,5.426313082616628,4.26417368106246
1.6725000243237613,5.452660148750246,6.776010775829553
1.8975000062407552,5.211114411830009,8.283888542072177
1.7075000082215666,5.391035219817161,8.704263903975486
1.3874999774601682,5.10017454943955,9.77168407584071
1.4625000212673096,6.3052085661837465,11.517527446238994
5.272500133674145,6.6145276515799765,13.197085734933019
4.7075001657932996,9.24093377895534,14.209128668349981
4.234999984494448,7.2269767376244065,14.078404386311172
2.372500001288727,7.401098767096996,13.443746516771911
2.035000028413236,5.826391723022759,12.826328302133083
1.5524999941001831,5.614152841283381,12.51130691841483
1.7624999971566349,5.460910002569556,11.708468126135468
1.4674999976092202,6.054553025959432,9.576257465669512
2.182500003269538,6.3851308440288905,6.189417982707918
2.6349999801918864,6.8426100161772965,2.0192815312592685
1.882500027380213,7.103902298290133,0.735
1.7399999790310112,5.46817073507607,0.735
1.8675000485196709,5.103428563206196,0.735
1.7725000495100764,5.019366408008337,0.735
1.777499976017177,4.395580899340213,0.735
1.9124999851012974,4.328584575224817,2.154832514004931
1.8549999830778687,4.257100327442289,5.003346709261537
1.909999972012937,3.9744956904004516,7.892085669586658
1.7024999820448457,3.580842152403444,10.00935146849215
1.7850000152822583,3.40917598237738,10.126074959614872
1.8850000404685734,3.266699655397832,10.46800076198399
2.1700000374973563,3.4571852438075843,11.112909452641606
3.807500038786084,5.2649706918710475,12.251984905357956
3.5924999098832906,4.628344945346713,12.773394165419935
3.45249997429207,3.696722039859146,12.174639685217738
3.5425000467945638,3.850582630880177,11.781533134097456
3.5274999682644013,4.91465151142925,12.144124834237694
3.752499950181395,5.404776869720221,12.084094220552444
3.490000070947856,4.388969614080191,11.972373347016573
3.5550000125667456,2.5750471088105438,9.826077375796437
3.52249994208768,5.93444834263444,7.1505759868070475
3.45249997429207,7.123220662793517,4.233591054740549
3.710000026688129,9.998398175889253,1.7728000550674645
3.712499940106869,10.37134036676824,0.735
3.762500002534837,10.51483192850113,0.735
2.9474999218533933,11.699355930760502,0.735
1.8775000012034921,4.725311924314797,0.735
1.8975000062407552,3.350360740043223,0.735
1.7525000444728134,3.8933817625738683,2.038241384138092
1.9375000163152813,3.643297528613657,4.571171660338939
1.857499996166229,3.68679913179189,6.872465054270327
1.782500002193898,3.450407908959985,8.83747195295453
1.9074999589245765,3.297009784977585,10.352824940726757
1.8650000354313103,2.7359746745960414,11.24026171208322
1.8025000072311608,3.9419794734428826,12.569345734406113
2.3274999650374797,4.99051723572433,13.56394329482615
3.839999909925908,4.484384139041007,14.167985049051046
3.445000034696609,5.7590764561221,12.875153658415078
3.5624999521622063,4.935950909307599,12.305918927702903
3.6275000931203367,5.47710711324066,12.3841173197937
3.447499948115349,6.115772897555233,12.047556135072707
3.6000000488179924,2.6457369897185266,10.678019801937937
3.6300000065390767,4.222097552795113,8.366767419536709
3.495000097124577,4.612384251015187,5.328591006604433
3.6549999380834404,8.561365575823187,2.472943157607317
3.58499997028783,7.834385730304717,0.735
3.710000026688129,8.548469921658038,0.735
3.6800000689670447,9.830001169412135,0.735
3.9850000710330904,8.573129780457615,0.735
1.869999961938411,10.60202610185027,0.735
1.777499976017177,4.814098020840883,0.735
1.8975000062407552,4.679635330680311,2.2626917877682295
2.020000049552694,5.155745545629859,4.0274284317389135
1.757499970979914,5.082863929769397,5.88889214990139
1.8250000253567844,5.0659802947530155,7.5413522622025
1.8775000012034921,5.281898978877366,8.703645154972076
1.777499976017177,5.27510230812341,10.264952216601968
1.9550000082641839,4.901456449724436,12.279594187564253
1.782500002193898,5.001152781577408,13.40488652781546
2.367499975112006,6.341186907075346,13.917764068371653
3.797499986432642,6.111715546648204,13.498805609791875
3.635000032715798,6.289936389589906,12.895618622231483
3.432500068924427,6.087897298123241,12.93124772077322
3.4500000608733297,6.202413705171943,12.864358242490887
3.5425000467945638,6.083494691651166,12.035078295956254
3.4275000427477065,6.14410458517015,10.258750374142528
3.5075000628967588,5.699866721430421,7.65534002158463
3.5624999521622063,5.81847556309253,4.297483666876853
3.3674999279662967,6.065985131418705,1.1548998381444064
3.664999990436882,5.5812929634746915,0.735
11.849999784452915,5.717995030666292,0.735
13.052500199446678,14.654442963989972,0.735
13.612499941811562,14.626997937318086,0.735
9.974999735805392,14.717204525274038,0.735
2.0074999841108916,7.200448671460151,1.1764036584141848
1.7949999679660795,3.9880718887336553,2.3547482438787073
1.8450000303940473,4.190705609155596,3.985675631720126
1.8724999750267712,4.443757207054198,5.121182912026346
1.6999999689564853,4.463909606941044,5.964496341112555
1.909999972012937,4.535663760055602,7.491231998212337
1.6925000293610244,4.520558231067062,9.35508340180099
1.8225000122684238,4.176132714618444,11.072208366457224
1.8149999730033426,4.431272191725076,12.712155555935501
2.1900000425346193,5.2878181582933665,13.663994051849246
4.292500185857118,5.4371766725611685,13.494552507750392
4.664999843621552,6.683582352695764,13.236070908932685
4.84499998862654,6.364477703969181,12.926554477688073
4.4950001496484875,6.3827662819546465,12.985681685934066
4.537500073141754,5.954021462687552,12.611063450718522
4.360000040894747,6.663107023238838,11.476218774048686
4.437499948285819,6.165041982987225,9.538467529757618
4.095000048903227,5.81948063154459,7.068228149079978
6.027499900234938,5.974544234883785,3.7752391753959658
12.95249967591226,6.789831762750446,0.735
13.687500135123134,11.26593740365386,0.735
14.112500167412758,15.112701552569865,0.735
14.162499233144521,14.192483044387101,0.735
12.302499861044883,14.657147598809003,0.735
12.1574996999377,11.159591513406633,0.735
7.135000017210245,8.379948527494669,0.735
1.8050000203195213,6.496040406854749,0.8226020152064459
1.7275000132588296,3.59246941097945,1.0199009752609207
1.7799999891055374,4.155289006244541,1.3683952049532904
1.8850000404685734,4.248305081460178,2.235566899917051
1.817499986091703,4.061631856030524,3.7530870042455198
1.7349999528542905,4.147706141524911,5.9022498724266885
1.8349999780406057,3.9664073013661802,8.307357149568796
2.309999973088577,4.847915125683844,10.485584875092506
8.660000226879715,4.447014011570215,12.763912793771029
11.834999905261993,7.746562442311644,14.383883799251317
12.02249998986244,9.192869101216196,15.347701786179542
11.557499748159051,9.228001446369886,15.469207824367285
11.34500013069272,9.351318282220959,14.20352005947113
10.765000283620953,10.058447128784657,13.26826020953536
9.497500126347541,8.477470068230629,12.881240681471825
4.204999827434123,7.525224122908711,11.995583610857128
5.512500194121301,3.575580194464326,10.537729628412126
12.830000130948424,5.143893233051002,8.429679681286812
12.920000203450918,11.133529103708863,5.530197133240104
13.74749965188682,14.69335238907814,1.70766246970281
13.872499708287119,13.609576033827661,0.735
13.08499967190802,13.75067392995715,0.735
9.565000380063653,7.64121962712407,0.735
2.247500044558048,7.353953840614855,0.735
1.9474999689991026,2.9853841452261802,0.735
1.6750000374121217,4.04261887924403,0.735
1.8749999881151318,4.516958961735368,0.735
1.7325000394355505,4.885359008673728,0.735
1.6725000243237613,5.229256674812734,1.227783048718795
1.8100000464962422,5.197616354479194,0.8285656472731427
1.7799999891055374,4.770026108094752,1.002635007580705
1.639999953844696,4.167797543604076,2.416954147029072
1.565000009707175,3.394855052640587,4.8568857901978495
1.504999994595386,3.2008042819093165,7.488418125489353
1.8949999931523946,4.346387961498201,10.496324476029276
2.020000049552694,4.636933277196884,12.919138260573744
1.6950000424493847,4.987576184565723,14.471808351578712
1.4074999824974312,4.565141648305059,15.391894498505591
1.339999977955371,3.808554144691378,15.396329397934675
1.3825000011182575,3.4433658516006176,14.378050335708856
1.5149999971140176,5.078873556847275,13.33913647263348
4.602499815421402,5.480564453032911,13.228065445022583
4.559999891928136,7.88734378772676,12.918901445555687
4.84000016178906,15.948720760157109,12.16368639261484
3.7074999139301483,13.160913636299371,10.76050000092089
1.9925000052503494,5.190110833384991,8.540166246243714
1.9149999981896577,6.805410921775102,5.542873514240385
1.9575000213525442,6.564483535179794,1.5680028061956166
1.8450000303940473,6.385642348520756,0.735
1.9175000112780183,6.166414234320819,0.735
1.969999987124726,5.98295156670332,0.735
1.7850000152822583,5.8481149161270265,0.735
1.975000013301447,5.661626278834343,0.735
1.9324999901385604,5.794275779260695,0.735
1.8075000334078817,5.6397607575121524,0.735
1.7875000283706186,5.575344680529535,0.735
1.6774999508308617,5.156985435707569,1.0591065187912805
1.504999994595386,6.777637782712876,1.6403649439945815
3.5674999783389274,6.058667786567807,2.0074410793652384
3.6424999723112585,9.116306885613799,3.675933947133422
3.5574999259854856,7.116876093437671,6.675239208111763
2.514999949968308,6.882051677038371,9.975973308657407
2.3124999861769377,6.264362759710551,13.138731962941288
1.4700000106975808,6.151716553418934,15.054988855576514
1.3950000167252494,5.422977738439739,15.903322444102763
1.4474999925719572,5.681873962878287,15.52046990352869
1.617500035388693,5.692460869956613,13.205347947785258
1.4824999764697624,5.987305534400642,13.00475526184976
1.6674999981470404,6.036615683716238,13.017000272732973
1.8124999599149823,6.0443085836967825,12.953189389685392
1.710000021309927,5.951682416036129,12.313264977404474
1.909999972012937,5.84450727454722,10.783350656771063
1.86250002234295,6.018347039654851,8.312492128411531
1.8499999569011478,6.159557761794627,4.482616797332168
1.79749998105444,6.188454376817942,1.0394934810552
1.8549999830778687,6.064391214849353,0.735
1.922500037454739,5.8610388764643675,0.735
1.7424999921193718,5.818078479324877,0.735
1.942500042492002,5.879668723230064,0.735
2.1850000163578986,6.253700103720725,0.735
4.552499952332676,5.818852314257622,0.735
5.192500113525093,6.653088631675244,1.8126230518961697
4.727499871821702,6.7012541750702255,3.6531977120074632
4.622499920128286,6.387102707798779,5.516854959175587
4.502500089243949,6.200719720303715,6.975437725884914
4.559999891928136,6.205706390751303,8.139083733420968
4.210000052950084,5.694836993706823,9.904322014591097
3.8875000589351356,5.625676244114936,12.387772404112816
4.05000001265198,4.999935616173149,13.914822618534565
4.0075000891587145,4.839900890847146,14.369540942198038
4.357499928136766,11.14881044990778,13.369089186954497
4.8174999443241955,10.096892492120265,11.895997712943553
8.192500271096826,10.510104399066567,11.71160014428675
13.047499973930716,10.20321525901556,11.403030175757408
12.320000251672267,10.99936183430314,10.716937200595735
2.9275000164857503,10.306779170818329,9.374769347864389
1.7624999971566349,4.266139564655125,7.141732500728666
1.8524999699895082,4.183821229135693,5.0788540216016775
1.6824999770075826,3.8293021702297034,2.8946040582744774
1.8450000303940473,3.7704199499106408,0.735
1.8075000334078817,3.9884741553215686,0.735
1.6599999588819592,4.096514229776264,0.735
1.8524999699895082,4.626057726897896,0.735
2.167500024408996,5.542422210199237,0.735
3.959999940149486,4.58675241407752,0.735
4.387500085197091,5.4451163545218115,0.8382861388000797
4.552499952332676,6.4451415237900616,2.2058417313393948
4.5725000570395595,7.588767891373633,4.171931839458049
4.025000081107617,7.19248387275517,6.382769471382499
4.587499936230481,6.885817195296883,7.78265081846416
4.84499998862654,7.3697929380095,9.507333132417202
6.089999928435088,7.430246150885224,11.202170375239252
4.545000012737215,7.872488230146169,12.769420935672521
4.132500145559013,6.711409313353002,13.59163948894143
4.277499907987714,8.942872975200414,13.61973914568007
5.04000001282245,11.461828075577616,12.919618269465564
11.322500311906337,5.80480168853134,13.130626032053828
11.764999937466383,10.936373823641539,13.832910137709378
9.95249991701901,10.609842592160105,14.118603137608766
2.387499980149269,8.916896680054665,13.507516734614372
1.7924999548777192,4.173176912356019,12.054663775042295
1.7475000182960927,3.915536923812926,9.593929288043975
1.782500002193898,3.567835266941935,6.205160998588503
1.869999961938411,3.6645165927779675,2.0801835564356295
1.6950000424493847,3.9516157316818834,0.735
1.8149999730033426,4.162357575722933,0.735
1.7475000182960927,4.34129444521755,0.735
2.0999999700321257,5.5428165032175185,0.735
4.282500133503675,5.572945832105876,0.735
4.9900001497337225,6.239867156445384,0.735
4.342500048945844,6.0706827599671485,1.6319971810143439
4.402499964388013,6.476218511429131,3.415570187204182
4.942500000724495,6.939537127297222,5.464156840123534
4.7474999765285855,7.880028834946751,6.520156069526971
4.7824999604263905,6.979053739712834,7.82712898458302
4.325000056996942,6.473587233450711,9.628023474431634
4.604999928179383,5.838400716244877,11.332906617632508
4.6425000248351695,6.175061969264746,12.607759203463196
4.31000017780602,6.446591118749082,13.543776542513966
4.597499988583922,9.274183564319014,12.81568119460404
11.14250016690135,11.972176399846672,12.0736743597579
20.487499854400156,14.602857157901525,12.651321206431389
18.230000494313238,14.301402005554436,13.00210883408904
1.857499996166229,12.802395632883906,12.666816244296431
1.8499999569011478,2.018152174790576,11.577223967356682
1.7850000152822583,3.2283501742370424,9.77760046450734
1.704999995133206,2.19662368682757,7.1637423436611884
1.837499991128966,2.1500040192449092,4.491776435446441
1.7749999629288165,1.7036172784894703,1.9699179590271412
1.8475000434824078,1.155287303793691,0.735
1.8075000334078817,1.4239090904511138,0.735
2.06249997304596,1.2434904327100886,0.735
4.262500028796793,4.390632103348374,0.735
4.51250014159739,6.038257840381861,0.735
4.212500165708065,6.766843164145648,1.2531161259693278
4.520000081192851,8.389644388166666,2.779375412118435
4.432500121448339,9.836773122100233,5.295868274193406
4.210000052950084,7.723750856952667,7.846247212488651
4.2200001053035265,4.3237848849850895,8.999952570765018
3.8224999179770056,6.126209901524485,10.383578201438784
4.057499952247441,5.80925133906424,11.790801611437201
4.105000101256668,9.17534797930777,12.797766178355813
4.91000012958467,10.133161868303418,13.061339698740243
10.570000259425044,11.90910466670394,12.310502135527134
13.86999999420762,10.706745383892654,11.70326696666479
2.8949999460066853,11.947774087346195,12.347918111023306
2.0525000203621384,4.690044427155852,12.805624928584693
1.9775000263898073,5.092930561429262,12.505422424026728
2.0599999599575995,4.578454718840421,11.326618660621046
2.022499962971434,4.600190270977617,9.294399752762914
2.107500009297207,4.565472950123251,6.533014247914851
1.9350000032269208,4.9411357229605315,3.8579223017260436
2.1349999539299307,4.809746046535969,1.1691943055969847
1.949999982087463,4.649742816810012,0.735
1.9474999689991026,4.499007665745318,0.735
2.567499925815016,5.736745677011907,0.735
9.229999622919559,5.864056075212956,0.735
12.972499780619144,10.310126475349664,0.735
13.15499963970363,12.469403417930007,0.920816577501064
13.327499845113158,12.330401773256659,2.3575512526130673
12.819999679916501,12.693735812729596,4.249155462661386
8.137500182492136,12.177798813505769,6.55239719833225
4.065000091182143,7.658989524405002,7.980146569954752
4.122500093205572,5.3933818413597345,9.691557674612998
4.160000189861357,6.3325694716960195,11.385607926112414
3.9525000005540254,6.943370819576084,12.844445049692988
4.4250001818528775,6.843658141905367,13.49204721217215
4.767500081235468,7.328013426532447,13.164205125843287
8.76749989265263,6.005531519864499,11.74846195669353
2.1049999962088464,8.346531297168731,12.304698174192309
1.9050000455058365,3.564618130934835,12.943944833054543
1.5624999966188147,4.464855272299349,13.173398651628494
1.8600000092545896,4.29591725912273,12.48043166208744
1.8225000122684238,5.089800536670387,10.716663707157373
1.710000021309927,5.319239205462039,8.197793126618265
1.8600000092545896,5.471550731242895,5.196860858756602
1.8025000072311608,6.292206863542497,2.1865783844664692
1.7399999790310112,5.841848089075088,0.735
1.8025000072311608,6.004976559418142,0.735
1.8025000072311608,5.920893274260759,0.735
1.484999989558123,5.841111331241131,0.735
1.4199999981044231,5.600085869739354,0.735
5.389999851800502,5.957167035907209,0.8611991816032677
23.99000035033107,8.451409253246783,2.678821921530068
11.14499988098085,18.030873350476025,4.8283368228104715
1.537500015239641,10.437127897727489,6.947474018508493
1.5724999991374462,5.483301779487431,8.332659678080677
1.4775000001278518,5.226731046631932,10.239711084576248
1.559999983530454,5.386951157451868,12.373466225479842
3.705000000511408,5.284242012313604,14.376631040314436
3.7299999320557715,8.577520825253725,15.137971389446259
4.897499964473248,8.627049450377225,14.471734994738101
6.262500133844615,7.333604094879627,12.133669092379808
2.3975000325027107,7.835299501384497,11.389075631545186
2.1724999509160963,4.800100818031132,11.190509029653072
1.9674999740363657,4.636224825535119,10.38578688022673
2.1450000062833725,4.278392150429488,8.641745536565184
2.06249997304596,5.232114800847173,5.760759277992845
2.024999976059794,5.49410158087492,2.9822583065913615
2.0599999599575995,5.74431179723531,1.1785915560862794
2.0074999841108916,5.914381658621132,0.735
2.1100000223855675,6.042065219880938,0.735
1.9324999901385604,5.721805599593222,0.735
2.044999981097057,5.645740536057353,0.735
1.86250002234295,5.553736306827963,1.0298737181383741
1.5724999991374462,8.296763464956284,2.7945832021375
3.78500002066046,7.473409475371837,5.2509683062410355
3.5049999501387776,8.826791356433034,7.2533959645631905
3.574999917934388,7.370190819134115,8.867431843488216
1.4949999920767545,7.783891505898833,10.145717051045297
1.4900000157348439,6.082895477893353,11.517063384486436
1.287500002108663,6.047678612901569,13.693677259516715
1.4099999955857916,5.464055575789214,15.192402165179253
1.4300000006230547,6.126193954385221,14.89166303938508
1.4824999764697624,6.444539917961359,12.380054786066413
1.4875000026464833,6.013432131333947,10.896175072343945
1.6024999568585305,5.9858368028745055,10.16985543839097
1.7349999528542905,6.196764829766453,8.913986327139138
1.8050000203195213,6.262571895971298,6.9038964670795195
1.8124999599149823,6.364613254652918,4.113790164418519
1.6599999588819592,6.483414658021629,1.8300684248930958
1.8025000072311608,6.286071999067962,1.053905857668705
1.857499996166229,6.27594795770675,0.735
1.6925000293610244,6.041045001646578,0.735
1.8675000485196709,5.923910074330866,0.735
1.8349999780406057,5.95508394084096,0.735
1.6974999558681247,5.881310879895687,0.735
2.115000048562288,6.980817094636857,1.9730353257442264
4.4649999925881625,6.640278693383634,3.815530021422804
4.8475001013845205,7.759643083292246,5.202679571195245
4.947499827561975,8.116725844174027,6.662946355810762
4.832499823515118,8.151953074806332,8.632158116440177
4.039999960298538,8.074323198230266,10.556681208712458
4.680000121490956,6.615118891768158,13.233197234437466
4.664999843621552,7.186119369475245,14.51261708095312
3.8799999200004343,7.368281946564316,14.826000693469046
4.405000077145994,6.966047651608288,14.223305675154924
8.180000105985403,7.658664202764034,13.130218582645654
13.384999647797345,9.89271488927841,12.26050306979537
13.53500003442049,12.882370536288619,11.647420882322193
13.284999921619892,11.792114858355522,10.020079906431436
12.857500175250768,10.74017457457304,7.47887216792643
11.692500255591273,10.50040853839457,4.38138635068208
5.220000157827437,9.286735557633042,1.3822116070716455
1.8450000303940473,5.26790297210306,0.735
1.86250002234295,3.858978002345264,0.735
1.73000002634719,4.19797670730263,0.735
1.8949999931523946,4.1651786246585845,0.735
1.6824999770075826,3.999348110906631,0.735
1.8650000354313103,3.57395239022404,1.2046659261384978
1.8524999699895082,3.673806200077236,2.669841489393264
2.202500008306801,4.599888870045543,5.075467646579146
4.25749980328083,4.304976031581163,6.138324943222702
3.8949999985305968,6.650828523363173,7.293910867896676
7.069999876252115,6.5936085929730535,8.908998061977625
7.377500190415382,8.99463738924861,10.854068245833515
4.602499815421402,9.501056338403224,12.877847130236626
4.857500153737963,7.6729703813970085,14.084314396122098
4.6075000409373645,8.152243312740922,13.94626479566276
5.122500145729482,7.870024397130012,13.106002054317592
4.5049998033234475,8.268850389747023,12.196169120579958
4.565000117444098,7.570899919186234,12.067006860831976
5.072499883962274,7.6316019074344625,11.398867972409725
11.912499812653063,8.458968994614482,9.917353219439983
13.977499659980534,11.30415552025497,7.69993938596189
10.857500070202946,12.02023469873011,4.875344603894949
5.77249996059686,9.47708619337678,2.5856521557597816
1.7624999971566349,6.404668880375624,0.735
1.86250002234295,3.9626186597557367,0.735
1.7349999528542905,4.376138545829058,0.735
1.8650000354313103,4.4575311499142645,0.735
1.8924999800640343,4.80013311098814,0.735
1.725000000170469,5.129874102924765,0.735
1.7799999891055374,4.412533505733907,1.2595540359246729
1.9725000002130864,4.4904428559255605,2.714400387904644
2.1049999962088464,4.897848010787666,4.250309636865556
4.357499928136766,3.775352400084734,5.652840999814273
4.885000198040307,5.066911209007502,7.525305453318953
4.587499936230481,5.852556593090296,9.811591791846752
4.294999899936617,6.3581646302133805,11.811722663436532
4.169999843536318,6.455022769955993,13.600995675547123
4.025000081107617,6.378702552191913,14.354694155544042
4.130000032801032,5.728030565404594,13.833290476980805
3.8949999985305968,5.6777611956623195,12.141165842547416
4.210000052950084,5.0942003523930905,11.75852699363947
4.089999823387266,10.358989307408928,11.531996285692452
5.682499888094366,9.377622291078566,10.771153487305641
13.39500009882927,11.692171744522453,9.600173390422462
13.362499829010963,14.786124871741533,7.735328480057716
11.837499619341493,9.837572073777318,5.536763367831707
10.944999631268978,10.199450936792493,3.110750985829532
2.1325000405111907,9.739372779622673,0.9787485102831757
1.969999987124726,3.8185486155460775,0.735
2.000000044515431,4.157888389944435,0.735
1.9400000294036417,4.559181803683937,0.735
2.0125000102876127,4.463621362398863,0.735
1.944999955910742,4.771318225053549,0.735
1.9775000263898073,4.065487475625873,0.735
1.8475000434824078,3.3972604792591934,1.1965712080833315
2.479999966070503,3.69055906855166,2.039724866768047
4.682499835570455,3.1879670341417192,3.4149338963475824
4.660000016784072,4.939432169808746,4.9328001532676815
4.065000091182143,4.32692368067056,6.909607137649655
4.325000056996942,4.338423960150182,9.391358359482885
4.657499904026091,4.797140630305409,11.675437613936662
4.667499956379533,5.164955815911293,13.50081175991118
5.122500145729482,4.8134740890172125,14.291114506015777
3.8274999441537263,5.851420359417796,13.849292633874416
4.160000189861357,8.492003493598103,12.48156789575994
4.329999883834422,8.605446658174396,12.798454297415018
9.210000315569639,9.348128057011365,13.290618896139264
13.312499965922235,13.689538976877927,13.350270765267014
13.397499812908768,15.384601871720552,12.788868472003935
10.925000323919058,13.630771376622318,11.57340781693101
2.122499988157749,10.2062962463212,9.642619093642235
1.7174999609053878,2.716428864018917,6.9272036097911
1.7624999971566349,3.4089800319036843,3.5403035277003054
1.8275000384451447,3.3173208589001,0.735
1.8225000122684238,2.969047297747284,0.735
1.7024999820448457,2.612935318968147,0.735
1.8199999991800635,1.8734904917142539,0.735
1.757499970979914,1.3866836334343253,0.735
1.7850000152822583,0.7642551359919015,0.735
2.2724999761024116,3.9450168054547907,0.735
3.8149999783815445,4.494526918290854,0.9025865429588779
3.870000066986233,5.111169703283013,1.9924264490704982
4.2550000892013315,5.487521392536461,3.5749863628660146
4.109999928094149,6.231488130798042,4.439331875908673
3.8650000408095124,6.934869798313379,5.4633985536515715
4.115000153610111,6.754385258953273,7.768399657461643
3.964999966326207,3.6167963732469084,10.249088002462983
3.6074999884134535,4.81160986843735,12.296825868895054
8.715000315484405,8.994265023546815,13.843211192316412
12.839999784623384,11.402988713195324,14.275049357922077
13.284999921619892,13.897295915127396,12.649143624565005
13.704999728393554,13.884199327007531,12.268247000621557
14.724999486945867,14.858955456756354,12.686071617599724
12.787500207455158,13.140273253951072,13.070876885376572
7.62750030321598,9.125071433352828,13.273943769968747
1.9925000052503494,7.774209997652172,12.945363331091999
1.79749998105444,4.557735398152769,11.775155075749158
1.7349999528542905,4.979746537865997,9.886522615102528
1.8800000142918525,4.986957435562313,7.118156250042021
1.7549999578915534,5.027852678167224,4.149914421634376
1.6999999689564853,5.206957391302586,0.735
1.9600000344409048,4.794927964732647,0.735
1.6824999770075826,4.596586217504144,0.735
1.6049999699468909,4.4562697311985495,0.735
1.6725000243237613,4.066386694941074,0.735
1.3499999804740026,4.494020197940767,0.735
1.4025000061555206,5.315354881016016,0.735
2.607499935889542,5.896135340554714,0.735
1.882500027380213,6.5292044763448835,0.9724131354498117
1.7174999609053878,6.072393489331604,2.0998565454483775
1.3750000116879864,5.952224618771076,2.9328899502174557
1.320000022752918,5.621800690595508,3.8069117886865143
1.4824999764697624,7.626191043082475,6.062429318041504
3.412499964217544,7.357809061531722,9.092602260456085
3.720000079041571,8.893961504366397,11.86862684046924
3.9999999502240122,8.36445667905748,14.299676525086165
3.5624999521622063,7.860796584995389,15.32886343056798
1.7850000152822583,7.905169499995112,15.128248418637513
1.9025000324174761,6.593341079711914,13.056175217689871
1.8124999599149823,6.374155624109507,12.527403960787057
1.837499991128966,5.948003012329639,12.837830973683594
1.8850000404685734,5.921254078286588,13.101720247425437
1.6999999689564853,5.806862856281102,12.990117382720113
1.9074999589245765,5.756516940270364,12.324962204053998
1.8124999599149823,5.907680272024274,10.794841367967129
1.710000021309927,6.002700105288327,8.111068596520424
1.9575000213525442,5.811319683026672,4.516978895659447
1.882500027380213,5.740731664470732,0.735
1.7399999790310112,5.608586492323577,0.735
1.3650000091693548,6.8893885571348665,0.735
3.58499997028783,6.297203899630606,0.735
3.4649999400642515,7.812200070161819,0.735
3.52000002866894,7.032932345748841,0.735
1.385000014206618,7.274204987909197,0.735
1.5000000182534752,5.382408614832759,0.735
1.4425000162300465,5.603343471612335,1.640463517249152
1.3974999799787997,5.589044469192029,3.153294763955772
1.5249999996326489,5.845918596372009,3.327415996071398
1.7150000474866478,5.865815443352163,4.769020242285729
1.9474999689991026,6.369143039560616,7.293428865612447
1.6024999568585305,6.342418026226461,10.154065378449559
1.73000002634719,5.735573163597584,13.09117360687375
1.817499986091703,5.753364190838039,15.17200577406168
1.7349999528542905,5.596171644407213,16.129680922945738
1.909999972012937,5.70017210914731,15.200930695257187
1.8225000122684238,6.037517494441569,13.14921640964985
1.6624999719703195,5.940321674025059,12.682227559680342
1.6750000374121217,5.626299378581644,12.291694079480171
1.837499991128966,5.392447338998914,11.393143746771216
1.8275000384451447,5.5383700421124695,9.829124874109626
1.7549999578915534,5.422001374838352,7.671021640979051
2.055000033450499,6.850935618908107,4.413781369381249
4.227500044898987,6.9120012019315356,1.1123408105662465
4.887499912119806,7.217518090648949,0.735
4.785000073184372,6.964315792284309,0.735
4.900000077231229,6.796902325621247,0.735
4.37750003284365,7.265086015000045,0.735
4.105000101256668,7.086976004676222,0.735
4.277499907987714,6.588854750758708,0.9392104938165842
3.637499946134538,5.915155892232359,1.8812695062468199
4.060000065005422,5.602573224785925,3.514753220512122
4.210000052950084,5.9492153935921195,4.634233426519633
4.51000002883941,6.090959946218729,5.295466007605493
4.522500193950832,8.495555718868971,6.824603303878307
7.547499884388446,11.012584404823183,8.93501103554368
13.037500320255756,12.367575352236033,11.101194684138894
10.484999615081549,9.922995317311287,13.056350636221765
2.0399999549203365,9.16183836028099,13.892110702795982
1.8975000062407552,4.006938749856651,14.285166223070622
1.644999980021417,4.32833540117383,14.000903681563138
1.8075000334078817,4.256840787750781,12.686182450217604
1.8524999699895082,4.094465022380948,12.300050380454064
1.8650000354313103,4.302219967238009,11.588784845965504
1.7949999679660795,4.5322112044051295,10.314793405655026
1.7624999971566349,4.8660083512133365,8.510051668459177
2.097499956943765,5.471562292918861,6.131665417866409
3.8775000065816942,5.227376108415127,2.958313078970015
4.204999827434123,5.880926553839445,0.735
7.227499803792238,5.602682462689876,0.735
13.40499975250423,7.7856712066406,0.735
13.27749998202443,12.228968399259447,0.735
13.235000058531165,11.607021197069884,0.735
8.517499779852033,12.148676147783398,0.735
4.935000061129034,8.319220226466655,0.735
4.549999839574695,4.633066494604051,0.735
4.335000109350384,5.268856212352515,1.243038281477168
4.222499819383025,5.592280941105485,1.8672741971598563
5.282500186027587,9.600288209825157,3.420133261765093
8.49499996106565,9.953500600007771,5.903029687536657
1.969999987124726,11.281788860081434,9.020887975189686
1.9149999981896577,2.4891711658607423,11.712199756723045
1.79749998105444,4.533791167227626,14.103949311339855
1.9324999901385604,4.293688247732223,15.447455926412344
1.7475000182960927,4.441417761724294,15.42953931545019
1.9324999901385604,4.410476324768961,13.496893547794222
1.9074999589245765,4.635569796789885,12.583964476968646
1.8025000072311608,4.957025053843856,12.312100836238265
1.869999961938411,4.893598496852517,11.74669182423532
1.9274999639618395,4.752099131492079,10.45256712060511
2.1850000163578986,6.351094067342579,8.548493842366934
4.092499936145246,6.206598633193076,5.88265004091531
4.4250001818528775,6.3630289063671235,2.7612957416573165
4.05249992607072,6.009451326695383,0.735
3.9999999502240122,6.588334874018729,0.735
3.6949999481579665,6.52835768325001,0.735
3.924999956251681,6.6718101744917035,0.735
4.290000073099137,5.703294559015036,0.735
4.2550000892013315,5.774246172346175,0.735
4.067500004600883,5.64464377155453,0.735
4.249999863685369,5.657036692154407,1.756727531421855
4.002500062981993,5.687729752415716,2.6761860587491095
4.440000061043799,9.719370282844901,3.492332340065092
6.180000000937581,14.218569374793768,5.4717213656330115
10.257500118424296,13.222739897865653,7.823312036800384
12.112500062364935,6.883422333658039,10.124489016615152
2.5449999076893923,11.070282749391197,12.480363886745572
1.9175000112780183,4.6440118136373165,14.227493393925428
2.0900000173483044,4.569930972904265,14.862505289956331
1.8775000012034921,4.694270020382106,14.768937045043707
2.015000023375973,4.372949516654909,13.723723264602421
1.8775000012034921,4.435329542632103,12.561146512753963
2.0649999861343202,4.475570553848744,11.696857014037967
1.8800000142918525,4.898699588024319,10.289380044525265
2.4825000788284837,5.964259924772978,8.229239290531277
9.222499683324099,4.815998122484088,5.676689149225354
13.704999728393554,8.928919228345155,2.7947030050212143
12.824999905432461,11.65947532489121,0.735
13.08249995782852,11.419736398849487,0.735
8.337499634847044,12.102893505672812,0.735
4.337499823429883,8.748415951096415,0.735
4.259999916038812,3.8919929660832886,0.735
3.659999964260161,5.092873550406397,0.735
3.572500004515648,5.576140442778766,0.735
3.9199999300749604,6.267255570772886,1.5706377221151813
4.087500109307766,10.112758300973177,2.356174316807315
4.479999871779085,11.840672302697897,3.5263756949463487
3.977499932098389,4.314238528743685,5.717764594503939
1.6125000092119721,5.282545236696005,8.10140622484088
1.750000031384453,3.173954083531946,10.591605443698763
1.5899999910863487,4.011223148158938,12.891657352838516
1.8225000122684238,3.5675908770327274,14.162714519524574
1.8025000072311608,3.870323993252516,14.471355452823639
1.557500020276904,3.3275074927829205,14.291407933378219
1.7450000052077321,3.238060586673617,12.95350434568584
1.6350000273375958,2.9515995326794684,12.60833330047667
1.8524999699895082,2.8869312915572523,12.148182583823203
1.7725000495100764,2.4651625483608246,11.036607972766161
2.015000023375973,6.407156634100676,9.274531211954951
8.139999896571636,7.69772990981698,6.904375279935896
6.507500021129251,11.502015663877724,3.6441062479135398
4.354999815378785,10.633010596081615,0.9752940359925105
3.6925000347392265,10.210945634773372,0.735
4.124999807285071,7.9520907678490875,0.735
4.292500185857118,6.620357128337622,0.735
6.114999859979451,6.4994080439886455,0.735
3.975000018679649,7.922051141619086,0.735
4.105000101256668,6.638083170985579,0.735
4.0775000569543245,7.800398389750122,1.193636884624101
4.04750009923324,7.294136918595731,2.437833935805559
4.419999956336916,10.542506593978404,3.0287918596220016
8.809999816145897,5.9268981695503,4.947902094149888
2.2050000213951617,9.999655607820152,7.327074538708328
1.6599999588819592,5.610812712964714,9.929692318444847
1.7024999820448457,5.028878876578808,12.38948831629753
1.8275000384451447,4.1992564652284985,14.128412222969532
1.6350000273375958,4.691858015568554,14.97841707169056
1.6624999719703195,5.171207891859412,14.984102226837873
1.9000000193291156,5.225021513302923,14.063963454351425
1.6300000011608748,4.647664505885541,13.37501354919076
1.6350000273375958,3.809668451047391,13.269442689911722
1.8475000434824078,3.698346255993098,12.406586839015484
1.5899999910863487,4.057928132936657,10.496662555381656
1.5424999915815516,3.294755856181979,7.533076494281888
1.8924999800640343,4.9129080904293065,3.332431969387382
2.6100000486475228,17.443411039586067,0.735
1.6325000142492352,7.808486778784394,0.735
1.4099999955857916,4.128226312236488,0.735
1.3350000016134604,5.611433455360532,0.735
1.377500024776347,5.414087208300531,0.735
1.405000019243881,5.444465312561393,0.9113475773437879
1.4374999900533258,6.940537012929021,3.0162019918522236
3.4150000769755247,6.569624892878235,5.665914065903723
3.5099999763154988,8.58758745691359,8.004688419923783
3.539999934036583,9.81965147603035,8.568759466942549
3.6899999219812454,7.155323450165689,9.43935047773838
1.639999953844696,7.937720003302097,10.829579021424054
1.8349999780406057,6.317495836986006,12.667440574798583
1.8124999599149823,6.715869728204906,14.144107397432327
1.59750003035143,6.320583203147352,14.260156324564218
1.6750000374121217,5.8446799023297435,13.568976211977601
1.8524999699895082,5.545586521307528,12.810988748875856
1.6624999719703195,5.685645062635541,12.364676162317991
1.7725000495100764,5.634287300638556,11.831853534685372
1.8225000122684238,5.534694625190794,10.09139391850233
1.670000011235401,5.640648614490629,7.069272288023233
1.6974999558681247,5.709344903651476,3.2832145128187538
1.379999988029897,5.3204627497220045,0.735
1.339999977955371,6.809255378372967,0.735
3.8274999441537263,6.34033214041084,0.735
4.249999863685369,8.207102269163132,0.735
4.942500000724495,7.059518220292925,0.735
3.0099999500535426,7.848607389099597,0.735
2.779999941959828,6.306857500383556,2.954798130137175
1.6474999931097773,6.268717524764836,6.356215889795423
1.3024999809692053,5.602571630071997,9.256285292567014
1.4900000157348439,5.369950709640384,9.741218660992384
1.3000000177156552,5.732473438403309,10.035990367274284
1.6024999568585305,5.863284233672619,11.046735203555226
1.7675000233333555,6.062030240881443,12.43845321004808
1.9175000112780183,6.040630376025737,13.34786354459524
1.8149999730033426,5.8837173032104975,13.09005491505444
1.9324999901385604,5.380615359022618,12.425551177027225
1.725000000170469,5.51065391407311,12.630277361459731
1.7749999629288165,5.29647027870059,12.880564522767067
1.909999972012937,5.834566226609051,12.809193100994825
1.6849999900959431,5.93537008728385,11.31415038978815
1.6925000293610244,5.612792550304234,8.7326195122993
1.857499996166229,5.22086967559576,5.359500150602758
1.8250000253567844,4.702256746403576,2.319819224750623
2.1525000455484538,5.546242746088207,0.735
4.417499843578935,5.1184499710351234,0.735
4.807499891970754,6.069444863281846,0.735
4.737499924175143,5.970826558043063,0.735
4.64749985167265,5.379101576828063,0.735
4.600000101341903,5.763240652862192,1.664251266870275
4.827499996677638,5.526278522444666,3.3998481019438804
4.207499940192104,5.023397446135581,5.57276004793346
3.6300000065390767,4.403308883027137,7.18336808927387
6.7750001258787504,5.716903847662211,8.529194614430665
12.982500231651068,10.63753240741968,9.682128131166696
13.26000038875401,13.917910782052875,11.37577970418453
11.950000307987331,14.034274665185212,12.927325521871447
3.8600000146327913,13.486975224529504,13.681516768471598
2.7825000547178087,8.759377217268943,13.377610540819763
1.7650000102449952,5.138534595580102,12.082086475719214
1.8149999730033426,3.5541584022921326,12.050232065041065
1.8800000142918525,4.268694695043564,12.264308057223557
1.7875000283706186,4.46177468367219,11.591066084237099
1.8949999931523946,4.576119260295331,9.988812350478172
1.7275000132588296,4.413360763583183,7.314039347074627
1.8225000122684238,3.9243814065875116,4.5828194508567455
1.8549999830778687,3.72794912994653,1.8730750687364488
1.944999955910742,3.8392091311576966,0.735
2.0849999911715833,5.2693294437101486,0.735
3.957500026730746,4.123039903869629,0.735
4.349999988541305,7.410871971394419,0.735
4.904999904068709,7.19609510244131,0.735
4.150000137507916,6.100810494141579,1.300861063566245
4.025000081107617,6.430501252589524,2.8632858701540527
4.387500085197091,6.03443690581441,4.791742922343314
4.872500032928884,6.47055169549197,6.297602179433704
5.405000129669905,6.411136242703796,7.4914704079443215
5.0299999604690075,7.00610726411581,9.253012939590215
13.584999897509217,6.265432812755108,11.156382151629924
13.654999865304827,15.51634118917346,12.822418063585758
14.215000405026673,15.668301479212046,13.740927835796475
14.46999994598627,14.238689880402088,13.636141575769186
2.867499901704341,11.95105042710781,13.237223887101411
1.9874999790736287,3.717672793405354,12.399811696899533
1.9400000294036417,4.25020199367553,12.464496483178735
1.7624999971566349,4.336888649317622,12.059852974158526
1.9550000082641839,4.416136363171935,10.937214237880706
1.8075000334078817,4.9432873907256125,8.931047374079823
1.7599999840682743,4.839732249849439,6.235320228362978
1.7725000495100764,4.65278513230294,3.0875486955586076
1.8475000434824078,4.054712192965001,0.735
1.869999961938411,3.863994773018211,0.735
2.367499975112006,5.207724847379625,0.735
4.1425001979124545,5.33323640827179,0.735
5.04749995241791,5.89256876285851,0.735
4.9949999765712025,6.2908784668418765,0.735
4.625000032886267,6.327504660266042,1.3849223217375202
4.212500165708065,5.963488481911123,2.723306067826152
4.304999952290058,6.092552666752637,4.225583597438038
4.6124998677748446,5.6616382391887905,4.8798544548785685
3.9949999240472915,5.767467043445409,6.210901171366275
3.8925000851118567,5.379925645249486,8.023135273266433
3.9124999904794993,6.1074126097965244,9.998853466715216
10.327500086219906,10.959743558874726,11.99516978259325
12.767500102748274,13.787223975791335,13.328400061124563
4.3900001979550725,13.87447954562664,13.877605184922217
1.9874999790736287,9.636006612346767,13.759487913827895
1.922500037454739,3.381369354322702,12.79031647224903
1.909999972012937,5.114709968199432,12.854784377434253
1.8299999518638848,4.917733296091855,12.77781391506672
1.7624999971566349,4.690709821541607,12.157777977517842
1.8400000042173266,4.696218760800064,10.763821790029406
1.989999992161989,4.999530558835865,8.675610881504415
1.7924999548777192,5.25198453769058,5.874137856655121
1.889999966975674,4.317708227568865,2.7960196407066285
1.7525000444728134,4.473777298038602,0.735
2.1125000354739276,5.5243716432672745,0.735
4.8174999443241955,5.207462118260264,0.735
5.592499815591872,6.608680234290659,0.735
5.190000000767112,7.147583107445835,0.735
5.682499888094366,6.885739452992976,0.735
5.339999988711774,7.3893146285384885,0.735
4.230000157656968,7.093444164361357,0.735
4.17750018181026,5.24098739045471,1.0562498628837427
4.625000032886267,5.560316495166421,1.0353619261157885
5.997500141853094,5.309201677331329,2.3069431058310714
5.070000169882775,9.249609022714495,4.673164778924287
4.670000069137513,11.151464053881169,7.513203966689109
6.124999912332893,10.593338100379706,10.502682600453495
10.952500368221402,11.270032629016637,13.286616164184212
2.72500005269438,9.17712528797865,15.03004912448287
2.024999976059794,5.327499823600352,15.501157917881011
1.889999966975674,5.27260737818569,14.647408680860996
1.79749998105444,5.506706598426998,12.908685708143711
1.8349999780406057,5.374203811681867,12.808335942259431
1.8299999518638848,5.362444391189218,12.547700682284235
1.7675000233333555,5.399152712380588,12.055646916177869
1.9375000163152813,5.1980098501405125,11.169355946777463
1.7549999578915534,4.635119688784182,9.436782988317013
1.8924999800640343,3.9349473830455546,6.949915924208164
2.1924999559533593,4.863114344115555,3.6096638158722225
3.9900000972098115,4.4784179155641795,0.9188369145833792
3.9999999502240122,5.352917968871892,0.735
4.467500105346144,4.729635991126001,0.735
4.397500137550533,4.801741778661311,0.735
4.0824998837918045,5.048440036277473,0.735
4.162499903940857,4.728332312491238,0.735
4.172499956294298,3.627492916907668,0.735
3.755000062939376,6.514826535585225,0.735
4.450000113397241,8.453586835113168,0.8305805060255295
5.424999835698307,9.072115768001675,0.735
14.000000276123881,10.23976689956367,0.8044998505578749
14.404999406349658,16.24514937420845,1.9869495037601888
13.185000195442438,15.354858862280846,4.566305390792787
2.12750001433447,12.407703936120868,7.730035624536275
2.142499993195012,4.187862234224975,10.939369493752121
2.1974999821300805,5.018777161212563,13.88785281661272
2.1900000425346193,5.247072420119047,15.679480423835516
2.3050000465814766,5.079635431425571,15.920478376522064
2.2174999871673435,5.518121162033081,15.289209274076223
2.162499998232275,5.867180518473089,12.98568248329103
2.352499996251464,6.519778919683397,12.832287748075723
2.055000033450499,6.150251011320651,13.053076688531041
2.355000009339824,5.380705859037936,13.15170894751668
1.9725000002130864,5.023863501280546,12.52570240102768
2.082499978083223,4.7732601879373195,11.05034244645655
2.0700000123110414,5.331674784659445,8.628132261133194
1.53249998906292,7.0993330442127585,5.30529303349793
1.5350000021512804,6.044943678517938,1.1421396848281844
1.4225000111927835,5.959774393176735,0.735
1.4174999850160628,5.768517959922851,0.735
1.5100000207721067,5.771088240093589,0.735
1.4500000056603177,5.848922638730705,0.735
1.4625000212673096,7.165407225000262,0.735
3.4774999058364333,7.2550329384085535,0.735
3.5049999501387776,8.667913994739056,0.735
3.8250000307349863,8.721246809933781,0.735
3.8125000649628045,7.875846697674989,1.0182163095021992
1.8050000203195213,8.1372282837677,0.735
1.9200000243663786,6.772106517459451,1.1578585308258234
1.8850000404685734,6.845753197326063,3.459395716648698
1.8450000303940473,6.681161178277135,6.798292517486512
1.9725000002130864,6.650757558593452,10.272948909585475
1.8299999518638848,6.797836030625104,13.381102166961432
1.7525000444728134,6.049626954641044,15.484025906170606
1.9249999508734792,5.955103077408076,16.199478362072707
1.7525000444728134,6.1455163056734206,15.511268404173851
1.7875000283706186,5.812443557666242,13.155612009851335
1.79749998105444,5.755790149398447,13.022886361835003
1.545000004669912,5.170227142794729,13.2088531289953
1.6125000092119721,6.564711180592775,13.33989874589026
3.5600000387434663,6.799437522085607,12.972671212366222
3.574999917934388,8.051535533580184,11.495584182612895
3.497500010543317,6.9035017753827566,8.955434536798
1.5849999649096278,7.216886583934127,4.95150335687399
1.405000019243881,5.96613929513514,0.9015977580310496
1.5224999865442885,5.899356264007389,0.735
1.5899999910863487,6.098987337445319,0.735
1.2425000156922263,6.197037924526334,0.735
2.0500000072737783,6.211665438015461,0.735
2.642499919787347,6.715889263450503,0.735
2.265000036506951,7.187456935780942,0.735
1.99500001833871,6.750581467560529,1.5355075198583303
2.117499961981028,6.233486706026197,3.375660079127252
2.067499999222681,6.180074952492118,4.759822331037223
2.162499998232275,6.036659937027693,5.108927934181095
2.227500039520785,5.801358302485943,6.507425069574714
2.1100000223855675,5.846820008418859,8.812497138154507
2.249999957976788,5.748125156911612,11.135415650283694
2.082499978083223,5.691592548223734,13.183962036676407
2.0849999911715833,5.44377001728952,14.372231224591731
2.159999985143915,5.384768392765224,14.135556541359424
2.1525000455484538,6.7200151870563625,12.415714981529712
4.419999956336916,6.798763755451739,12.23009028050661
5.520000133716763,7.466444562298655,12.299055278964042
5.559999944452048,7.773387922623157,11.904043044701814
5.57749993640095,7.617318054796457,10.853977347139715
5.51000008136332,7.630853986603021,9.10146966724336
5.274999847753644,7.372990738110244,6.804646256447434
5.10500015378058,5.823444293008447,4.2916936592888835
4.692499887923897,6.166003196806312,1.751396701775044
4.0775000569543245,6.141131241054535,0.735
3.8650000408095124,6.306906936515272,0.735
4.440000061043799,6.271664157422185,0.735
6.97000015007466,8.789502958050965,0.735
10.067500319744347,13.268496227196454,0.735
4.522500193950832,13.544732573512793,0.735
2.249999957976788,6.02334407574296,1.119699244218152
1.750000031384453,5.767405646959245,2.4381381274870035
1.782500002193898,5.104902078874112,4.164198672950864
1.8724999750267712,4.574978242481053,5.5402430336189274
1.8400000042173266,4.251203872699738,7.72850390181005
1.837499991128966,3.8455780199009184,10.134232718704938
1.889999966975674,3.196513903429806,12.148697676421403
1.6624999719703195,2.413732824897915,13.515900145725011
1.8749999881151318,2.1035160152307895,14.14614863125801
2.1974999821300805,2.9655114182941613,13.464576670077443
3.844999936102629,3.0475967262411117,12.593546315594912
3.9124999904794993,6.013416981551647,13.149807251159547
4.069999918019623,9.856913561632632,13.838325786203145
5.70749981963873,9.675342623410224,13.940548543593883
4.622499920128286,11.20751027482152,13.16980177436769
4.339999936187864,8.753759040106534,11.391494015214443
4.932499948371053,7.340110926377474,8.628467948414682
6.935000166176855,8.052407044740916,4.821259083727003
7.03750000511229,8.848041716858148,0.7747970110898628
9.922500158637165,8.741400804534553,0.735
10.160000106326342,11.103029402511119,0.735
10.527500335931778,13.325033620026112,0.735
9.987499900916815,9.048346556929946,0.735
2.854999935932159,9.343438003354072,0.735
2.4574999479448794,4.861119755672217,0.8064830953525426
1.8100000464962422,4.7438249582853915,1.729252803203091
1.9600000344409048,4.4165613544332984,3.5696438718736174
1.5950000172630696,4.732164011377693,4.592545212414861
1.909999972012937,4.557755332076848,5.843561210510433
1.7450000052077321,4.8038344420111185,7.663444357758164
1.8949999931523946,4.547016129818559,9.926978115342258
1.750000031384453,4.563225998201072,12.070760020057559
1.8025000072311608,4.2779248992490775,13.482195866892337
2.2775000022791323,5.4679159795263415,13.901667823356389
3.8224999179770056,5.976734973140061,13.273155981289149
4.802500065133274,6.690561618194281,12.606882110803722
4.4300000086903575,6.994361000013053,13.430110915344953
4.57999999663502,6.526915663182139,13.770812774775624
4.555000065090656,7.164549667586385,13.31683918251574
4.757500028882027,6.9998101374992725,12.047328888338207
5.309999831651449,6.751649128534197,9.90633773299396
4.619999807370306,7.0491131106022,6.911899937597215
4.234999984494448,7.011307227551042,3.5735190267145636
4.409999903983474,6.88264730268985,0.735
4.857500153737963,7.532523925906419,0.735
5.194999827604592,8.77197705200076,0.735
8.099999687157869,11.055620152195692,0.735
4.635000085239708,14.020595209125279,0.735
1.9824999528969078,6.269061185615957,0.735
1.637500040425956,5.010243846992851,1.7201889475940166
1.7949999679660795,4.11705055704087,3.4103393261866275
1.8650000354313103,3.26304018561542,5.600887612165809
1.8050000203195213,3.0737420610630513,7.226746700140535
1.7199999739937484,2.6508372835333645,8.523856309562325
1.8324999649522453,2.535438202326447,10.038781914002298
1.7224999870821087,2.118359512787312,11.51099629535377
1.750000031384453,2.318121751445681,12.578437198500037
2.139999980106652,6.093122776981295,13.00608365855038
4.347499875783324,9.215628061015606,12.688511529906988
5.415000182023347,9.830206090151668,12.160673180651068
5.742499803536535,11.268204289500117,12.959735690352916
5.407499843749404,9.108913791851402,13.266437451517582
5.309999831651449,7.565022601010799,12.86113692035973
5.194999827604592,8.092766064788103,11.568610917440653
4.517499968434871,8.261267525027394,9.41255370227754
3.5624999521622063,7.973977419130802,6.504111254035831
4.095000048903227,7.518932179112434,3.4147851892739536
3.9450000609585647,8.220743452088833,0.735
4.397500137550533,8.497768384441732,0.735
4.322499944238961,8.68206628347814,0.735
6.667500061427355,7.659394581742286,0.735
2.174999964004457,9.098949221882819,0.735
1.8349999780406057,5.644000703163743,0.735
1.79749998105444,5.475480903714299,1.5885454126463083
1.7374999659426509,5.3521385524404055,2.8723783309441804
1.9074999589245765,5.103615942092538,4.736875593672991
1.7349999528542905,5.185862116806805,5.912980303758383
1.8775000012034921,4.704924702802301,7.6761087784039965
1.889999966975674,5.076613448535205,9.623947385635972
1.7749999629288165,5.033291051334441,11.551127271309495
1.8025000072311608,4.941655201022029,12.933566434822081
2.1850000163578986,8.110723340955376,13.643901453734635
12.000000171076058,7.212316931178271,13.188774883306026
15.250000042769909,10.75144202581942,12.203790258433818
9.49000018675208,12.894483185915947,12.778093787360786
9.327499635017514,9.882134759734273,13.400774557956456
9.88750017473936,9.968620082743167,13.355056501759886
10.874999663473368,11.429000092047453,12.500677352738975
10.28749987680614,10.59170830274701,10.496693652303218
7.075000101768076,10.445338282377124,7.71416104475677
5.967499984792769,7.565793645194172,4.329679745013714
9.935000323748588,7.067907611580789,1.417861187720373
10.412499933206439,9.426136678144932,0.735
15.40499985755205,12.656563828464149,0.735
12.357499949649572,11.263627460531591,0.735
1.9474999689991026,9.990568927868008,0.735
1.8149999730033426,3.940945301461667,0.735
1.8850000404685734,4.77394711096108,1.6855238536207378
1.7024999820448457,4.688825268359184,3.878187328283936
1.6974999558681247,4.7880583358165625,6.266339407622218
1.8675000485196709,4.980271996104717,7.911796333715915
1.670000011235401,4.984183829365969,9.30423674561739
1.9000000193291156,5.327808002066613,11.077685411437153
1.644999980021417,5.8910661436614395,13.064698166269064
1.8499999569011478,5.864408506990672,14.475715400698185
1.5624999966188147,5.726955329539776,14.851959446761608
1.644999980021417,5.8936679194322235,13.165076637004017
1.3350000016134604,6.2937035025623445,11.391272349978685
1.2774999995900316,6.038215979141295,11.279259643794298
1.4225000111927835,6.266644795339108,10.956470408540964
1.372499998599626,6.424145918914676,9.588016886162162
1.3175000096645577,6.513977749097943,7.38960765722245
1.379999988029897,6.548418785764575,4.241722102372348
1.8149999730033426,6.325036441786588,1.9111376010601222
2.7499999842387437,8.028277428321838,0.735
3.7375000709904733,8.283244277645945,0.735
3.7275000186370315,8.888129635537862,0.735
3.6774999562090636,9.048838526176214,0.735
3.6099999018321935,7.999783877243399,0.735
1.8100000464962422,8.378258130732775,2.1611395079138873
1.7174999609053878,7.17799470069915,4.763458278789223
1.7799999891055374,6.8893458985373375,7.147901651552617
1.7624999971566349,6.6818162070223694,8.742863157204985
1.9299999770501999,6.510803471027613,9.97245935652077
1.7399999790310112,6.266557484751642,11.246489867322444
1.6750000374121217,6.145827274889053,13.211761887196898
1.7450000052077321,5.904097747188807,14.656203528164625
1.8749999881151318,5.654997850399614,14.904554706765413
1.7599999840682743,5.858237362774313,13.36646109840393
1.6525000192864983,5.4105278068169955,11.367795768912433
1.4875000026464833,5.504592406439185,10.909840175978541
1.3499999804740026,7.1028493884202835,10.094078619397282
3.534999907859862,7.148179530454278,8.371865719959139
3.9000000247073174,8.978739686117171,5.843459946176112
6.8525000332698225,8.042046985718608,2.7144765354946254
4.820000057082177,10.125292752434015,0.735
2.4974999580194055,8.40075635480523,0.735
1.7075000082215666,7.1676019500413535,0.735
1.6200000484770536,6.769340486154258,0.735
1.6950000424493847,6.301295138208569,0.735
1.7125000343982875,6.464927936830819,0.735
1.7150000474866478,6.68184929733634,1.0592155075211822
1.5350000021512804,6.678594884891212,2.726025055070519
1.8299999518638848,6.543108787068427,4.375094008207322
1.7349999528542905,6.69142993992716,5.747395575290323
1.944999955910742,6.510293561249673,7.650779937112331
1.750000031384453,6.597348994487226,9.729559707477092
1.6849999900959431,5.986319203837216,12.376466679732204
1.9350000032269208,5.807557354196012,14.053397677232622
1.7875000283706186,5.976772050238848,14.82110013757348
1.9200000243663786,5.9629945192724465,14.26976288125634
1.9074999589245765,5.7872721943748,13.14848443595767
1.8025000072311608,5.321053192553222,12.218310926089883
2.1374999670182913,5.816593003302515,12.08180022456944
4.555000065090656,5.429593010484576,11.28910859700322
5.3824999122050405,6.105075556537509,9.540936146915554
5.594999928349853,6.801994247187972,6.843549302679896
5.007500141682625,6.785163237731158,4.1370179701122645
5.252500028967262,6.628231028348804,1.787556939723864
5.405000129669905,6.644314515652657,0.735
4.552499952332676,6.4570695852804185,0.735
4.489999924132526,7.816103929853439,0.735
4.354999815378785,10.617736426095366,0.735
4.037500046879798,11.00864944821,0.735
4.855000040979982,12.157152849658727,1.4400138073841109
10.290000388242602,9.213554135554432,3.2269290847894547
18.362500490309,11.84471091571629,5.21824597250849
11.910000098573565,13.332091026507019,6.085299907815755
2.1250000012461094,10.24894846499443,7.6621980888247485
1.9375000163152813,7.5600151992821685,9.876077238885165
1.8524999699895082,7.502910088294744,11.862216887842417
1.8450000303940473,6.6667561273807285,13.404599479308724
1.8874999538873134,6.301985649338663,13.841190689771771
1.670000011235401,6.35962419213444,13.65055141080737
1.8275000384451447,6.140773626456559,12.689542512460351
1.8275000384451447,4.89845001529485,12.134259136532545
1.73000002634719,4.5405698974499105,11.91434968080759
1.99500001833871,4.750161155393124,11.129641191156505
5.317500169925392,4.480279744073153,9.518638856797814
8.692499699341058,6.444394001637101,7.027273902059793
9.665000106241106,8.066277866472005,4.514764635372758
9.205000090053677,8.929965360680818,1.930864112659022
8.887499723536967,8.17604999958992,0.735
8.76249966713667,8.31910779913485,0.735
9.222499683324099,8.821988875443935,0.735
9.580000259254573,9.574071112876535,0.735
15.80749927369833,12.634081551530956,0.735
18.005000711735487,15.495439273741244,0.8517810752459055
18.352500039277075,16.892426215046644,1.8674464262638986
18.815000566900967,18.527869135040046,3.18179828199625
16.214999712717532,14.635413242707251,4.871802345586121
2.2625000234185904,11.865533892809152,6.165931434679628
2.234999979116246,6.329120504151881,8.25361768232286
1.7875000283706186,5.573624781560004,10.409886994438171
1.7650000102449952,4.691637546368241,12.582096269603968
1.86250002234295,3.6491949800524117,13.895786518396138
1.8499999569011478,3.606562894642502,14.199246226148604
1.7075000082215666,3.3916237635473907,13.414916481055021
1.9849999659852682,3.966109488540441,12.036086155157685
1.757499970979914,4.350663788213134,12.12929877886474
1.8349999780406057,3.856291706736386,11.939700848094224
2.1850000163578986,4.284204882690907,11.216067509750127
3.997500036805272,4.823361714038849,9.827992627221942
4.892500137635768,5.835216471212506,7.623237632890939
4.492500036890507,6.547669270219207,5.318274802215099
4.532499847625792,6.386218040248155,2.5022213079375026
4.237500097252429,7.422973059345781,0.735
4.939999887966514,7.605151184895634,0.735
4.725000157742203,8.238203177511096,0.735
8.657499715443253,8.062952887935637,0.735
9.302500102151631,10.03722706792414,0.735
9.077500319573879,13.848040783442258,0.735
9.682499699511528,14.957736821494102,0.735
12.769999816827774,10.854082598258852,1.409892302560955
19.37999973742485,13.250799686756134,2.664669433451742
14.572500183600187,14.249423899840115,3.567778654597551
6.622500025176108,12.639760327822566,5.305038277948201
4.31000017780602,8.361001731336117,7.5795049955326315
1.922500037454739,7.016511177771091,10.107687110687493
1.8199999991800635,4.638966138774455,12.467383712742327
1.8524999699895082,4.302183687496186,13.875404479703903
1.770000036421716,3.9224920692633094,14.089012423349022
1.9674999740363657,3.432979280459285,13.36117860852301
1.6624999719703195,3.14510530992642,12.531433802878857
2.035000028413236,3.350845333737582,13.149811237944364
2.3449999569863826,5.401495745816827,13.622300256245731
4.467500105346144,5.088889955018461,13.746683158356547
7.747500134100317,6.048233573347926,13.062731086640953
6.8525000332698225,8.34171047696948,11.45001124538362
4.0824998837918045,7.387159372667074,8.919206623176931
3.870000066986233,5.6936740485760575,5.311164371496141
4.592500161746442,6.664442596152127,1.226699988788776
4.157500077103377,7.51279013842523,0.735
4.022499968349636,8.323722901237607,0.735
3.977499932098389,8.065971681398153,0.735
4.05249992607072,8.097615589838027,0.735
4.8125001174867155,8.978373699271083,0.735
6.034999839830399,12.842324877527952,0.735
11.615000348200201,8.592633929133415,0.9352916463057975
3.5475000729712844,11.94691932068169,1.8598170158315448
1.6074999830352514,7.001121391025185,2.648557241297215
1.8549999830778687,6.328265338808895,2.845772721815258
1.8600000092545896,6.730023212979435,4.196547046267688
1.6974999558681247,6.237013415874243,6.299493908828795
1.8874999538873134,5.945398047131002,8.89267696229875
1.5800000384025275,6.0965294846063856,11.49099459593296
1.8850000404685734,5.713041051854193,13.595619894901514
1.7024999820448457,5.932696549386383,14.488988204706907
1.842500017305687,5.1979065924137835,13.896014562487602
2.0375000415015965,5.588870246695579,12.534565023673176
3.797499986432642,4.9915829033055905,12.686460727797746
3.844999936102629,6.760420852485894,13.304865273
3.624999980362356,6.0212470269298555,13.623756230060458
3.750000036762655,5.154364124691188,13.680677948946355
4.144999911991954,5.453952664387525,13.004185948978066
3.705000000511408,5.777410882132948,11.073836569375992
3.6149999280089142,5.908707267792821,8.179544017802476
4.347499875783324,6.493039952602387,4.599979370060861
7.087499868201017,6.885135056414902,0.735
9.16499988063991,13.698116145730614,0.735
12.682500255761742,13.387862159295082,0.735
11.969999615337253,16.60338591061592,0.735
14.550000364813805,10.334388453024625,0.735
2.174999964004457,12.48748667649746,0.735
1.8650000354313103,5.342023680684269,0.735
1.8450000303940473,5.412176741016806,0.735
1.704999995133206,5.637342772521377,1.0608678803228957
1.7424999921193718,5.607313910610378,1.8544404378289727
1.8775000012034921,5.7033356228986385,1.6210115954544393
1.7150000474866478,6.457515706501305,2.97715701608032
1.7125000343982875,6.5424637252852325,5.470113893995285
1.8450000303940473,6.705033647075593,8.685608143108487
1.757499970979914,6.477234344200194,11.837947733954787
1.4749999870394914,6.322303899473846,14.47310325928688
1.6674999981470404,5.758259962591827,15.582835975759028
1.3275000121831892,5.23433862941742,15.213256239193678
1.4500000056603177,5.371108073272407,12.805753303055763
1.2425000156922263,5.507139563257993,12.504125921604633
1.385000014206618,5.640290202535689,13.089349254142045
1.512499984025657,6.168559124551714,13.717672122609018
1.2574999945527687,6.348317271718383,13.914109781409502
1.3450000041320918,6.254227954030335,13.32466683582306
1.405000019243881,7.8018575529927015,11.73566676950574
3.412499964217544,7.755593307276367,9.162822298773527
3.6400000588925185,9.096515688431262,5.5006817692133785
3.5174999159109595,9.498713703645468,1.2148470781921967
3.6125000145901742,8.494344533641934,0.735
1.757499970979914,8.732836393393278,0.735
1.8650000354313103,7.594742487098574,0.735
1.73000002634719,7.710654268832802,0.735
1.7924999548777192,7.462925028663277,0.735
1.8050000203195213,7.253602081338166,0.735
1.650000006198138,7.073383859203755,0.735
1.9124999851012974,6.740824210402369,1.375116575309038
1.7749999629288165,6.634975073543191,2.3754247066295893
1.837499991128966,6.57649212972343,2.191436780112609
1.7399999790310112,6.433698255333304,3.5511858555334808
1.5424999915815516,6.231126130736769,6.074639245218337
1.670000011235401,6.055863880806863,9.273136634626388
1.3675000222577154,7.531881256194114,12.723993914767503
3.3650000145475567,7.209876221514046,15.015116223276854
4.074999944196343,8.300125919269918,16.101173816798926
3.795000073013902,7.642164495125413,15.372710089972019
1.5524999941001831,7.604312365370392,12.832697589554787
1.324999999094829,6.163877044464052,12.554958225362896
1.392500003636889,6.305143182912767,12.55046910566032
1.452500018748678,6.093170219720602,12.050514329406022
1.3575000197390839,6.652205957517028,10.982100650764703
1.5724999991374462,6.982899791024625,9.20474812525332
2.6100000486475228,6.981707742364704,6.557515034000278
2.2174999871673435,7.931405733510851,3.1645159684982893
2.0575000465388595,7.724383958381414,0.7520026093963766
1.9400000294036417,7.362141500591039,0.735
1.7650000102449952,6.996326086248755,0.735
2.0274999891481547,6.7034122216910115,0.735
1.7850000152822583,6.7818781270429485,0.735
1.7450000052077321,6.593770855115056,0.735
1.8850000404685734,6.153638183700145,0.763003646862118
1.8499999569011478,6.052596710650325,1.6165345357759295
1.7875000283706186,5.976697497362792,2.867696649535
1.8025000072311608,5.47576635750711,3.3171974679100513
2.1325000405111907,6.6445923945543175,4.799240469867885
4.1475000247499345,7.094113545531928,7.063592714374661
7.542499658872485,8.312426745140552,9.561884309051633
9.907500279446245,9.85276172392547,12.051573219453095
9.572500319659113,10.313089453824759,13.687750505209564
9.537500335761308,9.621186138472556,14.360264491288662
9.217500255165099,10.038574601191877,14.39629067359805
9.122499957146644,9.575865963400602,13.450367768993972
8.477500367795228,8.931358343295454,12.887748709005116
8.540000395995378,8.624595983001589,12.832117911042571
8.702500150372982,9.07780092314899,12.25270332398176
9.080000033653379,10.27504356632769,10.943955891004205
9.0949999128443,13.020553295360804,8.87425084023714
11.677500376400351,10.423453225809336,6.172039189017415
7.152500009159147,10.451754613859652,3.0453242588961125
2.3225000385303796,7.274754366856813,0.735
3.967500079084188,4.575721379170716,0.735
2.602499909712821,5.9500589972591404,0.735
2.117499961981028,5.0627709329763055,0.735
1.7399999790310112,4.687268827567101,0.735
1.7424999921193718,4.311969250826538,0.735
1.7999999941428004,4.1973910486131905,0.735
1.770000036421716,3.8733280356112125,0.735
1.6725000243237613,3.5351298770448567,0.8709003247651457
2.265000036506951,3.9474184446278215,1.5103741805270685
3.7399999844092133,3.990774729499519,3.412930337638408
3.7874999340792,5.624097078649402,6.240028222551942
4.549999839574695,6.385635969665051,9.34946761670947
6.325000162044764,5.735355485146642,12.095915834888219
9.502500351863503,6.9614484966447945,14.333197411817311
9.502500351863503,9.438687874101996,15.376577271243333
7.362499912545979,10.56364612178564,14.8765020940876
3.6099999018321935,8.848823126682042,12.594396298117637
4.067500004600883,8.429328844223022,12.69496135038197
4.072500030777603,9.431120159164667,12.861451876360178
3.8000000991906226,9.606516365064381,12.471496479958295
4.660000016784072,10.093711037837267,11.332363617540597
4.932499948371053,6.605738784453571,9.455075154408812
2.1199999750693888,8.092634500889181,6.8107739447093
2.0575000465388595,5.833479030389786,3.5948517142461243
1.5899999910863487,6.00443316064775,1.224436192700751
1.8749999881151318,4.856025043356121,0.735
1.949999982087463,5.2325828493845465,0.735
1.704999995133206,4.8141474569725995,0.735
1.7450000052077321,4.866644642069936,0.735
1.7424999921193718,5.015380021871031,0.735
1.8199999991800635,4.992810434350371,0.735
1.8924999800640343,5.331758905819059,1.235712315204106
2.044999981097057,5.995082156862319,2.1894604312098025
3.9850000710330904,6.275459177888334,3.329663546011299
4.757500028882027,7.184131957244574,5.648654875757694
5.10500015378058,7.808725985873341,8.222682624223232
4.907500016826689,7.623075769427418,10.61408373384714
4.760000141640008,7.4705461665171375,12.867706344379187
4.7174998194682605,8.054885230182409,14.409735706710816
4.582500109393001,7.7147837805449955,14.813241387344599
4.132500145559013,7.701366654925942,14.008807083781956
3.839999909925908,7.723094632171988,12.332371244955658
3.8149999783815445,7.709591392000913,12.160048052791952
4.210000052950084,7.803621306595206,11.718338607982396
4.072500030777603,10.368524101974367,10.532616178207396
5.04250012558043,7.8905914226377005,8.670794845446943
3.757499976358116,7.696835275304317,6.1404415272814035
1.909999972012937,6.968918136675655,3.743602243829519
1.750000031384453,5.824438995819986,1.519827445343025
1.869999961938411,5.629317374687195,0.735
1.869999961938411,5.422901192171276,0.735
1.7650000102449952,5.068361202645004,0.735
2.002499957934171,4.8413098206010465,0.735
1.7799999891055374,4.610682691255808,0.735
1.8975000062407552,4.175765133058429,0.735
1.9550000082641839,4.2354393281811475,1.3357773249829186
2.0599999599575995,5.35747526259482,2.4235012450535596
4.360000040894747,5.522072065785528,3.575204439995438
5.017500194036066,7.358736786358356,5.935230549815297
4.9550001658359175,7.510806314300894,8.510056452600955
5.11499980745554,7.567481649885177,10.808496105961202
4.857500153737963,7.926612023448348,12.962011347125769
4.91499995642215,7.604243792671561,14.221358529450892
5.1650000692227485,7.473103290297985,14.355033829610347
4.677500008732975,8.295560253298879,13.711231073060631
4.102499988498688,7.8890796338355536,12.260955968550443
4.089999823387266,8.341401899824739,12.316453607900142
4.027499994526357,8.170827311481236,12.029926572617292
4.3150000046435,10.557719367478489,11.107684372462034
5.84249992839247,7.234575150804817,9.424457444380522
2.174999964004457,8.684696764099597,7.050618520548642
2.0649999861343202,5.637039776875377,4.545291048028767
1.969999987124726,5.153316796320081,1.8449599632066487
1.9874999790736287,4.53593087463826,0.735
1.9824999528969078,3.7565176325795058,0.735
2.022499962971434,3.3106683104172347,0.735
1.9324999901385604,2.7233439422819017,0.735
2.159999985143915,2.3564780101406573,0.735
1.9074999589245765,2.3508977074339983,0.735
1.962500047529265,1.2789011551135405,1.3540355037341638
2.5825000043451785,6.923480750130117,2.4171241834014654
4.415000129499435,7.966650505996346,3.3593150587394836
4.664999843621552,5.5786588947469,5.619990291610659
4.337499823429883,6.406700944596231,8.274195073471068
4.137499972396493,6.240550890041292,10.675147722156643
4.370000093248189,7.167345599777698,12.962258527784346
4.095000048903227,7.427723313453793,14.471687153320312
4.259999916038812,5.765748739189804,15.050081920825242
3.6949999481579665,5.80056453362912,14.317286950974465
4.234999984494448,8.753690467407703,13.097677647622227
4.31999983148098,8.46441574002981,12.689869428815244
3.84999996227935,12.040121578748225,12.43140856127858
4.4349998355278375,10.608546887094974,11.368167337257265
5.459999819596112,5.602600334922672,9.053157011488675
2.117499961981028,7.91191115311861,5.757403202534914
2.06249997304596,5.728300470736623,1.8946195542113482
1.8775000012034921,5.99998630086422,0.735
2.082499978083223,5.897763144795001,0.735
1.8874999538873134,6.19333260671854,0.735
1.9874999790736287,6.069016682592631,0.735
1.9149999981896577,6.398179590730965,0.735
1.9249999508734792,6.16141201541245,2.0887807588820158
2.042499968008697,6.375943298420906,4.623573162600696
2.022499962971434,6.201121189534664,7.505233586485385
1.8324999649522453,6.381759220110178,8.86662970238328
1.7875000283706186,5.917721388261318,9.410143292177915
2.4200000506283343,6.1629433394601945,10.655830155010223
2.9425000950159133,6.635857349022925,12.471563457943201
1.882500027380213,6.689959215008616,13.671564956214427
1.53249998906292,5.814826060272157,14.398786400892734
1.5724999991374462,5.694481372501254,13.74724928180039
1.392500003636889,6.008446656921804,12.84172845451951
1.5699999860490856,6.4491287072843315,12.035457040513753
1.59750003035143,7.204270802063047,11.377653493047951
3.58250005686909,7.189389729059636,10.082911635128259
3.764999915953577,8.53115531520307,7.519503086698054
3.7824999079024795,8.707331336212754,3.884930974799842
3.844999936102629,7.909177016091943,0.735
1.882500027380213,8.240226072126626,0.735
1.889999966975674,6.739902465752959,0.735
1.869999961938411,6.7813454925915595,0.735
1.8675000485196709,6.812601486868858,0.735
1.9800000394781678,6.4069353675434,0.735
1.837499991128966,6.3845722954761985,2.155646416125074
1.9674999740363657,5.991335775170922,4.939241601494551
1.869999961938411,5.855476115610898,7.830776892689466
1.86250002234295,5.507344483997524,9.200601869044899
1.8324999649522453,5.459434892187715,9.488483613808155
1.909999972012937,5.333006370787919,10.613456213917136
1.6525000192864983,5.028466643028856,12.263303387449978
1.4549999820022284,6.534571087385416,13.321333086360097
3.657500050841421,6.1722775987494,13.677344996840358
3.7600000891160965,9.674278949221373,12.926843120908737
3.485000044771135,8.045796955516337,12.34686878925979
1.3825000011182575,7.123663195908069,12.964931268324852
1.6224999618957936,5.7230666196304565,13.073810361644028
1.5499999810118226,6.232349674996734,12.30459770721495
1.5200000232907382,6.185657647269666,10.086620939720868
1.4775000001278518,6.3275596778965,6.994556751147508
1.557500020276904,6.370885264525116,3.486432297216207
1.637500040425956,6.329326222248375,0.8058361086998042
1.7174999609053878,6.637419769992232,0.735
1.9249999508734792,6.685772692273558,0.735
1.869999961938411,6.706947702465653,0.735
1.7624999971566349,6.206472252114415,0.735
1.922500037454739,6.073569192173779,0.735
2.032500015324876,6.147381323610246,1.7883728352364152
1.79749998105444,5.913324363287986,3.51852013414532
2.067499999222681,5.681529504670203,5.007035681251586
1.7875000283706186,5.643051848377586,6.141644738938808
2.055000033450499,5.294426652804018,7.51988821011126
1.6799999639192222,5.356184341671467,9.5119841155833
2.39500001941435,6.414920498850942,11.692430088178515
3.9450000609585647,6.44040641946435,13.226950739988087
3.5875000830458106,7.193435518290698,13.735055301762818
3.702500087092668,6.5636251804089545,13.494999825006722
3.6024999622367324,6.151194284608066,12.699717584667205
3.407499938040823,5.368301376762092,12.456884116251468
3.5924999098832906,4.677592502140701,12.434318116837144
3.7675000287115576,5.079126319004596,11.601994658774137
3.5075000628967588,5.416654697721898,9.84432249782741
3.7399999844092133,5.426933027655482,7.27043827361524
3.4299999561664465,6.056309603349269,4.368573222962618
3.7399999844092133,8.980081637886165,1.9482365274938194
4.1174998676896095,14.777060517784356,0.735
4.089999823387266,10.892023234636783,0.735
3.2200000527796147,6.374147251861394,0.735
2.0399999549203365,7.084675231159031,0.735
2.115000048562288,6.038755789805353,0.735
2.3050000465814766,5.8107065155220035,1.6079123162548243
2.1450000062833725,5.476468828991652,3.1187624299168584
2.075000038487762,4.799261998505891,4.9171532189011575
2.225000026432425,4.473061670164168,6.278264678363204
2.234999979116246,3.841804328733534,7.797509565472602
2.115000048562288,2.6157364339797198,9.787399981584548
2.1100000223855675,1.9524352099225668,11.528770179419517
2.4624999741216,2.9078836398173866,13.123847700510025
4.102499988498688,3.9553076937605445,13.646779115014672
3.8175000911395256,5.037293783289492,13.732491001769304
3.492499984366596,4.43482361963898,12.923994961836337
3.5674999783389274,4.094372528973222,12.318130449593662
3.809999952204824,3.759896831389368,12.367505982180237
3.7900000468371813,4.660862757018209,11.827043877483606
4.137499972396493,4.658576734604836,10.520691704823374
4.25249997644335,9.033152122640013,8.235343855441212
4.360000040894747,10.351409632117152,5.483845975614786
10.927500037998557,11.769961889848112,2.3703159408970174
19.029999898446796,16.120761687955856,0.735
19.159999383006095,20.487415334562062,0.735
16.93999972089648,12.480861437490582,0.735
2.380000040553808,12.79965192757368,0.735
2.2850000415442135,4.288064887749553,0.735
2.0900000173483044,4.610664750724137,0.735
2.2374999922046066,4.569911836337149,1.2233412222510947
1.8349999780406057,4.383496555885077,2.317472104859948
2.107500009297207,4.618352866562903,3.5937854486471417
2.032500015324876,5.6807668327349425,4.415202658168078
1.8975000062407552,5.065601550195515,6.2889333145302535
1.944999955910742,4.130030332365632,8.512674972867964
2.0125000102876127,3.1068495182088016,10.706709502829312
2.382499953972548,3.8039466174797716,12.853086007102727
3.962500052907467,4.009753220597357,13.827481731504202
4.160000189861357,4.5627519694864755,14.250004375709295
3.6899999219812454,4.967281456460953,13.516158489381075
3.6774999562090636,4.703221548328996,12.771446222358941
3.659999964260161,4.954483877202272,12.993726220335363
3.4699999662409726,4.1304341936674716,12.89964049075365
3.6824999823857847,5.972219540657699,12.065105961831808
5.652500129712522,6.05406743556887,10.546813916293383
9.105000363876224,7.602125215220451,8.41500831316471
9.427500158551931,10.319068833691476,5.292481101813912
8.999999614825844,12.177302857474684,1.8727682856448737
13.165000090735553,15.701701167684792,0.735
18.694999938659667,15.598795872733593,0.735
6.237499803621769,14.561507820506096,0.735
1.8124999599149823,7.9624914920765155,0.735
1.8275000384451447,4.147466137079001,0.735
1.9849999659852682,4.06741349137038,0.735
1.7450000052077321,3.90354088764146,0.735
1.6849999900959431,3.727084396319986,0.735
1.8675000485196709,3.8632765537336473,0.8508920097732822
1.670000011235401,3.6815248148198427,1.177947042485997
1.8675000485196709,4.007055961330235,2.9505466228096187
1.7924999548777192,4.4843143703067305,5.544077124576271
2.1049999962088464,4.920026096039415,8.634979165375828
3.922500042832941,5.984043945742846,11.572066662518978
3.839999909925908,7.164076834907233,14.094518173179626
3.574999917934388,6.068179856459797,15.377001465147734
3.570000091096908,6.585602730384469,15.149968422313927
3.764999915953577,6.828254002734124,13.067712972946763
3.8200000045582656,6.738462439077496,12.863923682945966
3.977499932098389,6.934703150708079,12.937054871535898
4.859999867817462,7.168208738690316,12.793034662136435
6.64000001712501,7.897497331295609,12.262959726598858
9.502500351863503,9.474954060857295,11.14964129586339
9.875000009627938,11.67930559256494,9.127447557103038
12.690000195357204,14.975683732020855,6.152058619556129
17.982499298235176,11.32956648931384,3.1775286347977816
2.4974999580194055,13.987210670434832,0.735
1.9299999770501999,6.851189577100873,0.735
1.710000021309927,6.301954153738619,0.735
2.020000049552694,6.2654009184765815,0.735
1.704999995133206,6.242046731704176,0.735
2.12750001433447,5.936684131559134,0.735
1.7424999921193718,6.346505676698089,0.735
1.8100000464962422,5.848241695884169,0.735
2.0399999549203365,5.620537677165866,0.735
1.6950000424493847,4.696072844475806,0.735
2.474999939893782,4.911143539469839,1.5023347791112214
3.722499992460311,5.6902478057053685,3.2865729803475734
3.574999917934388,6.30211123306036,6.070741764382422
3.7150000528648497,6.673120630660653,9.554021572037934
4.095000048903227,6.316061790487766,12.708013286511898
3.6400000588925185,6.0786443692442775,15.000449639296532
4.2200001053035265,5.962414043403268,15.83291263482809
4.222499819383025,6.976466715045869,15.259716634722947
4.1174998676896095,8.2751423335433,12.78573565649569
9.49999984042704,9.664571925551892,12.71557143316567
9.61500024315238,14.21006795485258,13.185358208718895
9.522499659213423,14.275315675147771,13.520045604576469
10.465000307731628,15.927147470161914,13.269321491653322
10.02999982441008,12.19012674951315,12.132929942474961
1.922500037454739,10.31863267943263,9.962038698369264
1.8975000062407552,6.150808762516379,6.742675673270821
1.7525000444728134,6.060860518216491,2.6758350223460794
1.8250000253567844,5.540945106424988,0.735
1.9050000455058365,5.690940310227871,0.735
1.8275000384451447,5.768871986414492,0.735
1.6725000243237613,6.073061275788247,0.735
1.837499991128966,6.244763725556135,0.735
1.7475000182960927,6.240823984801174,0.735
1.869999961938411,6.05143376551956,0.735
1.7399999790310112,5.683189601867497,0.735
1.4349999769649653,5.539532189886272,0.7616192607522406
1.545000004669912,5.493699712965489,0.735
1.5275000127210094,5.754176298905016,0.9349824586846306
1.2150000212246923,6.101255419327021,2.609861707214415
1.5249999996326489,6.027200891373754,5.682746670074463
2.779999941959828,6.105307587413788,9.388825953767896
2.159999985143915,6.943844050933718,12.64326391431868
1.6024999568585305,6.3857240776094795,15.028982260866165
1.545000004669912,7.490263209502101,16.09205364785433
3.434999982343167,7.652192853651046,15.660042455787659
3.657500050841421,8.611302447711825,13.203601736035942
3.8624999280515318,9.017170697027444,12.870527393314838
3.7275000186370315,8.115371932050586,13.355777312454581
1.8275000384451447,8.39505923930347,13.63441529794395
1.8349999780406057,7.033295541845559,13.586267695080638
1.8124999599149823,7.558600688029527,12.516425950118302
1.8749999881151318,7.732557664610743,10.297002777093052
1.6150000223003327,7.657269625435471,6.72020416065663
1.8924999800640343,7.177495953918695,2.4517579811139405
1.817499986091703,6.984840159194469,0.735
1.9149999981896577,6.990241455262899,0.735
1.725000000170469,6.98795144606471,0.735
1.9824999528969078,6.8178289591193195,0.735
1.5024999815070255,6.825318134395777,0.735
1.66499998505868,6.196285618231594,0.735
1.517500010202378,6.9885721884605285,1.0117183984353764
3.499999923962057,7.166642330936193,2.274624135052264
3.724999905879051,8.158210732253194,3.56983902499035
3.6925000347392265,7.105380996778309,3.428680928410143
1.3950000167252494,7.213128640566766,4.767119343285561
1.432500013711415,5.828945657375753,7.052884609037935
1.6074999830352514,6.14270043955803,9.649475566168427
1.372499998599626,6.265010213564635,12.278275359147191
1.484999989558123,6.229586434440911,13.986945947923063
1.6200000484770536,7.0248854192766546,14.6857264670825
1.379999988029897,6.910967827307283,13.888025843073725
1.7199999739937484,7.0742139078024024,12.59719741312921
1.6950000424493847,7.276022961785197,12.77936955850184
1.942500042492002,6.831299906333387,12.967973185139298
1.8149999730033426,6.681813416272998,12.570529012139438
1.8275000384451447,5.992854740185738,11.490387009927034
1.817499986091703,5.448222857250274,9.563897635383606
1.7924999548777192,5.119427929350436,6.884702490262389
1.944999955910742,4.411219062780142,3.943280760006756
1.6224999618957936,4.019122563592941,0.9591045500473677
1.9149999981896577,3.3216365534631906,0.735
1.777499976017177,3.088086712169498,0.735
2.247500044558048,4.113936479421258,0.735
3.7074999139301483,5.962937508249581,0.735
3.830000056911707,7.813336303834318,0.735
3.8624999280515318,7.821882375765442,0.735
4.427499895932376,7.829403843998908,1.0868115087505614
4.157500077103377,8.450579204648136,2.1653241369261593
4.132500145559013,7.896511000732183,3.1475037596715985
4.017499942172915,7.774648543981909,4.887633469411135
3.702500087092668,7.846724829309582,7.340080626812875
3.705000000511408,8.398448006396888,9.925555630519986
3.5550000125667456,8.76753497635901,12.271601481365561
3.5924999098832906,9.284290861184001,13.678753926594258
3.5974999360600117,11.457118885353207,14.099788702706098
3.8650000408095124,9.939156148240565,13.493758340215086
2.852500022513419,7.724980381389856,12.710572802363634
1.86250002234295,8.051890357428789,13.414172547008395
1.9149999981896577,6.576837783966959,14.275633023219108
1.7650000102449952,6.061533088814914,14.397057730996607
1.9324999901385604,5.564920035593212,13.586641655496358
1.8275000384451447,5.363597369357944,11.579952522884607
1.750000031384453,4.895306834146083,8.762325045961736
1.7450000052077321,4.558169160340727,4.999939602957964
1.8924999800640343,4.296302382535934,0.735
1.7599999840682743,4.642301881629825,0.735
2.3575000224281846,5.598489959777594,0.735
3.7150000528648497,6.460244660707712,0.735
3.7399999844092133,7.546358866574168,0.735
4.137499972396493,8.392763648606538,0.735
4.479999871779085,9.976094506915807,0.735
4.105000101256668,10.183554828374982,1.4822252869959547
3.9999999502240122,9.53649566598773,2.8415136395965517
3.9450000609585647,7.975408674879669,3.1626794560728966
3.5049999501387776,8.410437863051891,4.882840556705594
3.622500066943616,8.319026468724608,7.050387685707807
3.432500068924427,8.459378836093544,9.336269764255285
3.670000016613603,9.078607051038741,11.394687429851889
3.619999954185635,9.250375282756089,13.099147176505326
3.697500060915947,8.243483275321125,13.863413028334975
1.942500042492002,7.9238938335609435,13.550975081177354
1.9474999689991026,6.4293203669270875,12.976302375976443
1.725000000170469,6.563387568033934,13.443340662077665
1.8675000485196709,6.563156733193099,13.97757939567685
1.882500027380213,6.440050798258782,13.692198162350058
1.8275000384451447,6.219300130937696,12.40923007734835
2.020000049552694,6.134862819288672,10.339418978105186
1.7650000102449952,6.023502351100147,7.281658282122313
1.8275000384451447,5.930778905889988,3.3886374623811246
1.9800000394781678,6.021491416839063,0.735
2.2924999811396747,6.839069751260876,0.735
4.402499964388013,7.84349712832272,0.735
5.037499900064469,8.886578776244521,0.735
5.325000109520853,9.282632358700633,0.735
5.752499855889976,9.434342278652787,0.735
5.584999875996411,9.441138949406742,1.6641010647523402
5.152499904111326,8.983646620868443,3.318945274373293
5.430000061214268,8.805617542276382,5.079384263982177
4.649999964430631,8.801669827951788,5.980986480467617
3.7675000287115576,8.373366345763802,7.719939490668773
3.457500000468791,8.344755583211779,9.530072158292532
4.0775000569543245,8.519075357211232,11.131648935989737
3.9175000166562204,9.475647761415242,12.4346003812021
4.275000193908215,8.965556186088323,12.88074711751163
2.1574999720555543,7.665018340403437,13.066169289866089
2.0799999649948626,6.374869657270015,12.739604569392204
2.2825000284558534,6.033351702987552,12.99037173959136
2.0074999841108916,6.1358686850976945,13.32359917484939
2.227500039520785,5.72421640837133,12.952314689096807
2.2050000213951617,6.127108921500445,11.71034988856852
2.12750001433447,5.981671808777452,9.388069262009859
2.1199999750693888,5.8204880920675395,6.412231811171174
2.0925000304366645,5.8856975392285,3.19763598401621
2.229999952939525,5.839760209867061,0.735
2.562500098977536,7.0432541316369175,0.735
4.397500137550533,7.792172855318188,0.735
5.70999993239671,8.672318594603539,0.735
6.912499948711991,9.478204087839126,0.735
7.015000186325907,9.895379656249284,0.735
7.787500343514084,9.956316067444682,1.6473560701779275
8.852499739639162,10.752697065679431,3.135687128816843
9.752499667307138,11.239114315413236,4.740159508325756
10.544999929202199,10.577037731981873,5.5218201009851695
5.857499807583392,10.803114743816852,7.413285969600379
3.3050000991053876,8.797986836138962,9.460548212603927
3.6899999219812454,7.880805460628866,11.283948900094627
3.6074999884134535,9.124868107327222,12.76896883427441
3.7675000287115576,7.662134300267696,13.360816608461738
1.9050000455058365,6.287708175556362,13.509660827488302
1.8475000434824078,4.907500814183653,12.98457654918313
1.8124999599149823,5.018152033353448,13.179409128416776
1.8299999518638848,4.9921259033975005,13.81087836746037
1.86250002234295,4.973204622661769,13.532549756472706
1.909999972012937,4.732339429909588,12.427573274285793
1.710000021309927,4.691766319517791,10.170805887891053
1.8499999569011478,4.606919166389704,7.184354021158814
1.9025000324174761,4.989734629864991,3.3889813225714867
1.7325000394355505,5.36947747828275,0.735
2.3775000274654476,6.330979940589964,0.735
3.6925000347392265,6.790083727550804,0.735
4.582500109393001,7.5009294535982605,0.735
4.1174998676896095,7.939305946301817,0.735
4.1475000247499345,7.9515876356053345,1.2321398570002986
3.842500022683889,7.853577315050959,3.0999555699053407
3.8175000911395256,7.980311622846126,5.745670892179013
3.6499999119067192,7.62414183568716,7.881096495920419
5.317500169925392,8.060335962382554,9.153781068168282
5.292499839702547,9.410171199671625,10.408458130760192
3.724999905879051,9.276357159400582,11.734365482941865
3.605000074994713,8.35783861626327,13.394892455639242
3.572500004515648,8.832423088663816,14.41129533693075
3.8799999200004343,7.452382374896406,14.13360620622754
1.8450000303940473,7.44864356809616,12.110328859354256
1.942500042492002,6.267543017958105,11.276252013329268
1.777499976017177,6.443678772441149,11.19534898641944
1.7725000495100764,6.42856845931083,10.111204252251982
1.8874999538873134,6.625344596142173,8.130441181297302
1.6074999830352514,6.682938885626495,5.465239650879503
1.7850000152822583,6.4096487732890255,2.405838691953793
1.79749998105444,6.232903439407647,0.735
1.7999999941428004,6.254097586166859,0.735
1.9124999851012974,6.058277879012823,0.735
1.385000014206618,6.55714705376178,0.735
1.704999995133206,6.626431393682957,0.735
1.3699999855112655,7.136610678275823,1.8388879902625828
1.5024999815070255,6.2872461071962125,4.1131359330302475
1.565000009707175,6.166043862011433,6.863155513046979
1.232500013173595,6.240452416456342,8.676759872888326
1.4824999764697624,5.885856611942649,10.04238277804792
1.212500008136332,6.118627834161818,11.117509404962062
1.6150000223003327,5.890828132607937,12.64748352736771
1.4975000051651148,7.402290018399953,14.050114958615303
3.539999934036583,7.415824355492592,14.64225616016507
3.78500002066046,8.65964301096022,13.544769251933097
3.52000002866894,9.052892288976906,11.507711982022524
3.745000010585934,8.220994619532227,11.21328792337656
1.869999961938411,8.411704065909385,10.675709061458706
1.7275000132588296,7.386163872498571,9.393047161530852
1.9274999639618395,7.375025593080222,7.110362085727155
1.8600000092545896,7.524345435535311,4.015674991423488
1.7525000444728134,7.382671847678423,1.254141427354328
1.7650000102449952,6.692385173569023,0.735
1.857499996166229,6.650097347027958,0.735
1.7875000283706186,6.428505866789222,0.735
1.6925000293610244,6.267033108180166,0.735
1.8949999931523946,6.063864959253669,0.735
1.565000009707175,5.927558381115794,0.735
1.6750000374121217,5.471963363471329,1.4765941029480842
1.5024999815070255,7.084440409533381,2.9822549178242683
3.394999972268641,7.022835015845894,4.1928389377105235
3.532499994441122,8.034598076968788,5.493564162281752
3.5674999783389274,6.9914526404899355,7.933948504866361
1.4349999769649653,7.3337400442418454,10.537878734164238
1.5275000127210094,5.860536541577578,13.279371378816961
1.219999997566603,6.016150719899834,14.586133392956256
1.4649999845208599,5.85003255962342,14.625186342297791
1.3550000066507233,6.14055674536258,13.521256789803504
1.512499984025657,6.188952326241433,12.057822105973363
1.6325000142492352,6.370518081643581,12.377037587317824
1.565000009707175,6.747883211597204,12.51091780821681
1.969999987124726,6.5631854380437735,11.825477071051
1.7224999870821087,6.714415747782588,10.088132728523016
1.837499991128966,6.512273797267675,7.453012286897301
1.7325000394355505,6.614032094227374,4.711561104806662
1.9149999981896577,6.347647093190849,2.2406943038686364
1.7075000082215666,6.545023241136969,0.735
1.9074999589245765,6.198202464371025,0.735
1.7174999609053878,6.833490644589662,0.735
1.842500017305687,6.690217957343161,0.735
1.7275000132588296,7.005000532650947,0.735
2.234999979116246,7.49165459740281,1.4738883717632292
6.6425001298829915,7.59482222279489,2.800985779212415
8.715000315484405,9.387271107689738,4.321065897740722
9.49249990083158,10.493482695812583,5.759543308624029
6.299999831821919,10.983219342584013,7.593630174134969
5.037499900064469,8.86068062208116,9.72202388681829
4.234999984494448,7.713732864067554,11.450630791743993
4.345000161703825,6.816012181278765,12.954973874568939
4.652500077188611,6.7066849733462925,13.666845400349498
3.7675000287115576,6.729948261424899,13.428133470076322
3.5449999602133038,6.598831679760218,12.517370818119645
3.637499946134538,7.272261828989982,11.974562889237403
3.9800000448563697,7.639490159870982,11.847284783993363
3.534999907859862,7.507514027400016,11.193638655733466
3.0324999681791662,6.377346247997582,9.702887319702505
1.8349999780406057,6.189183161082268,7.107720043429731
2.030000002236515,5.629099297557771,4.732689070937932
2.0375000415015965,5.885770098712147,2.2444937097980824
1.7650000102449952,5.911382799082697,0.735
2.0599999599575995,5.933914512147606,0.735
1.7725000495100764,6.183209362714291,0.735
1.9149999981896577,5.864003449653388,0.735
1.8199999991800635,5.6770479598587755,0.735
1.9124999851012974,5.221917402645349,0.9835101267279124
2.4475000949306787,5.5609364402052766,2.06238884141922
8.305000162385701,4.951810737983287,3.75420071258381
14.160000316421986,8.197623289585113,5.211942865714729
12.454999961747527,10.778914959985018,6.6811081540390855
9.362499618915319,8.953208316156864,8.827132625213265
9.81000026734829,7.3006361752024285,10.848600769137144
9.280000283365249,7.364054359945654,12.54214629367888
9.070000379978417,6.84744160069555,13.454536351197362
8.482499795954228,7.188613502056002,13.655332363158465
8.067500214696526,10.63826916525364,12.764802644141913
8.160000001278519,13.579455077187419,12.09417600199461
7.797499997189044,14.017497477323412,12.412370069069265
5.7950001780617235,14.928432358384132,12.39971521670699
3.807500038786084,12.923959878129958,11.722128445628284
1.7150000474866478,6.045351925283074,10.094933386061786
1.8675000485196709,4.5584936846247315,7.764648092949986
1.9175000112780183,5.171798733369112,5.037656182029248
1.7475000182960927,5.0266757792896035,2.0677708015812932
1.9350000032269208,5.200904654595256,0.735
1.7450000052077321,5.353096178153158,0.735
1.8199999991800635,5.180577234854996,0.735
1.8450000303940473,4.92640096495986,0.735
1.9200000243663786,4.821328055104315,0.735
1.949999982087463,4.8963772858691215,0.735
2.287499954962954,5.697648075680435,0.735
4.17750018181026,5.373844203691482,1.6843110736797748
8.192500271096826,6.1578350720757244,2.6370113131314517
8.877500069862007,8.089763218464851,3.7232911699070037
9.087499973248839,7.278493572335541,5.872816237488688
8.857499965155124,7.139240760218798,8.40047090101242
8.547500335590838,7.354685016950071,10.811756498583554
8.259999727455973,8.588168730139731,12.808190823292136
8.984999735634922,10.149545959182381,14.080627417524456
8.287499771758318,10.315205639204978,14.06648230499804
4.092499936145246,10.460500822388529,12.730483603090644
4.0124999159961945,10.552115542741417,12.5602064288944
3.922500042832941,14.134039968415498,13.388622837837934
4.05000001265198,10.179404585381747,13.923410153027772
1.962500047529265,6.491021443450153,13.807097300741075
1.9800000394781678,5.612921323453784,12.895897697168587
2.000000044515431,5.945911146336794,10.998146662291289
1.9025000324174761,5.605976742983163,8.161089190890193
1.9400000294036417,5.554075980894268,4.381880313320756
1.9600000344409048,5.853917681426406,0.735
1.9775000263898073,5.434474429813028,0.735
1.9149999981896577,5.4871374651587015,0.735
1.9849999659852682,5.294860016313494,0.735
2.042499968008697,5.26062828584969,0.735
2.2374999922046066,6.076406985605657,0.735
5.465000045112074,5.039087437778115,0.735
8.314999816060661,6.930566861461698,1.0355073690093493
9.350000251160859,7.946806683254241,1.8296781186596303
8.907499828243852,7.45244377138257,1.5025775244716926
9.479999735720158,7.248840265554189,2.6260793498273194
9.407500053845048,7.730272439554333,4.505160072073043
5.937499827732444,7.845242542715072,6.863686552784443
3.5174999159109595,7.0077446366396545,9.730414474141597
3.372499954143018,6.570053870924413,12.212438392056226
3.412499964217544,7.343541554711461,14.039707058175205
3.372499954143018,9.194941431963443,14.404607106723786
3.9549999139727654,13.899268576254249,13.841897945398092
3.7074999139301483,6.530646496412754,12.726877954903244
1.59750003035143,7.00201164007455,13.181157732236981
1.7875000283706186,5.690823497432769,13.596331934669614
1.7399999790310112,6.00191311396569,13.823014937796593
1.817499986091703,5.729830200070441,13.548990459696054
1.5950000172630696,5.834305490882099,12.246447261248827
1.7275000132588296,5.33954429920733,9.876928018764852
1.6525000192864983,5.878991767168343,6.533249866897464
1.7475000182960927,5.770803982336223,2.3841679250698533
1.7624999971566349,5.371897456665933,0.735
1.8124999599149823,5.447553874758184,0.735
2.115000048562288,5.776564886395037,0.735
4.122500093205572,5.21799600110054,0.735
3.724999905879051,6.134578162852824,0.735
3.9275000690096618,5.645020522719622,0.735
3.9525000005540254,5.24529790219754,0.735
3.370000040724278,5.768631583290101,0.8498832535452674
3.5425000467945638,5.680154063908756,1.3117185736639423
3.6300000065390767,5.361009148655534,0.735
3.392500058849901,9.095022238839269,1.7022024682279675
3.5075000628967588,8.421825715199708,3.9309603988905253
3.534999907859862,8.385208691380619,7.056405338708758
3.3525000487753753,9.493212737956643,10.440003166936636
3.5950000226412717,10.05570342347443,13.305857982419132
3.3899999460919203,6.440287214598358,15.230007114275693
1.7374999659426509,7.074258559792339,15.572463956382274
1.9775000263898073,6.022383260602355,13.844204699092506
1.5699999860490856,6.36055590374589,12.667887094697951
1.9050000455058365,6.203511665710211,13.046934647843837
1.6900000162726638,6.408329944871962,13.63876408282101
1.7599999840682743,6.149745487006009,14.106335003373623
1.7725000495100764,6.45772381666869,13.903674770832657
1.644999980021417,6.43740157974869,12.69598914350748
1.8400000042173266,6.390432071798444,10.33408944416344
1.79749998105444,6.685454148166776,6.9900014508169885
1.6125000092119721,6.583285611049533,2.670752868402153
1.4349999769649653,6.450124207452834,0.735
1.4474999925719572,6.243273864070475,0.735
1.3100000202342867,5.927024151950479,0.735
1.3899999905485285,5.991818176133633,0.735
1.2900000151970237,6.859120886813401,0.735
3.044999933951348,6.304860121190846,0.735
1.6925000293610244,7.179464628260731,0.735
1.517500010202378,6.128324093512297,1.021462125442568
1.425000024281144,7.314440816305577,1.583966191606894
3.534999907859862,7.229714462757408,1.0385654323022997
3.4625000266455115,8.813146186722516,1.8046678214747458
3.5425000467945638,8.76273967158258,4.351002266243994
3.5899999964645506,7.727844487601518,7.9029400899261235
1.6725000243237613,8.107942159867882,11.356819352957606
1.7949999679660795,6.742664111594856,14.168613366338015
1.7725000495100764,6.984225795654356,15.762072252793311
1.8324999649522453,6.612714860524237,15.760262252486944
1.7325000394355505,6.718599081089794,13.801644973827004
1.6974999558681247,5.917559126119316,12.63424660442233
1.770000036421716,5.931945040448606,12.712023194679617
1.7450000052077321,6.0039348125457765,12.64532189264059
1.770000036421716,6.327749448853732,12.190774203367233
1.8800000142918525,5.983391309068502,11.171785493444204
1.5899999910863487,6.327164188842774,9.116936797614693
1.4425000162300465,5.752468758968413,6.188116696144045
1.352499993562363,7.098764130019545,3.1174523724263903
3.5875000830458106,7.053612595945298,0.735
3.4800000185944144,8.651687780538797,0.735
3.5449999602133038,7.004714680179655,0.735
1.2800000126783921,7.488549689388274,0.735
1.452500018748678,6.101349108770192,0.735
1.2625000207294894,6.168893615797758,0.735
1.4349999769649653,6.132466761614382,0.735
1.3100000202342867,6.576886422741711,1.4513726556723936
1.379999988029897,6.522944028148651,2.184512731583789
1.39999999306716,6.861073215337693,2.82153924965173
1.3874999774601682,6.819227523232698,4.746561088704467
1.8075000334078817,6.996370738238692,7.2686147182404985
1.8324999649522453,6.937109574022888,9.877320318390726
1.6900000162726638,6.724423773705661,12.41304303834617
2.009999997199252,6.491906509679258,14.04720779512763
1.6875000031843035,6.602188951253593,14.553448136322498
1.817499986091703,6.460817561685741,14.228429491000174
1.5874999779979884,6.109162010973693,12.839667286769748
1.7924999548777192,6.0142195213350655,12.98476871221125
1.7475000182960927,5.7757619479331375,13.165149196487665
1.7900000414589792,5.841047144005596,12.800112799898386
2.3124999861769377,6.667359726601839,11.654838694150447
3.6549999380834404,6.8406170224478835,9.541495891503692
3.5525000991480056,7.509016247918606,6.875840266295373
3.6949999481579665,7.578598400665521,3.559705016667098
3.9500000871352854,7.1686688136580585,0.735
3.5075000628967588,7.485778873941301,0.735
3.447499948115349,7.241967447210252,0.735
3.7699999421302977,7.119106699542105,0.735
3.5574999259854856,7.489092689480185,0.735
3.5600000387434663,7.365582095887064,0.735
3.4150000769755247,7.50778512876749,0.735
3.492499984366596,7.50796692615509,0.735
3.5049999501387776,7.933076196348667,0.735
3.539999934036583,7.482629313936829,1.0271014574819057
2.800000046666711,7.0563431448656315,3.1193692185658217
9.532500110245346,6.640169854158163,6.061289097584188
1.7075000082215666,10.979274817687273,9.18664812218964
1.7875000283706186,5.3696843924146895,11.929812824394107
1.9074999589245765,5.878418467511833,14.04243561370313
1.559999983530454,5.720463647824228,15.028566040531397
1.8800000142918525,5.184567607777119,14.609908982883692
1.8850000404685734,5.0931928918701415,12.360096941278575
1.6875000031843035,4.810243198602498,12.714900855959653
1.8450000303940473,4.999999006051719,13.230092326422929
1.964999960948005,5.77452524728328,13.1541129787606
4.034999934121817,5.617572306619882,12.361150249826908
4.397500137550533,7.342457547920048,10.602737344261408
4.760000141640008,7.5544608106768125,8.056568450731634
5.462499932354093,7.415150987537205,5.105456241963506
5.290000125623048,8.188320525895953,2.457249777197689
4.374999920085669,8.133543697240949,0.735
4.0124999159961945,7.415893326869904,0.735
3.490000070947856,7.546590100093483,0.735
3.394999972268641,7.213104719857871,0.735
3.340000083003193,7.549143237089514,0.735
3.7775000810649995,7.725170949704051,0.735
3.832499970330447,8.383301413524746,1.0781384328056498
4.034999934121817,7.471392959612011,1.9261848233207313
1.9975000314270703,7.785786026043295,3.1029241298791765
1.9975000314270703,6.253011984661519,5.206317113661171
2.182500003269538,6.19109522307992,7.828666288807987
2.182500003269538,6.036741267437935,10.255239611433744
2.3299999781258403,5.807267116261423,12.495405228498578
2.1574999720555543,5.8677259106358886,14.136639352115392
1.9474999689991026,5.2638922665783765,14.549372047526836
2.1999999952184406,5.00507976462096,13.38591979773283
2.162499998232275,4.876480837567449,11.950523374155162
2.0575000465388595,4.7174946366479995,12.127906593607067
2.472500026475042,5.79821870944351,12.109218938461542
4.277499907987714,5.934729809642434,11.234159539244175
5.022500020873546,7.111658189470767,9.506524612456559
5.900000129755139,7.884987597900628,7.21818507974863
5.4524998800006514,8.511492492491602,4.94404926530391
5.277499960511625,8.04795141403079,2.815267040440291
5.0600001175293325,8.495680106555223,0.735
4.91499995642215,8.064066795613169,0.735
4.032500020703077,7.753309676933884,0.735
3.5150000024922194,7.242145257813036,0.735
3.485000044771135,7.513100310283899,0.735
3.6525000246647004,7.615374895877242,0.735
3.539999934036583,8.299855615259409,1.3535332186821847
3.8600000146327913,7.141302326647042,2.7663968328291175
1.6099999961236118,7.499119453291892,4.2301221532723305
1.7650000102449952,6.100233207700253,6.277243264093399
1.7549999578915534,5.932635950257183,8.760104406819343
1.7399999790310112,5.876229722647965,10.857240131832956
1.7125000343982875,5.515627428130806,12.905611099693775
1.644999980021417,5.1417076776149875,13.89647144802749
1.8199999991800635,4.431320431821346,13.9562692334795
1.8050000203195213,4.100654107128978,13.112812280139922
1.5775000253141669,3.6542554060190917,11.878168013890384
1.7675000233333555,3.3317009923914074,12.011057917441128
2.1199999750693888,4.4265494464322925,11.87709078463316
3.5674999783389274,5.316906138987839,11.1306195481503
3.6774999562090636,6.828730822198092,9.524187663904428
4.127499920043052,6.779397948209047,7.231103458587229
4.212500165708065,7.709743687180876,4.792423865189851
4.549999839574695,8.653769679569601,2.5162689435751733
4.335000109350384,9.58852161311984,0.735
3.6549999380834404,10.383665113347769,0.735
3.7824999079024795,7.902385129479765,0.735
3.202500060830712,7.433646878333091,0.735
3.5049999501387776,7.654258008185624,0.735
3.3199999782963094,7.876223847518562,0.8092734398157615
3.3549999621941153,8.071407263815999,1.6968604755836725
3.657500050841421,7.241229094662367,3.2006737147066
1.5775000253141669,7.506888102183938,4.604483639545739
1.7174999609053878,6.028401312281788,6.679887400528491
1.7675000233333555,6.096763508875072,9.320159964171648
1.7599999840682743,6.185260164823532,11.484844581676125
1.7475000182960927,6.107662581204474,13.462656634510159
1.650000006198138,5.898447675747872,14.685541480267048
1.7999999941428004,5.779744347285629,14.976393379718065
1.7325000394355505,5.743476964494884,13.602793715499043
1.7650000102449952,5.2907608041659,11.96204518227279
1.6150000223003327,5.376833096267879,11.78392281291604
2.1349999539299307,5.991702559373975,11.20349797458291
3.6400000588925185,6.782381259286701,9.473612906445265
4.4649999925881625,7.3032044619807595,7.283218311020732
4.565000117444098,7.795637371323108,4.1104954854467515
4.719999932226241,7.818794212247132,1.3567260851367189
4.345000161703825,8.073174206846355,0.735
4.015000028754175,7.700356403653621,0.735
3.670000016613603,8.725965568441747,0.735
3.4424999219386283,8.61442250550866,0.735
3.362499901789576,7.394454790201484,1.1205306632740795
3.3650000145475567,7.333393193962872,3.2061605273093283
3.4424999219386283,7.222856395517289,6.148855636635125
3.5974999360600117,7.832306223344802,8.630494032458067
3.6099999018321935,6.865404458361565,9.47631116240859
1.9149999981896577,7.154860584448575,10.456560284276604
3.267500002449602,6.101016212238074,11.824948423384427
2.0700000123110414,7.062458474094569,13.13301012937367
1.9575000213525442,6.5137353525811434,13.975525404139757
1.8299999518638848,6.305777081698477,14.070740988538265
1.650000006198138,6.4743319648543,12.671857135017513
1.7725000495100764,6.44805506613344,11.575828592671156
1.7875000283706186,6.650860816320181,11.009890933001637
1.8199999991800635,6.662762166352272,9.959626693555713
1.5775000253141669,6.274917373831868,7.720589336593747
1.7349999528542905,6.69763417445749,4.806182259589136
1.425000024281144,6.578329240166545,1.7101275984240323
1.452500018748678,6.399833707751036,0.735
1.3750000116879864,6.395198273045719,0.735
1.2274999869968741,6.067131332053244,0.735
1.2975000046272946,6.220769261142314,0.735
1.405000019243881,6.030650257596374,0.735
1.5499999810118226,6.319376802062094,1.4412071019142865
1.1974999794409795,6.164231868312657,3.3395398086962103
1.3450000041320918,7.285391507423817,5.963356120655239
3.457500000468791,7.466500377286076,7.685061502386331
3.447499948115349,8.654678666507602,8.238380190756917
3.4749999924176933,8.919311076939106,9.757873055881857
3.487499958189875,7.884280342274308,11.449853368704915
1.8299999518638848,8.05616339339435,13.007305209417938
1.8050000203195213,7.124805808436274,13.673533630556463
1.670000011235401,7.060794390112459,13.202177656499742
1.8100000464962422,6.778920730066597,12.123029958420394
1.7624999971566349,6.77103048423767,12.268998110880851
1.6674999981470404,6.6480274083516,12.77860728524506
1.770000036421716,6.056646885344684,12.874408927011489
1.7850000152822583,6.1939278336915375,11.709722368638515
1.7024999820448457,6.367876836703122,9.110773228289485
1.7275000132588296,6.0964106784188745,5.890463341797292
1.8149999730033426,6.294382850694954,2.4665645012412964
1.4374999900533258,6.087459150471986,0.735
1.2700000101597606,7.14294049652785,0.735
3.45249997429207,7.134338609609306,0.735
3.52000002866894,8.612520011794567,0.735
3.204999974249452,7.279656517466306,0.735
1.4274999875346943,7.382846070174872,0.7528229713537916
1.4900000157348439,6.1460210326311,1.7440239406152067
1.617500035388693,6.482593779028059,3.0850649286183716
1.512499984025657,6.659037313298882,4.277227211906314
1.425000024281144,6.810077453401982,4.844870816798508
1.5075000076837464,6.901930982165336,7.002293904439508
1.7349999528542905,7.010284218567311,9.454571224808097
1.5699999860490856,7.47845036609292,11.781416719980836
2.000000044515431,7.0956580259695645,13.382630700259805
1.9274999639618395,7.01826576176852,13.9858998155874
1.8050000203195213,6.272485435094238,13.87481523290813
2.0525000203621384,5.879630051417351,13.23929701520562
1.7900000414589792,5.481658028107882,12.727013505586982
1.9274999639618395,5.258901210667491,12.662022534233927
1.969999987124726,4.969696252023876,12.022259188059568
1.7399999790310112,4.768574121064842,10.247092217984198
1.975000013301447,4.289059989239574,7.764805172271728
1.837499991128966,4.319088851150573,5.16695478981793
2.3775000274654476,6.3514413163000345,2.6064807143513855
4.632499972481728,7.701998958997726,0.735
4.892500137635768,9.722035847172737,0.735
4.150000137507916,8.171147051623462,0.735
4.132500145559013,7.474194871980547,0.735
4.222499819383025,7.319461374424099,0.735
3.9824999582751097,7.726508914688229,1.5258232706971093
4.05000001265198,8.016823395546078,3.1932570989137887
3.844999936102629,7.7000837075722215,5.104260206518769
3.447499948115349,7.696165495455265,6.426048013950289
3.4424999219386283,7.783732831863165,7.9793858914119
3.342499996421933,8.289244388793707,9.91652954969704
3.5449999602133038,8.33301609664321,11.592061185727118
3.5425000467945638,8.258965555474758,13.04408170462966
2.78750008089453,7.52288308286488,13.457986514776945
1.8275000384451447,6.873106926625669,13.455843219259977
1.6550000323748588,5.475810212140083,12.739395661867857
1.8524999699895082,4.57080088935107,11.864467029192447
1.7599999840682743,4.390779215708077,11.854013679405451
1.5800000384025275,3.437653785655797,11.279610480858087
1.8499999569011478,2.9493928472839293,9.799078071666955
1.6424999669330567,2.519051520037353,7.543676557750105
1.8724999750267712,2.183487230859548,4.807377497676909
1.8025000072311608,1.7692961695624887,2.349942374122515
1.9925000052503494,4.528292194931209,0.735
3.667499903855622,7.7330416602873795,0.735
3.3774999803197385,7.595400306593179,0.735
3.3849999199151997,6.612908219587803,0.735
3.5875000830458106,7.336028857404589,0.735
3.405000024622083,7.5977150338572255,0.735
3.964999966326207,8.095640536640285,1.0925483425960503
4.0124999159961945,8.506087209638357,2.072886145508811
3.5250000548456613,8.913136344616413,3.0980488900671896
3.659999964260161,9.036576770796776,4.3929077601212265
3.349999936017394,9.424415184461473,6.607934705530107
3.3525000487753753,8.73297353879094,9.044004948265552
3.5274999682644013,8.306528695684074,11.439028450573087
3.5600000387434663,7.7608941363674395,13.341408142621516
1.3075000071459262,7.693334080879092,14.170153859990835
1.8975000062407552,6.349221474514604,14.200509239578247
1.6224999618957936,6.361842837884426,13.207064657326937
1.8524999699895082,5.901732786436082,12.805120201627016
1.8499999569011478,5.363118157823086,12.972448749773502
1.6674999981470404,4.892870111266673,12.848688583450913
1.9600000344409048,4.146791573088169,11.910759979759455
1.7199999739937484,3.793323430659622,10.238841168129444
1.7150000474866478,3.362971339094043,7.901129292262792
1.922500037454739,3.156262327233404,4.535512262232602
2.024999976059794,3.8963981639654937,1.3832388021794333
3.6099999018321935,6.058023522141576,0.735
3.6125000145901742,7.291832158293723,0.735
4.7824999604263905,7.713481696624159,0.735
4.479999871779085,8.311200410131216,0.735
3.3774999803197385,8.423563156022428,0.735
3.842500022683889,8.087398257712126,0.735
3.84750004886061,9.210458795823454,0.735
3.532499994441122,9.13243582226455,0.735
3.710000026688129,7.388599399342536,0.735
3.3374999702452124,7.750547632413506,1.4240157867797463
3.4299999561664465,7.897104234312772,3.5409978262759747
3.7749999683070183,8.41538466565132,6.428259084809125
3.532499994441122,7.7397777319121355,9.408341265441178
1.8600000092545896,7.465414377102255,12.162086894546746
1.8675000485196709,6.222467631473839,14.451802665373087
1.7174999609053878,6.034793723055422,15.430282452139854
1.9824999528969078,5.539045403460264,14.730608095824717
1.5499999810118226,5.163320436779857,12.698184267227052
1.6875000031843035,4.353958865863383,12.992662546146512
1.9474999689991026,3.850693862176538,13.200370048264265
1.6849999900959431,3.788110510173738,13.143075963676571
1.7125000343982875,3.4385721415381134,12.622293426187634
1.842500017305687,3.3774593151146175,11.348253347102403
2.1125000354739276,5.1008435319316385,8.973970694120526
4.97250015778482,6.843029425939917,5.880808545008898
5.875000198210776,9.178047829985022,2.8742802266405523
4.5049998033234475,9.843821757654547,0.735
4.942500000724495,9.919355382774471,0.735
4.412500016741455,10.087376834121942,0.735
4.602499815421402,8.272844350775479,0.735
4.409999903983474,7.346625731444955,0.735
3.9050000508840386,7.425524202949404,0.735
3.497500010543317,7.253382010816335,0.735
3.370000040724278,7.21199081218034,0.735
3.52000002866894,7.694288517163991,0.735
3.8574999018748106,7.960032443202137,0.735
3.5775000306923688,7.177157475887834,2.0968126352415233
1.7875000283706186,6.9570446941372746,4.520491651760638
1.7275000132588296,5.8290521045303345,7.52565310095489
1.6950000424493847,5.769569275078774,10.807839881180524
2.1100000223855675,5.590682639072836,13.504455681232809
1.8850000404685734,5.853293749602735,15.255205189025402
1.842500017305687,5.705153596774638,15.565837920018433
1.9050000455058365,5.822058486606479,13.609214033766388
1.7275000132588296,5.815277762991786,12.649176316200494
1.7475000182960927,5.682704808833897,13.04304673529148
1.8100000464962422,5.858423146946729,13.65567761872351
2.2625000234185904,6.874351999523639,13.94653749174416
3.9074999643027786,6.8115481783205265,13.398215839461683
4.715000105388761,7.972131537761092,11.769757766465544
4.354999815378785,8.39659494881451,8.960898026709556
4.3649998677322275,8.010803350474237,5.28188223438114
4.604999928179383,8.190049195792078,1.621254689658582
4.727499871821702,8.426233504492044,0.735
4.587499936230481,8.469359353201389,0.735
3.732500044813752,8.014309329041241,0.735
3.4275000427477065,7.31388346378833,0.735
3.4249999299897254,7.085158828157186,0.735
3.58499997028783,7.368238091931342,0.735
3.4625000266455115,7.564677345445752,0.735
3.4625000266455115,6.8540620555606475,0.735
1.8149999730033426,7.036516066619753,0.735
1.882500027380213,6.179540723326802,0.735
1.704999995133206,6.556511161583662,1.8717652105852216
1.9249999508734792,6.461268865726888,4.229441210425795
1.7024999820448457,6.5761221560925245,7.653965378180145
1.7424999921193718,6.471921554754674,11.168641514938473
1.8275000384451447,6.453785271949172,14.366608263287544
1.86250002234295,6.757316741828322,15.811814569582939
1.7199999739937484,6.658213643555939,15.840415763851404
1.869999961938411,6.811405451424121,13.860060142304897
1.6049999699468909,6.893915152614712,12.651334761499761
1.504999994595386,6.694972995592951,13.112683108311892
1.5149999971140176,6.478115822322965,13.737981601817607
1.3899999905485285,6.375114445857704,14.042746582918763
1.3575000197390839,6.195180481480659,13.4475060548532
1.2700000101597606,7.09260654087156,11.755477900612354
1.644999980021417,6.31226477662921,8.958470872113704
1.7850000152822583,6.482062340612114,5.18890363494277
2.8824999802345035,6.536946413778663,1.2913820341534166
1.5824999518212675,8.260636018312573,0.735
3.657500050841421,7.5270070130783315,0.735
3.5799999441111092,8.831288449705243,0.735
3.432500068924427,8.999525187432765,0.735
3.6549999380834404,7.909958425915836,0.735
1.7525000444728134,8.15112940506339,0.735
1.8549999830778687,7.096963697996735,1.070144804662969
1.8400000042173266,7.0543202502501,2.046841975351572
1.6974999558681247,6.501021894482077,2.169292183853313
1.777499976017177,6.114889426040054,2.922381981478482
2.000000044515431,5.989143043522239,4.702605191396475
1.5874999779979884,6.106279166873396,7.272006674761772
1.9299999770501999,6.137181533337534,10.123027461301684
1.7199999739937484,6.541008150148988,12.89278481558442
1.8874999538873134,6.366800404802859,14.414263099547624
1.5724999991374462,6.362571622148752,14.610522947745322
1.59750003035143,6.215633883621097,13.9356440009135
1.3675000222577154,7.40364273448795,12.784929528605938
3.5174999159109595,7.325661223491132,13.153208775964378
3.5924999098832906,8.554866319216488,13.312535846985577
3.3274999178917706,7.3597362733116745,12.922312538644075
1.5200000232907382,7.334166630217134,11.866308126420378
1.3899999905485285,6.251482654006184,9.816222841088772
1.4099999955857916,6.2631499797695875,7.010691269297003
1.3000000177156552,6.276086697818339,3.7796850384832923
1.6150000223003327,6.274613182150424,0.735
1.1750000111501662,6.514896702997983,0.735
1.4900000157348439,6.310387798337937,0.735
1.4649999845208599,6.63161142319411,0.735
1.6824999770075826,6.67780390678376,0.735
1.9000000193291156,6.6736173840487005,0.735
1.7450000052077321,6.856787421660721,0.735
1.8650000354313103,6.620810824449658,0.8920660532238426
1.73000002634719,6.738108412585854,1.6109400799831746
1.8025000072311608,6.471808330065906,2.0854045501607654
1.704999995133206,6.529337634957731,4.138826774383188
1.9175000112780183,6.266303127880395,6.752426551573276
1.8199999991800635,6.236054195447564,9.451727849877477
1.7549999578915534,6.326097325226069,11.948768391479254
2.1974999821300805,6.912635499395727,13.612208906520008
4.212500165708065,7.060939509079754,14.272898088835477
3.8274999441537263,8.220103174447416,13.786826094666718
3.7299999320557715,7.810646818797588,12.706530999917387
4.807499891970754,7.538215459909439,13.463819180962442
4.3150000046435,7.787220471220016,14.30179908932209
4.684999948328436,7.682484444681405,14.492273315395117
4.294999899936617,7.097486764164566,13.847358245881795
3.8750000931629542,6.939585766071975,11.961157723972796
3.3274999178917706,6.82794741898179,9.269328457770348
3.5650000649201874,6.75120779145509,5.70314146647811
3.5449999602133038,7.1020277120697495,1.4760979475777596
3.3075000125241276,7.225847680164575,0.735
3.6275000931203367,6.938121021330654,0.735
2.8925000325879453,10.745067156898974,0.735
1.7525000444728134,6.213219885415137,0.735
1.8149999730033426,5.570995496973992,0.735
1.6624999719703195,5.6189282121357325,0.735
1.8124999599149823,5.418890087968111,0.9874849013544431
1.7624999971566349,5.638733363065124,1.7296577608707546
1.7949999679660795,5.46899400614053,1.647283211685419
1.704999995133206,5.228537857510448,3.5134018997988106
1.750000031384453,5.175256870518327,5.936598017007113
1.837499991128966,5.043106515550912,8.45124420035541
2.207500034483522,6.217665947841704,10.896823323554992
4.162499903940857,6.570293078013361,12.854856139560937
4.980000097380281,7.821049137738942,13.810464539196492
4.559999891928136,8.692043611158132,13.939850058894157
8.334999920767546,8.532196663396954,13.66571235610485
9.807499755911827,10.389818317032455,13.322917434645891
9.49000018675208,10.905863756803274,14.01280024745345
8.607499852354525,9.839036021161675,13.95071404751718
8.847500311480164,9.331922574092149,12.865236929864286
4.907500016826689,9.015339965440035,10.93651575318098
3.459999913887531,7.0558013408091655,8.020256017272471
3.45249997429207,6.571076082551182,4.628930604036152
3.362499901789576,7.014172928476631,1.3281452234708144
3.702500087092668,6.058479610324502,0.735
1.969999987124726,6.272419254466295,0.735
1.8800000142918525,5.3247724641078715,0.735
1.5899999910863487,5.16300308870852,0.735
1.842500017305687,4.820119261948168,0.735
1.777499976017177,4.907706133601666,1.5802449266598373
1.670000011235401,4.50469242221415,3.1518222449840603
1.8874999538873134,4.6021298417904974,4.487414494179488
1.6875000031843035,4.602167716246248,5.342011720329821
1.7799999891055374,4.66759005771637,7.204807821977734
1.6550000323748588,4.869070999308825,9.279199736974238
2.267500049595311,5.8570018581599,10.930502086964845
3.7150000528648497,6.537788422731757,12.203455368509292
5.83750010155499,8.025017833056449,12.953596041736603
5.497499916251898,8.970516543756126,13.256945714228152
5.350000041065217,8.845187976287006,13.342334671412706
5.217500045069456,8.900803624467253,12.626046585413217
4.872500032928884,9.029705945845246,12.841403930235504
4.842499875868559,8.501265592082142,12.431276200022698
4.879999972524345,7.972797330825328,11.325683360903263
4.440000061043799,8.066830434847473,9.091635066459775
3.5875000830458106,7.708356286064982,6.349402474545241
3.5125000890734794,7.424656678573489,3.3162185128985344
13.060000139042138,7.957055112301707,0.8830917009338828
19.092499926646948,11.981197696527838,0.735
3.702500087092668,14.517141284362078,0.735
1.7749999629288165,5.302735511038602,0.735
1.73000002634719,4.709950443741083,0.735
1.8650000354313103,4.506769537103176,0.735
1.7349999528542905,4.394181537869871,1.67350469409734
1.8675000485196709,4.27389306376487,3.242926058862805
1.782500002193898,4.262430658740998,4.645279611208737
1.6799999639192222,4.0580309919849045,5.6101373516169195
1.8124999599149823,4.592288463472724,7.677251390932202
1.869999961938411,5.421133053105474,9.707931399851441
2.245000031469688,5.969178421200216,11.658115831269026
4.7775001335889105,5.674833300893605,13.06226543017447
5.252500028967262,7.0084901654002065,13.713041073366998
4.662500129542053,8.215438636212944,13.77558655091405
4.534999960383773,8.24959501644373,13.710369927540421
5.272500133674145,8.16613646046698,13.365345596012473
5.520000133716763,8.581091389734745,13.532442910639643
4.64749985167265,9.00178091028154,13.070825057173966
4.24750014960587,8.025245079790949,11.633389791841507
3.434999982343167,8.251356377975345,9.220058973659873
3.5950000226412717,7.296487925601601,5.990136948976815
6.032500125750899,7.650401989911794,2.3030027670583872
17.919999270035028,9.381491067063807,0.735
18.215000615122317,15.20194652802825,0.735
11.402499933376907,14.148789477519989,0.735
1.7900000414589792,9.443406632609962,0.735
1.777499976017177,3.9281495162561537,0.735
1.8349999780406057,4.241700175055862,2.076571429722905
1.7349999528542905,3.790019781422019,4.506248065649271
1.7725000495100764,3.7856349161423744,7.404399027567505
1.8324999649522453,3.908238914868385,9.199959199332595
1.9124999851012974,4.3575298290228845,9.696576239339112
1.7075000082215666,4.703180484445394,10.926491381440162
1.644999980021417,4.486029086456001,12.532207239133118
2.234999979116246,4.878849386426508,13.635355381803512
4.412500016741455,5.471161621044875,14.351775829058885
4.887499912119806,6.884064604691862,13.532948434954285
5.229999811502397,7.988955769683718,11.992390196219683
5.622499972652197,8.387121550735234,11.228162617524266
6.0775001620021465,8.54879364858508,10.441019797064662
5.547500178019106,8.741821809011102,8.893985425075291
4.667499956379533,8.361147647660374,6.5990457701048255
8.399999663047193,8.04736535666287,3.241869959565103
8.36249996506989,10.560700685163736,0.735
8.462499691247343,10.306926681856513,0.735
8.794999936954975,10.510040610509515,0.735
16.917499902110098,10.171719658970833,0.735
18.72499969704151,13.63010239413023,0.735
14.322500070799588,14.894000890001058,1.3844403692881015
6.947499932609796,11.000549896178246,3.1587048309507963
4.069999918019623,8.22444956725359,5.755215653706491
2.0474999941854177,7.0974652355265615,8.216213667181133
1.8775000012034921,4.544762001683712,9.437365856257081
1.8975000062407552,4.7571759032765035,10.299610134362577
2.032500015324876,4.89125347002387,11.442786393940448
1.882500027380213,5.62035189299345,13.161980499916076
2.0599999599575995,5.4782006883156305,13.89951655426979
1.757499970979914,6.03252045835346,13.613150585093498
1.9874999790736287,5.324824292310477,12.023379474592804
1.6224999618957936,5.373243395219744,11.295550443908573
5.647499904196561,4.964086845788062,11.11615549283862
7.260000073610544,7.4913284784048795,10.457206143416762
7.665000001193285,8.464333612262607,8.64014843056798
6.929999940660894,9.080244822241067,5.979011427269876
6.7799999527162305,8.712676019936799,3.2353659188166257
6.437500053333641,8.387340823900104,1.1979145053922011
6.3950001298403745,8.015110672789216,0.735
6.417499948626757,9.494868051012158,0.735
8.559999703345298,9.380134762869476,0.735
8.417500053674578,10.763809829674958,0.735
8.56250021478176,10.793398151863812,0.735
8.63749961073637,9.879717970778941,0.862477270062994
6.839999868158399,9.637561458424925,1.7467478116709738
6.97249986415416,7.682411087840795,2.9450751593284306
3.150000084984004,7.863031576563119,3.7591429303807025
2.0500000072737783,5.168854891461134,5.701348609346449
1.8050000203195213,4.768275112203658,8.373117570391297
2.022499962971434,4.751642644630671,11.181729332131743
1.942500042492002,5.143009362857342,13.560670144492388
1.9674999740363657,5.135785707449616,14.421179373846053
1.944999955910742,5.363378494871557,14.210584642164706
1.975000013301447,5.638545984178782,12.990215457626581
1.842500017305687,5.497950821614563,12.308266346602439
1.6725000243237613,5.260333662451804,12.854839395064712
5.6399999646011,6.797928125354349,13.177695608302951
8.754999727541207,8.60401859185338,12.650724783422946
8.717500029563903,10.738772821031809,10.76554487842679
8.675000106070637,9.801854468612671,8.117000932326317
6.432499827817678,10.645921400029062,5.324373386947811
6.484999803664387,9.142280788688659,2.5814911484475433
6.315000109691322,9.023398852266668,0.735
6.529999839915633,8.772240179798603,0.735
6.4650000976359845,8.934025502337217,0.735
6.360000145942569,8.811542701869607,0.735
6.602499920469224,8.299061447724103,0.735
6.57499987616688,8.594759682797193,1.2506368939968198
6.8924998440051075,8.159332613500355,2.666734986664802
6.90500000911653,7.826198469007014,4.264802795706392
3.3274999178917706,7.467529765125512,5.798497784380615
1.975000013301447,4.852846778500974,7.418052569526135
1.942500042492002,4.338784764176011,9.41575269841373
1.964999960948005,4.355080747110546,11.104077129560709
1.9849999659852682,4.171876423149109,12.637139415484667
1.8499999569011478,4.342525564368666,13.452113183386325
1.9000000193291156,4.042693631459326,13.573234895517826
1.9025000324174761,4.357079721017182,12.834371241820454
2.4099999982748925,5.79517081245184,11.896054325287938
4.154999964345396,6.140276873068512,11.881803961642383
8.917500279275774,6.768089831757545,11.282806287566423
9.720000194845795,10.010537138296366,9.810178875308036
9.849999679405093,10.568112915493248,7.262058051932454
9.867500070032477,10.667439672393797,4.701951358686686
9.650000227050185,11.098416692479253,2.3190229641532896
9.475000307561158,10.576045819919704,0.735
8.927499932950735,10.33348584494233,0.735
8.787499997359514,10.041607747079729,0.735
8.912500053759812,9.141347881041765,0.735
5.7300000371035935,9.323189123274684,0.735
9.225000194760561,7.633723674313425,1.305556100704558
11.365000235399604,9.654881646378636,2.483495578996986
7.6925000454956285,10.320982490403056,4.299458321396113
1.66499998505868,7.422652521846592,5.96783607075274
1.8225000122684238,3.9173323723547164,7.264455305642187
1.9050000455058365,4.405984015638531,9.336075209156274
1.750000031384453,4.198967024650872,11.281631780759692
1.9249999508734792,4.26696403175503,12.90156212103486
1.6799999639192222,4.351333568062186,13.560811276674865
1.9124999851012974,4.34077696054846,13.240234706994295
1.8075000334078817,4.468151944663525,12.77814003406465
1.8149999730033426,4.375546109605432,12.25856868180275
2.300000020404756,5.750122934782803,12.65854844994545
3.6400000588925185,5.486488815269173,12.6311480752635
5.057500004771352,6.289753794845343,11.774732476558684
5.007500141682625,7.980982200052142,10.02643165199995
4.764999968477488,8.042568457172512,7.547372307274341
6.462499984878004,8.340075097838044,4.4901705585226415
10.270000283535719,9.406996124244332,1.4024365166073292
10.202500029819607,11.945080615524649,0.735
5.482500037060976,11.452585113660692,0.735
3.410000050798804,8.492140638995766,0.735
3.712499940106869,7.828136046427487,0.735
4.105000101256668,8.1868326578027,0.735
4.699999827519357,8.537030241307615,0.735
7.44499964677453,7.186416384944021,0.8044417307104822
3.5250000548456613,9.159396853259802,1.6751642929465322
2.214999974078983,5.701573862688542,2.482573834347576
2.1100000223855675,5.416891114061475,3.8582589857037366
2.3124999861769377,5.371019566649497,6.090635421934724
2.254999984153509,5.264025425191224,8.705495820483565
2.0649999861343202,5.207157129221857,11.132840984649658
2.2924999811396747,4.701343374002278,12.972231868679524
2.2574999972418692,4.803023928658068,14.10946303474009
2.2050000213951617,4.908867484018505,13.786977592489718
2.254999984153509,4.752829510470331,12.50058964347303
2.4874999056659637,5.855972868998945,12.719251235550642
4.352500101299286,5.656964531349242,13.700275388386846
3.830000056911707,7.601639624829888,14.19728791744709
4.207499940192104,7.396622405105829,13.935278811424373
4.4649999925881625,7.2042014320072525,12.781684285765886
5.150000190031827,8.049356356999873,10.642676157189012
5.127499972566962,8.519785004908442,7.53743803687036
5.2000000531205535,8.498248393333554,3.5733513824130596
5.257499855804742,8.800524025995731,0.735
5.0999999282646185,8.482336337776779,0.735
4.197499887838662,8.561407038385271,0.735
4.792500012779832,8.141858535652757,0.735
5.380000198125542,8.739262293159365,0.735
5.999999855932594,8.020267977626919,0.735
2.202500008306801,8.665903060477971,0.735
3.755000062939376,5.731880204822719,0.9108055614893789
1.8299999518638848,7.006134374252557,1.4376915550637244
1.949999982087463,4.982605461257398,1.1038348058225214
1.8149999730033426,4.997383675212562,2.391017321052998
1.9575000213525442,4.790150201809406,4.403574004217386
1.8275000384451447,4.531366404702664,7.101698403643965
1.8349999780406057,4.3200014261949065,10.107660000550746
1.9149999981896577,4.342984841979444,12.647745060451626
1.969999987124726,4.299325561461747,14.26018183998704
2.142499993195012,6.053353402408361,14.536955604896544
4.179999895889759,6.4748514429157975,13.803605674599408
4.072500030777603,6.720879920682907,12.9456814765203
4.507499916081429,7.522853580657244,13.538924625393152
4.907500016826689,7.386791791107058,13.9315838592571
4.502500089243949,8.394333644466995,13.934079586551785
4.697500113439858,8.138724125430583,13.424344429787396
4.807499891970754,8.24336606384754,11.762139020682573
4.472499932183624,8.193629328556657,9.10760772114575
3.4275000427477065,7.964984029943347,5.520636823251843
3.5775000306923688,7.537494649214744,1.2806272834343462
4.304999952290058,7.935945086702108,0.735
4.259999916038812,8.16695933285296,0.735
4.0100000025774545,7.0409708999729155,0.735
1.9849999659852682,7.270361727346778,0.735
1.9375000163152813,5.8852601889342075,0.735
1.7275000132588296,6.191888991936744,0.735
1.909999972012937,5.591284643580019,0.735
1.8874999538873134,5.618705749543011,1.0499260995611548
1.7900000414589792,5.463985408376455,0.735
1.7850000152822583,5.159405414090753,0.7882684410786535
1.9524999951758235,5.079790118676424,2.2357791962084916
1.8749999881151318,5.089102849327624,4.951806751198471
1.7374999659426509,5.095178310708404,8.344138428922294
2.3375000173909215,6.037290646385551,11.616898057772516
3.622500066943616,6.799644834896028,14.158439091488123
3.670000016613603,7.154204359667896,15.396670666714906
3.8224999179770056,7.521995624564886,14.99578510106206
3.844999936102629,7.8887287967717645,13.136806345875263
3.6400000588925185,8.168504610647558,12.8189543449378
3.7749999683070183,8.139378755497336,13.38342247572422
3.7299999320557715,7.744372900090813,13.990553988181352
3.7600000891160965,7.792803564676046,14.215324131953716
3.6549999380834404,7.829627901305556,13.570621956749559
5.120000032971501,7.558970661660433,11.787141742976308
12.572500078552364,8.43356839119613,8.994735464155077
11.939999856955408,13.317016993118523,5.108840623593629
6.862500085623264,11.520867574557661,0.735
4.080000169712306,8.806916436769365,0.735
2.52749991574049,7.58041876661241,0.735
1.7900000414589792,6.544832274144292,0.735
2.020000049552694,5.326936490905881,0.735
1.8975000062407552,5.512268561923504,0.735
2.117499961981028,5.471620499977171,0.735
2.12750001433447,5.660169906341136,0.735
1.8800000142918525,5.879167983057201,1.0579140963702833
2.1850000163578986,6.155958891141415,0.735
1.8100000464962422,6.2121298984465,0.735
2.150000032460093,5.6347816619557145,2.3269269643898305
1.8524999699895082,5.705300310455859,5.139427635378838
1.757499970979914,5.53980687936008,8.782575520755053
1.4649999845208599,5.3425387732824685,12.102035549580455
1.710000021309927,5.286168028058112,14.566762402893305
1.545000004669912,6.08238237868756,15.623238053082227
1.73000002634719,5.952501301637292,15.093979611074923
1.5849999649096278,7.018136589940488,13.086771399080156
1.53249998906292,5.804649792029858,12.879922650411725
1.6599999588819592,7.45649912889719,13.306038185092806
3.570000091096908,7.331925259793699,13.451895504935383
3.8025000126093627,8.39659973295629,13.051902979081273
3.6450000850692392,8.927538206084966,11.750728842539786
4.055000038828701,7.803999253795743,9.391992258268594
2.174999964004457,8.410797471042274,6.298043915191293
1.9000000193291156,7.015843391314446,3.030597275125831
1.962500047529265,6.822772572290897,0.735
2.075000038487762,6.745962777351439,0.735
1.9299999770501999,6.794888999289274,0.735
1.9775000263898073,6.074799513967932,0.735
2.009999997199252,6.181630595927238,0.735
1.989999992161989,5.988652668989897,0.735
2.0799999649948626,6.142901772191227,0.735
1.9674999740363657,5.993834293214977,0.9413986406627296
1.942500042492002,6.0607476922062045,1.428649875945188
1.6799999639192222,5.70438414730519,2.1871087265165894
1.750000031384453,7.057823836746215,4.295579977127314
3.5624999521622063,7.081479424450695,6.889108684840798
3.662500077018142,8.10667914643824,9.579887034565806
3.745000010585934,7.034987931999861,12.260778955304621
1.557500020276904,7.385197874537706,13.977148025559783
1.704999995133206,5.929353630318344,14.557780974060297
1.5000000182534752,6.177682482924164,14.0960315566957
1.5925000041747093,6.316308173789382,12.724908483204246
1.6200000484770536,6.107128352039158,13.19999529049158
1.4700000106975808,6.605736392382681,13.654566103116869
1.6350000273375958,6.503936234182418,13.451905073218942
1.7624999971566349,6.857695611241757,12.545570941835642
1.9800000394781678,6.96217209808886,10.631660670742988
1.9925000052503494,6.800722861510216,8.06996325035572
1.9674999740363657,6.569532399470508,4.734179729780555
2.0799999649948626,6.279660850405693,1.3515144603559002
2.015000023375973,6.315218984177709,0.735
1.9324999901385604,6.106079030275643,0.735
1.9800000394781678,6.0697566298544405,0.735
2.020000049552694,5.805610607170463,0.735
1.9149999981896577,5.666903585895002,0.735
2.0649999861343202,5.515967500875592,0.735
2.372500001288727,6.7175449751845,0.735
4.102499988498688,6.33348643220365,0.735
4.37750003284365,6.854022586390972,0.735
4.332499996592403,7.702268465651273,2.580773925859183
3.7699999421302977,7.151755277755558,5.358744654880167
3.7174999662835897,7.326382831542789,8.258783758087157
3.3849999199151997,7.157089595839083,11.016336766691804
3.5049999501387776,6.9335290425798295,13.110959222557543
3.405000024622083,6.9851280050581686,14.41437313480854
3.4225000165709853,7.2724213003826135,14.373637762274742
7.429999767583608,7.472997241821885,12.665492631737589
17.499999463261364,9.87656601870358,12.86389657280922
17.980000381512642,15.792107094881533,13.60822451377511
15.629999640129805,15.704490322341918,13.979048924559951
2.8074999862621723,13.059732227102517,13.655639345589279
1.7949999679660795,5.533836270419956,12.31744551996231
2.3849999670609083,5.389599977283478,10.025307378681898
1.6350000273375958,5.730636726638675,7.10135872957766
1.869999961938411,4.540638071470261,3.8520290364113454
1.7275000132588296,4.082447656910718,0.735
1.6974999558681247,2.2710836707966027,0.735
1.7749999629288165,2.5824164812032877,0.735
1.6900000162726638,2.87118129880324,0.735
1.6725000243237613,2.8305788855430483,0.735
2.26000001033023,3.773287843567878,0.735
4.9299998356130725,4.395852399386167,0.735
17.627500031098126,5.16525043930918,1.57331410059683
21.662499427734613,15.30875568267107,2.913601685939431
12.21999972813785,17.082969013818502,4.62708153323859
11.650000332098006,11.245686131503582,7.223406571821868
11.28499981657207,11.00392510820329,9.57319641228795
5.754999968647957,12.028766418235897,11.274701154035926
3.7775000810649995,6.292388262251616,13.07513397420287
3.6400000588925185,5.445617094694674,13.752768586699366
3.4774999058364333,5.655619788830877,13.417669754648804
4.069999918019623,6.480755073871017,12.051764585124253
6.36750008553803,8.07270536095202,12.12546269451499
10.087499627094267,8.037580989367962,12.359522844265102
1.6624999719703195,10.175302981163263,11.936272213152646
1.8400000042173266,3.704208424386233,10.551754340037107
1.66499998505868,4.861929072989821,8.370703970863818
1.6799999639192222,4.478704565392435,6.117144750210345
1.7675000233333555,4.014820822776705,3.803778375160545
1.8450000303940473,4.392355191745758,1.8755403967969118
1.644999980021417,4.22523834187299,0.735
1.750000031384453,4.784745317634642,0.735
1.6950000424493847,4.784905187705755,0.735
1.7125000343982875,4.939417817383409,0.735
2.2924999811396747,4.667007189776301,0.735
3.6824999823857847,6.082729627645016,1.5868198325084149
3.570000091096908,7.3088377889254685,3.205963779478669
3.5650000649201874,7.081624942096472,5.266746007149518
3.672499930032343,6.564838757706881,6.7071506298127765
3.624999980362356,6.091263340543211,8.955093268017768
3.2399999581472576,6.18190369068712,10.94868421779573
3.5125000890734794,5.998279956963063,12.47737619020462
3.459999913887531,6.499702268708051,13.304277620918155
3.3099999259428676,6.08315740965575,13.551616156175733
3.52249994208768,5.45460290899098,12.92407390017569
3.570000091096908,10.672902364948392,11.861952962687612
3.2849999943985044,14.878286578971148,11.980071031138896
3.7299999320557715,4.557731012689471,11.997624047325848
1.8250000253567844,6.731119180125296,11.196962039555906
1.5499999810118226,5.986394155391753,9.610208127803801
1.8025000072311608,5.893721741027236,7.200033248482346
1.7549999578915534,5.809343832471967,4.700824693297744
1.7150000474866478,5.738815615688265,2.439333365574777
1.7374999659426509,5.563881876827181,0.735
1.8275000384451447,5.386666102337539,0.735
1.6525000192864983,5.354674147583246,0.735
1.6849999900959431,5.217469346826375,0.735
1.7900000414589792,5.150756881789864,0.735
2.1900000425346193,6.118313675518334,1.2054057737306876
3.9999999502240122,6.166680152868032,2.5858574751777947
3.6949999481579665,6.745426156115234,4.319800890918672
3.6499999119067192,6.595041044757366,6.253192984692157
3.4699999662409726,6.161590623372198,8.09438150999546
3.8175000911395256,5.450738518469036,10.29923697130382
3.8125000649628045,4.979313573035002,12.382168579375744
3.537500020617843,4.584677691259384,13.928014092133045
3.4725000789989533,4.545504341016412,14.713396348417996
4.025000081107617,4.749002994404138,14.384794380903244
3.747499924004674,5.950160261593461,12.621453809305429
4.210000052950084,13.02767608511269,11.439435102624296
3.7675000287115576,12.409640716184377,11.171808616796135
3.8000000991906226,9.661598581436277,10.184853722867965
2.3474999700747428,5.137171513851583,8.494930591009854
2.077499951906502,6.327921279279292,5.484734629950226
1.857499996166229,6.265108687149585,2.1837475679080187
1.7624999971566349,5.814343659309447,0.735
1.7475000182960927,5.591493152425885,0.735
1.6424999669330567,5.581626258685291,0.735
1.6849999900959431,5.125343520660103,0.735
1.7949999679660795,4.912709947223962,0.735
1.6674999981470404,4.567954324992598,2.306370005513802
1.8400000042173266,4.310362576545775,4.746156031367183
2.1100000223855675,4.967335676734447,7.719762477422952
3.6424999723112585,4.562945727228523,9.755139716212152
3.7299999320557715,5.201238747162819,10.534418204944133
3.5775000306923688,5.267922507348657,11.449851773990988
3.6424999723112585,5.089130358142853,12.786290616942047
3.659999964260161,4.591112361952066,13.749253837205767
3.7349999582324926,3.3775683536793295,14.25906075609684
3.3125000387008487,5.935323840579986,12.993069198197722
3.5574999259854856,4.988147092151344,11.19033680054903
3.3075000125241276,5.728561605142057,10.883682880802153
3.6525000246647004,5.690505352004469,10.156931079375147
3.837499996507168,11.341941469382046,8.445309472478627
4.204999827434123,12.837291163019538,5.877843174462915
4.140000085154474,11.196060228830575,3.0072482711736854
1.8650000354313103,7.875194459679126,0.735
3.1374999198725817,6.4663623820075395,0.735
2.0274999891481547,6.888323686910569,0.735
1.6624999719703195,5.897923812223077,0.735
1.7450000052077321,5.6099954220774775,0.735
1.8149999730033426,5.343531881380081,0.735
1.639999953844696,4.91749488635987,2.144120322213769
1.8549999830778687,4.745969848516285,3.9998550305959584
1.670000011235401,4.036743355121762,5.879727727645338
1.670000011235401,3.976951749186218,6.8636773831793665
1.7475000182960927,2.90558147092551,8.180445828527807
1.39999999306716,5.485141282001436,10.04429962418735
1.4775000001278518,5.493197776757181,11.846618990929127
1.260000007641129,5.548979275185764,13.145605179963708
1.3000000177156552,5.091968151574731,13.41394131348908
1.385000014206618,5.1956233607497815,12.903419165402054
1.3175000096645577,5.019827280333042,12.364779021366237
1.3575000197390839,5.1197540483483674,12.643684918795227
1.240000002603866,5.505991767909527,12.9262682265383
1.2625000207294894,7.165675535618364,12.649552668687104
3.3875000326731803,7.202712766557037,11.310717768061757
3.4174999903942647,9.043124666178226,8.732312529868484
3.5075000628967588,9.343564783111214,5.631662800194324
3.720000079041571,9.090094572806954,2.522473377444744
1.6575000454632192,9.977209211950301,0.735
1.7850000152822583,6.289850673716367,0.735
1.7475000182960927,6.660013278221786,0.735
1.6350000273375958,6.244985789470375,0.735
1.8450000303940473,5.998188659590781,0.735
1.6424999669330567,5.40765014553696,0.735
1.8149999730033426,5.000076748355627,1.1174136703180706
1.66499998505868,4.550985372781158,2.2647487693939357
1.7725000495100764,4.044239507271648,3.2538420750276744
1.7174999609053878,3.7132851373763383,4.234899916195571
1.6474999931097773,2.941058672965765,6.672706403718293
1.559999983530454,5.245116902166903,9.255434512687325
1.3049999940575658,6.5381851078209285,11.802018031837939
3.445000034696609,5.460788006954194,13.37015286114335
3.335000056826472,7.0780902586787935,14.019167940161228
3.5099999763154988,6.020926888109147,14.118981084809302
1.3000000177156552,6.446695572511256,13.433167184584736
1.3124999834878368,5.364730014924109,12.643519865903853
1.3324999885250999,6.0444234030994775,12.684987212129831
1.3100000202342867,6.459578070286512,12.227572227216958
1.4600000081789493,6.309798551542163,10.729549793038963
1.3624999960809945,7.076651428038775,8.387495511150956
1.3950000167252494,7.507683067076206,5.734756670067311
1.73000002634719,8.281409559273719,3.1662765326729416
2.1724999509160963,8.769647972311377,0.735
1.6150000223003327,6.929173878847062,0.735
1.8225000122684238,5.850593500247002,0.735
1.5424999915815516,5.866686954512894,0.735
1.8475000434824078,5.263808942775727,0.735
1.782500002193898,4.799375223194659,1.4318771782535686
1.6950000424493847,4.3232199575766925,3.0957269865904746
1.7924999548777192,3.7298314903973044,5.280511577761471
1.66499998505868,3.014726084113419,6.920049324439168
1.6925000293610244,2.9500231579633054,8.172592659797669
2.1924999559533593,3.111012518913448,10.058818697129487
3.8974999119493368,5.740597309822441,11.634907959499358
4.785000073184372,6.5535752932453155,12.962960999268889
4.877499859766364,7.323244833214282,13.388115718809365
4.597499988583922,7.889085215334296,13.204692520361542
4.855000040979982,7.5126976450175045,12.584199697272776
4.1524998515874145,7.764781251562833,11.583623554342985
5.472499984707534,6.999560963448285,11.507959960038065
6.529999839915633,8.05769112933576,10.748572338109016
4.297500012694598,9.110573091691732,9.217495471023321
4.259999916038812,6.422719048629105,6.8429158025726675
4.534999960383773,9.04678692671001,4.265911121885181
4.5725000570395595,10.686549129372835,2.0711863798025996
10.392499828499554,9.036056894056797,0.735
7.714999864282012,9.733593536353707,0.735
3.8525000750373306,8.315207128871084,0.735
1.909999972012937,6.1423352500689035,0.735
1.9149999981896577,4.79466603297025,0.735
1.725000000170469,4.574864220435321,0.735
1.8775000012034921,3.7350113205692175,1.140791404038295
1.6725000243237613,4.47444348978132,1.9072116147127747
1.8524999699895082,3.933818126246482,3.174658349069655
1.6925000293610244,4.053760348090232,4.62503112980783
1.909999972012937,4.005620120778829,6.94368537689805
2.142499993195012,4.3508208675348765,9.486586701592802
3.975000018679649,4.735103467822373,11.777163617939353
4.695000000681877,5.759540119196177,13.549448142592906
4.322499944238961,6.6617718490040305,14.31500810477376
4.487499811374545,7.75795747067213,14.05443982278347
4.639999912077188,10.235707555264234,12.790790102285147
4.97250015778482,10.357784501037598,12.831667404358386
4.432500121448339,7.950456186074614,13.28129540116906
4.1425001979124545,7.167007919103801,13.094345492873192
3.724999905879051,6.748427806403041,12.05223343101859
3.7799999944837395,6.819086789728701,10.25875356357038
4.25249997644335,7.392869245880246,7.8087251885163775
4.660000016784072,9.337378887791036,4.368243117179871
9.424999647115468,7.2103079903095955,1.2438934966549648
11.930000203280448,9.845673220522999,0.735
3.025000028583705,10.798007672467827,0.735
2.139999980106652,5.01775853769213,0.735
2.214999974078983,4.974169823265672,0.735
2.002499957934171,4.56730089096129,0.735
2.2400000052929667,4.407853817717135,0.735
2.030000002236515,4.514480377615392,0.735
2.082499978083223,4.264158929958642,0.735
2.142499993195012,4.478893538992703,0.735
2.150000032460093,4.731165321781337,1.5793427172560244
2.5050000969541073,5.684211414815784,3.8360017627733947
4.1524998515874145,5.005757119361163,6.722660020103156
4.865000093333423,6.438480403719843,9.658941788035035
4.614999980532825,7.1093932970169185,12.288077268295288
5.022500020873546,7.904594605624675,14.303095591744183
4.622499920128286,8.003144736843108,15.063174522160292
4.339999936187864,7.867866749187708,13.994749680521487
4.1125000408521295,7.7952052038490764,12.55520381130755
4.4950001496484875,7.481428494350314,13.05897553534448
3.8650000408095124,6.806889620263278,13.41720409818232
3.8875000589351356,7.203891260148584,13.586620126858353
3.969999992502928,7.903710336752534,13.196097809655665
4.622499920128286,8.551979089652896,11.829947851543427
11.41500009848833,6.798832726829051,9.421129276416302
3.2100000004261733,12.068686891953348,6.165156005032957
3.025000028583705,4.945413543067873,2.653815611129999
2.249999957976788,5.8871897927850485,0.735
2.0500000072737783,4.887690480434001,0.735
2.2324999660278855,4.706316888059974,0.735
1.922500037454739,4.635019221806824,0.735
2.265000036506951,4.905446423968077,0.735
2.0525000203621384,4.94612239340812,0.735
2.202500008306801,5.007676756249965,0.735
2.067499999222681,4.8652516594553,0.735
2.492499931842685,5.806239323135912,0.735
4.317500117401481,5.807352832134963,0.7798048737904871
4.814999831566214,7.239472517272532,2.650979611751288
4.670000069137513,8.207827066642642,5.292888949900568
4.84999981546402,7.966526915667057,8.263228225799798
4.625000032886267,8.31746125700593,11.35129287184596
4.4300000086903575,8.216242372031807,13.731167389210462
4.5849998234725,7.898234089129566,15.127112982321977
3.762500002534837,6.869787529588043,15.049161770889759
3.764999915953577,6.646940212132335,12.696540117169022
3.5250000548456613,7.464618614853024,12.539896949685811
4.339999936187864,7.42855336205244,13.19738394643724
3.9525000005540254,7.981761217805147,13.943694914170504
4.0075000891587145,6.535494426748753,14.11477104004383
3.657500050841421,6.681548295082748,13.373996919062733
1.6525000192864983,6.26076667980671,11.393695517789721
1.8199999991800635,5.132434814811945,8.213355939825176
1.8724999750267712,5.323779356010259,4.734124313471615
1.6674999981470404,5.189127692249418,0.735
1.7275000132588296,5.068657022078336,0.735
1.7999999941428004,5.643778639249504,0.735
1.7199999739937484,5.58703473096639,0.735
1.9074999589245765,5.262265259695053,0.735
1.7174999609053878,5.128243507935107,0.735
2.254999984153509,5.310653664361238,0.735
3.5650000649201874,5.343919795542657,0.735
4.5774998838770395,6.389416239027381,0.735
5.852499980745912,7.181562474430799,0.735
5.482500037060976,7.777075698577761,1.1329603121290728
4.664999843621552,7.12744107319951,2.683012431049943
4.820000057082177,6.36569207862407,5.471648407470882
4.824999883919657,6.385339352874756,8.792460355027318
4.020000054930896,6.407065336728394,12.04998328966856
3.6850000951437654,5.655266559696198,14.602606787815093
4.3900001979550725,10.627528766959905,15.736241076614856
8.480000081874728,10.125730501406789,15.096952157833575
9.752499667307138,10.486556055873631,12.476005533584951
12.002499885155558,10.049287889348864,12.697412425686716
6.1174999727374315,10.735070692651867,13.4261687825191
1.8349999780406057,6.593871322092414,14.140351846135854
2.9900000446859,4.695531439097822,14.226113966379165
1.8675000485196709,5.5358507927873735,13.285481525225638
1.5724999991374462,4.900646733728349,11.274732250957488
1.8225000122684238,5.230992520921529,8.115902971788048
1.8075000334078817,5.68647311784178,4.509787533208728
1.557500020276904,6.087086784770191,0.735
1.8149999730033426,5.472350480276942,0.735
1.7599999840682743,5.541845322436393,0.735
1.7475000182960927,4.971637417550683,0.735
1.644999980021417,5.403665354113579,0.735
1.3825000011182575,5.69696513944149,0.735
1.2174999844782426,6.054362058966756,0.735
1.4150000217625125,5.979170898662508,0.7558768734400905
1.2649999839830397,6.144555091854334,1.1171541057091576
1.3874999774601682,5.910049219561816,0.8145343263064604
1.4025000061555206,5.921878807467222,2.11681104556486
1.1775000242385267,5.854728992136419,4.468362048223317
1.3825000011182575,7.000532144229411,7.410893500032424
3.6275000931203367,7.208615201476812,10.543536779174804
3.6949999481579665,8.382748047792315,13.210883997180462
3.742500097167194,8.882411788755059,14.60009351866722
4.367499980490208,7.865040118753313,14.758105748056172
3.0949999963793156,8.408547329692244,13.90217813181281
2.1250000012461094,7.424267568375468,12.92268251227498
1.9400000294036417,6.728518201711475,13.346326240370272
1.8800000142918525,5.964905783913136,13.76722387108445
1.7875000283706186,5.812380167787671,13.564555664973854
1.7749999629288165,5.82802829818964,12.512737376806735
1.770000036421716,5.764378879927099,10.464789805493353
1.7650000102449952,5.770153737732768,7.683498682738542
1.6099999961236118,5.6754121820488574,4.08481421237737
1.8124999599149823,5.4715846189138295,0.735
1.8075000334078817,5.363856909049452,0.735
1.6525000192864983,5.486097313000262,0.735
1.6999999689564853,6.821867970816195,0.735
3.405000024622083,6.775470167808532,0.735
3.4199999038130047,8.063247910012006,0.735
3.402499911864102,6.7426059045365445,0.735
1.4400000031416862,7.102277284799218,0.735
1.3375000147018208,5.577548575175703,1.028042363615837
1.287500002108663,5.683317577660084,1.1899803550954906
1.379999988029897,5.645962998650075,3.1293365792837737
1.377500024776347,5.56940437115401,5.781008955429197
1.7650000102449952,5.792636812022924,8.500167631543874
2.1999999952184406,6.2460761751174925,11.151942468059062
1.7650000102449952,6.629837702629566,13.185671570005416
1.7349999528542905,6.138522687749565,14.245958586478233
1.6624999719703195,5.805530472795666,14.010227973890304
1.7075000082215666,5.7799289354226,12.780833505886196
1.86250002234295,5.88983661922425,13.241218645486832
1.5775000253141669,6.335287262904942,13.983880907756685
1.757499970979914,6.3320368372446305,14.266568669261932
1.86250002234295,6.395646786337495,13.90134250171542
1.6350000273375958,6.309951245400608,12.409311407758594
1.7525000444728134,6.015623268268705,10.107978145979047
1.8275000384451447,5.383425643639267,6.8997805104357
2.2174999871673435,5.435393782391548,3.2792966993802786
3.7799999944837395,4.822181625733376,0.735
3.835000083088428,5.956545894832909,0.735
3.722499992460311,5.792525979405045,0.735
3.842500022683889,5.778594558544755,0.735
3.670000016613603,5.391580611979961,0.735
3.697500060915947,5.003704323859513,0.735
3.4275000427477065,4.457877601514757,0.735
3.7699999421302977,4.007008119912446,0.9004444185599497
3.8750000931629542,6.14894015647322,0.735
4.160000189861357,12.946626344521642,2.192041475699544
4.217499992545545,13.149112753244639,4.512247778118551
6.0824999888396265,13.33407325591743,7.110604880922436
11.389999768265485,8.578356455351114,9.797118965608478
10.592500078211426,11.597919367335438,12.21950217739284
3.269999915868342,9.88703292355895,13.78633651749134
1.7450000052077321,4.610895585564971,14.389645500667095
1.710000021309927,4.1675974070063235,14.177446486775874
1.7900000414589792,3.198458457723707,12.989280157908796
1.8149999730033426,2.7213272271828353,13.624197965818047
1.7399999790310112,1.9517957296381143,13.92056119659841
1.7900000414589792,1.6445871484537422,13.427168668150902
1.6925000293610244,1.3095626201051844,11.92642007051587
1.869999961938411,1.5225415487759932,9.483683524889946
2.2200000002557037,2.5796701844829317,6.267626341760755
3.58250005686909,9.29474740039885,2.939469939216673
5.1349999121624235,12.818212802962064,0.735
4.939999887966514,9.741797542147635,0.735
3.9400000347818436,10.038823376564382,0.735
4.354999815378785,10.180831056988835,0.735
5.117499920213521,7.820311582548022,0.735
3.7824999079024795,7.476666678566336,1.102207001582235
3.52000002866894,6.910117446106076,2.4022020465144514
3.6750000427903236,6.395592566064001,4.073458453847319
3.619999954185635,6.769825279187858,5.027857462309003
4.635000085239708,8.117622870757579,6.573523968428075
4.275000193908215,11.223732502236961,8.655709649060965
15.487500787816048,6.83323509168297,10.374462816635965
19.62999985022545,12.645721368479132,12.000122964048385
5.855000093503893,12.064889080737828,12.9576258838284
1.9674999740363657,7.3464228040978306,13.43677681955695
1.8650000354313103,6.3218358509364725,13.373553588591218
1.7799999891055374,6.035461509512067,12.928460958186983
1.7399999790310112,5.99744871232897,12.466367082614303
1.6999999689564853,5.8909022868055105,12.08468665677607
1.8549999830778687,5.963531937865615,10.909318704524635
1.7850000152822583,6.065780210679174,8.843504755737781
1.6550000323748588,5.966564286396504,6.277530312600136
2.2524999710651485,6.41320020120293,3.5726746256905795
3.9000000247073174,6.269100256107151,1.407360295524448
3.964999966326207,7.0313388278579705,0.735
3.670000016613603,7.435078931438922,0.735
4.405000077145994,8.435887902601957,0.735
4.534999960383773,8.832759573302269,0.735
4.352500101299286,8.953957034345269,0.735
4.937500173887015,8.768754135155678,1.7058828686306624
4.8125001174867155,9.179692777400016,3.48458462179333
4.9599999926733975,9.051522429714202,5.156333197711707
4.392499912034571,8.871079751594662,6.340483638233841
4.587499936230481,8.544284594958423,8.401855910057424
4.245000036847889,8.92794326342225,10.43566634241402
10.142499715698957,9.941821712568402,12.207107263400554
7.4475001582109925,9.786292452762723,13.409780704855322
3.882500032758415,8.854429343490004,13.826073599107264
1.7624999971566349,7.350115364194214,13.886434318575262
1.8650000354313103,6.354281103124321,13.694906783953904
1.6599999588819592,6.393630669256151,13.148418255329728
1.7199999739937484,5.996421716560423,12.990318316674829
1.8075000334078817,5.857255018995702,12.259176267808675
1.7349999528542905,5.793869924566448,10.286626770931482
1.8124999599149823,5.884674131566286,7.470664175347685
1.7650000102449952,6.006640643400252,3.620629666847289
2.214999974078983,6.606926447650195,0.735
3.8650000408095124,7.081903219676613,0.735
3.7399999844092133,8.299930566813945,0.735
4.200000000596643,8.241178913697599,0.735
4.025000081107617,9.00093252247274,0.735
4.392499912034571,8.945766583619713,1.5976213282794505
3.534999907859862,8.985159207027554,3.655914705859423
4.457500052992701,8.603399842849969,6.310764150824547
4.312499891885519,9.242020576496124,8.893938381014467
3.5875000830458106,8.699934255665541,9.881885187004803
3.837499996507168,8.540926127429604,10.453641957791447
4.217499992545545,9.152234195659757,11.844561012607217
5.820000109606087,9.297607519825696,13.201186541794538
13.750000163323282,9.305176829476952,14.435469605339765
12.512499764431714,12.004875211548805,14.296027819622754
12.247499772440195,9.931882658022642,12.409550614847541
6.529999839915633,9.817311233343482,11.297689752640723
1.7900000414589792,7.512730336652994,10.822971324270368
1.869999961938411,5.91169177490592,9.548378676809667
1.650000006198138,5.838049879181087,7.227264184809624
1.7624999971566349,5.870917331880928,4.085963602439762
1.725000000170469,5.868275688261986,1.2075160786033048
1.8149999730033426,5.596282477025092,0.735
1.7374999659426509,5.159081288485229,0.735
2.1450000062833725,5.465401115664542,0.735
4.210000052950084,5.3767776799589395,0.735
4.357499928136766,6.295174227480889,0.7431623906127386
4.300000125452578,7.122394202301204,2.1738544610572603
4.645000137593151,7.4638978041583295,4.5046708935761455
4.3150000046435,8.091306104188561,7.404901761132776
3.6800000689670447,8.045116012669801,9.01279878879845
3.499999923962057,7.848030102658271,9.505823735685944
3.534999907859862,7.5301852779334775,10.751493854022026
3.7924999602559213,7.848447917706966,12.448547749201655
3.84750004886061,8.247954853170514,13.540321594792603
4.25249997644335,8.716674765107035,13.718166483926176
5.674999948498905,9.058259298695921,12.888975841371417
12.07500036438763,9.003900285089612,11.529789201618433
13.587499611588717,11.647575569573045,11.563326832845807
5.715000157912672,10.177421558614373,11.353609991180896
2.765000062768906,7.7622472511339184,10.343132269482613
2.772500002364367,6.79857478185147,8.155911154771447
2.39250000632599,6.834945023690461,5.189819798093438
1.99500001833871,6.807995155692696,3.0405911479628083
2.1199999750693888,7.288384785463512,1.4756754978917166
2.139999980106652,7.31692139381796,0.735
2.06249997304596,7.324629443580806,0.735
2.1199999750693888,6.887074228549301,0.735
2.1450000062833725,6.078616860429049,0.735
1.989999992161989,5.810444982438088,0.735
1.8124999599149823,5.860035801404715,0.735
3.835000083088428,6.37636071479112,1.3362133297373353
7.734999968988895,7.672222460565567,2.243494023505524
10.572499973504543,9.641023582358956,3.318498355795443
11.207499909180997,10.859708748990894,5.564791262443662
11.247500118594765,11.48648474494934,8.4114656561774
10.787500102407336,11.236219909636974,11.14189178353846
13.389999873313307,11.826331040358543,13.264678482056855
17.31750040153384,11.97409723277092,14.19362645427227
21.23499968136549,13.334928022581934,14.098621372112035
26.05000076949954,15.65974743371129,13.30427682356119
23.305000551565886,16.767820052986146,12.831927342728376
4.405000077145994,15.353308800344466,13.542443361671566
1.944999955910742,4.953892637014091,14.016104494708776
1.9050000455058365,3.2708766098493336,13.592716718198657
1.7875000283706186,3.4023681486259405,11.846369418199657
1.882500027380213,2.9331568654608726,9.321402246320247
1.8924999800640343,3.6796245138373975,6.013088869161308
1.757499970979914,4.244422750406564,2.862318277479261
2.0925000304366645,4.775370791818798,0.735
1.8299999518638848,4.612400995511413,0.735
1.8675000485196709,4.571260565640331,0.735
1.942500042492002,3.7352399626784027,0.735
1.8225000122684238,3.5114675118061904,0.735
5.362499807498157,5.877775000442565,1.0572840846997684
11.95499973614633,8.809902538596392,2.3896874293080717
12.239999832844733,13.448443746641873,4.377345345592797
12.064999913355708,11.68614611795187,5.918850047042668
9.440000323663353,12.639924583356976,7.200927882995009
2.6150000748242435,10.737158970538378,8.995836614121199
2.227500039520785,6.446046922621727,10.628977564561962
2.375000014377087,6.787487134600282,12.330695997976065
2.5925000566986203,6.843381857717633,13.419242939937114
3.697500060915947,6.727776261057257,13.679376662382483
2.7475000708200037,7.817867683455944,13.151094982655048
1.964999960948005,7.164588738077581,11.884657702213525
1.7900000414589792,5.875707852515578,11.833162794818877
2.0175000364643334,5.8325389465302235,11.317126923331617
1.8524999699895082,4.95957898819685,9.773816208360195
1.9550000082641839,5.08132184140265,7.217898429920375
1.8475000434824078,5.008327399531901,4.680170755881071
1.9925000052503494,5.389920116104186,2.4233353948052225
1.99500001833871,5.530179192708433,0.735
1.869999961938411,5.157909971106351,0.735
1.837499991128966,5.186359667551816,0.735
1.922500037454739,5.2600545875146985,0.735
2.3425000435676426,6.0688795371949675,0.735
4.212500165708065,6.305084178497493,1.471988369789645
3.9900000972098115,7.43694953087449,2.8655760786914826
3.7725000548882783,6.963543552065492,4.622726768184305
3.807500038786084,7.4988746647042035,6.435071702702344
4.242499924089909,6.550257092243135,7.708455955685377
4.37750003284365,7.527763704836368,9.72739009918034
3.8775000065816942,8.17894918950796,11.454862365147472
3.434999982343167,5.874422513090968,12.865430687606334
4.932499948371053,6.272070012116433,13.274049818444848
19.210000043451785,7.801379936171769,12.975931604988574
19.68499993883014,15.59082070838809,12.54117909968257
19.65249966901183,18.774439018185138,12.378075746083855
20.125000647667648,16.33977172502637,12.810988748875856
19.812500506666897,14.604262100870608,12.769101195530295
18.109999866071938,13.719726911503075,11.78124847766161
5.475000097465515,12.134370766507386,9.850735639882087
1.8724999750267712,3.4351245693686607,7.128135172435939
1.7549999578915534,2.5329568274571,4.166719118311406
1.944999955910742,3.1613989007900654,0.9878036946352756
1.944999955910742,3.8306859832392637,0.735
1.7349999528542905,3.293863215061724,0.735
1.869999961938411,3.362680901820213,0.735
1.9124999851012974,3.170991902413815,0.735
2.265000036506951,4.236236286465824,0.735
7.319999989052713,4.229653706056476,0.735
14.627500272204875,6.293544031169713,0.7949295860662776
11.09749973197162,11.426104091557264,1.5111744279092176
10.227500360042452,9.79737252512276,1.9913816124399004
10.160000106326342,10.582748402552008,3.5838713115064804
9.350000251160859,10.884394920570253,6.135345618929863
9.054999703430532,9.46907195854008,8.809327644225954
8.747499787945747,8.584500090752243,11.220770321118831
9.112500303471684,8.914502217094302,13.225129576684235
9.49000018675208,9.495923751631379,14.306549742108583
17.24499992230177,8.8642464024204,13.885416891090273
19.362499346797467,16.75495549574256,12.505374582608937
20.229999802004098,18.23096529623866,12.81520437514007
20.09250037784934,12.24381917269826,13.765377192357779
19.90999972140789,13.219987421628833,14.142369159252643
13.562500078722834,13.257320472000837,13.860326459530592
4.664999843621552,8.258558903423546,12.697951438993812
2.1525000455484538,2.8901912855011225,10.601719119419455
1.964999960948005,2.256376720620021,7.355522640439867
1.9975000314270703,2.5683524997478724,3.498006332214922
2.0399999549203365,2.798240877866745,0.735
1.8874999538873134,2.6631711997179686,0.735
2.095000043525025,2.9851700548815727,0.735
2.5175000627262887,3.442880261210054,0.735
5.329999936358333,3.183792870439589,0.735
12.092499957658053,5.088210208207369,0.735
12.434999857040642,10.85610708758831,0.735
11.137499941385387,10.56745669071257,0.735
10.524999824495316,10.559993429537416,0.735
10.414999647285939,10.471951665736436,0.735
9.96749979620993,11.062919157836436,2.109209044278115
8.977499796039462,9.872303348378539,4.275980544294417
9.604999792120456,9.202108873705267,7.212192543492018
11.87500011467576,9.545597495722173,10.31854656488061
18.777499274209738,11.647580353714822,12.85395273412168
19.407500579084157,19.835690836583375,14.470672915263176
20.019999898617268,12.024831461622714,14.761671528395414
18.412499556040764,14.352579564877749,13.693579184610247
16.880000204132795,11.950720321325063,12.982265808703898
10.342499965410829,11.076660010382533,13.731136292288898
1.817499986091703,6.592917683164478,14.235181509764194
1.857499996166229,1.1125824097260832,14.122599490708112
1.8075000334078817,2.887131029476523,13.51237742266178
1.8199999991800635,2.7900898963108656,11.650120732999444
1.8025000072311608,2.9184089510703086,8.824615369280576
1.889999966975674,2.675097068476677,5.055860240176618
1.8075000334078817,2.4922585320220887,0.8969275760043225
2.300000020404756,3.403634949501157,0.735
6.932500053418874,2.95684474612236,0.735
13.562500078722834,6.838089002196193,0.735
10.105000017721652,12.356442654316425,0.735
10.099999792205692,9.965106927963495,0.735
10.172500271437764,10.797811522654891,0.735
10.469999735890626,11.605878584541678,0.735
9.172499820235371,10.825220668263436,0.9066004628288186
8.592499973163605,9.84940086432576,0.735
9.135000122258067,9.542754120791553,1.098446541556958
9.49000018675208,10.68951768934667,2.74581485687837
10.01499994521916,10.045512404128312,5.606758152807057
14.009999929798841,10.643954320400953,8.960276088278293
19.342500039447547,12.875240570324063,12.083146960480212
17.52750030492067,14.685222537481785,14.490334143260716
17.147500707560777,12.811547696107029,15.258436079440116
7.662500287113785,12.433256037362217,14.873955335947274
1.79749998105444,5.1452886077365285,12.595686421684027
1.9400000294036417,1.8894983297762273,12.915750290837288
1.777499976017177,2.758305852384716,13.6407359465909
1.8450000303940473,2.9505322703842816,14.245432330882549
1.7675000233333555,3.6079825887154047,14.11242521585822
1.944999955910742,3.391994534535259,13.072664559687972
1.8874999538873134,3.478155333260149,10.99868248617053
2.187500029446259,3.4284459074452522,7.851087169255018
5.127499972566962,3.2698280854427813,3.8978637060637773
9.700000090138913,6.444516395930946,0.735
9.807499755911827,9.643679578403233,0.735
10.21500019493103,9.378256189864278,0.735
9.510000291458963,10.937144867824912,0.735
9.642500287454723,9.868309387350083,0.735
9.167500392076372,9.572813680945634,0.735
8.452500037572383,9.235957474148274,0.735
13.937500247923731,8.664074720961452,0.735
18.714999246009587,15.188096437578201,0.735
19.147500015251637,17.065073134137393,0.735
29.402499284093384,18.09909680695772,1.3751341171622276
29.52250150704861,20.461175911618472,3.172563094309717
24.332500249713657,17.585040772809982,5.975446045609117
14.925000534014702,15.815992720069884,9.511666767511963
2.6675000506709514,8.396087829785943,12.513127284361719
2.020000049552694,1.5911131014069169,14.708226285868882
2.0575000465388595,3.3082523188188673,15.367107859948874
2.042499968008697,4.110559672682285,14.709769968949557
1.8800000142918525,4.439934279094339,12.625171884824633
2.0074999841108916,5.353317046031952,13.058732341470717
2.035000028413236,4.861960967268348,13.716488844875693
1.9575000213525442,4.240802351115346,14.022146068418621
2.004999971022531,2.7400617270499468,13.701913159589171
1.9550000082641839,2.395020451686531,12.354538565888404
6.532499952673614,2.7950634103685617,9.936957835093141
16.007500320767164,7.340918250302672,6.538603321548105
10.237500013717412,15.469927040348052,2.756176111936122
2.352499996251464,10.615153786891698,0.735
1.5249999996326489,5.487969108471274,0.735
1.53249998906292,5.403148268122972,0.735
1.3375000147018208,6.187887854695618,0.735
1.4500000056603177,6.965460398204923,0.735
3.4299999561664465,6.7481216213291875,0.735
3.5449999602133038,8.488216845380068,0.735
3.6875000085625054,8.276516179590821,0.735
3.9925000106285515,7.058260389683544,0.9175594864348879
1.8299999518638848,7.305596532870233,1.4100357769795133
1.704999995133206,6.069669319266975,3.2911384469793736
1.8475000434824078,6.330697277546525,6.021102306641042
1.8675000485196709,6.719354576812386,8.93596307975769
1.6974999558681247,7.073111561800837,11.644568736464977
1.7374999659426509,6.767011007786393,13.590934625386
1.7749999629288165,6.615698171601892,14.548764461520909
1.7399999790310112,6.492540009786487,14.09580191789031
1.8400000042173266,6.491376665977239,12.639599261716008
1.7549999578915534,6.5995939530169965,13.388307084480523
1.7525000444728134,6.531846119963825,14.085763991081118
1.5874999779979884,6.53056955146581,14.206023760335444
1.484999989558123,7.884290707914829,13.625944177567362
3.4150000769755247,7.09996494960606,12.047067355254292
3.4749999924176933,8.828665145296453,9.639561229688525
3.6300000065390767,7.137168429471552,6.355489098923504
1.5624999966188147,8.190278037240505,2.5712817898912728
1.5299999759745597,5.9932617909154295,0.735
1.4725000237859411,6.397965500386357,0.735
1.4225000111927835,6.252160806103349,0.735
1.324999999094829,6.368528676020503,0.735
1.3149999965761974,6.808851118392646,0.735
1.3624999960809945,6.2451811419263485,0.735
1.5699999860490856,6.453057683720291,0.735
1.8349999780406057,6.448647901035548,0.735
1.7399999790310112,6.487476394391954,0.735
1.8600000092545896,6.271093648515046,2.0324878556311874
1.7725000495100764,6.621311564622522,4.282990906714499
1.7875000283706186,6.611367327256501,6.722601813044846
1.7725000495100764,6.606320456358195,9.475594338498711
1.757499970979914,6.249677437841594,11.921270739247799
1.8149999730033426,6.50049524020791,13.699398295727372
1.637500040425956,6.339100622581244,14.135382717541455
1.86250002234295,6.083916892163158,13.496835340735911
2.265000036506951,7.268141486882865,12.787240269085169
9.462500142449736,6.549143583244086,13.66831572658956
16.244999471099376,11.55289660641074,14.356046472953558
15.620000783811808,16.417432698524,14.683106352101564
10.337499739894866,14.312380016223191,14.017855490599871
10.274999711694717,10.650000678252578,11.945484078148008
9.705000315654873,10.201829452613591,9.228958274725676
9.882499949223398,8.51380004354298,5.83607083919853
9.939999751907587,8.513322426722048,1.622836944882348
8.927499932950735,8.667921170951724,0.735
8.797499651034475,8.021057361020445,0.735
9.140000347774029,9.693981639780997,0.735
13.01249999003291,13.449699583858846,0.735
19.32499964882016,13.83261511563301,0.735
18.692499427223204,12.054891021776795,0.735
17.359999527670144,12.311736444106101,1.5909634973067044
6.030000012992919,11.864878465385436,2.794350174565017
2.5724999519917366,4.168943744238615,3.5931967998690904
2.032500015324876,2.6172047668273746,5.747034771264493
1.6799999639192222,3.095795758628547,8.07580149803996
1.782500002193898,3.0815786846362054,10.16198472780764
1.8775000012034921,3.8020156182542446,12.2824088576442
1.7325000394355505,4.504957543404401,13.547284115794897
1.6925000293610244,4.104274506420196,13.575966640473604
2.2324999660278855,4.406228006869257,12.778541901974082
3.8974999119493368,4.792886332228482,12.015578931422233
9.172499820235371,4.765163027976453,12.484569944726228
9.860000130437015,8.767976712116598,12.419100559195279
10.235000299637914,10.083352573528884,11.560503391839266
10.75250011850953,11.916095095199942,9.66177160789728
10.067500319744347,10.362958550371527,7.454599027253985
10.142499715698957,10.017698201182483,5.222123519420326
9.795000388157368,10.005626216760277,3.0941103453476724
8.82999992085278,9.356027472445367,0.735
9.109999792035222,8.655767058762311,0.735
9.240000073951482,7.433710666890144,0.735
14.78500059842348,15.453153839271067,0.735
19.23500037367463,19.755446426525115,0.735
17.78249984588027,10.414047603071927,1.7053167451868205
16.787500417550802,11.628728443034888,3.5704181054848436
4.349999988541305,12.382995438546537,5.651568418101072
1.8549999830778687,3.4924712795159225,7.373604702971875
1.869999961938411,3.1120387173250315,9.082279677211046
1.7549999578915534,3.573324471615553,10.925979478269815
1.6474999931097773,3.3433655274054406,12.176714408035874
1.8225000122684238,3.6410457925496997,12.914409933782219
1.8450000303940473,3.817307330093682,13.159939266090392
1.6925000293610244,3.8915988724042476,12.947071269707083
2.2174999871673435,4.190491120132506,12.38425127576351
3.9549999139727654,3.1197981966120003,12.31366764267087
8.262500238892436,4.996427644213736,12.170419274811744
9.76499983241856,9.527578823068737,11.201194410316347
9.869999784111975,10.206778647283912,9.43901718252778
9.717499683409333,10.949208081320524,6.943476070695221
9.254999953142404,11.058417280422448,4.362615371733904
9.472499796124696,10.218475076576471,2.2259446950945256
9.88999988881886,10.82668381829083,0.735
9.192499924942254,10.136856023113728,0.735
8.905000114164352,10.448664855627417,0.735
8.712499804047942,8.605012098629475,0.735
10.905000219212173,13.779840450312495,0.735
17.730000268712043,10.841638248134851,1.9415933479552714
17.347500159915686,14.19964171520233,3.78612867944181
13.61499965589106,12.429270847260355,6.050691824865342
4.729999984579683,10.579276710334419,8.224801999031305
3.000000097039342,4.206704177942872,9.842366581196785
2.0900000173483044,4.390536420512795,11.55081311266601
2.147500019371733,3.9704425256174805,13.287607278889418
2.0925000304366645,3.8741212064503134,14.41580997205615
1.9350000032269208,4.3023551192432645,14.974285167907476
2.087500004259944,4.248634389885963,13.57334971492052
2.1349999539299307,5.053856482128203,11.638292739807962
2.474999939893782,6.109738898736537,11.335978036654591
4.477500157699585,4.328716936480701,10.633313591727614
9.705000315654873,6.138318963045478,8.82436898597896
9.414999993440508,10.36256784545958,6.398883258250952
9.7550001787436,10.007350102514623,3.374699662665129
9.604999792120456,10.101703744035959,0.8188741222296329
9.315000267263054,10.417425207167863,0.735
9.062499643025994,9.485647415090202,0.735
9.052499989351034,8.793504892649054,0.735
9.322500206858516,8.94889700705707,0.735
9.542499763920306,9.074551693524121,1.6474197590653596
9.665000106241106,8.869088751257657,3.7254803134493533
13.86999999420762,15.026663546817302,6.706811753103435
19.595000663684605,13.165086205287576,9.478487149561047
17.730000268712043,17.91015669568181,10.332577655361295
17.237499982706307,11.78461731083095,11.006266148247121
6.824999988967478,10.273274231226443,11.897107633836269
2.2174999871673435,5.037989078561366,13.23353930057466
2.032500015324876,2.7652344857160744,13.85474815021634
2.139999980106652,3.638815585123748,13.49714551259458
1.9375000163152813,3.6465505456840996,11.998781809636354
2.102499983120486,4.024262525916696,11.651272913811207
2.147500019371733,4.205999713065922,11.123417022702098
2.030000002236515,4.6305615977042915,9.648290693721174
2.9874999319279194,5.726583362516463,7.365403089248836
5.5574998316940665,4.6349538385358455,4.1851934804692865
10.552499868797659,6.006511471572221,1.6918844697854667
10.314999921108484,11.425238161895274,0.735
10.009999719703197,10.552094014103412,0.735
9.979999961321353,10.436736395458578,0.735
11.35499978436768,10.02987623408079,0.735
10.430000323833823,11.146872075130343,0.735
9.635000347859263,10.18179426420033,1.077434217102751
5.580000049158931,8.330812201997041,2.352405808460191
4.1425001979124545,5.436180375035703,3.8963654723300043
4.440000061043799,5.4084574694621566,5.299933598670066
14.142499925794601,10.623321114265321,6.019929793226719
22.264999890949724,17.506348019402026,7.933435006982087
30.087499082858564,16.03073370795965,10.204940739483833
24.76499942424178,22.062295803775786,12.089450864630937
7.484999856188296,18.114589452751876,13.162187015369534
4.530000133546293,5.367957715910971,13.058489147596955
2.2200000002557037,4.590426634963751,12.939008396095632
2.159999985143915,2.8498587775729596,12.976878865060806
1.8499999569011478,3.502603892464489,13.241644434105158
2.009999997199252,2.8835357469296454,13.588735514881611
1.8775000012034921,2.5221974919354913,13.233083212391733
1.9200000243663786,0.735,11.844478884840012
1.777499976017177,0.735,9.415971971578598
1.944999955910742,0.735,6.473017521900535
1.5399999784931913,0.8103987036006665,3.136787082747519
2.9699999399790165,2.7107261670184135,0.735
1.670000011235401,5.070092663290501,0.735
1.5100000207721067,2.748683149214089,0.735
1.7875000283706186,2.580267604187578,0.735
1.770000036421716,2.300045968099758,0.735
1.6824999770075826,4.563974317710996,0.735
1.639999953844696,6.17778255122304,0.793089448158443
3.710000026688129,7.901354944283366,1.583199831895679
3.6949999481579665,12.604844066405892,2.5880801077125963
3.882500032758415,11.580705227857827,3.9055839155203107
3.962500052907467,2.536756632065028,6.254468357154727
1.8400000042173266,7.623832461185454,8.76108595324099
1.9975000314270703,6.679503074472248,11.068792489227055
2.0175000364643334,6.859659102763533,12.958325963242054
1.7374999659426509,6.224661559157968,14.037755925686358
1.9000000193291156,5.724864260903895,14.115042141411305
1.9674999740363657,6.094369444593191,13.447136878579258
1.922500037454739,6.2887024796894195,12.530453851171135
1.975000013301447,5.727413012436629,12.79276834491074
1.889999966975674,5.407654531000257,12.604279537675977
1.7650000102449952,4.9670597912251955,11.315461244635582
1.9975000314270703,4.382554877311588,9.071670842816234
1.8949999931523946,6.708875312924087,6.403659825138748
1.5275000127210094,8.87190980019331,3.5391411805872623
3.617500040766895,6.900427565611302,0.735
3.539999934036583,8.587339478898048,0.735
3.6750000427903236,8.412296502133012,0.735
1.5950000172630696,4.483384253409207,0.735
1.3874999774601682,5.723248815696538,0.735
1.5075000076837464,6.116545935131014,1.4296107907554134
1.5950000172630696,6.320282599572241,3.2371005688899754
1.452500018748678,7.1844086401107905,5.5768205882683395
1.5399999784931913,6.3111823645517235,7.517586240558623
1.565000009707175,6.585741470496059,8.511799474922418
1.8199999991800635,6.666286882807911,10.125908312009573
1.86250002234295,6.923789327274858,11.509843317185044
2.015000023375973,6.647076958851517,12.752768932853936
1.8850000404685734,6.786078603524863,13.046791123590468
1.8025000072311608,6.561449990613461,12.842269062540531
1.9350000032269208,6.820099034393429,12.369862172006368
1.989999992161989,7.113715370435714,11.347794069491624
1.8874999538873134,6.7422977260702845,11.170028916054367
1.8600000092545896,6.8362570745733375,10.620064708427787
1.9025000324174761,5.699814893227816,9.020027627026439
1.962500047529265,5.3333647827428585,6.560980347362161
2.3449999569863826,5.710362331136465,4.141116783581376
5.319999884004891,4.344106723226607,2.264543250636682
4.407500189903975,6.566154396696091,0.735
4.360000040894747,5.147495293132067,0.735
4.610000153695345,5.104567986306549,0.735
4.827499996677638,4.952594938556552,0.735
3.962500052907467,4.714640896076858,0.735
3.964999966326207,3.484793927996159,0.735
3.9424999482005836,2.6518473354664445,0.9903420057752726
4.597499988583922,10.953508227422834,1.7793136640994995
7.027499952758848,8.048995154295563,3.052142856966555
13.6074997162956,10.645934157740474,4.805695074484647
14.452499555358886,15.75725143259406,7.257757507151663
15.830000687198638,17.13232540983796,9.864231703840494
15.76750065899849,16.815205382592676,12.056260881039499
14.702499668159485,10.294958353839515,13.651964327346086
12.524999929543137,9.68371487152338,14.085016867606639
1.8775000012034921,8.664644831190108,13.850825951314569
2.097499956943765,1.071924580156952,12.517012804843187
2.0700000123110414,2.9692701590184867,12.978357962227463
1.9050000455058365,2.2661365691883115,13.578461570411324
1.969999987124726,2.486258022195846,13.445972737413047
1.9975000314270703,2.1324730300440637,12.43568319195807
1.942500042492002,0.735,10.640532861672042
2.5449999076893923,2.344787760364562,8.200537629285455
4.150000137507916,5.737055051513613,4.731918026754558
3.969999992502928,2.186178609619066,1.4758970136230438
4.917500069180131,2.7451438809938726,0.735
5.574999823642969,3.7855896661347153,0.735
4.127499920043052,4.222472310567796,0.735
4.242499924089909,4.018646740825177,0.735
4.84499998862654,4.181572283821106,0.735
4.502500089243949,4.857927935748696,0.735
4.5774998838770395,3.5221560818973185,0.735
4.492500036890507,8.680175750118494,0.735
6.477499864068926,8.77580516278088,0.735
14.297499740576743,11.259674962065219,1.6538986830694973
16.19500040536761,17.17694231606841,3.8229578002130986
15.08249926551938,17.56596002068162,6.5828749722135065
14.687499788968562,14.001449073725938,9.485458441489934
4.865000093333423,8.882019489129185,12.044587575098872
1.9975000314270703,3.367386902616769,14.096726851967572
1.9350000032269208,2.7371228686229885,14.726672341854572
2.020000049552694,2.804735150992423,13.786948090282083
1.9874999790736287,3.352320244780183,12.563647024190425
1.8149999730033426,2.5469291128617524,13.252364101117848
2.020000049552694,1.3890676310845462,14.094290129088163
1.9874999790736287,0.735,14.221293146179914
2.4000000455910713,1.0731961651739477,13.861667613942622
6.477499864068926,4.525093996151984,12.410095209653377
4.557500177848637,5.562345369959176,10.00436719011545
4.5849998234725,3.439643390618116,6.671031954095662
5.150000190031827,4.165774648988545,2.9856434855784473
5.454999992758632,5.133936636652052,0.735
4.980000097380281,5.518080895506442,0.735
4.8475001013845205,4.713918091989756,0.735
4.0425000730565195,5.082421396654844,0.735
4.292500185857118,4.873910956075192,0.735
4.212500165708065,9.134504963583945,0.735
11.68000009047985,9.113007422500253,0.735
17.785000357316733,15.000857886061668,0.735
27.582500121407513,18.461345643603803,0.735
22.822500716592074,23.58003448358178,0.9985881967360338
20.944999359151126,16.46455011619091,2.84257133360818
16.812500747773647,10.808622088361382,5.527735692294836
2.0925000304366645,10.550996053565145,8.388633339537382
1.9575000213525442,0.735,11.398572152976394
2.0649999861343202,2.0417941077570614,13.811909350013732
2.042499968008697,2.505043552908599,15.008024530446528
1.9474999689991026,2.919859742064774,14.692905869178771
2.0074999841108916,2.155405215643719,12.42359047625482
2.042499968008697,1.244676551027596,12.660808159579037
2.562500098977536,2.7681448386316,13.416410728003978
4.652500077188611,5.17879793279171,13.962029340181351
8.087500319403409,1.9304540718407182,14.044216909158825
6.034999839830399,5.50240924307406,13.142521800587177
4.684999948328436,5.031595073073804,11.04998363582313
4.7524998033660655,5.375063761166633,7.919582524461149
4.45249982747674,5.285414525727928,4.293295549427867
4.437499948285819,5.141871933149398,0.735
4.475000044941605,5.698087020688654,0.735
4.060000065005422,5.735501401470899,0.735
11.34500013069272,5.441726790071428,0.735
14.27499992179036,12.728487021254896,0.735
14.164999744580983,16.877542749972342,0.735
14.334999438554048,14.63222381485462,0.735
12.879999994037151,15.301050024979114,0.735
12.27250010266304,9.609303127650618,0.9803400098642333
5.532499900149703,7.8952687185835835,0.735
2.0725000253994015,5.160494603702426,1.4709248949400333
2.0725000253994015,3.1951880981393157,3.3689985603785515
1.944999955910742,3.719058998485804,6.318450273270905
2.06249997304596,3.711061906823814,9.575893870894312
2.082499978083223,2.2584323068710415,12.435935156758427
1.9324999901385604,0.8621004690630919,14.67269924901843
2.0575000465388595,0.735,15.409573497092723
2.5050000969541073,0.735,14.308822209453583
7.052499884303212,2.9310273243515192,12.550583925063014
8.259999727455973,3.385569232786894,13.023452485278844
4.740000036933124,5.132449167237282,13.687056804651618
4.4300000086903575,2.570925570667982,14.098784830289482
4.764999968477488,4.264742595255673,13.93897456094861
4.169999843536318,4.468850828041733,12.688477243557571
4.3999998516300325,2.2859572685784846,10.475307741194367
3.8799999200004343,5.509682733291984,7.307793251303732
4.4999999764859675,6.479098166101575,3.4249383341643216
11.82249974015057,4.98935548662901,0.735
14.989999478937387,17.32896479995012,0.735
15.614999760938883,18.203000392826794,0.735
15.672500360980033,16.289418632802963,0.735
13.925000082812309,14.76429642751813,0.735
13.61499965589106,6.285271452676952,0.735
8.517499779852033,9.977409348548054,0.735
1.7799999891055374,6.1966496116852765,0.735
1.889999966975674,2.1285522265169767,0.735
1.909999972012937,3.008258921124488,0.735
1.7749999629288165,3.312284154303074,1.9217051722320913
1.9000000193291156,3.0562568202179667,4.307392820536495
1.889999966975674,2.8801435910691318,7.323334535872638
1.7675000233333555,2.485245777531117,10.543679506071209
1.9299999770501999,2.207038364801854,13.16506706872046
1.7924999548777192,4.599243409583867,14.674442271339894
1.565000009707175,10.288396903389692,14.756467976853846
1.7275000132588296,4.645251305036545,13.524627217686772
2.139999980106652,2.7530632303519544,12.764167947999239
3.2100000004261733,5.584585250375569,13.385829696395993
2.9200000768902896,6.833796829663514,13.875819105324744
1.6575000454632192,6.499292028550506,13.827907520122528
1.5874999779979884,5.704428400616646,13.08090364918828
1.6350000273375958,7.292113226623236,11.298063713056445
3.6850000951437654,6.91243177469164,8.719947118083834
4.407500189903975,8.597342322000861,5.110816872826815
24.84249933163285,9.365287178858518,1.151309912839625
39.4424992213893,20.361991084257365,0.735
34.057501129286294,28.591740345098973,0.735
5.150000190031827,25.99975292839527,0.735
1.8124999599149823,1.7075607070203869,0.735
1.9375000163152813,2.6511189498806,0.735
1.9849999659852682,3.60975910002932,0.735
1.7949999679660795,4.467368142768741,0.735
1.8124999599149823,6.104363915447891,0.735
1.9200000243663786,6.521579351706207,0.735
1.8975000062407552,5.124654205565453,2.357897305535078
1.9025000324174761,3.4845758508667353,4.677094154038728
1.7924999548777192,2.6785113509929177,7.249432303099334
1.8850000404685734,1.8507497714553771,10.084177837985754
1.73000002634719,4.371776205883623,12.498130594598651
5.622499972652197,4.686749748184085,14.072122010798454
5.23750014977634,9.22461108456254,14.411429292900563
4.939999887966514,7.567183438380956,13.312280692757367
3.2849999943985044,8.494835705531239,12.929190539808273
4.197499887838662,7.38294135433197,13.657686958270668
2.439999955995977,8.146888263376354,14.135682523759604
1.7799999891055374,6.7535033821520205,13.958877388105988
1.5624999966188147,6.919228046767115,12.958577928042411
1.4225000111927835,6.535726457625032,11.031882038045525
1.7599999840682743,6.5956171351632475,8.451581482350825
1.8549999830778687,6.969084784280955,5.115298816316724
1.782500002193898,6.143964649023116,1.1328971714245526
1.9524999951758235,5.679787279705703,0.735
1.8650000354313103,5.421037768948376,0.735
2.162499998232275,5.255381677032113,0.735
1.889999966975674,4.998415056444407,0.735
1.8524999699895082,4.2867891166085,0.735
1.9925000052503494,3.8491503784351053,0.735
1.7749999629288165,3.4275598445199433,0.735
2.095000043525025,3.212685498678088,0.735
1.8499999569011478,2.4862608129452166,1.0224906910076363
2.4624999741216,6.525997905317545,2.9846856605264542
10.212499683494567,8.350136147999168,5.434243594972194
14.8099993339324,10.915569983115791,8.283705947327613
14.970000171587467,9.329724260944724,11.098733243193626
15.247499531333446,12.096163015546798,13.138801332997083
14.435000759445428,11.69908004525125,14.255227063817978
5.385000024963022,12.38612984876871,14.422818739762306
5.802500117657185,5.5419625339099765,12.870703609203696
4.667499956379533,3.0407813175985217,13.066551223851441
4.165000016698838,3.8733870400264863,13.856509511747955
4.312499891885519,5.294399941345752,13.944284958323239
4.757500028882027,7.67663742607057,13.002588045623899
12.800000372566581,11.395664192131758,10.99396053823471
21.0549995363605,14.171007031941413,8.230632273145913
7.674999654868245,19.546996585074663,5.429919926839471
2.265000036506951,1.3388542258341236,2.7338977590462563
1.9175000112780183,1.4507888408709315,0.735
1.882500027380213,2.7386426309947667,0.735
3.9900000972098115,2.962452158965766,0.735
5.839999815634489,4.608505906746387,0.735
5.76750013375938,4.851763569066525,0.735
5.869999972694814,5.06131495916158,1.795444992821142
5.855000093503893,4.560551662946642,3.251648147343546
5.83750010155499,5.01827363029033,4.802756415396929
6.262500133844615,4.756402865700722,5.852359247241915
11.369999663558602,7.389537888488173,7.835215778903365
11.924999977764486,8.944428618635534,9.758178443598746
9.872500295548438,8.536516743423341,11.132186354582906
10.717500134611726,7.76146982809484,12.234456607236861
11.472499901172519,8.365968467859625,13.048363511521815
10.079999687498807,9.506289392152429,13.561853422225713
9.919999647200703,7.754968179417252,13.534855712810158
9.720000194845795,6.783894642802775,12.375953979204892
9.304999816231131,6.929027563844323,11.890885060095787
9.549999703515768,7.287111406393349,10.881440713021755
10.522500110415816,11.311197776953577,8.963656881802082
17.270000252524614,13.780672093625068,6.487347222563923
24.6125001208961,15.599711238527297,4.094624892452061
16.494999583899975,21.591856790226696,2.2080242966867982
7.292499944750368,5.935264437486231,0.735
6.872500137976705,3.7546954725794497,0.735
5.865000145857334,5.370410385929644,0.735
5.824999936443567,4.263438517942429,0.735
5.9399999404904245,4.057918564653098,0.8534440877795963
5.932500000894964,4.210766312991679,1.9926416357809305
5.922499948541522,4.38552503199935,4.05192423434332
5.814999884090126,3.446122513961494,6.263568990853727
5.927500174057484,3.199126244180351,8.023439066269397
6.370000198296011,3.8659805905349556,9.692687529429794
14.377500159404278,6.020701236088574,11.350586413576602
22.217499741940497,10.984817245938181,12.770024534893631
16.615000212141275,15.275362373054026,13.722245762149692
9.802500327752828,10.812904692610502,14.017988649212718
10.14749994121492,6.80517809354186,13.860122336148024
10.21749990901053,8.73668284338355,13.416329397593737
9.654999655209183,8.365031573427915,12.620291262853145
9.350000251160859,6.2649248963695765,12.16635275429964
9.207499804133176,6.768743265788853,10.697765549773573
9.199999864537716,7.928990539269447,8.293721548141837
11.860000235484838,8.524420040935277,4.861222614720464
17.962499990885256,14.724208508838414,1.4882987051495162
19.322500732097627,15.97316772464752,0.735
16.762500087327957,14.553792594530583,0.735
8.03499994487822,7.92923134107232,0.735
7.782500117998123,4.644560395227969,0.735
6.90500000911653,5.507665021496713,0.8969107193797732
6.095000153951049,4.880633871310056,2.688601903361678
5.902499843834639,4.565735679242612,5.546543748341799
5.912499896188081,3.9606027420136334,8.644081792467237
5.867499859936833,4.030213200932741,10.273928861293196
5.7699998478388785,3.645785282338709,10.405690504741072
5.857499807583392,3.2349032524387535,11.28156560013175
6.340000041235686,3.846463484808505,12.790928842396736
13.415000203536152,6.610740604683459,13.930314466971755
19.96750032144904,9.181517130131722,14.488897306013106
16.220000735590457,13.080614208610653,13.477553654652834
9.822499635102748,10.009832274740933,11.586690986580253
9.347499739724396,6.367297158190906,11.173420075218678
10.302499755997061,7.326670278728008,10.203112399967312
10.414999647285939,7.9164393433123825,8.13705924409151
9.310000041747093,7.324338806967734,5.220138897939027
8.780000057764052,6.2472474924963715,2.187709136309847
9.56000015454769,7.318818306033313,0.735
14.044999913696646,10.250004165613651,0.735
19.662500120043752,15.954814162069558,0.735
19.174999262197016,15.776362484287024,0.735
17.465000276720524,16.183928306577204,0.735
16.969999479278325,8.274772359912395,1.0361522563707082
8.789999711439012,9.20207937149763,2.8920874003595114
2.0274999891481547,4.948428748424053,5.3441873088037966
1.8975000062407552,0.9347597718352637,7.528858475946784
2.0500000072737783,1.3843649193854628,8.44239353806436
1.8949999931523946,1.2038544160892442,9.84396368719399
2.0274999891481547,1.0384719671157745,11.319667302616239
1.9149999981896577,1.1173988444620369,12.791967001162767
2.004999971022531,1.6512482685239611,13.601608045694828
2.479999966070503,2.346113465985432,13.070766850115657
11.957500247582793,4.805158453248441,12.099111641596556
16.58500045375943,8.870524791148304,11.76208798983693
16.220000735590457,10.683152388709782,12.012855160036086
16.53499979331374,10.419688106229305,11.75316157863438
16.085000228158236,12.799887945234776,10.642948055913449
5.824999936443567,11.877207996106744,8.321818015452623
4.239999811331928,4.985467175398171,5.783308931589425
4.097500161661208,1.885364532270357,3.7796391904579103
4.160000189861357,2.032924906916618,1.9709371805652975
9.700000090138913,1.4439507075548916,0.735
10.707499683579803,12.461374830667973,0.735
17.49000060694337,13.233153379804492,0.735
15.862499362303017,21.423604902716875,0.735
7.110000085665881,14.079747135437131,0.735
7.149999896401166,0.735,0.735
2.8024999600854517,6.10591397738427,0.735
3.4375000951011483,3.155017254335433,1.4121892886325715
2.332499991214201,5.852016782426238,2.923426120421737
1.8874999538873134,5.003337140977979,5.219551644535661
1.8299999518638848,5.178823846893013,8.132361216864586
1.9200000243663786,4.331468615360558,10.798557848772406
1.964999960948005,4.304138806769848,12.93757315356195
1.8149999730033426,4.308726001378894,13.94518916111946
1.9249999508734792,5.047802549385429,14.092649965814948
1.782500002193898,4.759432822160721,13.468356939439772
1.6325000142492352,6.676983825147152,12.760475387902856
2.72500005269438,5.432233458068073,13.558396082433461
7.860000025389194,6.844081139774322,14.37527872290492
6.7750001258787504,11.203865556142926,14.165282008945942
6.787499892311692,9.324712872431277,12.596933487974404
6.494999856017828,9.55883840545237,10.217246349496245
6.594999980873764,8.789561165109276,7.123033682585656
6.622500025176108,10.361760920212864,3.5843451408818368
8.570000154377222,9.046538151337504,0.735
9.089999687328339,10.746649910470843,0.735
10.14500022713542,10.984737510241866,0.735
9.359999904835819,9.952226423580646,0.735
7.077499815847575,9.788616748310327,0.735
6.797499944665134,8.090535060005188,0.9930065734069048
1.8324999649522453,7.493553901689052,2.490840033984631
1.969999987124726,4.004163947624862,4.649388391639889
1.949999982087463,5.037176571815908,6.283415205666721
1.837499991128966,4.7358131155195835,7.443708725851177
1.9324999901385604,5.088134060617388,9.007587263687252
1.949999982087463,4.720694828819632,10.466106241839528
1.942500042492002,4.6079178559860585,12.179950879949331
1.837499991128966,4.726007618265152,13.24740773023486
1.9324999901385604,5.337778950890899,13.783825640414356
1.8949999931523946,5.348124258809388,13.340890657952427
1.6224999618957936,7.317662138436734,11.901450039857625
5.012499968520105,6.388317879810631,11.849522964988946
8.992499675230384,9.780881588410734,11.186862716260553
11.34500013069272,10.545405783896445,9.48670710249424
7.685000105900168,12.51363759281814,6.9057602889809
7.484999856188296,10.161185776130557,4.32918618105352
7.725000315313935,10.461019104414582,2.4060923511376977
7.997500246900915,9.181017984672785,0.735
8.157500287199019,9.24320146215856,0.735
14.98000062261939,9.561245626124142,0.735
20.16250034564495,14.751285156593323,0.735
19.91749966100335,17.160339749381542,0.735
14.957499209119081,15.931821576679944,1.6698466196896133
6.874999852056205,11.41207619050443,3.105172676515281
2.2775000022791323,5.429798728581071,4.839452776233852
2.117499961981028,3.2603740232698617,6.687595848969817
2.2850000415442135,4.2266496636977795,7.887428307564854
2.0925000304366645,4.6737037922313815,9.718844027249217
2.0649999861343202,4.450704179595709,11.523132865689993
3.5650000649201874,4.288012660868466,12.84649106766045
7.250000021257102,4.68388763536483,13.136016962481737
7.2700001259639855,6.288310578742028,12.921570199311375
7.600000258913636,7.769433829442858,12.788087062180042
11.94500008247137,5.7976394296097755,12.45793264065802
12.902499812823534,9.535436775940656,12.842698837943672
9.977500247241855,10.26600632250726,12.758234017479419
9.802500327752828,7.462080627639293,11.65550608192861
9.242499788030981,7.435007966669201,9.608126228772997
4.415000129499435,7.376889016303122,6.929389962584078
4.530000133546293,4.019009139564932,3.8359066779555384
4.719999932226241,4.368910106279552,0.7756804701463389
5.814999884090126,4.452888937674761,0.735
16.357500159745214,8.561132747589946,0.735
19.884999391185044,15.17983900886774,0.735
20.632499218150375,17.132601295347214,0.735
22.455000486986638,16.73031238143921,0.735
21.879999270716905,17.239361013858318,0.735
19.712500780489446,16.661924669423104,0.735
2.7499999842387437,8.963544454470277,1.3394594696039706
2.320000025442019,2.8567692710334063,1.5718317143326996
2.4874999056659637,4.152403770073354,3.3384884935402868
2.4900000184239444,4.36317471764356,5.963966896089017
2.467500000298321,4.108675916856826,8.732385886709093
2.4524999217681587,3.801680927668959,11.184941085979341
2.4475000949306787,3.2572260579793153,12.957182553356885
3.3849999199151997,2.589634953790754,14.138221308330296
7.939999646859764,3.900943297994733,13.853176559641957
9.712500255250335,6.94677114834547,12.556082498680949
10.025000396251082,8.33157686732471,12.76477952078998
10.625000348029733,8.427819447491764,13.73098001032412
10.567499747988581,7.84658529184103,14.2638034353137
10.795000042002796,9.534204062075615,13.999428571181296
5.792500065303743,10.231188135997057,12.76758223051548
5.309999831651449,5.633005947998762,10.60684373262167
4.842499875868559,6.1987972926655415,7.529651846125125
6.90000018227905,4.649428658166528,3.88568049034521
18.857499693037273,6.958841936732232,0.735
19.04000034947872,20.40448064211011,0.735
30.382498833231928,17.855225179775953,0.735
33.54500153593064,24.063272671103476,0.735
32.682500508883,25.236982120871545,0.735
28.08999869189024,18.23936624920249,0.735
3.0499999601280687,16.64608118656516,0.735
5.567499884047509,2.6355802567218243,0.735
6.352499807668626,7.067907212902307,0.735
6.3024999445799,7.631404960264563,0.735
6.354999920426607,7.905483658638596,1.9318747626098245
6.202499819723964,6.771461056997776,4.2193279333835845
6.280000125793517,6.2537140574675805,7.06577149227649
6.759999848009348,4.425303576177359,10.206842435840963
11.739999607243538,7.481538529611229,12.653080973249077
17.207500224324463,6.75285433358401,14.338748610994815
17.800000236507653,10.86185443657875,14.648001914441585
11.432499691758752,10.608300503793359,13.564335594452023
10.15499988081038,6.18441855454892,12.722935822077392
10.060000380148887,7.136496656230092,13.479428240873217
5.44499994040519,6.595064566787779,14.103178267156482
5.220000157827437,3.9834326665827633,14.11194042282462
4.602499815421402,4.615869498301149,13.415215489916205
4.549999839574695,2.7047449930985272,11.549519799671769
10.172500271437764,8.097309404764175,8.817256561867595
13.794999800896049,11.995208853084444,5.167203963868916
19.214999471610785,19.565428288635015,1.1316875559940374
22.43499958492279,15.958590444647074,0.735
18.267500192290544,18.61793538817048,0.735
14.535000485622882,16.157057376918793,0.735
2.0474999941854177,5.166365144343675,0.735
2.0575000465388595,4.29670265573144,0.735
2.1450000062833725,5.897605666794777,0.735
2.1450000062833725,6.385386795614064,0.735
2.0399999549203365,6.107309352069795,0.8179838482628623
2.174999964004457,5.948925953014493,0.735
2.0274999891481547,4.962162424757481,1.4743123663283884
2.1900000425346193,3.8778970903493466,3.3127328669340907
2.519999976145029,4.932726397748589,6.06363811119765
5.50749996860534,7.467557672619223,9.265324928458332
13.310000251842737,6.976117871374488,12.151439787017702
11.01750011050105,10.38134480458498,14.283337086197138
10.132500062023997,10.224973535826205,15.0171734042418
9.76499983241856,10.715909407470226,14.412035284192562
5.127499972566962,9.620694169226288,12.472786603524684
4.757500028882027,7.1944916175884,12.813513978378175
4.0075000891587145,5.692763466924131,13.640201717425585
4.7425001496911054,9.29912568748355,14.147336693133115
9.852500190841555,10.921941662608385,13.852059462536573
14.270000493631363,13.00243973722875,12.564181253355741
19.317499709224702,15.926128447962999,10.31017830355227
19.814999423389434,18.23771731500268,7.0898751945942635
18.145000647326707,17.42740489590764,3.5251124821774664
17.78249984588027,13.787578002282977,0.735
9.007500351778269,12.044015072799324,0.735
2.182500003269538,8.39750393575251,0.735
2.352499996251464,5.5402661569708584,0.735
2.159999985143915,6.398345440979302,0.735
2.287499954962954,6.3497644746065145,0.735
2.309999973088577,6.164222698707581,0.735
2.3025000334931165,5.399806146411896,0.735
2.320000025442019,4.373393644483388,0.735
7.932499707264304,5.733640768997372,0.735
12.040000380489825,7.929339781619309,1.6659086729878185
12.929999857125878,9.204782411602736,3.78649227421701
9.77249977201402,9.986750385371446,6.602484372008443
10.297500327838062,8.920822865741252,10.01178340722978
9.82500014653921,10.303074650367497,12.725244967842698
4.834999936273098,9.326634502712487,14.62141324914813
4.8174999443241955,5.586393655968011,15.076735969389677
4.297500012694598,6.0190710397773985,13.928352968842386
4.862499980575443,9.131439126060604,12.610027684023379
9.74750023914814,9.611988625902534,13.2421954077667
15.08249926551938,10.989467431747316,13.91534169791758
20.05250016843557,17.427904041366578,14.216930008877515
20.424999826200008,20.113995526862144,13.720556960101723
17.480000155911444,20.844682284902333,12.294030335382223
16.33999976911783,12.571280122398733,9.893257889370322
2.8024999600854517,11.27297009206891,6.5819863178780675
2.3649999620236457,5.521730797005296,2.5177265121038257
2.367499975112006,7.289536168918311,0.735
2.4524999217681587,8.02696976290226,0.735
2.2524999710651485,8.05598159600675,0.735
2.234999979116246,8.335777343806624,0.735
2.3625000486049053,7.649841447966694,0.735
2.3625000486049053,6.548093464123607,0.735
2.3425000435676426,5.749788443536759,0.735
2.159999985143915,4.67876142744869,0.735
1.975000013301447,2.9155534164460004,0.735
10.925000323919058,3.1779677791452405,0.9408149379895906
30.392500878977778,9.207424055221676,2.6727725735898313
24.457500306113957,22.47185182904601,5.275768101187647
3.152499998402744,17.245988644936084,8.169274060117006
2.4024999590098113,6.347766696735323,11.018037529094219
3.265000089030862,6.013025479282737,13.327671276860237
2.1250000012461094,4.988690889600218,14.625430333528518
4.092499936145246,3.2970235393851994,14.465354544318913
4.3150000046435,18.732325812819003,12.751950047252773
5.657499956550002,20.419954151337148,13.21588342533946
4.45249982747674,13.589628554680347,14.019159966591596
2.2124999609906224,0.735,14.313110395201445
2.187500029446259,6.9853911328560105,13.921531580022572
2.19499996904172,5.33812021967113,12.663430666630864
2.2050000213951617,5.823629678502381,10.468767819382547
2.095000043525025,6.200570215873123,7.402785575752556
2.142499993195012,7.346601412057578,3.892685071927309
2.2425000183813273,7.823882147029042,0.735
2.254999984153509,7.636484921476841,0.735
2.044999981097057,7.897494939224719,0.735
2.142499993195012,7.754780003173947,0.735
2.122499988157749,7.763688075166344,0.735
9.712500255250335,8.565337210856676,0.735
16.27499922948122,15.053271348677873,0.735
18.084999535849093,16.99670615340233,0.735
15.099999656146764,21.401883304326535,0.735
10.717500134611726,17.293547798360585,1.2277919691498205
7.802500222705006,9.980406613372564,3.0923156941628456
7.347500033355057,10.420818758403062,5.422663978474737
4.25249997644335,11.142610202162265,8.070617083065509
2.1325000405111907,9.706131765185594,10.523996749435662
1.8499999569011478,8.96949194005847,12.704455479742288
1.8124999599149823,7.990305695022344,14.017794094113707
1.7924999548777192,8.728720436749457,14.172965340642929
2.269999963014051,9.753445332665443,12.60743707125008
2.1650000113206356,6.257674928182066,13.260415811731814
2.0999999700321257,5.328077110041678,14.256525160953998
2.234999979116246,5.013521781468391,14.953380063047408
2.159999985143915,4.713461206449867,14.792446317745446
2.1199999750693888,5.775255227583051,13.482431884553431
2.207500034483522,6.10333612232238,11.175840850958824
2.229999952939525,6.171022957567871,7.888268721804022
2.115000048562288,6.812032971354126,4.052999669547379
2.1374999670182913,6.343923436172902,0.735
2.2324999660278855,6.112557156922818,0.735
2.5949999701173603,8.524926362606882,0.735
13.424999857211112,10.044760496512055,0.735
19.710000269052983,15.392726939175128,0.735
19.372499797829388,18.327217444689275,0.735
19.57000033346176,17.661406838599444,1.054490120983459
18.474999584240912,13.832408600179553,2.4239694929301736
8.102500198594331,17.10617210144639,3.0594061808831987
5.584999875996411,8.4368327706033,4.581383012287617
4.877499859766364,8.117033623961806,6.963231785492897
5.102500041022599,8.616809792256355,8.983948021800517
9.7574998928231,8.111781433645486,10.811524467707276
14.885000324600934,14.533597137367725,12.496990374141335
19.57000033346176,19.821507450922727,13.236619490523339
20.19749953218579,12.300356565527915,13.548020873628854
19.502499282388687,11.45550104807496,13.237333125005364
18.462500216486454,11.04462539703071,12.628461779654621
7.8925002952075,10.890969926088452,12.771945367817878
2.1125000354739276,6.434677808362544,12.216606974259614
2.167500024408996,4.186187784602344,10.93516981462717
2.1349999539299307,4.083740172547996,8.663133042387962
2.032500015324876,4.103542134049535,6.4928035362628105
2.2625000234185904,3.1797369149072465,3.9458867219015956
2.035000028413236,3.2061409920637307,0.735
3.0575000990627705,2.69563997393623,0.735
7.5624997635793685,4.824445322151781,0.735
9.705000315654873,7.824886019445657,0.735
12.867499828925729,8.604812759388684,0.735
19.477500546879767,10.788246428524852,1.7289055542456357
16.820000687369106,14.23138768533349,3.874230643693507
11.632499941470622,13.510441439955233,6.491550091116727
4.662500129542053,10.08964132789731,8.86178655618906
4.722500044984222,6.2255223059996965,10.076472180293798
4.792500012779832,6.005268392066657,11.388121992617249
4.345000161703825,5.907984065027237,12.099301412553787
9.62250018274784,7.460247503980994,12.778494060556293
11.869999889159798,13.970824187484979,13.101178044690489
18.06249971706271,18.31707506411791,13.090676853485704
19.994999568394423,13.432999739622474,12.797571623256802
18.875000083664656,11.157757592391372,12.133700986658335
17.904999390844107,12.86209614078641,11.951227440353632
4.855000040979982,9.625266214053035,10.675988136395812
2.4524999217681587,3.164221943118125,8.509351589045524
2.4849999922472237,3.254607936390787,5.487967513757348
2.3175000123536584,3.502550070869476,2.470914282814562
2.4349999298192557,2.841265262902528,0.735
2.3499999831631033,2.508216036925763,0.735
2.4574999479448794,2.240671778534427,0.735
2.4874999056659637,1.8109593665925412,0.735
7.999999960980415,5.411118249648213,0.735
17.164999503474235,11.68103505981803,1.8449792991130052
20.007500530862806,12.442532488271594,4.0105701128061115
20.074999987221954,11.826957762931585,6.449692438657284
19.822499362984896,14.173895058861971,8.515319008557796
20.117500708072185,15.281632788212299,10.18893060902059
15.47999925350666,13.999401461044549,11.20061393444717
14.285000372822283,11.663088946648239,12.756268532565235
4.949999940319955,9.849309168274997,14.019096178034543
4.24750014960587,4.743039561676682,14.86077821477413
8.82000026717782,7.592398257626891,14.193524392580985
9.607500303556918,13.173841184743047,12.17931698116362
17.807500176103115,13.361417018254995,11.294716408525108
19.147500015251637,15.889107164163589,10.839518873326778
17.90250047412157,9.918626598510146,9.219974453821777
13.59500034854114,12.767269666585921,6.7993581850677725
4.387500085197091,6.30286114728421,3.487415837030262
2.3025000334931165,1.9630028807641564,0.735
2.4000000455910713,1.9056014519952982,0.735
2.2775000022791323,2.27161580689989,0.735
2.4024999590098113,2.1613400431901213,0.735
2.39500001941435,1.8609128833077846,0.735
2.465000086879581,2.228133838636875,0.8688622554499096
2.289999968051314,2.08301188125357,2.697051295761019
7.872500190500617,5.0395610678142315,5.563978357019723
12.312500312076807,10.776742959617376,8.4838162323004
20.359999286563397,10.034735327414273,10.150018791861534
19.600000091843604,11.71532938280344,10.27215713412106
19.600000091843604,13.958717119356393,11.16904976170361
13.437500022322535,16.660092343121768,12.80066935505867
6.110000033141971,11.136323042507767,13.748096074895262
5.395000077316463,7.610077256214022,13.784937156020998
5.140000137678385,5.670959740766585,12.72993741357088
4.690000173844397,6.226766980219185,11.967421760275363
9.409999767924546,11.275351797317862,11.908568045467733
10.257500118424296,14.397024242004155,11.064555334324837
18.4875005467093,15.263054370970725,9.232166041788458
19.647500240852832,17.18734304029584,6.613747437791527
18.147499564049244,16.671079922074078,3.427189870889038
17.307499950501917,11.674487961793542,1.348284267628528
9.010000065857767,7.808051421882509,0.735
2.1525000455484538,6.1176283472085,0.735
2.032500015324876,3.6670147121435406,0.735
2.147500019371733,3.826598731446117,0.735
2.142499993195012,3.640450964255184,0.735
1.9925000052503494,3.8939538661949338,0.8081163565045455
2.167500024408996,3.6103174492427708,1.7784292955577372
2.1574999720555543,2.161638454033583,2.810102559389919
7.51499961457014,7.27942767601788,3.675113068139851
16.752499636296033,8.910444467508793,5.250773352463543
19.670000059639214,13.450557539951205,7.641162217422723
19.347499467606543,15.241603873947858,10.075560003927945
19.57499976162076,17.570584691067932,12.10896856837511
13.707500239830017,12.732639656319021,12.988668585118054
4.757500028882027,11.253296106359958,13.208586811769605
4.802500065133274,6.611153635590375,13.466858705706
4.764999968477488,7.070263402728438,13.590143647278547
4.632499972481728,10.201734567134976,13.557675271738766
9.76499983241856,9.895885180563926,14.032467056949734
13.357499603495,15.728796952006816,13.825526612230538
18.882500023260118,15.695398858247994,12.626657360846997
20.110000768476723,12.799504416535497,10.534578473693728
17.95750056272626,16.24036682714343,7.706511202052235
11.505000170990824,13.923262641989588,4.296087893512845
4.092499936145246,9.937189068612456,1.1396768983430414
2.225000026432425,5.728849849684239,0.735
2.3149999992652983,6.089484038479925,0.735
1.9775000263898073,6.644869077420533,0.735
2.0925000304366645,6.266559079465568,0.735
2.1974999821300805,6.017050138554275,0.735
1.882500027380213,5.059083157021702,0.735
2.0575000465388595,4.540260124269724,1.3751038175976276
2.1100000223855675,4.401364129393995,2.614402256441116
1.9400000294036417,5.221311012674868,3.819927644413859
1.7399999790310112,5.071411093029082,5.903311154544652
2.9874999319279194,7.97540628280878,8.253081061086654
7.245000194419622,8.31827695317924,10.441412894047499
7.6575000615978235,11.572656706671713,12.338113012447357
7.994999735464453,8.753198498161435,13.703609137849806
7.620000363620519,10.977464020023941,14.277391992679833
8.497499675145148,11.061116333742737,13.668912946954965
7.162500061512589,12.146389328013061,12.46152074699223
6.717499924516082,10.460064668129682,12.8561295186311
12.707499788627624,11.548256786242128,12.597454162071347
16.237499531503914,15.824336263332366,11.470087099002003
26.307499227181673,16.88007675040126,9.309522424926161
21.864999391525984,23.03940573127985,6.609327688144743
2.9900000446859,16.651216165407895,3.8572708610871436
2.139999980106652,7.16972730502665,0.735
2.0274999891481547,7.315005345035493,0.735
2.115000048562288,7.4541030712229,0.735
1.9874999790736287,7.912857615833878,0.735
2.082499978083223,7.869476612896323,0.735
2.0849999911715833,6.54083193426013,1.5572966444164886
2.147500019371733,4.763750510116219,3.5685058441479507
2.0399999549203365,4.491501745972633,6.232266749872566
2.102499983120486,3.2853332896091043,8.400058667462467
2.0649999861343202,3.6798230557212235,9.253142111418247
1.6024999568585305,5.257163371166289,10.539892857853173
3.7299999320557715,5.594443373189569,11.60792221043825
3.8125000649628045,8.931792902840375,12.638367345207929
3.7749999683070183,6.718746990806459,12.779560126816033
1.6074999830352514,8.03566414322853,12.41277512640655
1.66499998505868,7.481084833499192,12.04023400608003
1.7525000444728134,8.133626622365117,11.38398849412024
1.6824999770075826,6.303197631922663,11.557329113768935
1.537500015239641,10.845597125456928,10.83335051985979
1.704999995133206,13.235426644506454,9.091102432008386
1.944999955910742,9.499030254359841,6.471512111954093
1.889999966975674,8.940136446102857,4.148377117409408
4.559999891928136,5.066671603240073,2.1585905570419133
2.0900000173483044,6.608146403803826,0.735
2.115000048562288,5.832002325294018,0.735
1.9824999528969078,6.749304899062514,0.735
2.0900000173483044,6.036628042749166,0.735
2.107500009297207,6.195732252499163,0.735
2.087500004259944,6.785679925043285,0.735
1.9725000002130864,8.90105558926761,0.9781250269727966
2.0900000173483044,6.470335213076472,1.7953138276007026
2.0799999649948626,5.319763068986833,3.3190790310038625
2.6649999379129707,7.3670360763093825,4.946223259063959
10.987500352119207,5.936338477315605,7.329629270418286
13.15249992562413,8.20304133014977,9.894288074566722
10.314999921108484,10.884574325886964,12.001733625113964
10.032500335846542,9.517063279438615,13.460832281778455
9.202500375974179,7.84419162623763,13.972597509371042
4.699999827519357,8.05015849810481,13.575870957638024
5.095000101427138,5.6675203415060045,12.2649953789258
5.257499855804742,5.8789315667176245,13.044722779628039
7.6674997152727835,9.947431118804216,13.762962795473337
18.737500659509898,12.09777925811112,13.82527464743018
19.457499644815922,16.684652532300948,12.885505743867755
20.284999890608788,19.262434237349034,11.063404748227
21.084999294742346,17.925064081465006,8.640557474690079
20.664999487968682,18.397949386177064,5.369230696302653
7.130000190372765,10.27649794542849,2.0825288822731376
2.3124999861769377,5.0194533199173215,0.735
2.4825000788284837,4.5649100161072615,0.735
2.4224999640470744,5.058342412402928,0.735
2.3050000465814766,4.9756919777083395,0.735
2.417499937870353,4.921055085200369,0.735
2.4075000848561525,4.810554167818129,0.735
2.4124999116936325,3.569627326716632,0.735
3.3274999178917706,4.64902519554317,0.735
7.857500311309694,3.4475990197180213,0.735
9.662500392161608,5.555340987716318,1.5857803780373185
11.880000340191721,5.892051278189421,3.712607782636136
16.622500151736737,6.470609105193317,6.3854828771281245
12.5300001550591,11.941102601635455,9.18604930711031
9.635000347859263,6.31468634972632,11.668593101764916
5.262500081320703,6.005109319352508,13.656628865580558
4.922499896017611,4.677877158576548,14.39001069015622
4.492500036890507,4.378487160764039,13.79118205575645
4.6425000248351695,7.262159316266775,12.405185882831216
17.12499929406047,5.296115454851985,13.175649590335487
18.9049998420465,19.864043255479334,14.097914913842677
19.307499258192777,17.825638452301025,14.315689047620296
21.580000092184545,16.623879579283,13.811625490934848
20.34250049064994,16.997170215154885,12.43214292704165
18.64250036149144,2.6176977327698467,10.18083743584454
4.227500044898987,10.360155043289065,7.042139426602422
2.650000058722049,3.436675827340484,3.4463477673035863
2.044999981097057,3.0346881150253115,0.735
2.227500039520785,2.7307707243759927,0.735
2.2775000022791323,2.392304554200396,0.735
2.265000036506951,3.4504398032385115,0.735
2.225000026432425,2.6514030082987246,0.735
2.2949999942280352,3.6641761213546995,0.735
7.732500254909396,5.320448397296667,0.735
13.182499684005975,8.222413117569685,0.735
19.467500095847843,7.475758488985299,0.735
15.117500046774149,13.678985160113573,0.7916948272244213
10.432500037913321,11.771033537606597,2.5319976070304215
10.68250015071392,7.742150666234493,5.19294902549535
5.800000004899204,9.712546501954197,8.18229489932537
5.197499940362573,7.186343825460374,11.169361528276205
4.202500113354623,5.092956475530565,13.560250734729767
6.732499803707003,7.04696423358649,14.680242245889902
18.465000727922916,11.000760398416519,14.485993331953287
19.642499217979907,18.410000639318227,12.629251163048147
19.72249963680744,20.224038761347533,12.809722546018362
19.349999979043005,16.464759023715256,13.566565004521012
17.37250049013853,15.895021958116292,14.026219765143393
10.257500118424296,8.79726602544427,13.958300101664662
3.5125000890734794,7.4868768344795695,13.030442913774847
2.1250000012461094,5.070373731620014,10.89812062333405
1.9975000314270703,4.528276247791946,7.888255964092612
2.1100000223855675,4.201597106593847,4.313068806078732
2.1900000425346193,4.225622269250751,0.735
1.9800000394781678,3.7774514422902468,0.735
2.1125000354739276,2.901913030877262,0.735
2.1700000374973563,1.992947322506681,0.735
7.6225000777000185,4.059892820493877,0.735
9.507499780022501,11.14941883327067,0.735
9.95249991701901,8.481125152549744,0.735
9.424999647115468,7.864153457810282,0.735
9.932499812312125,8.845274090839029,0.7639622007482103
9.722499908925295,7.946669537856578,0.735
5.399999904153943,8.209510287191867,1.7111049587216227
5.447500053163171,6.182530811938643,3.8069466730536523
4.5849998234725,6.287029226102233,6.76176559500426
8.76249966713667,7.088304800055324,9.904644944161177
19.69500038986206,11.873595171706675,12.469979109657407
19.55999988242984,19.370523947274684,14.414352403527499
19.697499306584596,18.640744581458566,14.903699940100907
20.03499977780819,16.791560559207202,13.874965933374167
18.76750041789174,17.2390085820806,12.441814069647789
18.355000550713537,12.181915567506552,13.097732665252686
8.50000018658161,9.372123717460632,13.855615674592256
2.1999999952184406,6.658719965227545,14.210273672949075
2.1700000374973563,3.3768176420985165,13.798091951199174
2.0900000173483044,3.9054270355378096,12.355774469181299
2.1525000455484538,3.476746004827768,10.041786355039477
2.044999981097057,3.619335556496084,6.840548848427534
2.142499993195012,2.4859450595878063,3.089298495414257
2.0849999911715833,4.656036753998697,0.735
7.499999735379219,4.536331546512247,0.735
10.102500303642152,7.244871421270072,0.735
12.2800000422585,5.213510070825816,0.735
11.455000307902097,8.65276182036817,0.735
9.264999606817364,12.657991097428201,0.735
9.297499876635671,8.575920529828666,0.735
4.627500145644248,7.264383144837021,0.735
4.239999811331928,5.768627995183766,0.735
4.015000028754175,6.023663417206705,0.735
4.865000093333423,7.2062047913771865,1.9074492270877956
14.300000252013206,11.159875372485518,4.253483117578924
19.479999463602304,17.203279016561506,7.233775003092289
21.10000076864719,18.606389659343957,10.335069395871162
21.17249965316534,17.57991217282295,12.898532961931824
19.497499854229687,19.028095810018776,14.48012318999052
17.51250042572975,10.285495321400761,14.701691148198842
3.5499999863900245,12.085425806680917,13.160322794789671
2.5449999076893923,3.4561771852669123,12.557826318359375
2.3775000274654476,3.9549413082359735,13.433451841020583
2.514999949968308,3.385769967402369,14.108968673422932
2.4825000788284837,3.336650386400968,14.219794115089178
2.382499953972548,3.394944356620461,13.651558472651839
2.5400000808519123,4.251340220740437,12.01250512032926
2.4849999922472237,2.7667064066700635,9.599714910168647
2.387499980149269,2.081116663421765,6.094025385063589
2.472500026475042,2.429859967495501,2.065917245650813
2.360000035516545,7.638561239008903,0.735
13.602500288136602,17.383625214488507,0.735
31.465000214698318,15.861269837865828,0.735
31.2325004925251,16.01228446254611,0.735
31.50250150738955,24.32756939425349,0.735
17.06999920545578,25.281221079901457,0.735
7.222499976954758,11.933209565057158,0.735
7.112500198423862,8.745039144357442,0.735
9.409999767924546,10.275860059857964,0.735
23.36999949648857,14.851740970953703,1.819018353088796
33.49750138692141,22.35437403823614,3.890356590255648
34.44250015480519,25.18845816552162,6.326947706427276
33.73249843110323,24.48897676959157,8.958423828052878
31.664999667053227,18.429615620611905,11.380340586013794
17.90749990228057,15.86759287858367,13.34254517365098
3.129999980277121,7.426152520236372,14.127941782361269
2.3124999861769377,0.735,13.697173669800161
2.1650000113206356,1.035434809525702,12.422354572961925
2.2724999761024116,0.9130203076654672,13.223490210767984
2.2775000022791323,0.735,14.034973947241902
2.174999964004457,0.735,14.224117384543419
2.2724999761024116,0.735,13.672011476113795
2.274999989190772,4.449773664019704,12.205374606719612
2.2724999761024116,5.831756340670884,10.052079436076879
2.415000024451613,5.265107438590229,6.996717588517665
13.770000268030167,4.802763591609597,3.353358802224696
31.825000504708292,12.919963525030612,0.735
32.56499879736424,26.43802656205058,0.735
30.112501007795338,27.497938820750715,0.735
14.219999833185673,24.012902037026883,0.735
7.3099999366992705,9.915791197149156,0.735
7.054999997061192,7.850422970904708,0.735
7.110000085665881,10.063183429145813,0.735
7.652499836081862,12.696559253736138,0.735
7.744999622663855,14.925612904162406,0.735
7.292499944750368,11.914368817374706,2.0225877719070016
7.527499779681563,10.026005066024661,4.249934480414391
10.362500070117711,9.517843891905546,6.8692911748784775
6.280000125793517,7.954910222070812,9.585957313126325
6.385000077486932,2.292012198017463,12.132433189086914
6.207500045239926,4.772539377242625,13.91533372434795
6.1524999566352365,5.7775731442749505,14.378653137573004
6.097499868030548,6.793737217155993,13.798922797154784
7.552500109904408,6.552554676332474,12.670929011512397
11.319999800469875,7.470593210577964,13.52704081721425
11.312499860874414,8.269962702710629,14.042615816376804
11.6199997763592,14.264442915598153,13.804261102023125
16.287500191949604,11.681925707545876,12.492875214854479
19.677499999234676,10.151289778860807,10.21808357430756
19.244999229992626,13.667505611914992,7.315668347350359
19.710000269052983,14.923702436878681,4.545208920261562
19.042499266201258,8.974668381463289,0.735
13.697499788798094,13.394673979831337,0.735
14.359999768776893,8.987300907830596,0.735
7.522500351522565,8.652599159547686,0.735
5.005000028924644,6.7092544561600675,0.735
9.482500247156619,7.839400308246016,1.2900999339914694
14.635000211800337,11.660080518826245,2.8621219283270833
19.252500764302013,14.076958778136968,5.036953710544705
24.212499621472357,15.678832969981432,6.878499053089022
23.67000026973486,18.402790937657354,8.26375368403852
15.860000445580482,11.706995407824516,9.905502900253534
5.077500109478235,5.3719572584381705,10.923336239936948
6.022500073397458,3.329117157152295,12.334430020634532
6.064999996890724,5.5519350774481895,13.236416961854696
6.037499952588379,5.900070297167898,13.919625896880627
5.890000077401698,5.5014583948954945,13.676821133315563
6.0425001781043415,5.4942694245156645,11.769905277503728
6.134999964686334,6.484736675866545,11.408566225152612
12.472500352374912,7.6705169140213725,10.391440141095519
11.310000146794914,9.925971850854754,8.447402534506917
13.132499820917248,9.36456317873597,5.911522336551249
17.827499483453035,13.699297031393051,3.500035805025399
22.942499750119445,11.955726128339768,1.773414019929096
19.549999431397914,14.091941912831663,0.735
18.894999391014576,10.751523356229661,0.735
7.8049999367845055,13.645015361412167,0.735
4.64749985167265,8.465158876719475,0.735
4.0124999159961945,1.851921686851978,1.5766708737421034
4.237500097252429,5.868756893189252,3.4173335421282056
9.28750022296071,7.373331209533512,5.80682697521776
14.79000002658248,13.729546362504362,7.964901902176141
20.159999834208488,15.74044155309677,9.908740966880917
20.1049997456038,16.537348806927202,11.068676075110435
18.544999552036522,16.525437888611556,12.423718053368926
15.702500119361877,6.553495557549,13.512069642874001
5.224999984664917,8.080908569388985,14.186402400186061
2.3625000486049053,3.84314169569999,13.896780025172234
2.222500013344064,1.1674124619583783,12.803747152936458
2.3299999781258403,1.5755281615442782,11.864018117222189
2.360000035516545,1.908780613877028,11.690726136348246
4.437499948285819,1.9775657086696474,10.759890820201038
6.032500125750899,3.0799421094693242,8.577195503612757
6.245000141895711,7.241033742206394,5.2537391216880085
11.632499941470622,9.952703243044613,1.7661837863264231
15.585000002557038,9.359716045756935,0.735
22.267500402386187,11.519677120611668,0.735
15.687500240170955,15.049852282019852,0.735
9.257499667221904,12.247785226233004,0.735
9.42000021895647,6.834090655704438,0.735
4.549999839574695,8.693273135595321,2.2025865215373037
4.4999999764859675,1.059146511226464,4.821267455975115
4.4649999925881625,4.154992389454246,7.988326655039787
4.287499960341155,7.9894692675679915,10.125325444069505
8.61750030338645,6.904382057470083,10.50858782612264
15.44750057840228,14.280013702374696,11.08558562422812
19.542499491802452,16.330136463483573,12.684056696553826
19.87500053486705,16.826779816269873,13.877877881003618
11.21250013469696,14.28300698041439,14.496652399836778
8.36249996506989,5.504937662004233,13.64138499515891
7.834999695166349,5.673612148704529,11.895067994724512
2.3849999670609083,6.280903929911256,11.456487378638386
2.3474999700747428,2.944206837595552,10.900153883590102
2.2400000052929667,3.731165468596667,9.223958049209713
2.332499991214201,3.812210624385178,6.6147792177018525
2.332499991214201,4.296544779052734,3.2955336778995394
2.340000030479282,3.199415286079496,0.8286302767926175
2.2200000002557037,5.557302485845685,0.735
7.722499803877472,4.7433166432213785,0.735
9.787499651204943,11.579037954447864,0.735
11.790000267689228,8.784581670874356,0.735
14.087499837189911,10.462601060629487,0.735
13.53500003442049,9.531275369949936,1.6746593666496126
9.49249990083158,8.556062354661226,3.5954347815254333
4.900000077231229,8.33202418458104,5.723421443479062
4.234999984494448,6.8892310791346425,7.0989718415084475
4.242499924089909,5.744932539631129,8.094767430765629
4.342500048945844,6.890795493496358,9.787651946384907
4.4999999764859675,7.347122484833002,11.39703086196661
11.104999671567082,12.924772384875416,12.798601808453201
13.567500304238795,14.202115116502046,13.307381731575727
14.86749993397355,13.630555292885303,12.66028110662639
12.879999994037151,13.69910486836493,12.102871977034807
12.21249978854239,7.2693423064693805,12.34347204859674
7.057500109819173,6.2092562239512805,12.729503651382922
2.1125000354739276,5.3874726289057735,12.456920794671774
2.12750001433447,3.0176884645707904,11.234787856531142
2.1349999539299307,3.7472784581081573,9.238781712511777
1.9975000314270703,3.9333038310052455,6.666209539182485
2.2050000213951617,4.5456833476546405,4.438965889062584
2.122499988157749,3.3440177654013037,2.066278946703225
3.52000002866894,5.122187980478406,0.735
6.357500033184588,8.664035650470256,0.735
13.20999972830832,7.345964323844015,0.735
14.18500064664483,10.179285779194235,0.735
13.914999631780386,11.816088990166783,0.735
14.19750001439929,10.09278530640304,0.735
13.454999615592955,7.835818580767512,0.735
13.40000032434523,11.98171597855389,1.6081763410792498
14.000000276123881,11.565488467572926,3.087702386113256
11.182500376315117,11.115102981647253,4.933210792103708
4.05249992607072,10.486753800400495,7.584609674810767
6.9225000010654325,6.085732075289786,10.068135015887021
13.945000187519192,12.136030066347718,12.041071230891346
15.212500344792604,13.983353854804038,13.43611740534842
15.830000687198638,14.925201467969417,13.994448279589415
12.962500126944184,12.653119246383309,13.640039853962064
6.982499916507601,8.02053828163743,12.757099378520845
2.4349999298192557,6.857713551773428,13.403072540724278
2.372500001288727,5.4567438124370575,14.116960582264662
2.254999984153509,6.224044803546965,14.227644891748428
2.367499975112006,6.532755106901825,13.003869398263692
2.367499975112006,6.580250870447755,10.825736558218598
2.3849999670609083,5.90913385376811,7.82400812942922
2.2574999972418692,5.924286825495958,4.228131551613808
2.289999968051314,5.601446559396982,0.735
2.4325000164005157,5.070044024515748,0.735
2.3449999569863826,4.491837034575641,0.735
7.797499997189044,3.638139625758231,0.735
5.6999998800432685,10.234881493450402,0.735
2.5099999237915873,6.630766224813163,0.9856428074303082
2.0649999861343202,5.941014577226043,2.763285944637358
1.969999987124726,6.416481325106323,5.228241240720153
1.9324999901385604,7.26160515317738,7.0393016331705445
1.949999982087463,5.608687756657899,7.985209786670803
1.86250002234295,4.377334979952276,9.482020238264798
4.039999960298538,8.74667213141799,10.625788934066295
4.492500036890507,10.05784193484962,12.151517130643128
14.61499930973649,15.088514526449442,13.32004376015067
27.147500435442925,15.299378764784336,13.794951959478258
23.659999818702936,13.275421272421479,13.363927097975015
7.007499848051965,19.354857477662563,11.601731530976295
2.1700000374973563,7.869872101950049,11.447576117218135
2.0274999891481547,6.5838967851617936,10.711984816497564
2.0125000102876127,6.615526341176332,8.821291985458135
2.147500019371733,7.759226065600514,6.135184154144824
1.9175000112780183,9.060175347478388,3.7257197198775414
2.1349999539299307,8.443222789306043,2.073422766745016
2.1724999509160963,6.894903476570546,0.735
2.030000002236515,5.980905150057375,0.735
2.020000049552694,5.771662735785545,0.735
2.0900000173483044,5.62463210517168,0.735
1.9849999659852682,8.32336010381937,0.735
6.442499880171121,7.053376578284204,1.73760073192887
12.902499812823534,11.6157426875329,3.196598024589419
12.504999824836254,14.271515471861361,4.861335440730751
10.329999800299406,14.601246496835946,6.596810778537095
2.097499956943765,12.998530296038389,7.901925054512024
1.704999995133206,7.268947216094135,9.988505368047356
1.757499970979914,7.491067742677926,11.77803433174312
1.9324999901385604,8.570528802043794,13.064372844628094
1.942500042492002,9.126667741993069,13.104974261192083
1.882500027380213,8.72440274879396,12.897945309849977
2.0575000465388595,10.65876363127768,12.696062500348091
2.765000062768906,6.702966897827088,12.406477601111531
2.214999974078983,6.9239292634218925,12.739331873310803
2.2724999761024116,5.906545633065701,12.569055496471524
2.0700000123110414,6.3820929139992595,11.417905667262076
2.159999985143915,6.742813217346966,9.37771398712933
2.142499993195012,6.947150291581451,6.808314098477959
2.13000002742283,6.9682658986797925,3.7488211444926263
2.0500000072737783,6.930224795324504,0.835032885014289
2.142499993195012,6.374725335659683,0.735
2.1850000163578986,4.8012298754909635,0.735
2.512500036549568,8.8518626514256,0.735
4.3150000046435,6.150846238293648,0.735
4.097500161661208,3.931127245835066,0.735
3.8875000589351356,6.479038364329338,0.735
3.7600000891160965,6.509438395906687,0.735
4.479999871779085,4.580726388828457,1.0805264421580916
3.9900000972098115,7.572597492160797,1.1385865874481387
3.712499940106869,6.939638790310025,3.0021437912347912
3.8650000408095124,6.813886427614986,5.580446569058299
3.9024999381260574,11.983507639650107,8.420632869182825
5.127499972566962,8.670280550205707,10.950814755601286
12.232499893249273,9.698038592009544,12.820839296798706
14.782500086987017,14.603914453234673,14.087794061909317
15.114999535337686,16.77954120034456,14.030993541281818
15.320000010565519,8.602880763466954,12.921277569305897
6.954999872205257,11.531033875837922,12.72073830628693
2.035000028413236,6.865261731465161,13.615592092114687
2.1325000405111907,5.0830772227570415,14.18864935210824
2.1374999670182913,5.4858628900530935,13.977391219433546
2.004999971022531,5.791940719394088,12.880163452214598
2.1325000405111907,5.376022981593311,10.911825594816804
2.115000048562288,4.9747156141069535,8.08650043377161
2.1349999539299307,4.635781495063603,4.599132576965988
2.0074999841108916,7.202841141028106,0.735
2.597500082875341,4.121335952039361,0.735
4.200000000596643,3.9491991420657935,0.735
3.9800000448563697,7.813939903055429,0.735
3.7924999602559213,3.4436315708085896,0.735
3.839999909925908,3.9315063890710475,0.735
3.8775000065816942,4.065531529598087,0.735
3.7275000186370315,5.5455614045631885,0.735
3.8574999018748106,6.182087481467128,0.735
3.84750004886061,5.59045898044467,0.735
3.8125000649628045,11.934997239368558,1.9878454339779168
7.6674997152727835,8.510397721381187,4.2012673994895815
14.222500344622135,10.853494946177005,6.929011218026578
15.017500320596694,16.59486056996584,9.851127142150997
15.47499982534766,14.789301541882752,12.22054512030065
13.67499997001171,15.91713426141858,13.963965322887898
13.777500207625627,5.438733512031734,14.452703678741454
11.164999985687732,10.337549973383545,13.604677072646021
2.3375000173909215,9.388794059489369,12.517106095607875
2.3274999650374797,4.807129120982886,13.32151089696288
2.3175000123536584,5.164936679344177,14.13015205586314
2.26000001033023,4.319713979009689,14.156067751879691
2.387499980149269,3.916403451492638,13.533135016483664
2.3625000486049053,2.8632294571489094,11.805440287923812
2.2949999942280352,6.124658643552661,9.308800019517541
2.687499956038594,5.435292916735709,5.937726675788462
4.492500036890507,6.658811661278308,2.0011375738929957
4.189999948243201,2.3929507123494145,0.735
3.8949999985305968,2.2064370579820123,0.735
4.074999944196343,5.756473085637391,0.735
4.335000109350384,3.6068220356555285,0.735
4.962500105431378,5.7193038921213155,0.735
4.502500089243949,6.273975296579898,0.735
3.937499922023863,6.91126245070517,0.735
3.9199999300749604,11.835988627896308,0.735
3.957500026730746,8.686353671869039,0.735
10.722500360127688,9.204677160483598,1.6735777519290893
21.492499733761548,13.046701022253632,3.666703742927909
22.287499709736107,19.385316513655184,6.334654958833158
20.24499968119502,15.324240354895592,9.22304826491475
14.465000517827272,13.254799229283332,11.973724069712162
2.0575000465388595,11.05930394136548,14.01166879792273
2.142499993195012,3.596972883107364,14.746448389254807
2.1450000062833725,5.567471976553798,14.229239605674744
2.024999976059794,5.9463943446564675,12.38009704598546
2.147500019371733,5.750134496458769,12.973467771972418
2.0399999549203365,5.684234538167716,13.799324665064216
2.12750001433447,3.714708220216334,14.191087669701576
2.024999976059794,5.514189793526232,13.75072416344583
2.640000006368607,3.9449819210876527,12.335387646347284
4.307500065048039,3.0705769525977966,9.969942100588083
3.8775000065816942,3.768269278841764,6.8944230690002435
3.8549999884560706,4.214152289335728,3.341595793625712
3.922500042832941,4.747917392898798,0.735
3.922500042832941,3.0845492380024493,0.735
3.7399999844092133,4.7656868915012485,0.735
3.8525000750373306,4.313324358985424,0.735
3.8974999119493368,6.84323713742882,0.735
3.9299999824284018,11.687500827432274,0.735
3.9024999381260574,6.951174950852989,0.735
4.287499960341155,6.348241124128402,0.735
4.280000020745695,9.633382510581017,0.735
5.03500018598497,8.086647147452831,0.735
2.5175000627262887,9.85321860946536,1.8437437944985924
2.0399999549203365,3.7672976993821563,4.024996692340523
2.1349999539299307,2.3073663030392675,6.978697719828784
2.107500009297207,5.85427449866742,10.196747099330425
1.9824999528969078,5.266062672232092,12.713047798377275
2.0725000253994015,5.594306626470387,14.457575529786348
2.13000002742283,5.907095410691798,14.790334916507005
2.1250000012461094,6.388416353395582,13.548225794368387
1.8924999800640343,4.871510911616087,12.49658770887494
2.12750001433447,7.770043807519674,13.228617216041087
2.6249999278384446,5.957880670389235,13.857449595607518
4.24750014960587,6.237641733161211,14.149507098786831
3.8775000065816942,4.965655246934593,13.662503791685104
4.1425001979124545,3.5710651606604458,12.239121145471334
4.472499932183624,6.970582619336247,9.85668551754117
4.974999871864319,3.400202527114004,6.627438854205907
3.809999952204824,6.662536514331698,2.7474604023110865
3.6850000951437654,5.4658675694879895,0.735
3.924999956251681,4.90535393056035,0.735
3.959999940149486,10.54732821153462,0.735
9.517500231054425,6.922063448128104,0.735
18.747499515827894,11.728071944431662,0.735
26.184999682217835,17.23314162954569,0.735
34.43999964336872,20.840336689453125,0.735
29.28250025056601,26.05505122850418,0.735
21.812499814357757,14.597808293610811,0.735
16.687500691373348,15.09933944458127,0.735
15.237500675015449,11.689260594249964,2.264756443954706
15.489999704538583,10.625218823837637,4.591371104286611
15.097500739424229,10.746271963270306,7.433150922302008
6.307500170095861,10.706030952053666,10.386486959640383
3.027499942002445,3.075002084404081,12.909867391163111
3.004999923876822,0.735,14.4937994566226
2.9275000164857503,0.735,14.57929366492629
2.915000050713569,0.735,13.048410555582642
3.154999911821484,0.735,12.935288725862502
12.445000308072567,0.735,13.72783124767661
19.682499427393676,10.812810604488849,14.17810988776922
24.690000028287173,7.437627284293174,14.071795094443559
23.979999899299145,14.142066163606643,13.176463691794872
23.86500029393077,6.997851031440794,11.30973622164011
24.64749930743694,8.617608743933438,8.75642460443437
29.832501136612894,13.048827573274373,5.384701414780319
32.62500150355578,13.710911332918405,1.4194843573233111
36.722500928392414,18.805108556416034,0.735
37.66249867340326,22.327416994025707,0.735
48.26499886450053,20.495789177389145,0.735
48.6249991545105,28.318948580863477,0.735
40.97500016801119,30.113253712768557,0.735
25.26250073312044,17.33589861610174,0.735
8.132499956976174,6.089083765284419,0.735
2.0599999599575995,2.7953402925740183,0.735
1.9674999740363657,0.844752784752855,0.735
2.1700000374973563,1.1826069460831208,2.1435301783914116
2.0399999549203365,0.735,4.278666042546332
1.8225000122684238,0.735,6.727437783026397
1.9925000052503494,0.735,9.396884840594529
2.13000002742283,0.735,11.789000382057427
1.8075000334078817,0.735,13.645437163245678
2.1549999589671938,0.735,14.22029485526204
1.7174999609053878,1.2440563568146898,13.605856363594532
5.3075001175719505,9.060692034790515,12.795468992944956
8.692499699341058,3.482010753516257,13.922964430485367
9.597499852524995,6.7277650980597725,14.994625744037627
10.375000235229134,0.735,15.3088545549345
12.949999961832761,5.796768317127526,14.632035638611317
7.70999963876605,11.935128803267478,12.48833028016448
7.3050001098617905,8.207553573204278,9.70905009167075
7.324999815890193,9.008981043658853,6.466705245501697
7.4825001421087975,8.838054023537635,2.556124632039368
7.400000009201764,8.22518712244451,0.735
22.6299996091187,8.2256288582021,0.735
14.117499595571756,18.25130587236881,0.735
6.6425001298829915,8.630410309976934,0.735
2.0525000203621384,5.966024874410928,0.735
2.1100000223855675,2.78856574847579,1.0266358757676368
1.9725000002130864,2.588365561505407,1.938397640916556
1.964999960948005,1.9081621638824788,3.0908021113075312
2.182500003269538,1.7763198877117037,3.786909491247982
3.1599999379982053,3.244906294880807,6.080398155884743
7.182500166219472,2.6866324316626784,8.278677016960978
7.0650000494146346,5.141677776728868,10.1525559817183
7.737499683068394,7.107208937616348,12.241119322021007
9.115000017551184,6.137437883601189,13.634444002794623
15.5875005139935,4.8003244766592985,14.144464613351822
19.277499499810933,11.690054761785268,14.10882674388349
19.530000124047994,15.23154920264244,12.282390518434047
19.419999946838615,12.25392487484932,12.452386225622297
14.372500731245278,14.824157204170227,12.205061245433091
14.137500497635603,5.467992924473286,11.10583769373536
13.932500022407769,6.205793302660287,8.939883683945537
10.430000323833823,10.04189559294343,6.353356169047058
9.77249977201402,8.658444583444595,3.6213989169774954
17.75500059893489,10.3518912357229,0.735
20.195000615463258,17.588065945128204,0.735
20.29249983020425,16.072904323027135,0.735
19.857500144239662,10.415905444796085,0.735
18.362500490309,4.8052856316840655,0.8941088319286423
12.375000340276957,9.990159086388944,2.573360898172706
3.152499998402744,3.8604088594156507,5.130063076525032
2.254999984153509,0.735,7.97850959610939
2.502499984196126,0.735,10.247063513133526
2.2924999811396747,0.735,10.65133944059372
2.2200000002557037,0.735,11.646502327100634
2.222500013344064,4.649834911539257,12.604867189757824
3.302499986347407,0.735,13.142538545083402
7.810000162300467,0.735,13.121301739726663
9.345000025644898,6.605246416528821,12.731781700226664
9.447500263258814,9.913189421378373,12.128914452808498
9.587500198850035,5.5172576244419815,11.45375882311046
10.20750025533557,9.644419525665045,10.753176277214289
10.447499917104244,3.543889441302866,8.898044769374728
5.677500061256886,8.0615902048856,6.110493995780647
13.930000308328271,4.853144591326714,3.210811311136186
14.660000542023182,10.058166459133625,0.9030766683171688
14.697500240000485,12.727763021132349,0.735
13.27749998202443,13.230139370483755,0.735
19.262499620620012,14.064310304630398,0.735
19.330000671693085,15.210176846601962,0.735
20.297499258363246,14.08584532149136,1.817901255983412
18.98249974943757,14.137608938182591,3.9643678615936637
19.65249966901183,6.563375209001005,6.655486284063459
13.73749999821186,10.731864520303011,8.813611843189001
8.3074998764652,6.765423868751228,10.00401874512255
2.207500034483522,4.681057815502585,10.824464773862362
2.427499990223795,0.8553030009521729,12.318848868217469
2.3699999882003664,3.186490528385192,13.920378601853846
2.2050000213951617,4.401408781383932,14.726614932153224
2.355000009339824,3.1235958084882793,14.214832960064411
2.3175000123536584,5.564309658837915,12.349936221497058
7.727500029393434,4.276472114862204,11.371051377393007
9.345000025644898,11.15184837993741,10.81574487811327
12.93250036856234,5.264210412006676,9.706481007535457
20.062500619467496,6.985887088887095,7.409572279544472
20.01500047045827,16.198960080046653,4.049071490468383
19.37500030926585,11.590263145775198,1.1012192507267182
14.87999930172801,13.139531711975335,0.735
8.805000387986897,9.732872725659012,0.735
4.660000016784072,4.690916336995065,0.735
4.150000137507916,5.519483047726155,0.735
9.89749982841432,6.521334961796999,0.735
17.374999406861065,11.788205417165159,2.0884092902068048
20.420000398041008,16.275924163558482,4.381278707492053
20.1049997456038,11.83071650365591,7.1751002949228875
18.352500039277075,14.899284177238941,8.982055096369981
17.78999978547573,14.314928369077444,9.362568988971114
6.737500029222964,8.33444575767815,10.36742135729432
3.002500010458082,2.586875700019747,11.657803267339467
2.095000043525025,1.3267519916821269,13.070337074712514
2.142499993195012,1.9781795738616583,13.711876134843825
2.082499978083223,3.4660207563163343,13.094613404812812
2.115000048562288,4.219759702179134,11.951655621042848
2.044999981097057,3.5911826761801544,12.053411127253174
2.1450000062833725,6.795510937720537,11.936999402703046
7.362499912545979,3.731985350894034,10.770683046697378
9.112500303471684,7.135780629677176,8.725785365768074
13.514999929713607,10.101808995155096,6.008825401479304
19.68499993883014,12.753709814070463,3.4585963662931327
19.335000099852085,15.54847626950264,1.874068774851784
19.082499475615023,13.81816621010363,0.735
15.33499988975644,14.189381325800419,0.735
12.775000042343736,11.489698890867828,0.735
4.872500032928884,9.369855236900449,0.735
4.157500077103377,2.1051244835647194,0.735
9.56000015454769,7.409346627523899,0.735
16.67499972890496,10.09437124940276,1.3798089213676004
20.074999987221954,16.2469402379477,2.165279883614704
19.51999967301607,15.499909256876707,3.123369757789224
17.417500127711296,16.696729300864934,5.0261339752331375
17.72250032911658,11.063972466384769,7.5888428429281705
13.822499845198392,9.705320055797099,10.014442592701911
8.080000379807949,10.106550079658032,11.764103708239793
2.0525000203621384,5.72087588137418,12.961508214882016
2.1650000113206356,2.406525614977553,13.36379234464824
2.044999981097057,3.562068781384379,13.685142350583076
1.944999955910742,0.8969230659539996,13.444293503648638
2.0575000465388595,1.4890947165727986,13.478380513823629
2.0599999599575995,1.5215656835227085,13.999861536012292
6.785000178232193,4.877386236399114,13.960128441181181
9.162500166560411,4.458281462816596,12.882500505473613
12.2800000422585,5.864844661249519,10.85040040380299
18.91999972123742,9.156248090612293,8.333598167226315
18.57749982185483,14.980825089719294,5.161271229384542
18.9049998420465,13.674028789230585,2.2509878832541403
14.527500546027422,14.160033805414438,0.735
13.6074997162956,9.625382628169655,0.735
13.910000203621387,5.925518343325556,0.735
6.937499880256354,12.869962864584922,0.735
12.195000195271968,8.138689041724204,0.735
18.260000252695082,9.881282385140658,0.8429681628235801
23.452500426752568,15.062973588205576,1.7862327291473
24.06000031812668,17.6087063274765,3.1675423368519544
25.242499831056595,15.013730416874886,4.131944387755692
31.149999562261108,16.238681214523314,6.134371647399366
22.347499226499796,20.447722904936075,8.272498297853469
2.4425000687539575,13.195982192896007,10.389445153973698
2.0399999549203365,0.735,12.305036253544687
2.020000049552694,3.282371307830214,13.928103396112919
2.1349999539299307,4.7418630614775426,14.582538907766342
2.009999997199252,5.151418688069284,13.929746748813987
2.234999979116246,6.092320635876358,12.144836874005794
2.207500034483522,6.42175305066824,12.280233667848705
2.075000038487762,5.793739556702971,12.05285696416378
2.1450000062833725,8.35043994100213,11.007211016248464
1.9474999689991026,3.4189043353456263,8.774001541330218
2.6174999882429835,3.0973059527167677,5.984497243176401
9.107500077955722,6.047769112916887,3.4810939923478665
9.549999703515768,8.858387423455119,0.735
9.705000315654873,8.495130727607608,0.735
9.08500025916934,8.686238852466344,0.735
9.662500392161608,7.21248318010509,0.735
9.752499667307138,9.24718107076168,0.735
9.81750020694375,7.037942538226843,1.9277154496811328
9.587500198850035,13.924870910984277,4.259505156043172
10.567499747988581,18.789725945882797,6.952501354161202
24.189999802685975,11.175546626239418,9.151396173491477
32.280001092736725,12.156866598508953,9.698108759422302
32.1924991395998,24.11944806387186,10.82432523639381
27.347499887797834,25.419269085646867,11.781301900578141
16.522500425559283,21.380632146544457,12.638785160256624
1.8775000012034921,11.681478390289545,12.576400748816132
2.0725000253994015,0.735,12.334599857667683
2.0799999649948626,2.8704961698326468,12.281230364052654
1.9600000344409048,3.4569504221819343,11.789357597976922
2.082499978083223,3.146513043644875,11.829175212646126
1.9249999508734792,4.26942587137878,10.928735143934487
1.9524999951758235,6.081533193521798,8.953722611398101
1.9775000263898073,5.412150029558539,6.200224162951112
1.9074999589245765,9.041541115249395,3.8661578031200174
3.4625000266455115,9.824040128755568,1.9274766412706672
4.242499924089909,5.175083844057322,0.735
10.132500062023997,4.499946154890955,0.735
4.705000053035319,4.657212855519354,0.735
3.0099999500535426,7.395864517312347,0.735
3.0575000990627705,6.899160565396845,0.735
3.039999907774627,7.817677912498712,0.735
3.2100000004261733,7.75307365927279,1.0141293567179142
3.3300000306497513,8.179476242460607,1.9571160939747838
3.5125000890734794,8.2408304687047,3.4587430799743535
12.162499925453663,8.998434403107165,5.105882429260314
7.96250026300311,14.561879388850928,7.421584462194442
2.095000043525025,11.73256106413424,9.890581162045
1.962500047529265,6.300193589563966,11.925833215790986
2.0599999599575995,7.570897527115345,13.307353026725053
2.1250000012461094,8.032542490717768,13.843200029318929
2.030000002236515,8.041940139885543,13.375830042721033
2.06249997304596,7.936550280637144,12.152165381854177
2.024999976059794,7.997118312915563,12.94436583753109
2.0575000465388595,7.553273546158671,13.727706062633395
2.0525000203621384,7.553693753278255,13.937249080480337
2.320000025442019,7.922889961144327,13.039544743509293
4.37750003284365,7.792621767288446,11.333246291698813
4.482499984537065,8.852903999619484,9.043598296214341
7.044999944707751,7.9643979725754255,5.967976405578256
9.247500013546944,10.420845868539809,2.6025170528875288
9.484999961236118,10.191460622664689,0.735
4.422500069094896,9.585662291049957,0.735
4.312499891885519,6.064883981452584,0.735
4.387500085197091,5.261762127451301,0.735
4.552499952332676,5.646700553840995,0.735
11.627499715954661,10.500521763083338,0.735
19.315000792502165,13.98150318929255,0.735
19.677499999234676,18.41577190901756,0.735
20.339999979213477,18.562080532901287,0.735
20.62250036183238,12.783986255318522,1.376194053740315
20.142499443581105,14.490396337103844,3.454641874434352
11.747500344195961,17.039514654040335,6.089769492272735
2.26000001033023,9.461001908715962,8.888663864703178
2.3575000224281846,3.7134184953284266,11.43255231731832
2.387499980149269,5.851989672289491,13.468729305141567
2.214999974078983,7.130945058374106,14.357011274878978
2.320000025442019,7.743609829477071,14.079488791781067
2.4425000687539575,7.885969941679239,12.232662554069757
2.877499954057783,7.640364860459566,12.955743324038385
7.457499811885953,8.14507666835606,13.84054881741643
9.359999904835819,9.591007772130965,14.150808385350704
9.502500351863503,9.675457442812919,13.725967027096749
9.42000021895647,9.577601012152433,12.48082555642724
9.647499715613723,9.3066128693676,10.36272173535347
9.565000380063653,9.128886786421537,7.399230161053836
5.622499972652197,8.394659763464928,3.9771243769687414
5.050000065175891,5.272650036783219,0.735
5.344999815549254,4.161441013893783,0.735
4.4999999764859675,7.3045771119928355,0.735
14.157499804985523,8.697961594538688,0.735
18.91249978164196,13.56422635654807,0.735
18.909999270205496,16.3725765852046,0.735
19.65249966901183,14.551933158092499,0.735
19.25000025286555,16.780828134483098,0.735
15.987499418703317,15.218308292912244,0.735
6.462499984878004,7.717981979324221,0.735
4.169999843536318,6.840453564270436,2.429560759295076
2.0474999941854177,5.961698016850352,5.084011725117862
2.1999999952184406,5.697660434713364,7.9454758944827315
2.214999974078983,7.058183046058118,10.855030655688047
2.2100000475718824,7.127779152551889,13.00478316934347
2.0399999549203365,7.820852190569043,14.339258919451236
2.1100000223855675,7.1114648304072015,14.484180142219065
6.872500137976705,8.317254741552471,13.044899792873858
9.205000090053677,8.665790633146166,12.935740827260613
14.094999776785373,10.379549954060911,13.60533568949759
20.310000220831633,13.779311802645921,13.924654827247261
20.032499266371726,18.82607904454708,13.955648889762163
19.11000031727433,19.533588230382204,12.932884694618583
7.799999711268543,14.837197179945706,10.8336814229995
5.3425001014697555,5.857657285583615,8.015313201457857
4.762499855719507,4.168193431336284,4.479720796841979
4.405000077145994,2.8262291039697827,0.735
10.905000219212173,6.718717089920341,0.735
19.320000220661164,16.844753836933375,0.735
19.689999366989134,18.20558542410135,0.735
20.019999898617268,17.61320661017656,0.735
18.092499475444555,14.81423170469284,0.735
19.385000760297775,9.054045267145634,0.735
7.600000258913636,15.939111014037131,0.735
5.63500013776362,6.953946962335407,0.823409768956881
2.2924999811396747,5.661419364702404,0.735
2.2775000022791323,4.049582197603286,1.9891251919037847
2.1374999670182913,4.560959112354816,4.1529591291981935
2.225000026432425,5.372607901720107,6.888491530551314
2.2825000284558534,5.998037161767781,9.80998033342421
2.3274999650374797,6.157943911301196,12.287816532568336
6.999999908456504,7.309933357392847,14.058819704582094
9.400000114249586,8.7599776270622,14.585929269573688
10.962500021896362,10.60934105463028,13.675561309313773
16.17750001474023,12.561368975346683,12.387484558249115
14.92250002257824,15.875534553936719,13.13612859245658
9.717499683409333,15.467933647940159,13.863794962320327
6.222499924430847,11.517503525530099,14.152970817434786
5.600000153865815,10.064022248671055,13.677677494693993
5.2000000531205535,8.64384258537829,12.186301030803918
4.57500016979754,7.20943289104253,9.848595533792972
14.252500103003978,7.629082259430885,6.70834586790055
19.354999407202005,15.055248793946504,3.1938782399880883
19.96000038185358,19.27568631007671,0.735
20.634999729586838,16.8496033619833,0.735
18.084999535849093,17.4272996447885,0.735
17.810000687539578,15.090823672214746,0.735
14.072499957998991,14.432914873629809,0.735
8.132499956976174,10.443643898830413,0.735
2.2174999871673435,8.131020859809517,0.735
2.267500049595311,7.057876063627302,0.735
2.0925000304366645,7.4715588098603485,0.735
2.0074999841108916,7.511141204225421,0.735
1.989999992161989,8.155307555550337,2.083973693090379
2.024999976059794,6.53109500970453,4.173742238442898
6.650000069478453,7.5231733207994695,7.062072952002882
9.234999848435521,6.393667347676456,10.12105400281787
14.429999736572503,8.022337118946313,12.680853713632821
19.725000148243904,13.826720255604386,14.251989794547557
10.960000307816863,17.308474320710896,14.485492591780423
11.677500376400351,9.584080334835052,13.162882310641407
7.215000037359297,9.045555807558893,12.457145649335384
4.7474999765285855,5.179695358053744,13.30785217218399
4.619999807370306,1.4606853863235933,13.991349750430583
4.6075000409373645,2.899189060151875,14.225080591754914
14.902500715228319,5.825985070971549,13.790201306691765
19.322500732097627,14.661608013660906,12.330627425277232
19.72249963680744,19.36039432441473,9.956902124812602
20.24499968119502,12.16264823384881,6.767625371326505
20.134999503985643,10.979964531460404,2.9194500999249517
40.2475012431097,13.259123296094536,0.735
5.064999944366813,27.41483189919472,0.735
2.2775000022791323,3.5735712535956505,0.735
2.467500000298321,5.343987969563008,0.735
2.472500026475042,0.735,0.735
2.3899999932376295,0.735,0.735
2.375000014377087,0.735,0.735
2.3975000325027107,0.735,0.735
2.3149999992652983,0.735,0.735
2.2425000183813273,0.735,1.127844469853453
2.182500003269538,0.735,2.8411881186163424
2.1525000455484538,0.735,5.087764086986482
10.942499917189478,0.735,7.812155418171882
19.132500136060713,2.508448665819764,10.503702420009374
29.80250137823105,9.741091881235242,12.887501528346538
30.082501249413493,16.160072980953455,14.215477224490643
30.050000979595186,17.36021800347805,14.235189483333826
11.674999864963889,12.179050663937925,12.628006488828659
7.6575000615978235,0.735,12.884993840697406
9.365000130351781,0.735,13.783242772474289
16.44500051816821,10.777055523546933,14.21920885507822
20.07249947578549,9.809928505221604,14.184562100315093
29.76249957410336,14.176103737649917,13.160938354365229
31.952501072545054,16.148018538384438,11.2045002522856
32.04999869257212,20.75055907954335,8.784788186327814
4.897499964473248,17.749098562693597,5.638120594238937
2.3425000435676426,8.976714399430751,1.896178785752803
2.4550000345261394,2.868632945948988,0.735
2.429999903642535,5.200932562088966,0.735
2.214999974078983,5.742453955511153,0.735
2.1850000163578986,5.342264482487142,0.735
2.1900000425346193,4.933530133567452,0.735
2.685000042619854,3.5901299656495453,0.735
7.237499856145679,4.2882199736788875,0.735
7.147500182321667,6.323896620007754,0.78134435205905
7.094999807796477,8.634940892241596,1.086773459872976
18.662499668841363,10.507449200379252,3.007540103822201
33.86500002181292,17.25085890126705,5.608738388825059
33.87999990100384,29.149408615703585,8.207878097488283
32.819999933037764,27.66666912243843,10.78551149414122
32.96750140293837,22.957582554434538,12.587070979697108
33.96000031983137,22.770162205530404,13.725727820007801
34.3825006380415,22.02377548888564,14.149720790452957
34.24250070245028,21.267962418222428,13.276329462002515
34.32499844328642,23.97783427778721,13.131309366971253
33.460000094230175,34.48734988926888,13.877480797235965
21.542500394207238,19.599583871508838,14.138777863490581
21.62000030159831,11.583631527912615,13.42998174351692
7.219999864196777,15.721059400036335,11.544172723876834
2.320000025442019,2.4391655219340325,8.955721585304737
2.1850000163578986,0.735,5.594767498795092
2.3149999992652983,0.9094881409057042,2.697692769437879
2.1125000354739276,1.0126246444588154,0.735
3.757499976358116,1.4604654653061926,0.735
6.617500198338628,3.928934912864864,0.735
19.192499652824402,3.0637246661956605,0.735
33.01749887395621,11.610780735151172,1.4724284609984977
33.5900011735034,21.96737045731187,3.539401716974974
35.02999914411545,26.140433806833027,5.774874090954661
41.68250138027668,23.431091392291783,8.16516448232889
45.56999930701256,27.068790140181783,8.875309730284213
45.22749940762997,30.389247662568096,10.227332117723225
44.45750135659218,26.448424096850157,11.318968020559549
21.22749974177003,28.367928624396328,12.505764490163921
22.63250012055516,3.493382459185571,13.21529497590065
33.799999482176304,3.4460397881765665,13.350649509824514
23.220000704579352,16.918281311933995,12.554319542435406
15.867500385175942,17.956915302715302,10.746827721073627
23.734999214657545,8.080096860000491,10.323500543692708
24.310000430927275,14.595765465071201,9.364213139029145
23.87500074496269,12.580063806704878,7.226738726570904
22.95749962931037,14.468674738713503,4.361579206360281
22.42250021716833,9.318547708392142,2.277065542403832
7.847499860277772,3.9360756431484223,0.735
6.0174998478814965,2.4329258050188423,0.735
6.157500182151199,1.9843917819616197,0.735
6.274999900277555,3.2229205719964207,0.735
6.092500041193068,2.2051649746169146,1.6473919512412696
6.260000021086634,1.6639938202407956,3.6082694378829006
6.217500097593367,3.972454655914009,6.01884419172138
6.392500017082393,6.29615936200887,8.25253487156689
16.987499869905708,4.711592600406706,9.985036865257621
35.01000143147946,12.200273914226292,11.201715881770253
36.80749918066502,25.903636330628395,12.171348993030787
44.82499999148369,27.641842616033557,13.34647454876542
45.39749910160303,32.74074584032774,14.154055222904681
45.06250073652983,27.80007013180256,14.021225121126175
44.64250092975617,35.64701947762966,12.939246805827617
44.78999921022892,25.745319510879515,11.341341856945753
44.63000156200171,22.907999709037544,10.972858486204743
31.062500798552037,20.760514878585337,10.137113569412827
19.137499564219713,16.019363397665025,8.069920990436673
23.449999915316106,3.2577238080635667,4.994728476525247
23.799999754294156,7.767643763060569,1.9054109833507238
23.820000656358005,9.609594960299134,0.735
22.34500030977726,12.547841017109752,0.735
20.6375002410233,7.012254088944792,0.735
7.272499840043484,4.74132484552741,0.735
6.4699999244734645,0.735,0.735
6.512499847966731,0.735,1.867580382233709
6.564999823813439,0.735,4.326756235708297
6.36750008553803,0.735,7.222253593653142
6.455000045282543,3.86651462036103,9.25536514263153
6.382499964728952,2.469557978620231,9.902817402001618
6.410000009031296,6.785171609979272,10.633190001398324
10.952500368221402,0.735,12.200739570692777
13.302500312247275,7.275990270149707,13.807771864731908
20.375000760468243,9.524240289463997,14.460147803349495
28.0500000771904,11.729445790479183,13.663473377752304
42.417498650059706,15.554694059101342,11.90773879422605
22.599999850736857,18.680489636644126,11.521869054903387
23.64999936767101,5.600358167142272,11.104722191343903
23.407500789179803,5.022344934944213,9.985042446756362
21.03249971757412,11.756052794982791,7.847564446191787
17.849999302239418,14.045158587732315,4.827293879902661
12.160000211374163,13.173676929208636,2.4362083242969215
23.157500676379204,6.816574716616272,0.9072818168125393
24.034999987903834,12.390919572046398,0.735
24.0700007691586,12.053269197713732,0.735
21.90000017278075,14.858492989717721,0.735
16.86999975310087,1.355804190982878,0.735
7.554999823983907,8.39083245004177,0.735
8.82999992085278,3.731582486288399,1.9963175510507076
6.755000021171868,5.876212579473258,3.828144607258439
6.537500178189576,4.605773763112128,5.39722908870697
6.497499968775809,4.010513899140209,6.271643824819624
6.420000061384738,6.49803300190568,7.963312769748568
6.580000101682842,5.85218382871002,10.029861881655455
6.507500021129251,8.342602719411254,11.609989757043719
11.15249982057631,3.986972532820702,12.769310103054643
13.374999994122385,7.999262405789494,13.041196867136955
17.7000005103302,8.426514971500039,12.766051305146217
24.25500034232259,6.82024814014554,12.880563725410104
23.457499854911564,15.085337856308222,13.069129078913331
23.68999957708478,4.628204610521197,13.575351080898045
20.6424996691823,10.610101733173131,13.25344531715989
19.782500748285056,4.42441492184192,11.898033365270495
19.814999423389434,10.743647861504554,9.864065853592157
19.312500281065702,14.684366176103353,7.37038617159009
13.875000219723582,14.780969161617755,4.799423861969411
19.79249960460305,9.332555675520897,2.126589532352164
20.280000462449788,9.66179154182136,0.735
20.594999520173072,9.093980890645383,0.735
20.814999874591827,12.066724596467017,0.735
25.86000017346263,11.704266852296591,0.735
29.46249880085707,11.998690910942553,0.735
7.03250017827481,15.731440987696647,0.735
6.307500170095861,4.20704704143703,0.8988070460361055
6.36750008553803,5.874298922761679,2.054769696957767
6.204999932481945,3.603079441409707,3.32211118019551
6.245000141895711,6.362814417344034,4.866538194915354
6.3024999445799,6.018480995624662,7.043563506138622
6.2924998922264574,8.024460480539203,9.365791108459234
10.9550000823009,4.6206600189358,11.461922961056231
13.095000122939943,6.865431967176795,12.95619383072257
19.682499427393676,10.360904558834433,13.922618377563357
23.08249968571067,3.056554633043706,13.831992379844785
20.619999850395917,10.258765523924827,13.257385057914853
19.77749972541213,5.056799128000736,13.067471373786926
19.034999326605796,5.711821494379044,13.614548351849914
18.949999479619265,6.035754538196027,13.645870128076671
19.712500780489446,1.866324345677495,12.64943784928441
15.372499587733746,11.97750673114538,10.551741582325697
15.430000187774896,6.2158619277125595,7.596282183394432
19.71499969721198,7.229267544179558,4.382712355311811
20.142499443581105,4.341535247020424,0.735
20.332500039618015,6.9404054490301,0.735
18.58000033329129,10.701934131976962,0.735
17.764999455252884,0.735,0.735
7.30749982394129,0.735,0.735
6.507500021129251,5.377175162405074,1.5793646445725111
3.1149999017469585,5.780821576542855,3.725000304557532
2.4349999298192557,4.901039033354223,6.212793299439848
2.437500042577237,4.8828277989941835,8.053343939172626
2.335000004302561,6.073864214250148,8.507773619615435
2.3225000385303796,5.208792907031775,9.79451400040984
2.652499972140789,4.150775965833068,10.89716140290737
7.292499944750368,5.497552541811467,12.41581784057796
9.665000106241106,8.070172157880068,13.34243673310399
10.87750017490983,8.856633238136173,13.549478442157506
11.004999945389628,15.263690661827326,12.989438034587502
9.462500142449736,7.759918968801498,11.255819741148352
8.332500206688046,5.771596555157602,10.831402576798796
8.384999783856273,4.351719090153873,9.828155288042426
14.40749991778612,5.323875038845837,7.7913858639955516
17.43999994649768,8.24553726685822,5.052701111888588
11.88499976835072,10.133519881579875,2.904954748352468
9.807499755911827,5.249021957893968,1.6689136123730985
10.040000275442004,3.768319113651961,0.735
10.140000001619457,13.530305196621418,0.735
30.382498833231928,8.836884300872683,0.735
30.7099988534236,16.573028936314582,0.735
30.612501233396532,15.0372077952981,0.7953635475934762
11.860000235484838,12.045406460700034,2.031733256935179
2.340000030479282,0.735,3.552726149847061
2.340000030479282,3.5516746353518966,5.207389160098136
2.439999955995977,3.751518603098989,7.082623233014345
2.387499980149269,5.118747783860862,8.442049079856275
2.3474999700747428,5.6831397670573,10.426207296760081
2.265000036506951,5.900441068155766,12.061140705654024
2.3649999620236457,6.368616385286451,13.141489223319887
2.2949999942280352,6.649038456980884,13.203939018031358
2.2775000022791323,6.5171536218822,13.029893534827233
2.0700000123110414,3.6464141976433995,12.780124655545949
3.9874999844518304,6.639531569909155,12.5239099425745
4.2550000892013315,15.070248673137426,12.773477090544104
4.115000153610111,2.626722019539624,12.423004418886899
2.26000001033023,6.492170833512545,11.162756223193407
2.265000036506951,9.019467085081338,9.121457014238834
2.1325000405111907,9.619474213072657,6.566158383480906
7.502500246815681,8.306275933526754,3.692892135025859
14.612500393013953,13.070868114449977,1.055753234082721
28.137498840899468,17.5927623776412,0.735
31.107500436124806,30.94464506054163,0.735
31.312500911352636,22.62269422462225,0.735
30.9924992360425,21.049215508949757,0.735
8.387500295292735,25.503224395011664,0.735
2.4950000446006655,10.193219592125415,0.735
2.5800000909264384,3.5193818776832524,0.735
2.52500000232175,7.169098987739682,0.8845281145856062
2.3849999670609083,7.143950349121689,0.8883220760620384
2.4950000446006655,5.863050608082414,2.6954717316170034
2.562500098977536,7.871684494327306,5.172577352443636
2.642499919787347,6.9710470797672865,8.053115097724199
2.3699999882003664,6.846451283347308,10.614331711862683
2.897500058764666,6.565242220330239,12.680707797308564
4.520000081192851,2.545883379204571,14.030126016905903
13.00250033635795,7.380241503654718,14.158593778738975
36.23750058198214,11.804534490413666,13.2051262825495
36.22500121422768,4.600579779854119,12.743511618511675
31.98500134236336,3.042325798036158,13.495682362567186
15.805000356975793,0.735,14.091335921539663
10.332500311735869,0.735,13.87093688863933
10.402500279531479,0.7794905251517892,12.892454709801674
10.422500384238361,0.735,11.04430725160241
13.47499972029984,0.735,8.498026728097797
20.265000583258868,0.735,5.103141514699459
20.265000583258868,0.735,1.4123333610688522
20.694999246350527,1.6041000529443472,0.735
19.330000671693085,0.735,0.735
10.734999727882146,1.3242984246368705,0.735
3.262499976272881,4.58687361233592,0.735
5.327499823600352,4.363415519446433,0.735
2.417499937870353,2.1499298650473353,0.735
2.3625000486049053,2.3377050378000734,0.735
2.2574999972418692,0.735,0.7865912349680834
2.372500001288727,3.6988041382291916,0.735
2.335000004302561,3.464956085431278,2.0862107777201384
2.765000062768906,0.735,4.2811577830562
7.324999815890193,3.6389341919720177,6.9176787821877
9.097499626923799,1.4268949929388983,9.66120548445344
9.56999980822265,0.735,12.029504770783781
13.229999833015203,0.735,13.794685642252563
15.142500376996994,0.735,14.357089415861367
20.49750030543208,0.735,13.775350533252954
20.380000188627243,0.735,12.369894863641857
17.492499523665906,0.735,13.18445241120875
11.409999872972369,0.735,13.91617254387319
13.757500102918744,0.735,14.013303379697204
20.29249983020425,0.735,13.446526900502443
23.399999254870416,0.735,11.848129185017347
22.955000712587832,0.735,9.473598554019928
23.63000006032109,0.735,6.291179070416987
22.48750075680494,2.5765828183215853,2.5148482528060674
22.10749956473112,5.2665650071188805,0.735
7.607500198509096,4.86758751667887,0.735
6.2900001781469586,4.1038794160449505,0.735
6.370000198296011,1.3102446094827354,0.735
6.382499964728952,3.498500494192839,0.735
6.232499976784289,1.8288484687394648,0.735
6.287500065388977,2.14898659175992,0.735
6.312499996933341,2.146758676735237,0.9023653636125194
6.312499996933341,1.7886637708583473,0.735
10.882499603068828,2.2351147985189406,1.713741519189924
13.100000348455906,3.3953460251906518,3.7922535769543053
24.242499379854202,0.735,6.100680923635066
37.030000046520236,0.735,9.092266573174596
38.01750112996817,0.735,11.785848429982066
33.03249875314713,0.735,13.789092183156013
32.51749864835501,0.735,14.614213115770816
21.702499637148378,0.735,14.198212851524353
13.357499603495,0.735,12.263951638661027
13.19750036055386,0.735,12.826823460807203
16.977499418873787,0.735,13.593523643445373
23.587499339470863,0.735,13.9010594399935
24.170000495336055,0.735,13.46206100885868
24.49999943225026,0.735,12.161920246941447
22.56250015275955,0.735,9.900320877349973
22.975000019937752,9.278352943879366,6.9140651604306695
8.040000170394181,0.735,3.659896905872673
7.009999960809946,8.97032039394319,0.735
7.1324999044522635,0.735,0.735
6.942500105772316,0.735,0.735
6.97499997691214,0.735,0.735
6.9574999849632375,0.735,0.735
6.874999852056205,0.735,0.735
7.124999964856803,0.735,0.735
11.662499699852466,0.735,0.735
13.895000324430464,0.735,0.735
34.124998990931516,0.735,0.735
37.599998645203115,0.735,2.0260177025536446
33.129999562602045,0.735,4.001484628889412
33.16750085529328,0.735,6.926808120737373
32.87749893836499,0.735,10.102775391794443
33.29500142313004,0.735,12.600069492910503
33.41249994522095,0.735,14.286344716662168
32.765001439147,0.735,14.607912401047944
34.427500275614264,0.735,13.52768747371137
33.60500105269432,0.735,12.456062838579415
38.75250158917904,0.735,13.096803744390606
35.06750043680668,0.735,13.818417377547025
22.30999952852249,0.735,14.035955493663549
22.235000132567883,13.616186920409202,13.539874277536272
9.214999743728637,0.735,12.107447211289406
6.529999839915633,32.90890842385769,9.809725179195999
6.590000154036284,0.735,6.736386520223915
6.545000117785037,0.735,3.3145626018252967
6.529999839915633,0.735,0.735
6.299999831821919,0.735,0.735
6.520000186240673,0.735,0.735
6.532499952673614,0.735,0.735
10.94000020310998,0.735,0.735
17.28000070355654,0.735,0.735
36.82750008272887,0.735,0.735
37.420000094912055,0.735,0.735
33.36249928477526,0.735,0.735
33.527501145303255,0.735,0.735
33.09250145933867,0.735,2.1345654940546304
32.530001205537324,0.735,4.2515945776116855
33.38500069827557,0.735,7.00062264424473
23.932499750289917,0.735,9.89022713555336
19.205000615292786,0.735,12.407337949274778
23.38499937567949,0.735,14.092172348994016
23.732500297935008,0.735,14.478925559831858
25.172499863260985,0.735,13.32192233315587
24.704999907478093,0.735,12.600047964272498
22.697500660191775,54.244719999999994,13.364297868962883
11.994999945560098,0.735,14.065993525179625
6.342500153993666,0.735,14.220486220933198
6.420000061384738,18.391758706715105,13.630398213563561
6.3950001298403745,11.735662782720922,12.113694503095745
6.245000141895711,0.735,9.80008433615446
6.252500081491172,0.735,6.657118473767042
6.344999868073166,0.735,2.8891385749705134
6.375000025133491,0.735,0.735
10.789999816486835,1.158973036521077,0.735
11.127500287710427,0.735,0.735
10.917500384323596,0.735,0.735
10.08250019893527,0.735,0.735
20.380000188627243,0.735,0.735
31.90750143497229,0.735,0.735
32.28249841474533,0.735,0.735
32.24500031148195,0.735,0.735
14.06250030432403,0.735,1.4753992635387927
15.729999366307258,0.735,3.305778917519152
31.51999870858908,0.735,5.3150913545396925
22.93750032196045,0.735,7.960905549076795
12.312500312076807,0.735,10.489204875705243
16.607500272545813,0.735,12.60955804077208
29.59750090300322,0.735,13.917796760007143
33.11499968341112,9.180982900966406,14.121231226159333
28.597500451800826,0.735,13.01301986677289
10.040000275442004,0.735,13.269760835340023
2.5374999680939316,12.359896804680824,14.216783295196294
2.6649999379129707,6.82925030025959,14.81092905215144
2.612499962066263,8.757187675048112,14.56842568951845
2.4849999922472237,0.735,13.284842044941186
2.467500000298321,0.735,11.195138484181165
2.819999952034354,1.9680264289712905,8.350494161275625
7.122499852098822,0.9628662808603047,4.8052314114105705
7.059999823898672,0.735,0.8821779921476169
7.110000085665881,0.735,0.735
8.850000025559662,0.735,0.735
20.98499956856489,0.735,0.735
32.07500061750889,0.735,0.735
15.760000719403028,0.735,0.735
7.182500166219472,0.735,1.4849131773187592
6.564999823813439,0.735,3.150264408817291
7.289999831992387,0.735,4.459669661289453
20.240000253036023,0.735,6.003608294869363
22.775000567582847,7.457341935207247,8.067762545137406
23.5375002737391,0.735,9.73396271262765
24.452499283241032,14.791642581926583,11.785893081972002
24.89749942023754,6.84321441275537,13.307229436395763
23.122499895124434,12.67658865123689,14.147886869437693
2.8700000144623217,16.440436446911097,13.669854625528455
2.5925000566986203,0.735,12.684185071024894
2.562500098977536,0.735,11.589461802027225
2.3124999861769377,3.8639228115522863,11.263380279873013
2.265000036506951,0.735,10.247596944941877
2.912499937955588,3.2121361197304723,7.9029297242856025
7.122499852098822,0.9751615252321957,5.319996295898557
6.985000029265582,0.735,3.2607972204780578
7.142499956805706,0.735,0.735
9.182500271267294,0.735,0.735
18.239999350631237,0.735,0.735
19.877499451589586,0.735,1.1608170740028096
19.277499499810933,0.735,2.590147255639583
19.237499290397167,0.735,4.989652502097786
19.332499588415622,3.04311677614361,7.55143005685985
18.057500288903714,14.46461619177103,10.005173318005204
10.027500110330582,0.735,11.5153371066612
9.70249980421841,0.735,11.74720452476263
11.934999631439448,11.238368786652684,12.363775946306585
19.422500458275078,9.033313986103535,13.104701565110682
20.18249965299487,13.19801306108117,13.43912503581345
20.479999914804697,13.825651797273755,12.627546413860916
20.04999965699911,15.947955297472477,11.745437581732272
18.757499966859818,5.285915664579273,10.456439883375168
8.202499924771786,13.330216440286636,9.725989142996072
2.8424999701599774,7.05118623870641,8.360553616722822
2.4224999640470744,2.5408141823112964,5.81105655522883
2.227500039520785,0.735,3.1170748239043355
2.502499984196126,0.735,0.8765213425117357
2.320000025442019,0.735,0.735
2.2524999710651485,0.735,0.735
2.904999998360127,0.735,0.735
7.382500017252862,0.9093213687133788,0.735
9.117499731630682,0.735,1.8499412514947353
12.495000171161294,0.735,3.9598606020201745
22.467499854741096,0.735,6.6331590930596
23.265000342152117,0.784716801366806,8.975432249433993
19.617500482470987,1.2768343560302255,10.294839547652005
18.97000038168311,0.735,10.782454427544474
12.327500191267728,2.3369093752204626,12.086570013923048
10.9550000823009,0.735,13.565375347931981
9.860000130437015,0.735,14.507906296014784
11.599999671652316,8.47495281229794,14.041462040851115
19.57499976162076,9.035639079008101,12.483318891651034
19.947499419385196,15.24251605031371,11.494887292627096
20.454999584581852,14.485001419891118,10.89785590082228
21.590000543216465,17.035346071836948,9.745317075783014
22.49250018496394,7.571123976492881,7.76401020737946
10.0050002915442,16.253875648813246,4.865541100032925
6.352499807668626,7.888251179950832,1.9062590721506625
6.629999964771569,6.260909406703115,0.735
6.662499835911393,4.9171588003999,0.735
6.559999996975958,4.80934736805439,0.735
6.455000045282543,3.3287069169947503,0.735
6.679999827860296,1.1592624770987032,0.735
6.667500061427355,1.319221453513205,1.5376795202259719
11.2050001951015,0.735,3.5972631210419537
13.290000147135853,5.153300849180818,5.916038965069056
20.110000768476723,5.814809714454412,7.419194384697377
23.5799993998754,17.83965917714119,7.938668060731291
23.019999657510517,0.735,9.189050558719634
19.089999415210485,9.92023646221876,10.724772030115723
19.125000196465255,6.329133261863292,12.55291141003847
19.275000583088396,4.872009658396542,13.619937687563896
19.807499483793972,5.700461948403419,13.362707141821383
11.674999864963889,4.430529453713894,12.827966073335409
12.067499627435208,12.407599482358693,12.233768488177656
20.30749970939517,6.523899660468996,12.20764388463676
30.577500452141763,14.418192474662066,11.711082659617661
30.93750074215174,21.531166762332916,10.40782582668841
22.47000036617756,19.369758484590054,8.465497753428815
20.715000148414372,8.19662260659635,5.868616558363736
8.852499739639162,15.762466147133111,3.901289948934466
6.849999920511841,2.7265323734383284,2.4604695046149194
6.919999888307451,3.3191484010596572,0.735
6.859999972865283,3.281934356214404,0.735
6.794999831907153,3.325385725903958,0.735
6.870000025218725,3.080436470786482,0.735
7.024999840000867,1.5249620753420887,0.735
6.912499948711991,4.841651886738241,0.735
11.325000025985837,1.671145713521838,0.9598178855205326
13.502499764602184,5.2700634107947355,1.800236510151997
17.730000268712043,10.396403688191175,3.2814872382973133
24.057499806690217,8.389956952096224,5.076667270130217
23.625000632162095,13.725014982882737,7.556311476188301
23.994999778490065,8.5523642130661,9.885590504812598
23.79500032613516,13.499937059322596,11.662734920156598
22.84749945210099,11.11495866003692,12.88911537883997
19.83500032545328,12.512590663125515,13.457383712912797
19.762499846221207,3.135595034087598,13.674157961058617
15.269999350119829,13.070001387431025,13.29106222661078
20.207499983217716,7.40927127729088,13.079571265702842
24.517499822877646,12.721279711664915,13.614104224021434
23.939999689885376,17.07340073026061,13.714344752001763
22.43750009635925,19.316852255370616,12.872004895767569
22.587500482982396,19.937937514683007,11.261878059354425
18.590000784323216,0.735,8.817537231518626
11.459999736061096,12.677202616098523,5.586244151537419
7.2350001420661805,6.092139237167239,2.9092784164851904
7.135000017210245,2.6778644951565562,0.735
7.17000000110805,3.110126455988139,0.735
7.089999980958997,2.65263153603971,0.735
7.10250014607042,1.6527143089703469,0.735
7.2749999528014655,2.870145731447339,0.735
11.512500110586284,1.061109055886846,1.0754675361531227
13.857499829096197,7.738800172275305,2.3110840795496106
20.600000543045997,6.2409978086191416,3.8581258270908894
24.452499283241032,6.710090484935939,5.178645637611747
23.7000000281167,12.000091069769859,6.693859486593902
23.722499846903084,12.350556565214395,8.70906239817977
20.855000084005592,11.494906429194211,10.588785989477039
19.284999439406395,12.954202033028603,12.63889519551754
17.142499684687852,3.2447119391210375,14.031370691125392
9.527499884729385,7.2611833513438695,14.422914422597884
12.74999971212089,6.81336216541171,13.666527254921197
18.010000139894483,7.221565873272419,11.503910981379152
20.09250037784934,11.994747980759739,11.302199603624343
20.842500716251134,16.42787966945529,10.87013179921329
18.590000784323216,14.971390762131213,9.725257966660857
18.322500280895234,8.473870798898934,7.327876281134784
8.072499642855524,14.572517725453377,4.960230030157268
4.245000036847889,3.3173986012040078,3.17771262491703
2.9950000708626208,5.400518584858477,0.8038020884628966
2.8700000144623217,5.5523839894184475,0.735
2.732499992289841,3.730111362691373,0.735
2.5849999177639185,4.962692667137981,0.735
2.6774999036851526,3.674329465584308,1.001220944841355
2.8400000567412373,5.433209821669459,2.8252529397076365
7.460000323322415,5.997235419341326,5.384749256198108
7.215000037359297,7.050119375089705,7.811356466494798
7.16500017427057,7.394389008252024,9.632449602934122
12.500000396677255,4.691710903208852,10.12994054617226
23.15249965350628,8.6232604100883,11.327187973492741
25.334999617638587,21.514508380658626,12.030457612354756
24.80000020549655,22.97824366806388,12.705911453557015
24.792500265901086,19.52067583172083,12.620265747430324
26.157500435272453,12.352988503952027,12.33036429747939
19.482499975038767,14.588522274417876,12.215651740617751
15.305000131374596,12.578714678723216,11.819779158192276
12.102499611333013,7.971732859279513,11.518263406715988
14.124999535167216,20.709732808315753,10.335153118352293
14.46250000639081,5.364109671206773,8.171121536200642
29.582501023812295,11.034687139841914,5.3264209996292
40.234998685927394,11.440013983779549,3.1949704196883735
35.752500235571866,26.354203613941667,1.3986283397512882
13.19750036055386,31.373690084705355,0.735
7.6674997152727835,12.628896339199542,0.735
7.787500343514084,9.69108085514903,0.735
7.70999963876605,10.350029407213926,0.735
7.807499650864004,10.196054993486404,0.735
7.572500214611291,9.191762369751334,0.7820367506825807
8.047500109989642,5.530669965919256,1.4723295887350663
12.390000219467877,5.086251899505854,2.4734819715751706
12.300000146965385,7.520144959053397,3.897443698283434
12.132500167071818,5.487502654647828,5.467894849566817
18.889999962855576,6.944650178823471,7.828454989212751
31.567498857598306,11.758204861426353,10.113629014776945
30.274999167459015,20.758145133690835,12.005329705017804
26.58000075348258,17.684365934996606,13.33012394687891
26.812500475655796,13.71200849609971,13.621750079941153
15.842500054953097,19.463760491690635,13.177359921021461
3.1074999621514974,9.832621284393072,12.214962824201583
3.172499903770387,10.116298565889597,12.863663744575977
4.722500044984222,0.735,13.591474436050056
20.662500571246145,0.735,13.72142448447764
19.532500635484457,17.25575467302084,12.96419610520482
6.737500029222964,1.4953108117879552,11.306294031630157
6.732499803707003,5.719427482450604,9.124583450891375
6.687500166134239,8.128356092838644,6.148860022098423
6.652500182236433,6.655962306170464,2.753780452940315
6.702500045325159,6.985501168116927,0.735
6.682499940618277,5.091339435609282,0.735
6.76750018628329,4.881451560875774,0.735
6.7449999688184255,5.885338329916596,0.735
6.5049999083712695,6.0829217906731365,0.735
6.662499835911393,3.8558523630496864,0.735
7.017499900405406,3.4178789342910054,0.735
8.612500077870488,8.341903437354564,0.735
16.892499571887253,22.735062552012206,0.7429613616604159
22.860000414569377,9.226942556322813,1.4462483913138506
14.15499929354906,12.92250071488738,3.2646634050531684
14.327499498958588,0.735,5.8172001906299595
14.34499988958597,4.072617042911947,8.706938239229917
14.404999406349658,11.71062258464992,11.283535869187713
12.874999768521189,8.599303022773265,13.359226678677201
10.352499619085789,10.368396524860263,14.45155867414236
13.027499869223833,12.416498783424496,14.187472453230619
22.44249952451825,10.420475894908904,12.59920994210422
23.99000035033107,21.432755371226072,12.861183167063594
24.925000261896848,21.44816828132391,13.56708488126099
25.882499992249013,14.502761748888492,14.125557685041427
24.937499629651306,19.546095571706296,13.734749116688967
15.394999406520128,21.621539200537203,12.430982772660254
7.16500017427057,10.61649972544551,10.267728613547682
6.687500166134239,7.973365048983097,7.482475424042939
6.942500105772316,6.978109669068455,4.204735104922355
6.820000162129998,7.331883398553132,0.735
6.802500170181095,6.557787730081678,0.735
6.622500025176108,4.64724748819381,0.735
7.292499944750368,6.098386528973579,0.735
11.834999905261993,4.473837099810839,0.735
13.447499675997495,3.9362933215993645,0.735
13.59000012302518,7.040191084862947,0.735
13.744999937807322,7.14835694237858,0.735
14.377500159404278,8.049853110387922,0.8979440940040255
14.382499587563276,3.9719596965791286,0.7639771792233502
14.42749922513604,5.555784716866315,2.550942011118084
14.015000155314803,0.8262740371316764,4.961826737475992
14.372500731245278,8.587461474513411,7.737076286520957
14.092500062705874,13.765688958930372,10.606928252459763
18.290000011076927,10.034700243707896,12.777667201385498
23.17499947229266,14.889821144800186,14.233822813498973
23.517499371675253,17.71271516446471,14.43181452102065
24.475000696741343,17.36714384606004,13.266362499963044
27.967499146926407,21.17665388294339,12.70473136525154
29.627500661385064,15.580753279371262,13.308651123861074
9.440000323663353,22.16568908118844,13.69899164367616
7.012500073567926,5.1197141805002095,13.73648496279776
7.089999980958997,3.752562742042244,12.792936587229967
7.094999807796477,1.8285338117478787,10.714455028369427
6.919999888307451,1.1339185109421424,7.9729568022179595
7.04249983194977,0.735,4.8541859395205975
7.112500198423862,0.735,0.9368814265859032
7.052499884303212,0.794824496910274,0.735
11.315000372310877,0.735,0.735
13.750000163323282,6.002334517120719,0.735
18.71749975744605,11.768273087800145,0.735
23.387499887115954,5.745764182943702,0.735
14.572500183600187,3.5382587057682873,0.735
14.5599992211318,2.7056426176998016,0.735
14.522499523154497,0.735,0.9019357003377004
14.167500256017446,0.735,0.735
14.277500433226823,7.6506220604336255,2.0410183791015295
14.42749922513604,8.795921681604385,4.065025805944204
18.91749920980096,13.082181812400222,6.828272341944277
23.9549995690763,12.881821954697966,9.782207593040466
24.637500451118946,18.75740747345209,12.330566826148033
24.475000696741343,18.415985600683687,14.030644298931955
22.647499999746085,17.92901737728834,14.47287362048149
19.30999976962924,10.264951419245005,13.797394263856411
7.6674997152727835,11.819286391589046,12.323747829399109
7.047500057465731,4.871670383008719,12.945375291446448
6.84249998091638,4.0297991733296215,13.68533052682638
6.76750018628329,2.314380253565684,13.949579408558607
6.794999831907153,1.648299841813445,13.417629089443682
6.797499944665134,0.735,11.944956227838397
6.804999884260594,0.735,9.608800792763828
6.829999815804958,0.735,6.613861459837258
11.209999623260497,0.735,3.211681227582991
13.54499968809545,9.128615685054063,0.735
15.357499708542823,1.226922999564409,0.735
20.332500039618015,0.735,0.735
17.24999935046077,1.2066797009837626,0.735
17.06999920545578,0.735,0.735
15.307500642811059,1.4925506609903647,0.735
14.397499466754198,2.484084427114278,0.735
14.730000509818792,2.250188732237816,0.735
14.472500457422733,6.925814215282798,0.735
15.847499483112097,5.182623252822459,0.735
20.284999890608788,14.405895635576247,2.1139873055494576
20.84499963297367,12.79479841573894,4.377767147426307
20.94749987058759,8.944051468791962,7.198448900196552
20.367499226158856,18.275567850043775,10.11303976798117
19.107499805837868,10.00700325223565,12.460984125756024
4.265000141554773,12.88288642624378,13.994027275112867
3.3300000306497513,1.3601710658960415,14.247811644060612
3.3899999460919203,0.735,13.390899291967749
3.402499911864102,0.735,12.302574015242456
3.1999999480727315,0.735,12.987845712732076
3.3199999782963094,0.735,13.781607393342853
3.3300000306497513,0.735,14.06788884268105
3.250000010500699,0.735,13.655539675968885
7.674999654868245,0.735,12.231707320427894
10.14500022713542,10.759519251856208,10.022141871538162
14.630000783641337,0.9501101890811137,7.012662335709929
19.595000663684605,2.352362950523421,3.594306720761806
19.464999584411384,7.001798347086906,0.735
24.420000608136654,9.044639644408225,0.735
19.207499532015323,11.006677584440112,0.735
13.67499997001171,10.266810855683088,0.735
12.067499627435208,0.735,0.735
13.612499941811562,0.735,0.735
19.57000033346176,12.368072902981043,0.735
23.737499726094008,14.95116819483161,0.735
23.667499758298398,18.20302431353569,0.735
24.299999979895354,18.187389738202093,0.735
22.6299996091187,17.779276929035188,2.10494288551636
15.45999994615674,13.819329553912878,4.194539301434458
7.607500198509096,6.240238724790216,6.891162676377892
7.402500121959745,5.537299989067912,9.756264786887169
6.695000105729698,5.661021084899306,12.250075235431193
6.859999972865283,4.168989592263997,13.954385876332521
6.865000198381245,3.438572540216595,14.318229426904916
6.800000057423114,2.452954614576399,13.254517762275338
6.732499803707003,1.2708803420818968,12.607165969882606
6.890000129925608,2.0121371131997554,13.349555536071062
11.555000034079551,0.9207259778161252,14.069740305549502
11.322500311906337,1.953565264078602,14.311139328788519
11.334999679660797,0.735,14.048379909863472
10.94999985678494,8.996090173635482,12.452014657277465
19.315000792502165,11.963687737616896,10.142695865511893
34.277501483705045,10.336256660389303,7.085343017615675
34.8825008636427,19.47229221119642,3.6023002243174616
35.27999925691605,5.478486939465403,0.735
35.654999426116945,18.66211055864334,0.735
40.21999880673647,28.75769265512705,0.735
37.60499966807604,16.45400267828226,0.735
24.030000559744835,12.16928463585317,0.735
14.12250061844468,13.102340591142774,0.735
27.900001285281185,12.464568245305419,0.735
36.29750009874583,21.446044122374058,1.2004309141331164
34.91999896690607,25.509706907122133,1.4849752216574548
10.35749984460175,14.032125788169502,2.792084883432686
6.9624998118007175,0.735,5.037392655552924
6.832499928562939,1.8490710360390692,7.516367081761956
6.8574998601073025,4.080117779864371,9.988887302032708
6.935000166176855,3.0709405473729965,12.220274018933177
6.907500121874511,2.357651719590425,13.874528184401392
6.849999920511841,1.0357663106831347,14.601021642172336
7.085000154121517,3.7061886604042353,14.365058201351165
11.582500078381896,0.7601205551451083,12.726997558447717
11.607499611247777,2.821586493051797,13.092391170956493
11.317500086390375,2.2496558984471857,13.261945142387152
13.057499627605676,11.594419767624139,12.859346056620478
13.107500288051366,16.691025009150504,11.459353876920938
13.177500255846976,0.735,8.71024408119917
11.269999937381147,1.8647859450867026,5.1783007807251815
11.170000211203694,5.274792136264741,1.559196197876781
12.550000259765982,5.5293431639325625,0.735
13.610000227732062,14.909968760545253,0.735
27.892499750971798,10.90406013535261,0.735
29.997499807713034,20.288160613610742,0.735
36.392500396764284,23.04121413687229,2.028297744789794
36.87750074317456,29.3979734859705,4.38642923479557
37.929999176831245,27.01345835108042,7.34776355983138
24.66250078134179,15.488448047888278,9.478511867626905
7.082500041363537,15.388684339371919,10.654127797893882
6.8525000332698225,3.3647552259598674,10.984893792206645
6.747500081576407,4.403102367573679,11.945382813813685
6.8924998440051075,3.5708415020322803,13.228290299686194
6.762499960767328,1.1840648136206342,13.466843555923699
7.262500186368524,4.1753437299034,12.820218155724406
11.462500247497559,1.7046294234845787,11.982422436823247
11.459999736061096,4.414802783651054,9.873275326516628
11.767499651545881,4.544037204204202,8.85617316316843
13.514999929713607,8.89220731904745,7.085459830410778
20.082499926817416,5.711811128738523,4.690581048392057
23.500000575761796,9.57754998130679,2.1620265675354005
23.337499226670264,12.664830028101205,0.735
23.472499734102488,12.69505464114666,0.735
23.75000068856239,12.429392842875718,0.735
23.477500756975413,7.160999037029445,1.1227047317863441
23.28000022134304,12.475083788935542,2.100186252552643
16.112499475103615,13.416897913108468,4.014144265393466
15.882500264366865,13.599224745731949,6.471658426956832
23.767499484475852,10.871618072592616,8.970296473234296
24.380000398722885,17.068677187610863,10.53876539510727
24.567500483323336,19.038915944008828,11.581010615574717
23.877499661685228,19.407953477839232,11.864123368341327
20.347499918808936,12.660836067072749,12.775288685564398
6.954999872205257,7.844196410379409,13.828334106097817
6.985000029265582,2.115547234778255,13.817604073444604
6.9225000010654325,3.900872333225012,12.998768705770372
6.737500029222964,3.832060825982988,11.358922780626415
6.855000146027803,2.6757455190269646,10.617140800443886
6.97999980374962,2.7626191548769174,9.488659032340049
6.97249986415416,3.580299750329256,7.70561098604083
7.152500009159147,5.098761234222353,4.998122426438928
11.867500175080298,2.9373595346744357,2.0299468783288446
13.73749999821186,5.951060876283348,0.735
18.092499475444555,12.087873692557812,0.735
24.137500225517748,10.87384349587679,0.735
24.899999931674003,12.449154537850617,0.735
25.14250010487914,15.003686908566952,0.735
25.10749932362437,10.23335056808114,1.6454542741511762
24.592499218832256,14.230614249079228,3.6746946550734343
21.260000011588335,13.857878573653698,6.3035070064243675
17.64249991028905,12.158263567908406,8.289539410870075
17.980000381512642,14.110021981971263,9.210585575580597
23.655000390543936,10.845156187056302,10.121313941187857
23.797499242857693,16.351559850369693,11.26525327137947
24.439999915486574,16.32653719415188,12.911820118365883
23.087500708583594,19.00576184148073,13.944423698434829
23.240000011929272,9.120474670460224,13.772866766312719
13.040000034335256,10.087226133655905,12.35604477319181
6.807499997018575,6.132118316621483,11.559839990845918
7.020000013163387,2.1395486760655045,11.239941971940993
7.079999928605556,2.242353703378588,10.484600139243007
6.802500170181095,1.639039836391434,8.974520073068142
6.865000198381245,1.2696849544896929,6.605480440797508
6.97499997691214,0.735,4.138720327228606
7.135000017210245,2.909969924311489,2.4509857408951223
11.317500086390375,0.909868517553238,0.735
13.54249997401595,7.462383623285293,0.735
18.120000317103862,6.126273291403056,0.735
23.77499942407131,7.689501185957193,0.735
23.497500064325333,8.454746989494561,0.735
23.35750012873411,11.554258492103815,1.249951665356606
23.617500692566633,11.365728222306966,2.6535871683600543
23.55250015293002,12.567644174646734,3.8844407996067405
23.180000495165586,6.593941888183654,5.176779423639476
13.477500231736302,12.061803309290408,6.282658115230203
16.14249923348546,8.534095967683195,8.139191376610993
24.222500072504282,17.313665114541053,10.054911648010014
24.74750062832832,17.468090832309723,11.539458749510645
24.899999931674003,11.002198830378054,12.64282935477376
22.30999952852249,17.04479315713644,12.8597351668185
22.245000583599804,8.575530622273684,13.05885433708608
8.912500053759812,11.198829449563622,13.48431524170041
7.222499976954758,3.5496940006554127,13.155671811623574
7.145000069563686,2.63144297077924,13.34718898060441
7.182500166219472,1.8727152614068239,12.939053845442533
7.172500113866031,2.11598528275989,11.868449029866456
7.162500061512589,1.1898868151567503,10.137277027590274
7.112500198423862,0.735,7.674325888234376
7.135000017210245,1.8418911355946956,4.7152397111561895
11.597499957572817,0.9967663855796493,1.950463346152678
13.80999968008697,4.2798094524315005,0.735
17.624999519661664,6.950329353793561,0.735
23.522500394548178,6.582197218794823,0.735
24.57749933964133,11.818708307790756,0.735
24.292500040299892,12.249861543765068,0.735
23.957500080512762,10.932949972841739,0.735
24.459999222836494,9.139802603247166,1.1170295685184746
24.49999943225026,13.583079861941933,2.2643671344174443
23.519999883111716,8.009241328183412,3.5172443630042673
23.837499452271462,16.007329686377048,4.923801182581484
24.00500022952199,16.41770379989147,6.942182359022498
25.25250028208852,13.977102576212882,9.265901417542695
24.700000479319094,13.698426317589282,11.457704942721127
22.067499355317352,16.79499238357663,13.205963507360815
22.662499878937005,13.357356876598596,14.251481080805062
15.120000558210611,8.498356833880543,13.994984900825619
6.689999880213737,3.1663724148477614,13.5510779402256
6.765000073525309,0.735,12.788676308975814
6.720000037274062,0.735,13.005087759703397
6.755000021171868,0.735,12.79340463576734
6.484999803664387,0.735,11.76633551037967
11.330000251501797,0.735,9.702074812957047
11.512500110586284,4.588670057573915,6.9297571454656115
11.540000154888629,3.707583237732798,3.9149044204019012
13.34000001022458,6.16232618517071,0.735
13.432499796806573,5.358160989583135,0.735
13.27999969610393,2.975153856049627,0.735
13.042499748414754,6.606450425543189,0.735
13.227500118935703,2.6579929642599818,0.735
13.220000179340243,3.9692235661600535,2.2422614093101023
13.249999937722086,5.724347573591769,4.698276340443492
13.104999776614903,2.815655153942108,7.17394691807568
13.034999808819293,9.549956646239757,8.996891517383455
13.577499957913755,13.320603504738807,9.273333581796289
16.880000204132795,11.993036852716804,10.348988059020042
23.662500330139398,16.594441160203218,11.70957485760033
24.27499964967251,18.773982930002212,12.858091814117431
22.324999407713413,21.597125725039245,13.334119502621293
22.17250010436773,13.84581137337327,13.07398498281896
7.369999852141439,17.294408943880796,12.572244924324155
6.6124999728226665,6.103844038707912,10.803663325407504
6.769999900362789,6.954075735484957,9.98399153027892
4.109999928094149,5.867338395151794,8.699314709305167
2.702500034568757,2.102318484741747,6.600919558968246
2.8350000305645167,0.735,4.088154739374518
2.814999925857633,0.735,2.539604591798186
2.830000004387796,1.4747348160144313,1.7500478728022424
2.767499976187646,0.735,0.735
3.127500066858381,0.735,0.735
7.3050001098617905,0.735,0.735
7.184999880298972,11.462787296004295,0.735
7.0650000494146346,3.762590502550155,1.2576795493739097
7.479999630672335,1.7316684957925974,2.585744449828267
8.50249990066111,3.395802910730541,4.183113176152409
7.37249996489942,4.744405035476089,5.824670229339302
8.229999969074129,0.735,7.517010548831224
16.170000075144767,0.735,9.086100611778496
23.009999206478597,7.069022316615283,10.966652656960488
27.23250028242946,16.316407571291922,12.316273405226468
31.462499703261855,16.69763669308901,13.149383854612111
39.10249983344317,30.91702461533785,13.074767189999818
37.87250017150402,34.34853961026669,12.867875384055376
18.25749974125862,26.740355617629287,12.514355214084983
7.517500126006603,0.735,12.57473586747706
7.217500150117278,2.1281177666416764,12.754576541089415
7.264999900448024,6.978571737428605,12.230517663838862
7.365000025303959,4.719602449780107,10.724295210651755
7.440000218615531,0.735,8.537448853713274
7.237499856145679,0.735,5.812301229448319
7.319999989052713,1.6699461896403878,3.3299438169838487
7.379999904494881,5.190131963344514,1.01049836752953
7.43250027902007,3.4287786046381297,0.735
8.077499868371486,0.735,0.735
11.642500392502546,5.87498345371455,0.735
20.134999503985643,15.702544771351814,0.735
28.28750082223654,9.622717861198783,0.735
29.255001003620627,14.895418590681553,0.735
27.359999255552296,19.4669275935483,0.735
23.284999649502037,9.555864263979792,0.8679155809366981
6.625000137934089,6.386185747291148,1.0822786839194407
2.367499975112006,3.044387165125161,2.8521824751028415
7.324999815890193,2.3891366549857707,5.384986071216166
13.925000082812309,18.587028237564564,8.209648229946493
8.82000026717782,11.67555562276721,10.763529957380891
12.894999873228073,0.9981437948160989,12.82686013922751
6.832499928562939,15.82198406029105,14.164782863487005
6.829999815804958,11.487598652626872,14.340069034125804
6.814999936614036,4.8313655832350255,13.334569211948514
4.130000032801032,6.289064081072212,12.698989597759843
2.7574999238342044,2.9831172593799233,13.453325165970325
3.0149999762302637,3.0027294499242303,13.983050061801075
2.950000034611374,4.082485531366467,14.046577085769773
2.817500038615614,3.7343905781733993,13.175223004360198
2.7600000365921855,3.220711893208474,11.267564809215664
2.950000034611374,2.081823022021502,8.64251737810552
3.044999933951348,3.328868182440549,5.370138487205208
4.9900001497337225,7.502982647778391,1.674060750909522
4.732500097337663,8.21284164458394,0.735
4.699999827519357,0.735,0.735
13.719999607584477,5.0354821882691985,0.735
17.332500280724762,9.899907846443057,0.735
4.830000109435618,11.731955870199203,0.735
4.422500069094896,0.8737702118147909,0.735
4.597499988583922,0.735,0.735
4.4999999764859675,1.705035078839585,0.7497206049145758
4.582500109393001,10.697265606957673,0.735
5.319999884004891,6.0793910940402744,1.9520917484106868
5.5874999887543915,5.325123699850142,3.8854221466891468
5.282500186027587,7.839516722362637,6.7510949654448025
5.207499992716015,7.102896033802628,9.562460000779032
6.762499960767328,2.5325037293627854,11.93751290058732
7.015000186325907,0.9814771654807216,13.62441086012721
6.7799999527162305,7.554070105764866,14.31049825379014
6.625000137934089,7.783197007983922,13.90621833954513
6.894999956763088,7.612284340288043,12.444313783727289
6.817500049372017,7.778148941050171,13.212366283774971
6.737500029222964,6.702791080616712,13.920960672436951
6.747500081576407,7.833559668490886,14.063914815576672
6.867499912460744,8.516785348013043,13.617947484583855
7.315000162215233,7.459307420121431,12.279473786662816
8.992499675230384,6.6484647586458925,9.88037658763051
8.797499651034475,7.799199164877534,6.6443639517843724
8.737500134270787,6.202517760255635,3.0080723395951092
8.599999912759065,3.787459268874079,0.735
8.37249961874485,3.8412250488998,0.735
8.445000097976923,1.500635810761973,0.735
8.537499884558915,3.8586578635245563,0.735
8.585000033568143,4.01277679820165,0.735
8.50999984025657,5.953863187330366,0.735
8.70499986445248,8.10133844949901,0.735
9.067499868541955,7.395992094426453,0.9081147932062855
9.107500077955722,7.693456873851418,1.0307255196316725
8.957499691332577,11.176363917126656,1.8946222452910988
7.264999900448024,11.246646149287223,3.7301494364863634
7.005000133972466,0.735,6.056308407313824
6.832499928562939,5.6185155799072986,8.957643215585946
6.90000018227905,7.065202179404794,11.64330173625052
6.912499948711991,6.6758798844316605,13.577830063696503
7.040000117870271,6.669998978149891,14.349555987273455
6.8574998601073025,6.491661721091568,14.261417743279933
6.865000198381245,6.134586933779419,12.3487752697587
6.925000113823414,5.905925289348364,12.740567776603697
6.77250001312077,8.48503060695529,13.519184459056257
7.219999864196777,7.141490502890348,13.979024206494092
9.007500351778269,8.883048876968621,13.76349144313991
8.867499618830085,9.578192651019096,12.486722808526753
8.49250024698615,0.735,10.102993867602347
15.672500360980033,3.214757630086094,7.22932335916698
17.63499997069359,8.200469853943586,4.071665596715659
13.692500360639094,9.378012995990515,0.735
11.474999615252017,6.403820492566824,0.735
11.520000050181746,4.949072215493322,0.735
11.522499764261244,8.79367074289739,0.735
11.48749978036344,9.725865552666782,0.735
11.100000243408083,9.003448981048464,0.735
7.159999948754608,8.805860736150144,0.735
6.0524998317793015,5.839730707659424,0.735
3.129999980277121,5.39769354913801,0.8358200819055177
2.7825000547178087,0.735,0.735
2.8275000909690555,3.450396945301742,2.1146774180010706
2.8074999862621723,4.316024209662676,4.254519681631029
2.9900000446859,4.042879814310223,7.121852398244738
2.9775000789137183,4.010084522415549,10.172818416866063
2.770000088945627,3.6938876351943613,12.57200651459217
2.8949999460066853,3.117979425379038,14.195878190336227
3.030000054760426,2.75540546643123,14.550414990434646
2.832499917806536,5.494024635927976,13.44275859149456
3.1999999480727315,4.4152134224870805,12.377665904604791
5.097499815506637,4.236997363687158,13.065067342543005
4.892500137635768,7.801389504455328,13.749442810806036
4.664999843621552,0.969942599651683,13.917151698223948
7.720000089797973,2.395745847183764,13.412338625993131
10.15499988081038,3.902846987744272,11.986519256899953
10.169999760001302,4.863427705402076,9.739489193739294
10.21749990901053,6.91005804301232,6.76339937942177
10.449999631183744,7.339768062883317,3.121057821274549
9.310000041747093,9.217112739681005,0.735
9.457499916933774,11.284703997138738,0.735
9.777499997529983,11.11072868134737,0.735
9.707500029734373,11.123475229760407,0.735
9.802500327752828,10.201972179509998,0.735
15.489999704538583,12.639596072288155,0.735
25.222500523706675,8.508470509601235,0.735
13.150000211544633,22.011440376665593,0.735
7.342499807839095,12.004971691741346,0.735
7.51499961457014,7.6374776308959715,0.735
7.487500367624759,7.3356022714293,1.9529320629802345
5.142499851757885,6.243436923569441,4.074428239253759
2.912499937955588,3.625029083891511,6.8185964151963585
7.475000202513336,1.1629570305874943,9.710045193160772
7.727500029393434,6.170001543298066,12.03612283357799
7.929999993184804,5.949272005936503,13.792413174907564
9.597499852524995,6.545204241167605,14.266678704522848
9.522499659213423,6.392667462044656,13.559685408642888
9.442500037742853,2.6702282075203954,12.368643810566663
9.412500279361009,7.082074252745211,13.06838673958063
9.310000041747093,1.604860631817579,13.86043729214847
9.737499788116216,0.735,14.151396834789514
10.077499973419307,1.653565786537379,13.77063018003106
9.377500295463204,4.2104118878215555,12.502154057834744
9.300000388072133,7.55593990784347,10.334919492762088
9.467500367965698,8.667506545330882,7.423141301665008
18.44750033729553,7.470933682001233,4.216819049699009
23.519999883111716,14.07325266297221,0.735
25.09249944443345,18.001517856520415,0.735
24.389999255040884,14.199215926584005,0.735
18.800000687710046,14.079680954809188,0.735
3.722499992460311,12.418921951235532,0.735
3.1975000346539915,3.190039165549725,0.735
2.917499964132309,5.284019549720884,0.735
3.0324999681791662,5.559330563281477,0.735
2.8800000668157635,4.564343095306456,0.735
2.99249995810464,2.1492997537072003,0.9680925072405113
2.9474999218533933,1.6113432435976713,2.3922918961586057
2.7499999842387437,1.9545315610483287,4.3227566931810975
2.9425000950159133,0.735,7.009728062085509
3.499999923962057,0.735,10.025906991118193
12.357499949649572,0.735,12.460999275538326
16.717500449755192,4.18055326162219,13.955668026329278
16.814999664496185,13.195883320632577,14.297748515949248
16.942500232332943,5.025765197637678,13.799649986705184
17.452499314252137,4.7081308751511575,12.785893533174395
20.64999960877776,4.838052218728066,13.584891456962227
15.452500006561278,10.259559691460131,14.274033525151014
15.51750054619789,3.9853132329803707,14.222409445928335
22.30999952852249,0.735,13.41820637588501
18.434999374827147,4.270206882524192,11.559630285964607
23.03499953670144,17.71840669846773,8.964262873094082
26.24500079369545,18.13560299815893,5.49580353931278
23.637499999916553,20.345176420618294,0.735
23.820000656358005,4.143684273002744,0.735
18.694999938659667,13.09391332539916,0.735
19.24749974142909,11.996963038403392,0.735
17.022500651160478,12.410772165715098,0.735
16.44500051816821,11.02060820794344,0.735
16.077500288562774,10.469868171991706,2.0547575372640785
13.15499963970363,9.943804739335775,3.683697014526725
3.0075000366348026,6.838998387812674,5.890927004871369
2.9725000527369976,1.7535119901286809,7.005722140702605
2.79249990773201,0.735,8.703358903822302
3.4749999924176933,0.735,10.108667859752178
7.502500246815681,1.4143180323849618,12.195898019212484
21.692500780830382,2.251886006203517,14.192848233876228
24.582500362514256,10.560054826023578,14.862017307494877
20.280000462449788,7.360179205104708,14.076040222915411
12.394999647626877,4.808696326093972,11.94640901222527
12.180000316081047,2.0781795990479734,11.07583873271048
3.5025000367200376,0.735,10.448416877611875
1.9600000344409048,3.476635969566852,8.981337475103139
2.1999999952184406,0.735,6.1475053126180175
3.8574999018748106,3.479884601173997,2.9953696458150443
7.44499964677453,5.014805526179075,0.735
7.510000186411141,11.721400458720922,0.735
7.69999998509109,4.919188472549617,0.735
7.36750013806194,0.735,1.8071457079073785
2.730000078871101,5.36245754757911,3.0355723838974535
2.6349999801918864,2.260119813213944,4.960305380390286
2.605000022470802,2.5810396450671553,7.87587221309781
2.687499956038594,2.481149954150617,10.339786559665203
2.672500076847672,2.3035906184794754,11.917812602098584
2.7200000265176594,4.780501385198236,12.884023457273244
2.5300000284984705,1.3035146177048236,11.820715255267023
2.692499982215315,0.735,12.389969919903278
3.0600000124815105,0.735,13.054186609423756
5.602499867945314,3.90233647994861,12.718466636298894
9.347499739724396,4.297348514871597,11.429429867450594
9.497500126347541,5.6011722686016565,9.850811388793588
9.372500069947241,6.041131116198599,8.720045990347266
9.137499836337566,6.19857722214371,7.107857587505877
9.362499618915319,4.5656567409032585,5.093662933799923
9.435000098147391,5.311708168945015,2.6041663857658204
9.277499771928786,1.6840925978718697,0.735
9.249999727626442,5.225224041971565,0.735
4.360000040894747,11.438682397651077,0.735
4.750000089286566,6.264308938115537,0.735
4.795000125537813,8.207411643664836,1.0437540832356176
4.7824999604263905,8.418460868815183,1.7221507447322457
4.017499942172915,8.384420105344056,3.6862587231101096
2.642499919787347,1.2267867511933295,6.396467665331066
2.72500005269438,4.506140821137727,8.68550289198935
2.822500064792335,4.4726067780166865,10.322373080946802
2.6599999117362496,3.6964991785879437,10.920471336368323
2.652499972140789,2.487373723926544,12.141377939499616
2.78750008089453,1.5810843442028015,13.297036024978757
2.777500028541088,1.205007145083919,14.272826326708794
2.6625000244942307,0.735,14.126307200586796
3.3849999199151997,1.9725166450396925,12.75546399938941
7.874999904580116,0.735,11.561155629835127
9.435000098147391,5.507481230716706,11.030131839511395
9.455000202854276,7.76573249841988,9.977334396993518
9.367499844431281,5.191595910728872,8.124783136286736
4.172499956294298,5.533706301234961,5.6219067390716075
4.335000109350384,2.2803577296350896,2.641715121196359
4.332499996592403,2.585984852952659,0.8865868778057767
4.144999911991954,0.735,0.735
4.130000032801032,0.735,0.735
4.237500097252429,3.739773933710158,0.735
4.172499956294298,8.251980708477497,0.735
5.187499888009131,7.444364153274893,0.7532796450957376
9.76499983241856,9.400197061419487,2.239022046977654
9.802500327752828,10.817587570055126,4.347120732547343
7.749999848179817,12.38340767209649,6.162543863621653
7.552500109904408,5.304791894646585,6.999785818111896
3.499999923962057,5.511414592615962,7.979952812212705
2.8450000829179585,5.136169634827375,9.542951067961454
2.7550000104154644,4.297052296759785,11.061873822857738
2.8474999963366985,2.951543717692047,12.679634554836154
2.867499901704341,2.5000550884078443,13.305831669639348
2.8599999621088803,2.007818727556914,13.145105237147808
2.8875000064112246,0.735,12.944463115080595
3.0499999601280687,1.5746184769189355,12.080485382937193
7.542499658872485,0.735,11.901846326268315
9.600000363961458,5.395919429894984,11.373399593649506
9.567500094143151,7.8149828459632396,10.142624900742172
9.347499739724396,4.748613884206116,8.310804123720526
9.070000379978417,5.6100185454294085,6.424830848546028
9.187499699426294,5.478054771991372,4.724705135665834
10.547499643281698,4.458115213889778,2.8242789681771394
9.88750017473936,5.958863811524808,0.735
9.275000057849287,0.735,0.735
9.310000041747093,5.8103054449695355,0.735
9.310000041747093,11.329075317424536,0.735
17.022500651160478,9.295382096541523,0.735
20.172500796676875,14.92591430509448,0.735
20.632499218150375,14.790751136841774,0.9232935419897081
14.505000727241038,17.143871138664483,1.9812451123761383
13.627499821002482,5.252621625904143,3.8121330814205114
7.542499658872485,9.449771135889888,5.550355114625693
2.9299999299044908,4.981769831160009,7.7648259035527705
2.7574999238342044,2.2558798675623533,9.761001087248324
3.027499942002445,1.4308035371026768,11.444535795117616
3.039999907774627,0.735,12.98561949209094
2.9425000950159133,0.735,13.717542950780988
2.939999982257932,0.735,13.599102750116586
2.8350000305645167,0.735,12.951912023830413
7.987499795868993,0.735,12.74508799322784
9.872500295548438,2.429086531241238,13.367050345199704
13.34749994982004,5.398455423716307,13.449459579412936
19.192499652824402,6.741184217071234,12.674770677360891
19.327500160256623,9.794435859427452,11.016760960596203
19.96000038185358,9.569689636363982,8.661590156664252
14.41249934594512,9.610562154295444,5.41096595446825
11.047499868882895,6.356541610114872,2.717178379564285
10.160000106326342,4.781299938196838,0.735
10.08250019893527,6.266474958305955,0.735
11.657500271693468,5.94389742132634,0.735
19.89000041405797,9.158494245177506,0.735
19.879999963026044,14.592466001957655,0.735
19.799999544198513,12.450704599786997,1.515974068314135
17.829999994889498,14.979590781140327,3.2333113292618094
18.234999922472237,10.98703868243754,4.871252169281543
9.247500013546944,5.810096537445188,6.476755132665336
2.597500082875341,3.732932810305506,7.478911238417625
2.8599999621088803,0.735,9.126913327937721
2.810000099020153,1.5626259291841833,10.987497162691355
2.690000068796575,0.9739996266324444,12.837002519798874
2.6249999278384446,3.5127819547599555,14.233554901559353
7.49500030722022,2.3170773134935647,14.396965237588882
7.659999775677322,4.381617982879877,13.39241187812686
7.985000081789493,4.20406492639482,11.288553636556863
9.782500223045945,4.21621345708549,10.764238807721137
16.214999712717532,5.3548770749303705,9.860000130437015
19.43000039787054,10.322986248451471,8.405631395277977
19.322500732097627,12.683445123763084,5.984934194792212
19.75750041806221,11.867152527444363,3.8229685645321014
19.265000132056475,12.194376662126778,2.458870803903788
11.572499627349972,11.115232950832247,0.735
10.227500360042452,5.619617527230382,0.735
9.89749982841432,4.494404125318527,0.735
10.252499892908334,5.845237653525472,0.8715579449205099
19.84250026504874,10.658123353636265,1.9150527234188466
19.867500595271586,16.227065318284033,3.9904300719521943
20.78249960477352,16.06581581962466,6.437441048918367
18.340000671522617,18.775111987462044,8.344483684487342
10.375000235229134,7.399479733783304,10.075359867330192
3.260000062854141,7.804057460854053,10.503349988231658
2.9425000950159133,4.4526218230921035,11.397482166007757
2.9649999138022958,4.065023812551797,12.46404597649455
2.822500064792335,4.30216973374933,12.871189996951221
2.822500064792335,5.803129232301116,12.569995580331087
2.822500064792335,5.854844608896077,12.284848769951463
2.875000040639043,3.6522606182365123,12.187391017772555
2.800000046666711,2.028660940886512,11.4948179225713
2.8424999701599774,0.9550672078166342,10.764052226191758
3.119999927923679,3.3925395280195776,9.205227336788177
7.322500101810693,1.4211217796819655,6.901007244123518
7.130000190372765,3.9833786456485094,4.59872393152237
11.27749987697661,3.45321719688043,2.7582223292428254
17.63499997069359,7.076507903785407,1.1865313875513523
18.979999238001106,8.486217074116468,0.735
19.710000269052983,6.966023730899393,0.735
14.007500215719341,9.61355862176299,0.735
14.550000364813805,7.299134353362321,0.735
16.797499273868798,10.621653840855359,0.735
11.872499603239298,12.777641685962676,1.1348209944374112
27.305000761661532,14.603853854105472,1.7614513730804622
25.09249944443345,24.795499922796488,2.938142937890738
8.02500029120326,12.884177347167133,4.343098465346694
7.56749998909533,4.02127124126941,6.07417558214426
2.9550000607880946,5.952465021895469,8.44065609724164
2.9550000607880946,1.059832886067312,10.748101897500753
3.177499929947108,1.0283460071143693,12.4743358681041
3.027499942002445,0.735,13.451604469643831
2.9850000185091794,0.735,13.468728507784604
3.0499999601280687,0.735,13.10406208482623
2.867499901704341,0.735,12.351268604982495
2.9675000265602764,0.735,12.967910991296172
3.0925000829605755,0.735,13.611640391005277
3.797499986432642,0.735,13.66214179162383
7.350000146113038,4.266251593308449,12.807533801154493
19.30999976962924,11.419028345866202,11.097492555758953
24.462499734272956,16.41401203715205,8.87487198131144
25.647499758639334,18.179395437289475,5.8599449027109145
24.6075006927371,18.920218197045326,2.3880856388387084
23.032500619978904,11.324432307828069,0.735
5.980000149904192,12.904712478396297,0.735
2.300000020404756,6.352468312068582,0.735
2.6349999801918864,8.928040540971756,0.735
3.392500058849901,3.717551595146954,0.735
2.8350000305645167,9.438221420278548,0.735
2.7825000547178087,4.880189743481576,0.735
2.702500034568757,7.952837093966603,0.8405181838846578
2.864999988285601,8.604949904786348,0.735
2.8024999600854517,5.752554873520434,1.213192163815163
2.7425000446432826,4.419625198564232,3.1685826883496344
2.8424999701599774,4.192521589639187,5.692252361110747
2.800000046666711,4.386174479245842,8.730913168398141
2.605000022470802,4.187830738624931,11.41188402747631
2.8424999701599774,4.634989320920706,13.464643648062347
2.9725000527369976,5.332386027070582,14.413886747061014
2.862500074866861,5.667347713723481,14.214885585623978
3.0324999681791662,6.306653775679469,12.707264568323492
4.875000145686865,5.748720383884609,12.771360905163883
14.712500119191407,7.054929829648435,13.580082597117423
20.95000038202405,18.407685114697216,14.213410475242137
15.602500393184423,21.642295997002122,13.921195095384121
13.910000203621387,8.72116308745265,12.902085984559655
13.557499853206872,12.87083597045958,10.795722447411418
14.024999808989763,12.670613258154988,8.021537369912267
14.249999591567516,12.813983621629475,4.577839557943344
13.79000037273705,12.907550271828175,0.735
15.277499289715289,11.393697909860611,0.735
23.777499935507773,11.714148497141004,0.735
25.139999593442678,16.957439512394664,0.735
25.164999923665523,17.02760214101076,0.735
20.689999818191527,16.868923321200608,0.735
18.31749925802231,12.00739406219542,0.735
17.160000075315235,10.209402749049662,0.735
9.304999816231131,9.505914634379744,1.114900500839818
6.687500166134239,5.2304750362524395,1.132217250191625
6.520000186240673,4.047173182878345,2.670371532434523
6.564999823813439,4.174242579937279,4.780910429320335
6.432499827817678,4.611050671494305,7.442507906264662
6.627499852013588,5.2732173562625055,10.340390956243276
6.935000166176855,5.021203119772971,12.714335529872775
11.505000170990824,5.493236847248376,14.213207946573496
13.122500167242288,7.757769294428825,14.365715223488808
13.415000203536152,8.358393576709627,13.369020614255666
13.847500175421237,8.592116444464326,12.568657615346908
14.389999527158738,8.254726008501649,13.116343774129748
13.762500328434704,9.889879487917423,13.727233229954242
14.127500046603679,10.139904318783879,13.723964863762259
16.922499330269098,10.815272045434117,12.835142286003828
18.622499459427594,12.434718390032648,11.005533377197981
20.804999423559902,13.738515830982923,8.416528075536489
23.88499960128069,15.00736591359496,5.259074237128496
24.67999957725525,16.221605017800332,1.5538518131615966
34.117500646049976,16.792137845648526,0.735
36.232499559109215,21.62930067321658,0.735
29.785000987603667,21.717301771812437,0.735
28.32499892549992,18.12112777984977,0.735
24.287500612140892,16.678079121496676,0.735
8.325000267092586,13.647651423532366,0.735
6.747500081576407,2.8162649326796827,0.735
6.520000186240673,2.1848611765766885,1.239435125030279
6.5725001620873815,2.2977666235509515,0.832515168109606
6.455000045282543,2.0313641803308573,2.003898522047549
6.5700000493294,2.229329973751232,3.856342737582028
6.6124999728226665,1.9473657140204308,6.56360125970006
10.94750014270544,3.0841228513664007,9.643382164255977
12.970000066539646,5.1693201492491365,12.158165493001936
18.010000139894483,5.042975350330472,13.865333861259222
20.212499411376715,13.145940069888233,14.373428854750394
18.51499979365468,12.545492800853252,14.000648527334928
14.285000372822283,8.211453446111083,12.34136622885704
13.40000032434523,7.317981479900479,12.938805070070028
13.314999680001735,9.70904211810112,13.695827731246352
13.632500046518444,10.783343480558395,14.07686309530139
13.925000082812309,12.155166633463502,13.653601301191449
16.592500393354893,12.03810267091751,12.359767632852792
24.049999867094755,12.219845040886998,10.186277802404165
23.527499822707174,17.988809581241608,7.09390463800758
23.21000025354743,16.249799560017586,3.6975736170957987
18.747499515827894,16.398288157838582,0.735
16.807499724900723,13.653692997242212,0.735
17.039999447073935,11.850856145831346,0.735
6.947499932609796,11.533287206615805,0.735
6.252500081491172,5.758253982414604,0.735
6.325000162044764,5.762250734192431,0.735
6.427500000980198,5.5586918803539875,0.735
6.567499936571419,5.6353338316527015,0.735
6.1774998881796,5.710869051486552,0.735
6.405000182193816,4.756014552859664,0.735
10.797499756082296,6.344491553009153,2.2324629885987193
12.947500247753261,7.8750110675776,4.515258199332953
13.497500336443185,8.434459836280942,7.366406164308488
15.5875005139935,11.191075153096914,10.134366674674748
16.11000055838108,13.38501559493661,12.325263604986072
15.957499660321474,11.755490658323763,13.857963093491792
13.982499885496496,12.108480585913657,14.271864714211224
13.610000227732062,10.02948233974099,13.216013394524454
13.66750003041625,9.75166961870849,12.294394727514385
13.912499917700886,9.522797870717644,13.086751465156079
16.6250006631732,9.505820546258091,13.794729496885537
24.459999222836494,11.721386903652549,14.069280230581759
23.762500056316853,15.832633559890985,13.62237520780027
24.319999287245274,16.964464227240086,12.245533490169048
25.507499823048114,21.673992531001566,10.134911269480586
25.542500604302884,11.874255383272171,7.290775261639058
22.03749959693551,12.44223347941041,4.066979729182423
8.43750015838146,12.05864976250112,0.735
6.159999896230698,5.036494034255445,0.735
6.347499980831146,3.5299125710956756,0.735
6.245000141895711,3.686253540289849,0.735
6.17250006134212,7.528638405424952,0.735
10.292500102322101,6.487330478067697,0.735
10.90249970777571,7.582271026837825,0.735
11.162500271608232,8.104149930151104,0.735
12.729999607414006,5.068788984655738,0.735
16.92499984170556,7.464180068523287,0.735
16.18750046577215,10.738331882631183,1.9095788678667693
12.967500352460146,10.6091241735363,3.9191248308078945
13.529999808904527,9.11533969161749,6.461362953848541
13.025000155144333,10.061659679989218,9.330008120023608
12.914999977934956,6.224961365376115,11.767787497409582
12.789999921534656,6.020931273572445,13.643848030818104
13.26000038875401,5.448299403518736,14.163081303727626
17.355000099511145,12.190984705605507,13.909989837980866
24.407499645668267,16.20254499695301,12.455809279065132
23.797499242857693,19.69612625789404,13.189779553079605
24.049999867094755,19.491733368672133,14.033006070256828
22.165000164772273,18.164325390685796,14.517731328514813
29.83999948149443,9.178954424852133,14.262632915291785
31.687501080553535,19.527694167710543,13.09883222050488
31.05000143079758,17.799344809083937,11.085903769656419
12.302499861044883,16.86979722443223,8.211076296267509
10.9574997963804,4.3783069580903655,4.49773029989034
6.699999932567179,5.4011524836441875,1.154913891560882
6.5000000815337895,1.9139878531945496,0.735
6.667500061427355,1.4792553814822433,0.735
6.329999988882244,2.129057152813896,0.735
6.5000000815337895,1.552390905700661,0.735
6.97499997691214,2.297620408217832,0.735
10.717500134611726,2.1673969660215078,0.735
10.312500207028984,3.818279706910253,1.299295203995034
19.949999930821658,3.387163348695487,2.4477167766854167
31.09250055693388,10.820988297502995,3.2828042726612088
21.919999480130674,18.805232944102286,5.233925997188986
19.23500037367463,8.239645596257448,7.636494489760398
30.839999932696823,6.961775412999689,9.916662708309888
7.457499811885953,18.96880115681052,12.286947413478494
8.527500230883955,0.735,14.022034438443779
11.992500231480598,5.694686691919268,14.915556638143062
30.52000144681454,9.284176839138269,14.77036431400776
36.61999909606457,18.23395697956443,12.371594828687309
35.77000062619925,20.718068378008603,12.624537986038924
27.964998635489945,18.680124447155,12.82830734211564
15.680000300575495,16.297336387447118,12.231566188245415
11.127500287710427,6.955951916419267,10.519854480012059
10.89250005410075,4.160053214099407,7.640731644662618
10.397500054015516,5.331834256052077,4.308337688537836
6.590000154036284,3.83868227754429,0.735
6.479999976826907,0.735,0.735
6.309999884175361,4.327308804083764,0.735
6.299999831821919,3.828011647984833,0.735
6.360000145942569,4.964776160882711,1.1097871503047085
6.8924998440051075,5.331923161353469,3.195344978121817
10.905000219212173,10.757808123813271,6.717033072014153
24.062499234849213,9.65333238179922,9.773378459387422
35.912501073226935,15.14381761070013,11.52782132463336
36.63499897525549,19.492393580237625,11.473495800019503
34.94999872528792,25.867302368531227,11.658660426074862
34.367500758850575,19.42443803569555,12.530989675050378
27.939999899981025,20.098558696055413,13.511644651612638
28.382501120254997,17.915999727507828,13.168010910628437
31.02499950586081,18.99368347820282,11.43126458582282
26.4750000044322,19.035834956703187,8.944803376408219
26.407500548073052,15.52549006296873,7.89775009345293
29.767500596976284,17.095406187729836,6.495434016884268
36.949999627692705,20.679056891229152,4.91024491817236
36.892500622365475,21.99474372185707,2.348136061592102
21.252500071992873,22.24096117322445,0.735
10.555000380234121,11.690107387344836,0.735
6.514999960724712,5.063558322977424,0.735
6.4650000976359845,2.8173888073192535,1.5072304013605786
6.247499855975211,3.724654052296281,3.7419802204272155
7.194999932652413,2.733721144478917,4.82519005355537
10.82250008630514,3.4604270978805425,6.927539297072589
10.809999921193718,6.012456565089524,9.402807608116865
11.22249978837192,8.039367068965435,11.223366515390872
10.667500271522998,8.905905911674498,12.31239745302856
16.170000075144767,6.002505948867798,12.251168411827683
19.315000792502165,8.83067926898539,12.781351787912248
19.187500224665403,10.357750214688181,13.339228168684244
18.932500683705808,13.564984643020033,13.463583960658312
19.277499499810933,14.526156202187538,12.274298939971922
19.077500047456027,15.024169414236544,10.651892008969186
19.04000034947872,15.513886924440861,9.969962831869125
11.444999856870174,12.548656713283062,8.936773991789222
9.479999735720158,10.43619897686541,7.176332610109448
20.499999222154617,10.496500691918135,4.765973940007985
20.23250031344056,17.864759974341393,1.7599173579529672
19.860000655676124,17.073813761167525,0.735
15.072500409201384,16.365030398905276,0.735
18.525000244686602,12.975183684157132,0.735
17.217500675356387,14.908523949728012,0.735
10.872499949393868,12.502686692286133,0.735
6.90000018227905,8.385911162865161,1.4782864931023865
7.024999840000867,5.527763998467028,3.0940019048006833
7.10499986014992,6.244459135196209,5.416315821012557
7.047500057465731,6.606848306667805,7.550111228442788
7.009999960809946,7.263736887018382,8.683550164786576
7.187499993056952,9.50634042299807,9.507442370321154
7.475000202513336,8.029419243493079,10.84180728781104
9.062499643025994,6.9020944403427835,12.674321765390633
12.377500054356455,8.42220206768632,13.783964380525946
18.552499491631984,6.716581767973005,14.043144464043378
18.6549997292459,15.322090680522917,12.984950509598852
18.279999560045002,15.298249707324505,11.889531147972345
15.79499990594387,15.206561630131006,11.683559491963386
9.342500311565399,13.352831875832676,11.055113033167123
9.452499691417813,8.457960338056086,9.902285564907192
9.752499667307138,8.254242810181974,8.255412532846927
11.01500039642155,9.462209107158184,5.8083407574123145
17.37250049013853,13.61425731655836,3.6085467187668385
19.592500152248142,17.045064258503913,2.3969747736032305
19.614999971034525,17.306165174945594,0.735
18.714999246009587,16.503266580893992,0.735
18.34750061111808,13.839246733495592,0.735
10.484999615081549,15.12078834689021,0.735
7.51499961457014,6.955351905304491,0.735
7.157499835996627,7.161309208888113,1.2971967099724335
6.915000061469971,6.683030182998777,2.3749616415732353
6.8375001540789,6.666080367354453,3.549352133857459
7.057500109819173,6.958780141567587,5.058494707582891
7.072499989010095,6.237305248522759,6.119318345291913
6.964999924558699,8.56050522765994,7.997010669725537
7.122499852098822,6.264408607735932,9.83417373840034
9.132499610821604,4.88622573569268,11.421418024684787
15.37750061060667,7.351939318247437,12.504784538456201
19.012499507819413,12.034511375155448,13.163552887847423
19.09500043808341,13.328306770359873,13.697277326205372
18.597500723918674,13.304762413951755,13.842424200993776
19.592500152248142,10.730410938559174,12.981859954009652
20.465000035613773,10.713643318980932,12.924585005989075
20.229999802004098,11.502462183777093,12.566902632670997
9.96749979620993,10.891380564924479,11.518020212842226
9.742500013632178,9.95532575009644,9.916630016674398
17.422499555870296,10.356688135213256,7.7037922148078675
18.932500683705808,14.612889503211974,4.778530717463791
19.692499878425597,12.583846468138098,2.0871926231506466
17.804999664666653,16.743476744900942,0.735
17.452499314252137,11.817476391282677,0.735
9.869999784111975,11.564185586295128,0.735
7.467500262917876,5.972010234454871,0.735
7.089999980958997,5.170410534896255,0.735
7.197500045410394,3.9861075998549165,0.735
6.960000097721219,5.640241563760936,1.4186231121334805
6.96750003731668,4.536847835145891,2.6385284840931
7.085000154121517,3.0390470662036537,3.772553278465569
7.069999876252115,5.627953894280195,5.321571873257756
7.245000194419622,3.6589283165016773,7.644420217974186
9.037500110160112,4.667155498171449,9.852171679772734
12.572500078552364,8.587781214655637,12.064236045385002
19.082499475615023,8.153610779932738,13.643435797268152
19.272500071651937,13.22004722340107,14.543846363772154
20.437500788668395,8.80589980664134,14.10409443030715
20.645000180618762,9.437459944378734,13.345149341492652
20.577500724259615,10.937710991268753,12.397363013665675
20.32249958858609,11.571489376077652,12.329841231311558
20.390000639659167,11.6519634249413,11.742292008512615
19.372499797829388,16.994184910684822,10.542696364935637
20.027499838212727,13.47990346562326,8.433152170861362
19.96750032144904,13.769552950773834,5.429224232889116
19.087500498487948,13.75104230887413,3.003112380605787
17.17499995450616,16.460174221177102,0.735
17.675000180107354,8.729320049185752,0.735
11.622500287795662,10.035727239476442,0.735
6.937499880256354,7.109660012921094,0.735
6.424999888222218,3.76024587439999,1.2640409628956017
6.6124999728226665,2.940791757722348,2.983991361950785
6.492500141938329,2.342449909748584,5.669428815397322
6.584999928520322,5.357353266979456,8.136443684515953
6.539999892269075,3.2424211325658856,9.844416585949062
6.597500093631744,1.6907503291749952,10.06078418204367
10.587499852695464,1.768642237183079,10.952046672109365
12.34000035637915,8.275646263144015,12.193775454976558
18.644999278213977,8.53159226681888,13.195410487953424
23.86500029393077,11.525516963009833,13.06851272198081
23.762500056316853,13.406496391524076,12.528496339826583
18.687499999064208,13.658576808641552,11.908687649012208
21.270000462620256,5.131431739752293,10.2797679063344
20.8974992101419,11.168234862887262,9.20160972824633
21.212499862579108,9.760485994650125,7.615189111704826
20.70499969738245,10.285319902868867,5.372525773952901
15.320000010565519,17.784493238288164,3.2738794561725855
21.045000680042506,8.589278651032448,1.8882186715199798
24.392499766477346,17.027413964767455,0.735
25.044999295424223,18.403519721921683,0.735
22.684999697723388,15.16282181656003,0.735
15.742500328775645,14.20702524068117,0.735
13.222499893419743,12.759589524316787,0.7931259833036689
12.642500046347974,11.149505745179653,1.9812633519166707
12.182500030160545,9.117986119378209,3.558173493280113
12.0324996435374,9.45302913644135,5.040793781679273
11.837499619341493,7.604994902930855,6.567342059892714
11.910000098573565,7.155668307052254,8.158731406350135
11.895000219382643,6.292991861472726,9.652948055742979
11.842499844857453,6.661514701383412,11.263683275519012
11.805000146880149,5.277188592617512,12.64052897993505
11.759999711950421,6.843398602213859,13.15666611575663
11.747500344195961,5.7985320707300305,13.188541257715821
16.555000695377586,5.588952374462783,13.115798381966949
23.42000015693426,11.008062593485116,12.7170640854007
23.75999954488039,12.292314423197507,12.766302472589611
24.00999965768099,12.618521927751898,12.639927772784828
23.957500080512762,9.425794612007737,11.818572757107018
24.715000358510018,12.414743800748585,10.075595884991287
24.459999222836494,13.728658904204368,7.742771009951829
26.01499998824477,10.082868577852249,5.2687928224739435
30.33000085077763,26.159967457716466,2.571234147812724
33.657499035148625,21.59813677366853,0.735
28.162500765836242,14.912300232305526,0.735
21.120000075997115,21.54005888718605,0.735
13.369999768606423,12.77676379594624,0.735
12.717500239659547,10.063594067981839,0.735
12.154999985858202,8.399734940535426,0.735
12.160000211374163,6.3000911291942,0.735
12.13750039258778,4.860365854663551,0.735
12.067499627435208,3.202070484766811,0.9953203787269628
12.250000283876657,4.145766969390512,1.4404779189714787
12.01250033618748,4.382286168015003,3.259344236751944
12.102499611333013,4.187963897237778,5.801063280409575
12.117500287880898,4.8331444866198305,8.547343256269096
12.050000034164785,4.774181533908248,11.087828589365483
12.294999921449422,9.806097205013632,13.185664393792749
26.004999537212846,8.150206065700054,14.339463042833804
28.794999392719273,16.61715786008358,14.357357327800989
30.172500524559023,17.814143754320146,13.140438306842446
28.56500018198252,19.833306739263534,12.746866896612644
19.002500651501418,9.363926090522408,13.536355541257858
7.56749998909533,10.481708125537633,14.044145944389104
7.044999944707751,5.595129897534847,14.100961614798903
7.10499986014992,6.865240601505636,13.120957281518578
7.4475001582109925,7.993995863047838,11.210649469185471
7.547499884388446,8.73628894904375,8.624975524916053
9.435000098147391,10.672384082922338,5.4671537062695625
10.780000162811875,12.817596446029544,1.6940289613378792
7.595000033397674,13.575986574397682,0.735
7.484999856188296,8.729206027140021,0.735
7.5875000938022135,6.593840225170851,0.735
6.740000141980945,7.214446671626865,0.735
6.124999912332893,6.944527385851145,0.735
6.097499868030548,6.273739278918803,0.735
6.187499940533042,5.711448729998768,0.735
6.072499936486185,5.845052268031537,0.9404462351463454
6.085000101597608,4.57569466771245,0.735
6.347499980831146,4.2798907828417425,1.7856030164856462
9.532500110245346,9.720445120031236,3.8174327144761384
19.634999278384445,11.232796058837176,6.554133044441045
24.810000656528473,10.895233393770456,9.389893614741563
16.377499467095134,14.147931521427632,11.890030293431282
17.12749980549693,8.407709307523966,13.683662456059455
18.02750053052187,9.262187328808308,14.440992099666595
16.244999471099376,8.849765602612495,14.146228366954325
15.06249995816946,6.665879433399737,12.422102608161568
15.297500191779136,7.079879926382601,13.038430835831761
18.44249931442261,12.803110862079858,13.751775877280235
25.565000423089266,11.326648162828683,13.84018283057034
25.83999927139878,16.759245276204346,13.36534001451373
25.054999746456147,14.618826623159647,12.145787323505878
23.972499959703683,14.519590764952898,9.904664080728292
23.09250013674259,15.85796240118265,6.909764615649879
22.74749972592354,9.990267526935934,3.4613408689603213
13.937500247923731,12.795504076651333,0.735
11.762500223386883,6.677791149072349,0.735
11.88499976835072,6.885257450708746,0.735
11.737499893164038,6.789622456547617,0.735
11.762500223386883,7.012381267380416,0.735
11.770000162982344,6.10786869797945,0.735
10.465000307731628,7.218742432265877,0.735
10.76999971177995,4.3978481838649515,0.8630940256739965
12.612500287966132,3.105205567490011,1.181122167748101
12.839999784623384,5.064420265854597,1.8514952005463092
13.264999816913008,4.010443931066692,3.459616385188252
13.65750037674129,3.0729570631328222,5.894568135443628
14.112500167412758,3.577208397383094,8.64923670523405
14.557500304409265,3.8425129797345403,11.311544627232552
15.282500312588214,2.953249862253964,13.4323347439152
15.152499233314991,3.5271874043348435,14.408542860693931
14.995000501810312,4.673081056443155,14.218169101598262
19.57000033346176,4.117921270844638,12.678763841032385
24.859999722260238,15.49774841950655,12.69228223098576
23.30749946828842,16.004527774008512,13.399659852921962
24.327499226840732,10.909556316899657,13.843330795860886
22.900000623983143,16.488505908792018,13.645736969463824
23.025000680383442,15.324782557630538,12.600255277082919
20.725000599446297,8.111925755255818,10.31123639624238
11.814999800555109,11.49412342465639,7.476499233604073
11.747500344195961,6.396222876743376,4.767113761786819
11.95499973614633,6.721097599133849,0.8220702466348837
11.987500005964636,6.75657639588803,0.735
10.852499844686985,6.646053551189303,0.735
10.640000227220654,4.509608925248981,0.735
10.655000106411576,5.90485603366077,0.735
10.912500158807635,3.9643917823025587,0.735
12.60999977652967,6.128051397430897,0.735
17.17750046594262,6.019043530962169,0.735
20.062500619467496,6.929435013252496,0.8748418097384645
18.762499395018814,5.857192426474095,0.735
14.635000211800337,6.093457268227339,2.2047598176100105
14.20499995399475,4.631806670602262,4.378899394313991
14.149999865390061,4.941793143776655,7.19052197594732
14.300000252013206,5.06213823022604,10.11725619160235
13.917500143216849,6.193984844714404,12.536401336759328
14.397499466754198,10.773716989942193,14.193307511487006
25.74250005665779,9.292041170865893,14.363439566715956
24.929999690055848,16.527155395510196,13.598565331523417
24.815000084687473,13.889707468909025,12.356466575025319
24.280000672545434,15.271527086061239,13.144472933076024
22.377500579595566,16.918652880278824,13.795307580683827
19.402499556211232,8.533415024836659,14.053615355683565
11.685000315995811,10.89032805373311,13.668002365303039
11.910000098573565,7.314267391166091,12.253496694160104
