task_id,y_true,y_st,y_lt
0,2.975,3.8809211,3.881164312362671
0,2.5,3.8514888,3.85166597366333
0,2.575,3.8226197,3.8225200176239014
0,2.325,3.7940297,3.793919086456299
0,2.0,3.7657905,3.765653610229492
0,2.05,3.7378254,3.7377612590789795
0,2.05,3.7100182,3.710066556930542
0,1.9749999,3.6824734,3.6824138164520264
0,1.9250001,1.175,1.1749999523162842
0,1.95,1.175,1.1749999523162842
0,2.275,1.175,1.1749999523162842
0,2.05,1.175,1.1749999523162842
0,3.175,1.175,1.1749999523162842
0,6.025,1.175,1.1749999523162842
0,8.7,1.175,1.1749999523162842
0,6.825,1.175,1.1749999523162842
0,6.0499997,1.175,1.1749999523162842
0,5.35,1.175,1.1749999523162842
0,7.1000004,1.175,1.1749999523162842
0,4.675,1.175,1.1749999523162842
0,3.45,1.175,1.1749999523162842
0,3.0,1.175,1.1749999523162842
0,2.4,1.175,1.1749999523162842
0,2.225,1.175,1.1749999523162842
0,1.85,1.175,1.1749999523162842
0,2.175,1.175,1.1749999523162842
0,1.5749999,1.175,1.1749999523162842
0,1.725,1.175,1.1749999523162842
0,1.625,1.175,1.1749999523162842
0,1.8249999,1.175,1.1749999523162842
0,1.5749999,1.175,1.1749999523162842
0,1.5749999,1.175,1.1749999523162842
0,1.775,1.175,1.1749999523162842
0,1.625,1.175,1.1749999523162842
0,1.875,1.175,1.1749999523162842
0,1.375,1.175,1.1749999523162842
0,3.3249998,1.175,1.1749999523162842
0,5.3999996,1.175,1.1749999523162842
0,8.55,1.175,1.1749999523162842
0,7.625,1.175,1.1749999523162842
0,6.5250006,1.175,1.1749999523162842
0,7.1749997,1.175,1.1749999523162842
0,8.724999,1.175,1.1749999523162842
0,4.575,1.175,1.1749999523162842
0,3.575,1.175,1.1749999523162842
0,2.95,1.175,1.1749999523162842
0,2.9250002,1.175,1.1749999523162842
0,1.95,1.175,1.1749999523162842
0,2.1499999,1.175,1.1749999523162842
0,2.4750001,1.175,1.1749999523162842
0,2.225,1.175,1.1749999523162842
0,1.5749999,1.175,1.1749999523162842
0,1.675,1.175,1.1749999523162842
0,1.625,1.175,1.1749999523162842
0,1.3,1.175,1.1749999523162842
0,1.375,1.175,1.1749999523162842
0,1.5999999,1.175,1.1749999523162842
0,1.5999999,1.175,1.1749999523162842
0,1.7500001,1.175,1.1749999523162842
0,1.95,1.175,1.1749999523162842
0,3.3749998,1.175,1.1749999523162842
0,5.1749997,1.175,1.1749999523162842
0,6.0,1.175,1.1749999523162842
0,6.2000003,1.175,1.1749999523162842
0,5.0499997,1.175,1.1749999523162842
0,4.4249997,1.175,1.1749999523162842
0,5.6499996,1.175,1.1749999523162842
0,4.2000003,1.175,1.1749999523162842
0,3.3249998,1.175,1.1749999523162842
0,2.625,1.175,1.1749999523162842
0,1.875,1.175,1.1749999523162842
0,2.275,1.175,1.1749999523162842
0,2.95,1.175,1.1749999523162842
0,1.9250001,1.175,1.1749999523162842
0,2.425,1.175,1.1749999523162842
0,2.1000001,1.175,1.1749999523162842
0,1.4,1.175,1.1749999523162842
0,1.625,1.175,1.1749999523162842
0,1.5749999,1.175,1.1749999523162842
0,1.4499999,1.175,1.1749999523162842
0,1.375,1.175,1.1749999523162842
0,1.4,1.175,1.1749999523162842
0,1.95,1.175,1.1749999523162842
0,1.475,1.175,1.1749999523162842
0,1.725,1.175,1.1749999523162842
0,1.7,1.175,1.1749999523162842
0,1.7,1.175,1.1749999523162842
0,2.8,1.175,1.1749999523162842
0,2.4750001,1.175,1.1749999523162842
0,2.4,1.175,1.1749999523162842
0,2.05,1.175,1.1749999523162842
0,2.075,1.175,1.1749999523162842
0,1.8,1.175,1.1749999523162842
0,1.675,1.175,1.1749999523162842
0,2.0,1.175,1.1749999523162842
0,1.625,1.175,1.1749999523162842
0,2.075,1.175,1.1749999523162842
0,1.95,1.175,1.1749999523162842
0,1.3,1.175,1.1749999523162842
0,1.5999999,1.175,1.1749999523162842
0,1.275,1.175,1.1749999523162842
0,1.4,1.175,1.1749999523162842
0,1.4499999,1.175,1.1749999523162842
0,1.375,1.175,1.1749999523162842
0,1.7500001,1.175,1.1749999523162842
0,1.4499999,1.175,1.1749999523162842
0,1.5749999,1.175,1.1749999523162842
0,1.5749999,1.175,1.1749999523162842
0,1.85,1.175,1.1749999523162842
0,1.775,1.175,1.1749999523162842
0,2.125,1.175,1.1749999523162842
0,2.45,1.175,1.1749999523162842
0,2.55,1.175,1.1749999523162842
0,2.95,1.175,1.1749999523162842
0,2.625,1.175,1.1749999523162842
0,2.625,1.175,1.1749999523162842
0,2.4750001,1.175,1.1749999523162842
0,2.4750001,1.175,1.1749999523162842
0,2.225,1.175,1.1749999523162842
0,2.25,1.175,1.1749999523162842
0,2.1499999,1.175,1.1749999523162842
0,1.5999999,1.175,1.1749999523162842
0,1.9250001,1.175,1.1749999523162842
0,1.9000001,1.175,1.1749999523162842
0,1.5500001,1.175,1.1749999523162842
0,2.025,1.175,1.1749999523162842
0,1.675,1.175,1.1749999523162842
0,2.05,1.175,1.1749999523162842
0,2.1000001,2.1979673,2.1979153156280518
0,1.5749999,4.2799425,4.280027866363525
0,1.5500001,4.246374,4.2464280128479
0,2.0,4.2132363,4.213180065155029
0,2.7500002,4.1803255,4.180347442626953
0,4.95,4.1478024,4.147839546203613
0,4.475,4.115724,4.115720272064209
0,5.55,4.0839586,4.083910942077637
0,4.9249997,4.0524898,4.052404880523682
0,5.85,4.021395,4.021429061889648
0,5.6,3.990589,3.9906399250030518
0,4.15,3.9601293,3.960186243057251
0,3.275,3.9300787,3.9300308227539062
0,3.4,3.9003801,3.900322914123535
0,2.425,3.8708413,3.870847225189209
0,1.8249999,3.8416574,3.8416528701782227
0,1.475,3.8128633,3.8127942085266113
0,1.7500001,3.7842824,3.784346342086792
0,1.875,3.7560666,3.7561140060424805
0,2.025,3.728296,3.7281723022460938
0,1.4499999,3.7005858,3.7005937099456787
0,1.325,3.6733048,3.6732916831970215
0,1.5250001,3.6463096,3.6462831497192383
0,1.85,3.6195164,3.6195995807647705
0,1.475,2.1694515,2.1693694591522217
0,1.65,4.359351,4.359488487243652
0,1.8,4.3249526,4.3253560066223145
0,1.3,4.290889,4.29067850112915
0,2.325,4.257325,4.257484436035156
0,3.6499999,4.2238517,4.224153995513916
0,4.1749997,4.19118,4.190859794616699
0,5.55,4.158202,4.158388614654541
0,5.6749997,4.126147,4.126308441162109
0,5.225,4.094214,4.094348430633545
0,5.35,4.062851,4.062721252441406
0,4.7,4.0315213,4.031590461730957
0,4.3749995,4.00041,4.000339031219482
0,3.6,3.9702883,3.9702138900756836
0,2.275,3.9399107,3.9397809505462646
0,2.075,3.9096422,3.9099299907684326
0,2.5,3.8803706,3.8805673122406006
0,2.45,3.8510077,3.8511106967926025
0,2.0,3.8219242,3.8221399784088135
0,1.9250001,3.7936156,3.7935872077941895
0,1.5,3.765152,3.7652037143707275
0,1.95,3.7372355,3.7374069690704346
0,1.5,3.7096925,3.7097578048706055
0,1.675,3.6822495,3.6824631690979004
0,1.775,1.175,1.1749999523162842
0,1.875,1.175,1.1749999523162842
0,1.9000001,1.175,1.1749999523162842
0,1.5999999,1.175,1.1749999523162842
0,2.075,1.175,1.1749999523162842
0,3.125,1.175,1.1749999523162842
0,4.6,1.175,1.1749999523162842
0,4.8999996,1.175,1.1749999523162842
0,5.275,1.175,1.1749999523162842
0,5.225,1.175,1.1749999523162842
0,4.75,1.175,1.1749999523162842
0,4.675,1.175,1.1749999523162842
0,4.5499997,1.175,1.1749999523162842
0,3.275,1.175,1.1749999523162842
0,2.45,1.175,1.1749999523162842
0,2.2,1.175,1.1749999523162842
0,2.775,1.175,1.1749999523162842
0,1.8,1.175,1.1749999523162842
0,1.9749999,1.175,1.1749999523162842
0,1.7500001,1.175,1.1749999523162842
0,1.65,1.175,1.1749999523162842
0,1.475,1.175,1.1749999523162842
0,1.3,1.175,1.1749999523162842
0,1.5749999,1.175,1.1749999523162842
0,1.4499999,1.175,1.1749999523162842
0,1.4499999,1.175,1.1749999523162842
0,1.7,1.175,1.1749999523162842
0,1.325,1.175,1.1749999523162842
0,3.3749998,1.175,1.1749999523162842
0,4.75,1.175,1.1749999523162842
0,3.9499998,1.175,1.1749999523162842
0,5.1,1.175,1.1749999523162842
0,4.125,1.175,1.1749999523162842
0,3.925,1.175,1.1749999523162842
0,6.25,1.175,1.1749999523162842
0,5.75,1.175,1.1749999523162842
0,4.275,1.175,1.1749999523162842
0,3.425,1.175,1.1749999523162842
0,2.625,1.175,1.1749999523162842
0,2.1000001,1.175,1.1749999523162842
0,2.375,1.175,1.1749999523162842
0,2.6,1.175,1.1749999523162842
0,1.725,1.175,1.1749999523162842
0,1.5250001,1.175,1.1749999523162842
0,1.4499999,1.175,1.1749999523162842
0,1.275,1.175,1.1749999523162842
0,1.275,1.175,1.1749999523162842
0,1.65,1.175,1.1749999523162842
0,1.775,1.175,1.1749999523162842
0,1.325,1.175,1.1749999523162842
0,1.5500001,1.175,1.1749999523162842
0,1.675,1.175,1.1749999523162842
0,2.6750002,1.175,1.1749999523162842
0,3.875,1.175,1.1749999523162842
0,3.825,1.175,1.1749999523162842
0,5.975,1.175,1.1749999523162842
0,3.875,1.175,1.1749999523162842
0,5.45,1.175,1.1749999523162842
0,3.525,1.175,1.1749999523162842
0,3.75,1.175,1.1749999523162842
0,3.3249998,1.175,1.1749999523162842
0,3.275,1.175,1.1749999523162842
0,2.625,1.175,1.1749999523162842
0,2.575,1.175,1.1749999523162842
0,2.4750001,1.175,1.1749999523162842
0,2.35,1.175,1.1749999523162842
0,2.65,1.175,1.1749999523162842
0,1.9000001,1.175,1.1749999523162842
0,1.5999999,1.175,1.1749999523162842
0,1.7,1.175,1.1749999523162842
0,1.8249999,1.175,1.1749999523162842
0,1.4499999,1.175,1.1749999523162842
0,1.775,1.175,1.1749999523162842
0,1.5250001,1.175,1.1749999523162842
0,1.4,1.175,1.1749999523162842
0,1.9000001,1.175,1.1749999523162842
0,1.275,1.175,1.1749999523162842
0,2.025,1.175,1.1749999523162842
0,2.7250001,1.175,1.1749999523162842
0,2.275,1.175,1.1749999523162842
0,2.125,1.175,1.1749999523162842
0,2.55,1.175,1.1749999523162842
0,2.35,1.175,1.1749999523162842
0,2.1499999,1.175,1.1749999523162842
0,2.25,1.175,1.1749999523162842
0,1.95,1.175,1.1749999523162842
0,2.1000001,1.175,1.1749999523162842
0,2.875,1.175,1.1749999523162842
0,2.25,1.175,1.1749999523162842
0,1.7,1.175,1.1749999523162842
0,1.8,1.175,1.1749999523162842
0,1.675,1.175,1.1749999523162842
0,1.4250001,1.175,1.1749999523162842
0,1.7,1.175,1.1749999523162842
0,1.5500001,1.175,1.1749999523162842
0,1.3499999,1.175,1.1749999523162842
0,1.8249999,1.175,1.1749999523162842
0,1.325,1.175,1.1749999523162842
0,1.675,1.175,1.1749999523162842
0,1.5999999,1.175,1.1749999523162842
0,1.775,1.175,1.1749999523162842
0,1.4250001,1.175,1.1749999523162842
0,1.85,1.175,1.1749999523162842
0,1.85,1.175,1.1749999523162842
0,1.9000001,1.175,1.1749999523162842
0,2.5249999,1.175,1.1749999523162842
0,2.125,1.175,1.1749999523162842
0,2.775,1.175,1.1749999523162842
0,2.5249999,1.175,1.1749999523162842
0,3.0749998,1.175,1.1749999523162842
0,2.55,1.175,1.1749999523162842
0,2.35,1.175,1.1749999523162842
0,2.775,1.175,1.1749999523162842
0,2.1499999,1.175,1.1749999523162842
0,1.4250001,1.175,1.1749999523162842
0,1.85,1.175,1.1749999523162842
0,1.9749999,1.175,1.1749999523162842
0,1.775,1.175,1.1749999523162842
0,1.5999999,1.175,1.1749999523162842
0,1.475,1.175,1.1749999523162842
0,1.9250001,2.1977308,2.1978280544281006
0,1.475,4.2796316,4.279462814331055
0,1.8249999,4.245967,4.245946884155273
0,1.5,4.2127547,4.212707996368408
0,2.2,4.1798654,4.1799397468566895
0,4.05,4.1473727,4.147449493408203
0,5.425,4.115288,4.115299224853516
0,6.1,4.0835085,4.083464622497559
0,4.125,4.05206,4.052023410797119
0,3.825,4.0210633,4.020961284637451
0,4.475,3.9901984,3.9901366233825684
0,5.6499996,3.959723,3.959787607192993
0,5.1,3.9296348,3.9296274185180664
0,4.125,3.8998919,3.899887800216675
0,3.875,3.870384,3.8703408241271973
0,2.8500001,3.8412664,3.8412601947784424
0,1.95,3.8124273,3.812433958053589
0,1.7500001,3.7839384,3.783909559249878
0,1.4250001,3.7557046,3.755690813064575
0,1.5250001,3.7278016,3.7277679443359375
0,1.5749999,3.700209,3.7002439498901367
0,1.725,3.672993,3.6728720664978027
0,1.7500001,3.645856,3.645904541015625
0,1.5,3.6191702,3.619234323501587
0,1.4499999,2.1693327,2.169703722000122
0,1.5999999,4.3590693,4.358813285827637
0,1.4250001,4.3247304,4.32467794418335
0,1.8,4.2905235,4.290379524230957
0,3.6,4.2567463,4.256763458251953
0,4.575,4.2233577,4.223653793334961
0,4.0,4.1904845,4.190577030181885
0,8.825,4.1579566,4.158069610595703
0,3.275,4.125804,4.1260528564453125
0,7.3499994,4.0937204,4.093723773956299
0,5.425,4.0623827,4.062338352203369
0,5.85,4.0311165,4.030897617340088
0,4.2999997,4.0003195,4.000141143798828
0,4.475,3.9696972,3.9696545600891113
0,3.425,3.9395747,3.939716339111328
0,2.65,3.9095707,3.909564256668091
0,2.1499999,3.8803911,3.8799731731414795
0,2.45,3.8503845,3.8506977558135986
0,1.8249999,3.8219094,3.8217127323150635
0,1.5500001,3.7932074,3.793017625808716
0,1.3499999,3.764759,3.7647128105163574
0,1.4250001,3.7370126,3.737187623977661
0,1.5,3.7091725,3.7091517448425293
0,1.475,3.6818447,3.681774616241455
0,1.4250001,1.175,1.1749999523162842
0,1.5,1.175,1.1749999523162842
0,1.375,1.175,1.1749999523162842
0,1.5250001,1.175,1.1749999523162842
0,3.0500002,1.175,1.1749999523162842
0,3.1999998,1.175,1.1749999523162842
0,4.05,1.175,1.1749999523162842
0,6.7,1.175,1.1749999523162842
0,3.825,1.175,1.1749999523162842
0,3.875,1.175,1.1749999523162842
0,4.95,1.175,1.1749999523162842
0,7.6000004,1.175,1.1749999523162842
0,4.7,1.175,1.1749999523162842
0,3.575,1.175,1.1749999523162842
0,2.575,1.175,1.1749999523162842
0,2.3000002,1.175,1.1749999523162842
0,3.0,1.175,1.1749999523162842
0,1.8249999,1.175,1.1749999523162842
0,2.075,1.175,1.1749999523162842
0,1.4250001,1.175,1.1749999523162842
0,1.475,1.175,1.1749999523162842
0,1.65,1.175,1.1749999523162842
0,1.7500001,1.175,1.1749999523162842
0,1.5999999,1.175,1.1749999523162842
0,1.625,1.175,1.1749999523162842
0,1.625,1.175,1.1749999523162842
0,1.4499999,1.175,1.1749999523162842
0,1.5999999,1.175,1.1749999523162842
0,2.55,1.175,1.1749999523162842
0,3.4999998,1.175,1.1749999523162842
0,4.8,1.175,1.1749999523162842
0,6.5,1.175,1.1749999523162842
0,5.35,1.175,1.1749999523162842
0,8.325,1.175,1.1749999523162842
0,7.5499997,1.175,1.1749999523162842
0,6.6500006,1.175,1.1749999523162842
0,6.175,1.175,1.1749999523162842
0,6.0499997,1.175,1.1749999523162842
0,5.6499996,1.175,1.1749999523162842
0,4.25,1.175,1.1749999523162842
0,2.3000002,1.175,1.1749999523162842
0,2.8500001,1.175,1.1749999523162842
0,2.35,1.175,1.1749999523162842
0,1.625,1.175,1.1749999523162842
0,1.4250001,1.175,1.1749999523162842
0,1.675,1.175,1.1749999523162842
0,1.275,1.175,1.1749999523162842
0,1.675,1.175,1.1749999523162842
0,1.675,1.175,1.1749999523162842
0,1.7,1.175,1.1749999523162842
0,1.5999999,1.175,1.1749999523162842
0,1.4499999,1.175,1.1749999523162842
0,3.1999998,1.175,1.1749999523162842
0,4.4,1.175,1.1749999523162842
0,9.225,1.175,1.1749999523162842
0,8.375,1.175,1.1749999523162842
0,6.3999996,1.175,1.1749999523162842
0,8.25,1.175,1.1749999523162842
0,8.7,1.175,1.1749999523162842
0,8.974999,1.175,1.1749999523162842
0,5.55,1.175,1.1749999523162842
0,5.0499997,1.175,1.1749999523162842
0,4.4249997,1.175,1.1749999523162842
0,3.425,1.175,1.1749999523162842
0,2.25,1.175,1.1749999523162842
0,2.4750001,1.175,1.1749999523162842
0,2.45,1.175,1.1749999523162842
0,3.0749998,1.175,1.1749999523162842
0,2.1000001,1.175,1.1749999523162842
0,1.9250001,1.175,1.1749999523162842
0,2.2,1.175,1.1749999523162842
0,2.05,1.175,1.1749999523162842
0,2.4750001,1.175,1.1749999523162842
0,2.225,1.175,1.1749999523162842
0,2.05,1.175,1.1749999523162842
0,2.3000002,1.175,1.1749999523162842
0,2.05,1.175,1.1749999523162842
0,1.9749999,1.175,1.1749999523162842
0,2.65,1.175,1.1749999523162842
0,2.975,1.175,1.1749999523162842
0,3.0500002,1.175,1.1749999523162842
0,3.175,1.175,1.1749999523162842
0,3.3249998,1.175,1.1749999523162842
0,3.475,1.175,1.1749999523162842
0,3.725,1.175,1.1749999523162842
0,3.0749998,1.175,1.1749999523162842
0,2.9,1.175,1.1749999523162842
0,2.125,1.175,1.1749999523162842
0,3.475,1.175,1.1749999523162842
0,3.1999998,1.175,1.1749999523162842
0,2.0,1.175,1.1749999523162842
0,2.25,1.175,1.1749999523162842
0,2.025,1.175,1.1749999523162842
0,1.9250001,1.175,1.1749999523162842
0,2.3000002,1.175,1.1749999523162842
0,2.2,1.175,1.1749999523162842
0,1.95,1.175,1.1749999523162842
0,2.5,1.175,1.1749999523162842
0,2.075,1.175,1.1749999523162842
0,1.725,1.175,1.1749999523162842
0,1.875,1.175,1.1749999523162842
0,1.5749999,1.175,1.1749999523162842
0,2.8,1.175,1.1749999523162842
0,3.2250001,1.175,1.1749999523162842
0,2.8,1.175,1.1749999523162842
0,3.2250001,1.175,1.1749999523162842
0,3.7749999,1.175,1.1749999523162842
0,3.4999998,1.175,1.1749999523162842
0,3.025,1.175,1.1749999523162842
0,1.8,1.175,1.1749999523162842
0,1.8,1.175,1.1749999523162842
0,2.0,1.175,1.1749999523162842
0,3.125,1.175,1.1749999523162842
0,2.225,1.175,1.1749999523162842
0,1.9000001,1.175,1.1749999523162842
0,1.85,1.175,1.1749999523162842
0,2.0,1.175,1.1749999523162842
0,1.4250001,1.175,1.1749999523162842
0,2.075,1.175,1.1749999523162842
0,1.8,1.175,1.1749999523162842
0,1.4,2.1977012,2.1976497173309326
0,1.9000001,4.2789464,4.278975009918213
0,1.5250001,4.245384,4.245419979095459
0,1.775,4.2122393,4.21224308013916
0,3.25,4.179379,4.1794233322143555
0,4.7,4.146998,4.1469011306762695
0,7.1749997,4.1148834,4.114789009094238
0,7.9500003,4.0830398,4.082963943481445
0,5.375,4.0515914,4.051578044891357
0,9.174999,4.020465,4.020451068878174
0,9.549999,3.9896839,3.9897043704986572
0,8.400001,3.9592812,3.9593348503112793
0,4.825,3.929213,3.9291608333587646
0,3.625,3.8994617,3.899441719055176
0,2.5,3.869881,3.869992256164551
0,2.9,3.8407993,3.840791702270508
0,2.5249999,3.812025,3.8119964599609375
0,2.2,3.7835288,3.7835323810577393
0,1.8,3.7552462,3.75533127784729
0,1.65,3.727375,3.7274415493011475
0,1.375,3.6998866,3.699770450592041
0,1.475,3.672591,3.6725680828094482
0,1.725,3.6455219,3.64557147026062
0,1.8249999,3.6188192,3.618821144104004
0,1.875,2.168959,2.168994426727295
0,1.85,4.358563,4.358410358428955
0,1.4499999,4.32434,4.324131011962891
0,2.1000001,4.290334,4.289708137512207
0,3.75,4.256373,4.256397247314453
0,4.1,4.223015,4.223016262054443
0,6.4500003,4.190051,4.189888000488281
0,8.775,4.157541,4.1572675704956055
0,5.6499996,4.125159,4.125255107879639
0,8.875,4.093437,4.093296051025391
0,9.95,4.0618587,4.06171178817749
0,8.325,4.030705,4.030665397644043
0,5.9249997,3.9996943,3.9996373653411865
0,4.85,3.9693155,3.969247579574585
0,4.1,3.9387376,3.938960313796997
0,3.625,3.9092066,3.909086227416992
0,3.0749998,3.8796265,3.8796029090881348
0,3.525,3.8499873,3.850179672241211
0,2.225,3.8213437,3.821329355239868
0,1.7,3.7927744,3.7927188873291016
0,1.675,3.7641964,3.76444149017334
0,1.325,3.7361014,3.736525297164917
0,1.625,3.7087643,3.7086973190307617
0,1.475,3.6815028,3.6813759803771973
0,1.7,1.175,1.1749999523162842
0,1.5,1.175,1.1749999523162842
0,1.7,1.175,1.1749999523162842
0,1.4,1.175,1.1749999523162842
0,4.475,1.175,1.1749999523162842
0,4.125,1.175,1.1749999523162842
0,6.725,1.175,1.1749999523162842
0,7.8250003,1.175,1.1749999523162842
0,5.475,1.175,1.1749999523162842
0,8.175,1.175,1.1749999523162842
0,8.3,1.175,1.1749999523162842
0,6.7499995,1.175,1.1749999523162842
0,4.475,1.175,1.1749999523162842
0,2.425,1.175,1.1749999523162842
0,2.55,1.175,1.1749999523162842
0,2.5249999,1.175,1.1749999523162842
0,1.95,1.175,1.1749999523162842
0,1.8249999,1.175,1.1749999523162842
0,1.65,1.175,1.1749999523162842
0,1.725,1.175,1.1749999523162842
0,1.8,1.175,1.1749999523162842
0,1.4499999,1.175,1.1749999523162842
0,1.4499999,1.175,1.1749999523162842
0,1.475,1.175,1.1749999523162842
0,1.4250001,1.175,1.1749999523162842
0,1.95,1.175,1.1749999523162842
0,1.4499999,1.175,1.1749999523162842
0,1.65,1.175,1.1749999523162842
0,3.2250001,1.175,1.1749999523162842
0,4.6499996,1.175,1.1749999523162842
0,7.375,1.175,1.1749999523162842
0,7.8250003,1.175,1.1749999523162842
0,5.825,1.175,1.1749999523162842
0,6.5,1.175,1.1749999523162842
0,7.375,1.175,1.1749999523162842
0,7.4750004,1.175,1.1749999523162842
0,3.7,1.175,1.1749999523162842
0,3.4,1.175,1.1749999523162842
0,2.6750002,1.175,1.1749999523162842
0,2.0,1.175,1.1749999523162842
0,1.7,1.175,1.1749999523162842
0,2.275,1.175,1.1749999523162842
0,1.95,1.175,1.1749999523162842
0,1.8249999,1.175,1.1749999523162842
0,1.8,1.175,1.1749999523162842
0,2.0,1.175,1.1749999523162842
0,1.7,1.175,1.1749999523162842
0,2.025,1.175,1.1749999523162842
0,2.125,1.175,1.1749999523162842
0,2.4,1.175,1.1749999523162842
0,2.1499999,1.175,1.1749999523162842
0,2.1000001,1.175,1.1749999523162842
0,4.0,1.175,1.1749999523162842
0,4.05,1.175,1.1749999523162842
0,5.1249995,1.175,1.1749999523162842
0,4.8,1.175,1.1749999523162842
0,5.025,1.175,1.1749999523162842
0,5.775,1.175,1.1749999523162842
0,5.5249996,1.175,1.1749999523162842
0,4.125,1.175,1.1749999523162842
0,3.175,1.175,1.1749999523162842
0,3.1499999,1.175,1.1749999523162842
0,3.625,1.175,1.1749999523162842
0,5.075,1.175,1.1749999523162842
0,3.925,1.175,1.1749999523162842
0,3.75,1.175,1.1749999523162842
0,3.3749998,1.175,1.1749999523162842
0,2.275,1.175,1.1749999523162842
0,2.225,1.175,1.1749999523162842
0,2.0,1.175,1.1749999523162842
0,1.95,1.175,1.1749999523162842
0,2.0,1.175,1.1749999523162842
0,2.2,1.175,1.1749999523162842
0,1.85,1.175,1.1749999523162842
0,2.4750001,1.175,1.1749999523162842
0,2.025,1.175,1.1749999523162842
0,1.875,1.175,1.1749999523162842
0,3.35,1.175,1.1749999523162842
0,3.425,1.175,1.1749999523162842
0,3.4999998,1.175,1.1749999523162842
0,4.1,1.175,1.1749999523162842
0,3.525,1.175,1.1749999523162842
0,3.6499999,1.175,1.1749999523162842
0,3.8000002,1.175,1.1749999523162842
0,3.525,1.175,1.1749999523162842
0,2.625,1.175,1.1749999523162842
0,2.95,1.175,1.1749999523162842
0,2.425,1.175,1.1749999523162842
0,2.225,1.175,1.1749999523162842
0,2.45,1.175,1.1749999523162842
0,2.2,1.175,1.1749999523162842
0,2.275,1.175,1.1749999523162842
0,1.8,1.175,1.1749999523162842
0,2.075,1.175,1.1749999523162842
0,1.9250001,1.175,1.1749999523162842
0,1.95,1.175,1.1749999523162842
0,2.225,1.175,1.1749999523162842
0,2.0,1.175,1.1749999523162842
0,2.0,1.175,1.1749999523162842
0,1.8249999,1.175,1.1749999523162842
0,2.075,1.175,1.1749999523162842
0,2.4750001,1.175,1.1749999523162842
0,2.8,1.175,1.1749999523162842
0,2.625,1.175,1.1749999523162842
0,3.125,1.175,1.1749999523162842
0,2.7500002,1.175,1.1749999523162842
0,2.8500001,1.175,1.1749999523162842
0,2.6750002,1.175,1.1749999523162842
0,3.025,1.175,1.1749999523162842
0,2.975,1.175,1.1749999523162842
0,2.825,1.175,1.1749999523162842
0,2.55,1.175,1.1749999523162842
0,3.3749998,1.175,1.1749999523162842
0,3.0,1.175,1.1749999523162842
0,2.5249999,1.175,1.1749999523162842
0,2.4,1.175,1.1749999523162842
0,2.55,1.175,1.1749999523162842
0,2.65,1.175,1.1749999523162842
0,2.1499999,1.175,1.1749999523162842
0,2.65,1.175,1.1749999523162842
0,2.1000001,2.197515,2.1975483894348145
0,2.6750002,4.2784767,4.2784881591796875
0,2.2,4.244852,4.2449846267700195
0,2.35,4.211674,4.211796760559082
0,2.7500002,4.1789513,4.1789422035217285
0,4.575,4.1465178,4.1464738845825195
0,5.2999997,4.114322,4.114336013793945
0,5.775,4.082573,4.082579612731934
0,5.625,4.0511837,4.051070213317871
0,6.5250006,4.0200653,4.020082473754883
0,6.625,3.989282,3.9892311096191406
0,6.2000003,3.958864,3.958843946456909
0,4.875,3.92878,3.928723096847534
0,2.875,3.89898,3.899005651473999
0,2.65,3.8695278,3.869523525238037
0,3.925,3.840424,3.8403608798980713
0,3.3749998,3.811604,3.8116064071655273
0,2.875,3.7830608,3.7830393314361572
0,2.5,3.7549381,3.7549335956573486
0,2.35,3.726976,3.726973533630371
0,2.125,3.6994236,3.69937801361084
0,2.175,3.6721518,3.67216157913208
0,1.9749999,3.6451054,3.645134449005127
0,2.125,3.6184218,3.6184020042419434
0,1.9000001,2.1690812,2.1691083908081055
0,2.0,4.3576875,4.357779502868652
0,2.6,4.3235517,4.323394298553467
0,2.1499999,4.2895226,4.28945255279541
0,2.4,4.25574,4.255681037902832
0,3.4999998,4.222389,4.2226691246032715
0,4.8,4.1895313,4.189383029937744
0,5.55,4.1570086,4.156769275665283
0,6.95,4.124536,4.124447822570801
0,6.375,4.0927224,4.0927205085754395
0,6.3250003,4.061282,4.061304092407227
0,5.15,4.0303206,4.0300750732421875
0,4.625,3.9991708,3.9988725185394287
0,3.3749998,3.9685898,3.96876859664917
0,3.6,3.938625,3.9383809566497803
0,3.1000001,3.9086711,3.908601760864258
0,2.95,3.8792992,3.8792498111724854
0,2.05,3.849446,3.8496949672698975
0,2.5,3.8212624,3.8211147785186768
0,2.225,3.7922087,3.79221248626709
0,1.7,3.7639205,3.7639379501342773
0,1.7500001,3.7359033,3.736121654510498
0,1.5500001,3.7081594,3.708387613296509
0,1.7500001,3.680829,3.6809420585632324
0,1.5749999,1.175,1.1749999523162842
0,1.9000001,1.175,1.1749999523162842
0,2.1000001,1.175,1.1749999523162842
0,2.025,1.175,1.1749999523162842
0,2.125,1.175,1.1749999523162842
0,4.6499996,1.175,1.1749999523162842
0,4.275,1.175,1.1749999523162842
0,4.575,1.175,1.1749999523162842
0,3.55,1.175,1.1749999523162842
0,4.2000003,1.175,1.1749999523162842
0,4.3749995,1.175,1.1749999523162842
0,4.0,1.175,1.1749999523162842
0,3.1499999,1.175,1.1749999523162842
0,2.8,1.175,1.1749999523162842
0,2.4,1.175,1.1749999523162842
0,2.0,1.175,1.1749999523162842
0,1.8,1.175,1.1749999523162842
0,1.7500001,1.175,1.1749999523162842
0,1.675,1.175,1.1749999523162842
0,1.475,1.175,1.1749999523162842
0,1.675,1.175,1.1749999523162842
0,1.4499999,1.175,1.1749999523162842
0,1.5250001,1.175,1.1749999523162842
0,1.5500001,1.175,1.1749999523162842
0,1.7500001,1.175,1.1749999523162842
0,1.4499999,1.175,1.1749999523162842
0,1.4499999,1.175,1.1749999523162842
0,1.325,1.175,1.1749999523162842
0,2.625,1.175,1.1749999523162842
0,3.1499999,1.175,1.1749999523162842
0,3.625,1.175,1.1749999523162842
0,3.4,1.175,1.1749999523162842
0,4.5499997,1.175,1.1749999523162842
0,3.4,1.175,1.1749999523162842
0,3.6499999,1.175,1.1749999523162842
0,3.025,1.175,1.1749999523162842
0,3.725,1.175,1.1749999523162842
0,2.3000002,1.175,1.1749999523162842
0,2.05,1.175,1.1749999523162842
0,2.325,1.175,1.1749999523162842
0,1.775,1.175,1.1749999523162842
0,2.45,1.175,1.1749999523162842
0,2.6750002,1.175,1.1749999523162842
0,1.7500001,1.175,1.1749999523162842
0,1.5250001,1.175,1.1749999523162842
0,1.9250001,1.175,1.1749999523162842
0,1.5749999,1.175,1.1749999523162842
0,1.475,1.175,1.1749999523162842
0,1.325,1.175,1.1749999523162842
0,1.625,1.175,1.1749999523162842
0,1.675,1.175,1.1749999523162842
0,1.4499999,1.175,1.1749999523162842
0,2.425,1.175,1.1749999523162842
0,3.725,1.175,1.1749999523162842
0,3.7749999,1.175,1.1749999523162842
0,3.7749999,1.175,1.1749999523162842
0,3.9750001,1.175,1.1749999523162842
0,3.35,1.175,1.1749999523162842
0,3.6499999,1.175,1.1749999523162842
0,3.0,1.175,1.1749999523162842
0,2.7500002,1.175,1.1749999523162842
0,2.875,1.175,1.1749999523162842
0,1.9749999,1.175,1.1749999523162842
0,2.3000002,1.175,1.1749999523162842
0,2.4750001,1.175,1.1749999523162842
0,2.4,1.175,1.1749999523162842
0,3.35,1.175,1.1749999523162842
0,2.5249999,1.175,1.1749999523162842
0,1.9250001,1.175,1.1749999523162842
0,1.7,1.175,1.1749999523162842
0,1.725,1.175,1.1749999523162842
0,1.8249999,1.175,1.1749999523162842
0,2.1499999,1.175,1.1749999523162842
0,1.775,1.175,1.1749999523162842
0,1.7500001,1.175,1.1749999523162842
0,1.325,1.175,1.1749999523162842
0,1.5250001,1.175,1.1749999523162842
0,1.325,1.175,1.1749999523162842
0,2.7250001,1.175,1.1749999523162842
0,3.4,1.175,1.1749999523162842
0,3.1499999,1.175,1.1749999523162842
0,3.475,1.175,1.1749999523162842
0,3.425,1.175,1.1749999523162842
0,3.3749998,1.175,1.1749999523162842
0,2.7,1.175,1.1749999523162842
0,3.2250001,1.175,1.1749999523162842
0,3.1000001,1.175,1.1749999523162842
0,1.9250001,1.175,1.1749999523162842
0,2.6750002,1.175,1.1749999523162842
0,2.4750001,1.175,1.1749999523162842
0,1.9749999,1.175,1.1749999523162842
0,2.05,1.175,1.1749999523162842
0,1.8,1.175,1.1749999523162842
0,1.8249999,1.175,1.1749999523162842
0,1.8249999,1.175,1.1749999523162842
0,1.375,1.175,1.1749999523162842
0,1.625,1.175,1.1749999523162842
0,1.725,1.175,1.1749999523162842
0,1.7,1.175,1.1749999523162842
0,1.725,1.175,1.1749999523162842
0,1.65,1.175,1.1749999523162842
0,1.4,1.175,1.1749999523162842
0,2.375,1.175,1.1749999523162842
0,3.6499999,1.175,1.1749999523162842
0,3.3749998,1.175,1.1749999523162842
0,3.3749998,1.175,1.1749999523162842
0,3.2250001,1.175,1.1749999523162842
0,3.0749998,1.175,1.1749999523162842
0,3.825,1.175,1.1749999523162842
0,1.7,1.175,1.1749999523162842
0,1.725,1.175,1.1749999523162842
0,3.3749998,1.175,1.1749999523162842
0,1.8249999,1.175,1.1749999523162842
0,1.5500001,1.175,1.1749999523162842
0,1.8,1.175,1.1749999523162842
0,2.1000001,1.175,1.1749999523162842
0,1.4,1.175,1.1749999523162842
0,2.6750002,1.175,1.1749999523162842
0,1.5999999,1.175,1.1749999523162842
0,1.7500001,1.175,1.1749999523162842
0,2.425,2.1972342,2.1973190307617188
0,2.3000002,4.2778616,4.277928829193115
0,1.9000001,4.2444267,4.244451999664307
0,1.375,4.2112546,4.211219787597656
0,2.625,4.178447,4.178403854370117
0,4.4,4.145893,4.145949363708496
0,5.225,4.1139836,4.113864421844482
0,5.0,4.0820847,4.082064628601074
0,4.75,4.0506606,4.050657272338867
0,6.8,4.019605,4.019628524780273
0,6.1499996,3.988888,3.9887778759002686
0,3.9499998,3.958365,3.958346366882324
0,4.3250003,3.9283383,3.928281784057617
0,3.1999998,3.8985918,3.898531198501587
0,2.4,3.8690727,3.8691272735595703
0,2.975,3.8399057,3.8399784564971924
0,2.175,3.811184,3.8111791610717773
0,1.9250001,3.782682,3.7826457023620605
0,2.9,3.7545712,3.754481077194214
0,2.025,3.7266157,3.726501703262329
0,1.7500001,3.6989193,3.6989901065826416
0,1.775,3.671685,3.6716995239257812
0,1.7500001,3.6447139,3.6446800231933594
0,1.95,3.6180155,3.6180577278137207
0,1.9250001,2.1687667,2.168941020965576
0,1.625,4.3573947,4.357397079467773
0,1.85,4.322933,4.323033809661865
0,1.9749999,4.2890487,4.288882732391357
0,2.8,4.2548223,4.255283355712891
0,3.575,4.2217875,4.221922874450684
0,6.25,4.188958,4.188730716705322
0,5.825,4.156331,4.156582832336426
0,4.7,4.1244903,4.124325752258301
0,5.45,4.092181,4.09228515625
0,5.7999997,4.0608187,4.060904502868652
0,5.375,4.0295186,4.029675483703613
0,3.9499998,3.9987736,3.99863862991333
0,3.825,3.968129,3.9681103229522705
0,2.875,3.937916,3.9379961490631104
0,3.3249998,3.9080856,3.908198118209839
0,2.625,3.8786366,3.87864351272583
0,2.425,3.849559,3.849583148956299
0,3.4,3.8206887,3.82055401802063
0,2.975,3.7918165,3.791902542114258
0,2.6,3.7634408,3.763530969619751
0,2.225,3.7356412,3.7355196475982666
0,2.45,3.7077746,3.7080845832824707
0,2.225,3.6803577,3.6804280281066895
0,2.025,1.175,1.1749999523162842
0,2.45,1.175,1.1749999523162842
0,2.1000001,1.175,1.1749999523162842
0,2.6,1.175,1.1749999523162842
0,3.3749998,1.175,1.1749999523162842
0,3.9750001,1.175,1.1749999523162842
0,5.425,1.175,1.1749999523162842
0,5.375,1.175,1.1749999523162842
0,6.2000003,1.175,1.1749999523162842
0,5.15,1.175,1.1749999523162842
0,5.95,1.175,1.1749999523162842
0,5.0,1.175,1.1749999523162842
0,3.475,1.175,1.1749999523162842
0,3.0,1.175,1.1749999523162842
0,2.825,1.175,1.1749999523162842
0,2.275,1.175,1.1749999523162842
0,2.4750001,1.175,1.1749999523162842
0,1.8249999,1.175,1.1749999523162842
0,2.875,1.175,1.1749999523162842
0,2.35,1.175,1.1749999523162842
0,2.0,1.175,1.1749999523162842
0,1.4250001,1.175,1.1749999523162842
0,2.175,1.175,1.1749999523162842
0,2.35,1.175,1.1749999523162842
0,1.9749999,1.175,1.1749999523162842
0,1.7500001,1.175,1.1749999523162842
0,1.3499999,1.175,1.1749999523162842
0,2.125,1.175,1.1749999523162842
0,2.275,1.175,1.1749999523162842
0,4.2999997,1.175,1.1749999523162842
0,6.025,1.175,1.1749999523162842
0,5.9249997,1.175,1.1749999523162842
0,4.95,1.175,1.1749999523162842
0,6.3999996,1.175,1.1749999523162842
0,8.025,1.175,1.1749999523162842
0,7.6999993,1.175,1.1749999523162842
0,6.55,1.175,1.1749999523162842
0,4.3749995,1.175,1.1749999523162842
0,4.275,1.175,1.1749999523162842
0,3.9499998,1.175,1.1749999523162842
0,3.8500001,1.175,1.1749999523162842
0,3.7749999,1.175,1.1749999523162842
0,3.6750002,1.175,1.1749999523162842
0,3.25,1.175,1.1749999523162842
0,2.3000002,1.175,1.1749999523162842
0,2.0,1.175,1.1749999523162842
0,2.575,1.175,1.1749999523162842
0,2.3000002,1.175,1.1749999523162842
0,2.175,1.175,1.1749999523162842
0,2.625,1.175,1.1749999523162842
0,2.8500001,1.175,1.1749999523162842
0,2.35,1.175,1.1749999523162842
0,3.25,1.175,1.1749999523162842
0,5.025,1.175,1.1749999523162842
0,5.375,1.175,1.1749999523162842
0,5.6499996,1.175,1.1749999523162842
0,5.6749997,1.175,1.1749999523162842
0,5.5,1.175,1.1749999523162842
0,4.45,1.175,1.1749999523162842
0,2.8,1.175,1.1749999523162842
0,1.95,1.175,1.1749999523162842
0,2.35,1.175,1.1749999523162842
0,2.0,1.175,1.1749999523162842
0,2.4,1.175,1.1749999523162842
0,2.175,1.175,1.1749999523162842
0,1.65,1.175,1.1749999523162842
0,1.9250001,1.175,1.1749999523162842
0,1.9000001,1.175,1.1749999523162842
0,1.9250001,1.175,1.1749999523162842
0,1.5250001,1.175,1.1749999523162842
0,1.725,1.175,1.1749999523162842
0,1.8,1.175,1.1749999523162842
0,1.5999999,1.175,1.1749999523162842
0,1.95,1.175,1.1749999523162842
0,1.65,1.175,1.1749999523162842
0,1.675,1.175,1.1749999523162842
0,1.8,1.175,1.1749999523162842
0,2.1000001,1.175,1.1749999523162842
0,1.875,1.175,1.1749999523162842
0,1.775,1.175,1.1749999523162842
0,1.8249999,1.175,1.1749999523162842
0,2.125,1.175,1.1749999523162842
0,2.025,1.175,1.1749999523162842
0,1.775,1.175,1.1749999523162842
0,1.7,1.175,1.1749999523162842
0,1.5749999,1.175,1.1749999523162842
0,2.075,1.175,1.1749999523162842
0,1.5250001,1.175,1.1749999523162842
0,1.475,1.175,1.1749999523162842
0,1.8,1.175,1.1749999523162842
0,1.65,1.175,1.1749999523162842
0,1.775,1.175,1.1749999523162842
0,1.9250001,1.175,1.1749999523162842
0,1.5749999,1.175,1.1749999523162842
0,1.5999999,1.175,1.1749999523162842
0,1.65,1.175,1.1749999523162842
0,1.675,1.175,1.1749999523162842
0,1.9749999,1.175,1.1749999523162842
0,1.475,1.175,1.1749999523162842
0,2.325,1.175,1.1749999523162842
0,2.0,1.175,1.1749999523162842
0,1.7500001,1.175,1.1749999523162842
0,1.5749999,1.175,1.1749999523162842
0,1.875,1.175,1.1749999523162842
0,2.35,1.175,1.1749999523162842
0,1.9250001,1.175,1.1749999523162842
0,1.7500001,1.175,1.1749999523162842
0,2.175,1.175,1.1749999523162842
0,1.9000001,1.175,1.1749999523162842
0,2.075,1.175,1.1749999523162842
0,1.9000001,1.175,1.1749999523162842
0,1.9250001,1.175,1.1749999523162842
0,1.9000001,1.175,1.1749999523162842
0,2.0,1.175,1.1749999523162842
0,2.05,1.175,1.1749999523162842
0,2.25,1.175,1.1749999523162842
0,1.8249999,1.175,1.1749999523162842
0,1.775,1.175,1.1749999523162842
0,1.5749999,1.175,1.1749999523162842
0,1.9250001,1.175,1.1749999523162842
0,1.8,2.197041,2.1971845626831055
0,1.775,4.277395,4.2774834632873535
0,2.075,4.2439065,4.243868827819824
0,1.4250001,4.210823,4.210808277130127
0,1.8,4.178018,4.177915573120117
0,1.725,4.1455593,4.145518779754639
0,1.65,4.1134005,4.113389492034912
0,2.2,4.0815864,4.0815958976745605
0,1.8249999,4.0501156,4.050166606903076
0,1.675,4.0190663,4.0190629959106445
0,1.725,3.9883816,3.98823881149292
0,2.0,3.9578822,3.957934856414795
0,2.175,3.927799,3.927882432937622
0,1.775,3.8981464,3.8980770111083984
0,2.0,3.8685596,3.8686349391937256
0,2.125,3.839565,3.8395798206329346
0,1.65,3.8108068,3.810732364654541
0,1.725,3.782265,3.782229423522949
0,2.05,3.7540243,3.7540552616119385
0,1.5749999,3.7262135,3.7261345386505127
0,1.9749999,3.698643,3.698615312576294
0,1.675,3.6713188,3.671271324157715
0,1.475,3.6443274,3.6443095207214355
0,1.7500001,3.6176178,3.617595911026001
0,1.5250001,2.1687253,2.1686675548553467
0,1.475,4.3567095,4.357011318206787
0,1.675,4.322338,4.322573184967041
0,1.475,4.2885466,4.288686752319336
0,2.075,4.2546854,4.25463342666626
0,2.6750002,4.2217693,4.221311569213867
0,3.0,4.18847,4.188361167907715
0,3.6750002,4.155775,4.1560282707214355
0,3.0749998,4.123955,4.123563289642334
0,3.4,4.0919724,4.091994762420654
0,3.625,4.060302,4.060567378997803
0,3.6499999,4.0291395,4.029084205627441
0,4.475,3.9981222,3.9983487129211426
0,3.55,3.967913,3.967888355255127
0,1.95,3.9376419,3.937617063522339
0,2.175,3.9075797,3.907843828201294
0,2.5,3.8781188,3.8783252239227295
0,2.625,3.8488517,3.848921298980713
0,1.9749999,3.820159,3.8200771808624268
0,1.5,3.7912538,3.7911717891693115
0,1.8,3.7630465,3.7630457878112793
0,2.0,3.735309,3.7353804111480713
0,1.875,3.7075381,3.707545042037964
0,1.8249999,3.6800792,3.680161714553833
0,1.625,1.175,1.1749999523162842
0,1.375,1.175,1.1749999523162842
0,1.5250001,1.175,1.1749999523162842
0,1.8,1.175,1.1749999523162842
0,2.8500001,1.175,1.1749999523162842
0,2.65,1.175,1.1749999523162842
0,3.725,1.175,1.1749999523162842
0,4.125,1.175,1.1749999523162842
0,3.35,1.175,1.1749999523162842
0,3.1999998,1.175,1.1749999523162842
0,3.9750001,1.175,1.1749999523162842
0,3.425,1.175,1.1749999523162842
0,2.975,1.175,1.1749999523162842
0,1.9250001,1.175,1.1749999523162842
0,2.4,1.175,1.1749999523162842
0,2.1000001,1.175,1.1749999523162842
0,2.175,1.175,1.1749999523162842
0,2.125,1.175,1.1749999523162842
0,2.1000001,1.175,1.1749999523162842
0,2.0,1.175,1.1749999523162842
0,2.0,1.175,1.1749999523162842
0,1.5,1.175,1.1749999523162842
0,1.7,1.175,1.1749999523162842
0,1.375,1.175,1.1749999523162842
0,1.5749999,1.175,1.1749999523162842
0,1.625,1.175,1.1749999523162842
0,1.5500001,1.175,1.1749999523162842
0,1.725,1.175,1.1749999523162842
0,1.775,1.175,1.1749999523162842
0,3.125,1.175,1.1749999523162842
0,4.3749995,1.175,1.1749999523162842
0,3.7749999,1.175,1.1749999523162842
0,3.8000002,1.175,1.1749999523162842
0,4.85,1.175,1.1749999523162842
0,3.35,1.175,1.1749999523162842
0,3.8999999,1.175,1.1749999523162842
0,3.3749998,1.175,1.1749999523162842
0,2.6750002,1.175,1.1749999523162842
0,1.9000001,1.175,1.1749999523162842
0,2.7250001,1.175,1.1749999523162842
0,1.5500001,1.175,1.1749999523162842
0,2.225,1.175,1.1749999523162842
0,2.125,1.175,1.1749999523162842
0,1.875,1.175,1.1749999523162842
0,1.5,1.175,1.1749999523162842
0,1.5999999,1.175,1.1749999523162842
0,1.625,1.175,1.1749999523162842
0,1.5250001,1.175,1.1749999523162842
0,2.5,1.175,1.1749999523162842
0,1.5999999,1.175,1.1749999523162842
0,1.5999999,1.175,1.1749999523162842
0,1.325,1.175,1.1749999523162842
0,2.25,1.175,1.1749999523162842
0,3.8000002,1.175,1.1749999523162842
0,3.8500001,1.175,1.1749999523162842
0,5.1249995,1.175,1.1749999523162842
0,4.2000003,1.175,1.1749999523162842
0,3.9750001,1.175,1.1749999523162842
0,3.3249998,1.175,1.1749999523162842
0,2.7250001,1.175,1.1749999523162842
0,2.4,1.175,1.1749999523162842
0,1.725,1.175,1.1749999523162842
0,1.725,1.175,1.1749999523162842
0,2.0,1.175,1.1749999523162842
0,2.025,1.175,1.1749999523162842
0,1.8249999,1.175,1.1749999523162842
0,2.325,1.175,1.1749999523162842
0,2.2,1.175,1.1749999523162842
0,1.4,1.175,1.1749999523162842
0,1.625,1.175,1.1749999523162842
0,1.375,1.175,1.1749999523162842
0,1.725,1.175,1.1749999523162842
0,1.625,1.175,1.1749999523162842
0,1.4,1.175,1.1749999523162842
0,1.775,1.175,1.1749999523162842
0,1.65,1.175,1.1749999523162842
0,1.3499999,1.175,1.1749999523162842
0,1.9250001,1.175,1.1749999523162842
0,1.4499999,1.175,1.1749999523162842
0,1.7,1.175,1.1749999523162842
0,2.075,1.175,1.1749999523162842
0,1.8,1.175,1.1749999523162842
0,2.1499999,1.175,1.1749999523162842
0,1.875,1.175,1.1749999523162842
0,3.1999998,1.175,1.1749999523162842
0,2.825,1.175,1.1749999523162842
0,2.7250001,1.175,1.1749999523162842
0,2.95,1.175,1.1749999523162842
0,2.9250002,1.175,1.1749999523162842
0,2.8,1.175,1.1749999523162842
0,2.075,1.175,1.1749999523162842
0,2.3000002,1.175,1.1749999523162842
0,1.9749999,1.175,1.1749999523162842
0,2.175,1.175,1.1749999523162842
0,2.35,1.175,1.1749999523162842
0,2.5,1.175,1.1749999523162842
0,2.1499999,1.175,1.1749999523162842
0,2.6,1.175,1.1749999523162842
0,2.225,1.175,1.1749999523162842
0,1.875,1.175,1.1749999523162842
0,2.5,1.175,1.1749999523162842
0,1.95,1.175,1.1749999523162842
0,2.375,1.175,1.1749999523162842
0,1.8,1.175,1.1749999523162842
0,1.9000001,1.175,1.1749999523162842
0,2.3000002,1.175,1.1749999523162842
0,2.1499999,1.175,1.1749999523162842
0,1.95,1.175,1.1749999523162842
0,2.225,1.175,1.1749999523162842
0,2.625,1.175,1.1749999523162842
0,1.9000001,1.175,1.1749999523162842
0,2.4750001,1.175,1.1749999523162842
0,1.95,1.175,1.1749999523162842
0,1.5749999,1.175,1.1749999523162842
0,2.075,1.175,1.1749999523162842
0,2.075,1.175,1.1749999523162842
0,1.85,1.175,1.1749999523162842
0,2.075,1.175,1.1749999523162842
0,1.8249999,1.175,1.1749999523162842
0,1.8,1.175,1.1749999523162842
0,1.625,2.1969976,2.1969659328460693
0,1.5999999,4.2769113,4.2769927978515625
0,2.075,4.243501,4.243462562561035
0,1.5749999,4.2102265,4.210232257843018
0,2.575,4.1774626,4.177457809448242
0,3.8999999,4.1449475,4.145040988922119
0,5.775,4.1129003,4.11284065246582
0,4.675,4.081203,4.0811767578125
0,3.6,4.049785,4.049655914306641
0,4.8,4.018627,4.018661022186279
0,3.9499998,3.9878922,3.9878792762756348
0,3.575,3.9573846,3.9574849605560303
0,2.95,3.927442,3.9273934364318848
0,2.375,3.8977072,3.8977231979370117
0,2.1000001,3.868254,3.868215322494507
0,2.175,3.839103,3.8391284942626953
0,1.875,3.810367,3.8103222846984863
0,1.5749999,3.7817895,3.7818191051483154
0,1.3499999,3.7536516,3.7536187171936035
0,1.9749999,3.725756,3.7257847785949707
0,1.8249999,3.698199,3.6982498168945312
0,1.8,3.670924,3.6708784103393555
0,1.725,3.643949,3.6439239978790283
0,1.875,3.6172304,3.6171958446502686
0,1.675,2.1685297,2.1685469150543213
0,1.675,4.356326,4.356297969818115
0,1.8,4.3221455,4.321926593780518
0,1.725,4.2880507,4.288089752197266
0,3.2250001,4.2539253,4.25438117980957
0,2.575,4.221277,4.221065044403076
0,4.35,4.188033,4.187918663024902
0,4.3250003,4.1556506,4.1554083824157715
0,3.575,4.123178,4.123262882232666
0,4.35,4.0914345,4.091572284698486
0,4.075,4.060151,4.059812545776367
0,3.25,4.0288763,4.028833389282227
0,3.475,3.9977672,3.9978809356689453
0,3.125,3.9676876,3.967346668243408
0,2.875,3.937397,3.9371566772460938
0,2.6,3.9072583,3.9072155952453613
0,2.075,3.8776183,3.877807140350342
0,2.025,3.8485606,3.8485639095306396
0,2.05,3.8198566,3.8197131156921387
0,1.475,3.7911837,3.7911429405212402
0,1.4250001,3.7628129,3.7628374099731445
0,1.4250001,3.734751,3.734811782836914
0,1.325,3.7071753,3.7070720195770264
0,1.3,3.6798031,3.6799275875091553
0,1.375,1.175,1.1749999523162842
0,1.175,1.175,1.1749999523162842
0,1.4499999,1.175,1.1749999523162842
0,1.275,1.175,1.1749999523162842
0,1.8,1.175,1.1749999523162842
0,4.4,1.175,1.1749999523162842
0,4.525,1.175,1.1749999523162842
0,5.825,1.175,1.1749999523162842
0,4.35,1.175,1.1749999523162842
0,6.425,1.175,1.1749999523162842
0,6.6,1.175,1.1749999523162842
0,3.1499999,1.175,1.1749999523162842
0,3.275,1.175,1.1749999523162842
0,2.25,1.175,1.1749999523162842
0,2.875,1.175,1.1749999523162842
0,2.0,1.175,1.1749999523162842
0,1.85,1.175,1.1749999523162842
0,1.675,1.175,1.1749999523162842
0,1.4499999,1.175,1.1749999523162842
0,1.725,1.175,1.1749999523162842
0,1.275,1.175,1.1749999523162842
0,1.4499999,1.175,1.1749999523162842
0,1.5500001,1.175,1.1749999523162842
0,1.475,1.175,1.1749999523162842
0,1.4,1.175,1.1749999523162842
0,1.4,1.175,1.1749999523162842
0,1.325,1.175,1.1749999523162842
0,1.375,1.175,1.1749999523162842
0,2.2,1.175,1.1749999523162842
0,5.775,1.175,1.1749999523162842
0,6.825,1.175,1.1749999523162842
0,6.85,1.175,1.1749999523162842
0,5.0499997,1.175,1.1749999523162842
0,7.2250004,1.175,1.1749999523162842
0,7.625,1.175,1.1749999523162842
0,4.675,1.175,1.1749999523162842
0,4.15,1.175,1.1749999523162842
0,3.125,1.175,1.1749999523162842
0,2.875,1.175,1.1749999523162842
0,1.7,1.175,1.1749999523162842
0,2.35,1.175,1.1749999523162842
0,2.325,1.175,1.1749999523162842
0,2.05,1.175,1.1749999523162842
0,1.7,1.175,1.1749999523162842
0,1.625,1.175,1.1749999523162842
0,1.4250001,1.175,1.1749999523162842
0,1.8,1.175,1.1749999523162842
0,1.725,1.175,1.1749999523162842
0,1.4499999,1.175,1.1749999523162842
0,1.7,1.175,1.1749999523162842
0,1.5999999,1.175,1.1749999523162842
0,1.775,1.175,1.1749999523162842
0,2.55,1.175,1.1749999523162842
0,6.5250006,1.175,1.1749999523162842
0,7.65,1.175,1.1749999523162842
0,7.15,1.175,1.1749999523162842
0,4.025,1.175,1.1749999523162842
0,7.3499994,1.175,1.1749999523162842
0,6.725,1.175,1.1749999523162842
0,3.2250001,1.175,1.1749999523162842
0,3.7749999,1.175,1.1749999523162842
0,3.2250001,1.175,1.1749999523162842
0,3.2250001,1.175,1.1749999523162842
0,1.725,1.175,1.1749999523162842
0,2.45,1.175,1.1749999523162842
0,2.325,1.175,1.1749999523162842
0,2.075,1.175,1.1749999523162842
0,2.225,1.175,1.1749999523162842
0,1.675,1.175,1.1749999523162842
0,1.7500001,1.175,1.1749999523162842
0,2.0,1.175,1.1749999523162842
0,1.5999999,1.175,1.1749999523162842
0,1.3,1.175,1.1749999523162842
0,1.275,1.175,1.1749999523162842
0,1.4,1.175,1.1749999523162842
0,1.3499999,1.175,1.1749999523162842
0,1.675,1.175,1.1749999523162842
0,1.4499999,1.175,1.1749999523162842
0,2.0,1.175,1.1749999523162842
0,1.85,1.175,1.1749999523162842
0,2.25,1.175,1.1749999523162842
0,1.8249999,1.175,1.1749999523162842
0,2.45,1.175,1.1749999523162842
0,2.05,1.175,1.1749999523162842
0,2.65,1.175,1.1749999523162842
0,2.5249999,1.175,1.1749999523162842
0,3.125,1.175,1.1749999523162842
0,2.25,1.175,1.1749999523162842
0,2.5,1.175,1.1749999523162842
0,1.5250001,1.175,1.1749999523162842
0,1.875,1.175,1.1749999523162842
0,1.8249999,1.175,1.1749999523162842
0,1.4499999,1.175,1.1749999523162842
0,1.4499999,1.175,1.1749999523162842
0,1.4250001,1.175,1.1749999523162842
0,1.475,1.175,1.1749999523162842
0,1.85,1.175,1.1749999523162842
0,1.85,1.175,1.1749999523162842
0,1.875,1.175,1.1749999523162842
0,1.4499999,1.175,1.1749999523162842
0,2.125,1.175,1.1749999523162842
0,1.775,1.175,1.1749999523162842
0,1.95,1.175,1.1749999523162842
0,1.5500001,1.175,1.1749999523162842
0,1.9000001,1.175,1.1749999523162842
0,1.95,1.175,1.1749999523162842
0,1.8249999,1.175,1.1749999523162842
0,1.8,1.175,1.1749999523162842
0,2.4750001,1.175,1.1749999523162842
0,1.625,1.175,1.1749999523162842
0,2.1499999,1.175,1.1749999523162842
0,1.625,1.175,1.1749999523162842
0,2.975,1.175,1.1749999523162842
0,1.4250001,1.175,1.1749999523162842
0,1.875,1.175,1.1749999523162842
0,1.7,1.175,1.1749999523162842
0,1.5999999,1.175,1.1749999523162842
0,2.1000001,1.175,1.1749999523162842
0,1.4250001,1.175,1.1749999523162842
0,1.85,1.175,1.1749999523162842
0,1.775,2.1968138,2.19677734375
0,1.4499999,4.2765903,4.276449203491211
0,1.625,4.243048,4.24299430847168
0,1.275,4.209834,4.209888458251953
0,2.125,4.1770706,4.177059173583984
0,6.6500006,4.144548,4.14453125
0,6.675,4.1123915,4.112429618835449
0,7.2,4.0806284,4.080657482147217
0,4.3749995,4.0492253,4.049275875091553
0,7.2250004,4.0182514,4.018214702606201
0,7.4750004,3.9873805,3.987502098083496
0,5.7,3.957058,3.957045793533325
0,4.0,3.926963,3.9269485473632812
0,3.4999998,3.897273,3.8972532749176025
0,2.45,3.8678627,3.867785930633545
0,2.5249999,3.8387566,3.8387205600738525
0,1.8,3.8099456,3.8098981380462646
0,2.6,3.7814102,3.7814135551452637
0,1.7500001,3.7532482,3.753260850906372
0,2.275,3.7253525,3.7252755165100098
0,1.5,3.6977048,3.6978471279144287
0,2.275,3.6704757,3.6705307960510254
0,1.4499999,3.643583,3.6435487270355225
0,1.775,3.6168635,3.616886615753174
0,2.025,2.1688733,2.168647289276123
0,1.9749999,4.3558626,4.356100082397461
0,2.275,4.321754,4.321876049041748
0,1.4499999,4.287476,4.287819862365723
0,1.725,4.254173,4.253863334655762
0,6.025,4.2205515,4.220778942108154
0,6.25,4.187957,4.187589645385742
0,3.825,4.1551223,4.155049800872803
0,3.475,4.1228957,4.122939109802246
0,7.625,4.0911202,4.090913772583008
0,7.5,4.0593452,4.059688568115234
0,5.6,4.0283546,4.028672695159912
0,4.3749995,3.997399,3.997317314147949
0,2.9250002,3.96692,3.967099666595459
0,3.0749998,3.9367511,3.936866521835327
0,2.05,3.90694,3.90718936920166
0,1.9000001,3.8770638,3.8774189949035645
0,2.7500002,3.8483613,3.8482754230499268
0,1.675,3.8193285,3.8194875717163086
0,1.7,3.7906651,3.790684461593628
0,1.8249999,3.7624905,3.7625339031219482
0,1.5250001,3.7343981,3.7345757484436035
0,2.1499999,3.7070346,3.70703387260437
0,1.875,3.679206,3.6793456077575684
0,2.1000001,1.175,1.1749999523162842
0,1.4,1.175,1.1749999523162842
0,1.85,1.175,1.1749999523162842
0,1.375,1.175,1.1749999523162842
0,3.3,1.175,1.1749999523162842
0,4.4249997,1.175,1.1749999523162842
0,7.275,1.175,1.1749999523162842
0,7.9249997,1.175,1.1749999523162842
0,4.225,1.175,1.1749999523162842
0,7.5,1.175,1.1749999523162842
0,8.775,1.175,1.1749999523162842
0,4.675,1.175,1.1749999523162842
0,3.8000002,1.175,1.1749999523162842
0,3.1499999,1.175,1.1749999523162842
0,2.8500001,1.175,1.1749999523162842
0,2.775,1.175,1.1749999523162842
0,2.4,1.175,1.1749999523162842
0,1.85,1.175,1.1749999523162842
0,1.375,1.175,1.1749999523162842
0,1.475,1.175,1.1749999523162842
0,1.475,1.175,1.1749999523162842
0,1.4,1.175,1.1749999523162842
0,1.475,1.175,1.1749999523162842
0,1.375,1.175,1.1749999523162842
0,1.625,1.175,1.1749999523162842
0,1.5250001,1.175,1.1749999523162842
0,1.4250001,1.175,1.1749999523162842
0,1.475,1.175,1.1749999523162842
0,2.775,1.175,1.1749999523162842
0,6.225,1.175,1.1749999523162842
0,6.7499995,1.175,1.1749999523162842
0,7.1000004,1.175,1.1749999523162842
0,4.2999997,1.175,1.1749999523162842
0,6.8,1.175,1.1749999523162842
0,7.3499994,1.175,1.1749999523162842
0,3.925,1.175,1.1749999523162842
0,2.575,1.175,1.1749999523162842
0,2.275,1.175,1.1749999523162842
0,1.4499999,1.175,1.1749999523162842
0,1.4499999,1.175,1.1749999523162842
0,2.6750002,1.175,1.1749999523162842
0,1.5999999,1.175,1.1749999523162842
0,1.4250001,1.175,1.1749999523162842
0,1.375,1.175,1.1749999523162842
0,1.4,1.175,1.1749999523162842
0,1.8249999,1.175,1.1749999523162842
0,1.375,1.175,1.1749999523162842
0,1.475,1.175,1.1749999523162842
0,1.475,1.175,1.1749999523162842
0,1.325,1.175,1.1749999523162842
0,1.3499999,1.175,1.1749999523162842
0,1.375,1.175,1.1749999523162842
0,1.9000001,1.175,1.1749999523162842
0,7.0000005,1.175,1.1749999523162842
0,7.725,1.175,1.1749999523162842
0,7.025,1.175,1.1749999523162842
0,4.0,1.175,1.1749999523162842
0,4.6,1.175,1.1749999523162842
0,3.925,1.175,1.1749999523162842
0,4.025,1.175,1.1749999523162842
0,2.625,1.175,1.1749999523162842
0,1.675,1.175,1.1749999523162842
0,1.95,1.175,1.1749999523162842
0,1.875,1.175,1.1749999523162842
0,1.5999999,1.175,1.1749999523162842
0,1.9250001,1.175,1.1749999523162842
0,1.8,1.175,1.1749999523162842
0,1.4250001,1.175,1.1749999523162842
0,1.775,1.175,1.1749999523162842
0,1.3,1.175,1.1749999523162842
0,1.7500001,1.175,1.1749999523162842
0,1.375,1.175,1.1749999523162842
0,1.3499999,1.175,1.1749999523162842
0,1.475,1.175,1.1749999523162842
0,1.5749999,1.175,1.1749999523162842
0,1.475,1.175,1.1749999523162842
0,1.4,1.175,1.1749999523162842
0,1.7,1.175,1.1749999523162842
0,1.5,1.175,1.1749999523162842
0,1.475,1.175,1.1749999523162842
0,1.8,1.175,1.1749999523162842
0,1.5749999,1.175,1.1749999523162842
0,1.7500001,1.175,1.1749999523162842
0,1.5999999,1.175,1.1749999523162842
0,2.4750001,1.175,1.1749999523162842
0,1.5749999,1.175,1.1749999523162842
0,1.7,1.175,1.1749999523162842
0,1.475,1.175,1.1749999523162842
0,1.475,1.175,1.1749999523162842
0,1.325,1.175,1.1749999523162842
0,1.675,1.175,1.1749999523162842
0,1.625,1.175,1.1749999523162842
0,1.475,1.175,1.1749999523162842
0,1.65,1.175,1.1749999523162842
0,1.4250001,1.175,1.1749999523162842
0,1.325,1.175,1.1749999523162842
0,1.95,1.175,1.1749999523162842
0,1.3499999,1.175,1.1749999523162842
0,1.375,1.175,1.1749999523162842
0,1.5749999,1.175,1.1749999523162842
0,1.475,1.175,1.1749999523162842
0,1.4,1.175,1.1749999523162842
0,1.9000001,1.175,1.1749999523162842
0,1.625,1.175,1.1749999523162842
0,1.5,1.175,1.1749999523162842
0,2.125,1.175,1.1749999523162842
0,1.625,1.175,1.1749999523162842
0,2.1000001,1.175,1.1749999523162842
0,1.775,1.175,1.1749999523162842
0,1.7,1.175,1.1749999523162842
0,1.5999999,1.175,1.1749999523162842
0,1.5500001,1.175,1.1749999523162842
0,1.5250001,1.175,1.1749999523162842
0,1.225,1.175,1.1749999523162842
0,1.5250001,1.175,1.1749999523162842
0,1.3499999,1.175,1.1749999523162842
0,1.725,1.175,1.1749999523162842
0,1.725,1.175,1.1749999523162842
0,1.375,1.175,1.1749999523162842
0,1.375,1.175,1.1749999523162842
0,1.5,2.1966655,2.196678400039673
0,1.4,4.2759194,4.276004791259766
0,1.375,4.24243,4.242476463317871
0,1.4499999,4.2093515,4.209344863891602
0,2.975,4.176539,4.176595211029053
0,3.825,4.1439886,4.144082546234131
0,3.9750001,4.111961,4.11190938949585
0,4.825,4.080236,4.0802483558654785
0,4.05,4.0487866,4.0488433837890625
0,4.475,4.017583,4.017777919769287
0,4.35,3.9870932,3.987018346786499
0,4.3749995,3.956629,3.9566168785095215
0,3.8000002,3.9264946,3.9265389442443848
0,3.2250001,3.8967602,3.8967936038970947
0,2.4750001,3.8673856,3.8673245906829834
0,2.0,3.83823,3.838231086730957
0,1.625,3.8095422,3.809455633163452
0,2.025,3.7809908,3.781001091003418
0,1.4499999,3.7528083,3.7528183460235596
0,1.85,3.7249699,3.7249579429626465
0,1.8249999,3.6974313,3.697436809539795
0,1.5999999,3.6700797,3.6701157093048096
0,1.4,3.6431317,3.6431539058685303
0,1.4250001,3.6164675,3.6164474487304688
0,1.625,2.1681328,2.168182134628296
0,1.675,4.355395,4.355326175689697
0,1.675,4.320812,4.32083797454834
0,1.5999999,4.287036,4.2870965003967285
0,2.575,4.2532883,4.25337553024292
0,2.9250002,4.2200093,4.219974517822266
0,3.1999998,4.187074,4.186970233917236
0,3.6,4.1544447,4.1546430587768555
0,3.175,4.122548,4.122544765472412
0,3.1000001,4.0904536,4.090356826782227
0,2.7,4.0588436,4.058861255645752
0,3.925,4.027913,4.027782917022705
0,3.525,3.9973247,3.9969820976257324
0,3.4,3.9664145,3.966536521911621
0,2.4,3.93622,3.936283826828003
0,2.2,3.9064777,3.9064438343048096
0,1.9749999,3.8770783,3.8770205974578857
0,2.225,3.8476148,3.8477413654327393
0,1.85,3.8189476,3.8191640377044678
0,1.5749999,3.7903335,3.7902328968048096
0,1.4250001,3.7621036,3.762011766433716
0,1.5999999,3.7343268,3.7341315746307373
0,2.025,3.7062151,3.706280469894409
0,1.475,3.679098,3.679030179977417
0,1.5250001,1.175,1.1749999523162842
0,1.5500001,1.175,1.1749999523162842
0,1.5500001,1.175,1.1749999523162842
0,1.4499999,1.175,1.1749999523162842
0,1.875,1.175,1.1749999523162842
0,3.0749998,1.175,1.1749999523162842
0,3.6750002,1.175,1.1749999523162842
0,3.6499999,1.175,1.1749999523162842
0,3.0749998,1.175,1.1749999523162842
0,3.8000002,1.175,1.1749999523162842
0,4.6,1.175,1.1749999523162842
0,4.4,1.175,1.1749999523162842
0,4.075,1.175,1.1749999523162842
0,3.1999998,1.175,1.1749999523162842
0,2.35,1.175,1.1749999523162842
0,2.225,1.175,1.1749999523162842
0,1.8,1.175,1.1749999523162842
0,1.5,1.175,1.1749999523162842
0,2.075,1.175,1.1749999523162842
0,1.85,1.175,1.1749999523162842
0,2.25,1.175,1.1749999523162842
0,1.5,1.175,1.1749999523162842
0,2.2,1.175,1.1749999523162842
0,1.5749999,1.175,1.1749999523162842
0,1.4,1.175,1.1749999523162842
0,1.625,1.175,1.1749999523162842
0,1.725,1.175,1.1749999523162842
0,1.5250001,1.175,1.1749999523162842
0,2.35,1.175,1.1749999523162842
0,3.55,1.175,1.1749999523162842
0,4.25,1.175,1.1749999523162842
0,3.7749999,1.175,1.1749999523162842
0,4.3749995,1.175,1.1749999523162842
0,4.45,1.175,1.1749999523162842
0,3.6750002,1.175,1.1749999523162842
0,3.6750002,1.175,1.1749999523162842
0,4.6499996,1.175,1.1749999523162842
0,3.55,1.175,1.1749999523162842
0,2.025,1.175,1.1749999523162842
0,1.9749999,1.175,1.1749999523162842
0,2.0,1.175,1.1749999523162842
0,2.45,1.175,1.1749999523162842
0,2.35,1.175,1.1749999523162842
0,1.5749999,1.175,1.1749999523162842
0,1.65,1.175,1.1749999523162842
0,2.3000002,1.175,1.1749999523162842
0,1.625,1.175,1.1749999523162842
0,1.475,1.175,1.1749999523162842
0,1.5500001,1.175,1.1749999523162842
0,1.5,1.175,1.1749999523162842
0,1.3499999,1.175,1.1749999523162842
0,1.5250001,1.175,1.1749999523162842
0,2.1499999,1.175,1.1749999523162842
0,3.7,1.175,1.1749999523162842
0,4.525,1.175,1.1749999523162842
0,5.5,1.175,1.1749999523162842
0,4.4,1.175,1.1749999523162842
0,4.5,1.175,1.1749999523162842
0,5.75,1.175,1.1749999523162842
0,3.8999999,1.175,1.1749999523162842
0,3.8999999,1.175,1.1749999523162842
0,3.0,1.175,1.1749999523162842
0,2.35,1.175,1.1749999523162842
0,2.225,1.175,1.1749999523162842
0,2.1000001,1.175,1.1749999523162842
0,1.5500001,1.175,1.1749999523162842
0,1.5500001,1.175,1.1749999523162842
0,1.5999999,1.175,1.1749999523162842
0,1.5500001,1.175,1.1749999523162842
0,1.65,1.175,1.1749999523162842
0,1.5999999,1.175,1.1749999523162842
0,1.4499999,1.175,1.1749999523162842
0,1.5749999,1.175,1.1749999523162842
0,1.5500001,1.175,1.1749999523162842
0,1.4250001,1.175,1.1749999523162842
0,1.5250001,1.175,1.1749999523162842
0,1.5250001,1.175,1.1749999523162842
0,1.475,1.175,1.1749999523162842
0,1.625,1.175,1.1749999523162842
0,1.5749999,1.175,1.1749999523162842
0,1.475,1.175,1.1749999523162842
0,1.8249999,1.175,1.1749999523162842
0,1.7,1.175,1.1749999523162842
0,1.5749999,1.175,1.1749999523162842
0,1.5999999,1.175,1.1749999523162842
0,1.5,1.175,1.1749999523162842
0,1.625,1.175,1.1749999523162842
0,1.5999999,1.175,1.1749999523162842
0,1.875,1.175,1.1749999523162842
0,1.65,1.175,1.1749999523162842
0,1.5,1.175,1.1749999523162842
0,1.625,1.175,1.1749999523162842
0,1.4,1.175,1.1749999523162842
0,1.5999999,1.175,1.1749999523162842
0,1.4,1.175,1.1749999523162842
0,1.5749999,1.175,1.1749999523162842
0,1.625,1.175,1.1749999523162842
0,1.5999999,1.175,1.1749999523162842
0,1.725,1.175,1.1749999523162842
0,1.65,1.175,1.1749999523162842
0,1.5999999,1.175,1.1749999523162842
0,1.5500001,1.175,1.1749999523162842
0,1.675,1.175,1.1749999523162842
0,1.5999999,1.175,1.1749999523162842
0,1.65,1.175,1.1749999523162842
0,1.875,1.175,1.1749999523162842
0,1.875,1.175,1.1749999523162842
0,2.625,1.175,1.1749999523162842
0,1.9000001,1.175,1.1749999523162842
0,1.9000001,1.175,1.1749999523162842
0,1.875,1.175,1.1749999523162842
0,2.4,1.175,1.1749999523162842
0,1.3499999,1.175,1.1749999523162842
0,1.725,1.175,1.1749999523162842
0,1.9250001,1.175,1.1749999523162842
0,1.9000001,1.175,1.1749999523162842
0,1.5999999,1.175,1.1749999523162842
0,1.8,1.175,1.1749999523162842
0,1.7500001,1.175,1.1749999523162842
0,1.3499999,1.175,1.1749999523162842
0,1.775,2.196508,2.19645357131958
0,1.775,4.2755265,4.275526523590088
0,1.25,4.242112,4.242010593414307
0,1.725,4.2088857,4.208847999572754
0,2.325,4.1760497,4.176051139831543
0,4.025,4.143521,4.143640995025635
0,4.2999997,4.1114798,4.111462593078613
0,4.275,4.079651,4.079811096191406
0,4.125,4.04843,4.048335075378418
0,4.4,4.017361,4.017309188842773
0,3.7,3.9866593,3.9866058826446533
0,3.625,3.9561262,3.956130266189575
0,3.35,3.9261687,3.926164150238037
0,2.3000002,3.8964493,3.896425724029541
0,2.425,3.8669977,3.86694598197937
0,1.7,3.837866,3.837815284729004
0,1.9000001,3.8090837,3.8090322017669678
0,1.65,3.7806625,3.7805426120758057
0,1.275,3.7524836,3.752444267272949
0,1.275,3.7245383,3.724513292312622
0,1.4499999,3.6969695,3.6969494819641113
0,1.625,3.669688,3.669677257537842
0,1.225,3.6427379,3.642733335494995
0,1.25,3.6160429,3.616088628768921
0,1.25,2.1679683,2.1680045127868652
0,1.225,4.3547015,4.354835510253906
0,1.375,4.3204594,4.3205485343933105
0,1.325,4.2866483,4.286627292633057
0,2.45,4.2531066,4.2530670166015625
0,3.75,4.219473,4.219997882843018
0,3.1999998,4.186787,4.1866984367370605
0,4.475,4.154393,4.154335021972656
0,4.025,4.1218476,4.1219892501831055
0,4.1,4.0901427,4.090108871459961
0,4.125,4.0589576,4.05860710144043
0,3.25,4.0272923,4.027437686920166
0,3.625,3.996628,3.9965085983276367
0,2.4,3.9662423,3.96585750579834
0,2.45,3.9358268,3.9358372688293457
0,1.725,3.906339,3.906142234802246
0,2.1499999,3.8765252,3.876349687576294
0,2.4,3.8473337,3.8474693298339844
0,2.325,3.8184512,3.818434476852417
0,1.85,3.7899876,3.790062189102173
0,1.3499999,3.7615519,3.7615573406219482
0,1.275,3.7336745,3.7336339950561523
0,1.2,3.705691,3.7058920860290527
0,1.225,3.678802,3.67878794670105
0,1.275,1.175,1.1749999523162842
0,1.8249999,1.175,1.1749999523162842
0,1.9749999,1.175,1.1749999523162842
0,1.65,1.175,1.1749999523162842
0,2.5,1.175,1.1749999523162842
0,3.275,1.175,1.1749999523162842
0,3.875,1.175,1.1749999523162842
0,3.6,1.175,1.1749999523162842
0,3.0500002,1.175,1.1749999523162842
0,3.6499999,1.175,1.1749999523162842
0,4.2999997,1.175,1.1749999523162842
0,4.1749997,1.175,1.1749999523162842
0,3.475,1.175,1.1749999523162842
0,2.35,1.175,1.1749999523162842
0,2.175,1.175,1.1749999523162842
0,1.65,1.175,1.1749999523162842
0,1.325,1.175,1.1749999523162842
0,1.3,1.175,1.1749999523162842
0,1.875,1.175,1.1749999523162842
0,1.5500001,1.175,1.1749999523162842
0,1.3,1.175,1.1749999523162842
0,1.225,1.175,1.1749999523162842
0,1.8,1.175,1.1749999523162842
0,1.775,1.175,1.1749999523162842
0,1.7500001,1.175,1.1749999523162842
0,1.4499999,1.175,1.1749999523162842
0,1.175,1.175,1.1749999523162842
0,1.8,1.175,1.1749999523162842
0,2.5249999,1.175,1.1749999523162842
0,3.45,1.175,1.1749999523162842
0,4.1,1.175,1.1749999523162842
0,4.3250003,1.175,1.1749999523162842
0,3.8500001,1.175,1.1749999523162842
0,4.1749997,1.175,1.1749999523162842
0,4.8999996,1.175,1.1749999523162842
0,3.3249998,1.175,1.1749999523162842
0,3.8000002,1.175,1.1749999523162842
0,2.5,1.175,1.1749999523162842
0,2.7500002,1.175,1.1749999523162842
0,2.4750001,1.175,1.1749999523162842
0,2.775,1.175,1.1749999523162842
0,1.85,1.175,1.1749999523162842
0,1.5500001,1.175,1.1749999523162842
0,1.5250001,1.175,1.1749999523162842
0,2.1000001,1.175,1.1749999523162842
0,1.475,1.175,1.1749999523162842
0,1.3,1.175,1.1749999523162842
0,1.3,1.175,1.1749999523162842
0,2.1000001,1.175,1.1749999523162842
0,2.1499999,1.175,1.1749999523162842
0,1.175,1.175,1.1749999523162842
0,1.3,1.175,1.1749999523162842
0,2.6750002,1.175,1.1749999523162842
0,3.925,1.175,1.1749999523162842
0,3.8000002,1.175,1.1749999523162842
0,3.925,1.175,1.1749999523162842
0,3.45,1.175,1.1749999523162842
0,3.725,1.175,1.1749999523162842
0,6.3,1.175,1.1749999523162842
0,4.3749995,1.175,1.1749999523162842
0,3.6750002,1.175,1.1749999523162842
0,1.65,1.175,1.1749999523162842
0,3.0,1.175,1.1749999523162842
0,1.625,1.175,1.1749999523162842
0,2.35,1.175,1.1749999523162842
0,1.4250001,1.175,1.1749999523162842
0,1.3499999,1.175,1.1749999523162842
0,2.7,1.175,1.1749999523162842
0,1.275,1.175,1.1749999523162842
0,2.6750002,1.175,1.1749999523162842
0,1.3,1.175,1.1749999523162842
0,1.4499999,1.175,1.1749999523162842
0,2.825,1.175,1.1749999523162842
0,4.35,1.175,1.1749999523162842
0,4.4,1.175,1.1749999523162842
0,4.4249997,1.175,1.1749999523162842
0,4.525,1.175,1.1749999523162842
0,4.4,1.175,1.1749999523162842
0,4.525,1.175,1.1749999523162842
0,4.3749995,1.175,1.1749999523162842
0,4.6499996,1.175,1.1749999523162842
0,4.8,1.175,1.1749999523162842
0,4.625,1.175,1.1749999523162842
0,4.8999996,1.175,1.1749999523162842
0,4.6499996,1.175,1.1749999523162842
0,4.725,1.175,1.1749999523162842
0,4.7749996,1.175,1.1749999523162842
0,4.575,1.175,1.1749999523162842
0,4.75,1.175,1.1749999523162842
0,4.725,1.175,1.1749999523162842
0,4.475,1.175,1.1749999523162842
0,4.45,1.175,1.1749999523162842
0,4.475,1.175,1.1749999523162842
0,4.525,1.175,1.1749999523162842
0,4.475,1.175,1.1749999523162842
0,4.6,1.175,1.1749999523162842
0,4.475,1.175,1.1749999523162842
0,4.4,1.175,1.1749999523162842
0,4.575,1.175,1.1749999523162842
0,4.525,1.175,1.1749999523162842
0,4.3749995,1.175,1.1749999523162842
0,4.4249997,1.175,1.1749999523162842
0,4.575,1.175,1.1749999523162842
0,4.5499997,1.175,1.1749999523162842
0,1.25,1.175,1.1749999523162842
0,1.275,1.175,1.1749999523162842
0,1.5999999,1.175,1.1749999523162842
0,1.7,1.175,1.1749999523162842
0,1.4,1.175,1.1749999523162842
0,1.3499999,1.175,1.1749999523162842
0,1.8249999,1.175,1.1749999523162842
0,1.7,1.175,1.1749999523162842
0,1.3499999,1.175,1.1749999523162842
0,1.4,1.175,1.1749999523162842
0,1.3499999,1.175,1.1749999523162842
0,1.375,1.175,1.1749999523162842
0,1.25,1.175,1.1749999523162842
0,1.25,1.175,1.1749999523162842
0,1.3499999,1.175,1.1749999523162842
0,1.225,1.175,1.1749999523162842
0,1.225,2.1962798,2.1963577270507812
0,1.2,4.275021,4.275036334991455
0,1.25,4.241534,4.241556167602539
0,1.3499999,4.208348,4.208317756652832
0,4.45,4.175541,4.17563009262085
0,6.3,4.143147,4.143069744110107
0,4.5499997,4.111101,4.111065864562988
0,4.4249997,4.079323,4.079347610473633
0,4.1,4.047899,4.04791259765625
0,4.5499997,4.016825,4.016848087310791
0,7.9500003,3.9861124,3.9861345291137695
0,4.8,3.9557352,3.9557151794433594
0,4.8999996,3.9256098,3.9256505966186523
0,3.3249998,3.8959434,3.895937204360962
0,2.35,3.8665707,3.8665480613708496
0,2.6750002,3.837458,3.8374013900756836
0,1.9250001,3.8086948,3.808642625808716
0,1.9250001,3.7801461,3.780164957046509
0,2.35,3.752031,3.752016305923462
0,2.25,3.7241032,3.724090814590454
0,2.225,3.6966102,3.6966278553009033
0,1.95,3.6694229,3.669356107711792
0,1.375,3.642399,3.6423332691192627
0,1.4250001,3.6156924,3.6156585216522217
0,1.4499999,2.1679704,2.1678709983825684
0,1.625,4.354313,4.354296684265137
0,1.3,4.319772,4.319903373718262
0,1.2,4.2859416,4.2858405113220215
0,5.25,4.252585,4.252415657043457
0,3.025,4.219418,4.219147205352783
0,4.125,4.185986,4.186123371124268
0,4.825,4.153733,4.153436183929443
0,5.9,4.1215663,4.121514320373535
0,8.1,4.0897193,4.089759349822998
0,8.400001,4.0582075,4.0577850341796875
0,7.9249997,4.026907,4.026881217956543
0,7.15,3.9959567,3.9958536624908447
0,6.125,3.965569,3.965550661087036
0,5.725,3.9355493,3.93546199798584
0,4.85,3.9057074,3.9057698249816895
0,5.3999996,3.8759656,3.8758528232574463
0,5.025,3.846699,3.8469173908233643
0,4.85,3.81779,3.818127393722534
0,4.525,3.7895603,3.789428949356079
0,4.5,3.761007,3.761030435562134
0,4.475,3.7333755,3.73335599899292
0,4.5499997,3.7054925,3.7053678035736084
0,4.475,3.6783757,3.6780734062194824
0,4.475,1.175,1.1749999523162842
0,4.475,1.175,1.1749999523162842
0,4.4249997,1.175,1.1749999523162842
0,4.6499996,1.175,1.1749999523162842
0,5.2999997,1.175,1.1749999523162842
0,6.8750005,1.175,1.1749999523162842
0,7.9500003,1.175,1.1749999523162842
0,7.65,1.175,1.1749999523162842
0,7.1250005,1.175,1.1749999523162842
0,8.349999,1.175,1.1749999523162842
0,8.125,1.175,1.1749999523162842
0,7.625,1.175,1.1749999523162842
0,7.6749997,1.175,1.1749999523162842
0,6.25,1.175,1.1749999523162842
0,5.475,1.175,1.1749999523162842
0,5.025,1.175,1.1749999523162842
0,4.9249997,1.175,1.1749999523162842
0,4.5,1.175,1.1749999523162842
0,4.4,1.175,1.1749999523162842
0,4.4249997,1.175,1.1749999523162842
0,4.475,1.175,1.1749999523162842
0,1.325,1.175,1.1749999523162842
0,1.5250001,1.175,1.1749999523162842
0,1.325,1.175,1.1749999523162842
0,1.3499999,1.175,1.1749999523162842
0,1.4,1.175,1.1749999523162842
0,1.3,1.175,1.1749999523162842
0,1.275,1.175,1.1749999523162842
0,2.0,1.175,1.1749999523162842
0,5.775,1.175,1.1749999523162842
0,6.8,1.175,1.1749999523162842
0,6.8,1.175,1.1749999523162842
0,7.5499997,1.175,1.1749999523162842
0,7.6749997,1.175,1.1749999523162842
0,7.8250003,1.175,1.1749999523162842
0,4.575,1.175,1.1749999523162842
0,4.25,1.175,1.1749999523162842
0,2.9250002,1.175,1.1749999523162842
0,1.9000001,1.175,1.1749999523162842
0,1.7,1.175,1.1749999523162842
0,1.675,1.175,1.1749999523162842
0,1.875,1.175,1.1749999523162842
0,2.175,1.175,1.1749999523162842
0,1.5250001,1.175,1.1749999523162842
0,1.225,1.175,1.1749999523162842
0,1.225,1.175,1.1749999523162842
0,1.1500001,1.175,1.1749999523162842
0,1.2,1.175,1.1749999523162842
0,1.225,1.175,1.1749999523162842
0,1.275,1.175,1.1749999523162842
0,1.3,1.175,1.1749999523162842
0,1.1500001,1.175,1.1749999523162842
0,1.7,1.175,1.1749999523162842
0,2.9,1.175,1.1749999523162842
0,3.1000001,1.175,1.1749999523162842
0,3.8500001,1.175,1.1749999523162842
0,4.125,1.175,1.1749999523162842
0,4.475,1.175,1.1749999523162842
0,4.4249997,1.175,1.1749999523162842
0,4.625,1.175,1.1749999523162842
0,3.7,1.175,1.1749999523162842
0,2.7500002,1.175,1.1749999523162842
0,3.175,1.175,1.1749999523162842
0,2.7500002,1.175,1.1749999523162842
0,3.35,1.175,1.1749999523162842
0,3.925,1.175,1.1749999523162842
0,3.4999998,1.175,1.1749999523162842
0,2.425,1.175,1.1749999523162842
0,2.7250001,1.175,1.1749999523162842
0,2.575,1.175,1.1749999523162842
0,2.1499999,1.175,1.1749999523162842
0,2.3000002,1.175,1.1749999523162842
0,2.2,1.175,1.1749999523162842
0,2.7250001,1.175,1.1749999523162842
0,2.4,1.175,1.1749999523162842
0,2.5,1.175,1.1749999523162842
0,2.275,1.175,1.1749999523162842
0,2.7,1.175,1.1749999523162842
0,1.95,1.175,1.1749999523162842
0,2.4,1.175,1.1749999523162842
0,3.125,1.175,1.1749999523162842
0,3.425,1.175,1.1749999523162842
0,3.425,1.175,1.1749999523162842
0,4.3749995,1.175,1.1749999523162842
0,4.1,1.175,1.1749999523162842
0,4.125,1.175,1.1749999523162842
0,3.0500002,1.175,1.1749999523162842
0,3.3749998,1.175,1.1749999523162842
0,3.3249998,1.175,1.1749999523162842
0,2.7250001,1.175,1.1749999523162842
0,2.7250001,1.175,1.1749999523162842
0,2.7500002,1.175,1.1749999523162842
0,2.825,1.175,1.1749999523162842
0,2.5,1.175,1.1749999523162842
0,2.1000001,1.175,1.1749999523162842
0,2.075,1.175,1.1749999523162842
0,2.0,1.175,1.1749999523162842
0,2.25,1.175,1.1749999523162842
0,2.05,1.175,1.1749999523162842
0,2.2,1.175,1.1749999523162842
0,2.1499999,1.175,1.1749999523162842
0,2.225,1.175,1.1749999523162842
0,2.775,1.175,1.1749999523162842
0,2.875,1.175,1.1749999523162842
0,2.7500002,1.175,1.1749999523162842
0,3.275,1.175,1.1749999523162842
0,3.35,1.175,1.1749999523162842
0,3.25,1.175,1.1749999523162842
0,3.3249998,1.175,1.1749999523162842
0,3.45,1.175,1.1749999523162842
0,3.425,1.175,1.1749999523162842
0,2.6750002,1.175,1.1749999523162842
0,2.4,1.175,1.1749999523162842
0,1.875,1.175,1.1749999523162842
0,1.5500001,1.175,1.1749999523162842
0,1.5749999,1.175,1.1749999523162842
0,1.725,1.175,1.1749999523162842
0,1.4,1.175,1.1749999523162842
0,1.4499999,1.175,1.1749999523162842
0,1.85,1.175,1.1749999523162842
0,1.4,2.1961522,2.1961066722869873
0,1.85,4.2745094,4.274549961090088
0,1.4250001,4.240955,4.241032600402832
0,2.325,4.2078605,4.2078633308410645
0,2.575,4.1751146,4.175127983093262
0,2.95,4.142692,4.142672061920166
0,3.1499999,4.1105247,4.1105804443359375
0,4.2999997,4.078907,4.078846454620361
0,4.3749995,4.047492,4.047440528869629
0,4.575,4.016443,4.016430377960205
0,5.25,3.985674,3.985630750656128
0,5.0,3.9552624,3.955230236053467
0,4.85,3.9251838,3.925215005874634
0,4.1,3.8955586,3.895555019378662
0,2.65,3.8660524,3.866109609603882
0,3.45,3.8370547,3.8369431495666504
0,2.5249999,3.8082643,3.8082830905914307
0,2.6,3.7798073,3.7797718048095703
0,2.0,3.7516174,3.7516300678253174
0,2.275,3.723741,3.7237439155578613
0,2.625,3.6961498,3.696197986602783
0,2.1000001,3.6688724,3.668928623199463
0,2.575,3.641938,3.6419684886932373
0,2.0,3.6152737,3.615269660949707
0,2.45,2.1678834,2.167792797088623
0,2.075,4.3537593,4.353818416595459
0,2.9,4.3193054,4.3196868896484375
0,2.1499999,4.2858214,4.285335540771484
0,3.3749998,4.251821,4.251859664916992
0,3.1000001,4.2184725,4.218635559082031
0,2.95,4.1855865,4.185770034790039
0,4.125,4.153163,4.153050422668457
0,5.725,4.1212955,4.1207756996154785
0,4.1749997,4.089162,4.089263439178467
0,5.425,4.057581,4.057264804840088
0,5.6749997,4.0263987,4.026471138000488
0,4.475,3.99513,3.9955670833587646
0,3.8500001,3.965193,3.965158224105835
0,3.4,3.935046,3.9350385665893555
0,3.55,3.9051445,3.9051437377929688
0,2.4750001,3.8756597,3.8755648136138916
0,2.825,3.8462837,3.8463854789733887
0,3.175,3.8175426,3.8174514770507812
0,2.325,3.789058,3.7891767024993896
0,2.9250002,3.760521,3.760613203048706
0,2.575,3.7326975,3.7325797080993652
0,2.8500001,3.704795,3.7051451206207275
0,2.25,3.6779304,3.677572011947632
0,2.5,1.175,1.1749999523162842
0,2.1499999,1.175,1.1749999523162842
0,2.2,1.175,1.1749999523162842
0,2.1000001,1.175,1.1749999523162842
0,2.325,1.175,1.1749999523162842
0,3.45,1.175,1.1749999523162842
0,4.2999997,1.175,1.1749999523162842
0,4.675,1.175,1.1749999523162842
0,4.3250003,1.175,1.1749999523162842
0,4.2000003,1.175,1.1749999523162842
0,4.725,1.175,1.1749999523162842
0,5.375,1.175,1.1749999523162842
0,5.0,1.175,1.1749999523162842
0,4.05,1.175,1.1749999523162842
0,3.475,1.175,1.1749999523162842
0,3.425,1.175,1.1749999523162842
0,3.2250001,1.175,1.1749999523162842
0,3.0749998,1.175,1.1749999523162842
0,3.1000001,1.175,1.1749999523162842
0,2.9,1.175,1.1749999523162842
0,2.5,1.175,1.1749999523162842
0,2.425,1.175,1.1749999523162842
0,2.5,1.175,1.1749999523162842
0,2.4750001,1.175,1.1749999523162842
0,2.375,1.175,1.1749999523162842
0,2.875,1.175,1.1749999523162842
0,2.375,1.175,1.1749999523162842
0,2.175,1.175,1.1749999523162842
0,2.4750001,1.175,1.1749999523162842
0,4.575,1.175,1.1749999523162842
0,5.0499997,1.175,1.1749999523162842
0,5.15,1.175,1.1749999523162842
0,4.4,1.175,1.1749999523162842
0,4.225,1.175,1.1749999523162842
0,5.2,1.175,1.1749999523162842
0,4.975,1.175,1.1749999523162842
0,4.075,1.175,1.1749999523162842
0,3.7749999,1.175,1.1749999523162842
0,3.125,1.175,1.1749999523162842
0,3.3,1.175,1.1749999523162842
0,3.475,1.175,1.1749999523162842
0,2.975,1.175,1.1749999523162842
0,3.1499999,1.175,1.1749999523162842
0,2.5,1.175,1.1749999523162842
0,2.8500001,1.175,1.1749999523162842
0,2.9,1.175,1.1749999523162842
0,2.7,1.175,1.1749999523162842
0,2.4,1.175,1.1749999523162842
0,2.25,1.175,1.1749999523162842
0,2.55,1.175,1.1749999523162842
0,3.0,1.175,1.1749999523162842
0,3.0,1.175,1.1749999523162842
0,2.775,1.175,1.1749999523162842
0,4.85,1.175,1.1749999523162842
0,5.1749997,1.175,1.1749999523162842
0,5.425,1.175,1.1749999523162842
0,5.475,1.175,1.1749999523162842
0,5.475,1.175,1.1749999523162842
0,5.7999997,1.175,1.1749999523162842
0,4.625,1.175,1.1749999523162842
0,3.6,1.175,1.1749999523162842
0,3.45,1.175,1.1749999523162842
0,3.4,1.175,1.1749999523162842
0,3.45,1.175,1.1749999523162842
0,4.1,1.175,1.1749999523162842
0,3.925,1.175,1.1749999523162842
0,4.075,1.175,1.1749999523162842
0,3.825,1.175,1.1749999523162842
0,2.9,1.175,1.1749999523162842
0,2.45,1.175,1.1749999523162842
0,3.25,1.175,1.1749999523162842
0,2.3000002,1.175,1.1749999523162842
0,2.65,1.175,1.1749999523162842
0,2.7250001,1.175,1.1749999523162842
0,3.0500002,1.175,1.1749999523162842
0,2.6,1.175,1.1749999523162842
0,2.275,1.175,1.1749999523162842
0,2.35,1.175,1.1749999523162842
0,4.075,1.175,1.1749999523162842
0,3.825,1.175,1.1749999523162842
0,3.575,1.175,1.1749999523162842
0,4.275,1.175,1.1749999523162842
0,4.8,1.175,1.1749999523162842
0,4.85,1.175,1.1749999523162842
0,4.225,1.175,1.1749999523162842
0,3.6499999,1.175,1.1749999523162842
0,3.9750001,1.175,1.1749999523162842
0,4.125,1.175,1.1749999523162842
0,3.1999998,1.175,1.1749999523162842
0,3.275,1.175,1.1749999523162842
0,2.7250001,1.175,1.1749999523162842
0,2.8500001,1.175,1.1749999523162842
0,2.7500002,1.175,1.1749999523162842
0,2.9250002,1.175,1.1749999523162842
0,2.1000001,1.175,1.1749999523162842
0,2.4,1.175,1.1749999523162842
0,2.45,1.175,1.1749999523162842
0,3.0749998,1.175,1.1749999523162842
0,2.5,1.175,1.1749999523162842
0,2.7,1.175,1.1749999523162842
0,2.625,1.175,1.1749999523162842
0,2.4750001,1.175,1.1749999523162842
0,2.575,1.175,1.1749999523162842
0,3.8999999,1.175,1.1749999523162842
0,3.275,1.175,1.1749999523162842
0,3.475,1.175,1.1749999523162842
0,3.25,1.175,1.1749999523162842
0,3.6,1.175,1.1749999523162842
0,2.7500002,1.175,1.1749999523162842
0,2.575,1.175,1.1749999523162842
0,2.55,1.175,1.1749999523162842
0,2.95,1.175,1.1749999523162842
0,3.275,1.175,1.1749999523162842
0,2.8500001,1.175,1.1749999523162842
0,2.6750002,1.175,1.1749999523162842
0,2.95,1.175,1.1749999523162842
0,2.4,1.175,1.1749999523162842
0,2.4750001,1.175,1.1749999523162842
0,2.375,1.175,1.1749999523162842
0,2.425,1.175,1.1749999523162842
0,2.7250001,2.1959689,2.1960206031799316
0,2.325,4.274004,4.273998737335205
0,2.7250001,4.2405605,4.240559101104736
0,2.1000001,4.2074094,4.2073893547058105
0,2.125,4.1746664,4.174565315246582
0,2.9,4.1422133,4.142210960388184
0,3.725,4.1101313,4.110116481781006
0,3.6750002,4.078394,4.078368663787842
0,3.625,4.0470357,4.046875476837158
0,4.875,4.015903,4.015933990478516
0,4.7,3.9851696,3.9851958751678467
0,5.1749997,3.9547522,3.9548251628875732
0,4.6499996,3.9247038,3.9247565269470215
0,4.4249997,3.8950973,3.895028591156006
0,3.3,3.8655784,3.865657329559326
0,2.6,3.836532,3.8365795612335205
0,2.5249999,3.8077781,3.8077995777130127
0,1.65,3.7793362,3.7793140411376953
0,1.9749999,3.7511938,3.7511000633239746
0,1.475,3.7233658,3.723358392715454
0,1.675,3.6957757,3.695753812789917
0,2.075,3.6685123,3.6685268878936768
0,1.95,3.6415892,3.6415209770202637
0,1.725,3.6149144,3.614895820617676
0,1.5749999,2.1675422,2.1676645278930664
0,1.5749999,4.3534527,4.353595733642578
0,1.9749999,4.3188863,4.319179058074951
0,1.9000001,4.2852235,4.2850494384765625
0,2.5,4.2512956,4.251534461975098
0,3.575,4.217864,4.2182230949401855
0,3.475,4.1851153,4.185357570648193
0,4.075,4.152971,4.1528167724609375
0,3.45,4.120455,4.1204023361206055
0,3.575,4.0888524,4.088757514953613
0,3.1000001,4.057109,4.057040691375732
0,3.525,4.02604,4.0259480476379395
0,3.1999998,3.9949841,3.995248794555664
0,3.2250001,3.9649112,3.9649648666381836
0,2.575,3.93469,3.934612989425659
0,2.45,3.9046764,3.9046249389648438
0,2.35,3.875305,3.8752434253692627
0,2.2,3.8458853,3.8459224700927734
0,1.725,3.8172336,3.8172006607055664
0,1.4499999,3.7885015,3.788755416870117
0,1.5,3.760249,3.7601945400238037
0,1.5250001,3.7323847,3.7323415279388428
0,1.8,3.704812,3.704723358154297
0,1.375,3.6773539,3.6773018836975098
0,1.5749999,1.175,1.1749999523162842
0,1.8249999,1.175,1.1749999523162842
0,1.5,1.175,1.1749999523162842
0,1.5749999,1.175,1.1749999523162842
0,1.5250001,1.175,1.1749999523162842
0,1.4499999,1.175,1.1749999523162842
0,2.1000001,1.175,1.1749999523162842
0,2.1000001,1.175,1.1749999523162842
0,1.7500001,1.175,1.1749999523162842
0,1.8,1.175,1.1749999523162842
0,2.25,1.175,1.1749999523162842
0,1.775,1.175,1.1749999523162842
0,1.875,1.175,1.1749999523162842
0,1.775,1.175,1.1749999523162842
0,1.9250001,1.175,1.1749999523162842
0,1.7500001,1.175,1.1749999523162842
0,2.55,1.175,1.1749999523162842
0,2.05,1.175,1.1749999523162842
0,1.4,1.175,1.1749999523162842
0,1.8,1.175,1.1749999523162842
0,1.5,1.175,1.1749999523162842
0,1.95,1.175,1.1749999523162842
0,1.4250001,1.175,1.1749999523162842
0,1.775,1.175,1.1749999523162842
0,1.5250001,1.175,1.1749999523162842
0,1.875,1.175,1.1749999523162842
0,1.5500001,1.175,1.1749999523162842
0,1.625,1.175,1.1749999523162842
0,2.05,1.175,1.1749999523162842
0,3.3,1.175,1.1749999523162842
0,4.725,1.175,1.1749999523162842
0,4.825,1.175,1.1749999523162842
0,4.1749997,1.175,1.1749999523162842
0,4.35,1.175,1.1749999523162842
0,4.625,1.175,1.1749999523162842
0,3.7,1.175,1.1749999523162842
0,4.25,1.175,1.1749999523162842
0,2.8,1.175,1.1749999523162842
0,2.825,1.175,1.1749999523162842
0,2.9,1.175,1.1749999523162842
0,2.175,1.175,1.1749999523162842
0,1.775,1.175,1.1749999523162842
0,2.025,1.175,1.1749999523162842
0,1.95,1.175,1.1749999523162842
0,1.775,1.175,1.1749999523162842
0,1.95,1.175,1.1749999523162842
0,1.675,1.175,1.1749999523162842
0,1.5749999,1.175,1.1749999523162842
0,1.725,1.175,1.1749999523162842
0,1.5999999,1.175,1.1749999523162842
0,1.4,1.175,1.1749999523162842
0,1.675,1.175,1.1749999523162842
0,2.025,1.175,1.1749999523162842
0,4.0,1.175,1.1749999523162842
0,4.85,1.175,1.1749999523162842
0,4.6,1.175,1.1749999523162842
0,2.7,1.175,1.1749999523162842
0,4.875,1.175,1.1749999523162842
0,5.75,1.175,1.1749999523162842
0,4.725,1.175,1.1749999523162842
0,3.8500001,1.175,1.1749999523162842
0,2.975,1.175,1.1749999523162842
0,1.875,1.175,1.1749999523162842
0,2.875,1.175,1.1749999523162842
0,2.125,1.175,1.1749999523162842
0,2.1499999,1.175,1.1749999523162842
0,2.0,1.175,1.1749999523162842
0,1.775,1.175,1.1749999523162842
0,1.475,1.175,1.1749999523162842
0,1.65,1.175,1.1749999523162842
0,1.4499999,1.175,1.1749999523162842
0,2.35,1.175,1.1749999523162842
0,1.675,1.175,1.1749999523162842
0,1.7,1.175,1.1749999523162842
0,1.375,1.175,1.1749999523162842
0,1.5999999,1.175,1.1749999523162842
0,1.5250001,1.175,1.1749999523162842
0,2.225,1.175,1.1749999523162842
0,1.625,1.175,1.1749999523162842
0,1.9749999,1.175,1.1749999523162842
0,1.8,1.175,1.1749999523162842
0,2.4,1.175,1.1749999523162842
0,1.95,1.175,1.1749999523162842
0,2.1000001,1.175,1.1749999523162842
0,2.075,1.175,1.1749999523162842
0,2.375,1.175,1.1749999523162842
0,2.5249999,1.175,1.1749999523162842
0,2.3000002,1.175,1.1749999523162842
0,2.45,1.175,1.1749999523162842
0,1.85,1.175,1.1749999523162842
0,1.675,1.175,1.1749999523162842
0,2.1499999,1.175,1.1749999523162842
0,1.8249999,1.175,1.1749999523162842
0,1.95,1.175,1.1749999523162842
0,1.5999999,1.175,1.1749999523162842
0,1.5999999,1.175,1.1749999523162842
0,1.5749999,1.175,1.1749999523162842
0,2.025,1.175,1.1749999523162842
0,1.4,1.175,1.1749999523162842
0,2.225,1.175,1.1749999523162842
0,1.3499999,1.175,1.1749999523162842
0,1.675,1.175,1.1749999523162842
0,1.5250001,1.175,1.1749999523162842
0,2.325,1.175,1.1749999523162842
0,2.05,1.175,1.1749999523162842
0,2.825,1.175,1.1749999523162842
0,2.225,1.175,1.1749999523162842
0,1.9000001,1.175,1.1749999523162842
0,2.125,1.175,1.1749999523162842
0,2.05,1.175,1.1749999523162842
0,2.65,1.175,1.1749999523162842
0,1.7,1.175,1.1749999523162842
0,2.125,1.175,1.1749999523162842
0,2.1000001,1.175,1.1749999523162842
0,2.2,1.175,1.1749999523162842
0,1.9250001,1.175,1.1749999523162842
0,1.8,1.175,1.1749999523162842
0,2.5249999,1.175,1.1749999523162842
0,1.475,1.175,1.1749999523162842
0,2.0,1.175,1.1749999523162842
0,2.0,2.195818,2.195866823196411
0,1.9749999,4.273578,4.273571968078613
0,1.65,4.2400627,4.240042209625244
0,1.5250001,4.2069407,4.2069525718688965
0,2.05,4.174124,4.174084186553955
0,4.275,4.1416984,4.141705513000488
0,5.025,4.109567,4.10963249206543
0,5.375,4.077889,4.077911376953125
0,4.35,4.046545,4.046574115753174
0,5.75,4.015487,4.015479564666748
0,5.8749995,3.9847736,3.9847564697265625
0,5.225,3.954384,3.9544122219085693
0,6.3,3.9243543,3.924367666244507
0,4.225,3.8947158,3.894639015197754
0,2.825,3.865283,3.86523699760437
0,2.7250001,3.8361838,3.836167335510254
0,2.7500002,3.8073726,3.8073947429656982
0,1.95,3.7789178,3.7789318561553955
0,2.2,3.7508466,3.7508230209350586
0,1.5500001,3.7229953,3.7229039669036865
0,1.8,3.6953428,3.6954214572906494
0,1.9250001,3.668093,3.668124198913574
0,2.375,3.641185,3.6411476135253906
0,1.5250001,3.6145723,3.614515781402588
0,1.775,2.167289,2.167410135269165
0,2.125,4.352895,4.352914810180664
0,2.1000001,4.318501,4.318513870239258
0,1.8249999,4.2844257,4.284327507019043
0,2.7,4.250931,4.250883102416992
0,5.1749997,4.2178006,4.217657566070557
0,4.8999996,4.1846204,4.184841156005859
0,5.35,4.152565,4.152219295501709
0,6.0,4.1199813,4.120260238647461
0,6.6,4.0883427,4.088265419006348
0,7.7999997,4.056498,4.056738376617432
0,6.1499996,4.0257225,4.025352954864502
0,5.15,3.9945884,3.994762897491455
0,3.7749999,3.96415,3.9641854763031006
0,3.8999999,3.9341102,3.9339871406555176
0,2.7250001,3.9040189,3.9044387340545654
0,2.625,3.8746958,3.874833106994629
0,3.1000001,3.845369,3.8455045223236084
0,2.2,3.8167186,3.816767454147339
0,1.775,3.7881675,3.7881524562835693
0,1.65,3.7599754,3.759971857070923
0,1.7500001,3.7320743,3.7320351600646973
0,2.0,3.7040906,3.704347610473633
0,1.85,3.6771023,3.677095413208008
0,1.9000001,1.175,1.1749999523162842
0,1.4,1.175,1.1749999523162842
0,1.725,1.175,1.1749999523162842
0,1.4,1.175,1.1749999523162842
0,2.025,1.175,1.1749999523162842
0,4.45,1.175,1.1749999523162842
0,4.4,1.175,1.1749999523162842
0,4.2374997,1.175,1.1749999523162842
0,4.075,1.175,1.1749999523162842
0,6.25,1.175,1.1749999523162842
0,5.575,1.175,1.1749999523162842
0,5.9,1.175,1.1749999523162842
0,4.8999996,1.175,1.1749999523162842
0,3.825,1.175,1.1749999523162842
0,2.7,1.175,1.1749999523162842
0,2.95,1.175,1.1749999523162842
0,2.05,1.175,1.1749999523162842
0,1.625,1.175,1.1749999523162842
0,1.85,1.175,1.1749999523162842
0,2.0,1.175,1.1749999523162842
0,2.225,1.175,1.1749999523162842
0,1.5250001,1.175,1.1749999523162842
0,2.25,1.175,1.1749999523162842
0,1.4499999,1.175,1.1749999523162842
0,1.7,1.175,1.1749999523162842
0,1.4250001,1.175,1.1749999523162842
0,1.4,1.175,1.1749999523162842
0,2.175,1.175,1.1749999523162842
0,2.1499999,1.175,1.1749999523162842
0,4.475,1.175,1.1749999523162842
0,4.1749997,1.175,1.1749999523162842
0,5.825,1.175,1.1749999523162842
0,5.5,1.175,1.1749999523162842
0,7.0000005,1.175,1.1749999523162842
0,6.0,1.175,1.1749999523162842
0,6.475,1.175,1.1749999523162842
0,5.2,1.175,1.1749999523162842
0,3.6750002,1.175,1.1749999523162842
0,2.575,1.175,1.1749999523162842
0,2.65,1.175,1.1749999523162842
0,1.875,1.175,1.1749999523162842
0,2.05,1.175,1.1749999523162842
0,2.35,1.175,1.1749999523162842
0,1.775,1.175,1.1749999523162842
0,1.9250001,1.175,1.1749999523162842
0,1.5500001,1.175,1.1749999523162842
0,1.9749999,1.175,1.1749999523162842
0,2.1499999,1.175,1.1749999523162842
0,2.05,1.175,1.1749999523162842
0,1.775,1.175,1.1749999523162842
0,1.7,1.175,1.1749999523162842
0,2.125,1.175,1.1749999523162842
0,2.6,1.175,1.1749999523162842
0,4.85,1.175,1.1749999523162842
0,5.6499996,1.175,1.1749999523162842
0,5.825,1.175,1.1749999523162842
0,5.95,1.175,1.1749999523162842
0,5.975,1.175,1.1749999523162842
0,4.85,1.175,1.1749999523162842
0,4.625,1.175,1.1749999523162842
0,4.025,1.175,1.1749999523162842
0,2.4,1.175,1.1749999523162842
0,2.125,1.175,1.1749999523162842
0,1.85,1.175,1.1749999523162842
0,2.1000001,1.175,1.1749999523162842
0,1.65,1.175,1.1749999523162842
0,1.95,1.175,1.1749999523162842
0,1.725,1.175,1.1749999523162842
0,1.675,1.175,1.1749999523162842
0,2.0,1.175,1.1749999523162842
0,2.5,1.175,1.1749999523162842
0,1.5250001,1.175,1.1749999523162842
0,1.4,1.175,1.1749999523162842
0,1.4250001,1.175,1.1749999523162842
0,1.85,1.175,1.1749999523162842
0,1.675,1.175,1.1749999523162842
0,1.5500001,1.175,1.1749999523162842
0,1.65,1.175,1.1749999523162842
0,1.7,1.175,1.1749999523162842
0,1.775,1.175,1.1749999523162842
0,2.2,1.175,1.1749999523162842
0,1.9250001,1.175,1.1749999523162842
0,2.3000002,1.175,1.1749999523162842
0,1.8,1.175,1.1749999523162842
0,1.65,1.175,1.1749999523162842
0,1.675,1.175,1.1749999523162842
0,1.875,1.175,1.1749999523162842
0,2.3000002,1.175,1.1749999523162842
0,1.8,1.175,1.1749999523162842
0,1.9000001,1.175,1.1749999523162842
0,1.5,1.175,1.1749999523162842
0,1.4250001,1.175,1.1749999523162842
0,1.5500001,1.175,1.1749999523162842
0,1.5749999,1.175,1.1749999523162842
0,1.5,1.175,1.1749999523162842
0,1.5500001,1.175,1.1749999523162842
0,1.5250001,1.175,1.1749999523162842
0,1.475,1.175,1.1749999523162842
0,1.5500001,1.175,1.1749999523162842
0,1.275,1.175,1.1749999523162842
0,1.475,1.175,1.1749999523162842
0,1.4,1.175,1.1749999523162842
0,1.5250001,1.175,1.1749999523162842
0,2.4,1.175,1.1749999523162842
0,1.725,1.175,1.1749999523162842
0,1.7500001,1.175,1.1749999523162842
0,1.9749999,1.175,1.1749999523162842
0,1.3,1.175,1.1749999523162842
0,1.3499999,1.175,1.1749999523162842
0,1.625,1.175,1.1749999523162842
0,1.675,1.175,1.1749999523162842
0,2.0,1.175,1.1749999523162842
0,1.7,1.175,1.1749999523162842
0,1.4,1.175,1.1749999523162842
0,1.5,1.175,1.1749999523162842
0,1.625,1.175,1.1749999523162842
0,1.5749999,1.175,1.1749999523162842
0,1.5999999,1.175,1.1749999523162842
0,1.4,1.175,1.1749999523162842
0,1.475,1.175,1.1749999523162842
0,1.5250001,2.1957476,2.1957082748413086
0,1.5999999,4.273122,4.273112773895264
0,1.4250001,4.2395883,4.239577293395996
0,1.375,4.2063403,4.2064056396484375
0,2.5249999,4.1736975,4.173676013946533
0,3.875,4.1411395,4.141216278076172
0,5.0,4.1092176,4.109121322631836
0,5.15,4.077526,4.077451705932617
0,4.525,4.0461054,4.046061992645264
0,5.475,4.0150285,4.015020847320557
0,4.45,3.9843285,3.984374523162842
0,3.475,3.953971,3.9539685249328613
0,3.8500001,3.9239275,3.9239695072174072
0,3.125,3.8943076,3.894238233566284
0,2.4,3.8648837,3.8648343086242676
0,1.9250001,3.8357406,3.8357675075531006
0,1.4250001,3.8069324,3.807013511657715
0,1.625,3.7784798,3.778498411178589
0,1.8249999,3.7503464,3.7504212856292725
0,1.375,3.722507,3.7224743366241455
0,2.05,3.6950233,3.6949760913848877
0,1.3499999,3.667718,3.667689800262451
0,1.475,3.640723,3.640789031982422
0,1.4250001,3.6141913,3.6141414642333984
0,1.5500001,2.1674652,2.167316436767578
0,2.35,4.352079,4.352421283721924
0,1.4250001,4.318053,4.3179192543029785
0,1.5749999,4.284188,4.283712387084961
0,2.425,4.250659,4.250406742095947
0,3.75,4.2171025,4.217320919036865
0,4.5,4.184261,4.1840009689331055
0,4.1,4.1519127,4.151885032653809
0,3.3749998,4.119477,4.119637489318848
0,4.3749995,4.088088,4.087726593017578
0,5.2999997,4.0562277,4.056324481964111
0,4.525,4.024954,4.0253143310546875
0,4.025,3.994281,3.994318962097168
0,3.0500002,3.9640777,3.9639134407043457
0,2.575,3.933935,3.9337198734283447
0,2.975,3.9041514,3.9041383266448975
0,2.375,3.8744721,3.874572515487671
0,2.6,3.8449988,3.845322370529175
0,2.9250002,3.8161511,3.8164095878601074
0,2.1000001,3.787394,3.7878634929656982
0,1.775,3.7595303,3.7594175338745117
0,2.275,3.7315698,3.7316207885742188
0,2.275,3.7037778,3.703967571258545
0,1.9749999,3.676605,3.676664113998413
0,1.85,1.175,1.1749999523162842
0,1.9749999,1.175,1.1749999523162842
0,1.9000001,1.175,1.1749999523162842
0,2.075,1.175,1.1749999523162842
0,2.875,1.175,1.1749999523162842
0,4.675,1.175,1.1749999523162842
0,4.975,1.175,1.1749999523162842
0,4.5499997,1.175,1.1749999523162842
0,4.8,1.175,1.1749999523162842
0,4.8999996,1.175,1.1749999523162842
0,4.125,1.175,1.1749999523162842
0,4.2000003,1.175,1.1749999523162842
0,4.625,1.175,1.1749999523162842
0,4.5499997,1.175,1.1749999523162842
0,2.5249999,1.175,1.1749999523162842
0,2.0,1.175,1.1749999523162842
0,2.8,1.175,1.1749999523162842
0,1.5749999,1.175,1.1749999523162842
0,1.875,1.175,1.1749999523162842
0,1.4499999,1.175,1.1749999523162842
0,1.5250001,1.175,1.1749999523162842
0,1.5250001,1.175,1.1749999523162842
0,1.875,1.175,1.1749999523162842
0,1.475,1.175,1.1749999523162842
0,1.4,1.175,1.1749999523162842
0,1.5,1.175,1.1749999523162842
0,1.5,1.175,1.1749999523162842
0,1.4499999,1.175,1.1749999523162842
0,2.225,1.175,1.1749999523162842
0,3.75,1.175,1.1749999523162842
0,5.6499996,1.175,1.1749999523162842
0,4.825,1.175,1.1749999523162842
0,5.475,1.175,1.1749999523162842
0,5.2,1.175,1.1749999523162842
0,4.525,1.175,1.1749999523162842
0,6.075,1.175,1.1749999523162842
0,5.25,1.175,1.1749999523162842
0,5.275,1.175,1.1749999523162842
0,2.7,1.175,1.1749999523162842
0,2.375,1.175,1.1749999523162842
0,1.725,1.175,1.1749999523162842
0,2.175,1.175,1.1749999523162842
0,2.1499999,1.175,1.1749999523162842
0,1.9000001,1.175,1.1749999523162842
0,2.025,1.175,1.1749999523162842
0,1.5999999,1.175,1.1749999523162842
0,1.4499999,1.175,1.1749999523162842
0,1.4250001,1.175,1.1749999523162842
0,1.4499999,1.175,1.1749999523162842
0,1.4250001,1.175,1.1749999523162842
0,1.5749999,1.175,1.1749999523162842
0,1.7500001,1.175,1.1749999523162842
0,3.1999998,1.175,1.1749999523162842
0,6.0499997,1.175,1.1749999523162842
0,5.425,1.175,1.1749999523162842
0,5.0499997,1.175,1.1749999523162842
0,4.85,1.175,1.1749999523162842
0,4.875,1.175,1.1749999523162842
0,4.225,1.175,1.1749999523162842
0,4.075,1.175,1.1749999523162842
0,3.425,1.175,1.1749999523162842
0,3.025,1.175,1.1749999523162842
0,2.25,1.175,1.1749999523162842
0,2.225,1.175,1.1749999523162842
0,1.8249999,1.175,1.1749999523162842
0,1.9749999,1.175,1.1749999523162842
0,2.05,1.175,1.1749999523162842
0,1.9749999,1.175,1.1749999523162842
0,1.85,1.175,1.1749999523162842
0,1.8,1.175,1.1749999523162842
0,1.375,1.175,1.1749999523162842
0,1.5250001,1.175,1.1749999523162842
0,1.4,1.175,1.1749999523162842
0,1.4250001,1.175,1.1749999523162842
0,1.9749999,1.175,1.1749999523162842
0,1.5,1.175,1.1749999523162842
0,1.5250001,1.175,1.1749999523162842
0,1.5,1.175,1.1749999523162842
0,4.4,1.175,1.1749999523162842
0,4.85,1.175,1.1749999523162842
0,4.675,1.175,1.1749999523162842
0,4.3749995,1.175,1.1749999523162842
0,4.625,1.175,1.1749999523162842
0,3.575,1.175,1.1749999523162842
0,4.275,1.175,1.1749999523162842
0,4.275,1.175,1.1749999523162842
0,4.6,1.175,1.1749999523162842
0,2.25,1.175,1.1749999523162842
0,1.725,1.175,1.1749999523162842
0,2.175,1.175,1.1749999523162842
0,1.7500001,1.175,1.1749999523162842
0,1.8,1.175,1.1749999523162842
0,1.375,1.175,1.1749999523162842
0,1.375,1.175,1.1749999523162842
0,1.5500001,1.175,1.1749999523162842
0,1.375,1.175,1.1749999523162842
0,1.375,1.175,1.1749999523162842
0,1.4250001,1.175,1.1749999523162842
0,1.4250001,1.175,1.1749999523162842
0,1.4,1.175,1.1749999523162842
0,1.5500001,1.175,1.1749999523162842
0,1.325,1.175,1.1749999523162842
0,3.0,1.175,1.1749999523162842
0,3.575,1.175,1.1749999523162842
0,3.425,1.175,1.1749999523162842
0,3.35,1.175,1.1749999523162842
0,3.1999998,1.175,1.1749999523162842
0,3.25,1.175,1.1749999523162842
0,3.1499999,1.175,1.1749999523162842
0,2.5249999,1.175,1.1749999523162842
0,2.0,1.175,1.1749999523162842
0,2.175,1.175,1.1749999523162842
0,1.9000001,1.175,1.1749999523162842
0,2.425,1.175,1.1749999523162842
0,1.4,1.175,1.1749999523162842
0,1.4250001,1.175,1.1749999523162842
0,1.4499999,1.175,1.1749999523162842
0,1.7500001,1.175,1.1749999523162842
0,1.5250001,1.175,1.1749999523162842
0,1.625,1.175,1.1749999523162842
0,1.4250001,2.1954348,2.1954338550567627
0,1.475,4.2725697,4.272553443908691
0,1.5749999,4.238966,4.239015102386475
0,1.375,4.2059517,4.20597505569458
0,2.575,4.1731696,4.173131465911865
0,3.3249998,4.140783,4.140758037567139
0,3.7,4.108684,4.1086506843566895
0,4.3250003,4.0769076,4.076985836029053
0,4.15,4.045561,4.045559406280518
0,3.925,4.0145884,4.014517784118652
0,4.025,3.983874,3.9839022159576416
0,3.525,3.953536,3.9534716606140137
0,3.0500002,3.92352,3.923447608947754
0,2.55,3.893818,3.893728256225586
0,2.55,3.8643634,3.864377737045288
0,2.4750001,3.8352218,3.8352465629577637
0,2.775,3.8065143,3.8065013885498047
0,2.05,3.7780433,3.7781360149383545
0,1.5250001,3.749939,3.7499215602874756
0,1.8249999,3.7220824,3.72213077545166
0,1.5749999,3.6944983,3.694528102874756
0,1.5250001,3.6674335,3.6673290729522705
0,1.375,3.6403604,3.64036226272583
0,1.775,3.6137502,3.6137380599975586
0,1.5,2.167159,2.1671855449676514
0,1.4499999,4.3518276,4.351681709289551
0,1.3,4.317598,4.317531108856201
0,1.775,4.28353,4.283617973327637
0,2.1499999,4.249725,4.250232696533203
0,3.575,4.2166853,4.216837406158447
0,4.5,4.183779,4.183845520019531
0,5.25,4.1512465,4.151309490203857
0,3.925,4.1192217,4.119195461273193
0,4.05,4.087217,4.087191581726074
0,4.35,4.0558596,4.0556559562683105
0,3.4,4.024712,4.024657249450684
0,4.4,3.993598,3.993640899658203
0,2.95,3.9636269,3.963524580001831
0,2.5249999,3.9331534,3.9332351684570312
0,1.675,3.903342,3.9034714698791504
0,2.225,3.873991,3.8738481998443604
0,2.625,3.8447857,3.8448164463043213
0,2.1499999,3.8161416,3.816007375717163
0,1.4499999,3.787313,3.78739070892334
0,1.65,3.7590506,3.759038209915161
0,1.5250001,3.7311223,3.7311229705810547
0,1.5250001,3.703544,3.7035796642303467
0,1.85,3.6760283,3.6763834953308105
0,1.4,1.175,1.1749999523162842
0,1.625,1.175,1.1749999523162842
0,1.4250001,1.175,1.1749999523162842
0,1.5749999,1.175,1.1749999523162842
0,2.7500002,1.175,1.1749999523162842
0,4.275,1.175,1.1749999523162842
0,6.35,1.175,1.1749999523162842
0,6.125,1.175,1.1749999523162842
0,3.3249998,1.175,1.1749999523162842
0,6.35,1.175,1.1749999523162842
0,5.6499996,1.175,1.1749999523162842
0,3.6750002,1.175,1.1749999523162842
0,3.625,1.175,1.1749999523162842
0,3.1000001,1.175,1.1749999523162842
0,3.1499999,1.175,1.1749999523162842
0,2.0,1.175,1.1749999523162842
0,1.5749999,1.175,1.1749999523162842
0,1.5999999,1.175,1.1749999523162842
0,1.5250001,1.175,1.1749999523162842
0,1.5500001,1.175,1.1749999523162842
0,1.875,1.175,1.1749999523162842
0,1.775,1.175,1.1749999523162842
0,1.4250001,1.175,1.1749999523162842
0,1.4250001,1.175,1.1749999523162842
0,1.5999999,1.175,1.1749999523162842
0,1.5250001,1.175,1.1749999523162842
0,1.4250001,1.175,1.1749999523162842
0,1.5,1.175,1.1749999523162842
0,2.3000002,1.175,1.1749999523162842
0,4.95,1.175,1.1749999523162842
0,5.7999997,1.175,1.1749999523162842
0,5.2,1.175,1.1749999523162842
0,4.0,1.175,1.1749999523162842
0,5.7,1.175,1.1749999523162842
0,4.225,1.175,1.1749999523162842
0,3.55,1.175,1.1749999523162842
0,3.4,1.175,1.1749999523162842
0,2.825,1.175,1.1749999523162842
0,2.8500001,1.175,1.1749999523162842
0,2.1499999,1.175,1.1749999523162842
0,1.4499999,1.175,1.1749999523162842
0,2.125,1.175,1.1749999523162842
0,1.8249999,1.175,1.1749999523162842
0,1.5500001,1.175,1.1749999523162842
0,1.5500001,1.175,1.1749999523162842
0,1.5999999,1.175,1.1749999523162842
0,1.7,1.175,1.1749999523162842
0,1.475,1.175,1.1749999523162842
0,1.4499999,1.175,1.1749999523162842
0,1.4250001,1.175,1.1749999523162842
0,1.3499999,1.175,1.1749999523162842
0,2.1875,1.175,1.1749999523162842
0,3.025,1.175,1.1749999523162842
0,4.475,1.175,1.1749999523162842
0,5.0,1.175,1.1749999523162842
0,5.2,1.175,1.1749999523162842
0,4.125,1.175,1.1749999523162842
0,5.5249996,1.175,1.1749999523162842
0,5.425,1.175,1.1749999523162842
0,3.275,1.175,1.1749999523162842
0,2.5249999,1.175,1.1749999523162842
0,2.65,1.175,1.1749999523162842
0,1.9000001,1.175,1.1749999523162842
0,2.425,1.175,1.1749999523162842
0,2.9250002,1.175,1.1749999523162842
0,2.6,1.175,1.1749999523162842
0,2.875,1.175,1.1749999523162842
0,1.9749999,1.175,1.1749999523162842
0,1.325,1.175,1.1749999523162842
0,1.625,1.175,1.1749999523162842
0,1.475,1.175,1.1749999523162842
0,1.5,1.175,1.1749999523162842
0,1.25,1.175,1.1749999523162842
0,1.775,1.175,1.1749999523162842
0,1.325,1.175,1.1749999523162842
0,1.3,1.175,1.1749999523162842
0,1.325,1.175,1.1749999523162842
0,1.325,1.175,1.1749999523162842
0,1.8249999,1.175,1.1749999523162842
0,2.8500001,1.175,1.1749999523162842
0,2.7250001,1.175,1.1749999523162842
0,2.9,1.175,1.1749999523162842
0,2.8,1.175,1.1749999523162842
0,3.1999998,1.175,1.1749999523162842
0,3.425,1.175,1.1749999523162842
0,3.475,1.175,1.1749999523162842
0,2.4,1.175,1.1749999523162842
0,1.95,1.175,1.1749999523162842
0,1.7,1.175,1.1749999523162842
0,1.4250001,1.175,1.1749999523162842
0,1.7,1.175,1.1749999523162842
0,1.4,1.175,1.1749999523162842
0,1.725,1.175,1.1749999523162842
0,1.3499999,1.175,1.1749999523162842
0,1.325,1.175,1.1749999523162842
0,1.65,1.175,1.1749999523162842
0,1.275,1.175,1.1749999523162842
0,1.4,1.175,1.1749999523162842
0,1.325,1.175,1.1749999523162842
0,1.3499999,1.175,1.1749999523162842
0,1.4499999,1.175,1.1749999523162842
0,1.7,1.175,1.1749999523162842
0,2.45,1.175,1.1749999523162842
0,2.875,1.175,1.1749999523162842
0,3.2250001,1.175,1.1749999523162842
0,3.275,1.175,1.1749999523162842
0,3.4999998,1.175,1.1749999523162842
0,2.9250002,1.175,1.1749999523162842
0,3.1000001,1.175,1.1749999523162842
0,3.125,1.175,1.1749999523162842
0,2.25,1.175,1.1749999523162842
0,3.0500002,1.175,1.1749999523162842
0,1.775,1.175,1.1749999523162842
0,2.05,1.175,1.1749999523162842
0,1.7,1.175,1.1749999523162842
0,1.3499999,1.175,1.1749999523162842
0,1.225,1.175,1.1749999523162842
0,1.3499999,1.175,1.1749999523162842
0,1.375,1.175,1.1749999523162842
0,1.375,1.175,1.1749999523162842
0,1.25,2.1953204,2.1953468322753906
0,1.4,4.2719693,4.272077560424805
0,1.375,4.2386584,4.238553047180176
0,1.275,4.2054424,4.205413341522217
0,2.6750002,4.1727743,4.172696590423584
0,3.8999999,4.1402793,4.140237808227539
0,4.7749996,4.1082478,4.108258247375488
0,6.225,4.076516,4.076530456542969
0,5.6499996,4.0450907,4.045206069946289
0,5.0499997,4.014182,4.014167308807373
0,6.675,3.9833813,3.9834699630737305
0,4.7,3.953037,3.9530246257781982
0,4.475,3.9230318,3.92301869392395
0,3.7749999,3.8932729,3.893336772918701
0,2.5,3.8640096,3.8638505935668945
0,2.0,3.834853,3.8348851203918457
0,1.875,3.806121,3.8061041831970215
0,1.5500001,3.7777417,3.777609348297119
0,1.5749999,3.7495847,3.7495973110198975
0,1.4,3.7216718,3.7217280864715576
0,1.4,3.6941106,3.6941726207733154
0,1.7,3.6669574,3.666900157928467
0,1.725,3.6399775,3.639982223510742
0,1.375,3.6133742,3.6133618354797363
0,1.5,2.1669867,2.1667165756225586
0,1.275,4.3510756,4.351236343383789
0,1.5250001,4.3166947,4.316874980926514
0,1.4499999,4.28277,4.282716274261475
0,2.45,4.2496014,4.249442100524902
0,4.4,4.215948,4.216254711151123
0,5.075,4.183458,4.18292760848999
0,5.95,4.150421,4.150713920593262
0,4.7749996,4.118659,4.118690013885498
0,5.1249995,4.0866866,4.08677339553833
0,5.475,4.0551996,4.055087566375732
0,3.7749999,4.024276,4.024030685424805
0,4.4249997,3.9932957,3.9932000637054443
0,2.575,3.9627001,3.96273136138916
0,2.5,3.9327707,3.9329748153686523
0,1.5999999,3.9030173,3.903000831604004
0,1.5999999,3.873409,3.873363971710205
0,2.3000002,3.8439,3.844057321548462
0,2.225,3.8155107,3.815516710281372
0,1.5999999,3.7870061,3.7868266105651855
0,1.5999999,3.7587276,3.7584311962127686
0,1.4499999,3.7309527,3.7308404445648193
0,1.375,3.7030993,3.7031381130218506
0,1.95,3.6754856,3.6755752563476562
0,1.3,1.175,1.1749999523162842
0,1.475,1.175,1.1749999523162842
0,1.4499999,1.175,1.1749999523162842
0,1.4250001,1.175,1.1749999523162842
0,2.625,1.175,1.1749999523162842
0,5.55,1.175,1.1749999523162842
0,5.375,1.175,1.1749999523162842
0,4.825,1.175,1.1749999523162842
0,5.2999997,1.175,1.1749999523162842
0,4.875,1.175,1.1749999523162842
0,6.0499997,1.175,1.1749999523162842
0,4.6,1.175,1.1749999523162842
0,4.9249997,1.175,1.1749999523162842
0,4.075,1.175,1.1749999523162842
0,3.1499999,1.175,1.1749999523162842
0,3.275,1.175,1.1749999523162842
0,2.0,1.175,1.1749999523162842
0,2.1000001,1.175,1.1749999523162842
0,1.8249999,1.175,1.1749999523162842
0,1.5749999,1.175,1.1749999523162842
0,1.5749999,1.175,1.1749999523162842
0,1.85,1.175,1.1749999523162842
0,2.075,1.175,1.1749999523162842
0,1.5500001,1.175,1.1749999523162842
0,1.3499999,1.175,1.1749999523162842
0,1.8249999,1.175,1.1749999523162842
0,2.05,1.175,1.1749999523162842
0,1.475,1.175,1.1749999523162842
0,2.9,1.175,1.1749999523162842
0,3.4999998,1.175,1.1749999523162842
0,4.075,1.175,1.1749999523162842
0,4.3250003,1.175,1.1749999523162842
0,4.4,1.175,1.1749999523162842
0,3.7749999,1.175,1.1749999523162842
0,4.2000003,1.175,1.1749999523162842
0,5.575,1.175,1.1749999523162842
0,3.9499998,1.175,1.1749999523162842
0,2.5249999,1.175,1.1749999523162842
0,2.575,1.175,1.1749999523162842
0,2.425,1.175,1.1749999523162842
0,1.5500001,1.175,1.1749999523162842
0,2.05,1.175,1.1749999523162842
0,1.8,1.175,1.1749999523162842
0,1.5250001,1.175,1.1749999523162842
0,1.725,1.175,1.1749999523162842
0,2.125,1.175,1.1749999523162842
0,1.85,1.175,1.1749999523162842
0,1.5,1.175,1.1749999523162842
0,1.5749999,1.175,1.1749999523162842
0,1.5,1.175,1.1749999523162842
0,1.65,1.175,1.1749999523162842
0,1.5250001,1.175,1.1749999523162842
0,2.825,1.175,1.1749999523162842
0,3.4999998,1.175,1.1749999523162842
0,4.225,1.175,1.1749999523162842
0,3.425,1.175,1.1749999523162842
0,3.55,1.175,1.1749999523162842
0,3.35,1.175,1.1749999523162842
0,3.025,1.175,1.1749999523162842
0,3.475,1.175,1.1749999523162842
0,3.3,1.175,1.1749999523162842
0,2.35,1.175,1.1749999523162842
0,3.1000001,1.175,1.1749999523162842
0,2.7,1.175,1.1749999523162842
0,3.0500002,1.175,1.1749999523162842
0,3.75,1.175,1.1749999523162842
0,3.0500002,1.175,1.1749999523162842
0,1.9000001,1.175,1.1749999523162842
0,1.65,1.175,1.1749999523162842
0,1.3499999,1.175,1.1749999523162842
0,1.3499999,1.175,1.1749999523162842
0,1.4499999,1.175,1.1749999523162842
0,1.7,1.175,1.1749999523162842
0,2.225,1.175,1.1749999523162842
0,1.65,1.175,1.1749999523162842
0,1.5250001,1.175,1.1749999523162842
0,1.325,1.175,1.1749999523162842
0,1.325,1.175,1.1749999523162842
0,3.525,1.175,1.1749999523162842
0,3.7,1.175,1.1749999523162842
0,3.35,1.175,1.1749999523162842
0,3.6499999,1.175,1.1749999523162842
0,4.1749997,1.175,1.1749999523162842
0,4.075,1.175,1.1749999523162842
0,4.0,1.175,1.1749999523162842
0,3.7,1.175,1.1749999523162842
0,3.2250001,1.175,1.1749999523162842
0,2.55,1.175,1.1749999523162842
0,2.225,1.175,1.1749999523162842
0,2.5249999,1.175,1.1749999523162842
0,2.875,1.175,1.1749999523162842
0,2.7500002,1.175,1.1749999523162842
0,2.375,1.175,1.1749999523162842
0,1.95,1.175,1.1749999523162842
0,2.5,1.175,1.1749999523162842
0,2.025,1.175,1.1749999523162842
0,2.05,1.175,1.1749999523162842
0,2.05,1.175,1.1749999523162842
0,2.25,1.175,1.1749999523162842
0,1.95,1.175,1.1749999523162842
0,2.05,1.175,1.1749999523162842
0,2.325,1.175,1.1749999523162842
0,2.4,1.175,1.1749999523162842
0,2.575,1.175,1.1749999523162842
0,3.0500002,1.175,1.1749999523162842
0,3.525,1.175,1.1749999523162842
0,3.6499999,1.175,1.1749999523162842
0,3.6499999,1.175,1.1749999523162842
0,2.65,1.175,1.1749999523162842
0,1.7,1.175,1.1749999523162842
0,1.5500001,1.175,1.1749999523162842
0,1.5500001,1.175,1.1749999523162842
0,2.4750001,1.175,1.1749999523162842
0,2.425,1.175,1.1749999523162842
0,1.775,1.175,1.1749999523162842
0,1.275,1.175,1.1749999523162842
0,1.375,1.175,1.1749999523162842
0,1.5999999,1.175,1.1749999523162842
0,1.325,1.175,1.1749999523162842
0,1.775,1.175,1.1749999523162842
0,1.25,2.1951365,2.195207357406616
0,1.3,4.271603,4.27151346206665
0,1.1,4.238112,4.238054275512695
0,1.3,4.2049837,4.204983234405518
0,2.1499999,4.172265,4.172258377075195
0,3.4,4.1399055,4.13982629776001
0,4.075,4.107758,4.107759952545166
0,5.2999997,4.0760174,4.076108932495117
0,4.1,4.0446663,4.044675827026367
0,3.4,4.0136786,4.0137128829956055
0,3.6499999,3.9830346,3.983020067214966
0,5.0,3.9527037,3.9526572227478027
0,4.875,3.9226,3.9225821495056152
0,3.825,3.8928866,3.892896890640259
0,2.8500001,3.8634996,3.8635334968566895
0,2.0,3.834437,3.8344502449035645
0,1.7,3.805698,3.805698871612549
0,1.5999999,3.777203,3.7772669792175293
0,1.775,3.7490542,3.7491257190704346
0,1.625,3.7213154,3.721390724182129
0,1.475,3.693836,3.6938140392303467
0,1.625,3.6665351,3.6665282249450684
0,1.4499999,3.6395802,3.6396255493164062
0,1.8249999,3.6130176,3.6129744052886963
0,1.225,2.1668026,2.1668949127197266
0,1.4499999,4.3505645,4.3509135246276855
0,1.3499999,4.3164797,4.31658935546875
0,1.4,4.2825236,4.282655715942383
0,2.325,4.2490096,4.248873710632324
0,3.6499999,4.215892,4.215617656707764
0,4.8999996,4.1829705,4.182747840881348
0,5.2,4.150059,4.150310039520264
0,5.5,4.1180964,4.118365287780762
0,4.825,4.0864654,4.086384296417236
0,5.7999997,4.0549283,4.054791450500488
0,4.625,4.0236344,4.02390193939209
0,4.525,3.9929686,3.9927260875701904
0,3.3749998,3.9625123,3.9626805782318115
0,2.625,3.9323964,3.9322779178619385
0,1.8249999,3.902632,3.9025180339813232
0,1.5250001,3.872988,3.872981548309326
0,3.1000001,3.843692,3.8436174392700195
0,2.1499999,3.8149865,3.814913272857666
0,1.9749999,3.786563,3.786400556564331
0,1.375,3.7582932,3.7580931186676025
0,1.8249999,3.7303212,3.7302844524383545
0,1.375,3.7026076,3.702545404434204
0,1.625,3.6752834,3.6752681732177734
0,2.1000001,1.175,1.1749999523162842
0,1.85,1.175,1.1749999523162842
0,1.4499999,1.175,1.1749999523162842
0,2.175,1.175,1.1749999523162842
0,3.825,1.175,1.1749999523162842
0,3.8999999,1.175,1.1749999523162842
0,4.875,1.175,1.1749999523162842
0,4.275,1.175,1.1749999523162842
0,4.025,1.175,1.1749999523162842
0,3.9499998,1.175,1.1749999523162842
0,3.8500001,1.175,1.1749999523162842
0,4.7,1.175,1.1749999523162842
0,4.6,1.175,1.1749999523162842
0,3.25,1.175,1.1749999523162842
0,2.275,1.175,1.1749999523162842
0,1.725,1.175,1.1749999523162842
0,2.7250001,1.175,1.1749999523162842
0,2.45,1.175,1.1749999523162842
0,1.675,1.175,1.1749999523162842
0,1.95,1.175,1.1749999523162842
0,1.5749999,1.175,1.1749999523162842
0,1.625,1.175,1.1749999523162842
0,1.675,1.175,1.1749999523162842
0,1.65,1.175,1.1749999523162842
0,1.7500001,1.175,1.1749999523162842
0,1.95,1.175,1.1749999523162842
0,1.5749999,1.175,1.1749999523162842
0,1.65,1.175,1.1749999523162842
0,2.575,1.175,1.1749999523162842
0,3.425,1.175,1.1749999523162842
0,4.2999997,1.175,1.1749999523162842
0,3.725,1.175,1.1749999523162842
0,3.6750002,1.175,1.1749999523162842
0,4.2999997,1.175,1.1749999523162842
0,4.825,1.175,1.1749999523162842
0,5.25,1.175,1.1749999523162842
0,3.9750001,1.175,1.1749999523162842
0,3.75,1.175,1.1749999523162842
0,2.25,1.175,1.1749999523162842
0,2.175,1.175,1.1749999523162842
0,1.875,1.175,1.1749999523162842
0,2.7250001,1.175,1.1749999523162842
0,1.7,1.175,1.1749999523162842
0,1.3,1.175,1.1749999523162842
0,1.675,1.175,1.1749999523162842
0,1.275,1.175,1.1749999523162842
0,1.375,1.175,1.1749999523162842
0,1.375,1.175,1.1749999523162842
0,1.3,1.175,1.1749999523162842
0,1.7500001,1.175,1.1749999523162842
0,2.175,1.175,1.1749999523162842
0,1.5749999,1.175,1.1749999523162842
0,3.0749998,1.175,1.1749999523162842
0,3.35,1.175,1.1749999523162842
0,4.3749995,1.175,1.1749999523162842
0,5.1,1.175,1.1749999523162842
0,5.0,1.175,1.1749999523162842
0,4.0,1.175,1.1749999523162842
0,4.025,1.175,1.1749999523162842
0,4.275,1.175,1.1749999523162842
0,4.225,1.175,1.1749999523162842
0,4.6,1.175,1.1749999523162842
0,3.125,1.175,1.1749999523162842
0,3.525,1.175,1.1749999523162842
0,4.1749997,1.175,1.1749999523162842
0,4.3749995,1.175,1.1749999523162842
0,4.4249997,1.175,1.1749999523162842
0,4.125,1.175,1.1749999523162842
0,2.6,1.175,1.1749999523162842
0,2.0,1.175,1.1749999523162842
0,2.25,1.175,1.1749999523162842
0,2.075,1.175,1.1749999523162842
0,2.175,1.175,1.1749999523162842
0,2.3000002,1.175,1.1749999523162842
0,2.225,1.175,1.1749999523162842
0,2.5249999,1.175,1.1749999523162842
0,2.225,1.175,1.1749999523162842
0,2.175,1.175,1.1749999523162842
0,4.35,1.175,1.1749999523162842
0,3.6499999,1.175,1.1749999523162842
0,5.025,1.175,1.1749999523162842
0,5.1,1.175,1.1749999523162842
0,5.1,1.175,1.1749999523162842
0,4.6499996,1.175,1.1749999523162842
0,4.8999996,1.175,1.1749999523162842
0,4.875,1.175,1.1749999523162842
0,4.075,1.175,1.1749999523162842
0,3.1000001,1.175,1.1749999523162842
0,2.9,1.175,1.1749999523162842
0,2.0,1.175,1.1749999523162842
0,1.3499999,1.175,1.1749999523162842
0,1.3499999,1.175,1.1749999523162842
0,1.4,1.175,1.1749999523162842
0,1.475,1.175,1.1749999523162842
0,1.725,1.175,1.1749999523162842
0,1.5999999,1.175,1.1749999523162842
0,1.4250001,1.175,1.1749999523162842
0,1.375,1.175,1.1749999523162842
0,1.5,1.175,1.1749999523162842
0,1.4250001,1.175,1.1749999523162842
0,1.325,1.175,1.1749999523162842
0,2.3000002,1.175,1.1749999523162842
0,4.2000003,1.175,1.1749999523162842
0,4.45,1.175,1.1749999523162842
0,3.7749999,1.175,1.1749999523162842
0,3.725,1.175,1.1749999523162842
0,4.225,1.175,1.1749999523162842
0,4.275,1.175,1.1749999523162842
0,2.9,1.175,1.1749999523162842
0,2.4,1.175,1.1749999523162842
0,3.3749998,1.175,1.1749999523162842
0,2.9,1.175,1.1749999523162842
0,2.375,1.175,1.1749999523162842
0,2.9,1.175,1.1749999523162842
0,1.625,1.175,1.1749999523162842
0,1.4250001,1.175,1.1749999523162842
0,1.5,1.175,1.1749999523162842
0,1.4,1.175,1.1749999523162842
0,2.05,1.175,1.1749999523162842
0,2.075,1.175,1.1749999523162842
0,1.4250001,2.1950564,2.195013999938965
0,1.8249999,4.2709956,4.271073341369629
0,1.5500001,4.237575,4.2375664710998535
0,1.325,4.2044716,4.204500198364258
0,2.875,4.1717253,4.171747207641602
0,3.725,4.1393447,4.1393208503723145
0,4.15,4.1073346,4.107419013977051
0,5.6749997,4.0755367,4.075611114501953
0,4.625,4.044266,4.044269561767578
0,4.975,4.0132394,4.013192653656006
0,4.025,3.9825137,3.9824817180633545
0,3.525,3.952093,3.9522013664245605
0,2.8,3.9221299,3.922119140625
0,2.275,3.892424,3.8924777507781982
0,2.275,3.863071,3.8630661964416504
0,2.25,3.8339813,3.83402681350708
0,2.55,3.8053098,3.8051962852478027
0,2.65,3.7768114,3.7768375873565674
0,2.275,3.7486668,3.748687505722046
0,1.5749999,3.7208693,3.7208664417266846
0,1.625,3.6934206,3.6933445930480957
0,1.475,3.6661284,3.6661269664764404
0,1.4250001,3.6392324,3.6391794681549072
0,1.625,3.6125045,3.6125495433807373
0,1.675,2.166494,2.166374683380127
0,1.625,4.3500447,4.350313663482666
0,1.5999999,4.3159356,4.3161091804504395
0,1.5999999,4.2820816,4.282111644744873
0,3.3,4.248178,4.248828887939453
0,6.025,4.215282,4.21512508392334
0,6.175,4.182084,4.182417392730713
0,5.75,4.14987,4.149770259857178
0,4.9249997,4.117689,4.1176862716674805
0,5.9249997,4.085803,4.085738658905029
0,5.3999996,4.0541763,4.0544538497924805
0,3.625,4.0232377,4.023556709289551
0,3.6,3.992633,3.99259090423584
0,3.0500002,3.962096,3.961991548538208
0,3.45,3.9320936,3.9322023391723633
0,2.175,3.902337,3.9019722938537598
0,3.3749998,3.8725343,3.872680187225342
0,3.875,3.8433027,3.84330677986145
0,2.875,3.8147023,3.814600706100464
0,1.7,3.7861888,3.785987615585327
0,1.4,3.7580147,3.7578256130218506
0,1.3499999,3.7300599,3.729963779449463
0,1.475,3.7022321,3.7022054195404053
0,1.5749999,3.6748486,3.6747729778289795
0,1.675,1.175,1.1749999523162842
0,1.3499999,1.175,1.1749999523162842
0,1.475,1.175,1.1749999523162842
0,1.4499999,1.175,1.1749999523162842
0,2.625,1.175,1.1749999523162842
0,4.85,1.175,1.1749999523162842
0,5.7,1.175,1.1749999523162842
0,5.425,1.175,1.1749999523162842
0,3.3249998,1.175,1.1749999523162842
0,5.375,1.175,1.1749999523162842
0,4.725,1.175,1.1749999523162842
0,4.475,1.175,1.1749999523162842
0,5.0499997,1.175,1.1749999523162842
0,4.225,1.175,1.1749999523162842
0,5.5249996,1.175,1.1749999523162842
0,3.2250001,1.175,1.1749999523162842
0,4.6499996,1.175,1.1749999523162842
0,2.875,1.175,1.1749999523162842
0,2.2,1.175,1.1749999523162842
0,2.25,1.175,1.1749999523162842
0,1.875,1.175,1.1749999523162842
0,2.4,1.175,1.1749999523162842
0,2.275,1.175,1.1749999523162842
0,1.9250001,1.175,1.1749999523162842
0,1.8249999,1.175,1.1749999523162842
0,1.95,1.175,1.1749999523162842
0,1.9749999,1.175,1.1749999523162842
0,2.05,1.175,1.1749999523162842
0,2.075,1.175,1.1749999523162842
0,4.525,1.175,1.1749999523162842
0,7.1749997,1.175,1.1749999523162842
0,6.8750005,1.175,1.1749999523162842
0,6.1499996,1.175,1.1749999523162842
0,8.325,1.175,1.1749999523162842
0,6.2749996,1.175,1.1749999523162842
0,6.975,1.175,1.1749999523162842
0,4.9249997,1.175,1.1749999523162842
0,6.425,1.175,1.1749999523162842
0,3.125,1.175,1.1749999523162842
0,3.9750001,1.175,1.1749999523162842
0,6.85,1.175,1.1749999523162842
0,2.625,1.175,1.1749999523162842
0,2.5249999,1.175,1.1749999523162842
0,2.95,1.175,1.1749999523162842
0,1.8249999,1.175,1.1749999523162842
0,1.9749999,1.175,1.1749999523162842
0,1.8249999,1.175,1.1749999523162842
0,2.075,1.175,1.1749999523162842
0,1.5250001,1.175,1.1749999523162842
0,1.625,1.175,1.1749999523162842
0,1.65,1.175,1.1749999523162842
0,2.05,1.175,1.1749999523162842
0,3.925,1.175,1.1749999523162842
0,3.3,1.175,1.1749999523162842
0,6.625,1.175,1.1749999523162842
0,5.1,1.175,1.1749999523162842
0,4.075,1.175,1.1749999523162842
0,5.2999997,1.175,1.1749999523162842
0,4.1749997,1.175,1.1749999523162842
0,5.775,1.175,1.1749999523162842
0,6.125,1.175,1.1749999523162842
0,5.275,1.175,1.1749999523162842
0,2.65,1.175,1.1749999523162842
0,1.875,1.175,1.1749999523162842
0,2.125,1.175,1.1749999523162842
0,2.6750002,1.175,1.1749999523162842
0,2.575,1.175,1.1749999523162842
0,1.625,1.175,1.1749999523162842
0,1.5250001,1.175,1.1749999523162842
0,1.625,1.175,1.1749999523162842
0,1.9749999,1.175,1.1749999523162842
0,1.65,1.175,1.1749999523162842
0,1.5500001,1.175,1.1749999523162842
0,1.4,1.175,1.1749999523162842
0,1.5999999,1.175,1.1749999523162842
0,1.725,1.175,1.1749999523162842
0,1.4250001,1.175,1.1749999523162842
0,1.5500001,1.175,1.1749999523162842
0,3.6,1.175,1.1749999523162842
0,3.25,1.175,1.1749999523162842
0,5.5249996,1.175,1.1749999523162842
0,6.55,1.175,1.1749999523162842
0,6.4500003,1.175,1.1749999523162842
0,5.375,1.175,1.1749999523162842
0,4.4249997,1.175,1.1749999523162842
0,5.75,1.175,1.1749999523162842
0,3.525,1.175,1.1749999523162842
0,4.075,1.175,1.1749999523162842
0,3.1499999,1.175,1.1749999523162842
0,2.45,1.175,1.1749999523162842
0,1.675,1.175,1.1749999523162842
0,1.85,1.175,1.1749999523162842
0,1.725,1.175,1.1749999523162842
0,1.9000001,1.175,1.1749999523162842
0,2.05,1.175,1.1749999523162842
0,1.7,1.175,1.1749999523162842
0,2.175,1.175,1.1749999523162842
0,1.8249999,1.175,1.1749999523162842
0,1.5999999,1.175,1.1749999523162842
0,1.65,1.175,1.1749999523162842
0,1.65,1.175,1.1749999523162842
0,1.675,1.175,1.1749999523162842
0,3.0500002,1.175,1.1749999523162842
0,2.8,1.175,1.1749999523162842
0,4.0,1.175,1.1749999523162842
0,3.8999999,1.175,1.1749999523162842
0,3.3,1.175,1.1749999523162842
0,3.1999998,1.175,1.1749999523162842
0,4.2000003,1.175,1.1749999523162842
0,4.1,1.175,1.1749999523162842
0,2.65,1.175,1.1749999523162842
0,2.9250002,1.175,1.1749999523162842
0,3.2250001,1.175,1.1749999523162842
0,1.9749999,1.175,1.1749999523162842
0,1.65,1.175,1.1749999523162842
0,1.675,1.175,1.1749999523162842
0,1.65,1.175,1.1749999523162842
0,1.9250001,1.175,1.1749999523162842
0,1.625,1.175,1.1749999523162842
0,1.675,1.175,1.1749999523162842
0,1.725,2.194859,2.194791793823242
0,1.675,4.270459,4.270632743835449
0,1.775,4.237101,4.237105369567871
0,2.075,4.2039385,4.203973770141602
0,3.2250001,4.1711235,4.17120885848999
0,4.15,4.1388383,4.138881683349609
0,7.4750004,4.1066775,4.1068196296691895
0,6.5,4.075116,4.075109481811523
0,6.6,4.043757,4.043732166290283
0,5.8749995,4.012722,4.012758255004883
0,5.1,3.982079,3.982114791870117
0,5.85,3.951754,3.9516379833221436
0,7.325,3.9217534,3.921628475189209
0,7.4249997,3.8919594,3.892022132873535
0,6.0,3.8626738,3.862622022628784
0,4.075,3.833662,3.833588123321533
0,5.2999997,3.8048053,3.8049240112304688
0,3.925,3.7764225,3.7763631343841553
0,3.1000001,3.7482738,3.748265504837036
0,2.825,3.7204466,3.7204556465148926
0,2.6,3.6929657,3.692897319793701
0,2.5249999,3.6657245,3.665735960006714
0,2.575,3.63877,3.63877534866333
0,2.65,3.6121671,3.612102508544922
0,2.6,2.166366,2.1662192344665527
0,2.6,4.349641,4.349682807922363
0,2.9250002,4.3157525,4.315422058105469
0,2.55,4.281831,4.281586170196533
0,4.35,4.248109,4.247852325439453
0,5.1249995,4.2147512,4.214879512786865
0,7.2250004,4.1819487,4.182048797607422
0,8.275,4.1492686,4.1492438316345215
0,8.474999,4.117134,4.117367267608643
0,8.849999,4.085366,4.085539817810059
0,8.125,4.0537777,4.054012298583984
0,7.8999996,4.0231023,4.022801399230957
0,9.0,3.9919586,3.992095708847046
0,10.025001,3.9613965,3.961526870727539
0,4.8999996,3.931704,3.9313926696777344
0,5.1749997,3.9017956,3.9016335010528564
0,4.075,3.871995,3.872262954711914
0,3.3249998,3.8430202,3.8429110050201416
0,3.1000001,3.8141756,3.8143820762634277
0,2.65,3.785808,3.785629987716675
0,2.375,3.75756,3.757451295852661
0,2.95,3.7296224,3.729620933532715
0,2.5,3.7019386,3.702085018157959
0,2.4750001,3.6743796,3.674473285675049
0,2.55,1.175,1.1749999523162842
0,2.6,1.175,1.1749999523162842
0,2.875,1.175,1.1749999523162842
0,2.7500002,1.175,1.1749999523162842
0,3.9499998,1.175,1.1749999523162842
0,5.225,1.175,1.1749999523162842
0,7.5,1.175,1.1749999523162842
0,7.05,1.175,1.1749999523162842
0,7.75,1.175,1.1749999523162842
0,6.825,1.175,1.1749999523162842
0,5.55,1.175,1.1749999523162842
0,6.375,1.175,1.1749999523162842
0,7.525,1.175,1.1749999523162842
0,5.95,1.175,1.1749999523162842
0,4.6499996,1.175,1.1749999523162842
0,3.9499998,1.175,1.1749999523162842
0,5.425,1.175,1.1749999523162842
0,3.475,1.175,1.1749999523162842
0,2.075,1.175,1.1749999523162842
0,2.6,1.175,1.1749999523162842
0,3.2250001,1.175,1.1749999523162842
0,2.8500001,1.175,1.1749999523162842
0,2.45,1.175,1.1749999523162842
0,2.375,1.175,1.1749999523162842
0,2.825,1.175,1.1749999523162842
0,2.8500001,1.175,1.1749999523162842
0,2.825,1.175,1.1749999523162842
0,2.775,1.175,1.1749999523162842
0,3.8999999,1.175,1.1749999523162842
0,5.25,1.175,1.1749999523162842
0,9.025,1.175,1.1749999523162842
0,8.8,1.175,1.1749999523162842
0,9.299999,1.175,1.1749999523162842
0,8.525001,1.175,1.1749999523162842
0,7.2250004,1.175,1.1749999523162842
0,6.7499995,1.175,1.1749999523162842
0,7.6749997,1.175,1.1749999523162842
0,4.625,1.175,1.1749999523162842
0,2.8500001,1.175,1.1749999523162842
0,2.425,1.175,1.1749999523162842
0,3.9750001,1.175,1.1749999523162842
0,3.1499999,1.175,1.1749999523162842
0,3.0500002,1.175,1.1749999523162842
0,2.6750002,1.175,1.1749999523162842
0,2.225,1.175,1.1749999523162842
0,3.0500002,1.175,1.1749999523162842
0,2.575,1.175,1.1749999523162842
0,2.8,1.175,1.1749999523162842
0,2.65,1.175,1.1749999523162842
0,2.6750002,1.175,1.1749999523162842
0,2.575,1.175,1.1749999523162842
0,2.825,1.175,1.1749999523162842
0,4.5499997,1.175,1.1749999523162842
0,6.375,1.175,1.1749999523162842
0,7.875,1.175,1.1749999523162842
0,9.174999,1.175,1.1749999523162842
0,6.675,1.175,1.1749999523162842
0,6.95,1.175,1.1749999523162842
0,6.3,1.175,1.1749999523162842
0,5.5249996,1.175,1.1749999523162842
0,5.975,1.175,1.1749999523162842
0,5.7999997,1.175,1.1749999523162842
0,2.1499999,1.175,1.1749999523162842
0,2.5249999,1.175,1.1749999523162842
0,2.9250002,1.175,1.1749999523162842
0,4.4249997,1.175,1.1749999523162842
0,3.2250001,1.175,1.1749999523162842
0,2.8,1.175,1.1749999523162842
0,1.875,1.175,1.1749999523162842
0,2.625,1.175,1.1749999523162842
0,3.25,1.175,1.1749999523162842
0,3.0,1.175,1.1749999523162842
0,2.7500002,1.175,1.1749999523162842
0,3.55,1.175,1.1749999523162842
0,2.575,1.175,1.1749999523162842
0,2.7,1.175,1.1749999523162842
0,2.35,1.175,1.1749999523162842
0,2.65,1.175,1.1749999523162842
0,4.15,1.175,1.1749999523162842
0,3.825,1.175,1.1749999523162842
0,3.6499999,1.175,1.1749999523162842
0,3.875,1.175,1.1749999523162842
0,2.775,1.175,1.1749999523162842
0,2.575,1.175,1.1749999523162842
0,2.975,1.175,1.1749999523162842
0,3.825,1.175,1.1749999523162842
0,4.3749995,1.175,1.1749999523162842
0,3.8500001,1.175,1.1749999523162842
0,2.65,1.175,1.1749999523162842
0,1.7,1.175,1.1749999523162842
0,2.175,1.175,1.1749999523162842
0,2.425,1.175,1.1749999523162842
0,2.125,1.175,1.1749999523162842
0,2.175,1.175,1.1749999523162842
0,2.2,1.175,1.1749999523162842
0,2.325,1.175,1.1749999523162842
0,2.2,1.175,1.1749999523162842
0,2.25,1.175,1.1749999523162842
0,2.2,1.175,1.1749999523162842
0,2.1499999,1.175,1.1749999523162842
0,2.425,1.175,1.1749999523162842
0,2.1000001,1.175,1.1749999523162842
0,4.2999997,1.175,1.1749999523162842
0,5.2999997,1.175,1.1749999523162842
0,4.2000003,1.175,1.1749999523162842
0,4.625,1.175,1.1749999523162842
0,5.7999997,1.175,1.1749999523162842
0,4.3250003,1.175,1.1749999523162842
0,2.9,1.175,1.1749999523162842
0,2.9250002,1.175,1.1749999523162842
0,2.9,1.175,1.1749999523162842
0,2.775,1.175,1.1749999523162842
0,3.425,1.175,1.1749999523162842
0,2.225,1.175,1.1749999523162842
0,1.775,1.175,1.1749999523162842
0,1.8,1.175,1.1749999523162842
0,1.5,1.175,1.1749999523162842
0,1.625,1.175,1.1749999523162842
0,1.5250001,1.175,1.1749999523162842
0,1.5749999,1.175,1.1749999523162842
0,1.5250001,2.1946151,2.1947145462036133
0,1.65,4.27013,4.270098686218262
0,2.0,4.236586,4.2366204261779785
0,1.65,4.203472,4.20347261428833
0,2.975,4.1707306,4.170773983001709
0,4.95,4.138393,4.138369560241699
0,7.9249997,4.1064205,4.106346130371094
0,7.375,4.074739,4.074704647064209
0,8.049999,4.043296,4.043313026428223
0,6.975,4.0123262,4.012336730957031
0,5.625,3.9816058,3.981628179550171
0,6.2000003,3.951271,3.9512641429901123
0,7.725,3.9213212,3.9212839603424072
0,7.3499994,3.8916326,3.8916525840759277
0,3.125,3.8622127,3.862196207046509
0,3.875,3.8331985,3.833219051361084
0,4.2000003,3.804474,3.804408073425293
0,2.825,3.7760272,3.7759385108947754
0,2.125,3.7478004,3.747910261154175
0,1.65,3.7201118,3.7201015949249268
0,1.725,3.6925592,3.6925432682037354
0,1.5999999,3.6653402,3.665369749069214
0,1.675,3.6383846,3.6384079456329346
0,1.7500001,3.6117616,3.611745834350586
0,1.8249999,2.1661644,2.166309356689453
0,1.7,4.349381,4.349578857421875
0,1.775,4.314913,4.314874172210693
0,1.775,4.28074,4.280955791473389
0,2.625,4.2473254,4.247555255889893
0,7.75,4.2141876,4.214241981506348
0,6.975,4.1814504,4.181396961212158
0,6.7,4.1490707,4.148891448974609
0,5.7999997,4.1167684,4.116616249084473
0,5.9,4.0848327,4.085136413574219
0,6.075,4.0532985,4.05355167388916
0,6.5250006,4.0225253,4.022236347198486
0,6.075,3.991691,3.991459608078003
0,6.025,3.9613736,3.961275577545166
0,2.5249999,3.9314086,3.9309065341949463
0,3.1499999,3.9010775,3.901231288909912
0,3.0,3.8714817,3.8717145919799805
0,2.8500001,3.8423653,3.8424313068389893
0,2.175,3.8136091,3.8139753341674805
0,1.875,3.7849507,3.785167694091797
0,1.65,3.7571757,3.75700306892395
0,2.025,3.7293499,3.729308843612671
0,1.675,3.7014413,3.701647996902466
0,1.625,3.6741328,3.6740517616271973
0,1.65,1.175,1.1749999523162842
0,1.9250001,1.175,1.1749999523162842
0,1.725,1.175,1.1749999523162842
0,1.85,1.175,1.1749999523162842
0,3.0,1.175,1.1749999523162842
0,5.625,1.175,1.1749999523162842
0,10.65,1.175,1.1749999523162842
0,9.275,1.175,1.1749999523162842
0,5.725,1.175,1.1749999523162842
0,7.4750004,1.175,1.1749999523162842
0,7.7999997,1.175,1.1749999523162842
0,5.15,1.175,1.1749999523162842
0,7.2,1.175,1.1749999523162842
0,4.3749995,1.175,1.1749999523162842
0,2.375,1.175,1.1749999523162842
0,3.125,1.175,1.1749999523162842
0,3.8999999,1.175,1.1749999523162842
0,2.1000001,1.175,1.1749999523162842
0,1.8,1.175,1.1749999523162842
0,2.325,1.175,1.1749999523162842
0,2.0,1.175,1.1749999523162842
0,1.9250001,1.175,1.1749999523162842
0,1.7,1.175,1.1749999523162842
0,1.65,1.175,1.1749999523162842
0,1.7,1.175,1.1749999523162842
0,1.7,1.175,1.1749999523162842
0,1.725,1.175,1.1749999523162842
0,1.725,1.175,1.1749999523162842
0,3.3,1.175,1.1749999523162842
0,5.75,1.175,1.1749999523162842
0,6.2000003,1.175,1.1749999523162842
0,8.575,1.175,1.1749999523162842
0,7.2,1.175,1.1749999523162842
0,6.4500003,1.175,1.1749999523162842
0,5.625,1.175,1.1749999523162842
0,5.775,1.175,1.1749999523162842
0,4.6,1.175,1.1749999523162842
0,4.45,1.175,1.1749999523162842
0,2.25,1.175,1.1749999523162842
0,3.3249998,1.175,1.1749999523162842
0,2.6,1.175,1.1749999523162842
0,2.7500002,1.175,1.1749999523162842
0,2.0,1.175,1.1749999523162842
0,1.8,1.175,1.1749999523162842
0,2.2,1.175,1.1749999523162842
0,1.65,1.175,1.1749999523162842
0,1.475,1.175,1.1749999523162842
0,1.3499999,1.175,1.1749999523162842
0,1.7,1.175,1.1749999523162842
0,1.5,1.175,1.1749999523162842
0,1.3,1.175,1.1749999523162842
0,1.675,1.175,1.1749999523162842
0,2.7,1.175,1.1749999523162842
0,5.35,1.175,1.1749999523162842
0,6.825,1.175,1.1749999523162842
0,7.8999996,1.175,1.1749999523162842
0,7.0000005,1.175,1.1749999523162842
0,6.8750005,1.175,1.1749999523162842
0,6.0,1.175,1.1749999523162842
0,3.925,1.175,1.1749999523162842
0,4.225,1.175,1.1749999523162842
0,3.275,1.175,1.1749999523162842
0,3.8000002,1.175,1.1749999523162842
0,3.1499999,1.175,1.1749999523162842
0,3.6750002,1.175,1.1749999523162842
0,2.8500001,1.175,1.1749999523162842
0,1.8249999,1.175,1.1749999523162842
0,1.5999999,1.175,1.1749999523162842
0,1.275,1.175,1.1749999523162842
0,1.725,1.175,1.1749999523162842
0,1.5749999,1.175,1.1749999523162842
0,1.5,1.175,1.1749999523162842
0,1.4,1.175,1.1749999523162842
0,1.3499999,1.175,1.1749999523162842
0,1.8249999,1.175,1.1749999523162842
0,1.3499999,1.175,1.1749999523162842
0,1.375,1.175,1.1749999523162842
0,1.5250001,1.175,1.1749999523162842
0,2.95,1.175,1.1749999523162842
0,3.025,1.175,1.1749999523162842
0,3.25,1.175,1.1749999523162842
0,3.625,1.175,1.1749999523162842
0,2.7250001,1.175,1.1749999523162842
0,2.5249999,1.175,1.1749999523162842
0,2.5,1.175,1.1749999523162842
0,3.1000001,1.175,1.1749999523162842
0,2.125,1.175,1.1749999523162842
0,3.6,1.175,1.1749999523162842
0,2.625,1.175,1.1749999523162842
0,1.675,1.175,1.1749999523162842
0,1.5250001,1.175,1.1749999523162842
0,1.9000001,1.175,1.1749999523162842
0,1.725,1.175,1.1749999523162842
0,1.9000001,1.175,1.1749999523162842
0,2.05,1.175,1.1749999523162842
0,1.5999999,1.175,1.1749999523162842
0,1.4,1.175,1.1749999523162842
0,1.5250001,1.175,1.1749999523162842
0,1.4,1.175,1.1749999523162842
0,1.7500001,1.175,1.1749999523162842
0,1.4250001,1.175,1.1749999523162842
0,1.4499999,1.175,1.1749999523162842
0,3.1999998,1.175,1.1749999523162842
0,3.275,1.175,1.1749999523162842
0,3.7749999,1.175,1.1749999523162842
0,3.8000002,1.175,1.1749999523162842
0,3.7749999,1.175,1.1749999523162842
0,3.8000002,1.175,1.1749999523162842
0,3.9499998,1.175,1.1749999523162842
0,3.025,1.175,1.1749999523162842
0,3.175,1.175,1.1749999523162842
0,2.9250002,1.175,1.1749999523162842
0,2.8,1.175,1.1749999523162842
0,1.675,1.175,1.1749999523162842
0,1.625,1.175,1.1749999523162842
0,1.65,1.175,1.1749999523162842
0,1.5749999,1.175,1.1749999523162842
0,1.5999999,1.175,1.1749999523162842
0,1.5999999,1.175,1.1749999523162842
0,1.625,1.175,1.1749999523162842
0,1.5250001,2.1946151,2.1945507526397705
0,1.5500001,4.269595,4.2696075439453125
0,1.675,4.2360864,4.236145496368408
0,1.625,4.2030005,4.202960014343262
0,2.775,4.1703796,4.170332908630371
0,6.2000003,4.1378703,4.1379241943359375
0,7.3499994,4.1058784,4.105875015258789
0,7.575,4.074252,4.0742106437683105
0,6.7,4.042863,4.042819499969482
0,6.425,4.01185,4.011871814727783
0,7.275,3.9811888,3.9812111854553223
0,6.85,3.9508767,3.950849771499634
0,10.0,3.9207947,3.9208662509918213
0,6.8750005,3.8911152,3.891170024871826
0,3.025,3.8618627,3.861830949783325
0,4.45,3.8327053,3.8327105045318604
0,3.25,3.8040645,3.803973913192749
0,2.875,3.7756212,3.77559757232666
0,1.65,3.7475598,3.7474758625030518
0,1.725,3.719774,3.7196054458618164
0,1.775,3.6921384,3.692188024520874
0,1.9000001,3.6649203,3.6649692058563232
0,1.5749999,3.638122,3.6380395889282227
0,1.5749999,3.6113703,3.6113815307617188
0,1.65,2.1661663,2.166522979736328
0,1.675,4.3490148,4.348937034606934
0,1.5999999,4.314949,4.314732074737549
0,1.5999999,4.2808743,4.2807159423828125
0,2.8,4.246766,4.247000694274902
0,5.425,4.2140365,4.213781833648682
0,4.7749996,4.1809406,4.181021690368652
0,5.6499996,4.14866,4.1484375
0,6.0499997,4.116473,4.116471767425537
0,5.1249995,4.0844007,4.084468841552734
0,6.2000003,4.053294,4.053088188171387
0,6.625,4.022185,4.022158145904541
0,5.0,3.9909875,3.99115252494812
0,4.3250003,3.9606755,3.9608609676361084
0,2.55,3.9306004,3.930668354034424
0,2.825,3.9008245,3.900775909423828
0,3.3249998,3.8714547,3.871476650238037
0,3.1000001,3.8423572,3.8422837257385254
0,2.4750001,3.8131528,3.813464879989624
0,1.9000001,3.7847545,3.7846336364746094
0,1.875,3.7565703,3.75677227973938
0,1.625,3.728729,3.728893280029297
0,1.875,3.7009897,3.7011163234710693
0,1.775,3.673867,3.673546075820923
0,1.7,1.175,1.1749999523162842
0,2.125,1.175,1.1749999523162842
0,1.8249999,1.175,1.1749999523162842
0,1.875,1.175,1.1749999523162842
0,3.3,1.175,1.1749999523162842
0,6.425,1.175,1.1749999523162842
0,6.475,1.175,1.1749999523162842
0,10.125,1.175,1.1749999523162842
0,6.075,1.175,1.1749999523162842
0,9.625,1.175,1.1749999523162842
0,10.2,1.175,1.1749999523162842
0,6.85,1.175,1.1749999523162842
0,5.625,1.175,1.1749999523162842
0,3.7,1.175,1.1749999523162842
0,4.0,1.175,1.1749999523162842
0,4.675,1.175,1.1749999523162842
0,4.075,1.175,1.1749999523162842
0,2.7500002,1.175,1.1749999523162842
0,1.775,1.175,1.1749999523162842
0,1.675,1.175,1.1749999523162842
0,2.125,1.175,1.1749999523162842
0,2.35,1.175,1.1749999523162842
0,1.85,1.175,1.1749999523162842
0,2.1000001,1.175,1.1749999523162842
0,1.9000001,1.175,1.1749999523162842
0,1.65,1.175,1.1749999523162842
0,1.85,1.175,1.1749999523162842
0,1.7,1.175,1.1749999523162842
0,3.45,1.175,1.1749999523162842
0,5.55,1.175,1.1749999523162842
0,6.5750003,1.175,1.1749999523162842
0,7.75,1.175,1.1749999523162842
0,7.0000005,1.175,1.1749999523162842
0,6.9,1.175,1.1749999523162842
0,6.6500006,1.175,1.1749999523162842
0,4.275,1.175,1.1749999523162842
0,3.825,1.175,1.1749999523162842
0,2.35,1.175,1.1749999523162842
0,1.875,1.175,1.1749999523162842
0,2.1499999,1.175,1.1749999523162842
0,2.4,1.175,1.1749999523162842
0,2.5249999,1.175,1.1749999523162842
0,2.05,1.175,1.1749999523162842
0,1.475,1.175,1.1749999523162842
0,1.5749999,1.175,1.1749999523162842
0,1.4,1.175,1.1749999523162842
0,1.625,1.175,1.1749999523162842
0,1.4250001,1.175,1.1749999523162842
0,1.5749999,1.175,1.1749999523162842
0,1.4499999,1.175,1.1749999523162842
0,1.5749999,1.175,1.1749999523162842
0,1.5999999,1.175,1.1749999523162842
0,2.975,1.175,1.1749999523162842
0,6.675,1.175,1.1749999523162842
0,7.6000004,1.175,1.1749999523162842
0,7.8999996,1.175,1.1749999523162842
0,7.05,1.175,1.1749999523162842
0,5.75,1.175,1.1749999523162842
0,4.2999997,1.175,1.1749999523162842
0,3.875,1.175,1.1749999523162842
0,3.6499999,1.175,1.1749999523162842
0,2.95,1.175,1.1749999523162842
0,2.55,1.175,1.1749999523162842
0,4.3749995,1.175,1.1749999523162842
0,4.225,1.175,1.1749999523162842
0,4.475,1.175,1.1749999523162842
0,5.55,1.175,1.1749999523162842
0,2.825,1.175,1.1749999523162842
0,2.175,1.175,1.1749999523162842
0,2.125,1.175,1.1749999523162842
0,2.0,1.175,1.1749999523162842
0,2.2,1.175,1.1749999523162842
0,2.3000002,1.175,1.1749999523162842
0,2.1499999,1.175,1.1749999523162842
0,2.075,1.175,1.1749999523162842
0,2.425,1.175,1.1749999523162842
0,2.175,1.175,1.1749999523162842
0,2.0,1.175,1.1749999523162842
0,6.6,1.175,1.1749999523162842
0,6.1499996,1.175,1.1749999523162842
0,5.375,1.175,1.1749999523162842
0,6.5250006,1.175,1.1749999523162842
0,5.375,1.175,1.1749999523162842
0,5.0,1.175,1.1749999523162842
0,5.3999996,1.175,1.1749999523162842
0,3.75,1.175,1.1749999523162842
0,2.5,1.175,1.1749999523162842
0,2.775,1.175,1.1749999523162842
0,3.0,1.175,1.1749999523162842
0,3.4999998,1.175,1.1749999523162842
0,2.6750002,1.175,1.1749999523162842
0,2.3000002,1.175,1.1749999523162842
0,2.5,1.175,1.1749999523162842
0,2.6750002,1.175,1.1749999523162842
0,2.8,1.175,1.1749999523162842
0,2.7500002,1.175,1.1749999523162842
0,3.025,1.175,1.1749999523162842
0,2.7500002,1.175,1.1749999523162842
0,3.0749998,1.175,1.1749999523162842
0,3.0,1.175,1.1749999523162842
0,2.8,1.175,1.1749999523162842
0,2.8,1.175,1.1749999523162842
0,5.1,1.175,1.1749999523162842
0,5.275,1.175,1.1749999523162842
0,5.7999997,1.175,1.1749999523162842
0,5.75,1.175,1.1749999523162842
0,6.55,1.175,1.1749999523162842
0,6.5750003,1.175,1.1749999523162842
0,5.575,1.175,1.1749999523162842
0,4.725,1.175,1.1749999523162842
0,2.125,1.175,1.1749999523162842
0,3.0749998,1.175,1.1749999523162842
0,3.2250001,1.175,1.1749999523162842
0,2.625,1.175,1.1749999523162842
0,2.175,1.175,1.1749999523162842
0,2.325,1.175,1.1749999523162842
0,2.1000001,1.175,1.1749999523162842
0,2.5,1.175,1.1749999523162842
0,2.1499999,1.175,1.1749999523162842
0,2.45,1.175,1.1749999523162842
0,2.575,2.1944096,2.194413423538208
0,2.8,4.269126,4.269039154052734
0,2.4,4.235688,4.235649108886719
0,2.225,4.2024703,4.202515602111816
0,3.4999998,4.1698503,4.169834613800049
0,5.35,4.1374807,4.137450695037842
0,6.3999996,4.10538,4.105350971221924
0,6.0,4.0737677,4.073697090148926
0,5.475,4.042355,4.042426586151123
0,5.5,4.011463,4.0114426612854
0,5.9249997,3.980577,3.9807639122009277
0,4.875,3.9503708,3.95041561126709
0,3.875,3.920484,3.920450448989868
0,3.9750001,3.8906922,3.890765428543091
0,3.7749999,3.8613088,3.861394166946411
0,3.1000001,3.8323429,3.832353353500366
0,3.175,3.8035202,3.8035876750946045
0,3.0749998,3.7751598,3.7751495838165283
0,2.575,3.7470162,3.74704909324646
0,2.2,3.7193325,3.719238519668579
0,2.2,3.691685,3.6917386054992676
0,2.3000002,3.6645532,3.664557456970215
0,2.4,3.637691,3.6376562118530273
0,2.125,3.6110325,3.610966205596924
0,2.125,2.1657507,2.1658473014831543
0,2.4750001,4.3485866,4.34850549697876
0,2.575,4.3147736,4.314053058624268
0,2.4,4.280363,4.280311584472656
0,4.275,4.2465334,4.246652603149414
0,5.9,4.2133904,4.213720321655273
0,6.625,4.180437,4.180287837982178
0,6.375,4.1479588,4.148141860961914
0,4.825,4.1159544,4.115847587585449
0,5.6749997,4.08399,4.08401346206665
0,4.95,4.0526648,4.052633762359619
0,5.0499997,4.021476,4.0215373039245605
0,3.875,3.9907641,3.9908926486968994
0,3.8999999,3.960398,3.9603331089019775
0,3.35,3.9305632,3.9302492141723633
0,3.6499999,3.9005234,3.9004299640655518
0,3.1999998,3.871208,3.8711495399475098
0,2.775,3.8417559,3.841787338256836
0,2.65,3.8129537,3.813189744949341
0,2.6,3.7845383,3.7844040393829346
0,2.875,3.7563338,3.756164073944092
0,2.375,3.7284098,3.7284820079803467
0,2.375,3.7008708,3.7007968425750732
0,2.775,3.6736245,3.673672676086426
0,2.825,1.175,1.1749999523162842
0,2.975,1.175,1.1749999523162842
0,2.425,1.175,1.1749999523162842
0,2.5,1.175,1.1749999523162842
0,4.125,1.175,1.1749999523162842
0,5.55,1.175,1.1749999523162842
0,5.35,1.175,1.1749999523162842
0,4.825,1.175,1.1749999523162842
0,5.275,1.175,1.1749999523162842
0,4.3749995,1.175,1.1749999523162842
0,4.2999997,1.175,1.1749999523162842
0,3.825,1.175,1.1749999523162842
0,4.0,1.175,1.1749999523162842
0,3.3,1.175,1.1749999523162842
0,4.2999997,1.175,1.1749999523162842
0,3.6750002,1.175,1.1749999523162842
0,4.7749996,1.175,1.1749999523162842
0,4.05,1.175,1.1749999523162842
0,3.1000001,1.175,1.1749999523162842
0,2.225,1.175,1.1749999523162842
0,2.55,1.175,1.1749999523162842
0,2.2,1.175,1.1749999523162842
0,2.075,1.175,1.1749999523162842
0,2.4,1.175,1.1749999523162842
0,2.05,1.175,1.1749999523162842
0,2.5,1.175,1.1749999523162842
0,2.6750002,1.175,1.1749999523162842
0,2.075,1.175,1.1749999523162842
0,3.425,1.175,1.1749999523162842
0,4.85,1.175,1.1749999523162842
0,4.4249997,1.175,1.1749999523162842
0,5.7,1.175,1.1749999523162842
0,5.2,1.175,1.1749999523162842
0,4.85,1.175,1.1749999523162842
0,5.5,1.175,1.1749999523162842
0,5.2,1.175,1.1749999523162842
0,4.1749997,1.175,1.1749999523162842
0,3.6750002,1.175,1.1749999523162842
0,2.7500002,1.175,1.1749999523162842
0,3.8500001,1.175,1.1749999523162842
0,2.825,1.175,1.1749999523162842
0,3.1999998,1.175,1.1749999523162842
0,3.125,1.175,1.1749999523162842
0,2.5,1.175,1.1749999523162842
0,2.375,1.175,1.1749999523162842
0,2.65,1.175,1.1749999523162842
0,2.575,1.175,1.1749999523162842
0,2.65,1.175,1.1749999523162842
0,2.6,1.175,1.1749999523162842
0,2.4,1.175,1.1749999523162842
0,2.625,1.175,1.1749999523162842
0,2.35,1.175,1.1749999523162842
0,3.0,1.175,1.1749999523162842
0,5.025,1.175,1.1749999523162842
0,6.7,1.175,1.1749999523162842
0,6.55,1.175,1.1749999523162842
0,5.3999996,1.175,1.1749999523162842
0,4.95,1.175,1.1749999523162842
0,5.5,1.175,1.1749999523162842
0,5.775,1.175,1.1749999523162842
0,3.3749998,1.175,1.1749999523162842
0,3.0500002,1.175,1.1749999523162842
0,3.9499998,1.175,1.1749999523162842
0,5.475,1.175,1.1749999523162842
0,5.9249997,1.175,1.1749999523162842
0,5.85,1.175,1.1749999523162842
0,5.975,1.175,1.1749999523162842
0,3.6499999,1.175,1.1749999523162842
0,2.325,1.175,1.1749999523162842
0,2.35,1.175,1.1749999523162842
0,2.45,1.175,1.1749999523162842
0,2.05,1.175,1.1749999523162842
0,2.275,1.175,1.1749999523162842
0,1.9250001,1.175,1.1749999523162842
0,2.1000001,1.175,1.1749999523162842
0,2.05,1.175,1.1749999523162842
0,2.3000002,1.175,1.1749999523162842
0,2.125,1.175,1.1749999523162842
0,3.2250001,1.175,1.1749999523162842
0,3.9499998,1.175,1.1749999523162842
0,4.25,1.175,1.1749999523162842
0,3.875,1.175,1.1749999523162842
0,4.15,1.175,1.1749999523162842
0,3.275,1.175,1.1749999523162842
0,4.35,1.175,1.1749999523162842
0,3.175,1.175,1.1749999523162842
0,2.1000001,1.175,1.1749999523162842
0,2.35,1.175,1.1749999523162842
0,2.3000002,1.175,1.1749999523162842
0,3.6499999,1.175,1.1749999523162842
0,3.275,1.175,1.1749999523162842
0,2.025,1.175,1.1749999523162842
0,1.8,1.175,1.1749999523162842
0,2.4,1.175,1.1749999523162842
0,2.175,1.175,1.1749999523162842
0,2.175,1.175,1.1749999523162842
0,2.425,1.175,1.1749999523162842
0,2.325,1.175,1.1749999523162842
0,2.25,1.175,1.1749999523162842
0,2.2,1.175,1.1749999523162842
0,2.425,1.175,1.1749999523162842
0,2.1000001,1.175,1.1749999523162842
0,3.8500001,1.175,1.1749999523162842
0,4.8,1.175,1.1749999523162842
0,4.875,1.175,1.1749999523162842
0,4.95,1.175,1.1749999523162842
0,5.55,1.175,1.1749999523162842
0,5.725,1.175,1.1749999523162842
0,4.8999996,1.175,1.1749999523162842
0,3.275,1.175,1.1749999523162842
0,2.25,1.175,1.1749999523162842
0,2.05,1.175,1.1749999523162842
0,3.2250001,1.175,1.1749999523162842
0,3.3749998,1.175,1.1749999523162842
0,2.425,1.175,1.1749999523162842
0,2.45,1.175,1.1749999523162842
0,1.9749999,1.175,1.1749999523162842
0,2.4750001,1.175,1.1749999523162842
0,2.325,1.175,1.1749999523162842
0,2.025,1.175,1.1749999523162842
0,2.175,2.1942148,2.194281816482544
0,2.275,4.26848,4.268575191497803
0,2.05,4.235204,4.235154151916504
0,2.0,4.2020874,4.202098369598389
0,2.225,4.169359,4.169425964355469
0,2.775,4.1368833,4.136959075927734
0,3.475,4.1049414,4.104961395263672
0,4.8999996,4.073228,4.073266983032227
0,6.2749996,4.0419083,4.041990280151367
0,6.5,4.0109587,4.0109992027282715
0,6.5750003,3.9803026,3.9802775382995605
0,6.3250003,3.9498844,3.9499645233154297
0,7.5499997,3.9200237,3.919943332672119
0,4.1,3.8903,3.8903379440307617
0,3.75,3.8608937,3.8609213829040527
0,3.35,3.8318784,3.831859827041626
0,3.0,3.8031878,3.803152561187744
0,2.4750001,3.7747777,3.774729013442993
0,2.325,3.74673,3.7466909885406494
0,1.9749999,3.7188263,3.718848705291748
0,2.05,3.6913714,3.6913490295410156
0,1.95,3.6642222,3.6641478538513184
0,1.95,3.6372683,3.6372745037078857
0,2.3000002,3.6106913,3.6106927394866943
0,2.3000002,2.166051,2.1658384799957275
0,2.1499999,4.3475356,4.3477678298950195
0,2.225,4.31341,4.313431739807129
0,2.325,4.2795897,4.279473781585693
0,2.325,4.2461166,4.246257781982422
0,3.025,4.213064,4.212745666503906
0,4.2000003,4.179863,4.179856777191162
0,3.4999998,4.1473336,4.14752721786499
0,3.825,4.1152925,4.115559101104736
0,3.875,4.083476,4.08383846282959
0,3.3749998,4.051945,4.0519514083862305
0,4.1,4.0210366,4.021087646484375
0,3.125,3.9900465,3.990095615386963
0,2.35,3.9596176,3.9597456455230713
0,3.0500002,3.9301362,3.929689407348633
0,2.875,3.8997037,3.8997881412506104
0,3.4,3.870654,3.8704657554626465
0,2.275,3.8415782,3.8414652347564697
0,2.3000002,3.8123605,3.8124635219573975
0,3.1499999,3.784097,3.7839808464050293
0,2.275,3.755784,3.755791664123535
0,1.7500001,3.7280183,3.727881669998169
0,1.725,3.7002137,3.7001163959503174
0,2.05,3.6729333,3.6730096340179443
0,1.9000001,1.175,1.1749999523162842
0,1.8,1.175,1.1749999523162842
0,1.8249999,1.175,1.1749999523162842
0,1.7500001,1.175,1.1749999523162842
0,2.175,1.175,1.1749999523162842
0,1.725,1.175,1.1749999523162842
0,2.025,1.175,1.1749999523162842
0,1.8249999,1.175,1.1749999523162842
0,1.8,1.175,1.1749999523162842
0,2.35,1.175,1.1749999523162842
0,2.6,1.175,1.1749999523162842
0,2.075,1.175,1.1749999523162842
0,2.225,1.175,1.1749999523162842
0,2.7,1.175,1.1749999523162842
0,2.05,1.175,1.1749999523162842
0,2.05,1.175,1.1749999523162842
0,2.3000002,1.175,1.1749999523162842
0,1.7,1.175,1.1749999523162842
0,2.05,1.175,1.1749999523162842
0,1.725,1.175,1.1749999523162842
0,1.675,1.175,1.1749999523162842
0,2.375,1.175,1.1749999523162842
0,2.1000001,1.175,1.1749999523162842
0,1.7500001,1.175,1.1749999523162842
0,2.4750001,1.175,1.1749999523162842
0,2.25,1.175,1.1749999523162842
0,2.175,1.175,1.1749999523162842
0,1.65,1.175,1.1749999523162842
0,1.95,1.175,1.1749999523162842
0,2.0,1.175,1.1749999523162842
0,2.1000001,1.175,1.1749999523162842
0,1.725,1.175,1.1749999523162842
0,2.1499999,1.175,1.1749999523162842
0,1.65,1.175,1.1749999523162842
0,2.2,1.175,1.1749999523162842
0,2.2,1.175,1.1749999523162842
0,1.9250001,1.175,1.1749999523162842
0,2.25,1.175,1.1749999523162842
0,2.1499999,1.175,1.1749999523162842
0,1.8,1.175,1.1749999523162842
0,2.2,1.175,1.1749999523162842
0,1.8249999,1.175,1.1749999523162842
0,1.675,1.175,1.1749999523162842
0,1.775,1.175,1.1749999523162842
0,2.9250002,1.175,1.1749999523162842
0,2.075,1.175,1.1749999523162842
0,1.7500001,1.175,1.1749999523162842
0,2.35,1.175,1.1749999523162842
0,1.775,1.175,1.1749999523162842
0,1.8,1.175,1.1749999523162842
0,1.7,1.175,1.1749999523162842
0,1.9749999,1.175,1.1749999523162842
0,2.25,1.175,1.1749999523162842
0,1.675,1.175,1.1749999523162842
0,2.325,1.175,1.1749999523162842
0,2.95,1.175,1.1749999523162842
0,2.7500002,1.175,1.1749999523162842
0,2.65,1.175,1.1749999523162842
0,2.7250001,1.175,1.1749999523162842
0,2.575,1.175,1.1749999523162842
0,2.625,1.175,1.1749999523162842
0,3.6750002,1.175,1.1749999523162842
0,2.45,1.175,1.1749999523162842
0,1.875,1.175,1.1749999523162842
0,2.3000002,1.175,1.1749999523162842
0,1.7,1.175,1.1749999523162842
0,2.5249999,1.175,1.1749999523162842
0,1.8249999,1.175,1.1749999523162842
0,1.65,1.175,1.1749999523162842
0,1.9749999,1.175,1.1749999523162842
0,1.65,1.175,1.1749999523162842
0,1.725,1.175,1.1749999523162842
0,1.7,1.175,1.1749999523162842
0,1.675,1.175,1.1749999523162842
0,1.725,1.175,1.1749999523162842
0,2.05,1.175,1.1749999523162842
0,1.8249999,1.175,1.1749999523162842
0,1.7,1.175,1.1749999523162842
0,2.075,1.175,1.1749999523162842
0,1.65,1.175,1.1749999523162842
0,1.775,1.175,1.1749999523162842
0,2.875,1.175,1.1749999523162842
0,2.1499999,1.175,1.1749999523162842
0,2.425,1.175,1.1749999523162842
0,2.4,1.175,1.1749999523162842
0,1.85,1.175,1.1749999523162842
0,2.175,1.175,1.1749999523162842
0,2.275,1.175,1.1749999523162842
0,2.025,1.175,1.1749999523162842
0,1.7500001,1.175,1.1749999523162842
0,1.875,1.175,1.1749999523162842
0,2.0,1.175,1.1749999523162842
0,1.9250001,1.175,1.1749999523162842
0,2.575,1.175,1.1749999523162842
0,1.7500001,1.175,1.1749999523162842
0,1.7500001,1.175,1.1749999523162842
0,1.8,1.175,1.1749999523162842
0,2.0,1.175,1.1749999523162842
0,2.2,1.175,1.1749999523162842
0,2.1000001,1.175,1.1749999523162842
0,2.1499999,1.175,1.1749999523162842
0,1.7,1.175,1.1749999523162842
0,1.7,1.175,1.1749999523162842
0,2.2,1.175,1.1749999523162842
0,2.125,1.175,1.1749999523162842
0,1.675,1.175,1.1749999523162842
0,1.9000001,1.175,1.1749999523162842
0,2.225,1.175,1.1749999523162842
0,2.025,1.175,1.1749999523162842
0,2.6,1.175,1.1749999523162842
0,2.625,1.175,1.1749999523162842
0,1.7500001,1.175,1.1749999523162842
0,1.725,1.175,1.1749999523162842
0,2.125,1.175,1.1749999523162842
0,1.5,1.175,1.1749999523162842
0,2.1000001,1.175,1.1749999523162842
0,1.7,1.175,1.1749999523162842
0,1.9250001,1.175,1.1749999523162842
0,2.2,1.175,1.1749999523162842
0,1.65,1.175,1.1749999523162842
0,1.65,2.1940615,2.1940646171569824
0,1.9250001,4.2681456,4.268094062805176
0,1.9250001,4.2346835,4.234679698944092
0,2.4,4.201567,4.201634407043457
0,1.9250001,4.168869,4.16884708404541
0,3.0749998,4.1364384,4.136552333831787
0,4.475,4.10451,4.104486465454102
0,8.575,4.0727835,4.072858810424805
0,9.05,4.0414886,4.041479587554932
0,8.375,4.0105515,4.01047420501709
0,8.349999,3.9798746,3.9798216819763184
0,7.525,3.9495752,3.9495468139648438
0,7.75,3.9196012,3.919506788253784
0,6.825,3.8898864,3.8898580074310303
0,5.55,3.8605006,3.8605458736419678
0,3.8999999,3.8315396,3.831472396850586
0,3.575,3.8027456,3.8027360439300537
0,2.5,3.7742898,3.7743585109710693
0,2.5,3.7462482,3.7462785243988037
0,2.375,3.7184887,3.718491554260254
0,2.8500001,3.6909385,3.690981149673462
0,2.375,3.6638272,3.6637485027313232
0,2.275,3.6368995,3.6369242668151855
0,2.775,3.610242,3.6102523803710938
0,2.575,2.1655924,2.1656527519226074
0,2.625,4.3475156,4.34727144241333
0,2.65,4.3131785,4.312898635864258
0,2.375,4.2791677,4.279134750366211
0,2.125,4.245487,4.2451934814453125
0,3.25,4.2123194,4.212098598480225
0,4.675,4.179162,4.179062366485596
0,7.525,4.146798,4.147003650665283
0,6.7499995,4.114852,4.114833354949951
0,9.299999,4.0831785,4.083113193511963
0,8.375,4.0516806,4.051593780517578
0,8.275,4.020864,4.020449638366699
0,6.975,3.9898667,3.989527940750122
0,5.8749995,3.9596214,3.959413766860962
0,5.425,3.9291449,3.9290475845336914
0,5.025,3.899341,3.8994829654693604
0,3.625,3.8701303,3.8700177669525146
0,2.4,3.8409972,3.8408257961273193
0,2.8,3.812047,3.8120994567871094
0,3.175,3.7836938,3.783477783203125
0,1.7500001,3.755295,3.7552871704101562
0,1.9250001,3.7276082,3.727522611618042
0,1.5749999,3.6997013,3.6998064517974854
0,2.0,3.672538,3.672650098800659
0,2.025,1.175,1.1749999523162842
0,1.725,1.175,1.1749999523162842
0,1.7,1.175,1.1749999523162842
0,1.95,1.175,1.1749999523162842
0,2.075,1.175,1.1749999523162842
0,3.8500001,1.175,1.1749999523162842
0,5.1749997,1.175,1.1749999523162842
0,6.725,1.175,1.1749999523162842
0,6.725,1.175,1.1749999523162842
0,8.55,1.175,1.1749999523162842
0,7.0000005,1.175,1.1749999523162842
0,8.675,1.175,1.1749999523162842
0,6.225,1.175,1.1749999523162842
0,5.425,1.175,1.1749999523162842
0,3.8000002,1.175,1.1749999523162842
0,4.75,1.175,1.1749999523162842
0,3.75,1.175,1.1749999523162842
0,3.6750002,1.175,1.1749999523162842
0,2.4,1.175,1.1749999523162842
0,2.075,1.175,1.1749999523162842
0,2.1000001,1.175,1.1749999523162842
0,2.2,1.175,1.1749999523162842
0,2.1499999,1.175,1.1749999523162842
0,2.025,1.175,1.1749999523162842
0,2.0,1.175,1.1749999523162842
0,2.5,1.175,1.1749999523162842
0,2.25,1.175,1.1749999523162842
0,2.1000001,1.175,1.1749999523162842
0,2.075,1.175,1.1749999523162842
0,3.9499998,1.175,1.1749999523162842
0,5.0499997,1.175,1.1749999523162842
0,8.1,1.175,1.1749999523162842
0,7.45,1.175,1.1749999523162842
0,7.85,1.175,1.1749999523162842
0,8.525001,1.175,1.1749999523162842
0,8.224999,1.175,1.1749999523162842
0,4.8999996,1.175,1.1749999523162842
0,3.75,1.175,1.1749999523162842
0,3.725,1.175,1.1749999523162842
0,3.8000002,1.175,1.1749999523162842
0,3.7749999,1.175,1.1749999523162842
0,3.75,1.175,1.1749999523162842
0,4.0,1.175,1.1749999523162842
0,3.3749998,1.175,1.1749999523162842
0,2.4,1.175,1.1749999523162842
0,1.85,1.175,1.1749999523162842
0,2.0,1.175,1.1749999523162842
0,1.9000001,1.175,1.1749999523162842
0,2.025,1.175,1.1749999523162842
0,2.3000002,1.175,1.1749999523162842
0,2.2,1.175,1.1749999523162842
0,1.95,1.175,1.1749999523162842
0,1.9250001,1.175,1.1749999523162842
0,2.7500002,1.175,1.1749999523162842
0,4.125,1.175,1.1749999523162842
0,5.575,1.175,1.1749999523162842
0,9.775,1.175,1.1749999523162842
0,5.775,1.175,1.1749999523162842
0,8.425,1.175,1.1749999523162842
0,8.875,1.175,1.1749999523162842
0,4.9249997,1.175,1.1749999523162842
0,4.1,1.175,1.1749999523162842
0,2.9250002,1.175,1.1749999523162842
0,4.8,1.175,1.1749999523162842
0,4.3250003,1.175,1.1749999523162842
0,4.2000003,1.175,1.1749999523162842
0,4.25,1.175,1.1749999523162842
0,3.575,1.175,1.1749999523162842
0,2.7500002,1.175,1.1749999523162842
0,2.6750002,1.175,1.1749999523162842
0,2.025,1.175,1.1749999523162842
0,2.05,1.175,1.1749999523162842
0,2.125,1.175,1.1749999523162842
0,2.2,1.175,1.1749999523162842
0,2.0,1.175,1.1749999523162842
0,2.175,1.175,1.1749999523162842
0,2.2,1.175,1.1749999523162842
0,2.025,1.175,1.1749999523162842
0,2.125,1.175,1.1749999523162842
0,2.875,1.175,1.1749999523162842
0,2.575,1.175,1.1749999523162842
0,2.5,1.175,1.1749999523162842
0,2.65,1.175,1.1749999523162842
0,3.1000001,1.175,1.1749999523162842
0,2.9,1.175,1.1749999523162842
0,4.0,1.175,1.1749999523162842
0,3.6750002,1.175,1.1749999523162842
0,3.575,1.175,1.1749999523162842
0,4.075,1.175,1.1749999523162842
0,2.875,1.175,1.1749999523162842
0,3.4999998,1.175,1.1749999523162842
0,3.1499999,1.175,1.1749999523162842
0,2.025,1.175,1.1749999523162842
0,2.1000001,1.175,1.1749999523162842
0,2.1000001,1.175,1.1749999523162842
0,2.1000001,1.175,1.1749999523162842
0,2.4,1.175,1.1749999523162842
0,2.175,1.175,1.1749999523162842
0,1.9000001,1.175,1.1749999523162842
0,2.275,1.175,1.1749999523162842
0,1.9250001,1.175,1.1749999523162842
0,1.85,1.175,1.1749999523162842
0,2.575,1.175,1.1749999523162842
0,4.8,1.175,1.1749999523162842
0,4.6499996,1.175,1.1749999523162842
0,6.3250003,1.175,1.1749999523162842
0,5.325,1.175,1.1749999523162842
0,5.5249996,1.175,1.1749999523162842
0,5.9249997,1.175,1.1749999523162842
0,5.1,1.175,1.1749999523162842
0,5.0499997,1.175,1.1749999523162842
0,4.675,1.175,1.1749999523162842
0,4.6499996,1.175,1.1749999523162842
0,4.675,1.175,1.1749999523162842
0,4.25,1.175,1.1749999523162842
0,4.4,1.175,1.1749999523162842
0,2.8500001,1.175,1.1749999523162842
0,2.7250001,1.175,1.1749999523162842
0,3.0749998,1.175,1.1749999523162842
0,3.125,1.175,1.1749999523162842
0,2.7500002,2.1939306,2.193901777267456
0,3.275,4.267525,4.267582893371582
0,2.825,4.234153,4.234216213226318
0,3.0500002,4.201136,4.201059341430664
0,2.975,4.1682997,4.168406009674072
0,4.825,4.136008,4.136098384857178
0,7.05,4.104088,4.104038715362549
0,9.65,4.0723076,4.072310924530029
0,9.95,4.041042,4.041038990020752
0,7.2250004,4.010101,4.010051727294922
0,7.875,3.9793866,3.979405164718628
0,7.3499994,3.949052,3.9490253925323486
0,6.025,3.9190671,3.919135093688965
0,6.25,3.8894246,3.8894100189208984
0,5.375,3.860054,3.8600478172302246
0,4.825,3.8310003,3.8309850692749023
0,3.9750001,3.8023694,3.802380323410034
0,3.6,3.7739437,3.7738804817199707
0,3.35,3.7458968,3.745894432067871
0,3.1999998,3.7181237,3.7180991172790527
0,1.9250001,3.6906047,3.690542697906494
0,2.05,3.6633437,3.663452625274658
0,2.2,3.6364748,3.6364328861236572
0,2.1499999,3.609779,3.6099135875701904
0,1.95,2.1653197,2.1655259132385254
0,2.5249999,4.347008,4.346645355224609
0,2.3000002,4.312543,4.312596321105957
0,2.1499999,4.2785754,4.278461456298828
0,2.225,4.245082,4.2447285652160645
0,3.825,4.2116375,4.211674213409424
0,4.95,4.1789637,4.178994178771973
0,8.275,4.1462355,4.146333694458008
0,9.6,4.1143446,4.114355564117432
0,6.2749996,4.082529,4.082676887512207
0,8.575,4.051119,4.051018714904785
0,8.349999,4.0200615,4.020047664642334
0,7.9249997,3.9894755,3.989372968673706
0,6.35,3.9588962,3.958913564682007
0,4.75,3.9287705,3.9286131858825684
0,4.3250003,3.8990312,3.899010419845581
0,4.1749997,3.8695629,3.8697099685668945
0,4.2000003,3.8403056,3.8402860164642334
0,4.575,3.8116975,3.81179141998291
0,4.15,3.7828882,3.7831521034240723
0,3.0500002,3.7548854,3.7547767162323
0,2.1000001,3.7269688,3.727012872695923
0,2.325,3.6995213,3.6994311809539795
0,2.25,3.6719904,3.6721785068511963
0,2.1499999,1.175,1.1749999523162842
0,2.5249999,1.175,1.1749999523162842
0,2.5249999,1.175,1.1749999523162842
0,2.0,1.175,1.1749999523162842
0,2.075,1.175,1.1749999523162842
0,3.6499999,1.175,1.1749999523162842
0,6.9,1.175,1.1749999523162842
0,8.175,1.175,1.1749999523162842
0,9.875,1.175,1.1749999523162842
0,9.75,1.175,1.1749999523162842
0,8.7,1.175,1.1749999523162842
0,8.375,1.175,1.1749999523162842
0,6.075,1.175,1.1749999523162842
0,4.95,1.175,1.1749999523162842
0,4.825,1.175,1.1749999523162842
0,4.1749997,1.175,1.1749999523162842
0,5.45,1.175,1.1749999523162842
0,3.625,1.175,1.1749999523162842
0,4.025,1.175,1.1749999523162842
0,2.425,1.175,1.1749999523162842
0,2.575,1.175,1.1749999523162842
0,1.95,1.175,1.1749999523162842
0,2.1000001,1.175,1.1749999523162842
0,1.9749999,1.175,1.1749999523162842
0,1.95,1.175,1.1749999523162842
0,2.275,1.175,1.1749999523162842
0,2.125,1.175,1.1749999523162842
0,1.875,1.175,1.1749999523162842
0,2.1499999,1.175,1.1749999523162842
0,3.75,1.175,1.1749999523162842
0,5.25,1.175,1.1749999523162842
0,7.5,1.175,1.1749999523162842
0,9.1,1.175,1.1749999523162842
0,5.775,1.175,1.1749999523162842
0,7.5499997,1.175,1.1749999523162842
0,5.625,1.175,1.1749999523162842
0,5.25,1.175,1.1749999523162842
0,5.2,1.175,1.1749999523162842
0,5.6749997,1.175,1.1749999523162842
0,4.6499996,1.175,1.1749999523162842
0,3.425,1.175,1.1749999523162842
0,2.625,1.175,1.1749999523162842
0,4.1,1.175,1.1749999523162842
0,2.95,1.175,1.1749999523162842
0,2.375,1.175,1.1749999523162842
0,2.3000002,1.175,1.1749999523162842
0,2.35,1.175,1.1749999523162842
0,2.025,1.175,1.1749999523162842
0,2.9,1.175,1.1749999523162842
0,2.6,1.175,1.1749999523162842
0,2.8,1.175,1.1749999523162842
0,2.225,1.175,1.1749999523162842
0,2.125,1.175,1.1749999523162842
0,3.625,1.175,1.1749999523162842
0,4.125,1.175,1.1749999523162842
0,7.25,1.175,1.1749999523162842
0,7.2,1.175,1.1749999523162842
0,5.725,1.175,1.1749999523162842
0,5.725,1.175,1.1749999523162842
0,4.125,1.175,1.1749999523162842
0,3.0500002,1.175,1.1749999523162842
0,3.175,1.175,1.1749999523162842
0,3.75,1.175,1.1749999523162842
0,4.25,1.175,1.1749999523162842
0,4.525,1.175,1.1749999523162842
0,4.2000003,1.175,1.1749999523162842
0,3.1999998,1.175,1.1749999523162842
0,4.1749997,1.175,1.1749999523162842
0,2.325,1.175,1.1749999523162842
0,1.875,1.175,1.1749999523162842
0,1.85,1.175,1.1749999523162842
0,2.0,1.175,1.1749999523162842
0,2.175,1.175,1.1749999523162842
0,1.7500001,1.175,1.1749999523162842
0,2.25,1.175,1.1749999523162842
0,1.8249999,1.175,1.1749999523162842
0,2.0,1.175,1.1749999523162842
0,2.225,1.175,1.1749999523162842
0,2.175,1.175,1.1749999523162842
0,3.7,1.175,1.1749999523162842
0,3.525,1.175,1.1749999523162842
0,2.9,1.175,1.1749999523162842
0,1.95,1.175,1.1749999523162842
0,2.225,1.175,1.1749999523162842
0,2.35,1.175,1.1749999523162842
0,2.0,1.175,1.1749999523162842
0,2.775,1.175,1.1749999523162842
0,4.275,1.175,1.1749999523162842
0,3.125,1.175,1.1749999523162842
0,2.8,1.175,1.1749999523162842
0,2.9,1.175,1.1749999523162842
0,2.075,1.175,1.1749999523162842
0,2.35,1.175,1.1749999523162842
0,2.175,1.175,1.1749999523162842
0,2.9250002,1.175,1.1749999523162842
0,2.05,1.175,1.1749999523162842
0,2.1499999,1.175,1.1749999523162842
0,2.6750002,1.175,1.1749999523162842
0,2.2,1.175,1.1749999523162842
0,2.4,1.175,1.1749999523162842
0,2.125,1.175,1.1749999523162842
0,2.5,1.175,1.1749999523162842
0,2.125,1.175,1.1749999523162842
0,6.3250003,1.175,1.1749999523162842
0,6.0,1.175,1.1749999523162842
0,6.725,1.175,1.1749999523162842
0,5.75,1.175,1.1749999523162842
0,6.4500003,1.175,1.1749999523162842
0,5.2,1.175,1.1749999523162842
0,5.975,1.175,1.1749999523162842
0,5.2,1.175,1.1749999523162842
0,6.725,1.175,1.1749999523162842
0,3.175,1.175,1.1749999523162842
0,3.125,1.175,1.1749999523162842
0,3.35,1.175,1.1749999523162842
0,2.6750002,1.175,1.1749999523162842
0,2.55,1.175,1.1749999523162842
0,2.2,1.175,1.1749999523162842
0,2.1000001,1.175,1.1749999523162842
0,2.375,1.175,1.1749999523162842
0,2.175,2.1937075,2.1936447620391846
0,2.1499999,4.2671623,4.2671403884887695
0,2.7,4.233622,4.233620643615723
0,2.225,4.2005773,4.2005839347839355
0,2.275,4.1678534,4.167855262756348
0,3.8999999,4.135563,4.1355061531066895
0,4.625,4.1034985,4.103552341461182
0,6.9,4.0718117,4.071892261505127
0,7.3499994,4.0405507,4.040528774261475
0,8.275,4.009596,4.009564399719238
0,5.975,3.9789457,3.978996515274048
0,8.075,3.9484637,3.9486396312713623
0,5.45,3.9185777,3.91859769821167
0,6.225,3.8889558,3.888946771621704
0,4.725,3.8596244,3.85965895652771
0,4.475,3.8305516,3.8305513858795166
0,5.275,3.8018634,3.8018693923950195
0,3.55,3.7734468,3.7734899520874023
0,4.2000003,3.7453797,3.7454373836517334
0,3.7,3.7176545,3.7176296710968018
0,2.45,3.690117,3.6900975704193115
0,2.65,3.6629465,3.6629438400268555
0,2.25,3.6361244,3.636039972305298
0,2.3000002,3.6094854,3.609489679336548
0,2.3000002,2.165375,2.165262222290039
0,2.175,4.34624,4.34616756439209
0,2.575,4.3117943,4.3118672370910645
0,2.4,4.2782016,4.278079509735107
0,2.225,4.24456,4.244426727294922
0,3.725,4.211325,4.211146831512451
0,4.85,4.178425,4.178299427032471
0,8.075,4.1461387,4.1461029052734375
0,9.974999,4.11385,4.114013671875
0,8.275,4.0822835,4.081901550292969
0,6.85,4.0508327,4.050848484039307
0,7.8250003,4.019628,4.019566535949707
0,7.2,3.9888372,3.9887146949768066
0,6.0499997,3.958657,3.9585506916046143
0,4.525,3.9285147,3.928570032119751
0,4.125,3.898583,3.8986377716064453
0,4.15,3.8691263,3.8690969944000244
0,3.725,3.839896,3.839902400970459
0,4.05,3.8112981,3.8113350868225098
0,4.8999996,3.7827597,3.7827727794647217
0,3.175,3.7545388,3.754470109939575
0,2.1499999,3.7268286,3.7265868186950684
0,2.125,3.6991224,3.6991426944732666
0,2.025,3.6718323,3.671764850616455
0,2.5,1.175,1.1749999523162842
0,2.625,1.175,1.1749999523162842
0,1.9749999,1.175,1.1749999523162842
0,2.9250002,1.175,1.1749999523162842
0,2.625,1.175,1.1749999523162842
0,4.8,1.175,1.1749999523162842
0,5.6,1.175,1.1749999523162842
0,7.5499997,1.175,1.1749999523162842
0,7.5499997,1.175,1.1749999523162842
0,6.5750003,1.175,1.1749999523162842
0,9.375,1.175,1.1749999523162842
0,8.775,1.175,1.1749999523162842
0,7.625,1.175,1.1749999523162842
0,6.0,1.175,1.1749999523162842
0,5.375,1.175,1.1749999523162842
0,4.825,1.175,1.1749999523162842
0,4.9249997,1.175,1.1749999523162842
0,4.7749996,1.175,1.1749999523162842
0,3.0749998,1.175,1.1749999523162842
0,2.125,1.175,1.1749999523162842
0,1.9000001,1.175,1.1749999523162842
0,2.025,1.175,1.1749999523162842
0,2.125,1.175,1.1749999523162842
0,2.825,1.175,1.1749999523162842
0,1.65,1.175,1.1749999523162842
0,2.4750001,1.175,1.1749999523162842
0,2.8500001,1.175,1.1749999523162842
0,2.025,1.175,1.1749999523162842
0,2.45,1.175,1.1749999523162842
0,3.0,1.175,1.1749999523162842
0,6.075,1.175,1.1749999523162842
0,10.2,1.175,1.1749999523162842
0,10.675,1.175,1.1749999523162842
0,8.724999,1.175,1.1749999523162842
0,11.275,1.175,1.1749999523162842
0,11.8,1.175,1.1749999523162842
0,5.425,1.175,1.1749999523162842
0,6.1,1.175,1.1749999523162842
0,6.025,1.175,1.1749999523162842
0,4.275,1.175,1.1749999523162842
0,4.675,1.175,1.1749999523162842
0,4.875,1.175,1.1749999523162842
0,4.45,1.175,1.1749999523162842
0,5.3999996,1.175,1.1749999523162842
0,3.025,1.175,1.1749999523162842
0,2.175,1.175,1.1749999523162842
0,2.0,1.175,1.1749999523162842
0,2.5,1.175,1.1749999523162842
0,2.3000002,1.175,1.1749999523162842
0,2.225,1.175,1.1749999523162842
0,2.5249999,1.175,1.1749999523162842
0,2.6,1.175,1.1749999523162842
0,2.7250001,1.175,1.1749999523162842
0,2.8500001,1.175,1.1749999523162842
0,6.5,1.175,1.1749999523162842
0,7.525,1.175,1.1749999523162842
0,7.6749997,1.175,1.1749999523162842
0,6.9,1.175,1.1749999523162842
0,7.1749997,1.175,1.1749999523162842
0,8.075,1.175,1.1749999523162842
0,5.575,1.175,1.1749999523162842
0,4.725,1.175,1.1749999523162842
0,4.9249997,1.175,1.1749999523162842
0,4.45,1.175,1.1749999523162842
0,4.525,1.175,1.1749999523162842
0,3.4999998,1.175,1.1749999523162842
0,4.4,1.175,1.1749999523162842
0,3.875,1.175,1.1749999523162842
0,2.625,1.175,1.1749999523162842
0,2.3000002,1.175,1.1749999523162842
0,2.9250002,1.175,1.1749999523162842
0,1.85,1.175,1.1749999523162842
0,1.7500001,1.175,1.1749999523162842
0,1.9749999,1.175,1.1749999523162842
0,2.7500002,1.175,1.1749999523162842
0,1.9250001,1.175,1.1749999523162842
0,2.125,1.175,1.1749999523162842
0,2.175,1.175,1.1749999523162842
0,2.0,1.175,1.1749999523162842
0,5.025,1.175,1.1749999523162842
0,5.1,1.175,1.1749999523162842
0,4.8999996,1.175,1.1749999523162842
0,4.9249997,1.175,1.1749999523162842
0,5.475,1.175,1.1749999523162842
0,5.0,1.175,1.1749999523162842
0,4.975,1.175,1.1749999523162842
0,5.55,1.175,1.1749999523162842
0,4.3749995,1.175,1.1749999523162842
0,5.1749997,1.175,1.1749999523162842
0,3.0749998,1.175,1.1749999523162842
0,3.825,1.175,1.1749999523162842
0,2.225,1.175,1.1749999523162842
0,2.225,1.175,1.1749999523162842
0,2.45,1.175,1.1749999523162842
0,1.8249999,1.175,1.1749999523162842
0,1.85,1.175,1.1749999523162842
0,2.225,1.175,1.1749999523162842
0,2.2,1.175,1.1749999523162842
0,2.175,1.175,1.1749999523162842
0,2.1000001,1.175,1.1749999523162842
0,1.775,1.175,1.1749999523162842
0,2.3000002,1.175,1.1749999523162842
0,2.025,1.175,1.1749999523162842
0,4.875,1.175,1.1749999523162842
0,4.725,1.175,1.1749999523162842
0,5.45,1.175,1.1749999523162842
0,5.725,1.175,1.1749999523162842
0,5.6,1.175,1.1749999523162842
0,5.425,1.175,1.1749999523162842
0,4.5499997,1.175,1.1749999523162842
0,4.725,1.175,1.1749999523162842
0,4.9249997,1.175,1.1749999523162842
0,3.8500001,1.175,1.1749999523162842
0,2.5249999,1.175,1.1749999523162842
0,3.35,1.175,1.1749999523162842
0,2.875,1.175,1.1749999523162842
0,2.25,1.175,1.1749999523162842
0,1.9000001,1.175,1.1749999523162842
0,1.85,1.175,1.1749999523162842
0,1.725,1.175,1.1749999523162842
0,2.4,2.1935942,2.1935832500457764
0,2.025,4.2666173,4.266622066497803
0,1.95,4.233206,4.23320198059082
0,2.35,4.2000985,4.200185775756836
0,1.675,4.167484,4.167447090148926
0,2.9250002,4.1350803,4.135056972503662
0,7.25,4.1030946,4.103076934814453
0,8.275,4.071362,4.0714430809021
0,8.125,4.0401206,4.04008150100708
0,6.35,4.0091176,4.009151935577393
0,8.125,3.9785888,3.9784371852874756
0,7.9249997,3.9481266,3.948169708251953
0,5.6749997,3.9182253,3.9182286262512207
0,4.675,3.8885868,3.8885881900787354
0,4.4249997,3.8592136,3.8592019081115723
0,3.825,3.8301516,3.8301913738250732
0,3.1499999,3.8015974,3.801503896713257
0,2.975,3.7730763,3.7730906009674072
0,2.875,3.744967,3.7450010776519775
0,2.325,3.7171955,3.7171850204467773
0,2.4750001,3.6896837,3.6897530555725098
0,1.9000001,3.6626284,3.662559986114502
0,1.65,3.6356335,3.635636329650879
0,1.9749999,3.6090713,3.609044313430786
0,2.05,2.1652784,2.165250062942505
0,1.7,4.345814,4.3457207679748535
0,2.0,4.311843,4.311588287353516
0,2.075,4.2775135,4.277467250823975
0,2.075,4.243831,4.243887901306152
0,4.875,4.2108912,4.210748195648193
0,5.475,4.177922,4.178225517272949
0,9.1,4.1454916,4.145640850067139
0,8.95,4.1133842,4.113582611083984
0,7.075,4.0818353,4.081659317016602
0,8.5,4.0500875,4.050333499908447
0,7.9500003,4.019396,4.019404888153076
0,5.6,3.9882083,3.988424301147461
0,4.675,3.9581535,3.958101749420166
0,5.075,3.927783,3.9280855655670166
0,4.25,3.8984742,3.8983397483825684
0,3.45,3.8688834,3.8688366413116455
0,3.4999998,3.839551,3.839334726333618
0,3.4999998,3.8110821,3.8108911514282227
0,2.95,3.7823963,3.782341241836548
0,2.425,3.7539446,3.754149913787842
0,1.8,3.726463,3.726198434829712
0,2.025,3.6987758,3.698697090148926
0,2.25,3.6713803,3.6714844703674316
0,2.25,1.175,1.1749999523162842
0,2.3000002,1.175,1.1749999523162842
0,1.875,1.175,1.1749999523162842
0,1.85,1.175,1.1749999523162842
0,2.2,1.175,1.1749999523162842
0,4.275,1.175,1.1749999523162842
0,6.125,1.175,1.1749999523162842
0,7.725,1.175,1.1749999523162842
0,6.8,1.175,1.1749999523162842
0,5.9,1.175,1.1749999523162842
0,6.175,1.175,1.1749999523162842
0,6.0,1.175,1.1749999523162842
0,5.5249996,1.175,1.1749999523162842
0,4.825,1.175,1.1749999523162842
0,4.05,1.175,1.1749999523162842
0,3.3,1.175,1.1749999523162842
0,4.025,1.175,1.1749999523162842
0,4.825,1.175,1.1749999523162842
0,2.7,1.175,1.1749999523162842
0,2.7500002,1.175,1.1749999523162842
0,2.125,1.175,1.1749999523162842
0,2.05,1.175,1.1749999523162842
0,2.5249999,1.175,1.1749999523162842
0,2.45,1.175,1.1749999523162842
0,2.175,1.175,1.1749999523162842
0,2.275,1.175,1.1749999523162842
0,2.0,1.175,1.1749999523162842
0,2.2,1.175,1.1749999523162842
0,2.825,1.175,1.1749999523162842
0,4.4,1.175,1.1749999523162842
0,5.7999997,1.175,1.1749999523162842
0,7.7999997,1.175,1.1749999523162842
0,7.2250004,1.175,1.1749999523162842
0,5.975,1.175,1.1749999523162842
0,6.775,1.175,1.1749999523162842
0,7.275,1.175,1.1749999523162842
0,5.5,1.175,1.1749999523162842
0,3.9750001,1.175,1.1749999523162842
0,3.4,1.175,1.1749999523162842
0,3.625,1.175,1.1749999523162842
0,4.05,1.175,1.1749999523162842
0,3.175,1.175,1.1749999523162842
0,4.0,1.175,1.1749999523162842
0,4.1749997,1.175,1.1749999523162842
0,2.325,1.175,1.1749999523162842
0,2.55,1.175,1.1749999523162842
0,2.2,1.175,1.1749999523162842
0,2.1000001,1.175,1.1749999523162842
0,2.0,1.175,1.1749999523162842
0,2.075,1.175,1.1749999523162842
0,2.325,1.175,1.1749999523162842
0,1.9250001,1.175,1.1749999523162842
0,2.3000002,1.175,1.1749999523162842
0,3.1499999,1.175,1.1749999523162842
0,5.775,1.175,1.1749999523162842
0,7.8250003,1.175,1.1749999523162842
0,6.7,1.175,1.1749999523162842
0,4.35,1.175,1.1749999523162842
0,6.4500003,1.175,1.1749999523162842
0,5.1,1.175,1.1749999523162842
0,4.725,1.175,1.1749999523162842
0,5.725,1.175,1.1749999523162842
0,5.075,1.175,1.1749999523162842
0,5.85,1.175,1.1749999523162842
0,4.1749997,1.175,1.1749999523162842
0,4.2000003,1.175,1.1749999523162842
0,3.8999999,1.175,1.1749999523162842
0,3.9499998,1.175,1.1749999523162842
0,2.7250001,1.175,1.1749999523162842
0,2.35,1.175,1.1749999523162842
0,2.25,1.175,1.1749999523162842
0,2.125,1.175,1.1749999523162842
0,2.2,1.175,1.1749999523162842
0,2.275,1.175,1.1749999523162842
0,2.55,1.175,1.1749999523162842
0,2.275,1.175,1.1749999523162842
0,2.5,1.175,1.1749999523162842
0,2.225,1.175,1.1749999523162842
0,2.45,1.175,1.1749999523162842
0,6.5750003,1.175,1.1749999523162842
0,6.725,1.175,1.1749999523162842
0,6.975,1.175,1.1749999523162842
0,7.1000004,1.175,1.1749999523162842
0,5.825,1.175,1.1749999523162842
0,7.1749997,1.175,1.1749999523162842
0,6.35,1.175,1.1749999523162842
0,6.25,1.175,1.1749999523162842
0,5.2,1.175,1.1749999523162842
0,3.55,1.175,1.1749999523162842
0,3.2250001,1.175,1.1749999523162842
0,3.125,1.175,1.1749999523162842
0,2.275,1.175,1.1749999523162842
0,2.575,1.175,1.1749999523162842
0,2.425,1.175,1.1749999523162842
0,2.325,1.175,1.1749999523162842
0,2.625,1.175,1.1749999523162842
0,2.6750002,1.175,1.1749999523162842
0,2.45,1.175,1.1749999523162842
0,2.8,1.175,1.1749999523162842
0,2.125,1.175,1.1749999523162842
0,2.7250001,1.175,1.1749999523162842
0,2.1000001,1.175,1.1749999523162842
0,2.975,1.175,1.1749999523162842
0,5.85,1.175,1.1749999523162842
0,7.625,1.175,1.1749999523162842
0,5.6749997,1.175,1.1749999523162842
0,6.9,1.175,1.1749999523162842
0,7.2,1.175,1.1749999523162842
0,6.425,1.175,1.1749999523162842
0,7.275,1.175,1.1749999523162842
0,6.6,1.175,1.1749999523162842
0,5.85,1.175,1.1749999523162842
0,4.45,1.175,1.1749999523162842
0,3.625,1.175,1.1749999523162842
0,2.65,1.175,1.1749999523162842
0,2.1499999,1.175,1.1749999523162842
0,2.5249999,1.175,1.1749999523162842
0,2.425,1.175,1.1749999523162842
0,2.625,1.175,1.1749999523162842
0,2.9250002,1.175,1.1749999523162842
0,2.55,2.1934106,2.193453073501587
0,2.125,4.2662315,4.266134262084961
0,2.4,4.2326813,4.232669353485107
0,2.4,4.1995893,4.199655532836914
0,2.8500001,4.1669364,4.166922092437744
0,3.9750001,4.1344957,4.1345744132995605
0,5.2,4.102637,4.102642059326172
0,8.650001,4.071039,4.070905685424805
0,8.95,4.0396376,4.039648532867432
0,7.075,4.0086308,4.008678913116455
0,8.95,3.9780245,3.9780514240264893
0,8.849999,3.9478142,3.9477696418762207
0,4.85,3.9177456,3.9177660942077637
0,4.95,3.8881779,3.888098955154419
0,4.9249997,3.8587477,3.8587915897369385
0,3.0500002,3.8297172,3.8297181129455566
0,3.425,3.8011081,3.801102638244629
0,3.475,3.7726703,3.772645950317383
0,2.7,3.7446568,3.7446534633636475
0,3.45,3.7168183,3.7168283462524414
0,2.55,3.6893847,3.689329147338867
0,2.65,3.6621852,3.6621789932250977
0,1.9250001,3.635251,3.6352922916412354
0,2.35,3.6086257,3.6086366176605225
0,2.325,2.164949,2.1650192737579346
0,3.0,4.3451076,4.34531831741333
0,2.4,4.310776,4.31124210357666
0,2.3000002,4.277223,4.277162551879883
0,2.025,4.243511,4.243326663970947
0,4.25,4.2103763,4.21031379699707
0,7.1749997,4.177758,4.177450656890869
0,7.5499997,4.1451354,4.1452860832214355
0,8.599999,4.1132026,4.113006591796875
0,8.5,4.0816493,4.081223487854004
0,8.0,4.049731,4.049787998199463
0,8.525001,4.0188675,4.018641471862793
0,4.15,3.9879348,3.9880454540252686
0,3.8500001,3.9577413,3.9577038288116455
0,4.15,3.9277477,3.9274916648864746
0,3.55,3.8978093,3.8978724479675293
0,3.6750002,3.868565,3.8683664798736572
0,3.55,3.839223,3.83909273147583
0,3.7749999,3.810597,3.8104424476623535
0,4.2999997,3.7820954,3.781937837600708
0,2.0,3.7538414,3.753647565841675
0,1.7,3.7259243,3.7258307933807373
0,1.8249999,3.698247,3.698061466217041
0,2.225,3.6711538,3.6710011959075928
0,1.775,1.175,1.1749999523162842
0,1.875,1.175,1.1749999523162842
0,1.8,1.175,1.1749999523162842
0,2.4750001,1.175,1.1749999523162842
0,2.55,1.175,1.1749999523162842
0,3.6,1.175,1.1749999523162842
0,5.85,1.175,1.1749999523162842
0,8.1,1.175,1.1749999523162842
0,7.9500003,1.175,1.1749999523162842
0,5.8749995,1.175,1.1749999523162842
0,8.025,1.175,1.1749999523162842
0,8.650001,1.175,1.1749999523162842
0,5.275,1.175,1.1749999523162842
0,6.025,1.175,1.1749999523162842
0,5.5,1.175,1.1749999523162842
0,6.55,1.175,1.1749999523162842
0,6.1,1.175,1.1749999523162842
0,5.425,1.175,1.1749999523162842
0,4.8,1.175,1.1749999523162842
0,2.825,1.175,1.1749999523162842
0,3.6499999,1.175,1.1749999523162842
0,4.2999997,1.175,1.1749999523162842
0,3.4,1.175,1.1749999523162842
0,2.95,1.175,1.1749999523162842
0,3.0749998,1.175,1.1749999523162842
0,2.8,1.175,1.1749999523162842
0,3.0500002,1.175,1.1749999523162842
0,3.7,1.175,1.1749999523162842
0,3.025,1.175,1.1749999523162842
0,5.275,1.175,1.1749999523162842
0,9.525,1.175,1.1749999523162842
0,8.55,1.175,1.1749999523162842
0,9.75,1.175,1.1749999523162842
0,7.4249997,1.175,1.1749999523162842
0,9.675,1.175,1.1749999523162842
0,7.9500003,1.175,1.1749999523162842
0,5.3999996,1.175,1.1749999523162842
0,4.45,1.175,1.1749999523162842
0,4.15,1.175,1.1749999523162842
0,4.4,1.175,1.1749999523162842
0,3.925,1.175,1.1749999523162842
0,3.4,1.175,1.1749999523162842
0,3.625,1.175,1.1749999523162842
0,3.45,1.175,1.1749999523162842
0,2.4,1.175,1.1749999523162842
0,2.075,1.175,1.1749999523162842
0,2.1000001,1.175,1.1749999523162842
0,2.625,1.175,1.1749999523162842
0,2.35,1.175,1.1749999523162842
0,2.0,1.175,1.1749999523162842
0,2.6750002,1.175,1.1749999523162842
0,2.1000001,1.175,1.1749999523162842
0,1.9749999,1.175,1.1749999523162842
0,3.6499999,1.175,1.1749999523162842
0,7.625,1.175,1.1749999523162842
0,8.175,1.175,1.1749999523162842
0,9.25,1.175,1.1749999523162842
0,6.775,1.175,1.1749999523162842
0,7.75,1.175,1.1749999523162842
0,8.55,1.175,1.1749999523162842
0,5.075,1.175,1.1749999523162842
0,5.1,1.175,1.1749999523162842
0,4.075,1.175,1.1749999523162842
0,4.625,1.175,1.1749999523162842
0,5.7,1.175,1.1749999523162842
0,5.35,1.175,1.1749999523162842
0,4.725,1.175,1.1749999523162842
0,3.8500001,1.175,1.1749999523162842
0,2.55,1.175,1.1749999523162842
0,2.175,1.175,1.1749999523162842
0,1.95,1.175,1.1749999523162842
0,2.625,1.175,1.1749999523162842
0,2.075,1.175,1.1749999523162842
0,2.05,1.175,1.1749999523162842
0,2.125,1.175,1.1749999523162842
0,2.175,1.175,1.1749999523162842
0,2.05,1.175,1.1749999523162842
0,2.25,1.175,1.1749999523162842
0,1.7500001,1.175,1.1749999523162842
0,4.3250003,1.175,1.1749999523162842
0,4.8999996,1.175,1.1749999523162842
0,4.4,1.175,1.1749999523162842
0,3.8500001,1.175,1.1749999523162842
0,4.6499996,1.175,1.1749999523162842
0,4.575,1.175,1.1749999523162842
0,3.625,1.175,1.1749999523162842
0,3.3249998,1.175,1.1749999523162842
0,2.65,1.175,1.1749999523162842
0,4.5499997,1.175,1.1749999523162842
0,2.775,1.175,1.1749999523162842
0,3.1000001,1.175,1.1749999523162842
0,1.85,1.175,1.1749999523162842
0,2.4,1.175,1.1749999523162842
0,2.425,1.175,1.1749999523162842
0,2.125,1.175,1.1749999523162842
0,1.9749999,1.175,1.1749999523162842
0,1.7,1.175,1.1749999523162842
0,1.8249999,1.175,1.1749999523162842
0,2.375,1.175,1.1749999523162842
0,1.875,1.175,1.1749999523162842
0,1.9250001,1.175,1.1749999523162842
0,2.3000002,1.175,1.1749999523162842
0,1.85,1.175,1.1749999523162842
0,2.9250002,1.175,1.1749999523162842
0,2.6750002,1.175,1.1749999523162842
0,3.7749999,1.175,1.1749999523162842
0,4.35,1.175,1.1749999523162842
0,4.75,1.175,1.1749999523162842
0,5.075,1.175,1.1749999523162842
0,3.8000002,1.175,1.1749999523162842
0,2.825,1.175,1.1749999523162842
0,3.25,1.175,1.1749999523162842
0,2.275,1.175,1.1749999523162842
0,3.7,1.175,1.1749999523162842
0,3.475,1.175,1.1749999523162842
0,2.025,1.175,1.1749999523162842
0,2.375,1.175,1.1749999523162842
0,1.95,1.175,1.1749999523162842
0,1.95,1.175,1.1749999523162842
0,2.575,1.175,1.1749999523162842
0,2.3000002,2.1932003,2.1932640075683594
0,2.125,4.2656016,4.265587329864502
0,1.9749999,4.2322054,4.23225212097168
0,2.1000001,4.1992273,4.1991801261901855
0,2.0,4.166494,4.16643762588501
0,4.1,4.1340575,4.1341471672058105
0,6.6,4.1021957,4.102168083190918
0,8.575,4.070435,4.070469856262207
0,8.400001,4.039196,4.039178848266602
0,6.675,4.008201,4.008212566375732
0,7.6000004,3.9775937,3.977569580078125
0,7.6999993,3.947206,3.947263717651367
0,6.3,3.9173493,3.917381525039673
0,4.2999997,3.8877318,3.88773250579834
0,5.025,3.858433,3.8583641052246094
0,3.75,3.829386,3.829352855682373
0,4.4,3.8007033,3.8006582260131836
0,3.175,3.772242,3.7722558975219727
0,2.7,3.7441635,3.744258165359497
0,2.45,3.7163756,3.716454029083252
0,2.425,3.688948,3.6889796257019043
0,2.4750001,3.6617906,3.661761999130249
0,2.025,3.6349142,3.6348612308502197
0,2.375,3.6083062,3.6082894802093506
0,2.3000002,2.164638,2.164858818054199
0,2.175,4.344904,4.344629764556885
0,1.95,4.3107867,4.310672283172607
0,2.4,4.2768946,4.276938438415527
0,2.1000001,4.2430286,4.243110656738281
0,4.525,4.2097597,4.210023403167725
0,6.925,4.1766586,4.177174091339111
0,8.375,4.144419,4.144831657409668
0,7.2250004,4.112591,4.112646102905273
0,6.5750003,4.0808635,4.0807061195373535
0,7.1000004,4.0494328,4.04945182800293
0,6.25,4.018557,4.018289089202881
0,5.5,3.9875612,3.9874258041381836
0,4.45,3.9576662,3.957249879837036
0,2.8500001,3.9273286,3.927190065383911
0,3.3,3.8971975,3.8974361419677734
0,4.6499996,3.8677506,3.8679583072662354
0,3.2250001,3.8386655,3.8388795852661133
0,3.2250001,3.8099647,3.810208320617676
0,3.4999998,3.7813168,3.781489610671997
0,2.45,3.75351,3.7533583641052246
0,2.2,3.7257059,3.725466728210449
0,2.275,3.6979055,3.6978442668914795
0,2.1499999,3.6704092,3.670606851577759
0,2.05,1.175,1.1749999523162842
0,2.4750001,1.175,1.1749999523162842
0,2.625,1.175,1.1749999523162842
0,2.3000002,1.175,1.1749999523162842
0,2.1000001,1.175,1.1749999523162842
0,4.7,1.175,1.1749999523162842
0,7.6999993,1.175,1.1749999523162842
0,7.05,1.175,1.1749999523162842
0,7.75,1.175,1.1749999523162842
0,5.35,1.175,1.1749999523162842
0,7.075,1.175,1.1749999523162842
0,6.3250003,1.175,1.1749999523162842
0,4.875,1.175,1.1749999523162842
0,3.8999999,1.175,1.1749999523162842
0,3.25,1.175,1.1749999523162842
0,3.925,1.175,1.1749999523162842
0,4.9249997,1.175,1.1749999523162842
0,4.45,1.175,1.1749999523162842
0,2.4,1.175,1.1749999523162842
0,2.225,1.175,1.1749999523162842
0,2.275,1.175,1.1749999523162842
0,2.05,1.175,1.1749999523162842
0,2.3000002,1.175,1.1749999523162842
0,2.275,1.175,1.1749999523162842
0,2.1000001,1.175,1.1749999523162842
0,2.65,1.175,1.1749999523162842
0,2.875,1.175,1.1749999523162842
0,2.45,1.175,1.1749999523162842
0,2.6750002,1.175,1.1749999523162842
0,3.7,1.175,1.1749999523162842
0,6.35,1.175,1.1749999523162842
0,6.075,1.175,1.1749999523162842
0,6.5,1.175,1.1749999523162842
0,6.0499997,1.175,1.1749999523162842
0,5.425,1.175,1.1749999523162842
0,6.225,1.175,1.1749999523162842
0,5.95,1.175,1.1749999523162842
0,4.7,1.175,1.1749999523162842
0,4.4249997,1.175,1.1749999523162842
0,5.625,1.175,1.1749999523162842
0,4.5,1.175,1.1749999523162842
0,2.5,1.175,1.1749999523162842
0,3.4,1.175,1.1749999523162842
0,4.275,1.175,1.1749999523162842
0,2.375,1.175,1.1749999523162842
0,2.625,1.175,1.1749999523162842
0,2.6,1.175,1.1749999523162842
0,2.025,1.175,1.1749999523162842
0,2.8,1.175,1.1749999523162842
0,2.05,1.175,1.1749999523162842
0,2.225,1.175,1.1749999523162842
0,2.55,1.175,1.1749999523162842
0,2.425,1.175,1.1749999523162842
0,3.8999999,1.175,1.1749999523162842
0,7.7749996,1.175,1.1749999523162842
0,6.9,1.175,1.1749999523162842
0,5.825,1.175,1.1749999523162842
0,5.85,1.175,1.1749999523162842
0,6.95,1.175,1.1749999523162842
0,6.6,1.175,1.1749999523162842
0,6.775,1.175,1.1749999523162842
0,6.0,1.175,1.1749999523162842
0,5.5249996,1.175,1.1749999523162842
0,5.6749997,1.175,1.1749999523162842
0,7.725,1.175,1.1749999523162842
0,7.4750004,1.175,1.1749999523162842
0,7.325,1.175,1.1749999523162842
0,6.8,1.175,1.1749999523162842
0,3.725,1.175,1.1749999523162842
0,2.775,1.175,1.1749999523162842
0,2.6,1.175,1.1749999523162842
0,2.775,1.175,1.1749999523162842
0,3.2250001,1.175,1.1749999523162842
0,3.1999998,1.175,1.1749999523162842
0,2.375,1.175,1.1749999523162842
0,2.8,1.175,1.1749999523162842
0,2.3000002,1.175,1.1749999523162842
0,2.575,1.175,1.1749999523162842
0,4.4,1.175,1.1749999523162842
0,6.175,1.175,1.1749999523162842
0,6.2000003,1.175,1.1749999523162842
0,6.1,1.175,1.1749999523162842
0,6.425,1.175,1.1749999523162842
0,5.25,1.175,1.1749999523162842
0,5.775,1.175,1.1749999523162842
0,4.2000003,1.175,1.1749999523162842
0,3.425,1.175,1.1749999523162842
0,5.1749997,1.175,1.1749999523162842
0,3.55,1.175,1.1749999523162842
0,2.8500001,1.175,1.1749999523162842
0,2.9250002,1.175,1.1749999523162842
0,2.775,1.175,1.1749999523162842
0,2.1000001,1.175,1.1749999523162842
0,2.65,1.175,1.1749999523162842
0,2.125,1.175,1.1749999523162842
0,2.25,1.175,1.1749999523162842
0,2.1499999,1.175,1.1749999523162842
0,2.325,1.175,1.1749999523162842
0,2.35,1.175,1.1749999523162842
0,2.0,1.175,1.1749999523162842
0,2.3000002,1.175,1.1749999523162842
0,2.875,1.175,1.1749999523162842
0,2.425,1.175,1.1749999523162842
0,4.6,1.175,1.1749999523162842
0,5.1249995,1.175,1.1749999523162842
0,5.025,1.175,1.1749999523162842
0,5.45,1.175,1.1749999523162842
0,5.625,1.175,1.1749999523162842
0,6.075,1.175,1.1749999523162842
0,4.95,1.175,1.1749999523162842
0,3.9499998,1.175,1.1749999523162842
0,4.2999997,1.175,1.1749999523162842
0,3.35,1.175,1.1749999523162842
0,3.0500002,1.175,1.1749999523162842
0,2.8,1.175,1.1749999523162842
0,2.975,1.175,1.1749999523162842
0,2.65,1.175,1.1749999523162842
0,3.0,1.175,1.1749999523162842
0,2.025,1.175,1.1749999523162842
0,2.1499999,1.175,1.1749999523162842
0,2.1499999,2.1931114,2.193084955215454
0,2.25,4.2650456,4.265120506286621
0,2.175,4.231691,4.231717109680176
0,2.575,4.198634,4.198645114898682
0,3.0,4.166033,4.166025161743164
0,4.45,4.1337237,4.133693218231201
0,6.85,4.1017556,4.101693630218506
0,6.425,4.0700192,4.070037841796875
0,6.3250003,4.0386086,4.03876256942749
0,5.6749997,4.0077963,4.007785797119141
0,5.225,3.9771423,3.9771435260772705
0,5.85,3.9468486,3.9468626976013184
0,4.8,3.9169102,3.9168920516967773
0,5.5249996,3.8872561,3.8873448371887207
0,4.4,3.8578253,3.8578872680664062
0,5.825,3.8288677,3.8289642333984375
0,4.45,3.8003023,3.800201177597046
0,4.25,3.771926,3.7718544006347656
0,3.525,3.7438276,3.7437963485717773
0,3.425,3.7160678,3.715985059738159
0,2.825,3.6885457,3.688558340072632
0,2.7250001,3.661381,3.661322593688965
0,2.825,3.6345375,3.6344797611236572
0,2.6,3.6079063,3.607924699783325
0,2.425,2.1648638,2.1645772457122803
0,3.1499999,4.3440647,4.344254016876221
0,3.0749998,4.3099146,4.309899806976318
0,2.7250001,4.2761154,4.275965213775635
0,2.625,4.242348,4.242453575134277
0,3.3249998,4.209204,4.209352493286133
0,3.725,4.1762094,4.176528453826904
0,4.35,4.143647,4.144150257110596
0,4.275,4.112517,4.112061500549316
0,4.6499996,4.0804744,4.080338478088379
0,5.15,4.0485964,4.04876184463501
0,5.6499996,4.0179825,4.017796993255615
0,5.2999997,3.9871657,3.98690128326416
0,4.675,3.9568856,3.956587314605713
0,4.975,3.9266841,3.9267055988311768
0,4.45,3.8969624,3.896846294403076
0,4.525,3.8673644,3.867323160171509
0,3.1499999,3.8380413,3.837947368621826
0,4.15,3.8096294,3.809471607208252
0,3.6,3.780927,3.780979871749878
0,2.4,3.7529254,3.752690553665161
0,2.35,3.7248158,3.725111961364746
0,3.3249998,3.697613,3.6974313259124756
0,2.5,3.6702683,3.670156240463257
0,2.875,1.175,1.1749999523162842
0,2.875,1.175,1.1749999523162842
0,2.375,1.175,1.1749999523162842
0,2.3000002,1.175,1.1749999523162842
0,2.8,1.175,1.1749999523162842
0,4.1,1.175,1.1749999523162842
0,6.7,1.175,1.1749999523162842
0,6.0499997,1.175,1.1749999523162842
0,6.375,1.175,1.1749999523162842
0,6.2000003,1.175,1.1749999523162842
0,7.15,1.175,1.1749999523162842
0,7.75,1.175,1.1749999523162842
0,7.7749996,1.175,1.1749999523162842
0,5.95,1.175,1.1749999523162842
0,6.35,1.175,1.1749999523162842
0,5.35,1.175,1.1749999523162842
0,5.7999997,1.175,1.1749999523162842
0,4.9249997,1.175,1.1749999523162842
0,4.7,1.175,1.1749999523162842
0,4.025,1.175,1.1749999523162842
0,3.025,1.175,1.1749999523162842
0,2.375,1.175,1.1749999523162842
0,2.5249999,1.175,1.1749999523162842
0,2.6750002,1.175,1.1749999523162842
0,2.4,1.175,1.1749999523162842
0,2.775,1.175,1.1749999523162842
0,2.875,1.175,1.1749999523162842
0,2.6750002,1.175,1.1749999523162842
0,2.625,1.175,1.1749999523162842
0,3.575,1.175,1.1749999523162842
0,6.125,1.175,1.1749999523162842
0,6.975,1.175,1.1749999523162842
0,6.5750003,1.175,1.1749999523162842
0,6.825,1.175,1.1749999523162842
0,6.675,1.175,1.1749999523162842
0,7.9249997,1.175,1.1749999523162842
0,6.825,1.175,1.1749999523162842
0,5.7,1.175,1.1749999523162842
0,4.275,1.175,1.1749999523162842
0,4.8999996,1.175,1.1749999523162842
0,5.1749997,1.175,1.1749999523162842
0,4.45,1.175,1.1749999523162842
0,4.6,1.175,1.1749999523162842
0,3.7,1.175,1.1749999523162842
0,2.875,1.175,1.1749999523162842
0,3.125,1.175,1.1749999523162842
0,3.0749998,1.175,1.1749999523162842
0,2.575,1.175,1.1749999523162842
0,2.2,1.175,1.1749999523162842
0,2.4,1.175,1.1749999523162842
0,3.025,1.175,1.1749999523162842
0,2.275,1.175,1.1749999523162842
0,2.4,1.175,1.1749999523162842
0,3.925,1.175,1.1749999523162842
0,5.025,1.175,1.1749999523162842
0,6.0499997,1.175,1.1749999523162842
0,5.775,1.175,1.1749999523162842
0,6.0,1.175,1.1749999523162842
0,5.45,1.175,1.1749999523162842
0,5.225,1.175,1.1749999523162842
0,5.325,1.175,1.1749999523162842
0,5.725,1.175,1.1749999523162842
0,5.475,1.175,1.1749999523162842
0,7.85,1.175,1.1749999523162842
0,7.375,1.175,1.1749999523162842
0,6.8,1.175,1.1749999523162842
0,6.1499996,1.175,1.1749999523162842
0,5.975,1.175,1.1749999523162842
0,3.175,1.175,1.1749999523162842
0,2.175,1.175,1.1749999523162842
0,2.9250002,1.175,1.1749999523162842
0,2.175,1.175,1.1749999523162842
0,2.65,1.175,1.1749999523162842
0,2.6750002,1.175,1.1749999523162842
0,3.0749998,1.175,1.1749999523162842
0,2.25,1.175,1.1749999523162842
0,2.275,1.175,1.1749999523162842
0,2.325,1.175,1.1749999523162842
0,2.95,1.175,1.1749999523162842
0,8.15,1.175,1.1749999523162842
0,7.2999997,1.175,1.1749999523162842
0,6.6,1.175,1.1749999523162842
0,6.3999996,1.175,1.1749999523162842
0,5.825,1.175,1.1749999523162842
0,6.025,1.175,1.1749999523162842
0,5.6499996,1.175,1.1749999523162842
0,5.35,1.175,1.1749999523162842
0,4.575,1.175,1.1749999523162842
0,4.4249997,1.175,1.1749999523162842
0,3.725,1.175,1.1749999523162842
0,3.6,1.175,1.1749999523162842
0,2.4,1.175,1.1749999523162842
0,2.25,1.175,1.1749999523162842
0,2.05,1.175,1.1749999523162842
0,2.175,1.175,1.1749999523162842
0,2.775,1.175,1.1749999523162842
0,2.575,1.175,1.1749999523162842
0,2.325,1.175,1.1749999523162842
0,2.775,1.175,1.1749999523162842
0,1.8249999,1.175,1.1749999523162842
0,2.375,1.175,1.1749999523162842
0,2.25,1.175,1.1749999523162842
0,2.5249999,1.175,1.1749999523162842
0,7.4249997,1.175,1.1749999523162842
0,6.825,1.175,1.1749999523162842
0,6.8,1.175,1.1749999523162842
0,5.325,1.175,1.1749999523162842
0,4.9249997,1.175,1.1749999523162842
0,3.1999998,1.175,1.1749999523162842
0,4.15,1.175,1.1749999523162842
0,4.2000003,1.175,1.1749999523162842
0,5.25,1.175,1.1749999523162842
0,3.55,1.175,1.1749999523162842
0,3.275,1.175,1.1749999523162842
0,3.6750002,1.175,1.1749999523162842
0,2.775,1.175,1.1749999523162842
0,2.175,1.175,1.1749999523162842
0,1.875,1.175,1.1749999523162842
0,2.35,1.175,1.1749999523162842
0,2.7500002,1.175,1.1749999523162842
0,2.325,2.1928766,2.192962884902954
0,2.25,4.264656,4.264651298522949
0,2.025,4.2312512,4.23122501373291
0,2.55,4.1981273,4.198166847229004
0,3.0500002,4.1656065,4.165558815002441
0,2.65,4.1331787,4.133176326751709
0,3.6499999,4.1011934,4.101167678833008
0,3.475,4.069573,4.069586277008057
0,3.8500001,4.038271,4.038328170776367
0,4.25,4.007358,4.007376194000244
0,4.225,3.9766724,3.9766948223114014
0,4.4,3.9464207,3.9464287757873535
0,4.2000003,3.916462,3.9164021015167236
0,2.975,3.8868673,3.886831760406494
0,2.6750002,3.857527,3.857572555541992
0,3.0,3.82851,3.828531265258789
0,2.875,3.7998624,3.7998270988464355
0,2.1499999,3.7714016,3.7714345455169678
0,2.175,3.7435148,3.7433359622955322
0,2.35,3.715648,3.715615749359131
0,1.875,3.688168,3.6882002353668213
0,2.025,3.6610754,3.660959243774414
0,2.025,3.6340759,3.6340997219085693
0,2.025,3.6075037,3.6074843406677246
0,2.0,2.1647277,2.164541482925415
0,2.175,4.34358,4.343582630157471
0,2.275,4.3093076,4.30959939956665
0,2.25,4.275563,4.275298118591309
0,2.325,4.241878,4.2419281005859375
0,2.625,4.208941,4.2090020179748535
0,2.025,4.176297,4.17603874206543
0,2.425,4.144034,4.143579959869385
0,2.325,4.111416,4.111365795135498
0,2.4750001,4.080016,4.079825401306152
0,2.875,4.0485435,4.04833984375
0,2.8,4.0174637,4.017161846160889
0,3.025,3.9863741,3.9867398738861084
0,3.7,3.9563084,3.956192970275879
0,2.225,3.9260006,3.9261624813079834
0,2.45,3.896566,3.896548271179199
0,2.425,3.8667936,3.866856098175049
0,2.1499999,3.838014,3.837820053100586
0,2.2,3.8090804,3.8091862201690674
0,2.1499999,3.7804976,3.780571699142456
0,2.6750002,3.7522175,3.7524821758270264
0,2.375,3.724686,3.7245676517486572
0,2.225,3.6971,3.697139263153076
0,1.95,3.6697543,3.6697587966918945
0,2.025,1.175,1.1749999523162842
0,2.35,1.175,1.1749999523162842
0,2.2,1.175,1.1749999523162842
0,2.7500002,1.175,1.1749999523162842
0,2.625,1.175,1.1749999523162842
0,2.1499999,1.175,1.1749999523162842
0,2.625,1.175,1.1749999523162842
0,1.9749999,1.175,1.1749999523162842
0,3.2250001,1.175,1.1749999523162842
0,2.5249999,1.175,1.1749999523162842
0,3.2250001,1.175,1.1749999523162842
0,2.9,1.175,1.1749999523162842
0,3.6,1.175,1.1749999523162842
0,3.4999998,1.175,1.1749999523162842
0,3.0749998,1.175,1.1749999523162842
0,2.9,1.175,1.1749999523162842
0,2.95,1.175,1.1749999523162842
0,2.25,1.175,1.1749999523162842
0,2.7250001,1.175,1.1749999523162842
0,2.225,1.175,1.1749999523162842
0,2.45,1.175,1.1749999523162842
0,2.275,1.175,1.1749999523162842
0,2.375,1.175,1.1749999523162842
0,2.0,1.175,1.1749999523162842
0,2.575,1.175,1.1749999523162842
0,2.075,1.175,1.1749999523162842
0,2.275,1.175,1.1749999523162842
0,2.5,1.175,1.1749999523162842
0,2.05,1.175,1.1749999523162842
0,2.775,1.175,1.1749999523162842
0,4.1749997,1.175,1.1749999523162842
0,6.0,1.175,1.1749999523162842
0,4.7749996,1.175,1.1749999523162842
0,4.6,1.175,1.1749999523162842
0,4.075,1.175,1.1749999523162842
0,3.7,1.175,1.1749999523162842
0,3.45,1.175,1.1749999523162842
0,3.25,1.175,1.1749999523162842
0,2.975,1.175,1.1749999523162842
0,2.625,1.175,1.1749999523162842
0,3.9499998,1.175,1.1749999523162842
0,2.45,1.175,1.1749999523162842
0,3.1499999,1.175,1.1749999523162842
0,2.225,1.175,1.1749999523162842
0,2.2,1.175,1.1749999523162842
0,2.35,1.175,1.1749999523162842
0,2.65,1.175,1.1749999523162842
0,2.25,1.175,1.1749999523162842
0,2.25,1.175,1.1749999523162842
0,2.65,1.175,1.1749999523162842
0,2.375,1.175,1.1749999523162842
0,2.2,1.175,1.1749999523162842
0,2.775,1.175,1.1749999523162842
0,3.0749998,1.175,1.1749999523162842
0,4.05,1.175,1.1749999523162842
0,4.5499997,1.175,1.1749999523162842
0,4.2000003,1.175,1.1749999523162842
0,4.225,1.175,1.1749999523162842
0,3.925,1.175,1.1749999523162842
0,4.225,1.175,1.1749999523162842
0,4.075,1.175,1.1749999523162842
0,3.0,1.175,1.1749999523162842
0,3.0,1.175,1.1749999523162842
0,3.275,1.175,1.1749999523162842
0,3.175,1.175,1.1749999523162842
0,2.375,1.175,1.1749999523162842
0,2.65,1.175,1.1749999523162842
0,2.575,1.175,1.1749999523162842
0,2.775,1.175,1.1749999523162842
0,2.3000002,1.175,1.1749999523162842
0,2.425,1.175,1.1749999523162842
0,2.55,1.175,1.1749999523162842
0,2.25,1.175,1.1749999523162842
0,2.3000002,1.175,1.1749999523162842
0,2.375,1.175,1.1749999523162842
0,2.05,1.175,1.1749999523162842
0,2.9,1.175,1.1749999523162842
0,2.575,1.175,1.1749999523162842
0,2.6,1.175,1.1749999523162842
0,2.325,1.175,1.1749999523162842
0,2.8,1.175,1.1749999523162842
0,2.325,1.175,1.1749999523162842
0,3.825,1.175,1.1749999523162842
0,2.6750002,1.175,1.1749999523162842
0,2.775,1.175,1.1749999523162842
0,2.6,1.175,1.1749999523162842
0,2.8500001,1.175,1.1749999523162842
0,3.3,1.175,1.1749999523162842
0,3.3249998,1.175,1.1749999523162842
0,2.7500002,1.175,1.1749999523162842
0,2.25,1.175,1.1749999523162842
0,2.4750001,1.175,1.1749999523162842
0,2.375,1.175,1.1749999523162842
0,2.95,1.175,1.1749999523162842
0,2.7,1.175,1.1749999523162842
0,2.25,1.175,1.1749999523162842
0,2.6750002,1.175,1.1749999523162842
0,2.5,1.175,1.1749999523162842
0,3.025,1.175,1.1749999523162842
0,2.55,1.175,1.1749999523162842
0,2.5,1.175,1.1749999523162842
0,2.55,1.175,1.1749999523162842
0,2.4,1.175,1.1749999523162842
0,3.0,1.175,1.1749999523162842
0,2.35,1.175,1.1749999523162842
0,3.1499999,1.175,1.1749999523162842
0,2.775,1.175,1.1749999523162842
0,2.625,1.175,1.1749999523162842
0,3.175,1.175,1.1749999523162842
0,3.8000002,1.175,1.1749999523162842
0,2.9,1.175,1.1749999523162842
0,3.1499999,1.175,1.1749999523162842
0,2.8500001,1.175,1.1749999523162842
0,2.6,1.175,1.1749999523162842
0,2.4750001,1.175,1.1749999523162842
0,2.225,1.175,1.1749999523162842
0,2.325,1.175,1.1749999523162842
0,2.6750002,1.175,1.1749999523162842
0,2.5,1.175,1.1749999523162842
0,2.575,1.175,1.1749999523162842
0,2.3000002,2.192663,2.192737579345703
0,2.625,4.264072,4.264110088348389
0,2.575,4.2307363,4.230730056762695
0,2.275,4.1977158,4.1977152824401855
0,2.4750001,4.1650867,4.16499137878418
0,2.575,4.132811,4.132688999176025
0,2.225,4.100738,4.100733280181885
0,2.8,4.06903,4.069122791290283
0,2.9,4.037829,4.037819862365723
0,3.475,4.006926,4.006885528564453
0,3.175,3.976293,3.9762651920318604
0,3.825,3.9459553,3.9459850788116455
0,3.8999999,3.9160154,3.916008472442627
0,3.3249998,3.8864558,3.8863933086395264
0,3.275,3.857123,3.857048749923706
0,2.9250002,3.8280962,3.82808780670166
0,2.95,3.7994316,3.7994065284729004
0,3.0500002,3.7710407,3.77099609375
0,2.875,3.7429562,3.742992639541626
0,2.975,3.7151845,3.715252161026001
0,2.7250001,3.6877677,3.6877987384796143
0,2.35,3.6605506,3.6605663299560547
0,2.425,3.6336746,3.6336846351623535
0,2.4,3.607139,3.607146978378296
0,2.35,2.1731615,2.172698497772217
0,2.375,4.369622,4.36991548538208
0,2.325,4.3347993,4.335160732269287
0,2.775,4.30093,4.301025390625
0,2.9250002,4.267256,4.26708459854126
0,3.3749998,4.233796,4.233810901641846
0,2.7500002,4.20082,4.200710773468018
0,2.6,4.168052,4.16823148727417
0,2.8500001,4.135546,4.1356048583984375
0,3.3,4.1036477,4.103549003601074
0,3.2250001,4.0716457,4.0718278884887695
0,2.65,4.041028,4.040842056274414
0,2.375,4.0098715,4.009689807891846
0,2.975,3.9792955,3.9791483879089355
0,2.975,3.9488611,3.9486567974090576
0,2.6750002,3.918916,3.9187090396881104
0,2.575,3.8891263,3.889173746109009
0,2.7500002,3.8595936,3.8596487045288086
0,2.7,3.830977,3.830867052078247
0,2.975,3.8022249,3.802130699157715
0,2.625,3.7734888,3.7737278938293457
0,2.825,3.7456505,3.745530128479004
0,2.35,3.7175639,3.7177419662475586
0,2.65,3.6903372,3.6903469562530518
0,2.35,1.175,1.1749999523162842
0,2.575,1.175,1.1749999523162842
0,2.35,1.175,1.1749999523162842
0,2.175,1.175,1.1749999523162842
0,2.4,1.175,1.1749999523162842
0,2.975,1.175,1.1749999523162842
0,2.4,1.175,1.1749999523162842
0,2.825,1.175,1.1749999523162842
0,2.35,1.175,1.1749999523162842
0,3.125,1.175,1.1749999523162842
0,3.0749998,1.175,1.1749999523162842
0,3.875,1.175,1.1749999523162842
0,2.6,1.175,1.1749999523162842
0,3.6750002,1.175,1.1749999523162842
0,3.175,1.175,1.1749999523162842
0,2.4,1.175,1.1749999523162842
0,3.475,1.175,1.1749999523162842
0,3.125,1.175,1.1749999523162842
0,3.275,1.175,1.1749999523162842
0,2.625,1.175,1.1749999523162842
0,2.95,1.175,1.1749999523162842
0,2.375,1.175,1.1749999523162842
0,2.65,1.175,1.1749999523162842
0,2.775,1.175,1.1749999523162842
0,2.2,1.175,1.1749999523162842
0,2.8,1.175,1.1749999523162842
0,2.425,1.175,1.1749999523162842
0,2.825,1.175,1.1749999523162842
0,2.35,1.175,1.1749999523162842
0,3.7749999,1.175,1.1749999523162842
0,5.55,1.175,1.1749999523162842
0,5.6749997,1.175,1.1749999523162842
0,6.175,1.175,1.1749999523162842
0,5.3999996,1.175,1.1749999523162842
0,6.7499995,1.175,1.1749999523162842
0,5.2999997,1.175,1.1749999523162842
0,4.725,1.175,1.1749999523162842
0,4.575,1.175,1.1749999523162842
0,3.7749999,1.175,1.1749999523162842
0,3.6,1.175,1.1749999523162842
0,3.1999998,1.175,1.1749999523162842
0,3.175,1.175,1.1749999523162842
0,3.575,1.175,1.1749999523162842
0,3.45,1.175,1.1749999523162842
0,2.6,1.175,1.1749999523162842
0,2.6750002,1.175,1.1749999523162842
0,2.775,1.175,1.1749999523162842
0,2.65,1.175,1.1749999523162842
0,2.875,1.175,1.1749999523162842
0,3.1000001,1.175,1.1749999523162842
0,3.25,1.175,1.1749999523162842
0,2.8,1.175,1.1749999523162842
0,2.9,1.175,1.1749999523162842
0,3.925,1.175,1.1749999523162842
0,5.825,1.175,1.1749999523162842
0,5.225,1.175,1.1749999523162842
0,5.6749997,1.175,1.1749999523162842
0,4.8999996,1.175,1.1749999523162842
0,4.85,1.175,1.1749999523162842
0,4.675,1.175,1.1749999523162842
0,4.675,1.175,1.1749999523162842
0,3.925,1.175,1.1749999523162842
0,3.8000002,1.175,1.1749999523162842
0,3.875,1.175,1.1749999523162842
0,3.9499998,1.175,1.1749999523162842
0,3.0749998,1.175,1.1749999523162842
0,3.125,1.175,1.1749999523162842
0,3.875,1.175,1.1749999523162842
0,2.775,1.175,1.1749999523162842
0,3.0,1.175,1.1749999523162842
0,2.625,1.175,1.1749999523162842
0,2.6,1.175,1.1749999523162842
0,2.7,1.175,1.1749999523162842
0,2.7,1.175,1.1749999523162842
0,2.9250002,1.175,1.1749999523162842
0,2.325,1.175,1.1749999523162842
0,3.125,1.175,1.1749999523162842
0,2.975,1.175,1.1749999523162842
0,4.275,1.175,1.1749999523162842
0,4.675,1.175,1.1749999523162842
0,4.725,1.175,1.1749999523162842
0,5.1749997,1.175,1.1749999523162842
0,5.0,1.175,1.1749999523162842
0,5.0,1.175,1.1749999523162842
0,5.1749997,1.175,1.1749999523162842
0,5.0,1.175,1.1749999523162842
0,4.225,1.175,1.1749999523162842
0,4.575,1.175,1.1749999523162842
0,4.4,1.175,1.1749999523162842
0,4.1749997,1.175,1.1749999523162842
0,2.9,1.175,1.1749999523162842
0,3.025,1.175,1.1749999523162842
0,3.125,1.175,1.1749999523162842
0,2.9250002,1.175,1.1749999523162842
0,2.7,1.175,1.1749999523162842
0,2.55,1.175,1.1749999523162842
0,2.625,1.175,1.1749999523162842
0,2.975,1.175,1.1749999523162842
0,2.25,1.175,1.1749999523162842
0,2.625,1.175,1.1749999523162842
0,2.6,1.175,1.1749999523162842
0,2.875,1.175,1.1749999523162842
0,2.95,1.175,1.1749999523162842
0,4.625,1.175,1.1749999523162842
0,4.575,1.175,1.1749999523162842
0,5.725,1.175,1.1749999523162842
0,5.425,1.175,1.1749999523162842
0,4.625,1.175,1.1749999523162842
0,4.825,1.175,1.1749999523162842
0,4.4249997,1.175,1.1749999523162842
0,5.1,1.175,1.1749999523162842
0,3.6750002,1.175,1.1749999523162842
0,3.9499998,1.175,1.1749999523162842
0,3.6499999,1.175,1.1749999523162842
0,3.75,1.175,1.1749999523162842
0,3.3749998,1.175,1.1749999523162842
0,2.9250002,1.175,1.1749999523162842
0,2.9250002,1.175,1.1749999523162842
0,2.25,1.175,1.1749999523162842
0,2.9,1.175,1.1749999523162842
0,3.0749998,2.2011347,2.201160430908203
0,2.975,4.289504,4.289556980133057
0,2.5249999,4.255802,4.255896091461182
0,2.825,4.2224445,4.222552299499512
0,2.9,4.1895146,4.189516067504883
0,3.9750001,4.157013,4.156980514526367
0,5.275,4.124757,4.124755859375
0,6.3,4.0928235,4.092902183532715
0,6.8750005,4.061368,4.061283111572266
0,6.5,4.030065,4.030102729797363
0,7.85,3.9992118,3.999298572540283
0,7.65,3.9686856,3.9686949253082275
0,6.9,3.938489,3.9385287761688232
0,5.575,3.9086754,3.9086623191833496
0,5.625,3.879016,3.8790745735168457
0,6.1499996,3.8498526,3.849799633026123
0,6.025,3.8210442,3.8209128379821777
0,5.5,3.7922866,3.7923035621643066
0,4.4,3.7641068,3.7640464305877686
0,4.05,3.7360442,3.7360618114471436
0,3.6,3.7084093,3.7084076404571533
0,3.625,3.6809926,3.6809747219085693
0,3.475,3.653907,3.653876781463623
0,3.575,3.6270993,3.627100706100464
0,3.175,2.1726453,2.1723055839538574
0,2.875,4.369165,4.369373321533203
0,3.525,4.3347816,4.334815502166748
0,3.475,4.300608,4.300599098205566
0,3.25,4.2666383,4.266812801361084
0,4.45,4.233432,4.233209609985352
0,6.5,4.2001123,4.200201034545898
0,8.675,4.1677675,4.167576313018799
0,9.7,4.1351047,4.135330677032471
0,8.400001,4.103193,4.103501319885254
0,9.424999,4.0714135,4.071473598480225
0,9.1,4.0402794,4.040303707122803
0,8.5,4.008956,4.009082794189453
0,7.2250004,3.978782,3.9784045219421387
0,6.1,3.948467,3.948540687561035
0,5.225,3.9184597,3.918545722961426
0,6.2749996,3.8887937,3.8887736797332764
0,5.075,3.8595,3.8594484329223633
0,4.8999996,3.830381,3.8303983211517334
0,4.675,3.8013983,3.80143404006958
0,4.125,3.7733183,3.773038625717163
0,3.125,3.7450294,3.745314598083496
0,3.25,3.7170715,3.7172396183013916
0,2.6,3.6898804,3.6898293495178223
0,2.775,1.175,1.1749999523162842
0,3.1999998,1.175,1.1749999523162842
0,2.625,1.175,1.1749999523162842
0,2.6,1.175,1.1749999523162842
0,2.575,1.175,1.1749999523162842
0,3.575,1.175,1.1749999523162842
0,7.0000005,1.175,1.1749999523162842
0,8.75,1.175,1.1749999523162842
0,9.65,1.175,1.1749999523162842
0,7.725,1.175,1.1749999523162842
0,9.1,1.175,1.1749999523162842
0,10.2,1.175,1.1749999523162842
0,8.45,1.175,1.1749999523162842
0,9.05,1.175,1.1749999523162842
0,6.0,1.175,1.1749999523162842
0,7.4249997,1.175,1.1749999523162842
0,7.525,1.175,1.1749999523162842
0,6.9,1.175,1.1749999523162842
0,3.8999999,1.175,1.1749999523162842
0,2.9250002,1.175,1.1749999523162842
0,3.55,1.175,1.1749999523162842
0,2.825,1.175,1.1749999523162842
0,3.175,1.175,1.1749999523162842
0,2.775,1.175,1.1749999523162842
0,2.6,1.175,1.1749999523162842
0,2.975,1.175,1.1749999523162842
0,2.7250001,1.175,1.1749999523162842
0,2.8500001,1.175,1.1749999523162842
0,3.425,1.175,1.1749999523162842
0,4.025,1.175,1.1749999523162842
0,7.4750004,1.175,1.1749999523162842
0,9.575,1.175,1.1749999523162842
0,9.5,1.175,1.1749999523162842
0,9.424999,1.175,1.1749999523162842
0,9.75,1.175,1.1749999523162842
0,8.474999,1.175,1.1749999523162842
0,7.075,1.175,1.1749999523162842
0,7.325,1.175,1.1749999523162842
0,6.95,1.175,1.1749999523162842
0,6.7,1.175,1.1749999523162842
0,5.725,1.175,1.1749999523162842
0,4.8,1.175,1.1749999523162842
0,4.675,1.175,1.1749999523162842
0,4.4249997,1.175,1.1749999523162842
0,3.625,1.175,1.1749999523162842
0,2.6750002,1.175,1.1749999523162842
0,2.95,1.175,1.1749999523162842
0,2.95,1.175,1.1749999523162842
0,3.1000001,1.175,1.1749999523162842
0,3.3749998,1.175,1.1749999523162842
0,2.875,1.175,1.1749999523162842
0,2.9250002,1.175,1.1749999523162842
0,3.3249998,1.175,1.1749999523162842
0,4.3250003,1.175,1.1749999523162842
0,7.4249997,1.175,1.1749999523162842
0,8.75,1.175,1.1749999523162842
0,8.2,1.175,1.1749999523162842
0,8.0,1.175,1.1749999523162842
0,8.474999,1.175,1.1749999523162842
0,6.2749996,1.175,1.1749999523162842
0,4.5,1.175,1.1749999523162842
0,5.325,1.175,1.1749999523162842
0,4.025,1.175,1.1749999523162842
0,5.075,1.175,1.1749999523162842
0,5.625,1.175,1.1749999523162842
0,5.35,1.175,1.1749999523162842
0,3.8000002,1.175,1.1749999523162842
0,4.575,1.175,1.1749999523162842
0,4.125,1.175,1.1749999523162842
0,2.4750001,1.175,1.1749999523162842
0,2.6750002,1.175,1.1749999523162842
0,2.6,1.175,1.1749999523162842
0,2.5,1.175,1.1749999523162842
0,3.1000001,1.175,1.1749999523162842
0,2.9250002,1.175,1.1749999523162842
0,2.575,1.175,1.1749999523162842
0,3.175,1.175,1.1749999523162842
0,3.0,1.175,1.1749999523162842
0,3.1499999,1.175,1.1749999523162842
0,3.45,1.175,1.1749999523162842
0,2.825,1.175,1.1749999523162842
0,4.575,1.175,1.1749999523162842
0,4.2999997,1.175,1.1749999523162842
0,4.7749996,1.175,1.1749999523162842
0,4.95,1.175,1.1749999523162842
0,4.6499996,1.175,1.1749999523162842
0,4.3250003,1.175,1.1749999523162842
0,5.375,1.175,1.1749999523162842
0,6.2749996,1.175,1.1749999523162842
0,4.25,1.175,1.1749999523162842
0,3.4,1.175,1.1749999523162842
0,3.0,1.175,1.1749999523162842
0,2.5,1.175,1.1749999523162842
0,3.0749998,1.175,1.1749999523162842
0,2.975,1.175,1.1749999523162842
0,2.55,1.175,1.1749999523162842
0,2.4750001,1.175,1.1749999523162842
0,3.25,1.175,1.1749999523162842
0,2.325,1.175,1.1749999523162842
0,3.0500002,1.175,1.1749999523162842
0,3.0500002,1.175,1.1749999523162842
0,3.25,1.175,1.1749999523162842
0,2.8,1.175,1.1749999523162842
0,5.1,1.175,1.1749999523162842
0,5.275,1.175,1.1749999523162842
0,4.2999997,1.175,1.1749999523162842
0,4.7749996,1.175,1.1749999523162842
0,4.2999997,1.175,1.1749999523162842
0,4.275,1.175,1.1749999523162842
0,4.25,1.175,1.1749999523162842
0,4.475,1.175,1.1749999523162842
0,4.25,1.175,1.1749999523162842
0,2.7500002,1.175,1.1749999523162842
0,3.9750001,1.175,1.1749999523162842
0,3.45,1.175,1.1749999523162842
0,2.9,1.175,1.1749999523162842
0,2.975,1.175,1.1749999523162842
0,2.9,1.175,1.1749999523162842
0,2.975,1.175,1.1749999523162842
0,2.4750001,1.175,1.1749999523162842
0,2.9,2.2009714,2.2009434700012207
0,2.575,4.289001,4.289085388183594
0,2.9250002,4.2552514,4.255345821380615
0,2.825,4.221966,4.222058296203613
0,2.5249999,4.189135,4.189158916473389
0,4.1,4.1565332,4.156477451324463
0,7.8999996,4.124259,4.124238014221191
0,8.45,4.092365,4.092301368713379
0,9.375,4.060866,4.060900688171387
0,8.049999,4.0296984,4.029664516448975
0,7.6999993,3.9987702,3.998795509338379
0,6.55,3.9682696,3.9682202339172363
0,6.8750005,3.9380307,3.9380905628204346
0,6.925,3.9082458,3.908229351043701
0,4.125,3.8786273,3.8786778450012207
0,3.2250001,3.8494036,3.8494646549224854
0,4.125,3.820554,3.820554733276367
0,3.4,3.791952,3.791865825653076
0,3.75,3.7636113,3.7635951042175293
0,3.025,3.7356057,3.73565936088562
0,3.4,3.7079115,3.707984685897827
0,3.425,3.6805928,3.6806037425994873
0,3.4,3.6534874,3.653480291366577
0,3.45,3.6267934,3.6266984939575195
0,3.4,2.17264,2.172308921813965
0,3.425,4.368745,4.368856430053711
0,3.45,4.334508,4.334259033203125
0,3.6,4.300049,4.2999091148376465
0,4.125,4.266148,4.266232967376709
0,4.5,4.2328444,4.232949256896973
0,7.3499994,4.199685,4.199888706207275
0,8.1,4.1670637,4.167060375213623
0,9.7,4.1345224,4.135030746459961
0,7.9500003,4.1028953,4.102895259857178
0,7.5499997,4.0710444,4.0707855224609375
0,6.3,4.039881,4.039937496185303
0,4.6499996,4.008689,4.008706092834473
0,4.6499996,3.9782515,3.9780514240264893
0,4.7,3.9479036,3.948213815689087
0,4.825,3.917961,3.9181008338928223
0,3.7749999,3.8881717,3.8882555961608887
0,4.125,3.8589811,3.8587934970855713
0,3.8500001,3.829726,3.8297483921051025
0,2.8500001,3.8012753,3.801384925842285
0,3.7,3.7727377,3.772660732269287
0,3.1999998,3.7449586,3.7450191974639893
0,3.125,3.7168586,3.71681809425354
0,3.025,3.6894014,3.6894419193267822
0,3.0500002,1.175,1.1749999523162842
0,3.0,1.175,1.1749999523162842
0,3.0500002,1.175,1.1749999523162842
0,3.175,1.175,1.1749999523162842
0,3.6,1.175,1.1749999523162842
0,4.15,1.175,1.1749999523162842
0,6.675,1.175,1.1749999523162842
0,8.525001,1.175,1.1749999523162842
0,8.25,1.175,1.1749999523162842
0,8.275,1.175,1.1749999523162842
0,8.575,1.175,1.1749999523162842
0,8.849999,1.175,1.1749999523162842
0,6.775,1.175,1.1749999523162842
0,6.7499995,1.175,1.1749999523162842
0,4.675,1.175,1.1749999523162842
0,3.875,1.175,1.1749999523162842
0,4.85,1.175,1.1749999523162842
0,5.6749997,1.175,1.1749999523162842
0,4.075,1.175,1.1749999523162842
0,2.625,1.175,1.1749999523162842
0,3.2250001,1.175,1.1749999523162842
0,3.3249998,1.175,1.1749999523162842
0,3.1499999,1.175,1.1749999523162842
0,2.825,1.175,1.1749999523162842
0,3.25,1.175,1.1749999523162842
0,3.1999998,1.175,1.1749999523162842
0,3.1499999,1.175,1.1749999523162842
0,2.65,1.175,1.1749999523162842
0,3.425,1.175,1.1749999523162842
0,4.525,1.175,1.1749999523162842
0,6.975,1.175,1.1749999523162842
0,9.075,1.175,1.1749999523162842
0,7.875,1.175,1.1749999523162842
0,7.45,1.175,1.1749999523162842
0,8.275,1.175,1.1749999523162842
0,8.875,1.175,1.1749999523162842
0,8.049999,1.175,1.1749999523162842
0,6.025,1.175,1.1749999523162842
0,5.6499996,1.175,1.1749999523162842
0,4.825,1.175,1.1749999523162842
0,4.9249997,1.175,1.1749999523162842
0,4.5,1.175,1.1749999523162842
0,3.475,1.175,1.1749999523162842
0,3.3,1.175,1.1749999523162842
0,2.9250002,1.175,1.1749999523162842
0,3.175,1.175,1.1749999523162842
0,2.775,1.175,1.1749999523162842
0,2.625,1.175,1.1749999523162842
0,3.0500002,1.175,1.1749999523162842
0,2.8500001,1.175,1.1749999523162842
0,3.0500002,1.175,1.1749999523162842
0,2.825,1.175,1.1749999523162842
0,2.7500002,1.175,1.1749999523162842
0,3.925,1.175,1.1749999523162842
0,7.8250003,1.175,1.1749999523162842
0,9.625,1.175,1.1749999523162842
0,10.95,1.175,1.1749999523162842
0,8.275,1.175,1.1749999523162842
0,9.075,1.175,1.1749999523162842
0,8.849999,1.175,1.1749999523162842
0,8.575,1.175,1.1749999523162842
0,5.8749995,1.175,1.1749999523162842
0,4.25,1.175,1.1749999523162842
0,4.5,1.175,1.1749999523162842
0,4.825,1.175,1.1749999523162842
0,4.7,1.175,1.1749999523162842
0,3.3249998,1.175,1.1749999523162842
0,3.0500002,1.175,1.1749999523162842
0,2.8,1.175,1.1749999523162842
0,2.55,1.175,1.1749999523162842
0,3.1000001,1.175,1.1749999523162842
0,2.65,1.175,1.1749999523162842
0,3.0749998,1.175,1.1749999523162842
0,3.2250001,1.175,1.1749999523162842
0,2.6,1.175,1.1749999523162842
0,3.025,1.175,1.1749999523162842
0,2.425,1.175,1.1749999523162842
0,2.5249999,1.175,1.1749999523162842
0,3.425,1.175,1.1749999523162842
0,5.2,1.175,1.1749999523162842
0,5.775,1.175,1.1749999523162842
0,6.475,1.175,1.1749999523162842
0,6.3250003,1.175,1.1749999523162842
0,4.4249997,1.175,1.1749999523162842
0,4.475,1.175,1.1749999523162842
0,3.75,1.175,1.1749999523162842
0,3.0500002,1.175,1.1749999523162842
0,3.525,1.175,1.1749999523162842
0,4.125,1.175,1.1749999523162842
0,3.55,1.175,1.1749999523162842
0,3.925,1.175,1.1749999523162842
0,3.0,1.175,1.1749999523162842
0,4.1749997,1.175,1.1749999523162842
0,3.525,1.175,1.1749999523162842
0,3.525,1.175,1.1749999523162842
0,3.8500001,1.175,1.1749999523162842
0,4.05,1.175,1.1749999523162842
0,3.7749999,1.175,1.1749999523162842
0,4.25,1.175,1.1749999523162842
0,3.125,1.175,1.1749999523162842
0,3.825,1.175,1.1749999523162842
0,3.1000001,1.175,1.1749999523162842
0,4.225,1.175,1.1749999523162842
0,3.75,1.175,1.1749999523162842
0,4.275,1.175,1.1749999523162842
0,3.625,1.175,1.1749999523162842
0,3.925,1.175,1.1749999523162842
0,4.125,1.175,1.1749999523162842
0,3.3749998,1.175,1.1749999523162842
0,3.725,1.175,1.1749999523162842
0,3.0,1.175,1.1749999523162842
0,3.45,1.175,1.1749999523162842
0,3.35,1.175,1.1749999523162842
0,4.9249997,1.175,1.1749999523162842
0,4.1,1.175,1.1749999523162842
0,3.55,1.175,1.1749999523162842
0,3.275,1.175,1.1749999523162842
0,3.3,1.175,1.1749999523162842
0,3.1499999,1.175,1.1749999523162842
0,3.35,1.175,1.1749999523162842
0,3.0,2.2007058,2.20082688331604
0,3.75,4.288557,4.288528919219971
0,3.0749998,4.2548156,4.254866123199463
0,3.6499999,4.221623,4.221482276916504
0,3.1499999,4.188645,4.188607215881348
0,3.8000002,4.1559525,4.1560869216918945
0,6.8,4.123856,4.123809337615967
0,6.375,4.0919003,4.091989040374756
0,7.45,4.0603304,4.060315132141113
0,7.6749997,4.029171,4.029243469238281
0,6.775,3.9983144,3.9983317852020264
0,7.4249997,3.9677935,3.9678094387054443
0,7.5,3.9376905,3.93764591217041
0,7.5,3.9077818,3.9078047275543213
0,4.875,3.878219,3.8781790733337402
0,4.4249997,3.8490052,3.849029779434204
0,3.3249998,3.820064,3.8200621604919434
0,4.7749996,3.7914991,3.7914750576019287
0,3.9499998,3.7632067,3.7632250785827637
0,4.3749995,3.7352772,3.735264778137207
0,4.1749997,3.7076502,3.707519054412842
0,3.725,3.6801991,3.6801791191101074
0,4.0,3.6530304,3.6530494689941406
0,3.525,3.6262937,3.6263365745544434
0,3.7749999,2.172365,2.1722283363342285
0,3.6,4.3682103,4.368162155151367
0,3.75,4.3338194,4.334083557128906
0,3.725,4.299428,4.299353122711182
0,4.2000003,4.2657657,4.265773773193359
0,4.4249997,4.232312,4.2324442863464355
0,8.45,4.199014,4.199285507202148
0,8.175,4.1664343,4.166491508483887
0,9.075,4.1342316,4.134328842163086
0,8.8,4.10264,4.102474689483643
0,9.775,4.0703278,4.070624828338623
0,9.849999,4.0392895,4.039272785186768
0,6.6500006,4.008423,4.0082902908325195
0,6.6500006,3.9776623,3.977658987045288
0,6.1,3.9472826,3.94746994972229
0,5.7999997,3.9177098,3.9174604415893555
0,4.0,3.8877752,3.8878955841064453
0,5.075,3.8586533,3.8584189414978027
0,5.1249995,3.8297064,3.829572916030884
0,6.025,3.800722,3.800908088684082
0,4.35,3.7722068,3.7723002433776855
0,3.6499999,3.7443311,3.7442514896392822
0,3.4999998,3.7164428,3.716397523880005
0,4.125,3.689024,3.6890552043914795
0,3.575,1.175,1.1749999523162842
0,3.7749999,1.175,1.1749999523162842
0,4.225,1.175,1.1749999523162842
0,4.075,1.175,1.1749999523162842
0,3.8500001,1.175,1.1749999523162842
0,4.2000003,1.175,1.1749999523162842
0,8.175,1.175,1.1749999523162842
0,8.1,1.175,1.1749999523162842
0,7.2250004,1.175,1.1749999523162842
0,7.6749997,1.175,1.1749999523162842
0,8.675,1.175,1.1749999523162842
0,8.625,1.175,1.1749999523162842
0,9.075,1.175,1.1749999523162842
0,6.5750003,1.175,1.1749999523162842
0,5.625,1.175,1.1749999523162842
0,4.85,1.175,1.1749999523162842
0,6.3,1.175,1.1749999523162842
0,4.95,1.175,1.1749999523162842
0,3.6750002,1.175,1.1749999523162842
0,3.925,1.175,1.1749999523162842
0,3.7749999,1.175,1.1749999523162842
0,3.3749998,1.175,1.1749999523162842
0,3.425,1.175,1.1749999523162842
1,0.14500001,0.27344063,0.27344614267349243
1,0.095,0.27059597,0.2706145644187927
1,0.015000001,0.26783228,0.26780733466148376
1,0.015000001,0.26505587,0.26505574584007263
1,0.025,0.2623397,0.26231735944747925
1,0.015000001,0.25964484,0.2596341073513031
1,0.0175,0.2569578,0.2569626271724701
1,0.0175,0.25431573,0.25430065393447876
1,0.015000001,0.0125,0.012500000186264515
1,0.015000001,0.0125,0.012500000186264515
1,0.015000001,0.0125,0.012500000186264515
1,0.02,0.0125,0.012500000186264515
1,0.02,0.0125,0.012500000186264515
1,0.0175,0.0125,0.012500000186264515
1,0.05,0.0125,0.012500000186264515
1,0.025,0.0125,0.012500000186264515
1,0.025,0.0125,0.012500000186264515
1,0.03,0.0125,0.012500000186264515
1,0.0275,0.0125,0.012500000186264515
1,0.025,0.0125,0.012500000186264515
1,0.025,0.0125,0.012500000186264515
1,0.02,0.0125,0.012500000186264515
1,0.060000002,0.0125,0.012500000186264515
1,0.0625,0.0125,0.012500000186264515
1,0.0175,0.0125,0.012500000186264515
1,0.015000001,0.0125,0.012500000186264515
1,0.0175,0.0125,0.012500000186264515
1,0.0125,0.0125,0.012500000186264515
1,0.0575,0.0125,0.012500000186264515
1,0.015000001,0.0125,0.012500000186264515
1,0.015000001,0.0125,0.012500000186264515
1,0.015000001,0.0125,0.012500000186264515
1,0.022499999,0.0125,0.012500000186264515
1,0.015000001,0.0125,0.012500000186264515
1,0.02,0.0125,0.012500000186264515
1,0.035,0.0125,0.012500000186264515
1,0.015000001,0.0125,0.012500000186264515
1,0.015000001,0.0125,0.012500000186264515
1,0.03,0.0125,0.012500000186264515
1,0.1925,0.0125,0.012500000186264515
1,0.015000001,0.0125,0.012500000186264515
1,0.0325,0.0125,0.012500000186264515
1,0.015000001,0.0125,0.012500000186264515
1,0.015000001,0.0125,0.012500000186264515
1,0.0325,0.0125,0.012500000186264515
1,0.015000001,0.0125,0.012500000186264515
1,0.015000001,0.0125,0.012500000186264515
1,0.022499999,0.0125,0.012500000186264515
1,0.022499999,0.0125,0.012500000186264515
1,0.025,0.0125,0.012500000186264515
1,0.025,0.0125,0.012500000186264515
1,0.025,0.0125,0.012500000186264515
1,0.0275,0.0125,0.012500000186264515
1,0.022499999,0.0125,0.012500000186264515
1,0.0175,0.0125,0.012500000186264515
1,0.02,0.0125,0.012500000186264515
1,0.0325,0.0125,0.012500000186264515
1,0.015000001,0.0125,0.012500000186264515
1,0.015000001,0.0125,0.012500000186264515
1,0.03,0.0125,0.012500000186264515
1,0.0125,0.0125,0.012500000186264515
1,0.015000001,0.0125,0.012500000186264515
1,0.055,0.0125,0.012500000186264515
1,0.0125,0.0125,0.012500000186264515
1,0.015000001,0.0125,0.012500000186264515
1,0.022499999,0.0125,0.012500000186264515
1,0.015000001,0.0125,0.012500000186264515
1,0.015000001,0.0125,0.012500000186264515
1,0.03,0.0125,0.012500000186264515
1,0.044999998,0.0125,0.012500000186264515
1,0.3125,0.0125,0.012500000186264515
1,0.42499998,0.0125,0.012500000186264515
1,0.17,0.0125,0.012500000186264515
1,0.015000001,0.0125,0.012500000186264515
1,0.1425,0.0125,0.012500000186264515
1,0.14,0.0125,0.012500000186264515
1,0.03,0.0125,0.012500000186264515
1,0.025,0.0125,0.012500000186264515
1,0.0175,0.0125,0.012500000186264515
1,0.015000001,0.0125,0.012500000186264515
1,0.015000001,0.0125,0.012500000186264515
1,0.015000001,0.0125,0.012500000186264515
1,0.015000001,0.0125,0.012500000186264515
1,0.02,0.0125,0.012500000186264515
1,0.025,0.0125,0.012500000186264515
1,0.0275,0.0125,0.012500000186264515
1,0.03,0.0125,0.012500000186264515
1,0.03,0.0125,0.012500000186264515
1,0.052500002,0.0125,0.012500000186264515
1,0.0325,0.0125,0.012500000186264515
1,0.035,0.0125,0.012500000186264515
1,0.1675,0.0125,0.012500000186264515
1,0.0275,0.0125,0.012500000186264515
1,0.05,0.0125,0.012500000186264515
1,0.022499999,0.0125,0.012500000186264515
1,0.0325,0.0125,0.012500000186264515
1,0.0175,0.0125,0.012500000186264515
1,0.0175,0.0125,0.012500000186264515
1,0.0325,0.0125,0.012500000186264515
1,0.04,0.0125,0.012500000186264515
1,0.022499999,0.0125,0.012500000186264515
1,0.022499999,0.0125,0.012500000186264515
1,0.022499999,0.0125,0.012500000186264515
1,0.025,0.0125,0.012500000186264515
1,0.022499999,0.0125,0.012500000186264515
1,0.02,0.0125,0.012500000186264515
1,0.025,0.0125,0.012500000186264515
1,0.022499999,0.0125,0.012500000186264515
1,0.025,0.0125,0.012500000186264515
1,0.03,0.0125,0.012500000186264515
1,0.02,0.0125,0.012500000186264515
1,0.022499999,0.0125,0.012500000186264515
1,0.067499995,0.0125,0.012500000186264515
1,0.03,0.0125,0.012500000186264515
1,0.0325,0.0125,0.012500000186264515
1,0.022499999,0.0125,0.012500000186264515
1,0.0275,0.0125,0.012500000186264515
1,0.02,0.0125,0.012500000186264515
1,0.02,0.0125,0.012500000186264515
1,0.022499999,0.0125,0.012500000186264515
1,0.1825,0.0125,0.012500000186264515
1,0.025,0.0125,0.012500000186264515
1,0.0125,0.0125,0.012500000186264515
1,0.0175,0.0125,0.012500000186264515
1,0.0325,0.0125,0.012500000186264515
1,0.0125,0.0125,0.012500000186264515
1,0.015000001,0.0125,0.012500000186264515
1,0.0325,0.0125,0.012500000186264515
1,0.0125,0.25047648,0.2504761815071106
1,0.0125,0.33033642,0.3303404748439789
1,0.03,0.32689768,0.32690295577049255
1,0.0125,0.32351068,0.32350289821624756
1,0.0125,0.3201417,0.32014334201812744
1,0.03,0.31681016,0.31681302189826965
1,0.0125,0.3135276,0.31352511048316956
1,0.0275,0.31027174,0.31026899814605713
1,0.02,0.30705103,0.30704745650291443
1,0.0125,0.30386832,0.30386883020401
1,0.067499995,0.30071592,0.30072152614593506
1,0.122499995,0.2976003,0.29760387539863586
1,0.1375,0.29452115,0.29451942443847656
1,0.14,0.29147732,0.2914755642414093
1,0.1275,0.28845796,0.2884584367275238
1,0.1275,0.2854711,0.2854703366756439
1,0.1425,0.2825217,0.2825184464454651
1,0.125,0.279598,0.279602587223053
1,0.125,0.2767122,0.2767147123813629
1,0.1375,0.27386317,0.2738562822341919
1,0.0125,0.27103025,0.2710307538509369
1,0.0175,0.2682367,0.26823705434799194
1,0.02,0.265475,0.2654723823070526
1,0.02,0.26273245,0.2627386748790741
1,0.025,0.2503702,0.2503634989261627
1,0.022499999,0.31957603,0.31958478689193726
1,0.0275,0.31625822,0.3162699043750763
1,0.025,0.31298608,0.3129557967185974
1,0.0275,0.30973983,0.30974793434143066
1,0.025,0.3064984,0.306526780128479
1,0.17999999,0.30335596,0.30332720279693604
1,0.2675,0.30018717,0.3002038598060608
1,0.24000001,0.29706293,0.2970969080924988
1,0.074999996,0.29400897,0.2940106689929962
1,0.0725,0.29097292,0.2909793257713318
1,0.0125,0.28795072,0.2879631817340851
1,0.0125,0.28497812,0.28496748208999634
1,0.03,0.2820503,0.2820438742637634
1,0.0275,0.27911064,0.2791157066822052
1,0.0125,0.2762316,0.27624064683914185
1,0.0125,0.27338877,0.27338042855262756
1,0.02,0.27056554,0.2705639898777008
1,0.022499999,0.26774558,0.26777487993240356
1,0.089999996,0.2650021,0.26501575112342834
1,0.022499999,0.26228088,0.2622872591018677
1,0.025,0.25957382,0.25958120822906494
1,0.025,0.2569297,0.2569141685962677
1,0.025,0.25427786,0.2542904317378998
1,0.02,0.0125,0.012500000186264515
1,0.015000001,0.0125,0.012500000186264515
1,0.02,0.0125,0.012500000186264515
1,0.015000001,0.0125,0.012500000186264515
1,0.015000001,0.0125,0.012500000186264515
1,0.025,0.0125,0.012500000186264515
1,0.02,0.0125,0.012500000186264515
1,0.0175,0.0125,0.012500000186264515
1,0.025,0.0125,0.012500000186264515
1,0.0175,0.0125,0.012500000186264515
1,0.0175,0.0125,0.012500000186264515
1,0.02,0.0125,0.012500000186264515
1,0.015000001,0.0125,0.012500000186264515
1,0.02,0.0125,0.012500000186264515
1,0.052500002,0.0125,0.012500000186264515
1,0.02,0.0125,0.012500000186264515
1,0.022499999,0.0125,0.012500000186264515
1,0.025,0.0125,0.012500000186264515
1,0.0275,0.0125,0.012500000186264515
1,0.025,0.0125,0.012500000186264515
1,0.025,0.0125,0.012500000186264515
1,0.0175,0.0125,0.012500000186264515
1,0.022499999,0.0125,0.012500000186264515
1,0.02,0.0125,0.012500000186264515
1,0.015000001,0.0125,0.012500000186264515
1,0.015000001,0.0125,0.012500000186264515
1,0.0125,0.0125,0.012500000186264515
1,0.0125,0.0125,0.012500000186264515
1,0.0125,0.0125,0.012500000186264515
1,0.015000001,0.0125,0.012500000186264515
1,0.060000002,0.0125,0.012500000186264515
1,0.0125,0.0125,0.012500000186264515
1,0.0125,0.0125,0.012500000186264515
1,0.044999998,0.0125,0.012500000186264515
1,0.0125,0.0125,0.012500000186264515
1,0.0125,0.0125,0.012500000186264515
1,0.0975,0.0125,0.012500000186264515
1,0.065,0.0125,0.012500000186264515
1,0.02,0.0125,0.012500000186264515
1,0.0275,0.0125,0.012500000186264515
1,0.065,0.0125,0.012500000186264515
1,0.022499999,0.0125,0.012500000186264515
1,0.0275,0.0125,0.012500000186264515
1,0.022499999,0.0125,0.012500000186264515
1,0.0175,0.0125,0.012500000186264515
1,0.0275,0.0125,0.012500000186264515
1,0.0175,0.0125,0.012500000186264515
1,0.02,0.0125,0.012500000186264515
1,0.022499999,0.0125,0.012500000186264515
1,0.015000001,0.0125,0.012500000186264515
1,0.025,0.0125,0.012500000186264515
1,0.015000001,0.0125,0.012500000186264515
1,0.0125,0.0125,0.012500000186264515
1,0.0275,0.0125,0.012500000186264515
1,0.0125,0.0125,0.012500000186264515
1,0.0325,0.0125,0.012500000186264515
1,0.0125,0.0125,0.012500000186264515
1,0.0125,0.0125,0.012500000186264515
1,0.025,0.0125,0.012500000186264515
1,0.0125,0.0125,0.012500000186264515
1,0.015000001,0.0125,0.012500000186264515
1,0.044999998,0.0125,0.012500000186264515
1,0.0125,0.0125,0.012500000186264515
1,0.037499998,0.0125,0.012500000186264515
1,0.025,0.0125,0.012500000186264515
1,0.0275,0.0125,0.012500000186264515
1,0.0175,0.0125,0.012500000186264515
1,0.022499999,0.0125,0.012500000186264515
1,0.0275,0.0125,0.012500000186264515
1,0.0125,0.0125,0.012500000186264515
1,0.0125,0.0125,0.012500000186264515
1,0.03,0.0125,0.012500000186264515
1,0.015000001,0.0125,0.012500000186264515
1,0.0125,0.0125,0.012500000186264515
1,0.035,0.0125,0.012500000186264515
1,0.015000001,0.0125,0.012500000186264515
1,0.015000001,0.0125,0.012500000186264515
1,0.0325,0.0125,0.012500000186264515
1,0.022499999,0.0125,0.012500000186264515
1,0.025,0.0125,0.012500000186264515
1,0.38750002,0.0125,0.012500000186264515
1,0.0275,0.0125,0.012500000186264515
1,0.0775,0.0125,0.012500000186264515
1,0.20750001,0.0125,0.012500000186264515
1,0.015000001,0.0125,0.012500000186264515
1,0.02,0.0125,0.012500000186264515
1,0.0275,0.0125,0.012500000186264515
1,0.0325,0.0125,0.012500000186264515
1,0.0125,0.0125,0.012500000186264515
1,0.0175,0.0125,0.012500000186264515
1,0.022499999,0.0125,0.012500000186264515
1,0.0275,0.0125,0.012500000186264515
1,0.0325,0.0125,0.012500000186264515
1,0.015000001,0.0125,0.012500000186264515
1,0.015000001,0.0125,0.012500000186264515
1,0.0275,0.0125,0.012500000186264515
1,0.0125,0.0125,0.012500000186264515
1,0.015000001,0.0125,0.012500000186264515
1,0.015000001,0.0125,0.012500000186264515
1,0.015000001,0.0125,0.012500000186264515
1,0.02,0.0125,0.012500000186264515
1,0.0175,0.0125,0.012500000186264515
1,0.0125,0.0125,0.012500000186264515
1,0.0275,0.0125,0.012500000186264515
1,0.022499999,0.0125,0.012500000186264515
1,0.0575,0.0125,0.012500000186264515
1,0.0175,0.0125,0.012500000186264515
1,0.025,0.0125,0.012500000186264515
1,0.0325,0.0125,0.012500000186264515
1,0.035,0.0125,0.012500000186264515
1,0.02,0.0125,0.012500000186264515
1,0.0125,0.0125,0.012500000186264515
1,0.015000001,0.0125,0.012500000186264515
1,0.035,0.0125,0.012500000186264515
1,0.1875,0.0125,0.012500000186264515
1,0.19,0.0125,0.012500000186264515
1,0.03,0.0125,0.012500000186264515
1,0.0325,0.0125,0.012500000186264515
1,0.022499999,0.0125,0.012500000186264515
1,0.0175,0.0125,0.012500000186264515
1,0.0125,0.25043467,0.25044313073158264
1,0.0275,0.33029848,0.3302859365940094
1,0.0275,0.32685363,0.32685497403144836
1,0.0275,0.3234546,0.32345443964004517
1,0.0175,0.32008892,0.3200954496860504
1,0.0625,0.31676504,0.31677064299583435
1,0.0325,0.3134801,0.31347787380218506
1,0.052500002,0.31022823,0.31022220849990845
1,0.022499999,0.30700833,0.30700549483299255
1,0.02,0.30383047,0.30382347106933594
1,0.03,0.30067387,0.30066972970962524
1,0.042499997,0.2975558,0.2975621819496155
1,0.0125,0.29447505,0.2944759428501129
1,0.185,0.2914295,0.29143011569976807
1,0.1825,0.28840846,0.2884087562561035
1,0.1975,0.2854325,0.285430371761322
1,0.1875,0.2824773,0.2824774980545044
1,0.175,0.2795618,0.2795591950416565
1,0.1875,0.2766705,0.2766706049442291
1,0.085,0.273815,0.2738132178783417
1,0.0125,0.27098843,0.2709915041923523
1,0.02,0.2682009,0.26819533109664917
1,0.0125,0.26543224,0.2654328942298889
1,0.022499999,0.2626969,0.262699693441391
1,0.0175,0.25033748,0.2503586709499359
1,0.015000001,0.3195548,0.3195335268974304
1,0.02,0.31624192,0.3162127137184143
1,0.025,0.3129273,0.31293168663978577
1,0.025,0.30967605,0.3096764385700226
1,0.022499999,0.30645293,0.30648085474967957
1,0.025,0.30330667,0.3032999336719513
1,0.022499999,0.30016786,0.30015769600868225
1,0.10750001,0.2970393,0.29706043004989624
1,0.035,0.2939646,0.29397639632225037
1,0.025,0.2909335,0.2909184992313385
1,0.02,0.28790706,0.28791043162345886
1,0.0275,0.28494436,0.28492671251296997
1,0.1925,0.2819884,0.2819945216178894
1,0.14999999,0.27909026,0.2790939509868622
1,0.037499998,0.27619424,0.2762000262737274
1,0.0325,0.27335802,0.27335137128829956
1,0.0125,0.27051076,0.27051684260368347
1,0.0125,0.26774555,0.26772820949554443
1,0.03,0.26498407,0.2649557292461395
1,0.0125,0.26224193,0.2622400224208832
1,0.0175,0.25954095,0.259569376707077
1,0.0125,0.25687265,0.2568782866001129
1,0.0125,0.25422484,0.254225492477417
1,0.0325,0.0125,0.012500000186264515
1,0.022499999,0.0125,0.012500000186264515
1,0.0125,0.0125,0.012500000186264515
1,0.025,0.0125,0.012500000186264515
1,0.022499999,0.0125,0.012500000186264515
1,0.03,0.0125,0.012500000186264515
1,0.042499997,0.0125,0.012500000186264515
1,0.04,0.0125,0.012500000186264515
1,0.05,0.0125,0.012500000186264515
1,0.0625,0.0125,0.012500000186264515
1,0.10250001,0.0125,0.012500000186264515
1,0.0475,0.0125,0.012500000186264515
1,0.035,0.0125,0.012500000186264515
1,0.0125,0.0125,0.012500000186264515
1,0.015000001,0.0125,0.012500000186264515
1,0.0275,0.0125,0.012500000186264515
1,0.02,0.0125,0.012500000186264515
1,0.042499997,0.0125,0.012500000186264515
1,0.0175,0.0125,0.012500000186264515
1,0.03,0.0125,0.012500000186264515
1,0.0175,0.0125,0.012500000186264515
1,0.015000001,0.0125,0.012500000186264515
1,0.015000001,0.0125,0.012500000186264515
1,0.0175,0.0125,0.012500000186264515
1,0.035,0.0125,0.012500000186264515
1,0.015000001,0.0125,0.012500000186264515
1,0.0125,0.0125,0.012500000186264515
1,0.0125,0.0125,0.012500000186264515
1,0.02,0.0125,0.012500000186264515
1,0.035,0.0125,0.012500000186264515
1,0.022499999,0.0125,0.012500000186264515
1,0.02875,0.0125,0.012500000186264515
1,0.035,0.0125,0.012500000186264515
1,0.0275,0.0125,0.012500000186264515
1,0.04,0.0125,0.012500000186264515
1,0.0125,0.0125,0.012500000186264515
1,0.067499995,0.0125,0.012500000186264515
1,0.11,0.0125,0.012500000186264515
1,0.025,0.0125,0.012500000186264515
1,0.037499998,0.0125,0.012500000186264515
1,0.022499999,0.0125,0.012500000186264515
1,0.015000001,0.0125,0.012500000186264515
1,0.037499998,0.0125,0.012500000186264515
1,0.015000001,0.0125,0.012500000186264515
1,0.022499999,0.0125,0.012500000186264515
1,0.0275,0.0125,0.012500000186264515
1,0.025,0.0125,0.012500000186264515
1,0.02,0.0125,0.012500000186264515
1,0.0275,0.0125,0.012500000186264515
1,0.035,0.0125,0.012500000186264515
1,0.0175,0.0125,0.012500000186264515
1,0.0125,0.0125,0.012500000186264515
1,0.0275,0.0125,0.012500000186264515
1,0.015000001,0.0125,0.012500000186264515
1,0.022499999,0.0125,0.012500000186264515
1,0.03,0.0125,0.012500000186264515
1,0.0475,0.0125,0.012500000186264515
1,0.015000001,0.0125,0.012500000186264515
1,0.0125,0.0125,0.012500000186264515
1,0.0275,0.0125,0.012500000186264515
1,0.015000001,0.0125,0.012500000186264515
1,0.022499999,0.0125,0.012500000186264515
1,0.0125,0.0125,0.012500000186264515
1,0.0325,0.0125,0.012500000186264515
1,0.0125,0.0125,0.012500000186264515
1,0.015000001,0.0125,0.012500000186264515
1,0.05,0.0125,0.012500000186264515
1,0.05,0.0125,0.012500000186264515
1,0.022499999,0.0125,0.012500000186264515
1,0.015000001,0.0125,0.012500000186264515
1,0.022499999,0.0125,0.012500000186264515
1,0.015000001,0.0125,0.012500000186264515
1,0.015000001,0.0125,0.012500000186264515
1,0.0175,0.0125,0.012500000186264515
1,0.0175,0.0125,0.012500000186264515
1,0.022499999,0.0125,0.012500000186264515
1,0.0175,0.0125,0.012500000186264515
1,0.0125,0.0125,0.012500000186264515
1,0.022499999,0.0125,0.012500000186264515
1,0.32000002,0.0125,0.012500000186264515
1,0.05,0.0125,0.012500000186264515
1,0.035,0.0125,0.012500000186264515
1,0.035,0.0125,0.012500000186264515
1,0.044999998,0.0125,0.012500000186264515
1,0.0275,0.0125,0.012500000186264515
1,0.0325,0.0125,0.012500000186264515
1,0.0125,0.0125,0.012500000186264515
1,0.0175,0.0125,0.012500000186264515
1,0.025,0.0125,0.012500000186264515
1,0.0575,0.0125,0.012500000186264515
1,0.015000001,0.0125,0.012500000186264515
1,0.0275,0.0125,0.012500000186264515
1,0.0175,0.0125,0.012500000186264515
1,0.015000001,0.0125,0.012500000186264515
1,0.015000001,0.0125,0.012500000186264515
1,0.0325,0.0125,0.012500000186264515
1,0.015000001,0.0125,0.012500000186264515
1,0.015000001,0.0125,0.012500000186264515
1,0.015000001,0.0125,0.012500000186264515
1,0.0125,0.0125,0.012500000186264515
1,0.03,0.0125,0.012500000186264515
1,0.0125,0.0125,0.012500000186264515
1,0.015000001,0.0125,0.012500000186264515
1,0.022499999,0.0125,0.012500000186264515
1,0.035,0.0125,0.012500000186264515
1,0.015000001,0.0125,0.012500000186264515
1,0.015000001,0.0125,0.012500000186264515
1,0.0125,0.0125,0.012500000186264515
1,0.015000001,0.0125,0.012500000186264515
1,0.0325,0.0125,0.012500000186264515
1,0.0125,0.0125,0.012500000186264515
1,0.025,0.0125,0.012500000186264515
1,0.015000001,0.0125,0.012500000186264515
1,0.0125,0.0125,0.012500000186264515
1,0.0175,0.0125,0.012500000186264515
1,0.025,0.0125,0.012500000186264515
1,0.0325,0.0125,0.012500000186264515
1,0.0125,0.0125,0.012500000186264515
1,0.0125,0.0125,0.012500000186264515
1,0.022499999,0.0125,0.012500000186264515
1,0.0275,0.25040632,0.2504044473171234
1,0.0275,0.33023182,0.3302372097969055
1,0.022499999,0.32679585,0.32680007815361023
1,0.0125,0.32340422,0.3234065771102905
1,0.02,0.32003778,0.3200429677963257
1,0.0125,0.31672487,0.31671661138534546
1,0.03,0.31343544,0.3134295344352722
1,0.0875,0.3101825,0.31017258763313293
1,0.04,0.3069592,0.30695971846580505
1,0.02,0.30377203,0.3037722706794739
1,0.015000001,0.30062735,0.30062660574913025
1,0.052500002,0.2975112,0.29751166701316833
1,0.1,0.2944333,0.294430136680603
1,0.085,0.29138765,0.29138267040252686
1,0.089999996,0.2883634,0.2883671522140503
1,0.115,0.2853819,0.28538140654563904
1,0.11,0.28243795,0.28243255615234375
1,0.1825,0.2795194,0.27951934933662415
1,0.015000001,0.27662534,0.27663278579711914
1,0.16000001,0.27377248,0.2737768590450287
1,0.02,0.27095708,0.2709472179412842
1,0.0275,0.26816243,0.268157422542572
1,0.02,0.26539317,0.2653953433036804
1,0.022499999,0.26265764,0.2626603841781616
1,0.0125,0.25029284,0.25029540061950684
1,0.0275,0.31949857,0.3194894790649414
1,0.0125,0.31618693,0.3161751329898834
1,0.015000001,0.31289998,0.3128660023212433
1,0.035,0.30964166,0.3096369504928589
1,0.02,0.30642053,0.3064217269420624
1,0.025,0.3032432,0.30323025584220886
1,0.022499999,0.30012646,0.3001035451889038
1,0.015000001,0.29698932,0.29701289534568787
1,0.042499997,0.29391208,0.29391705989837646
1,0.015000001,0.29088974,0.29087406396865845
1,0.0125,0.28786278,0.28785932064056396
1,0.022499999,0.28489402,0.28489312529563904
1,0.03,0.281951,0.28193986415863037
1,0.03,0.27902043,0.27903440594673157
1,0.015000001,0.27615353,0.2761622369289398
1,0.015000001,0.27330905,0.27330270409584045
1,0.037499998,0.27046338,0.2704811096191406
1,0.0175,0.2676872,0.2676912248134613
1,0.085,0.26493502,0.2649386525154114
1,0.035,0.2621827,0.2622062563896179
1,0.015000001,0.25949138,0.25951480865478516
1,0.015000001,0.2568334,0.2568395733833313
1,0.02,0.25421578,0.25420069694519043
1,0.015000001,0.0125,0.012500000186264515
1,0.0175,0.0125,0.012500000186264515
1,0.0125,0.0125,0.012500000186264515
1,0.0125,0.0125,0.012500000186264515
1,0.0325,0.0125,0.012500000186264515
1,0.0125,0.0125,0.012500000186264515
1,0.03,0.0125,0.012500000186264515
1,0.0275,0.0125,0.012500000186264515
1,0.02,0.0125,0.012500000186264515
1,0.0325,0.0125,0.012500000186264515
1,0.0475,0.0125,0.012500000186264515
1,0.0125,0.0125,0.012500000186264515
1,0.035,0.0125,0.012500000186264515
1,0.03,0.0125,0.012500000186264515
1,0.21000001,0.0125,0.012500000186264515
1,0.0175,0.0125,0.012500000186264515
1,0.015000001,0.0125,0.012500000186264515
1,0.19,0.0125,0.012500000186264515
1,0.0125,0.0125,0.012500000186264515
1,0.0175,0.0125,0.012500000186264515
1,0.015000001,0.0125,0.012500000186264515
1,0.0125,0.0125,0.012500000186264515
1,0.035,0.0125,0.012500000186264515
1,0.0125,0.0125,0.012500000186264515
1,0.0175,0.0125,0.012500000186264515
1,0.025,0.0125,0.012500000186264515
1,0.025,0.0125,0.012500000186264515
1,0.0175,0.0125,0.012500000186264515
1,0.02,0.0125,0.012500000186264515
1,0.2575,0.0125,0.012500000186264515
1,0.042499997,0.0125,0.012500000186264515
1,0.042499997,0.0125,0.012500000186264515
1,0.037499998,0.0125,0.012500000186264515
1,0.035,0.0125,0.012500000186264515
1,0.037499998,0.0125,0.012500000186264515
1,0.022499999,0.0125,0.012500000186264515
1,0.044999998,0.0125,0.012500000186264515
1,0.02,0.0125,0.012500000186264515
1,0.0275,0.0125,0.012500000186264515
1,0.0125,0.0125,0.012500000186264515
1,0.0325,0.0125,0.012500000186264515
1,0.025,0.0125,0.012500000186264515
1,0.022499999,0.0125,0.012500000186264515
1,0.02,0.0125,0.012500000186264515
1,0.0125,0.0125,0.012500000186264515
1,0.0275,0.0125,0.012500000186264515
1,0.022499999,0.0125,0.012500000186264515
1,0.02,0.0125,0.012500000186264515
1,0.02,0.0125,0.012500000186264515
1,0.015000001,0.0125,0.012500000186264515
1,0.025,0.0125,0.012500000186264515
1,0.025,0.0125,0.012500000186264515
1,0.02,0.0125,0.012500000186264515
1,0.025,0.0125,0.012500000186264515
1,0.015000001,0.0125,0.012500000186264515
1,0.0575,0.0125,0.012500000186264515
1,0.03,0.0125,0.012500000186264515
1,0.0325,0.0125,0.012500000186264515
1,0.095,0.0125,0.012500000186264515
1,0.042499997,0.0125,0.012500000186264515
1,0.082499996,0.0125,0.012500000186264515
1,0.175,0.0125,0.012500000186264515
1,0.16000001,0.0125,0.012500000186264515
1,-1.3038516e-10,0.0125,0.012500000186264515
1,0.32750002,0.0125,0.012500000186264515
1,0.02,0.0125,0.012500000186264515
1,0.14500001,0.0125,0.012500000186264515
1,0.022499999,0.0125,0.012500000186264515
1,0.0275,0.0125,0.012500000186264515
1,0.022499999,0.0125,0.012500000186264515
1,0.02,0.0125,0.012500000186264515
1,0.0325,0.0125,0.012500000186264515
1,0.0125,0.0125,0.012500000186264515
1,0.0125,0.0125,0.012500000186264515
1,0.022499999,0.0125,0.012500000186264515
1,0.0125,0.0125,0.012500000186264515
1,0.03,0.0125,0.012500000186264515
1,0.0125,0.0125,0.012500000186264515
1,0.0125,0.0125,0.012500000186264515
1,0.0275,0.0125,0.012500000186264515
1,0.0125,0.0125,0.012500000186264515
1,0.037499998,0.0125,0.012500000186264515
1,0.0275,0.0125,0.012500000186264515
1,0.015000001,0.0125,0.012500000186264515
1,0.0125,0.0125,0.012500000186264515
1,0.037499998,0.0125,0.012500000186264515
1,0.0125,0.0125,0.012500000186264515
1,0.022499999,0.0125,0.012500000186264515
1,0.0125,0.0125,0.012500000186264515
1,0.02,0.0125,0.012500000186264515
1,0.0125,0.0125,0.012500000186264515
1,0.03,0.0125,0.012500000186264515
1,0.015000001,0.0125,0.012500000186264515
1,0.0125,0.0125,0.012500000186264515
1,0.0325,0.0125,0.012500000186264515
1,0.0125,0.0125,0.012500000186264515
1,0.02,0.0125,0.012500000186264515
1,0.022499999,0.0125,0.012500000186264515
1,0.022499999,0.0125,0.012500000186264515
1,0.0275,0.0125,0.012500000186264515
1,0.025,0.0125,0.012500000186264515
1,0.025,0.0125,0.012500000186264515
1,0.02,0.0125,0.012500000186264515
1,0.0275,0.0125,0.012500000186264515
1,0.0175,0.0125,0.012500000186264515
1,0.025,0.0125,0.012500000186264515
1,0.13,0.0125,0.012500000186264515
1,0.0125,0.0125,0.012500000186264515
1,0.03,0.0125,0.012500000186264515
1,0.022499999,0.0125,0.012500000186264515
1,0.042499997,0.0125,0.012500000186264515
1,0.16000001,0.0125,0.012500000186264515
1,0.1725,0.0125,0.012500000186264515
1,0.1675,0.0125,0.012500000186264515
1,0.2,0.0125,0.012500000186264515
1,0.20500001,0.0125,0.012500000186264515
1,0.0175,0.0125,0.012500000186264515
1,0.0125,0.0125,0.012500000186264515
1,0.0325,0.0125,0.012500000186264515
1,0.015000001,0.0125,0.012500000186264515
1,0.0125,0.25036582,0.2503698170185089
1,0.025,0.33018243,0.3301837146282196
1,0.0125,0.32674307,0.32675451040267944
1,0.0175,0.3233479,0.32335522770881653
1,0.0175,0.31999454,0.3199954926967621
1,0.2125,0.3166719,0.31667017936706543
1,0.052500002,0.31338254,0.3133828341960907
1,0.185,0.3101309,0.31013020873069763
1,0.175,0.30691645,0.30690908432006836
1,0.1625,0.30373296,0.3037315011024475
1,0.1775,0.3005795,0.30057767033576965
1,0.16000001,0.29746848,0.29746630787849426
1,0.1725,0.2943838,0.29438498616218567
1,0.3175,0.29133472,0.2913394272327423
1,0.025,0.28832448,0.28832313418388367
1,0.0125,0.2853403,0.2853393256664276
1,0.0125,0.28239453,0.2823919951915741
1,0.022499999,0.27947065,0.27946993708610535
1,0.0775,0.27658725,0.27658894658088684
1,0.085,0.27373147,0.2737332284450531
1,0.022499999,0.2709108,0.27090561389923096
1,0.025,0.2681145,0.2681182026863098
1,0.025,0.2653531,0.2653515636920929
1,0.025,0.26261923,0.2626161575317383
1,0.025,0.2502793,0.2502744793891907
1,0.025,0.31943306,0.31943249702453613
1,0.022499999,0.3161253,0.316123366355896
1,0.0275,0.31285137,0.31282973289489746
1,0.0175,0.3095824,0.30958107113838196
1,0.085,0.30638635,0.3063794672489166
1,0.115,0.3031939,0.30319643020629883
1,0.089999996,0.30005446,0.3000403940677643
1,0.04,0.29692435,0.2969330847263336
1,0.16000001,0.29387143,0.29385942220687866
1,0.115,0.2908331,0.2908362150192261
1,0.044999998,0.28784266,0.2878270149230957
1,0.0175,0.28483942,0.2848415672779083
1,0.12,0.28189376,0.2819129526615143
1,0.11,0.278991,0.27897554636001587
1,0.0925,0.2761097,0.27609848976135254
1,0.082499996,0.27326757,0.27326929569244385
1,0.035,0.2704295,0.27043160796165466
1,0.1475,0.26767364,0.26766231656074524
1,0.35000002,0.2648862,0.2648925185203552
1,0.24000001,0.26215184,0.2621638774871826
1,0.015000001,0.25944626,0.25948086380958557
1,0.0325,0.25678852,0.2567952275276184
1,0.0175,0.2541415,0.2541651725769043
1,0.0275,0.0125,0.012500000186264515
1,0.0275,0.0125,0.012500000186264515
1,0.037499998,0.0125,0.012500000186264515
1,0.015000001,0.0125,0.012500000186264515
1,0.0175,0.0125,0.012500000186264515
1,0.022499999,0.0125,0.012500000186264515
1,0.042499997,0.0125,0.012500000186264515
1,0.052500002,0.0125,0.012500000186264515
1,0.03,0.0125,0.012500000186264515
1,0.037499998,0.0125,0.012500000186264515
1,0.0175,0.0125,0.012500000186264515
1,0.0175,0.0125,0.012500000186264515
1,0.1825,0.0125,0.012500000186264515
1,0.16499999,0.0125,0.012500000186264515
1,0.089999996,0.0125,0.012500000186264515
1,0.015000001,0.0125,0.012500000186264515
1,0.0175,0.0125,0.012500000186264515
1,0.015000001,0.0125,0.012500000186264515
1,0.0275,0.0125,0.012500000186264515
1,0.04,0.0125,0.012500000186264515
1,0.02,0.0125,0.012500000186264515
1,0.025,0.0125,0.012500000186264515
1,0.0175,0.0125,0.012500000186264515
1,0.0175,0.0125,0.012500000186264515
1,0.03,0.0125,0.012500000186264515
1,0.0275,0.0125,0.012500000186264515
1,0.0275,0.0125,0.012500000186264515
1,0.025,0.0125,0.012500000186264515
1,0.052500002,0.0125,0.012500000186264515
1,0.21000001,0.0125,0.012500000186264515
1,0.24000001,0.0125,0.012500000186264515
1,0.042499997,0.0125,0.012500000186264515
1,0.07,0.0125,0.012500000186264515
1,0.03,0.0125,0.012500000186264515
1,0.022499999,0.0125,0.012500000186264515
1,0.03,0.0125,0.012500000186264515
1,0.0275,0.0125,0.012500000186264515
1,0.022499999,0.0125,0.012500000186264515
1,0.0325,0.0125,0.012500000186264515
1,0.14999999,0.0125,0.012500000186264515
1,0.28000003,0.0125,0.012500000186264515
1,0.037499998,0.0125,0.012500000186264515
1,0.16499999,0.0125,0.012500000186264515
1,0.022499999,0.0125,0.012500000186264515
1,0.0275,0.0125,0.012500000186264515
1,0.02,0.0125,0.012500000186264515
1,0.025,0.0125,0.012500000186264515
1,0.0275,0.0125,0.012500000186264515
1,0.03,0.0125,0.012500000186264515
1,0.03,0.0125,0.012500000186264515
1,0.042499997,0.0125,0.012500000186264515
1,0.015000001,0.0125,0.012500000186264515
1,0.03,0.0125,0.012500000186264515
1,0.0275,0.0125,0.012500000186264515
1,0.0325,0.0125,0.012500000186264515
1,0.0325,0.0125,0.012500000186264515
1,0.060000002,0.0125,0.012500000186264515
1,0.02,0.0125,0.012500000186264515
1,0.025,0.0125,0.012500000186264515
1,0.065,0.0125,0.012500000186264515
1,0.0175,0.0125,0.012500000186264515
1,0.275,0.0125,0.012500000186264515
1,0.2,0.0125,0.012500000186264515
1,0.11,0.0125,0.012500000186264515
1,0.175,0.0125,0.012500000186264515
1,0.24000001,0.0125,0.012500000186264515
1,0.1975,0.0125,0.012500000186264515
1,0.015000001,0.0125,0.012500000186264515
1,0.022499999,0.0125,0.012500000186264515
1,0.0175,0.0125,0.012500000186264515
1,0.015000001,0.0125,0.012500000186264515
1,0.025,0.0125,0.012500000186264515
1,0.0325,0.0125,0.012500000186264515
1,0.0275,0.0125,0.012500000186264515
1,0.022499999,0.0125,0.012500000186264515
1,0.0175,0.0125,0.012500000186264515
1,0.02,0.0125,0.012500000186264515
1,0.0275,0.0125,0.012500000186264515
1,0.17999999,0.0125,0.012500000186264515
1,0.11,0.0125,0.012500000186264515
1,0.025,0.0125,0.012500000186264515
1,0.175,0.0125,0.012500000186264515
1,0.115,0.0125,0.012500000186264515
1,0.055,0.0125,0.012500000186264515
1,0.044999998,0.0125,0.012500000186264515
1,0.042499997,0.0125,0.012500000186264515
1,0.0125,0.0125,0.012500000186264515
1,0.0125,0.0125,0.012500000186264515
1,0.037499998,0.0125,0.012500000186264515
1,0.0125,0.0125,0.012500000186264515
1,0.02,0.0125,0.012500000186264515
1,0.02,0.0125,0.012500000186264515
1,0.0125,0.0125,0.012500000186264515
1,0.022499999,0.0125,0.012500000186264515
1,0.0125,0.0125,0.012500000186264515
1,0.0175,0.0125,0.012500000186264515
1,0.022499999,0.0125,0.012500000186264515
1,0.0125,0.0125,0.012500000186264515
1,0.0125,0.0125,0.012500000186264515
1,0.0325,0.0125,0.012500000186264515
1,0.015000001,0.0125,0.012500000186264515
1,0.0125,0.0125,0.012500000186264515
1,0.14999999,0.0125,0.012500000186264515
1,0.02,0.0125,0.012500000186264515
1,0.0175,0.0125,0.012500000186264515
1,0.03,0.0125,0.012500000186264515
1,0.015000001,0.0125,0.012500000186264515
1,0.015000001,0.0125,0.012500000186264515
1,0.015000001,0.0125,0.012500000186264515
1,0.015000001,0.0125,0.012500000186264515
1,0.0275,0.0125,0.012500000186264515
1,0.015000001,0.0125,0.012500000186264515
1,0.0125,0.0125,0.012500000186264515
1,0.022499999,0.0125,0.012500000186264515
1,0.175,0.0125,0.012500000186264515
1,0.085,0.0125,0.012500000186264515
1,0.015000001,0.0125,0.012500000186264515
1,0.035,0.0125,0.012500000186264515
1,0.02,0.0125,0.012500000186264515
1,0.0125,0.0125,0.012500000186264515
1,0.02,0.25032163,0.25032728910446167
1,0.015000001,0.33012944,0.3301299810409546
1,0.0125,0.32669756,0.326702743768692
1,0.0175,0.3233047,0.32330119609832764
1,0.015000001,0.31994677,0.31994399428367615
1,0.03,0.31661397,0.3166179955005646
1,0.02,0.31334096,0.31333374977111816
1,0.44249997,0.3100802,0.3100830018520355
1,0.2675,0.30686826,0.3068634569644928
1,0.0875,0.303684,0.3036858141422272
1,0.074999996,0.3005385,0.3005314767360687
1,0.089999996,0.29741934,0.29741767048835754
1,0.13,0.2943449,0.29433947801589966
1,0.14500001,0.29129905,0.291292667388916
1,0.0275,0.28827715,0.2882809638977051
1,0.24000001,0.28529257,0.2852977216243744
1,0.0575,0.28235072,0.282349556684494
1,0.0575,0.27943522,0.27942991256713867
1,0.1125,0.27655035,0.27654439210891724
1,0.17,0.27369443,0.2736864984035492
1,0.26,0.27086392,0.270866721868515
1,0.11750001,0.26807144,0.26807159185409546
1,0.0175,0.26531,0.26530951261520386
1,0.0175,0.2625781,0.2625805139541626
1,0.0275,0.25022396,0.25024423003196716
1,0.03,0.3193954,0.319397896528244
1,0.0325,0.31607255,0.31608307361602783
1,0.03,0.31279504,0.3127955496311188
1,0.03,0.30952156,0.30954456329345703
1,0.022499999,0.30631557,0.30633246898651123
1,0.05,0.30315468,0.30313795804977417
1,0.037499998,0.3000111,0.3000434637069702
1,0.0275,0.29690215,0.29689934849739075
1,0.095,0.29381728,0.2938295602798462
1,0.082499996,0.2907892,0.29080358147621155
1,0.1725,0.28777584,0.28779131174087524
1,0.1625,0.2848085,0.28480419516563416
1,0.060000002,0.28185928,0.28185319900512695
1,0.0325,0.27894104,0.2789461016654968
1,0.0175,0.27605358,0.276073157787323
1,0.0325,0.2732222,0.2732243835926056
1,0.0325,0.27041656,0.27040210366249084
1,0.0275,0.26763064,0.267623633146286
1,0.2875,0.26483715,0.2648521661758423
1,0.0175,0.262115,0.2621289789676666
1,0.02,0.2594339,0.25941598415374756
1,0.0175,0.25674513,0.2567755877971649
1,0.0175,0.254101,0.25411438941955566
1,0.025,0.0125,0.012500000186264515
1,0.0175,0.0125,0.012500000186264515
1,0.0175,0.0125,0.012500000186264515
1,0.0275,0.0125,0.012500000186264515
1,0.0625,0.0125,0.012500000186264515
1,0.04,0.0125,0.012500000186264515
1,0.27,0.0125,0.012500000186264515
1,0.27,0.0125,0.012500000186264515
1,0.2725,0.0125,0.012500000186264515
1,0.305,0.0125,0.012500000186264515
1,0.24500002,0.0125,0.012500000186264515
1,0.1575,0.0125,0.012500000186264515
1,0.0925,0.0125,0.012500000186264515
1,0.0275,0.0125,0.012500000186264515
1,0.037499998,0.0125,0.012500000186264515
1,0.0175,0.0125,0.012500000186264515
1,0.0175,0.0125,0.012500000186264515
1,0.037499998,0.0125,0.012500000186264515
1,0.0175,0.0125,0.012500000186264515
1,0.185,0.0125,0.012500000186264515
1,0.037499998,0.0125,0.012500000186264515
1,0.0175,0.0125,0.012500000186264515
1,0.0175,0.0125,0.012500000186264515
1,0.037499998,0.0125,0.012500000186264515
1,0.0175,0.0125,0.012500000186264515
1,0.0175,0.0125,0.012500000186264515
1,0.037499998,0.0125,0.012500000186264515
1,0.0175,0.0125,0.012500000186264515
1,0.04,0.0125,0.012500000186264515
1,0.04,0.0125,0.012500000186264515
1,0.055,0.0125,0.012500000186264515
1,0.067499995,0.0125,0.012500000186264515
1,0.022499999,0.0125,0.012500000186264515
1,0.23,0.0125,0.012500000186264515
1,0.035,0.0125,0.012500000186264515
1,0.02,0.0125,0.012500000186264515
1,0.0325,0.0125,0.012500000186264515
1,0.010000001,0.0125,0.012500000186264515
1,0.02,0.0125,0.012500000186264515
1,0.022499999,0.0125,0.012500000186264515
1,0.2825,0.0125,0.012500000186264515
1,0.17999999,0.0125,0.012500000186264515
1,0.037499998,0.0125,0.012500000186264515
1,0.025,0.0125,0.012500000186264515
1,0.0125,0.0125,0.012500000186264515
1,0.025,0.0125,0.012500000186264515
1,0.035,0.0125,0.012500000186264515
1,0.0125,0.0125,0.012500000186264515
1,0.0125,0.0125,0.012500000186264515
1,0.025,0.0125,0.012500000186264515
1,0.0125,0.0125,0.012500000186264515
1,0.015000001,0.0125,0.012500000186264515
1,0.010000001,0.0125,0.012500000186264515
1,0.010000001,0.0125,0.012500000186264515
1,0.10750001,0.0125,0.012500000186264515
1,0.02,0.0125,0.012500000186264515
1,0.010000001,0.0125,0.012500000186264515
1,0.4075,0.0125,0.012500000186264515
1,0.3625,0.0125,0.012500000186264515
1,0.0125,0.0125,0.012500000186264515
1,0.0125,0.0125,0.012500000186264515
1,0.022499999,0.0125,0.012500000186264515
1,0.0175,0.0125,0.012500000186264515
1,0.0175,0.0125,0.012500000186264515
1,0.02,0.0125,0.012500000186264515
1,0.052500002,0.0125,0.012500000186264515
1,0.1475,0.0125,0.012500000186264515
1,0.24000001,0.0125,0.012500000186264515
1,0.060000002,0.0125,0.012500000186264515
1,0.0125,0.0125,0.012500000186264515
1,0.015000001,0.0125,0.012500000186264515
1,0.025,0.0125,0.012500000186264515
1,0.0125,0.0125,0.012500000186264515
1,0.0125,0.0125,0.012500000186264515
1,0.015000001,0.0125,0.012500000186264515
1,0.02,0.0125,0.012500000186264515
1,0.015000001,0.0125,0.012500000186264515
1,0.0125,0.0125,0.012500000186264515
1,0.0125,0.0125,0.012500000186264515
1,0.055,0.0125,0.012500000186264515
1,0.0125,0.0125,0.012500000186264515
1,0.067499995,0.0125,0.012500000186264515
1,0.0125,0.0125,0.012500000186264515
1,0.17,0.0125,0.012500000186264515
1,0.0175,0.0125,0.012500000186264515
1,0.0575,0.0125,0.012500000186264515
1,0.025,0.0125,0.012500000186264515
1,0.1525,0.0125,0.012500000186264515
1,0.1525,0.0125,0.012500000186264515
1,0.1475,0.0125,0.012500000186264515
1,0.1525,0.0125,0.012500000186264515
1,0.025,0.0125,0.012500000186264515
1,0.022499999,0.0125,0.012500000186264515
1,0.025,0.0125,0.012500000186264515
1,0.03,0.0125,0.012500000186264515
1,0.015000001,0.0125,0.012500000186264515
1,0.015000001,0.0125,0.012500000186264515
1,0.02,0.0125,0.012500000186264515
1,0.0125,0.0125,0.012500000186264515
1,0.0125,0.0125,0.012500000186264515
1,0.0125,0.0125,0.012500000186264515
1,0.025,0.0125,0.012500000186264515
1,0.02,0.0125,0.012500000186264515
1,0.025,0.0125,0.012500000186264515
1,0.03,0.0125,0.012500000186264515
1,0.025,0.0125,0.012500000186264515
1,0.025,0.0125,0.012500000186264515
1,0.03,0.0125,0.012500000186264515
1,0.0275,0.0125,0.012500000186264515
1,0.067499995,0.0125,0.012500000186264515
1,0.074999996,0.0125,0.012500000186264515
1,0.1525,0.0125,0.012500000186264515
1,0.03,0.0125,0.012500000186264515
1,0.025,0.0125,0.012500000186264515
1,0.14999999,0.0125,0.012500000186264515
1,0.14,0.0125,0.012500000186264515
1,0.13499999,0.0125,0.012500000186264515
1,0.037499998,0.0125,0.012500000186264515
1,0.022499999,0.0125,0.012500000186264515
1,0.022499999,0.0125,0.012500000186264515
1,0.025,0.25028166,0.25029096007347107
1,0.025,0.33007586,0.3300847113132477
1,0.025,0.32665047,0.326646089553833
1,0.0125,0.3232581,0.3232591450214386
1,0.0125,0.31989968,0.3198937177658081
1,0.0325,0.3165769,0.3165743350982666
1,0.1375,0.31328622,0.3132859766483307
1,0.4,0.31003433,0.310031533241272
1,0.025,0.30681065,0.30681225657463074
1,0.0125,0.30363336,0.3036319613456726
1,0.0125,0.30048886,0.30048036575317383
1,0.03,0.29737264,0.29737499356269836
1,0.015000001,0.29429227,0.29429569840431213
1,0.0175,0.2912506,0.2912452518939972
1,0.052500002,0.28822887,0.28823256492614746
1,0.0575,0.28525352,0.28525543212890625
1,0.052500002,0.28231168,0.28230491280555725
1,0.35250002,0.2793915,0.27938780188560486
1,0.4125,0.27649972,0.27650365233421326
1,0.225,0.27364993,0.2736441493034363
1,0.16000001,0.27082947,0.2708274722099304
1,0.015000001,0.2680335,0.2680300772190094
1,0.0125,0.26527435,0.2652699947357178
1,0.0125,0.26253712,0.26253682374954224
1,0.0175,0.25018167,0.25019362568855286
1,0.0125,0.31932384,0.31934213638305664
1,0.0125,0.31599656,0.3160272240638733
1,0.02,0.31273532,0.31275761127471924
1,0.015000001,0.30949923,0.3094823658466339
1,0.0175,0.3063093,0.3062797784805298
1,0.0875,0.30310282,0.3031114637851715
1,0.16499999,0.2999556,0.29996782541275024
1,0.02,0.29687402,0.29684555530548096
1,0.0125,0.29378998,0.2937942147254944
1,0.22250003,0.29073825,0.2907595634460449
1,0.0275,0.28772983,0.28772804141044617
1,0.04,0.28475356,0.2847643196582794
1,0.0475,0.2818312,0.28180360794067383
1,0.122499995,0.27890137,0.2789119482040405
1,0.037499998,0.27601108,0.2760271430015564
1,-1.3038516e-10,0.27317026,0.2731850743293762
1,0.1675,0.2703621,0.2703544497489929
1,0.35000002,0.2675762,0.2675631046295166
1,0.05,0.26479477,0.26479724049568176
1,0.0175,0.26208726,0.262073278427124
1,0.02,0.25938895,0.25939229130744934
1,0.02,0.25670865,0.2567167282104492
1,0.02,0.25408357,0.2540780007839203
1,0.0175,0.0125,0.012500000186264515
1,0.037499998,0.0125,0.012500000186264515
1,0.022499999,0.0125,0.012500000186264515
1,0.0325,0.0125,0.012500000186264515
1,0.0175,0.0125,0.012500000186264515
1,0.03,0.0125,0.012500000186264515
1,0.1875,0.0125,0.012500000186264515
1,0.155,0.0125,0.012500000186264515
1,0.022499999,0.0125,0.012500000186264515
1,0.022499999,0.0125,0.012500000186264515
1,0.015000001,0.0125,0.012500000186264515
1,0.0175,0.0125,0.012500000186264515
1,0.0275,0.0125,0.012500000186264515
1,0.04,0.0125,0.012500000186264515
1,0.02,0.0125,0.012500000186264515
1,0.08,0.0125,0.012500000186264515
1,0.02,0.0125,0.012500000186264515
1,0.015000001,0.0125,0.012500000186264515
1,0.02,0.0125,0.012500000186264515
1,0.08,0.0125,0.012500000186264515
1,0.0175,0.0125,0.012500000186264515
1,0.015000001,0.0125,0.012500000186264515
1,0.0325,0.0125,0.012500000186264515
1,0.02,0.0125,0.012500000186264515
1,0.0325,0.0125,0.012500000186264515
1,0.015000001,0.0125,0.012500000186264515
1,0.042499997,0.0125,0.012500000186264515
1,0.015000001,0.0125,0.012500000186264515
1,0.0575,0.0125,0.012500000186264515
1,0.060000002,0.0125,0.012500000186264515
1,0.02,0.0125,0.012500000186264515
1,0.3475,0.0125,0.012500000186264515
1,0.27750003,0.0125,0.012500000186264515
1,0.27,0.0125,0.012500000186264515
1,0.0175,0.0125,0.012500000186264515
1,0.022499999,0.0125,0.012500000186264515
1,0.1325,0.0125,0.012500000186264515
1,0.8025,0.0125,0.012500000186264515
1,0.2875,0.0125,0.012500000186264515
1,0.42499998,0.0125,0.012500000186264515
1,0.71999997,0.0125,0.012500000186264515
1,0.445,0.0125,0.012500000186264515
1,0.2125,0.0125,0.012500000186264515
1,0.21500002,0.0125,0.012500000186264515
1,0.015000001,0.0125,0.012500000186264515
1,0.015000001,0.0125,0.012500000186264515
1,0.0175,0.0125,0.012500000186264515
1,0.015000001,0.0125,0.012500000186264515
1,0.0175,0.0125,0.012500000186264515
1,0.022499999,0.0125,0.012500000186264515
1,0.015000001,0.0125,0.012500000186264515
1,0.0175,0.0125,0.012500000186264515
1,0.0275,0.0125,0.012500000186264515
1,0.022499999,0.0125,0.012500000186264515
1,0.0325,0.0125,0.012500000186264515
1,0.0125,0.0125,0.012500000186264515
1,0.0125,0.0125,0.012500000186264515
1,0.015000001,0.0125,0.012500000186264515
1,0.052500002,0.0125,0.012500000186264515
1,0.04,0.0125,0.012500000186264515
1,0.037499998,0.0125,0.012500000186264515
1,0.052500002,0.0125,0.012500000186264515
1,0.1325,0.0125,0.012500000186264515
1,0.0275,0.0125,0.012500000186264515
1,0.0325,0.0125,0.012500000186264515
1,0.10250001,0.0125,0.012500000186264515
1,0.29250002,0.0125,0.012500000186264515
1,0.125,0.0125,0.012500000186264515
1,0.015000001,0.0125,0.012500000186264515
1,0.060000002,0.0125,0.012500000186264515
1,0.0275,0.0125,0.012500000186264515
1,0.015000001,0.0125,0.012500000186264515
1,0.022499999,0.0125,0.012500000186264515
1,0.0325,0.0125,0.012500000186264515
1,0.0175,0.0125,0.012500000186264515
1,0.0175,0.0125,0.012500000186264515
1,0.0275,0.0125,0.012500000186264515
1,0.0275,0.0125,0.012500000186264515
1,0.03,0.0125,0.012500000186264515
1,0.015000001,0.0125,0.012500000186264515
1,0.0175,0.0125,0.012500000186264515
1,0.02,0.0125,0.012500000186264515
1,0.015000001,0.0125,0.012500000186264515
1,0.02,0.0125,0.012500000186264515
1,0.025,0.0125,0.012500000186264515
1,0.025,0.0125,0.012500000186264515
1,0.015000001,0.0125,0.012500000186264515
1,0.08,0.0125,0.012500000186264515
1,0.1875,0.0125,0.012500000186264515
1,0.5175,0.0125,0.012500000186264515
1,0.1775,0.0125,0.012500000186264515
1,0.02,0.0125,0.012500000186264515
1,0.0175,0.0125,0.012500000186264515
1,0.022499999,0.0125,0.012500000186264515
1,0.015000001,0.0125,0.012500000186264515
1,0.0175,0.0125,0.012500000186264515
1,0.03,0.0125,0.012500000186264515
1,0.015000001,0.0125,0.012500000186264515
1,0.0175,0.0125,0.012500000186264515
1,0.015000001,0.0125,0.012500000186264515
1,0.0175,0.0125,0.012500000186264515
1,0.0325,0.0125,0.012500000186264515
1,0.0125,0.0125,0.012500000186264515
1,0.015000001,0.0125,0.012500000186264515
1,0.0175,0.0125,0.012500000186264515
1,0.022499999,0.0125,0.012500000186264515
1,0.035,0.0125,0.012500000186264515
1,0.015000001,0.0125,0.012500000186264515
1,0.015000001,0.0125,0.012500000186264515
1,0.03,0.0125,0.012500000186264515
1,0.0275,0.0125,0.012500000186264515
1,0.015000001,0.0125,0.012500000186264515
1,0.02,0.0125,0.012500000186264515
1,0.082499996,0.0125,0.012500000186264515
1,0.0625,0.0125,0.012500000186264515
1,0.0175,0.0125,0.012500000186264515
1,0.0175,0.0125,0.012500000186264515
1,0.0175,0.0125,0.012500000186264515
1,0.03,0.0125,0.012500000186264515
1,0.02,0.0125,0.012500000186264515
1,0.0175,0.25025132,0.25024768710136414
1,0.0175,0.33002755,0.33003300428390503
1,0.0175,0.3266048,0.32660338282585144
1,0.022499999,0.32320222,0.323201060295105
1,0.022499999,0.31984702,0.3198447525501251
1,0.015000001,0.3165186,0.31652575731277466
1,0.02,0.31323373,0.3132331669330597
1,0.10250001,0.30998906,0.3099866509437561
1,0.46,0.30677298,0.30676597356796265
1,0.13499999,0.3035861,0.3035881519317627
1,0.122499995,0.30043805,0.30043867230415344
1,0.1675,0.2973219,0.29732921719551086
1,0.195,0.29425147,0.29424744844436646
1,0.1875,0.291206,0.2912066578865051
1,0.025,0.28819117,0.2881908416748047
1,0.0325,0.2852121,0.28521206974983215
1,0.0575,0.28226385,0.28226378560066223
1,0.0275,0.27934483,0.2793460786342621
1,0.025,0.27646253,0.27645888924598694
1,0.03,0.2736086,0.273608922958374
1,0.02,0.27078488,0.27078768610954285
1,0.0175,0.26799384,0.2679905295372009
1,0.03,0.265231,0.26523011922836304
1,0.0175,0.26249924,0.26249486207962036
1,0.025,0.2501514,0.2501419186592102
1,0.03,0.31928277,0.31928274035453796
1,0.03,0.31596714,0.3159641623497009
1,0.015000001,0.3126957,0.31269675493240356
1,0.015000001,0.3094226,0.3094322979450226
1,0.0325,0.30624393,0.3062409460544586
1,0.015000001,0.3030498,0.30306023359298706
1,0.044999998,0.2999239,0.2998983860015869
1,0.022499999,0.2968004,0.2967923879623413
1,0.015000001,0.2937269,0.2937552332878113
1,0.025,0.29072112,0.2906803488731384
1,0.025,0.28770423,0.28769537806510925
1,0.0175,0.2847124,0.28472229838371277
1,0.022499999,0.2817992,0.2817826271057129
1,0.015000001,0.27887768,0.2788620591163635
1,0.0125,0.27598232,0.27597111463546753
1,0.025,0.2731168,0.2731413245201111
1,0.042499997,0.27031368,0.2703092098236084
1,0.0275,0.26753297,0.2675321102142334
1,0.025,0.2647703,0.2647723853588104
1,0.0275,0.26204488,0.26204439997673035
1,0.0125,0.2593447,0.2593434751033783
1,0.0125,0.25667182,0.2566678524017334
1,0.015000001,0.2540387,0.25404831767082214
1,0.015000001,0.0125,0.012500000186264515
1,0.03,0.0125,0.012500000186264515
1,0.044999998,0.0125,0.012500000186264515
1,0.0325,0.0125,0.012500000186264515
1,0.0125,0.0125,0.012500000186264515
1,0.10750001,0.0125,0.012500000186264515
1,0.0175,0.0125,0.012500000186264515
1,0.0125,0.0125,0.012500000186264515
1,0.155,0.0125,0.012500000186264515
1,0.1525,0.0125,0.012500000186264515
1,0.14500001,0.0125,0.012500000186264515
1,0.1325,0.0125,0.012500000186264515
1,0.0125,0.0125,0.012500000186264515
1,0.0125,0.0125,0.012500000186264515
1,0.015000001,0.0125,0.012500000186264515
1,0.065,0.0125,0.012500000186264515
1,0.1,0.0125,0.012500000186264515
1,0.065,0.0125,0.012500000186264515
1,0.022499999,0.0125,0.012500000186264515
1,0.067499995,0.0125,0.012500000186264515
1,0.0575,0.0125,0.012500000186264515
1,0.0125,0.0125,0.012500000186264515
1,0.022499999,0.0125,0.012500000186264515
1,0.03,0.0125,0.012500000186264515
1,0.0125,0.0125,0.012500000186264515
1,0.02,0.0125,0.012500000186264515
1,0.044999998,0.0125,0.012500000186264515
1,0.022499999,0.0125,0.012500000186264515
1,0.0125,0.0125,0.012500000186264515
1,0.0125,0.0125,0.012500000186264515
1,0.14999999,0.0125,0.012500000186264515
1,0.0125,0.0125,0.012500000186264515
1,0.0125,0.0125,0.012500000186264515
1,0.11750001,0.0125,0.012500000186264515
1,0.122499995,0.0125,0.012500000186264515
1,0.155,0.0125,0.012500000186264515
1,0.074999996,0.0125,0.012500000186264515
1,0.24750002,0.0125,0.012500000186264515
1,0.1925,0.0125,0.012500000186264515
1,0.0175,0.0125,0.012500000186264515
1,0.025,0.0125,0.012500000186264515
1,0.08,0.0125,0.012500000186264515
1,0.025,0.0125,0.012500000186264515
1,0.04,0.0125,0.012500000186264515
1,0.015000001,0.0125,0.012500000186264515
1,0.015000001,0.0125,0.012500000186264515
1,0.022499999,0.0125,0.012500000186264515
1,0.0175,0.0125,0.012500000186264515
1,0.0175,0.0125,0.012500000186264515
1,0.0175,0.0125,0.012500000186264515
1,0.0325,0.0125,0.012500000186264515
1,0.015000001,0.0125,0.012500000186264515
1,0.03,0.0125,0.012500000186264515
1,0.02375,0.0125,0.012500000186264515
1,0.0175,0.0125,0.012500000186264515
1,0.14,0.0125,0.012500000186264515
1,0.29500002,0.0125,0.012500000186264515
1,0.25000003,0.0125,0.012500000186264515
1,0.48,0.0125,0.012500000186264515
1,0.17999999,0.0125,0.012500000186264515
1,0.155,0.0125,0.012500000186264515
1,0.16499999,0.0125,0.012500000186264515
1,0.067499995,0.0125,0.012500000186264515
1,0.0625,0.0125,0.012500000186264515
1,0.074999996,0.0125,0.012500000186264515
1,0.082499996,0.0125,0.012500000186264515
1,0.0725,0.0125,0.012500000186264515
1,0.0625,0.0125,0.012500000186264515
1,0.0625,0.0125,0.012500000186264515
1,0.0575,0.0125,0.012500000186264515
1,0.015000001,0.0125,0.012500000186264515
1,0.0275,0.0125,0.012500000186264515
1,0.0125,0.0125,0.012500000186264515
1,0.0125,0.0125,0.012500000186264515
1,0.02,0.0125,0.012500000186264515
1,0.015000001,0.0125,0.012500000186264515
1,0.0125,0.0125,0.012500000186264515
1,0.015000001,0.0125,0.012500000186264515
1,0.035,0.0125,0.012500000186264515
1,0.122499995,0.0125,0.012500000186264515
1,0.23,0.0125,0.012500000186264515
1,0.089999996,0.0125,0.012500000186264515
1,0.07,0.0125,0.012500000186264515
1,0.089999996,0.0125,0.012500000186264515
1,0.0725,0.0125,0.012500000186264515
1,0.082499996,0.0125,0.012500000186264515
1,0.067499995,0.0125,0.012500000186264515
1,0.32500002,0.0125,0.012500000186264515
1,0.225,0.0125,0.012500000186264515
1,0.044999998,0.0125,0.012500000186264515
1,0.0325,0.0125,0.012500000186264515
1,0.022499999,0.0125,0.012500000186264515
1,0.0275,0.0125,0.012500000186264515
1,0.015000001,0.0125,0.012500000186264515
1,0.03,0.0125,0.012500000186264515
1,0.02,0.0125,0.012500000186264515
1,0.022499999,0.0125,0.012500000186264515
1,0.0125,0.0125,0.012500000186264515
1,0.022499999,0.0125,0.012500000186264515
1,0.022499999,0.0125,0.012500000186264515
1,0.025,0.0125,0.012500000186264515
1,0.0125,0.0125,0.012500000186264515
1,0.02,0.0125,0.012500000186264515
1,0.0475,0.0125,0.012500000186264515
1,0.02,0.0125,0.012500000186264515
1,0.022499999,0.0125,0.012500000186264515
1,0.0325,0.0125,0.012500000186264515
1,0.04,0.0125,0.012500000186264515
1,0.02,0.0125,0.012500000186264515
1,0.022499999,0.0125,0.012500000186264515
1,0.0325,0.0125,0.012500000186264515
1,0.02,0.0125,0.012500000186264515
1,0.0325,0.0125,0.012500000186264515
1,0.0125,0.0125,0.012500000186264515
1,0.1275,0.0125,0.012500000186264515
1,0.0125,0.0125,0.012500000186264515
1,0.0325,0.0125,0.012500000186264515
1,0.025,0.0125,0.012500000186264515
1,0.0275,0.0125,0.012500000186264515
1,0.015000001,0.0125,0.012500000186264515
1,0.015000001,0.25021362,0.2502102553844452
1,0.022499999,0.32998604,0.32997968792915344
1,0.0275,0.32655406,0.3265501856803894
1,0.015000001,0.32315445,0.3231607675552368
1,0.015000001,0.3198038,0.3198015093803406
1,0.0325,0.31647253,0.3164762854576111
1,0.03,0.31318566,0.31318625807762146
1,0.0275,0.30993342,0.3099357485771179
1,0.1875,0.30671895,0.3067255914211273
1,0.21000001,0.30354592,0.3035446107387543
1,0.20750001,0.300391,0.3004002273082733
1,0.074999996,0.29728374,0.297283411026001
1,0.49499997,0.2942035,0.2942037284374237
1,0.38250002,0.2911661,0.2911599278450012
1,0.0575,0.2881504,0.288146048784256
1,0.3475,0.28517106,0.2851698696613312
1,0.3475,0.28222385,0.28222015500068665
1,0.73249996,0.27930295,0.2793041467666626
1,0.067499995,0.27642003,0.27642226219177246
1,0.0575,0.27356598,0.27356043457984924
1,0.0575,0.2707388,0.2707465589046478
1,0.0775,0.2679492,0.2679513990879059
1,0.074999996,0.2651965,0.26518964767456055
1,0.060000002,0.26245707,0.2624604403972626
1,0.015000001,0.25013202,0.2501183748245239
1,0.015000001,0.3192234,0.31925317645072937
1,0.015000001,0.31594148,0.31594616174697876
1,0.035,0.3126358,0.31265005469322205
1,0.015000001,0.3094131,0.3093947470188141
1,0.04,0.30620012,0.3062000572681427
1,0.365,0.3030454,0.3029989004135132
1,0.052500002,0.29986897,0.2998768091201782
1,0.0925,0.29676962,0.29675808548927307
1,0.115,0.29370183,0.2936782240867615
1,0.089999996,0.29066035,0.2906668484210968
1,0.0775,0.28766373,0.28765830397605896
1,0.0625,0.28467754,0.2846711277961731
1,0.0725,0.2817142,0.28174182772636414
1,0.0575,0.27880695,0.27882879972457886
1,0.065,0.2759455,0.2759416699409485
1,0.089999996,0.2730796,0.2730883061885834
1,0.0625,0.27028853,0.2702710032463074
1,0.0625,0.267495,0.26749950647354126
1,0.07,0.26472986,0.26473942399024963
1,0.0625,0.26199383,0.2620082497596741
1,0.067499995,0.25929302,0.2593131363391876
1,0.0625,0.2566516,0.2566385865211487
1,0.08,0.25397223,0.2539924681186676
1,0.082499996,0.0125,0.012500000186264515
1,0.0275,0.0125,0.012500000186264515
1,0.0175,0.0125,0.012500000186264515
1,0.037499998,0.0125,0.012500000186264515
1,0.022499999,0.0125,0.012500000186264515
1,0.1,0.0125,0.012500000186264515
1,0.0175,0.0125,0.012500000186264515
1,0.065,0.0125,0.012500000186264515
1,0.042499997,0.0125,0.012500000186264515
1,0.04,0.0125,0.012500000186264515
1,0.03,0.0125,0.012500000186264515
1,0.185,0.0125,0.012500000186264515
1,0.02,0.0125,0.012500000186264515
1,0.025,0.0125,0.012500000186264515
1,0.2325,0.0125,0.012500000186264515
1,0.23750001,0.0125,0.012500000186264515
1,0.49499997,0.0125,0.012500000186264515
1,0.0625,0.0125,0.012500000186264515
1,0.0625,0.0125,0.012500000186264515
1,0.0725,0.0125,0.012500000186264515
1,0.07,0.0125,0.012500000186264515
1,0.0625,0.0125,0.012500000186264515
1,0.0775,0.0125,0.012500000186264515
1,0.07,0.0125,0.012500000186264515
1,0.07,0.0125,0.012500000186264515
1,0.065,0.0125,0.012500000186264515
1,0.0625,0.0125,0.012500000186264515
1,0.0625,0.0125,0.012500000186264515
1,0.060000002,0.0125,0.012500000186264515
1,0.08,0.0125,0.012500000186264515
1,0.10750001,0.0125,0.012500000186264515
1,0.1425,0.0125,0.012500000186264515
1,0.11750001,0.0125,0.012500000186264515
1,0.1125,0.0125,0.012500000186264515
1,0.08,0.0125,0.012500000186264515
1,0.082499996,0.0125,0.012500000186264515
1,0.022499999,0.0125,0.012500000186264515
1,0.025,0.0125,0.012500000186264515
1,0.037499998,0.0125,0.012500000186264515
1,0.0725,0.0125,0.012500000186264515
1,0.035,0.0125,0.012500000186264515
1,0.02,0.0125,0.012500000186264515
1,0.0325,0.0125,0.012500000186264515
1,0.0175,0.0125,0.012500000186264515
1,0.0175,0.0125,0.012500000186264515
1,0.015000001,0.0125,0.012500000186264515
1,0.0175,0.0125,0.012500000186264515
1,0.025,0.0125,0.012500000186264515
1,0.0175,0.0125,0.012500000186264515
1,0.0275,0.0125,0.012500000186264515
1,0.0275,0.0125,0.012500000186264515
1,0.03,0.0125,0.012500000186264515
1,0.015000001,0.0125,0.012500000186264515
1,0.07,0.0125,0.012500000186264515
1,0.0775,0.0125,0.012500000186264515
1,0.0024999997,0.0125,0.012500000186264515
1,0.0775,0.0125,0.012500000186264515
1,0.0575,0.0125,0.012500000186264515
1,0.0175,0.0125,0.012500000186264515
1,0.015000001,0.0125,0.012500000186264515
1,0.025,0.0125,0.012500000186264515
1,0.03,0.0125,0.012500000186264515
1,0.035,0.0125,0.012500000186264515
1,0.122499995,0.0125,0.012500000186264515
1,0.21500002,0.0125,0.012500000186264515
1,0.23750001,0.0125,0.012500000186264515
1,0.16000001,0.0125,0.012500000186264515
1,0.345,0.0125,0.012500000186264515
1,0.03,0.0125,0.012500000186264515
1,0.0275,0.0125,0.012500000186264515
1,0.03,0.0125,0.012500000186264515
1,0.015000001,0.0125,0.012500000186264515
1,0.0175,0.0125,0.012500000186264515
1,0.0275,0.0125,0.012500000186264515
1,0.0475,0.0125,0.012500000186264515
1,0.02,0.0125,0.012500000186264515
1,0.1375,0.0125,0.012500000186264515
1,0.042499997,0.0125,0.012500000186264515
1,0.015000001,0.0125,0.012500000186264515
1,0.0175,0.0125,0.012500000186264515
1,0.035,0.0125,0.012500000186264515
1,0.0325,0.0125,0.012500000186264515
1,0.035,0.0125,0.012500000186264515
1,0.0175,0.0125,0.012500000186264515
1,0.03,0.0125,0.012500000186264515
1,0.067499995,0.0125,0.012500000186264515
1,0.0175,0.0125,0.012500000186264515
1,0.0275,0.0125,0.012500000186264515
1,0.0175,0.0125,0.012500000186264515
1,0.11750001,0.0125,0.012500000186264515
1,0.0325,0.0125,0.012500000186264515
1,0.025,0.0125,0.012500000186264515
1,0.275,0.0125,0.012500000186264515
1,0.02,0.0125,0.012500000186264515
1,0.022499999,0.0125,0.012500000186264515
1,0.022499999,0.0125,0.012500000186264515
1,0.022499999,0.0125,0.012500000186264515
1,0.0175,0.0125,0.012500000186264515
1,0.0175,0.0125,0.012500000186264515
1,0.0325,0.0125,0.012500000186264515
1,0.015000001,0.0125,0.012500000186264515
1,0.037499998,0.0125,0.012500000186264515
1,0.0175,0.0125,0.012500000186264515
1,0.0175,0.0125,0.012500000186264515
1,0.037499998,0.0125,0.012500000186264515
1,0.0325,0.0125,0.012500000186264515
1,0.0175,0.0125,0.012500000186264515
1,0.037499998,0.0125,0.012500000186264515
1,0.0625,0.0125,0.012500000186264515
1,0.0625,0.0125,0.012500000186264515
1,0.0725,0.0125,0.012500000186264515
1,0.07,0.0125,0.012500000186264515
1,0.067499995,0.0125,0.012500000186264515
1,0.060000002,0.0125,0.012500000186264515
1,0.089999996,0.0125,0.012500000186264515
1,0.074999996,0.0125,0.012500000186264515
1,0.0775,0.0125,0.012500000186264515
1,0.074999996,0.0125,0.012500000186264515
1,0.0775,0.0125,0.012500000186264515
1,0.060000002,0.0125,0.012500000186264515
1,0.060000002,0.2501759,0.2501741647720337
1,0.060000002,0.32993147,0.3299318850040436
1,0.060000002,0.32649556,0.32649967074394226
1,0.074999996,0.32311052,0.3231094777584076
1,0.060000002,0.31975022,0.31975358724594116
1,0.02,0.31642136,0.3164258599281311
1,0.022499999,0.31313914,0.3131360113620758
1,0.2,0.30989006,0.30989164113998413
1,0.015000001,0.3066744,0.3066777288913727
1,0.0175,0.3034848,0.30349746346473694
1,0.0175,0.300352,0.30034977197647095
1,0.015000001,0.29723787,0.2972387671470642
1,0.042499997,0.29415822,0.29415684938430786
1,0.025,0.2911113,0.29111263155937195
1,0.0175,0.28810337,0.2881021499633789
1,0.02,0.28512105,0.28512105345726013
1,0.26500002,0.28218102,0.28217369318008423
1,0.0475,0.2792589,0.27926209568977356
1,0.1525,0.27637452,0.2763766050338745
1,0.13499999,0.27352566,0.2735219895839691
1,0.03,0.27070472,0.27070438861846924
1,0.0175,0.267907,0.26791083812713623
1,0.03,0.26514766,0.2651498019695282
1,0.03,0.2624188,0.26241740584373474
1,0.03,0.25008035,0.25007808208465576
1,0.0175,0.3191854,0.31918689608573914
1,0.0175,0.31585684,0.31587332487106323
1,0.0175,0.31258443,0.31260251998901367
1,0.0175,0.30936578,0.3093605637550354
1,0.025,0.30614054,0.3061300814151764
1,0.02,0.30296066,0.30296140909194946
1,0.0275,0.29982507,0.2998296022415161
1,0.015000001,0.29674566,0.2967383563518524
1,0.0475,0.2936545,0.2936396598815918
1,0.05,0.2906173,0.29060548543930054
1,0.037499998,0.28760973,0.2876046299934387
1,0.0175,0.28464457,0.28463247418403625
1,0.1125,0.28167528,0.2816872298717499
1,0.14999999,0.27877876,0.27877405285835266
1,0.1525,0.2759064,0.27589407563209534
1,0.1675,0.2730613,0.27306047081947327
1,0.1525,0.2702307,0.2702421247959137
1,0.1575,0.2674605,0.2674579322338104
1,0.015000001,0.26470435,0.26469454169273376
1,0.0175,0.2619698,0.26197224855422974
1,0.02,0.25930387,0.2592703402042389
1,0.02,0.2565959,0.2566002309322357
1,0.015000001,0.25396156,0.253973126411438
1,0.015000001,0.0125,0.012500000186264515
1,0.0175,0.0125,0.012500000186264515
1,0.015000001,0.0125,0.012500000186264515
1,0.0325,0.0125,0.012500000186264515
1,0.015000001,0.0125,0.012500000186264515
1,0.037499998,0.0125,0.012500000186264515
1,0.0325,0.0125,0.012500000186264515
1,0.0725,0.0125,0.012500000186264515
1,0.082499996,0.0125,0.012500000186264515
1,0.0575,0.0125,0.012500000186264515
1,0.035,0.0125,0.012500000186264515
1,0.085,0.0125,0.012500000186264515
1,0.0575,0.0125,0.012500000186264515
1,0.0875,0.0125,0.012500000186264515
1,0.0275,0.0125,0.012500000186264515
1,0.02,0.0125,0.012500000186264515
1,0.015000001,0.0125,0.012500000186264515
1,0.0175,0.0125,0.012500000186264515
1,0.0175,0.0125,0.012500000186264515
1,0.042499997,0.0125,0.012500000186264515
1,0.0325,0.0125,0.012500000186264515
1,0.015000001,0.0125,0.012500000186264515
1,0.0175,0.0125,0.012500000186264515
1,0.015000001,0.0125,0.012500000186264515
1,0.0175,0.0125,0.012500000186264515
1,0.0275,0.0125,0.012500000186264515
1,0.0325,0.0125,0.012500000186264515
1,0.015000001,0.0125,0.012500000186264515
1,0.015000001,0.0125,0.012500000186264515
1,0.015000001,0.0125,0.012500000186264515
1,0.052500002,0.0125,0.012500000186264515
1,0.14500001,0.0125,0.012500000186264515
1,0.089999996,0.0125,0.012500000186264515
1,0.02,0.0125,0.012500000186264515
1,0.0575,0.0125,0.012500000186264515
1,0.1125,0.0125,0.012500000186264515
1,0.065,0.0125,0.012500000186264515
1,0.052500002,0.0125,0.012500000186264515
1,0.105000004,0.0125,0.012500000186264515
1,0.28000003,0.0125,0.012500000186264515
1,0.0475,0.0125,0.012500000186264515
1,0.065,0.0125,0.012500000186264515
1,0.035,0.0125,0.012500000186264515
1,0.037499998,0.0125,0.012500000186264515
1,0.0175,0.0125,0.012500000186264515
1,0.022499999,0.0125,0.012500000186264515
1,0.0575,0.0125,0.012500000186264515
1,0.03,0.0125,0.012500000186264515
1,0.0175,0.0125,0.012500000186264515
1,0.0175,0.0125,0.012500000186264515
1,0.0175,0.0125,0.012500000186264515
1,0.02,0.0125,0.012500000186264515
1,0.0625,0.0125,0.012500000186264515
1,0.03,0.0125,0.012500000186264515
1,0.060000002,0.0125,0.012500000186264515
1,0.0475,0.0125,0.012500000186264515
1,0.0925,0.0125,0.012500000186264515
1,0.0575,0.0125,0.012500000186264515
1,0.04,0.0125,0.012500000186264515
1,0.044999998,0.0125,0.012500000186264515
1,0.060000002,0.0125,0.012500000186264515
1,0.04,0.0125,0.012500000186264515
1,0.2725,0.0125,0.012500000186264515
1,0.1725,0.0125,0.012500000186264515
1,0.02,0.0125,0.012500000186264515
1,0.095,0.0125,0.012500000186264515
1,0.035,0.0125,0.012500000186264515
1,0.0175,0.0125,0.012500000186264515
1,0.0125,0.0125,0.012500000186264515
1,0.022499999,0.0125,0.012500000186264515
1,0.0175,0.0125,0.012500000186264515
1,0.02,0.0125,0.012500000186264515
1,0.0175,0.0125,0.012500000186264515
1,0.0125,0.0125,0.012500000186264515
1,0.0175,0.0125,0.012500000186264515
1,0.022499999,0.0125,0.012500000186264515
1,0.025,0.0125,0.012500000186264515
1,0.0275,0.0125,0.012500000186264515
1,0.025,0.0125,0.012500000186264515
1,0.0125,0.0125,0.012500000186264515
1,0.015000001,0.0125,0.012500000186264515
1,0.0175,0.0125,0.012500000186264515
1,0.022499999,0.0125,0.012500000186264515
1,0.05,0.0125,0.012500000186264515
1,0.0275,0.0125,0.012500000186264515
1,0.0175,0.0125,0.012500000186264515
1,0.015000001,0.0125,0.012500000186264515
1,0.0125,0.0125,0.012500000186264515
1,0.03,0.0125,0.012500000186264515
1,0.065,0.0125,0.012500000186264515
1,0.0775,0.0125,0.012500000186264515
1,0.0275,0.0125,0.012500000186264515
1,0.0125,0.0125,0.012500000186264515
1,0.0275,0.0125,0.012500000186264515
1,0.0125,0.0125,0.012500000186264515
1,0.03,0.0125,0.012500000186264515
1,0.022499999,0.0125,0.012500000186264515
1,0.0275,0.0125,0.012500000186264515
1,0.0125,0.0125,0.012500000186264515
1,0.022499999,0.0125,0.012500000186264515
1,0.0125,0.0125,0.012500000186264515
1,0.02,0.0125,0.012500000186264515
1,0.022499999,0.0125,0.012500000186264515
1,0.0125,0.0125,0.012500000186264515
1,0.2325,0.0125,0.012500000186264515
1,0.1825,0.0125,0.012500000186264515
1,0.1975,0.0125,0.012500000186264515
1,0.23750001,0.0125,0.012500000186264515
1,0.225,0.0125,0.012500000186264515
1,0.0625,0.0125,0.012500000186264515
1,0.082499996,0.0125,0.012500000186264515
1,0.0725,0.0125,0.012500000186264515
1,0.0575,0.0125,0.012500000186264515
1,0.074999996,0.0125,0.012500000186264515
1,0.0725,0.0125,0.012500000186264515
1,0.067499995,0.0125,0.012500000186264515
1,0.0575,0.0125,0.012500000186264515
1,0.0625,0.0125,0.012500000186264515
1,0.0125,0.0125,0.012500000186264515
1,0.015000001,0.0125,0.012500000186264515
1,0.025,0.25013673,0.25013452768325806
1,0.0125,0.32988384,0.3298811912536621
1,0.022499999,0.32645673,0.3264531195163727
1,0.02,0.32306188,0.3230590224266052
1,0.21000001,0.31969956,0.319698303937912
1,0.34,0.3163755,0.31638193130493164
1,0.30750003,0.3130919,0.31309154629707336
1,0.31,0.30983332,0.30984705686569214
1,0.3425,0.30663237,0.30662667751312256
1,0.3125,0.3034543,0.30345025658607483
1,0.25000003,0.30031148,0.30030667781829834
1,0.0925,0.29718852,0.2971895635128021
1,0.08,0.29411772,0.29411888122558594
1,0.074999996,0.29107344,0.2910732626914978
1,0.0875,0.28806064,0.2880595028400421
1,0.195,0.2850803,0.2850763201713562
1,0.3125,0.2821361,0.2821299135684967
1,0.24500002,0.27922252,0.27921465039253235
1,0.055,0.27633676,0.2763373851776123
1,0.0875,0.27347896,0.27348077297210693
1,0.0575,0.27066103,0.270658403635025
1,0.0625,0.2678688,0.26786699891090393
1,0.0575,0.2651077,0.2651086747646332
1,0.0975,0.26237783,0.2623797357082367
1,0.025,0.2500097,0.25002533197402954
1,0.0125,0.319148,0.31914323568344116
1,0.025,0.31581938,0.3158371150493622
1,0.0175,0.31254494,0.31255021691322327
1,0.022499999,0.3093124,0.3093288540840149
1,0.074999996,0.30609256,0.3061105012893677
1,0.12,0.30292663,0.3029310703277588
1,0.2025,0.29980296,0.2998027205467224
1,0.1875,0.29668304,0.29668286442756653
1,0.2025,0.29359952,0.29360175132751465
1,0.0925,0.2905996,0.2905702590942383
1,0.11,0.28754756,0.28755825757980347
1,0.08,0.28461048,0.2845887541770935
1,0.1375,0.28165776,0.28163084387779236
1,0.38500002,0.27872616,0.2787363529205322
1,0.0625,0.27587503,0.27587419748306274
1,0.052500002,0.27301654,0.2729980945587158
1,0.052500002,0.27019432,0.27019649744033813
1,0.037499998,0.26741222,0.26741182804107666
1,0.060000002,0.26466766,0.26466456055641174
1,0.055,0.26192778,0.26192519068717957
1,0.055,0.2592373,0.25923487544059753
1,0.0625,0.25655106,0.25656989216804504
1,0.0475,0.2539352,0.2539334297180176
1,0.044999998,0.0125,0.012500000186264515
1,0.055,0.0125,0.012500000186264515
1,0.055,0.0125,0.012500000186264515
1,0.05,0.0125,0.012500000186264515
1,0.1875,0.0125,0.012500000186264515
1,0.074999996,0.0125,0.012500000186264515
1,0.060000002,0.0125,0.012500000186264515
1,0.060000002,0.0125,0.012500000186264515
1,0.0925,0.0125,0.012500000186264515
1,0.065,0.0125,0.012500000186264515
1,0.26,0.0125,0.012500000186264515
1,0.0875,0.0125,0.012500000186264515
1,0.0775,0.0125,0.012500000186264515
1,0.052500002,0.0125,0.012500000186264515
1,0.037499998,0.0125,0.012500000186264515
1,0.065,0.0125,0.012500000186264515
1,0.055,0.0125,0.012500000186264515
1,0.067499995,0.0125,0.012500000186264515
1,0.035,0.0125,0.012500000186264515
1,0.037499998,0.0125,0.012500000186264515
1,0.07,0.0125,0.012500000186264515
1,0.042499997,0.0125,0.012500000186264515
1,0.0475,0.0125,0.012500000186264515
1,0.060000002,0.0125,0.012500000186264515
1,0.0475,0.0125,0.012500000186264515
1,0.065,0.0125,0.012500000186264515
1,0.052500002,0.0125,0.012500000186264515
1,0.0475,0.0125,0.012500000186264515
1,0.1775,0.0125,0.012500000186264515
1,0.05,0.0125,0.012500000186264515
1,0.065,0.0125,0.012500000186264515
1,0.1,0.0125,0.012500000186264515
1,0.085,0.0125,0.012500000186264515
1,0.3,0.0125,0.012500000186264515
1,0.2525,0.0125,0.012500000186264515
1,0.105000004,0.0125,0.012500000186264515
1,0.08,0.0125,0.012500000186264515
1,0.042499997,0.0125,0.012500000186264515
1,0.115,0.0125,0.012500000186264515
1,0.185,0.0125,0.012500000186264515
1,0.0175,0.0125,0.012500000186264515
1,0.03,0.0125,0.012500000186264515
1,0.0125,0.0125,0.012500000186264515
1,0.037499998,0.0125,0.012500000186264515
1,0.095,0.0125,0.012500000186264515
1,0.022499999,0.0125,0.012500000186264515
1,0.025,0.0125,0.012500000186264515
1,0.0175,0.0125,0.012500000186264515
1,0.0175,0.0125,0.012500000186264515
1,0.015000001,0.0125,0.012500000186264515
1,0.015000001,0.0125,0.012500000186264515
1,0.025,0.0125,0.012500000186264515
1,0.02,0.0125,0.012500000186264515
1,0.0125,0.0125,0.012500000186264515
1,0.0325,0.0125,0.012500000186264515
1,0.1275,0.0125,0.012500000186264515
1,0.1275,0.0125,0.012500000186264515
1,0.1425,0.0125,0.012500000186264515
1,0.20750001,0.0125,0.012500000186264515
1,0.085,0.0125,0.012500000186264515
1,0.0275,0.0125,0.012500000186264515
1,0.0275,0.0125,0.012500000186264515
1,0.2275,0.0125,0.012500000186264515
1,0.17999999,0.0125,0.012500000186264515
1,0.0275,0.0125,0.012500000186264515
1,0.015000001,0.0125,0.012500000186264515
1,0.015000001,0.0125,0.012500000186264515
1,0.0175,0.0125,0.012500000186264515
1,0.022499999,0.0125,0.012500000186264515
1,0.0275,0.0125,0.012500000186264515
1,0.0275,0.0125,0.012500000186264515
1,0.025,0.0125,0.012500000186264515
1,0.015000001,0.0125,0.012500000186264515
1,0.015000001,0.0125,0.012500000186264515
1,0.015000001,0.0125,0.012500000186264515
1,0.025,0.0125,0.012500000186264515
1,0.085,0.0125,0.012500000186264515
1,0.0175,0.0125,0.012500000186264515
1,0.07,0.0125,0.012500000186264515
1,0.065,0.0125,0.012500000186264515
1,0.105000004,0.0125,0.012500000186264515
1,0.044999998,0.0125,0.012500000186264515
1,0.07,0.0125,0.012500000186264515
1,0.085,0.0125,0.012500000186264515
1,0.14500001,0.0125,0.012500000186264515
1,0.1275,0.0125,0.012500000186264515
1,0.1975,0.0125,0.012500000186264515
1,0.0125,0.0125,0.012500000186264515
1,0.022499999,0.0125,0.012500000186264515
1,0.02,0.0125,0.012500000186264515
1,0.022499999,0.0125,0.012500000186264515
1,0.0275,0.0125,0.012500000186264515
1,0.037499998,0.0125,0.012500000186264515
1,0.02,0.0125,0.012500000186264515
1,0.0125,0.0125,0.012500000186264515
1,0.03,0.0125,0.012500000186264515
1,0.02,0.0125,0.012500000186264515
1,0.025,0.0125,0.012500000186264515
1,0.0125,0.0125,0.012500000186264515
1,0.0125,0.0125,0.012500000186264515
1,0.0125,0.0125,0.012500000186264515
1,0.0275,0.0125,0.012500000186264515
1,0.02,0.0125,0.012500000186264515
1,0.025,0.0125,0.012500000186264515
1,0.0175,0.0125,0.012500000186264515
1,0.0125,0.0125,0.012500000186264515
1,0.16000001,0.0125,0.012500000186264515
1,0.0275,0.0125,0.012500000186264515
1,0.022499999,0.0125,0.012500000186264515
1,0.4225,0.0125,0.012500000186264515
1,0.335,0.0125,0.012500000186264515
1,0.185,0.0125,0.012500000186264515
1,0.23,0.0125,0.012500000186264515
1,0.22000001,0.0125,0.012500000186264515
1,0.060000002,0.0125,0.012500000186264515
1,0.1,0.0125,0.012500000186264515
1,0.065,0.0125,0.012500000186264515
1,0.08,0.0125,0.012500000186264515
1,0.060000002,0.0125,0.012500000186264515
1,0.0725,0.0125,0.012500000186264515
1,0.060000002,0.25009158,0.2501012086868286
1,0.065,0.32983238,0.3298303186893463
1,0.074999996,0.32640213,0.32640355825424194
1,0.0575,0.3230022,0.3230034410953522
1,0.052500002,0.3196472,0.31965452432632446
1,0.052500002,0.31632933,0.3163251578807831
1,0.095,0.31304896,0.3130469024181366
1,0.085,0.30979946,0.3097994923591614
1,0.05,0.30658266,0.3065831661224365
1,0.1425,0.30340204,0.30340147018432617
1,0.38500002,0.300257,0.30026018619537354
1,0.1525,0.29714882,0.2971455454826355
1,0.4775,0.29406446,0.2940673232078552
1,0.155,0.29102254,0.29102593660354614
1,0.037499998,0.28801736,0.2880169451236725
1,0.044999998,0.28504112,0.2850338816642761
1,0.060000002,0.2820939,0.28208833932876587
1,0.1675,0.2791735,0.2791747748851776
1,0.13,0.27629483,0.2762923836708069
1,0.042499997,0.27343765,0.2734377980232239
1,0.0275,0.2706223,0.2706233263015747
1,0.03,0.2678346,0.26783138513565063
1,0.037499998,0.26507154,0.2650681138038635
1,0.052500002,0.26233673,0.26233622431755066
1,0.0325,0.25001752,0.24999862909317017
1,0.037499998,0.31909108,0.319082111120224
1,0.0325,0.31576705,0.3157661557197571
1,0.03,0.31250802,0.31249791383743286
1,0.060000002,0.30926886,0.3092668950557709
1,0.10250001,0.30608103,0.3060556948184967
1,0.29250002,0.30286735,0.3028673529624939
1,0.23500001,0.29974982,0.29973235726356506
1,0.23750001,0.29663867,0.2966344356536865
1,0.24500002,0.2935743,0.2935647666454315
1,0.24500002,0.29052994,0.2905065417289734
1,0.0475,0.28751674,0.28750863671302795
1,0.0275,0.2845448,0.2845379412174225
1,0.185,0.28160125,0.28159427642822266
1,0.48499998,0.27869743,0.27870166301727295
1,0.4525,0.27581978,0.2758283019065857
1,0.3175,0.27297422,0.2729557454586029
1,0.0275,0.27015004,0.2701551616191864
1,0.0275,0.26735887,0.2673738896846771
1,0.042499997,0.2646182,0.2646070718765259
1,0.037499998,0.26188132,0.2618902325630188
1,0.0475,0.2592189,0.25920864939689636
1,0.0325,0.25652215,0.25651833415031433
1,0.037499998,0.25389767,0.25387099385261536
1,0.042499997,0.0125,0.012500000186264515
1,0.03,0.0125,0.012500000186264515
1,0.042499997,0.0125,0.012500000186264515
1,0.03,0.0125,0.012500000186264515
1,0.0475,0.0125,0.012500000186264515
1,0.25000003,0.0125,0.012500000186264515
1,0.1325,0.0125,0.012500000186264515
1,0.10250001,0.0125,0.012500000186264515
1,0.2675,0.0125,0.012500000186264515
1,0.17,0.0125,0.012500000186264515
1,0.2725,0.0125,0.012500000186264515
1,0.037499998,0.0125,0.012500000186264515
1,0.055,0.0125,0.012500000186264515
1,0.0325,0.0125,0.012500000186264515
1,0.05,0.0125,0.012500000186264515
1,0.037499998,0.0125,0.012500000186264515
1,0.03,0.0125,0.012500000186264515
1,0.037499998,0.0125,0.012500000186264515
1,0.185,0.0125,0.012500000186264515
1,0.07,0.0125,0.012500000186264515
1,0.185,0.0125,0.012500000186264515
1,0.042499997,0.0125,0.012500000186264515
1,0.03,0.0125,0.012500000186264515
1,0.055,0.0125,0.012500000186264515
1,0.037499998,0.0125,0.012500000186264515
1,0.03,0.0125,0.012500000186264515
1,0.0475,0.0125,0.012500000186264515
1,0.0275,0.0125,0.012500000186264515
1,0.04,0.0125,0.012500000186264515
1,0.14999999,0.0125,0.012500000186264515
1,0.22250003,0.0125,0.012500000186264515
1,0.2825,0.0125,0.012500000186264515
1,0.1275,0.0125,0.012500000186264515
1,0.0925,0.0125,0.012500000186264515
1,0.037499998,0.0125,0.012500000186264515
1,0.0725,0.0125,0.012500000186264515
1,0.05,0.0125,0.012500000186264515
1,0.082499996,0.0125,0.012500000186264515
1,0.042499997,0.0125,0.012500000186264515
1,0.07,0.0125,0.012500000186264515
1,0.03,0.0125,0.012500000186264515
1,0.052500002,0.0125,0.012500000186264515
1,0.03,0.0125,0.012500000186264515
1,0.0475,0.0125,0.012500000186264515
1,0.04,0.0125,0.012500000186264515
1,0.0475,0.0125,0.012500000186264515
1,0.037499998,0.0125,0.012500000186264515
1,0.0475,0.0125,0.012500000186264515
1,0.0325,0.0125,0.012500000186264515
1,0.04,0.0125,0.012500000186264515
1,0.04,0.0125,0.012500000186264515
1,0.0275,0.0125,0.012500000186264515
1,0.04,0.0125,0.012500000186264515
1,0.04,0.0125,0.012500000186264515
1,0.11,0.0125,0.012500000186264515
1,0.225,0.0125,0.012500000186264515
1,0.21500002,0.0125,0.012500000186264515
1,0.05,0.0125,0.012500000186264515
1,0.11,0.0125,0.012500000186264515
1,0.0875,0.0125,0.012500000186264515
1,0.0775,0.0125,0.012500000186264515
1,0.05,0.0125,0.012500000186264515
1,0.02,0.0125,0.012500000186264515
1,0.1475,0.0125,0.012500000186264515
1,0.17999999,0.0125,0.012500000186264515
1,0.04,0.0125,0.012500000186264515
1,0.04,0.0125,0.012500000186264515
1,0.0725,0.0125,0.012500000186264515
1,0.0575,0.0125,0.012500000186264515
1,0.0725,0.0125,0.012500000186264515
1,0.042499997,0.0125,0.012500000186264515
1,0.037499998,0.0125,0.012500000186264515
1,0.0575,0.0125,0.012500000186264515
1,0.055,0.0125,0.012500000186264515
1,0.0575,0.0125,0.012500000186264515
1,0.060000002,0.0125,0.012500000186264515
1,0.067499995,0.0125,0.012500000186264515
1,0.0475,0.0125,0.012500000186264515
1,0.1275,0.0125,0.012500000186264515
1,0.085,0.0125,0.012500000186264515
1,0.115,0.0125,0.012500000186264515
1,0.095,0.0125,0.012500000186264515
1,0.0725,0.0125,0.012500000186264515
1,0.055,0.0125,0.012500000186264515
1,0.0325,0.0125,0.012500000186264515
1,0.13,0.0125,0.012500000186264515
1,0.11750001,0.0125,0.012500000186264515
1,0.044999998,0.0125,0.012500000186264515
1,0.044999998,0.0125,0.012500000186264515
1,0.037499998,0.0125,0.012500000186264515
1,0.0175,0.0125,0.012500000186264515
1,0.0125,0.0125,0.012500000186264515
1,0.0125,0.0125,0.012500000186264515
1,0.022499999,0.0125,0.012500000186264515
1,0.025,0.0125,0.012500000186264515
1,0.015000001,0.0125,0.012500000186264515
1,0.0175,0.0125,0.012500000186264515
1,0.1675,0.0125,0.012500000186264515
1,0.0125,0.0125,0.012500000186264515
1,0.02,0.0125,0.012500000186264515
1,0.0275,0.0125,0.012500000186264515
1,0.0125,0.0125,0.012500000186264515
1,0.022499999,0.0125,0.012500000186264515
1,0.0125,0.0125,0.012500000186264515
1,0.015000001,0.0125,0.012500000186264515
1,0.17999999,0.0125,0.012500000186264515
1,0.10250001,0.0125,0.012500000186264515
1,0.10750001,0.0125,0.012500000186264515
1,0.03,0.0125,0.012500000186264515
1,0.022499999,0.0125,0.012500000186264515
1,0.27750003,0.0125,0.012500000186264515
1,0.1475,0.0125,0.012500000186264515
1,0.13499999,0.0125,0.012500000186264515
1,0.1425,0.0125,0.012500000186264515
1,0.1725,0.0125,0.012500000186264515
1,0.14500001,0.0125,0.012500000186264515
1,0.022499999,0.0125,0.012500000186264515
1,0.04,0.0125,0.012500000186264515
1,0.115,0.0125,0.012500000186264515
1,0.04,0.0125,0.012500000186264515
1,0.0275,0.25005928,0.25005796551704407
1,0.025,0.32977867,0.329780638217926
1,0.042499997,0.32634488,0.326352596282959
1,0.035,0.32295713,0.32295891642570496
1,0.035,0.31960458,0.31960639357566833
1,0.03,0.31628296,0.3162832260131836
1,0.07,0.31299213,0.3129977285861969
1,0.0875,0.30975205,0.3097490668296814
1,0.055,0.30653888,0.30653443932533264
1,0.095,0.3033613,0.3033619523048401
1,0.115,0.3002101,0.3002091646194458
1,0.0275,0.29710037,0.29709818959236145
1,0.1375,0.29402247,0.29402416944503784
1,0.037499998,0.29098538,0.2909839153289795
1,0.23750001,0.2879675,0.2879728078842163
1,0.30750003,0.28500068,0.2849903404712677
1,0.1,0.28205088,0.2820519208908081
1,0.0275,0.27913907,0.27913397550582886
1,0.025,0.27625364,0.2762530446052551
1,0.037499998,0.2734018,0.27340012788772583
1,0.03,0.27057603,0.2705812454223633
1,0.025,0.2677839,0.2677879333496094
1,0.042499997,0.26502588,0.2650285065174103
1,0.0275,0.26229542,0.262297123670578
1,0.044999998,0.24997991,0.24997490644454956
1,0.04,0.31903574,0.3190544843673706
1,0.05,0.31571606,0.3157373368740082
1,0.022499999,0.31248257,0.31245434284210205
1,0.0475,0.30921474,0.30920806527137756
1,0.26250002,0.3059863,0.3060198128223419
1,0.1375,0.30282646,0.3028351962566376
1,0.29250002,0.2996878,0.29968756437301636
1,0.085,0.2966152,0.2965777516365051
1,0.225,0.2935243,0.2935304343700409
1,0.1775,0.2904853,0.29046377539634705
1,0.16499999,0.28747377,0.28748416900634766
1,0.17999999,0.2844574,0.2845001518726349
1,0.16499999,0.2815852,0.28155696392059326
1,0.155,0.27864987,0.27864423394203186
1,0.2425,0.27577597,0.2757852375507355
1,0.1575,0.2729362,0.2729227542877197
1,0.16499999,0.27010682,0.2701145112514496
1,0.13,0.26732954,0.2673088014125824
1,0.14999999,0.2645838,0.26457706093788147
1,0.122499995,0.2618328,0.2618367075920105
1,0.1375,0.2591496,0.2591373026371002
1,0.1375,0.2564869,0.2564873993396759
1,0.1375,0.25386357,0.25384756922721863
1,0.115,0.0125,0.012500000186264515
1,0.125,0.0125,0.012500000186264515
1,0.10750001,0.0125,0.012500000186264515
1,0.14,0.0125,0.012500000186264515
1,0.22250003,0.0125,0.012500000186264515
1,0.3025,0.0125,0.012500000186264515
1,0.16000001,0.0125,0.012500000186264515
1,0.14500001,0.0125,0.012500000186264515
1,0.16000001,0.0125,0.012500000186264515
1,0.2525,0.0125,0.012500000186264515
1,0.1925,0.0125,0.012500000186264515
1,0.2425,0.0125,0.012500000186264515
1,0.1475,0.0125,0.012500000186264515
1,0.1425,0.0125,0.012500000186264515
1,0.1525,0.0125,0.012500000186264515
1,0.1425,0.0125,0.012500000186264515
1,0.14,0.0125,0.012500000186264515
1,0.305,0.0125,0.012500000186264515
1,0.12,0.0125,0.012500000186264515
1,0.12,0.0125,0.012500000186264515
1,0.19,0.0125,0.012500000186264515
1,0.1625,0.0125,0.012500000186264515
1,0.1775,0.0125,0.012500000186264515
1,0.03,0.0125,0.012500000186264515
1,0.0175,0.0125,0.012500000186264515
1,0.02,0.0125,0.012500000186264515
1,0.0125,0.0125,0.012500000186264515
1,0.0125,0.0125,0.012500000186264515
1,0.0125,0.0125,0.012500000186264515
1,0.20750001,0.0125,0.012500000186264515
1,0.02,0.0125,0.012500000186264515
1,0.044999998,0.0125,0.012500000186264515
1,0.0575,0.0125,0.012500000186264515
1,0.32000002,0.0125,0.012500000186264515
1,0.0275,0.0125,0.012500000186264515
1,0.0275,0.0125,0.012500000186264515
1,0.02,0.0125,0.012500000186264515
1,0.0125,0.0125,0.012500000186264515
1,0.015000001,0.0125,0.012500000186264515
1,0.02,0.0125,0.012500000186264515
1,0.022499999,0.0125,0.012500000186264515
1,0.0275,0.0125,0.012500000186264515
1,0.07,0.0125,0.012500000186264515
1,0.035,0.0125,0.012500000186264515
1,0.0175,0.0125,0.012500000186264515
1,0.02,0.0125,0.012500000186264515
1,0.03,0.0125,0.012500000186264515
1,0.0125,0.0125,0.012500000186264515
1,0.0325,0.0125,0.012500000186264515
1,0.0125,0.0125,0.012500000186264515
1,0.035,0.0125,0.012500000186264515
1,0.022499999,0.0125,0.012500000186264515
1,0.30750003,0.0125,0.012500000186264515
1,0.55249995,0.0125,0.012500000186264515
1,0.022499999,0.0125,0.012500000186264515
1,0.0125,0.0125,0.012500000186264515
1,0.185,0.0125,0.012500000186264515
1,0.035,0.0125,0.012500000186264515
1,0.035,0.0125,0.012500000186264515
1,0.1775,0.0125,0.012500000186264515
1,0.0975,0.0125,0.012500000186264515
1,0.015000001,0.0125,0.012500000186264515
1,0.24500002,0.0125,0.012500000186264515
1,0.015000001,0.0125,0.012500000186264515
1,0.035,0.0125,0.012500000186264515
1,0.0275,0.0125,0.012500000186264515
1,0.03,0.0125,0.012500000186264515
1,0.0175,0.0125,0.012500000186264515
1,0.0275,0.0125,0.012500000186264515
1,0.015000001,0.0125,0.012500000186264515
1,0.035,0.0125,0.012500000186264515
1,0.0125,0.0125,0.012500000186264515
1,0.035,0.0125,0.012500000186264515
1,0.022499999,0.0125,0.012500000186264515
1,0.0275,0.0125,0.012500000186264515
1,0.015000001,0.0125,0.012500000186264515
1,0.03,0.0125,0.012500000186264515
1,0.0125,0.0125,0.012500000186264515
1,0.0175,0.0125,0.012500000186264515
1,0.025,0.0125,0.012500000186264515
1,0.060000002,0.0125,0.012500000186264515
1,0.067499995,0.0125,0.012500000186264515
1,0.22250003,0.0125,0.012500000186264515
1,0.089999996,0.0125,0.012500000186264515
1,0.45,0.0125,0.012500000186264515
1,0.40249997,0.0125,0.012500000186264515
1,0.49749997,0.0125,0.012500000186264515
1,0.42999998,0.0125,0.012500000186264515
1,0.305,0.0125,0.012500000186264515
1,0.2125,0.0125,0.012500000186264515
1,0.27750003,0.0125,0.012500000186264515
1,0.037499998,0.0125,0.012500000186264515
1,0.015000001,0.0125,0.012500000186264515
1,0.037499998,0.0125,0.012500000186264515
1,0.02,0.0125,0.012500000186264515
1,0.0175,0.0125,0.012500000186264515
1,0.015000001,0.0125,0.012500000186264515
1,0.015000001,0.0125,0.012500000186264515
1,0.015000001,0.0125,0.012500000186264515
1,0.0275,0.0125,0.012500000186264515
1,0.02,0.0125,0.012500000186264515
1,0.0175,0.0125,0.012500000186264515
1,0.035,0.0125,0.012500000186264515
1,0.015000001,0.0125,0.012500000186264515
1,0.035,0.0125,0.012500000186264515
1,0.19,0.0125,0.012500000186264515
1,0.125,0.0125,0.012500000186264515
1,0.1375,0.0125,0.012500000186264515
1,0.43749997,0.0125,0.012500000186264515
1,0.43499997,0.0125,0.012500000186264515
1,0.2875,0.0125,0.012500000186264515
1,0.3925,0.0125,0.012500000186264515
1,0.27,0.0125,0.012500000186264515
1,0.14999999,0.0125,0.012500000186264515
1,0.2725,0.0125,0.012500000186264515
1,0.035,0.0125,0.012500000186264515
1,0.044999998,0.0125,0.012500000186264515
1,0.044999998,0.0125,0.012500000186264515
1,0.03,0.0125,0.012500000186264515
1,0.052500002,0.0125,0.012500000186264515
1,0.03,0.25002167,0.2500246465206146
1,0.035,0.3297302,0.32972967624664307
1,0.05,0.32630277,0.3263016939163208
1,0.037499998,0.32291284,0.32290908694267273
1,0.19,0.3195562,0.3195492625236511
1,0.32500002,0.31623572,0.31623536348342896
1,0.0275,0.31294897,0.3129520118236542
1,0.0325,0.30970514,0.3097003698348999
1,0.32750002,0.3064911,0.30648350715637207
1,0.3125,0.30330893,0.3033101558685303
1,0.175,0.30016494,0.30016544461250305
1,0.2025,0.29705298,0.29705584049224854
1,0.05,0.29397517,0.2939792275428772
1,0.044999998,0.29093963,0.2909342348575592
1,0.035,0.28792164,0.28792694211006165
1,0.05,0.28494728,0.2849510908126831
1,0.022499999,0.28200096,0.2820037007331848
1,0.0325,0.2790926,0.27908948063850403
1,0.12,0.27620837,0.2762053608894348
1,0.035,0.27336213,0.2733598053455353
1,0.03,0.27054092,0.27053484320640564
1,0.0325,0.26774594,0.26774734258651733
1,0.04,0.26499137,0.2649855613708496
1,0.035,0.26226074,0.26226019859313965
1,0.042499997,0.24992563,0.2499379813671112
1,0.0325,0.31901276,0.3190174996852875
1,0.037499998,0.31567463,0.3156816363334656
1,0.042499997,0.312407,0.312406450510025
1,0.05,0.30915022,0.30918291211128235
1,0.03,0.30594778,0.3059545159339905
1,0.14500001,0.3027717,0.30278828740119934
1,0.14,0.2996501,0.2996511161327362
1,0.0875,0.2965402,0.29653558135032654
1,0.089999996,0.29347888,0.293487012386322
1,0.022499999,0.29043022,0.2904270589351654
1,0.025,0.2874362,0.28742948174476624
1,0.037499998,0.28444657,0.28446027636528015
1,0.0325,0.2815227,0.28153371810913086
1,0.105000004,0.27861512,0.27861034870147705
1,0.0275,0.27573287,0.27572914958000183
1,0.0275,0.27288282,0.2728899419307709
1,0.022499999,0.2700715,0.27006933093070984
1,0.035,0.2672795,0.26727792620658875
1,0.015000001,0.26453108,0.26453548669815063
1,0.035,0.2618091,0.26179566979408264
1,0.015000001,0.25911272,0.2591036856174469
1,0.0325,0.2564533,0.25645115971565247
1,0.03,0.25381106,0.25379714369773865
1,0.037499998,0.0125,0.012500000186264515
1,0.015000001,0.0125,0.012500000186264515
1,0.037499998,0.0125,0.012500000186264515
1,0.015000001,0.0125,0.012500000186264515
1,0.035,0.0125,0.012500000186264515
1,0.0275,0.0125,0.012500000186264515
1,0.04,0.0125,0.012500000186264515
1,0.065,0.0125,0.012500000186264515
1,0.0275,0.0125,0.012500000186264515
1,0.035,0.0125,0.012500000186264515
1,0.0175,0.0125,0.012500000186264515
1,0.037499998,0.0125,0.012500000186264515
1,0.175,0.0125,0.012500000186264515
1,0.175,0.0125,0.012500000186264515
1,0.1675,0.0125,0.012500000186264515
1,0.1725,0.0125,0.012500000186264515
1,0.24500002,0.0125,0.012500000186264515
1,0.285,0.0125,0.012500000186264515
1,0.025,0.0125,0.012500000186264515
1,0.0175,0.0125,0.012500000186264515
1,0.015000001,0.0125,0.012500000186264515
1,0.025,0.0125,0.012500000186264515
1,0.0275,0.0125,0.012500000186264515
1,0.015000001,0.0125,0.012500000186264515
1,0.025,0.0125,0.012500000186264515
1,0.0175,0.0125,0.012500000186264515
1,0.015000001,0.0125,0.012500000186264515
1,0.022499999,0.0125,0.012500000186264515
1,0.03,0.0125,0.012500000186264515
1,0.015000001,0.0125,0.012500000186264515
1,0.022499999,0.0125,0.012500000186264515
1,0.02,0.0125,0.012500000186264515
1,0.025,0.0125,0.012500000186264515
1,0.02,0.0125,0.012500000186264515
1,0.0275,0.0125,0.012500000186264515
1,0.022499999,0.0125,0.012500000186264515
1,0.025,0.0125,0.012500000186264515
1,0.0475,0.0125,0.012500000186264515
1,0.16499999,0.0125,0.012500000186264515
1,0.1625,0.0125,0.012500000186264515
1,0.1725,0.0125,0.012500000186264515
1,0.1625,0.0125,0.012500000186264515
1,0.035,0.0125,0.012500000186264515
1,0.015000001,0.0125,0.012500000186264515
1,0.02,0.0125,0.012500000186264515
1,0.0125,0.0125,0.012500000186264515
1,0.0275,0.0125,0.012500000186264515
1,0.0125,0.0125,0.012500000186264515
1,0.0325,0.0125,0.012500000186264515
1,0.0175,0.0125,0.012500000186264515
1,0.0125,0.0125,0.012500000186264515
1,0.015000001,0.0125,0.012500000186264515
1,0.022499999,0.0125,0.012500000186264515
1,0.0125,0.0125,0.012500000186264515
1,0.025,0.0125,0.012500000186264515
1,0.0475,0.0125,0.012500000186264515
1,0.0475,0.0125,0.012500000186264515
1,0.0325,0.0125,0.012500000186264515
1,0.0125,0.0125,0.012500000186264515
1,0.02,0.0125,0.012500000186264515
1,0.044999998,0.0125,0.012500000186264515
1,0.1525,0.0125,0.012500000186264515
1,0.015000001,0.0125,0.012500000186264515
1,0.0275,0.0125,0.012500000186264515
1,0.03,0.0125,0.012500000186264515
1,0.03,0.0125,0.012500000186264515
1,0.0325,0.0125,0.012500000186264515
1,0.025,0.0125,0.012500000186264515
1,0.035,0.0125,0.012500000186264515
1,0.025,0.0125,0.012500000186264515
1,0.022499999,0.0125,0.012500000186264515
1,0.025,0.0125,0.012500000186264515
1,0.035,0.0125,0.012500000186264515
1,0.0125,0.0125,0.012500000186264515
1,0.0275,0.0125,0.012500000186264515
1,0.0125,0.0125,0.012500000186264515
1,0.015000001,0.0125,0.012500000186264515
1,0.025,0.0125,0.012500000186264515
1,0.0575,0.0125,0.012500000186264515
1,0.05,0.0125,0.012500000186264515
1,0.0625,0.0125,0.012500000186264515
1,0.035,0.0125,0.012500000186264515
1,0.0475,0.0125,0.012500000186264515
1,0.04,0.0125,0.012500000186264515
1,0.042499997,0.0125,0.012500000186264515
1,0.05,0.0125,0.012500000186264515
1,0.037499998,0.0125,0.012500000186264515
1,0.0125,0.0125,0.012500000186264515
1,0.035,0.0125,0.012500000186264515
1,0.14999999,0.0125,0.012500000186264515
1,0.04,0.0125,0.012500000186264515
1,0.0125,0.0125,0.012500000186264515
1,0.025,0.0125,0.012500000186264515
1,0.015000001,0.0125,0.012500000186264515
1,0.015000001,0.0125,0.012500000186264515
1,0.025,0.0125,0.012500000186264515
1,0.0175,0.0125,0.012500000186264515
1,0.015000001,0.0125,0.012500000186264515
1,0.02,0.0125,0.012500000186264515
1,0.015000001,0.0125,0.012500000186264515
1,0.0125,0.0125,0.012500000186264515
1,0.0275,0.0125,0.012500000186264515
1,0.0325,0.0125,0.012500000186264515
1,0.0325,0.0125,0.012500000186264515
1,0.04,0.0125,0.012500000186264515
1,0.044999998,0.0125,0.012500000186264515
1,0.0325,0.0125,0.012500000186264515
1,0.05,0.0125,0.012500000186264515
1,0.035,0.0125,0.012500000186264515
1,0.035,0.0125,0.012500000186264515
1,0.03,0.0125,0.012500000186264515
1,0.0575,0.0125,0.012500000186264515
1,0.052500002,0.0125,0.012500000186264515
1,0.03,0.0125,0.012500000186264515
1,0.025,0.0125,0.012500000186264515
1,0.015000001,0.0125,0.012500000186264515
1,0.022499999,0.0125,0.012500000186264515
1,0.025,0.0125,0.012500000186264515
1,0.0175,0.0125,0.012500000186264515
1,0.0175,0.0125,0.012500000186264515
1,0.025,0.24998169,0.24998563528060913
1,0.035,0.32968011,0.32968056201934814
1,0.015000001,0.32625148,0.3262510299682617
1,0.035,0.3228598,0.32286137342453003
1,0.2975,0.3195022,0.3194989562034607
1,0.10750001,0.31618372,0.31618574261665344
1,0.122499995,0.31289443,0.3129029870033264
1,0.035,0.30965382,0.30965474247932434
1,0.0575,0.306442,0.3064453899860382
1,0.0575,0.30326182,0.30326464772224426
1,0.035,0.30012086,0.3001185655593872
1,0.082499996,0.29701218,0.2970113456249237
1,0.035,0.29393467,0.2939349114894867
1,0.0975,0.29089975,0.29089227318763733
1,0.14999999,0.2878869,0.28788474202156067
1,0.074999996,0.28490743,0.2849079668521881
1,0.35750002,0.281959,0.2819615602493286
1,0.0125,0.27905038,0.27904701232910156
1,0.022499999,0.27616897,0.2761688232421875
1,0.0175,0.2733202,0.27331387996673584
1,0.0175,0.2704927,0.27049723267555237
1,0.0275,0.26770347,0.26770612597465515
1,0.015000001,0.26494995,0.26494595408439636
1,0.0325,0.26222306,0.2622206509113312
1,0.02,0.24989037,0.24989479780197144
1,0.035,0.3189605,0.31895509362220764
1,0.03,0.3156394,0.3156384825706482
1,0.0325,0.31234026,0.3123503625392914
1,0.0125,0.3091318,0.3091060519218445
1,0.03,0.30590954,0.3059135377407074
1,0.0325,0.30273274,0.3027416169643402
1,0.105000004,0.29961023,0.29960164427757263
1,0.055,0.29649878,0.296507865190506
1,0.03,0.29342923,0.2934263050556183
1,0.14999999,0.29037014,0.29039356112480164
1,0.065,0.28739095,0.28736215829849243
1,0.10750001,0.2844272,0.2844233810901642
1,0.060000002,0.28147513,0.2814641296863556
1,0.1925,0.27856958,0.2785591781139374
1,0.24000001,0.27567488,0.27569666504859924
1,0.28000003,0.27283734,0.2728426158428192
1,0.23500001,0.27000442,0.27001869678497314
1,0.1625,0.2672379,0.26724398136138916
1,0.1725,0.26448554,0.26449477672576904
1,0.0975,0.26176208,0.26177212595939636
1,0.02,0.25907168,0.2590789794921875
1,0.03,0.25639853,0.2564130425453186
1,0.015000001,0.25378668,0.2537863552570343
1,0.0275,0.0125,0.012500000186264515
1,0.0125,0.0125,0.012500000186264515
1,0.015000001,0.0125,0.012500000186264515
1,0.015000001,0.0125,0.012500000186264515
1,0.1875,0.0125,0.012500000186264515
1,0.0725,0.0125,0.012500000186264515
1,0.0725,0.0125,0.012500000186264515
1,0.105000004,0.0125,0.012500000186264515
1,0.0325,0.0125,0.012500000186264515
1,0.042499997,0.0125,0.012500000186264515
1,0.10250001,0.0125,0.012500000186264515
1,0.11,0.0125,0.012500000186264515
1,0.03,0.0125,0.012500000186264515
1,0.1625,0.0125,0.012500000186264515
1,0.060000002,0.0125,0.012500000186264515
1,0.044999998,0.0125,0.012500000186264515
1,0.05,0.0125,0.012500000186264515
1,0.03,0.0125,0.012500000186264515
1,0.14500001,0.0125,0.012500000186264515
1,0.2725,0.0125,0.012500000186264515
1,0.03,0.0125,0.012500000186264515
1,0.044999998,0.0125,0.012500000186264515
1,0.03,0.0125,0.012500000186264515
1,0.05,0.0125,0.012500000186264515
1,0.03,0.0125,0.012500000186264515
1,0.05,0.0125,0.012500000186264515
1,0.04,0.0125,0.012500000186264515
1,0.037499998,0.0125,0.012500000186264515
1,0.23,0.0125,0.012500000186264515
1,0.0575,0.0125,0.012500000186264515
1,0.1925,0.0125,0.012500000186264515
1,0.095,0.0125,0.012500000186264515
1,0.17,0.0125,0.012500000186264515
1,0.1425,0.0125,0.012500000186264515
1,0.14,0.0125,0.012500000186264515
1,0.060000002,0.0125,0.012500000186264515
1,0.35500002,0.0125,0.012500000186264515
1,0.20500001,0.0125,0.012500000186264515
1,0.022499999,0.0125,0.012500000186264515
1,0.022499999,0.0125,0.012500000186264515
1,0.025,0.0125,0.012500000186264515
1,0.022499999,0.0125,0.012500000186264515
1,0.0275,0.0125,0.012500000186264515
1,0.0275,0.0125,0.012500000186264515
1,0.04,0.0125,0.012500000186264515
1,0.025,0.0125,0.012500000186264515
1,0.015000001,0.0125,0.012500000186264515
1,0.0125,0.0125,0.012500000186264515
1,0.0275,0.0125,0.012500000186264515
1,0.02,0.0125,0.012500000186264515
1,0.03,0.0125,0.012500000186264515
1,0.0275,0.0125,0.012500000186264515
1,0.037499998,0.0125,0.012500000186264515
1,0.02,0.0125,0.012500000186264515
1,0.085,0.0125,0.012500000186264515
1,0.037499998,0.0125,0.012500000186264515
1,0.0275,0.0125,0.012500000186264515
1,0.1125,0.0125,0.012500000186264515
1,0.065,0.0125,0.012500000186264515
1,0.08,0.0125,0.012500000186264515
1,0.335,0.0125,0.012500000186264515
1,0.04,0.0125,0.012500000186264515
1,0.052500002,0.0125,0.012500000186264515
1,0.052500002,0.0125,0.012500000186264515
1,0.060000002,0.0125,0.012500000186264515
1,0.04,0.0125,0.012500000186264515
1,0.044999998,0.0125,0.012500000186264515
1,0.08,0.0125,0.012500000186264515
1,0.02,0.0125,0.012500000186264515
1,0.037499998,0.0125,0.012500000186264515
1,0.022499999,0.0125,0.012500000186264515
1,0.04,0.0125,0.012500000186264515
1,0.035,0.0125,0.012500000186264515
1,0.0325,0.0125,0.012500000186264515
1,0.02,0.0125,0.012500000186264515
1,0.0275,0.0125,0.012500000186264515
1,0.02,0.0125,0.012500000186264515
1,0.025,0.0125,0.012500000186264515
1,0.0325,0.0125,0.012500000186264515
1,0.0175,0.0125,0.012500000186264515
1,0.055,0.0125,0.012500000186264515
1,0.0275,0.0125,0.012500000186264515
1,0.10250001,0.0125,0.012500000186264515
1,0.095,0.0125,0.012500000186264515
1,0.0275,0.0125,0.012500000186264515
1,0.022499999,0.0125,0.012500000186264515
1,0.13,0.0125,0.012500000186264515
1,0.1575,0.0125,0.012500000186264515
1,0.27,0.0125,0.012500000186264515
1,0.042499997,0.0125,0.012500000186264515
1,0.10250001,0.0125,0.012500000186264515
1,0.11750001,0.0125,0.012500000186264515
1,0.0275,0.0125,0.012500000186264515
1,0.042499997,0.0125,0.012500000186264515
1,0.042499997,0.0125,0.012500000186264515
1,0.0475,0.0125,0.012500000186264515
1,0.03,0.0125,0.012500000186264515
1,0.04,0.0125,0.012500000186264515
1,0.0325,0.0125,0.012500000186264515
1,0.022499999,0.0125,0.012500000186264515
1,0.0275,0.0125,0.012500000186264515
1,0.042499997,0.0125,0.012500000186264515
1,0.03,0.0125,0.012500000186264515
1,0.1,0.0125,0.012500000186264515
1,0.1325,0.0125,0.012500000186264515
1,0.0325,0.0125,0.012500000186264515
1,0.037499998,0.0125,0.012500000186264515
1,0.0325,0.0125,0.012500000186264515
1,0.044999998,0.0125,0.012500000186264515
1,0.3925,0.0125,0.012500000186264515
1,0.05,0.0125,0.012500000186264515
1,0.035,0.0125,0.012500000186264515
1,0.067499995,0.0125,0.012500000186264515
1,0.2725,0.0125,0.012500000186264515
1,0.052500002,0.0125,0.012500000186264515
1,0.035,0.0125,0.012500000186264515
1,0.04,0.0125,0.012500000186264515
1,0.022499999,0.0125,0.012500000186264515
1,0.05,0.0125,0.012500000186264515
1,0.0325,0.0125,0.012500000186264515
1,0.042499997,0.2499551,0.24994872510433197
1,0.037499998,0.3296304,0.32963448762893677
1,0.0475,0.3262019,0.3262026011943817
1,0.0275,0.32280463,0.32280898094177246
1,0.32000002,0.31945512,0.31945323944091797
1,0.065,0.31612927,0.3161359429359436
1,0.32500002,0.3128556,0.3128482401371002
1,0.1675,0.30960923,0.3096063435077667
1,0.2975,0.30639946,0.306395024061203
1,0.044999998,0.30321714,0.3032180070877075
1,0.067499995,0.30007395,0.3000766634941101
1,0.0725,0.29696697,0.296965628862381
1,0.285,0.2938884,0.29389211535453796
1,0.185,0.29085425,0.2908499538898468
1,0.2025,0.28784287,0.28784099221229553
1,0.035,0.2848636,0.2848663330078125
1,0.042499997,0.28191888,0.28192073106765747
1,0.044999998,0.27900413,0.27900540828704834
1,0.025,0.276125,0.2761296331882477
1,0.04,0.27327755,0.27327248454093933
1,0.042499997,0.27045676,0.2704560458660126
1,0.035,0.26766476,0.2676624059677124
1,0.035,0.2649041,0.26490887999534607
1,0.044999998,0.26218417,0.26218166947364807
1,0.022499999,0.24985403,0.24984705448150635
1,0.0325,0.31888974,0.3188900649547577
1,0.044999998,0.315585,0.31558316946029663
1,0.11,0.31230775,0.3122788965702057
1,0.345,0.309084,0.30906549096107483
1,0.315,0.30586264,0.3058735728263855
1,0.1125,0.3026898,0.30267754197120667
1,0.1125,0.29957753,0.2995625436306
1,0.105000004,0.2964455,0.2964581847190857
1,0.065,0.29339948,0.2933637499809265
1,0.095,0.2903353,0.29034414887428284
1,0.3325,0.28733516,0.2873469293117523
1,0.2,0.28437904,0.28436142206192017
1,0.044999998,0.28142926,0.2814314663410187
1,0.07,0.27853647,0.27852335572242737
1,0.04,0.27566877,0.2756710946559906
1,0.04,0.2728135,0.272811621427536
1,0.0275,0.26998505,0.26999032497406006
1,0.1525,0.2672026,0.26720094680786133
1,0.10750001,0.2644296,0.2644649147987366
1,0.105000004,0.2617185,0.2617189288139343
1,0.044999998,0.25903744,0.25903451442718506
1,0.0275,0.2563589,0.2563652992248535
1,0.04,0.2537388,0.25374799966812134
1,0.04,0.0125,0.012500000186264515
1,0.0475,0.0125,0.012500000186264515
1,0.0275,0.0125,0.012500000186264515
1,0.0325,0.0125,0.012500000186264515
1,0.025,0.0125,0.012500000186264515
1,0.02,0.0125,0.012500000186264515
1,0.055,0.0125,0.012500000186264515
1,0.037499998,0.0125,0.012500000186264515
1,0.082499996,0.0125,0.012500000186264515
1,0.0875,0.0125,0.012500000186264515
1,0.0625,0.0125,0.012500000186264515
1,0.0725,0.0125,0.012500000186264515
1,0.1625,0.0125,0.012500000186264515
1,0.05,0.0125,0.012500000186264515
1,0.035,0.0125,0.012500000186264515
1,0.0175,0.0125,0.012500000186264515
1,0.0175,0.0125,0.012500000186264515
1,0.10250001,0.0125,0.012500000186264515
1,0.060000002,0.0125,0.012500000186264515
1,0.015000001,0.0125,0.012500000186264515
1,0.037499998,0.0125,0.012500000186264515
1,0.015000001,0.0125,0.012500000186264515
1,0.035,0.0125,0.012500000186264515
1,0.0275,0.0125,0.012500000186264515
1,0.0325,0.0125,0.012500000186264515
1,0.0125,0.0125,0.012500000186264515
1,0.03,0.0125,0.012500000186264515
1,0.015000001,0.0125,0.012500000186264515
1,0.27750003,0.0125,0.012500000186264515
1,0.4075,0.0125,0.012500000186264515
1,0.0325,0.0125,0.012500000186264515
1,0.185,0.0125,0.012500000186264515
1,0.14,0.0125,0.012500000186264515
1,0.10750001,0.0125,0.012500000186264515
1,0.0125,0.0125,0.012500000186264515
1,0.022499999,0.0125,0.012500000186264515
1,0.0575,0.0125,0.012500000186264515
1,0.0625,0.0125,0.012500000186264515
1,0.03,0.0125,0.012500000186264515
1,0.025,0.0125,0.012500000186264515
1,0.095,0.0125,0.012500000186264515
1,0.02,0.0125,0.012500000186264515
1,0.04,0.0125,0.012500000186264515
1,0.0925,0.0125,0.012500000186264515
1,0.03,0.0125,0.012500000186264515
1,0.015000001,0.0125,0.012500000186264515
1,0.015000001,0.0125,0.012500000186264515
1,0.02,0.0125,0.012500000186264515
1,0.015000001,0.0125,0.012500000186264515
1,0.025,0.0125,0.012500000186264515
1,0.015000001,0.0125,0.012500000186264515
1,0.0275,0.0125,0.012500000186264515
1,0.30750003,0.0125,0.012500000186264515
1,0.2975,0.0125,0.012500000186264515
1,0.085,0.0125,0.012500000186264515
1,0.0625,0.0125,0.012500000186264515
1,0.40249997,0.0125,0.012500000186264515
1,0.14,0.0125,0.012500000186264515
1,0.03,0.0125,0.012500000186264515
1,0.0275,0.0125,0.012500000186264515
1,0.044999998,0.0125,0.012500000186264515
1,0.0475,0.0125,0.012500000186264515
1,0.0125,0.0125,0.012500000186264515
1,0.03,0.0125,0.012500000186264515
1,0.0275,0.0125,0.012500000186264515
1,0.022499999,0.0125,0.012500000186264515
1,0.015000001,0.0125,0.012500000186264515
1,0.0275,0.0125,0.012500000186264515
1,0.015000001,0.0125,0.012500000186264515
1,0.015000001,0.0125,0.012500000186264515
1,0.025,0.0125,0.012500000186264515
1,0.015000001,0.0125,0.012500000186264515
1,0.02,0.0125,0.012500000186264515
1,0.0275,0.0125,0.012500000186264515
1,0.015000001,0.0125,0.012500000186264515
1,0.02,0.0125,0.012500000186264515
1,0.02,0.0125,0.012500000186264515
1,0.015000001,0.0125,0.012500000186264515
1,0.1675,0.0125,0.012500000186264515
1,0.32000002,0.0125,0.012500000186264515
1,0.0325,0.0125,0.012500000186264515
1,0.13499999,0.0125,0.012500000186264515
1,0.0275,0.0125,0.012500000186264515
1,0.0125,0.0125,0.012500000186264515
1,0.025,0.0125,0.012500000186264515
1,0.0125,0.0125,0.012500000186264515
1,0.02,0.0125,0.012500000186264515
1,0.0125,0.0125,0.012500000186264515
1,0.015000001,0.0125,0.012500000186264515
1,0.0175,0.0125,0.012500000186264515
1,0.015000001,0.0125,0.012500000186264515
1,0.025,0.0125,0.012500000186264515
1,0.015000001,0.0125,0.012500000186264515
1,0.022499999,0.0125,0.012500000186264515
1,0.022499999,0.0125,0.012500000186264515
1,0.0125,0.0125,0.012500000186264515
1,0.025,0.0125,0.012500000186264515
1,0.022499999,0.0125,0.012500000186264515
1,0.0175,0.0125,0.012500000186264515
1,0.03,0.0125,0.012500000186264515
1,0.02,0.0125,0.012500000186264515
1,0.015000001,0.0125,0.012500000186264515
1,0.0125,0.0125,0.012500000186264515
1,0.025,0.0125,0.012500000186264515
1,0.0175,0.0125,0.012500000186264515
1,0.0275,0.0125,0.012500000186264515
1,0.0175,0.0125,0.012500000186264515
1,0.0175,0.0125,0.012500000186264515
1,0.115,0.0125,0.012500000186264515
1,0.0575,0.0125,0.012500000186264515
1,0.0725,0.0125,0.012500000186264515
1,0.0725,0.0125,0.012500000186264515
1,0.065,0.0125,0.012500000186264515
1,0.14,0.0125,0.012500000186264515
1,0.0725,0.0125,0.012500000186264515
1,0.082499996,0.0125,0.012500000186264515
1,0.0625,0.0125,0.012500000186264515
1,0.065,0.0125,0.012500000186264515
1,0.07,0.0125,0.012500000186264515
1,0.065,0.0125,0.012500000186264515
1,0.0775,0.24990389,0.24990348517894745
1,0.067499995,0.3295792,0.32957854866981506
1,0.065,0.32614398,0.32614701986312866
1,0.074999996,0.32275805,0.3227619528770447
1,0.074999996,0.3194057,0.3194026052951813
1,0.060000002,0.31608626,0.3160872161388397
1,0.0625,0.3128067,0.3128008544445038
1,0.0125,0.30955315,0.3095599412918091
1,0.015000001,0.30634043,0.306344598531723
1,0.0175,0.30317032,0.3031665086746216
1,0.015000001,0.30002844,0.30003154277801514
1,0.0575,0.2969239,0.2969168424606323
1,0.060000002,0.2938483,0.29384201765060425
1,0.0175,0.29080626,0.29080110788345337
1,0.0275,0.2877936,0.28779640793800354
1,0.0275,0.28481573,0.28481587767601013
1,0.015000001,0.2818727,0.28187403082847595
1,0.085,0.2789598,0.27896615862846375
1,0.015000001,0.27608234,0.27607887983322144
1,0.0125,0.27323386,0.2732325494289398
1,0.025,0.27040964,0.2704116404056549
1,0.0125,0.26763126,0.2676256597042084
1,0.0175,0.26486576,0.26486673951148987
1,0.025,0.26214013,0.26213887333869934
1,0.0275,0.24981043,0.24981161952018738
1,0.0125,0.31884226,0.31885024905204773
1,0.025,0.31554237,0.3155366778373718
1,0.015000001,0.31224802,0.31227877736091614
1,0.015000001,0.30900952,0.30902957916259766
1,0.23,0.30580726,0.3058314621448517
1,0.0175,0.30263743,0.30265313386917114
1,0.044999998,0.29950538,0.29950767755508423
1,0.14,0.2964125,0.296409547328949
1,0.05,0.2933377,0.29333049058914185
1,0.015000001,0.2903117,0.29028934240341187
1,0.03,0.2872981,0.2873034179210663
1,0.022499999,0.2843069,0.284312903881073
1,0.055,0.2814088,0.2813943326473236
1,0.03,0.27848107,0.27847230434417725
1,0.015000001,0.27558523,0.27560681104660034
1,0.04,0.27278027,0.2727591097354889
1,0.0275,0.26995385,0.2699485421180725
1,0.085,0.26716766,0.267167866230011
1,0.0275,0.26441336,0.26442059874534607
1,0.042499997,0.26167864,0.2616932690143585
1,0.0275,0.25898075,0.25898751616477966
1,0.0125,0.2563284,0.25632911920547485
1,0.02,0.25368452,0.2536986470222473
1,0.015000001,0.0125,0.012500000186264515
1,0.0175,0.0125,0.012500000186264515
1,0.022499999,0.0125,0.012500000186264515
1,0.0175,0.0125,0.012500000186264515
1,0.29250002,0.0125,0.012500000186264515
1,0.2725,0.0125,0.012500000186264515
1,0.125,0.0125,0.012500000186264515
1,0.2425,0.0125,0.012500000186264515
1,0.195,0.0125,0.012500000186264515
1,0.19,0.0125,0.012500000186264515
1,0.089999996,0.0125,0.012500000186264515
1,0.074999996,0.0125,0.012500000186264515
1,0.04,0.0125,0.012500000186264515
1,0.035,0.0125,0.012500000186264515
1,0.0175,0.0125,0.012500000186264515
1,0.02,0.0125,0.012500000186264515
1,0.0175,0.0125,0.012500000186264515
1,0.025,0.0125,0.012500000186264515
1,0.0125,0.0125,0.012500000186264515
1,0.0325,0.0125,0.012500000186264515
1,0.0575,0.0125,0.012500000186264515
1,0.0175,0.0125,0.012500000186264515
1,0.015000001,0.0125,0.012500000186264515
1,0.0125,0.0125,0.012500000186264515
1,0.0275,0.0125,0.012500000186264515
1,0.02,0.0125,0.012500000186264515
1,0.0125,0.0125,0.012500000186264515
1,0.042499997,0.0125,0.012500000186264515
1,0.27750003,0.0125,0.012500000186264515
1,0.35750002,0.0125,0.012500000186264515
1,0.08,0.0125,0.012500000186264515
1,0.1825,0.0125,0.012500000186264515
1,0.315,0.0125,0.012500000186264515
1,0.089999996,0.0125,0.012500000186264515
1,0.08,0.0125,0.012500000186264515
1,0.07,0.0125,0.012500000186264515
1,0.1575,0.0125,0.012500000186264515
1,0.074999996,0.0125,0.012500000186264515
1,0.07,0.0125,0.012500000186264515
1,0.2675,0.0125,0.012500000186264515
1,0.015000001,0.0125,0.012500000186264515
1,0.025,0.0125,0.012500000186264515
1,0.015000001,0.0125,0.012500000186264515
1,0.025,0.0125,0.012500000186264515
1,0.022499999,0.0125,0.012500000186264515
1,0.0125,0.0125,0.012500000186264515
1,0.025,0.0125,0.012500000186264515
1,0.022499999,0.0125,0.012500000186264515
1,0.015000001,0.0125,0.012500000186264515
1,0.0325,0.0125,0.012500000186264515
1,0.015000001,0.0125,0.012500000186264515
1,0.025,0.0125,0.012500000186264515
1,0.1325,0.0125,0.012500000186264515
1,0.0325,0.0125,0.012500000186264515
1,0.21000001,0.0125,0.012500000186264515
1,0.23,0.0125,0.012500000186264515
1,0.074999996,0.0125,0.012500000186264515
1,0.20500001,0.0125,0.012500000186264515
1,0.1275,0.0125,0.012500000186264515
1,0.074999996,0.0125,0.012500000186264515
1,0.0775,0.0125,0.012500000186264515
1,0.060000002,0.0125,0.012500000186264515
1,0.1575,0.0125,0.012500000186264515
1,0.2875,0.0125,0.012500000186264515
1,0.095,0.0125,0.012500000186264515
1,0.0125,0.0125,0.012500000186264515
1,0.0325,0.0125,0.012500000186264515
1,0.0125,0.0125,0.012500000186264515
1,0.03,0.0125,0.012500000186264515
1,0.0125,0.0125,0.012500000186264515
1,0.02,0.0125,0.012500000186264515
1,0.0125,0.0125,0.012500000186264515
1,0.0125,0.0125,0.012500000186264515
1,0.025,0.0125,0.012500000186264515
1,0.015000001,0.0125,0.012500000186264515
1,0.0125,0.0125,0.012500000186264515
1,0.0275,0.0125,0.012500000186264515
1,0.0175,0.0125,0.012500000186264515
1,0.015000001,0.0125,0.012500000186264515
1,0.0925,0.0125,0.012500000186264515
1,0.0575,0.0125,0.012500000186264515
1,0.0925,0.0125,0.012500000186264515
1,0.125,0.0125,0.012500000186264515
1,0.08,0.0125,0.012500000186264515
1,0.1725,0.0125,0.012500000186264515
1,0.0775,0.0125,0.012500000186264515
1,0.060000002,0.0125,0.012500000186264515
1,0.08,0.0125,0.012500000186264515
1,0.21000001,0.0125,0.012500000186264515
1,0.10750001,0.0125,0.012500000186264515
1,0.07,0.0125,0.012500000186264515
1,0.082499996,0.0125,0.012500000186264515
1,0.0625,0.0125,0.012500000186264515
1,0.07,0.0125,0.012500000186264515
1,0.0625,0.0125,0.012500000186264515
1,0.0625,0.0125,0.012500000186264515
1,0.0725,0.0125,0.012500000186264515
1,0.0625,0.0125,0.012500000186264515
1,0.0725,0.0125,0.012500000186264515
1,0.0725,0.0125,0.012500000186264515
1,0.0625,0.0125,0.012500000186264515
1,0.07,0.0125,0.012500000186264515
1,0.07,0.0125,0.012500000186264515
1,0.0575,0.0125,0.012500000186264515
1,0.074999996,0.0125,0.012500000186264515
1,0.225,0.0125,0.012500000186264515
1,0.089999996,0.0125,0.012500000186264515
1,0.055,0.0125,0.012500000186264515
1,0.0925,0.0125,0.012500000186264515
1,0.0575,0.0125,0.012500000186264515
1,0.0725,0.0125,0.012500000186264515
1,0.065,0.0125,0.012500000186264515
1,0.060000002,0.0125,0.012500000186264515
1,0.07,0.0125,0.012500000186264515
1,0.0575,0.0125,0.012500000186264515
1,0.0625,0.0125,0.012500000186264515
1,0.0725,0.0125,0.012500000186264515
1,0.0575,0.0125,0.012500000186264515
1,0.0725,0.0125,0.012500000186264515
1,0.0575,0.0125,0.012500000186264515
1,0.0775,0.24986926,0.24986982345581055
1,0.065,0.32952392,0.3295300304889679
1,0.015000001,0.32610446,0.3260955214500427
1,0.0125,0.32271025,0.322707861661911
1,0.025,0.31936145,0.31935548782348633
1,0.025,0.31603894,0.3160368800163269
1,0.0725,0.3127586,0.31275972723960876
1,0.085,0.309511,0.3095109462738037
1,0.065,0.30629706,0.30630356073379517
1,0.0875,0.30312887,0.3031251132488251
1,0.095,0.2999795,0.29998600482940674
1,0.0975,0.29687256,0.296871542930603
1,0.13,0.29379937,0.29379940032958984
1,0.0975,0.29075286,0.2907578945159912
1,0.0575,0.28775328,0.2877449095249176
1,0.074999996,0.284772,0.28477683663368225
1,0.1,0.28183088,0.2818308472633362
1,0.3,0.27892452,0.27891555428504944
1,0.067499995,0.2760418,0.27604371309280396
1,0.067499995,0.27318773,0.2731931805610657
1,0.060000002,0.27036816,0.2703729569911957
1,0.074999996,0.2675875,0.26758286356925964
1,0.060000002,0.26482502,0.2648262679576874
1,0.0625,0.26210174,0.2621001601219177
1,0.022499999,0.24978146,0.24976041913032532
1,0.015000001,0.31877983,0.31880271434783936
1,0.0275,0.31546098,0.31548142433166504
1,0.015000001,0.31221157,0.31219708919525146
1,0.022499999,0.30899996,0.3089751601219177
1,0.1375,0.3057524,0.3057704567909241
1,0.052500002,0.30260503,0.3025742173194885
1,0.0625,0.29944435,0.2994575500488281
1,0.0775,0.29635814,0.2963646352291107
1,0.0575,0.29328495,0.29330211877822876
1,0.0725,0.29025754,0.2902437448501587
1,0.065,0.28726858,0.28724947571754456
1,0.0625,0.28427535,0.2842811346054077
1,0.022499999,0.28134075,0.28133344650268555
1,0.0475,0.27843386,0.2784530818462372
1,0.082499996,0.27556503,0.27556154131889343
1,0.32250002,0.27273262,0.2727143466472626
1,0.4075,0.26986787,0.2698875963687897
1,0.38000003,0.2671236,0.2671296298503876
1,0.022499999,0.26437855,0.26436394453048706
1,0.0275,0.2616512,0.26163551211357117
1,0.035,0.25895903,0.25896406173706055
1,0.015000001,0.25629967,0.2562935948371887
1,0.0325,0.25364104,0.2536510229110718
1,0.015000001,0.0125,0.012500000186264515
1,0.0275,0.0125,0.012500000186264515
1,0.02,0.0125,0.012500000186264515
1,0.02,0.0125,0.012500000186264515
1,0.27,0.0125,0.012500000186264515
1,0.22250003,0.0125,0.012500000186264515
1,0.02,0.0125,0.012500000186264515
1,0.17999999,0.0125,0.012500000186264515
1,0.044999998,0.0125,0.012500000186264515
1,0.065,0.0125,0.012500000186264515
1,0.1275,0.0125,0.012500000186264515
1,0.082499996,0.0125,0.012500000186264515
1,0.255,0.0125,0.012500000186264515
1,0.27750003,0.0125,0.012500000186264515
1,0.074999996,0.0125,0.012500000186264515
1,0.085,0.0125,0.012500000186264515
1,0.2525,0.0125,0.012500000186264515
1,0.32000002,0.0125,0.012500000186264515
1,0.37,0.0125,0.012500000186264515
1,0.14,0.0125,0.012500000186264515
1,0.14,0.0125,0.012500000186264515
1,0.14,0.0125,0.012500000186264515
1,0.21750002,0.0125,0.012500000186264515
1,0.0925,0.0125,0.012500000186264515
1,0.0775,0.0125,0.012500000186264515
1,0.08,0.0125,0.012500000186264515
1,0.0875,0.0125,0.012500000186264515
1,0.074999996,0.0125,0.012500000186264515
1,0.082499996,0.0125,0.012500000186264515
1,0.07,0.0125,0.012500000186264515
1,0.0625,0.0125,0.012500000186264515
1,0.1975,0.0125,0.012500000186264515
1,0.037499998,0.0125,0.012500000186264515
1,0.1525,0.0125,0.012500000186264515
1,0.0925,0.0125,0.012500000186264515
1,0.0575,0.0125,0.012500000186264515
1,0.115,0.0125,0.012500000186264515
1,0.1875,0.0125,0.012500000186264515
1,0.052500002,0.0125,0.012500000186264515
1,0.035,0.0125,0.012500000186264515
1,0.03,0.0125,0.012500000186264515
1,0.0875,0.0125,0.012500000186264515
1,0.015000001,0.0125,0.012500000186264515
1,0.0275,0.0125,0.012500000186264515
1,0.015000001,0.0125,0.012500000186264515
1,0.0175,0.0125,0.012500000186264515
1,0.015000001,0.0125,0.012500000186264515
1,0.015000001,0.0125,0.012500000186264515
1,0.025,0.0125,0.012500000186264515
1,0.0125,0.0125,0.012500000186264515
1,0.0275,0.0125,0.012500000186264515
1,0.0175,0.0125,0.012500000186264515
1,0.022499999,0.0125,0.012500000186264515
1,0.025,0.0125,0.012500000186264515
1,0.26500002,0.0125,0.012500000186264515
1,0.2725,0.0125,0.012500000186264515
1,0.055,0.0125,0.012500000186264515
1,0.042499997,0.0125,0.012500000186264515
1,0.0775,0.0125,0.012500000186264515
1,0.0575,0.0125,0.012500000186264515
1,0.0475,0.0125,0.012500000186264515
1,0.0875,0.0125,0.012500000186264515
1,0.042499997,0.0125,0.012500000186264515
1,0.044999998,0.0125,0.012500000186264515
1,0.015000001,0.0125,0.012500000186264515
1,0.03,0.0125,0.012500000186264515
1,0.0275,0.0125,0.012500000186264515
1,0.0175,0.0125,0.012500000186264515
1,0.025,0.0125,0.012500000186264515
1,0.025,0.0125,0.012500000186264515
1,0.015000001,0.0125,0.012500000186264515
1,0.022499999,0.0125,0.012500000186264515
1,0.015000001,0.0125,0.012500000186264515
1,0.015000001,0.0125,0.012500000186264515
1,0.03,0.0125,0.012500000186264515
1,0.0175,0.0125,0.012500000186264515
1,0.02,0.0125,0.012500000186264515
1,0.3175,0.0125,0.012500000186264515
1,0.305,0.0125,0.012500000186264515
1,0.175,0.0125,0.012500000186264515
1,0.31,0.0125,0.012500000186264515
1,0.285,0.0125,0.012500000186264515
1,0.044999998,0.0125,0.012500000186264515
1,0.0175,0.0125,0.012500000186264515
1,0.022499999,0.0125,0.012500000186264515
1,0.1875,0.0125,0.012500000186264515
1,0.042499997,0.0125,0.012500000186264515
1,0.037499998,0.0125,0.012500000186264515
1,0.0875,0.0125,0.012500000186264515
1,0.0175,0.0125,0.012500000186264515
1,0.02,0.0125,0.012500000186264515
1,0.022499999,0.0125,0.012500000186264515
1,0.0125,0.0125,0.012500000186264515
1,0.025,0.0125,0.012500000186264515
1,0.015000001,0.0125,0.012500000186264515
1,0.02,0.0125,0.012500000186264515
1,0.0175,0.0125,0.012500000186264515
1,0.0125,0.0125,0.012500000186264515
1,0.025,0.0125,0.012500000186264515
1,0.0125,0.0125,0.012500000186264515
1,0.035,0.0125,0.012500000186264515
1,0.015000001,0.0125,0.012500000186264515
1,0.025,0.0125,0.012500000186264515
1,0.0125,0.0125,0.012500000186264515
1,0.02,0.0125,0.012500000186264515
1,0.015000001,0.0125,0.012500000186264515
1,0.025,0.0125,0.012500000186264515
1,0.022499999,0.0125,0.012500000186264515
1,0.02,0.0125,0.012500000186264515
1,0.0475,0.0125,0.012500000186264515
1,0.0325,0.0125,0.012500000186264515
1,0.0175,0.0125,0.012500000186264515
1,0.11750001,0.0125,0.012500000186264515
1,0.0275,0.0125,0.012500000186264515
1,0.0325,0.0125,0.012500000186264515
1,0.015000001,0.0125,0.012500000186264515
1,0.03,0.0125,0.012500000186264515
1,0.0125,0.0125,0.012500000186264515
1,0.02,0.0125,0.012500000186264515
1,0.0175,0.0125,0.012500000186264515
1,0.0125,0.24982874,0.24983349442481995
1,0.03,0.32947722,0.32947492599487305
1,0.03,0.3260492,0.32604512572288513
1,0.02,0.3226622,0.3226607143878937
1,0.02,0.31931108,0.31931018829345703
1,0.0125,0.31599483,0.31598958373069763
1,0.0575,0.31270927,0.3127099573612213
1,0.20750001,0.3094628,0.30946794152259827
1,0.089999996,0.3062497,0.3062528967857361
1,0.185,0.30307895,0.3030794560909271
1,0.055,0.2999438,0.2999383211135864
1,0.044999998,0.29683366,0.29683202505111694
1,0.052500002,0.29375416,0.29375240206718445
1,0.044999998,0.290712,0.29071396589279175
1,0.0325,0.28770643,0.2877101004123688
1,0.0325,0.28472933,0.28473082184791565
1,0.03,0.28178915,0.281787633895874
1,0.04,0.27887484,0.2788795530796051
1,0.037499998,0.27599263,0.2759968042373657
1,0.0275,0.27314988,0.2731547951698303
1,0.0325,0.2703353,0.2703345715999603
1,0.04,0.26754367,0.2675427198410034
1,0.025,0.26478583,0.264787495136261
1,0.0275,0.26206368,0.26206159591674805
1,0.042499997,0.2497252,0.2497522234916687
1,0.035,0.31873652,0.3187620937824249
1,0.052500002,0.31544513,0.31544679403305054
1,0.025,0.31216377,0.31217339634895325
1,0.05,0.3089292,0.30891743302345276
1,0.1525,0.30574152,0.30571550130844116
1,0.0775,0.30255648,0.30254673957824707
1,0.0775,0.29940644,0.2994113862514496
1,0.037499998,0.2963075,0.2963288426399231
1,0.3025,0.2932662,0.29324546456336975
1,0.13499999,0.2902133,0.2902056872844696
1,0.35750002,0.2872026,0.2872214913368225
1,0.21500002,0.28423265,0.2842215299606323
1,0.022499999,0.28130567,0.2813209295272827
1,0.0725,0.27838257,0.2783951461315155
1,0.04,0.27551383,0.27551719546318054
1,0.042499997,0.27266717,0.2726876735687256
1,0.0325,0.26985466,0.2698553502559662
1,0.037499998,0.26706806,0.2670741677284241
1,0.0325,0.26433578,0.2643248736858368
1,0.044999998,0.26162678,0.26159560680389404
1,0.03,0.25891882,0.2589121162891388
1,0.052500002,0.25624147,0.256246417760849
1,0.0325,0.25361302,0.25360867381095886
1,0.04,0.0125,0.012500000186264515
1,0.044999998,0.0125,0.012500000186264515
1,0.0475,0.0125,0.012500000186264515
1,0.0325,0.0125,0.012500000186264515
1,0.0325,0.0125,0.012500000186264515
1,0.07,0.0125,0.012500000186264515
1,0.025,0.0125,0.012500000186264515
1,0.044999998,0.0125,0.012500000186264515
1,0.105000004,0.0125,0.012500000186264515
1,0.0925,0.0125,0.012500000186264515
1,0.042499997,0.0125,0.012500000186264515
1,0.060000002,0.0125,0.012500000186264515
1,0.035,0.0125,0.012500000186264515
1,0.0275,0.0125,0.012500000186264515
1,0.05,0.0125,0.012500000186264515
1,0.0325,0.0125,0.012500000186264515
1,0.052500002,0.0125,0.012500000186264515
1,0.044999998,0.0125,0.012500000186264515
1,0.10250001,0.0125,0.012500000186264515
1,0.025,0.0125,0.012500000186264515
1,0.037499998,0.0125,0.012500000186264515
1,0.015000001,0.0125,0.012500000186264515
1,0.037499998,0.0125,0.012500000186264515
1,0.0175,0.0125,0.012500000186264515
1,0.0325,0.0125,0.012500000186264515
1,0.03,0.0125,0.012500000186264515
1,0.022499999,0.0125,0.012500000186264515
1,0.022499999,0.0125,0.012500000186264515
1,0.0325,0.0125,0.012500000186264515
1,0.1325,0.0125,0.012500000186264515
1,0.25000003,0.0125,0.012500000186264515
1,0.3375,0.0125,0.012500000186264515
1,0.1725,0.0125,0.012500000186264515
1,0.27750003,0.0125,0.012500000186264515
1,0.34,0.0125,0.012500000186264515
1,0.11,0.0125,0.012500000186264515
1,0.0625,0.0125,0.012500000186264515
1,0.04,0.0125,0.012500000186264515
1,0.065,0.0125,0.012500000186264515
1,0.055,0.0125,0.012500000186264515
1,0.044999998,0.0125,0.012500000186264515
1,0.0325,0.0125,0.012500000186264515
1,0.03,0.0125,0.012500000186264515
1,0.044999998,0.0125,0.012500000186264515
1,0.0325,0.0125,0.012500000186264515
1,0.037499998,0.0125,0.012500000186264515
1,0.037499998,0.0125,0.012500000186264515
1,0.03,0.0125,0.012500000186264515
1,0.0475,0.0125,0.012500000186264515
1,0.0325,0.0125,0.012500000186264515
1,0.055,0.0125,0.012500000186264515
1,0.0325,0.0125,0.012500000186264515
1,0.052500002,0.0125,0.012500000186264515
1,0.0325,0.0125,0.012500000186264515
1,0.044999998,0.0125,0.012500000186264515
1,0.0775,0.0125,0.012500000186264515
1,0.05,0.0125,0.012500000186264515
1,0.05,0.0125,0.012500000186264515
1,0.0575,0.0125,0.012500000186264515
1,0.0325,0.0125,0.012500000186264515
1,0.1825,0.0125,0.012500000186264515
1,0.2,0.0125,0.012500000186264515
1,0.042499997,0.0125,0.012500000186264515
1,0.05,0.0125,0.012500000186264515
1,0.0325,0.0125,0.012500000186264515
1,0.042499997,0.0125,0.012500000186264515
1,0.05,0.0125,0.012500000186264515
1,0.1825,0.0125,0.012500000186264515
1,0.042499997,0.0125,0.012500000186264515
1,0.0325,0.0125,0.012500000186264515
1,0.0325,0.0125,0.012500000186264515
1,0.052500002,0.0125,0.012500000186264515
1,0.0325,0.0125,0.012500000186264515
1,0.044999998,0.0125,0.012500000186264515
1,0.035,0.0125,0.012500000186264515
1,0.03,0.0125,0.012500000186264515
1,0.1425,0.0125,0.012500000186264515
1,0.052500002,0.0125,0.012500000186264515
1,0.0475,0.0125,0.012500000186264515
1,0.13,0.0125,0.012500000186264515
1,0.3475,0.0125,0.012500000186264515
1,0.33,0.0125,0.012500000186264515
1,0.05,0.0125,0.012500000186264515
1,0.0325,0.0125,0.012500000186264515
1,0.035,0.0125,0.012500000186264515
1,0.03,0.0125,0.012500000186264515
1,0.044999998,0.0125,0.012500000186264515
1,0.1575,0.0125,0.012500000186264515
1,0.037499998,0.0125,0.012500000186264515
1,0.04,0.0125,0.012500000186264515
1,0.042499997,0.0125,0.012500000186264515
1,0.03,0.0125,0.012500000186264515
1,0.0325,0.0125,0.012500000186264515
1,0.035,0.0125,0.012500000186264515
1,0.0275,0.0125,0.012500000186264515
1,0.035,0.0125,0.012500000186264515
1,0.025,0.0125,0.012500000186264515
1,0.015000001,0.0125,0.012500000186264515
1,0.015000001,0.0125,0.012500000186264515
1,0.02,0.0125,0.012500000186264515
1,0.015000001,0.0125,0.012500000186264515
1,0.015000001,0.0125,0.012500000186264515
1,0.022499999,0.0125,0.012500000186264515
1,0.015000001,0.0125,0.012500000186264515
1,0.0125,0.0125,0.012500000186264515
1,0.052500002,0.0125,0.012500000186264515
1,0.022499999,0.0125,0.012500000186264515
1,0.025,0.0125,0.012500000186264515
1,0.022499999,0.0125,0.012500000186264515
1,0.0275,0.0125,0.012500000186264515
1,0.022499999,0.0125,0.012500000186264515
1,0.03,0.0125,0.012500000186264515
1,0.035,0.0125,0.012500000186264515
1,0.082499996,0.0125,0.012500000186264515
1,0.022499999,0.0125,0.012500000186264515
1,0.022499999,0.0125,0.012500000186264515
1,0.022499999,0.0125,0.012500000186264515
1,0.025,0.0125,0.012500000186264515
1,0.0325,0.0125,0.012500000186264515
1,0.015000001,0.0125,0.012500000186264515
1,0.025,0.24979898,0.24979403614997864
1,0.025,0.32942122,0.3294261395931244
1,0.02,0.32599932,0.32599732279777527
1,0.0325,0.3226097,0.3226128816604614
1,0.05,0.3192593,0.31926050782203674
1,0.1725,0.31594267,0.3159398138523102
1,0.1525,0.31266162,0.31267017126083374
1,0.0175,0.3094133,0.3094181716442108
1,0.022499999,0.30621168,0.3062092065811157
1,0.022499999,0.3030332,0.30302950739860535
1,0.025,0.2998902,0.29988807439804077
1,0.02,0.29677674,0.29678475856781006
1,0.03,0.29371214,0.29370826482772827
1,0.025,0.2906699,0.2906714677810669
1,0.10250001,0.28766412,0.2876623272895813
1,0.0925,0.28468627,0.2846894860267639
1,0.0775,0.28174824,0.2817419171333313
1,0.074999996,0.2788342,0.27883651852607727
1,0.0725,0.27595365,0.27595624327659607
1,0.0775,0.2731076,0.2731052041053772
1,0.0875,0.27029285,0.27028876543045044
1,0.074999996,0.26750234,0.26750054955482483
1,0.074999996,0.26474607,0.26474666595458984
1,0.085,0.2620167,0.26201850175857544
1,0.074999996,0.24970469,0.24968771636486053
1,0.089999996,0.31869233,0.31870290637016296
1,0.089999996,0.31539202,0.3154074549674988
1,0.0875,0.31214702,0.3121320605278015
1,0.0975,0.30886042,0.30889391899108887
1,0.35250002,0.30569658,0.30566906929016113
1,0.089999996,0.30250448,0.30251744389533997
1,0.074999996,0.29937962,0.29937803745269775
1,0.067499995,0.29626435,0.29626747965812683
1,0.12,0.29318458,0.2932080328464508
1,0.10250001,0.2901582,0.29016992449760437
1,0.1275,0.28715613,0.28717878460884094
1,0.095,0.28421667,0.2842117249965668
1,0.14999999,0.28126356,0.2812592387199402
1,0.19,0.27837035,0.2783682942390442
1,0.16499999,0.2754831,0.2754729092121124
1,0.2025,0.27262983,0.2726392447948456
1,0.015000001,0.26981774,0.2698288857936859
1,0.03,0.26705533,0.2670399248600006
1,0.0275,0.26429963,0.26428037881851196
1,0.035,0.26157796,0.26157107949256897
1,0.037499998,0.25886598,0.2588682472705841
1,0.037499998,0.25622538,0.25621509552001953
1,0.035,0.2535691,0.2535507380962372
1,0.0325,0.0125,0.012500000186264515
1,0.044999998,0.0125,0.012500000186264515
1,0.035,0.0125,0.012500000186264515
1,0.035,0.0125,0.012500000186264515
1,0.3,0.0125,0.012500000186264515
1,0.185,0.0125,0.012500000186264515
1,0.1925,0.0125,0.012500000186264515
1,0.044999998,0.0125,0.012500000186264515
1,0.052500002,0.0125,0.012500000186264515
1,0.0725,0.0125,0.012500000186264515
1,0.16499999,0.0125,0.012500000186264515
1,0.11,0.0125,0.012500000186264515
1,0.13499999,0.0125,0.012500000186264515
1,0.0575,0.0125,0.012500000186264515
1,0.1475,0.0125,0.012500000186264515
1,0.060000002,0.0125,0.012500000186264515
1,0.03,0.0125,0.012500000186264515
1,0.05,0.0125,0.012500000186264515
1,0.042499997,0.0125,0.012500000186264515
1,0.0325,0.0125,0.012500000186264515
1,0.037499998,0.0125,0.012500000186264515
1,0.042499997,0.0125,0.012500000186264515
1,0.044999998,0.0125,0.012500000186264515
1,0.035,0.0125,0.012500000186264515
1,0.22250003,0.0125,0.012500000186264515
1,0.052500002,0.0125,0.012500000186264515
1,0.037499998,0.0125,0.012500000186264515
1,0.044999998,0.0125,0.012500000186264515
1,0.2425,0.0125,0.012500000186264515
1,0.39749998,0.0125,0.012500000186264515
1,0.1575,0.0125,0.012500000186264515
1,0.105000004,0.0125,0.012500000186264515
1,0.13499999,0.0125,0.012500000186264515
1,0.14,0.0125,0.012500000186264515
1,0.11,0.0125,0.012500000186264515
1,0.0925,0.0125,0.012500000186264515
1,0.1775,0.0125,0.012500000186264515
1,0.115,0.0125,0.012500000186264515
1,0.105000004,0.0125,0.012500000186264515
1,0.044999998,0.0125,0.012500000186264515
1,0.04,0.0125,0.012500000186264515
1,0.1,0.0125,0.012500000186264515
1,0.0725,0.0125,0.012500000186264515
1,0.042499997,0.0125,0.012500000186264515
1,0.0475,0.0125,0.012500000186264515
1,0.04,0.0125,0.012500000186264515
1,0.0325,0.0125,0.012500000186264515
1,0.035,0.0125,0.012500000186264515
1,0.044999998,0.0125,0.012500000186264515
1,0.04,0.0125,0.012500000186264515
1,0.04,0.0125,0.012500000186264515
1,0.04,0.0125,0.012500000186264515
1,0.10250001,0.0125,0.012500000186264515
1,0.2125,0.0125,0.012500000186264515
1,0.1275,0.0125,0.012500000186264515
1,0.11,0.0125,0.012500000186264515
1,0.1125,0.0125,0.012500000186264515
1,0.1375,0.0125,0.012500000186264515
1,0.32500002,0.0125,0.012500000186264515
1,0.21000001,0.0125,0.012500000186264515
1,0.122499995,0.0125,0.012500000186264515
1,0.035,0.0125,0.012500000186264515
1,0.08,0.0125,0.012500000186264515
1,0.14,0.0125,0.012500000186264515
1,0.042499997,0.0125,0.012500000186264515
1,0.0325,0.0125,0.012500000186264515
1,0.04,0.0125,0.012500000186264515
1,0.044999998,0.0125,0.012500000186264515
1,0.0325,0.0125,0.012500000186264515
1,0.022499999,0.0125,0.012500000186264515
1,0.037499998,0.0125,0.012500000186264515
1,0.035,0.0125,0.012500000186264515
1,0.0475,0.0125,0.012500000186264515
1,0.04,0.0125,0.012500000186264515
1,0.035,0.0125,0.012500000186264515
1,0.0475,0.0125,0.012500000186264515
1,0.26250002,0.0125,0.012500000186264515
1,0.115,0.0125,0.012500000186264515
1,0.2275,0.0125,0.012500000186264515
1,0.35750002,0.0125,0.012500000186264515
1,0.122499995,0.0125,0.012500000186264515
1,0.2325,0.0125,0.012500000186264515
1,0.044999998,0.0125,0.012500000186264515
1,0.0475,0.0125,0.012500000186264515
1,0.0275,0.0125,0.012500000186264515
1,0.042499997,0.0125,0.012500000186264515
1,0.044999998,0.0125,0.012500000186264515
1,0.04,0.0125,0.012500000186264515
1,0.037499998,0.0125,0.012500000186264515
1,0.03,0.0125,0.012500000186264515
1,0.042499997,0.0125,0.012500000186264515
1,0.042499997,0.0125,0.012500000186264515
1,0.0275,0.0125,0.012500000186264515
1,0.042499997,0.0125,0.012500000186264515
1,0.03,0.0125,0.012500000186264515
1,0.044999998,0.0125,0.012500000186264515
1,0.052500002,0.0125,0.012500000186264515
1,0.0475,0.0125,0.012500000186264515
1,0.052500002,0.0125,0.012500000186264515
1,0.0475,0.0125,0.012500000186264515
1,0.052500002,0.0125,0.012500000186264515
1,0.042499997,0.0125,0.012500000186264515
1,0.05,0.0125,0.012500000186264515
1,0.07,0.0125,0.012500000186264515
1,0.044999998,0.0125,0.012500000186264515
1,0.0725,0.0125,0.012500000186264515
1,0.089999996,0.0125,0.012500000186264515
1,0.05,0.0125,0.012500000186264515
1,0.037499998,0.0125,0.012500000186264515
1,0.085,0.0125,0.012500000186264515
1,0.105000004,0.0125,0.012500000186264515
1,0.044999998,0.0125,0.012500000186264515
1,0.042499997,0.0125,0.012500000186264515
1,0.035,0.0125,0.012500000186264515
1,0.11750001,0.0125,0.012500000186264515
1,0.115,0.0125,0.012500000186264515
1,0.044999998,0.0125,0.012500000186264515
1,0.04,0.0125,0.012500000186264515
1,0.044999998,0.0125,0.012500000186264515
1,0.052500002,0.0125,0.012500000186264515
1,0.05,0.24975665,0.2497522383928299
1,0.07,0.3293718,0.32937920093536377
1,0.067499995,0.32594964,0.32594889402389526
1,0.035,0.3225581,0.3225592374801636
1,0.255,0.3192015,0.31920525431632996
1,0.38000003,0.3158933,0.31589475274086
1,0.5175,0.31260714,0.3126137852668762
1,0.345,0.30937016,0.3093666136264801
1,0.2675,0.3061628,0.30615735054016113
1,0.067499995,0.30298263,0.30298206210136414
1,0.2025,0.29984906,0.2998461425304413
1,0.082499996,0.29673943,0.296732097864151
1,0.067499995,0.29366693,0.2936619818210602
1,0.2575,0.29062408,0.29062554240226746
1,0.46,0.28761962,0.28761744499206543
1,0.3325,0.28464994,0.2846439480781555
1,0.042499997,0.2817021,0.28170764446258545
1,0.11750001,0.278793,0.278789222240448
1,0.1125,0.27591127,0.2759113907814026
1,0.060000002,0.27306345,0.2730632424354553
1,0.05,0.27024752,0.27024510502815247
1,0.0475,0.26746175,0.2674638330936432
1,0.0475,0.26470283,0.2647034227848053
1,0.037499998,0.26197976,0.261976033449173
1,0.037499998,0.24966115,0.24964486062526703
1,0.04,0.31864086,0.3186452090740204
1,0.0575,0.31535006,0.31534191966056824
1,0.060000002,0.31209403,0.31207963824272156
1,0.33,0.3088374,0.308828741312027
1,0.32500002,0.30563986,0.30564284324645996
1,0.2,0.302464,0.30246713757514954
1,0.55249995,0.2993301,0.29930973052978516
1,0.5425,0.29620543,0.29622894525527954
1,0.73249996,0.2931516,0.29314664006233215
1,0.53999996,0.29012322,0.2901262640953064
1,0.63,0.28713158,0.28711724281311035
1,0.395,0.2841493,0.2841722071170807
1,0.225,0.28120646,0.2812071740627289
1,0.8025,0.27832124,0.27830109000205994
1,0.1425,0.2754513,0.2754344046115875
1,0.082499996,0.27259183,0.27260351181030273
1,0.074999996,0.26977673,0.2697783410549164
1,0.0725,0.2670055,0.26700344681739807
1,0.074999996,0.2642721,0.2642397880554199
1,0.14999999,0.26153436,0.2615322768688202
1,0.085,0.258843,0.25884121656417847
1,0.0775,0.2561647,0.25618985295295715
1,0.0975,0.25352266,0.2535400092601776
1,0.0875,0.0125,0.012500000186264515
1,0.085,0.0125,0.012500000186264515
1,0.0875,0.0125,0.012500000186264515
1,0.095,0.0125,0.012500000186264515
1,0.1,0.0125,0.012500000186264515
1,0.39000002,0.0125,0.012500000186264515
1,0.345,0.0125,0.012500000186264515
1,0.10250001,0.0125,0.012500000186264515
1,0.0925,0.0125,0.012500000186264515
1,0.1675,0.0125,0.012500000186264515
1,0.1475,0.0125,0.012500000186264515
1,0.089999996,0.0125,0.012500000186264515
1,0.1675,0.0125,0.012500000186264515
1,0.14999999,0.0125,0.012500000186264515
1,0.21000001,0.0125,0.012500000186264515
1,0.037499998,0.0125,0.012500000186264515
1,0.04,0.0125,0.012500000186264515
1,0.042499997,0.0125,0.012500000186264515
1,0.05,0.0125,0.012500000186264515
1,0.0475,0.0125,0.012500000186264515
1,0.04,0.0125,0.012500000186264515
1,0.05,0.0125,0.012500000186264515
1,0.052500002,0.0125,0.012500000186264515
1,0.044999998,0.0125,0.012500000186264515
1,0.052500002,0.0125,0.012500000186264515
1,0.055,0.0125,0.012500000186264515
1,0.052500002,0.0125,0.012500000186264515
1,0.0475,0.0125,0.012500000186264515
1,0.3725,0.0125,0.012500000186264515
1,0.3625,0.0125,0.012500000186264515
1,0.35750002,0.0125,0.012500000186264515
1,0.315,0.0125,0.012500000186264515
1,0.3175,0.0125,0.012500000186264515
1,0.3375,0.0125,0.012500000186264515
1,0.3375,0.0125,0.012500000186264515
1,0.32000002,0.0125,0.012500000186264515
1,0.46999997,0.0125,0.012500000186264515
1,0.815,0.0125,0.012500000186264515
1,0.55,0.0125,0.012500000186264515
1,0.16000001,0.0125,0.012500000186264515
1,0.122499995,0.0125,0.012500000186264515
1,0.125,0.0125,0.012500000186264515
1,0.122499995,0.0125,0.012500000186264515
1,0.1325,0.0125,0.012500000186264515
1,0.1275,0.0125,0.012500000186264515
1,0.115,0.0125,0.012500000186264515
1,0.1325,0.0125,0.012500000186264515
1,0.14,0.0125,0.012500000186264515
1,0.16000001,0.0125,0.012500000186264515
1,0.1275,0.0125,0.012500000186264515
1,0.1425,0.0125,0.012500000186264515
1,0.1325,0.0125,0.012500000186264515
1,0.4275,0.0125,0.012500000186264515
1,0.38750002,0.0125,0.012500000186264515
1,0.22000001,0.0125,0.012500000186264515
1,0.4075,0.0125,0.012500000186264515
1,0.42,0.0125,0.012500000186264515
1,0.42,0.0125,0.012500000186264515
1,0.40249997,0.0125,0.012500000186264515
1,0.22250003,0.0125,0.012500000186264515
1,0.1675,0.0125,0.012500000186264515
1,0.1725,0.0125,0.012500000186264515
1,0.122499995,0.0125,0.012500000186264515
1,0.185,0.0125,0.012500000186264515
1,0.1525,0.0125,0.012500000186264515
1,0.1875,0.0125,0.012500000186264515
1,0.11750001,0.0125,0.012500000186264515
1,0.1475,0.0125,0.012500000186264515
1,0.12,0.0125,0.012500000186264515
1,0.10250001,0.0125,0.012500000186264515
1,0.13,0.0125,0.012500000186264515
1,0.13499999,0.0125,0.012500000186264515
1,0.14,0.0125,0.012500000186264515
1,0.11750001,0.0125,0.012500000186264515
1,0.125,0.0125,0.012500000186264515
1,0.1275,0.0125,0.012500000186264515
1,0.40249997,0.0125,0.012500000186264515
1,0.9225,0.0125,0.012500000186264515
1,0.88,0.0125,0.012500000186264515
1,0.35500002,0.0125,0.012500000186264515
1,0.4075,0.0125,0.012500000186264515
1,0.705,0.0125,0.012500000186264515
1,0.6925,0.0125,0.012500000186264515
1,0.4,0.0125,0.012500000186264515
1,0.68999994,0.0125,0.012500000186264515
1,0.7525,0.0125,0.012500000186264515
1,0.5475,0.0125,0.012500000186264515
1,0.4225,0.0125,0.012500000186264515
1,0.4125,0.0125,0.012500000186264515
1,0.4325,0.0125,0.012500000186264515
1,0.115,0.0125,0.012500000186264515
1,0.12,0.0125,0.012500000186264515
1,0.12,0.0125,0.012500000186264515
1,0.10750001,0.0125,0.012500000186264515
1,0.11,0.0125,0.012500000186264515
1,0.12,0.0125,0.012500000186264515
1,0.115,0.0125,0.012500000186264515
1,0.1125,0.0125,0.012500000186264515
1,0.13,0.0125,0.012500000186264515
1,0.13,0.0125,0.012500000186264515
1,0.12,0.0125,0.012500000186264515
1,0.1125,0.0125,0.012500000186264515
1,0.13,0.0125,0.012500000186264515
1,0.1125,0.0125,0.012500000186264515
1,0.13,0.0125,0.012500000186264515
1,0.1,0.0125,0.012500000186264515
1,0.10250001,0.0125,0.012500000186264515
1,0.10750001,0.0125,0.012500000186264515
1,0.1125,0.0125,0.012500000186264515
1,0.10750001,0.0125,0.012500000186264515
1,0.122499995,0.0125,0.012500000186264515
1,0.095,0.0125,0.012500000186264515
1,0.122499995,0.0125,0.012500000186264515
1,0.105000004,0.0125,0.012500000186264515
1,0.115,0.0125,0.012500000186264515
1,0.105000004,0.0125,0.012500000186264515
1,0.11,0.0125,0.012500000186264515
1,0.085,0.0125,0.012500000186264515
1,0.12,0.0125,0.012500000186264515
1,0.10250001,0.0125,0.012500000186264515
1,0.0925,0.24971418,0.24972043931484222
1,0.11,0.32932723,0.32932600378990173
1,0.1125,0.32589662,0.32589784264564514
1,0.122499995,0.32251006,0.3225089907646179
1,0.35000002,0.31915998,0.31915977597236633
1,0.47499996,0.31584588,0.3158455491065979
1,0.525,0.31256863,0.3125634491443634
1,0.6325,0.3093231,0.30932343006134033
1,0.83000004,0.30610773,0.3061126172542572
1,0.405,0.3029376,0.3029398024082184
1,0.66749996,0.29979503,0.29979848861694336
1,0.78499997,0.29669365,0.29669108986854553
1,0.57,0.29362717,0.29362061619758606
1,0.46249998,0.2905849,0.2905846834182739
1,0.122499995,0.28757545,0.2875739634037018
1,0.11750001,0.28460234,0.28460240364074707
1,0.22000001,0.2816645,0.28165897727012634
1,0.26250002,0.27875343,0.2787459194660187
1,0.10250001,0.27586275,0.2758738696575165
1,0.11750001,0.27302727,0.2730255722999573
1,0.089999996,0.2702062,0.2702057361602783
1,0.10250001,0.26742148,0.2674255967140198
1,0.11750001,0.26466358,0.26466426253318787
1,0.1,0.26193914,0.26193615794181824
1,0.10750001,0.24961981,0.24962753057479858
1,0.11750001,0.31861985,0.3186195492744446
1,0.10250001,0.31529063,0.3152918815612793
1,0.11,0.31201664,0.3120253384113312
1,0.095,0.30878732,0.3087906837463379
1,0.61249995,0.3055745,0.30558088421821594
1,0.375,0.302431,0.30241164565086365
1,0.0975,0.2992896,0.2992686927318573
1,0.13,0.2961759,0.2961755692958832
1,0.23750001,0.29311648,0.2931195795536041
1,0.1525,0.2900747,0.29008615016937256
1,0.23,0.28708437,0.2870779037475586
1,0.2725,0.28412157,0.2841048538684845
1,0.2,0.2811887,0.2811780273914337
1,0.14999999,0.27829188,0.27827006578445435
1,0.074999996,0.2753829,0.27538612484931946
1,0.14500001,0.27252924,0.2725566029548645
1,0.13499999,0.26974916,0.26973986625671387
1,0.10750001,0.26696506,0.26698118448257446
1,0.1125,0.2641982,0.2642096281051636
1,0.089999996,0.26150247,0.2614886462688446
1,0.095,0.25881082,0.2588082551956177
1,0.1,0.25613236,0.256154865026474
1,0.095,0.25349522,0.25348955392837524
1,0.0975,0.0125,0.012500000186264515
1,0.0775,0.0125,0.012500000186264515
1,0.082499996,0.0125,0.012500000186264515
1,0.10250001,0.0125,0.012500000186264515
1,0.35750002,0.0125,0.012500000186264515
1,0.35500002,0.0125,0.012500000186264515
1,0.32500002,0.0125,0.012500000186264515
1,0.105000004,0.0125,0.012500000186264515
1,0.1675,0.0125,0.012500000186264515
1,0.122499995,0.0125,0.012500000186264515
1,0.10250001,0.0125,0.012500000186264515
1,0.105000004,0.0125,0.012500000186264515
1,0.0975,0.0125,0.012500000186264515
1,0.185,0.0125,0.012500000186264515
1,0.46499997,0.0125,0.012500000186264515
1,0.26250002,0.0125,0.012500000186264515
1,0.155,0.0125,0.012500000186264515
1,0.1775,0.0125,0.012500000186264515
1,0.16499999,0.0125,0.012500000186264515
1,0.074999996,0.0125,0.012500000186264515
1,0.0975,0.0125,0.012500000186264515
1,0.089999996,0.0125,0.012500000186264515
1,0.105000004,0.0125,0.012500000186264515
1,0.095,0.0125,0.012500000186264515
1,0.10250001,0.0125,0.012500000186264515
1,0.074999996,0.0125,0.012500000186264515
1,0.10750001,0.0125,0.012500000186264515
1,0.089999996,0.0125,0.012500000186264515
1,0.32500002,0.0125,0.012500000186264515
1,0.11,0.0125,0.012500000186264515
1,0.395,0.0125,0.012500000186264515
1,0.395,0.0125,0.012500000186264515
1,0.27750003,0.0125,0.012500000186264515
1,0.10750001,0.0125,0.012500000186264515
1,0.4,0.0125,0.012500000186264515
1,0.1775,0.0125,0.012500000186264515
1,0.2325,0.0125,0.012500000186264515
1,0.21500002,0.0125,0.012500000186264515
1,0.73749995,0.0125,0.012500000186264515
1,0.3775,0.0125,0.012500000186264515
1,0.44749996,0.0125,0.012500000186264515
1,0.53,0.0125,0.012500000186264515
1,0.1725,0.0125,0.012500000186264515
1,0.115,0.0125,0.012500000186264515
1,0.10750001,0.0125,0.012500000186264515
1,0.074999996,0.0125,0.012500000186264515
1,0.1,0.0125,0.012500000186264515
1,0.105000004,0.0125,0.012500000186264515
1,0.115,0.0125,0.012500000186264515
1,0.095,0.0125,0.012500000186264515
1,0.11,0.0125,0.012500000186264515
1,0.1,0.0125,0.012500000186264515
1,0.1125,0.0125,0.012500000186264515
1,0.105000004,0.0125,0.012500000186264515
1,0.26,0.0125,0.012500000186264515
1,0.49749997,0.0125,0.012500000186264515
1,0.1675,0.0125,0.012500000186264515
1,0.20500001,0.0125,0.012500000186264515
1,0.122499995,0.0125,0.012500000186264515
1,0.27,0.0125,0.012500000186264515
1,0.155,0.0125,0.012500000186264515
1,0.1625,0.0125,0.012500000186264515
1,0.11,0.0125,0.012500000186264515
1,0.33,0.0125,0.012500000186264515
1,0.39749998,0.0125,0.012500000186264515
1,0.19,0.0125,0.012500000186264515
1,0.12,0.0125,0.012500000186264515
1,0.0975,0.0125,0.012500000186264515
1,0.12,0.0125,0.012500000186264515
1,0.125,0.0125,0.012500000186264515
1,0.10750001,0.0125,0.012500000186264515
1,0.10750001,0.0125,0.012500000186264515
1,0.0875,0.0125,0.012500000186264515
1,0.095,0.0125,0.012500000186264515
1,0.095,0.0125,0.012500000186264515
1,0.10250001,0.0125,0.012500000186264515
1,0.35500002,0.0125,0.012500000186264515
1,0.20500001,0.0125,0.012500000186264515
1,0.1275,0.0125,0.012500000186264515
1,0.71750003,0.0125,0.012500000186264515
1,0.36,0.0125,0.012500000186264515
1,0.41499996,0.0125,0.012500000186264515
1,0.5375,0.0125,0.012500000186264515
1,0.21000001,0.0125,0.012500000186264515
1,0.122499995,0.0125,0.012500000186264515
1,0.105000004,0.0125,0.012500000186264515
1,0.47499996,0.0125,0.012500000186264515
1,0.345,0.0125,0.012500000186264515
1,0.49749997,0.0125,0.012500000186264515
1,0.10250001,0.0125,0.012500000186264515
1,0.115,0.0125,0.012500000186264515
1,0.125,0.0125,0.012500000186264515
1,0.1125,0.0125,0.012500000186264515
1,0.105000004,0.0125,0.012500000186264515
1,0.105000004,0.0125,0.012500000186264515
1,0.105000004,0.0125,0.012500000186264515
1,0.105000004,0.0125,0.012500000186264515
1,0.122499995,0.0125,0.012500000186264515
1,0.1125,0.0125,0.012500000186264515
1,0.1125,0.0125,0.012500000186264515
1,0.13499999,0.0125,0.012500000186264515
1,0.11750001,0.0125,0.012500000186264515
1,0.23500001,0.0125,0.012500000186264515
1,0.42999998,0.0125,0.012500000186264515
1,0.26250002,0.0125,0.012500000186264515
1,0.16000001,0.0125,0.012500000186264515
1,0.175,0.0125,0.012500000186264515
1,0.17999999,0.0125,0.012500000186264515
1,0.16000001,0.0125,0.012500000186264515
1,0.1625,0.0125,0.012500000186264515
1,0.1675,0.0125,0.012500000186264515
1,0.17,0.0125,0.012500000186264515
1,0.1625,0.0125,0.012500000186264515
1,0.1625,0.0125,0.012500000186264515
1,0.1725,0.0125,0.012500000186264515
1,0.1625,0.0125,0.012500000186264515
1,0.11750001,0.0125,0.012500000186264515
1,0.1325,0.0125,0.012500000186264515
1,0.115,0.0125,0.012500000186264515
1,0.0975,0.0125,0.012500000186264515
1,0.1,0.24969044,0.2496829628944397
1,0.11750001,0.32927752,0.3292749226093292
1,0.085,0.3258417,0.3258512318134308
1,0.1125,0.3224595,0.3224577009677887
1,0.38000003,0.31911588,0.3191124498844147
1,0.38750002,0.3157952,0.3157972991466522
1,0.4125,0.3125174,0.3125176429748535
1,0.1275,0.30927613,0.3092750310897827
1,0.2,0.30606627,0.30606305599212646
1,0.21000001,0.30289295,0.30289414525032043
1,0.1775,0.299756,0.29975372552871704
1,0.1275,0.29664865,0.296648234128952
1,0.11750001,0.2935717,0.29357966780662537
1,0.16000001,0.29053545,0.29053571820259094
1,0.1775,0.2875378,0.28753480315208435
1,0.10250001,0.28455487,0.2845553159713745
1,0.2975,0.28162026,0.2816140353679657
1,0.17999999,0.2787075,0.2787080407142639
1,0.125,0.2758334,0.2758289873600006
1,0.12,0.27299038,0.27297893166542053
1,0.1125,0.27016288,0.27016687393188477
1,0.122499995,0.26737836,0.26738348603248596
1,0.105000004,0.26463112,0.26462697982788086
1,0.105000004,0.261898,0.2618986666202545
1,0.11750001,0.24958365,0.2496062070131302
1,0.122499995,0.31857327,0.31856557726860046
1,0.1275,0.31527072,0.31525668501853943
1,0.10750001,0.31199554,0.31198152899742126
1,0.122499995,0.30871677,0.3087387979030609
1,0.122499995,0.30553794,0.3055277466773987
1,0.3925,0.30236077,0.30237480998039246
1,0.3675,0.29924616,0.29923316836357117
1,0.3675,0.29612857,0.29613205790519714
1,0.13,0.29308507,0.29306191205978394
1,0.13,0.29005548,0.2900497317314148
1,0.122499995,0.287054,0.28704795241355896
1,0.1525,0.2840579,0.28405770659446716
1,0.125,0.28112125,0.2811411917209625
1,0.105000004,0.27822268,0.27822595834732056
1,0.11,0.2753505,0.2753518223762512
1,0.125,0.2725166,0.2725141644477844
1,0.175,0.26971763,0.26970210671424866
1,0.175,0.26690122,0.26691949367523193
1,0.115,0.26415953,0.2641506493091583
1,0.122499995,0.2614439,0.261455774307251
1,0.13499999,0.25875726,0.2587590515613556
1,0.11,0.25607458,0.25609177350997925
1,0.1325,0.25348362,0.25344884395599365
1,0.12,0.0125,0.012500000186264515
1,0.1375,0.0125,0.012500000186264515
1,0.12,0.0125,0.012500000186264515
1,0.125,0.0125,0.012500000186264515
1,0.1275,0.0125,0.012500000186264515
1,0.122499995,0.0125,0.012500000186264515
1,0.14,0.0125,0.012500000186264515
1,0.2825,0.0125,0.012500000186264515
1,0.22250003,0.0125,0.012500000186264515
1,0.1825,0.0125,0.012500000186264515
1,0.1825,0.0125,0.012500000186264515
1,0.14,0.0125,0.012500000186264515
1,0.10250001,0.0125,0.012500000186264515
1,0.10750001,0.0125,0.012500000186264515
1,0.175,0.0125,0.012500000186264515
1,0.1675,0.0125,0.012500000186264515
1,0.12,0.0125,0.012500000186264515
1,0.13499999,0.0125,0.012500000186264515
1,0.105000004,0.0125,0.012500000186264515
1,0.11750001,0.0125,0.012500000186264515
1,0.13499999,0.0125,0.012500000186264515
1,0.115,0.0125,0.012500000186264515
1,0.0875,0.0125,0.012500000186264515
1,0.115,0.0125,0.012500000186264515
1,0.11,0.0125,0.012500000186264515
1,0.12,0.0125,0.012500000186264515
1,0.115,0.0125,0.012500000186264515
1,0.125,0.0125,0.012500000186264515
1,0.5975,0.0125,0.012500000186264515
1,0.5475,0.0125,0.012500000186264515
1,0.455,0.0125,0.012500000186264515
1,0.55,0.0125,0.012500000186264515
1,0.5775,0.0125,0.012500000186264515
1,0.375,0.0125,0.012500000186264515
1,0.5625,0.0125,0.012500000186264515
1,0.5375,0.0125,0.012500000186264515
1,0.675,0.0125,0.012500000186264515
1,0.5025,0.0125,0.012500000186264515
1,0.3925,0.0125,0.012500000186264515
1,0.3175,0.0125,0.012500000186264515
1,0.305,0.0125,0.012500000186264515
1,0.1125,0.0125,0.012500000186264515
1,0.195,0.0125,0.012500000186264515
1,0.0975,0.0125,0.012500000186264515
1,0.10750001,0.0125,0.012500000186264515
1,0.095,0.0125,0.012500000186264515
1,0.082499996,0.0125,0.012500000186264515
1,0.11,0.0125,0.012500000186264515
1,0.125,0.0125,0.012500000186264515
1,0.10250001,0.0125,0.012500000186264515
1,0.115,0.0125,0.012500000186264515
1,0.0925,0.0125,0.012500000186264515
1,0.89750004,0.0125,0.012500000186264515
1,0.40249997,0.0125,0.012500000186264515
1,0.35750002,0.0125,0.012500000186264515
1,0.2125,0.0125,0.012500000186264515
1,0.12,0.0125,0.012500000186264515
1,0.20750001,0.0125,0.012500000186264515
1,0.2,0.0125,0.012500000186264515
1,0.14500001,0.0125,0.012500000186264515
1,0.175,0.0125,0.012500000186264515
1,0.105000004,0.0125,0.012500000186264515
1,0.12,0.0125,0.012500000186264515
1,0.16000001,0.0125,0.012500000186264515
1,0.11750001,0.0125,0.012500000186264515
1,0.13,0.0125,0.012500000186264515
1,0.13,0.0125,0.012500000186264515
1,0.13,0.0125,0.012500000186264515
1,0.13499999,0.0125,0.012500000186264515
1,0.1425,0.0125,0.012500000186264515
1,0.13,0.0125,0.012500000186264515
1,0.12,0.0125,0.012500000186264515
1,0.1275,0.0125,0.012500000186264515
1,0.13499999,0.0125,0.012500000186264515
1,0.125,0.0125,0.012500000186264515
1,0.122499995,0.0125,0.012500000186264515
1,0.125,0.0125,0.012500000186264515
1,0.122499995,0.0125,0.012500000186264515
1,0.315,0.0125,0.012500000186264515
1,0.11750001,0.0125,0.012500000186264515
1,0.46499997,0.0125,0.012500000186264515
1,0.44249997,0.0125,0.012500000186264515
1,0.40999997,0.0125,0.012500000186264515
1,0.43749997,0.0125,0.012500000186264515
1,0.1325,0.0125,0.012500000186264515
1,0.1325,0.0125,0.012500000186264515
1,0.1825,0.0125,0.012500000186264515
1,0.11750001,0.0125,0.012500000186264515
1,0.2,0.0125,0.012500000186264515
1,0.11,0.0125,0.012500000186264515
1,0.122499995,0.0125,0.012500000186264515
1,0.1275,0.0125,0.012500000186264515
1,0.1125,0.0125,0.012500000186264515
1,0.115,0.0125,0.012500000186264515
1,0.10750001,0.0125,0.012500000186264515
1,0.11,0.0125,0.012500000186264515
1,0.11750001,0.0125,0.012500000186264515
1,0.122499995,0.0125,0.012500000186264515
1,0.12,0.0125,0.012500000186264515
1,0.11,0.0125,0.012500000186264515
1,0.1275,0.0125,0.012500000186264515
1,0.12,0.0125,0.012500000186264515
1,0.2325,0.0125,0.012500000186264515
1,0.1275,0.0125,0.012500000186264515
1,0.12,0.0125,0.012500000186264515
1,0.1375,0.0125,0.012500000186264515
1,0.305,0.0125,0.012500000186264515
1,0.29250002,0.0125,0.012500000186264515
1,0.2975,0.0125,0.012500000186264515
1,0.13,0.0125,0.012500000186264515
1,0.1375,0.0125,0.012500000186264515
1,0.2025,0.0125,0.012500000186264515
1,0.1675,0.0125,0.012500000186264515
1,0.225,0.0125,0.012500000186264515
1,0.195,0.0125,0.012500000186264515
1,0.13499999,0.0125,0.012500000186264515
1,0.125,0.0125,0.012500000186264515
1,0.1475,0.0125,0.012500000186264515
1,0.122499995,0.0125,0.012500000186264515
1,0.115,0.0125,0.012500000186264515
1,0.13499999,0.24964409,0.24964599311351776
1,0.1875,0.32922307,0.3292214572429657
1,0.16499999,0.32580578,0.32580167055130005
1,0.16000001,0.3224085,0.3224095404148102
1,0.14500001,0.3190644,0.31906455755233765
1,0.1525,0.3157492,0.31574898958206177
1,0.43499997,0.312466,0.3124673068523407
1,0.4125,0.30922714,0.3092229962348938
1,0.56,0.30601448,0.30602118372917175
1,0.815,0.3028486,0.30284738540649414
1,0.43499997,0.29969522,0.29970794916152954
1,0.6825,0.2966001,0.29660290479660034
1,0.4775,0.29353452,0.29353460669517517
1,0.5125,0.29049143,0.2904950678348541
1,0.72749996,0.28748512,0.28748849034309387
1,0.185,0.28451553,0.2845154106616974
1,0.4275,0.28156897,0.28157439827919006
1,0.765,0.2786641,0.2786634564399719
1,0.5025,0.2757867,0.2757858633995056
1,0.17999999,0.27294844,0.27293887734413147
1,0.2875,0.2701238,0.2701241374015808
1,0.49499997,0.26734087,0.2673394978046417
1,0.2725,0.2645917,0.264585018157959
1,0.43499997,0.26186377,0.26185742020606995
1,0.405,0.24954203,0.24954180419445038
1,0.1325,0.3185311,0.3185158967971802
1,0.5175,0.3152369,0.31519392132759094
1,0.4,0.3119396,0.31194379925727844
1,0.58,0.30870175,0.30869853496551514
1,0.16499999,0.30548137,0.30550557374954224
1,0.5375,0.30230832,0.3023069202899933
1,0.5775,0.299195,0.29920291900634766
1,0.48250002,0.29609218,0.2960880398750305
1,0.4675,0.2930201,0.29301881790161133
1,0.5975,0.28998923,0.28998738527297974
1,0.345,0.28699893,0.2869984209537506
1,0.45,0.28404292,0.2840486764907837
1,0.2725,0.2811,0.28110256791114807
1,0.14,0.27820876,0.27818188071250916
1,0.84250003,0.27532545,0.2753055691719055
1,0.61749995,0.27247566,0.2724762260913849
1,0.1825,0.26966453,0.2696646451950073
1,0.3675,0.26688242,0.26689454913139343
1,0.38000003,0.26412874,0.26413363218307495
1,0.1825,0.26142675,0.26140522956848145
1,0.4175,0.25871414,0.25873157382011414
1,0.4225,0.25606254,0.25606295466423035
1,0.1725,0.2534317,0.25344526767730713
1,0.3675,0.0125,0.012500000186264515
1,0.47499996,0.0125,0.012500000186264515
1,0.4175,0.0125,0.012500000186264515
1,0.21000001,0.0125,0.012500000186264515
1,0.48499998,0.0125,0.012500000186264515
1,0.48250002,0.0125,0.012500000186264515
1,0.72249997,0.0125,0.012500000186264515
1,0.375,0.0125,0.012500000186264515
1,0.3325,0.0125,0.012500000186264515
1,0.45749998,0.0125,0.012500000186264515
1,0.3675,0.0125,0.012500000186264515
1,0.2125,0.0125,0.012500000186264515
1,0.1925,0.0125,0.012500000186264515
1,0.41499996,0.0125,0.012500000186264515
1,0.2,0.0125,0.012500000186264515
1,0.42499998,0.0125,0.012500000186264515
1,0.61249995,0.0125,0.012500000186264515
1,0.66499996,0.0125,0.012500000186264515
1,0.32000002,0.0125,0.012500000186264515
1,0.38250002,0.0125,0.012500000186264515
1,0.13,0.0125,0.012500000186264515
1,0.38250002,0.0125,0.012500000186264515
1,0.26500002,0.0125,0.012500000186264515
1,0.20750001,0.0125,0.012500000186264515
1,0.4125,0.0125,0.012500000186264515
1,0.22250003,0.0125,0.012500000186264515
1,0.375,0.0125,0.012500000186264515
1,0.24500002,0.0125,0.012500000186264515
1,0.395,0.0125,0.012500000186264515
1,0.3025,0.0125,0.012500000186264515
1,0.255,0.0125,0.012500000186264515
1,0.39749998,0.0125,0.012500000186264515
1,0.3125,0.0125,0.012500000186264515
1,0.4325,0.0125,0.012500000186264515
1,0.24000001,0.0125,0.012500000186264515
1,0.3,0.0125,0.012500000186264515
1,0.335,0.0125,0.012500000186264515
1,0.525,0.0125,0.012500000186264515
1,0.12,0.0125,0.012500000186264515
1,0.4725,0.0125,0.012500000186264515
1,0.46499997,0.0125,0.012500000186264515
1,0.35000002,0.0125,0.012500000186264515
1,0.365,0.0125,0.012500000186264515
1,0.3125,0.0125,0.012500000186264515
1,0.11,0.0125,0.012500000186264515
1,0.16499999,0.0125,0.012500000186264515
1,0.1125,0.0125,0.012500000186264515
1,0.11,0.0125,0.012500000186264515
1,0.2275,0.0125,0.012500000186264515
1,0.35750002,0.0125,0.012500000186264515
1,0.2325,0.0125,0.012500000186264515
1,0.11750001,0.0125,0.012500000186264515
1,0.5825,0.0125,0.012500000186264515
1,0.3125,0.0125,0.012500000186264515
1,0.4675,0.0125,0.012500000186264515
1,0.32750002,0.0125,0.012500000186264515
1,0.2525,0.0125,0.012500000186264515
1,0.2675,0.0125,0.012500000186264515
1,0.125,0.0125,0.012500000186264515
1,0.285,0.0125,0.012500000186264515
1,0.4725,0.0125,0.012500000186264515
1,0.7575,0.0125,0.012500000186264515
1,0.122499995,0.0125,0.012500000186264515
1,0.1625,0.0125,0.012500000186264515
1,0.3925,0.0125,0.012500000186264515
1,0.34,0.0125,0.012500000186264515
1,0.305,0.0125,0.012500000186264515
1,0.11750001,0.0125,0.012500000186264515
1,0.1425,0.0125,0.012500000186264515
1,0.2025,0.0125,0.012500000186264515
1,0.3625,0.0125,0.012500000186264515
1,0.1425,0.0125,0.012500000186264515
1,0.37,0.0125,0.012500000186264515
1,0.23,0.0125,0.012500000186264515
1,0.14,0.0125,0.012500000186264515
1,0.122499995,0.0125,0.012500000186264515
1,0.1875,0.0125,0.012500000186264515
1,0.5475,0.0125,0.012500000186264515
1,0.80749995,0.0125,0.012500000186264515
1,1.02,0.0125,0.012500000186264515
1,0.945,0.0125,0.012500000186264515
1,0.65,0.0125,0.012500000186264515
1,0.6975,0.0125,0.012500000186264515
1,0.66749996,0.0125,0.012500000186264515
1,0.29000002,0.0125,0.012500000186264515
1,0.155,0.0125,0.012500000186264515
1,0.17,0.0125,0.012500000186264515
1,0.42499998,0.0125,0.012500000186264515
1,0.29250002,0.0125,0.012500000186264515
1,0.35750002,0.0125,0.012500000186264515
1,0.11,0.0125,0.012500000186264515
1,0.405,0.0125,0.012500000186264515
1,0.11,0.0125,0.012500000186264515
1,0.32250002,0.0125,0.012500000186264515
1,0.1125,0.0125,0.012500000186264515
1,0.11750001,0.0125,0.012500000186264515
1,0.375,0.0125,0.012500000186264515
1,0.6525,0.0125,0.012500000186264515
1,0.29250002,0.0125,0.012500000186264515
1,0.10750001,0.0125,0.012500000186264515
1,0.41499996,0.0125,0.012500000186264515
1,0.155,0.0125,0.012500000186264515
1,0.11,0.0125,0.012500000186264515
1,0.30750003,0.0125,0.012500000186264515
1,0.39749998,0.0125,0.012500000186264515
1,0.12,0.0125,0.012500000186264515
1,0.1275,0.0125,0.012500000186264515
1,0.27,0.0125,0.012500000186264515
1,0.2525,0.0125,0.012500000186264515
1,0.23500001,0.0125,0.012500000186264515
1,0.5925,0.0125,0.012500000186264515
1,0.2125,0.0125,0.012500000186264515
1,0.11750001,0.0125,0.012500000186264515
1,0.10750001,0.0125,0.012500000186264515
1,0.11750001,0.0125,0.012500000186264515
1,0.125,0.0125,0.012500000186264515
1,0.11,0.0125,0.012500000186264515
1,0.12,0.0125,0.012500000186264515
1,0.35000002,0.0125,0.012500000186264515
1,0.23,0.0125,0.012500000186264515
1,0.16000001,0.24960162,0.2496090978384018
1,0.0975,0.32916328,0.3291718363761902
1,0.11750001,0.32575098,0.3257480561733246
1,0.38250002,0.32236433,0.322364866733551
1,0.35250002,0.3190148,0.3190186023712158
1,0.55249995,0.3156933,0.31569704413414
1,0.47499996,0.3124229,0.31242308020591736
1,0.6825,0.30917683,0.3091779351234436
1,0.7075,0.30596966,0.305973082780838
1,0.4775,0.30280143,0.3028024137020111
1,0.38500002,0.29966444,0.29965800046920776
1,0.38500002,0.29655477,0.2965574562549591
1,0.61,0.29349002,0.29348552227020264
1,0.21000001,0.2904496,0.2904526889324188
1,0.38750002,0.28744307,0.28744229674339294
1,0.455,0.28447014,0.2844676971435547
1,0.345,0.28153083,0.28152939677238464
1,0.37,0.27862307,0.27862152457237244
1,0.3475,0.27575094,0.27574706077575684
1,0.3325,0.27289763,0.2728985846042633
1,0.0925,0.27008623,0.27008378505706787
1,0.1275,0.2673015,0.26730096340179443
1,0.3,0.2645474,0.2645467519760132
1,0.33,0.2618226,0.2618233859539032
1,0.35000002,0.24951886,0.2495078146457672
1,0.345,0.318433,0.31845661997795105
1,0.3725,0.31513867,0.3151542544364929
1,0.23750001,0.31188658,0.3118804097175598
1,0.105000004,0.30864537,0.30866149067878723
1,0.5375,0.30545184,0.3054453134536743
1,0.22000001,0.30229062,0.30227166414260864
1,0.41499996,0.29913777,0.2991357445716858
1,0.60499996,0.29604572,0.29604652523994446
1,0.6525,0.2929771,0.29298293590545654
1,0.45,0.28994742,0.28993725776672363
1,0.3725,0.28694355,0.28694087266921997
1,0.08,0.2839646,0.2839721143245697
1,0.36,0.28103817,0.28104734420776367
1,0.2875,0.2781783,0.2781321108341217
1,0.3425,0.2752593,0.2752637565135956
1,0.4525,0.27244306,0.2724359929561615
1,0.1525,0.26963264,0.26963281631469727
1,0.1975,0.2668264,0.2668258249759674
1,0.155,0.26408115,0.264090895652771
1,0.095,0.26135948,0.26137852668762207
1,0.35250002,0.25867948,0.2586790919303894
1,0.11,0.25601277,0.2560155987739563
1,0.10250001,0.25336906,0.2533811628818512
1,0.0975,0.0125,0.012500000186264515
1,0.3375,0.0125,0.012500000186264515
1,0.365,0.0125,0.012500000186264515
1,0.255,0.0125,0.012500000186264515
1,0.5175,0.0125,0.012500000186264515
1,0.4175,0.0125,0.012500000186264515
1,0.4,0.0125,0.012500000186264515
1,0.4525,0.0125,0.012500000186264515
1,0.525,0.0125,0.012500000186264515
1,0.44249997,0.0125,0.012500000186264515
1,0.42,0.0125,0.012500000186264515
1,0.2,0.0125,0.012500000186264515
1,0.59,0.0125,0.012500000186264515
1,0.345,0.0125,0.012500000186264515
1,0.14500001,0.0125,0.012500000186264515
1,0.1275,0.0125,0.012500000186264515
1,0.24000001,0.0125,0.012500000186264515
1,0.3475,0.0125,0.012500000186264515
1,0.3625,0.0125,0.012500000186264515
1,0.255,0.0125,0.012500000186264515
1,0.1725,0.0125,0.012500000186264515
1,0.23750001,0.0125,0.012500000186264515
1,0.45,0.0125,0.012500000186264515
1,0.125,0.0125,0.012500000186264515
1,0.122499995,0.0125,0.012500000186264515
1,0.23750001,0.0125,0.012500000186264515
1,0.34,0.0125,0.012500000186264515
1,0.45,0.0125,0.012500000186264515
1,0.125,0.0125,0.012500000186264515
1,0.14,0.0125,0.012500000186264515
1,0.12,0.0125,0.012500000186264515
1,0.12,0.0125,0.012500000186264515
1,0.10250001,0.0125,0.012500000186264515
1,0.2975,0.0125,0.012500000186264515
1,0.39000002,0.0125,0.012500000186264515
1,0.3675,0.0125,0.012500000186264515
1,0.43499997,0.0125,0.012500000186264515
1,0.13499999,0.0125,0.012500000186264515
1,0.29000002,0.0125,0.012500000186264515
1,0.43749997,0.0125,0.012500000186264515
1,0.29500002,0.0125,0.012500000186264515
1,0.1875,0.0125,0.012500000186264515
1,0.26250002,0.0125,0.012500000186264515
1,0.1325,0.0125,0.012500000186264515
1,0.54499996,0.0125,0.012500000186264515
1,0.1375,0.0125,0.012500000186264515
1,0.3325,0.0125,0.012500000186264515
1,0.375,0.0125,0.012500000186264515
1,0.43499997,0.0125,0.012500000186264515
1,0.2425,0.0125,0.012500000186264515
1,0.1375,0.0125,0.012500000186264515
1,0.14,0.0125,0.012500000186264515
1,0.1425,0.0125,0.012500000186264515
1,0.5275,0.0125,0.012500000186264515
1,0.3475,0.0125,0.012500000186264515
1,0.53499997,0.0125,0.012500000186264515
1,0.49749997,0.0125,0.012500000186264515
1,0.26250002,0.0125,0.012500000186264515
1,0.5225,0.0125,0.012500000186264515
1,0.2975,0.0125,0.012500000186264515
1,0.5675,0.0125,0.012500000186264515
1,0.505,0.0125,0.012500000186264515
1,0.71250004,0.0125,0.012500000186264515
1,0.6575,0.0125,0.012500000186264515
1,0.67,0.0125,0.012500000186264515
1,0.59999996,0.0125,0.012500000186264515
1,0.22000001,0.0125,0.012500000186264515
1,0.305,0.0125,0.012500000186264515
1,0.3925,0.0125,0.012500000186264515
1,0.35000002,0.0125,0.012500000186264515
1,0.36,0.0125,0.012500000186264515
1,0.3725,0.0125,0.012500000186264515
1,0.3625,0.0125,0.012500000186264515
1,0.3625,0.0125,0.012500000186264515
1,0.23,0.0125,0.012500000186264515
1,0.1375,0.0125,0.012500000186264515
1,0.26,0.0125,0.012500000186264515
1,0.67,0.0125,0.012500000186264515
1,0.685,0.0125,0.012500000186264515
1,0.60499996,0.0125,0.012500000186264515
1,0.60499996,0.0125,0.012500000186264515
1,0.4075,0.0125,0.012500000186264515
1,0.74999994,0.0125,0.012500000186264515
1,0.78749996,0.0125,0.012500000186264515
1,0.82000005,0.0125,0.012500000186264515
1,0.12,0.0125,0.012500000186264515
1,0.1125,0.0125,0.012500000186264515
1,0.1475,0.0125,0.012500000186264515
1,0.155,0.0125,0.012500000186264515
1,0.405,0.0125,0.012500000186264515
1,0.45749998,0.0125,0.012500000186264515
1,0.1925,0.0125,0.012500000186264515
1,0.1325,0.0125,0.012500000186264515
1,0.195,0.0125,0.012500000186264515
1,0.32500002,0.0125,0.012500000186264515
1,0.125,0.0125,0.012500000186264515
1,0.1525,0.0125,0.012500000186264515
1,0.2125,0.0125,0.012500000186264515
1,0.345,0.0125,0.012500000186264515
1,0.1275,0.0125,0.012500000186264515
1,0.1325,0.0125,0.012500000186264515
1,0.122499995,0.0125,0.012500000186264515
1,0.1325,0.0125,0.012500000186264515
1,0.14500001,0.0125,0.012500000186264515
1,0.46999997,0.0125,0.012500000186264515
1,0.1425,0.0125,0.012500000186264515
1,0.11,0.0125,0.012500000186264515
1,0.34,0.0125,0.012500000186264515
1,0.1525,0.0125,0.012500000186264515
1,0.11750001,0.0125,0.012500000186264515
1,0.3,0.0125,0.012500000186264515
1,0.29250002,0.0125,0.012500000186264515
1,0.56,0.0125,0.012500000186264515
1,0.13499999,0.0125,0.012500000186264515
1,0.122499995,0.0125,0.012500000186264515
1,0.11,0.0125,0.012500000186264515
1,0.115,0.0125,0.012500000186264515
1,0.1125,0.0125,0.012500000186264515
1,0.122499995,0.0125,0.012500000186264515
1,0.1425,0.0125,0.012500000186264515
1,0.3725,0.24956496,0.24956747889518738
1,0.16499999,0.32912073,0.32912278175354004
1,0.115,0.3257028,0.3257008492946625
1,0.35750002,0.3223065,0.3223167657852173
1,0.105000004,0.31896368,0.31896302103996277
1,0.3625,0.31564856,0.31565412878990173
1,0.675,0.31237623,0.3123757541179657
1,0.66499996,0.30913118,0.3091360330581665
1,0.6575,0.3059233,0.30592313408851624
1,0.5,0.30275562,0.30275100469589233
1,0.5075,0.29961693,0.2996124029159546
1,0.39749998,0.29651943,0.29651257395744324
1,0.44749996,0.29344437,0.2934378981590271
1,0.84999996,0.29040554,0.29040056467056274
1,0.6275,0.28739983,0.28740134835243225
1,0.71999997,0.28442922,0.2844279706478119
1,0.14,0.2814892,0.28148704767227173
1,0.14500001,0.27857766,0.27857863903045654
1,0.32500002,0.27570096,0.2757022976875305
1,0.37,0.27285784,0.27285951375961304
1,0.28000003,0.27004167,0.27004626393318176
1,0.1,0.2672631,0.2672588527202606
1,0.0875,0.26450577,0.264508455991745
1,0.405,0.26178104,0.26177945733070374
1,0.3625,0.24946348,0.24946320056915283
1,0.2675,0.31843397,0.31840139627456665
1,0.23500001,0.31511244,0.31508851051330566
1,0.16499999,0.31184402,0.3118297755718231
1,0.1125,0.30860174,0.30859532952308655
1,0.3025,0.30539164,0.3053784668445587
1,0.55249995,0.3022149,0.3022151589393616
1,0.4075,0.2990742,0.299102246761322
1,0.59999996,0.29598653,0.2959945797920227
1,0.6225,0.29291508,0.292940229177475
1,0.3675,0.28990617,0.2898987829685211
1,0.5825,0.2869268,0.2869096100330353
1,0.84250003,0.28394428,0.28392651677131653
1,0.93,0.2810168,0.28101634979248047
1,0.60749996,0.2780829,0.2780907452106476
1,0.27750003,0.27523175,0.2752261757850647
1,0.2,0.27238697,0.272382915019989
1,0.38250002,0.26958564,0.26957717537879944
1,0.32000002,0.2667982,0.2668026387691498
1,0.4125,0.26405764,0.26404842734336853
1,0.27,0.26132134,0.26132932305336
1,0.1375,0.25863725,0.2586490213871002
1,0.13499999,0.25597277,0.25597813725471497
1,0.3925,0.2533541,0.2533546984195709
1,0.3425,0.0125,0.012500000186264515
1,0.185,0.0125,0.012500000186264515
1,0.13,0.0125,0.012500000186264515
1,0.42,0.0125,0.012500000186264515
1,0.335,0.0125,0.012500000186264515
1,0.122499995,0.0125,0.012500000186264515
1,0.685,0.0125,0.012500000186264515
1,0.42,0.0125,0.012500000186264515
1,1.175,0.0125,0.012500000186264515
1,0.695,0.0125,0.012500000186264515
1,0.66249996,0.0125,0.012500000186264515
1,0.71750003,0.0125,0.012500000186264515
1,0.625,0.0125,0.012500000186264515
1,0.35500002,0.0125,0.012500000186264515
1,0.122499995,0.0125,0.012500000186264515
1,0.26,0.0125,0.012500000186264515
1,0.1775,0.0125,0.012500000186264515
1,0.17999999,0.0125,0.012500000186264515
1,0.12,0.0125,0.012500000186264515
1,0.44249997,0.0125,0.012500000186264515
1,0.32500002,0.0125,0.012500000186264515
1,0.32750002,0.0125,0.012500000186264515
1,0.29250002,0.0125,0.012500000186264515
1,0.22250003,0.0125,0.012500000186264515
1,0.40999997,0.0125,0.012500000186264515
1,0.365,0.0125,0.012500000186264515
1,0.4175,0.0125,0.012500000186264515
1,0.3475,0.0125,0.012500000186264515
1,0.35500002,0.0125,0.012500000186264515
1,0.43749997,0.0125,0.012500000186264515
1,0.32750002,0.0125,0.012500000186264515
1,0.16499999,0.0125,0.012500000186264515
1,0.48250002,0.0125,0.012500000186264515
1,0.5375,0.0125,0.012500000186264515
1,0.4325,0.0125,0.012500000186264515
1,0.305,0.0125,0.012500000186264515
1,0.49499997,0.0125,0.012500000186264515
1,0.1425,0.0125,0.012500000186264515
1,0.1675,0.0125,0.012500000186264515
1,0.2025,0.0125,0.012500000186264515
1,0.5925,0.0125,0.012500000186264515
1,0.35250002,0.0125,0.012500000186264515
1,0.175,0.0125,0.012500000186264515
1,0.14999999,0.0125,0.012500000186264515
1,0.185,0.0125,0.012500000186264515
1,0.21000001,0.0125,0.012500000186264515
1,0.2425,0.0125,0.012500000186264515
1,0.1975,0.0125,0.012500000186264515
1,0.125,0.0125,0.012500000186264515
1,0.23500001,0.0125,0.012500000186264515
1,0.155,0.0125,0.012500000186264515
1,0.42999998,0.0125,0.012500000186264515
1,0.1375,0.0125,0.012500000186264515
1,0.275,0.0125,0.012500000186264515
1,0.1575,0.0125,0.012500000186264515
1,0.13499999,0.0125,0.012500000186264515
1,0.5275,0.0125,0.012500000186264515
1,0.625,0.0125,0.012500000186264515
1,0.8125,0.0125,0.012500000186264515
1,0.42999998,0.0125,0.012500000186264515
1,0.39000002,0.0125,0.012500000186264515
1,0.4525,0.0125,0.012500000186264515
1,0.45749998,0.0125,0.012500000186264515
1,0.59499997,0.0125,0.012500000186264515
1,0.40249997,0.0125,0.012500000186264515
1,0.275,0.0125,0.012500000186264515
1,0.43749997,0.0125,0.012500000186264515
1,0.24750002,0.0125,0.012500000186264515
1,0.1475,0.0125,0.012500000186264515
1,0.1875,0.0125,0.012500000186264515
1,0.39749998,0.0125,0.012500000186264515
1,0.42999998,0.0125,0.012500000186264515
1,0.35500002,0.0125,0.012500000186264515
1,0.185,0.0125,0.012500000186264515
1,0.16499999,0.0125,0.012500000186264515
1,0.1525,0.0125,0.012500000186264515
1,0.14,0.0125,0.012500000186264515
1,0.14500001,0.0125,0.012500000186264515
1,0.5075,0.0125,0.012500000186264515
1,0.61249995,0.0125,0.012500000186264515
1,0.4775,0.0125,0.012500000186264515
1,0.53,0.0125,0.012500000186264515
1,0.48250002,0.0125,0.012500000186264515
1,0.365,0.0125,0.012500000186264515
1,0.13,0.0125,0.012500000186264515
1,0.11750001,0.0125,0.012500000186264515
1,0.1975,0.0125,0.012500000186264515
1,0.175,0.0125,0.012500000186264515
1,0.24000001,0.0125,0.012500000186264515
1,0.32750002,0.0125,0.012500000186264515
1,0.43749997,0.0125,0.012500000186264515
1,0.395,0.0125,0.012500000186264515
1,0.365,0.0125,0.012500000186264515
1,0.4125,0.0125,0.012500000186264515
1,0.1475,0.0125,0.012500000186264515
1,0.4075,0.0125,0.012500000186264515
1,0.3375,0.0125,0.012500000186264515
1,0.1875,0.0125,0.012500000186264515
1,0.1475,0.0125,0.012500000186264515
1,0.29000002,0.0125,0.012500000186264515
1,0.395,0.0125,0.012500000186264515
1,0.38500002,0.0125,0.012500000186264515
1,0.40249997,0.0125,0.012500000186264515
1,0.38250002,0.0125,0.012500000186264515
1,0.40249997,0.0125,0.012500000186264515
1,0.285,0.0125,0.012500000186264515
1,0.375,0.0125,0.012500000186264515
1,0.37,0.0125,0.012500000186264515
1,0.40249997,0.0125,0.012500000186264515
1,0.5275,0.0125,0.012500000186264515
1,0.20750001,0.0125,0.012500000186264515
1,0.155,0.0125,0.012500000186264515
1,0.16000001,0.0125,0.012500000186264515
1,0.3,0.0125,0.012500000186264515
1,0.28000003,0.0125,0.012500000186264515
1,0.4,0.0125,0.012500000186264515
1,0.305,0.0125,0.012500000186264515
1,0.1625,0.0125,0.012500000186264515
1,0.2825,0.0125,0.012500000186264515
1,0.20750001,0.0125,0.012500000186264515
1,0.225,0.24953401,0.24953322112560272
1,0.17999999,0.32906634,0.32907336950302124
1,0.3125,0.32564676,0.32565444707870483
1,0.38000003,0.3222666,0.32226288318634033
1,0.41499996,0.31891093,0.31891676783561707
1,0.3925,0.31560466,0.31560489535331726
1,0.4525,0.31232908,0.3123265504837036
1,0.32500002,0.30908254,0.3090832233428955
1,0.2125,0.30587745,0.3058807849884033
1,0.3175,0.30270964,0.30270808935165405
1,0.8,0.2995706,0.2995704710483551
1,0.3675,0.29646528,0.2964646816253662
1,0.49249998,0.2933941,0.2933981716632843
1,0.24500002,0.29035887,0.2903587222099304
1,0.24750002,0.2873537,0.28735536336898804
1,0.305,0.28438073,0.28438013792037964
1,0.77250004,0.28144562,0.28144824504852295
1,0.735,0.2785362,0.27853360772132874
1,0.11750001,0.27566507,0.27566367387771606
1,0.14999999,0.2728201,0.27282243967056274
1,0.32250002,0.27000365,0.27000242471694946
1,0.37,0.2672172,0.26722508668899536
1,0.24500002,0.2644665,0.2644632160663605
1,0.14500001,0.26173627,0.26174458861351013
1,0.1425,0.24941425,0.24944336712360382
1,0.44249997,0.31838435,0.31835317611694336
1,0.40999997,0.3150484,0.31506025791168213
1,0.1325,0.31178695,0.3117727041244507
1,0.1575,0.30854753,0.3085332214832306
1,0.5,0.30533758,0.3053346872329712
1,0.395,0.30217698,0.3021811246871948
1,0.39000002,0.29905173,0.29904431104660034
1,0.2,0.2959453,0.2959551215171814
1,0.1975,0.29288673,0.2929030656814575
1,0.14,0.2898563,0.28986719250679016
1,0.24500002,0.2868669,0.28684210777282715
1,0.2875,0.28391123,0.2839061915874481
1,0.20750001,0.28097332,0.28095367550849915
1,0.72499996,0.27805403,0.27803942561149597
1,0.865,0.27519745,0.2751929461956024
1,0.40249997,0.27233678,0.2723577618598938
1,0.38000003,0.26953343,0.2695361077785492
1,0.1375,0.26676318,0.26675868034362793
1,0.13499999,0.26398677,0.26400020718574524
1,0.3175,0.26128298,0.2612784802913666
1,0.1675,0.25859994,0.2586030066013336
1,0.16000001,0.25594246,0.25594162940979004
1,0.33,0.25329646,0.25331422686576843
1,0.445,0.0125,0.012500000186264515
1,0.14999999,0.0125,0.012500000186264515
1,0.1375,0.0125,0.012500000186264515
1,0.1425,0.0125,0.012500000186264515
1,0.13499999,0.0125,0.012500000186264515
1,0.2525,0.0125,0.012500000186264515
1,0.46,0.0125,0.012500000186264515
1,0.13,0.0125,0.012500000186264515
1,0.22000001,0.0125,0.012500000186264515
1,0.1675,0.0125,0.012500000186264515
1,0.6425,0.0125,0.012500000186264515
1,0.6825,0.0125,0.012500000186264515
1,0.6575,0.0125,0.012500000186264515
1,0.38250002,0.0125,0.012500000186264515
1,0.4075,0.0125,0.012500000186264515
1,0.395,0.0125,0.012500000186264515
1,0.4325,0.0125,0.012500000186264515
1,0.5775,0.0125,0.012500000186264515
1,0.695,0.0125,0.012500000186264515
1,0.2825,0.0125,0.012500000186264515
1,0.46499997,0.0125,0.012500000186264515
1,0.16499999,0.0125,0.012500000186264515
1,0.16499999,0.0125,0.012500000186264515
1,0.14999999,0.0125,0.012500000186264515
1,0.1525,0.0125,0.012500000186264515
1,0.4075,0.0125,0.012500000186264515
1,0.4125,0.0125,0.012500000186264515
1,0.49249998,0.0125,0.012500000186264515
1,0.3175,0.0125,0.012500000186264515
1,0.6475,0.0125,0.012500000186264515
1,0.675,0.0125,0.012500000186264515
1,0.73749995,0.0125,0.012500000186264515
1,0.60499996,0.0125,0.012500000186264515
1,0.5925,0.0125,0.012500000186264515
1,0.55749995,0.0125,0.012500000186264515
1,0.5925,0.0125,0.012500000186264515
1,0.56,0.0125,0.012500000186264515
1,0.4,0.0125,0.012500000186264515
1,0.175,0.0125,0.012500000186264515
1,0.47499996,0.0125,0.012500000186264515
1,0.48,0.0125,0.012500000186264515
1,0.49249998,0.0125,0.012500000186264515
1,0.38000003,0.0125,0.012500000186264515
1,0.4125,0.0125,0.012500000186264515
1,0.4225,0.0125,0.012500000186264515
1,0.305,0.0125,0.012500000186264515
1,0.29000002,0.0125,0.012500000186264515
1,0.22000001,0.0125,0.012500000186264515
1,0.2275,0.0125,0.012500000186264515
1,0.2125,0.0125,0.012500000186264515
1,0.2425,0.0125,0.012500000186264515
1,0.2975,0.0125,0.012500000186264515
1,0.45,0.0125,0.012500000186264515
1,0.5925,0.0125,0.012500000186264515
1,0.745,0.0125,0.012500000186264515
1,0.78,0.0125,0.012500000186264515
1,0.60499996,0.0125,0.012500000186264515
1,0.7975,0.0125,0.012500000186264515
1,0.4775,0.0125,0.012500000186264515
1,0.41499996,0.0125,0.012500000186264515
1,0.38500002,0.0125,0.012500000186264515
1,0.125,0.0125,0.012500000186264515
1,0.30750003,0.0125,0.012500000186264515
1,0.2325,0.0125,0.012500000186264515
1,0.47499996,0.0125,0.012500000186264515
1,0.34,0.0125,0.012500000186264515
1,0.2125,0.0125,0.012500000186264515
1,0.20750001,0.0125,0.012500000186264515
1,0.3025,0.0125,0.012500000186264515
1,0.1675,0.0125,0.012500000186264515
1,0.23500001,0.0125,0.012500000186264515
1,0.22000001,0.0125,0.012500000186264515
1,0.3125,0.0125,0.012500000186264515
1,0.13499999,0.0125,0.012500000186264515
1,0.2325,0.0125,0.012500000186264515
1,0.38000003,0.0125,0.012500000186264515
1,0.4075,0.0125,0.012500000186264515
1,0.38750002,0.0125,0.012500000186264515
1,0.6375,0.0125,0.012500000186264515
1,0.57,0.0125,0.012500000186264515
1,0.6475,0.0125,0.012500000186264515
1,0.48250002,0.0125,0.012500000186264515
1,0.49499997,0.0125,0.012500000186264515
1,0.4125,0.0125,0.012500000186264515
1,0.21500002,0.0125,0.012500000186264515
1,0.32250002,0.0125,0.012500000186264515
1,0.41499996,0.0125,0.012500000186264515
1,0.46249998,0.0125,0.012500000186264515
1,0.3925,0.0125,0.012500000186264515
1,0.38250002,0.0125,0.012500000186264515
1,0.16499999,0.0125,0.012500000186264515
1,0.1375,0.0125,0.012500000186264515
1,0.2975,0.0125,0.012500000186264515
1,0.3775,0.0125,0.012500000186264515
1,0.375,0.0125,0.012500000186264515
1,0.335,0.0125,0.012500000186264515
1,0.37,0.0125,0.012500000186264515
1,0.37,0.0125,0.012500000186264515
1,0.53,0.0125,0.012500000186264515
1,0.4125,0.0125,0.012500000186264515
1,0.3925,0.0125,0.012500000186264515
1,0.3025,0.0125,0.012500000186264515
1,0.20750001,0.0125,0.012500000186264515
1,0.20500001,0.0125,0.012500000186264515
1,0.185,0.0125,0.012500000186264515
1,0.1975,0.0125,0.012500000186264515
1,0.2275,0.0125,0.012500000186264515
1,0.39000002,0.0125,0.012500000186264515
1,0.4325,0.0125,0.012500000186264515
1,0.305,0.0125,0.012500000186264515
1,0.1375,0.0125,0.012500000186264515
1,0.55,0.0125,0.012500000186264515
1,0.1475,0.0125,0.012500000186264515
1,0.14500001,0.0125,0.012500000186264515
1,0.40999997,0.0125,0.012500000186264515
1,0.41499996,0.0125,0.012500000186264515
1,0.515,0.0125,0.012500000186264515
1,0.36,0.0125,0.012500000186264515
1,0.45749998,0.0125,0.012500000186264515
1,0.3725,0.0125,0.012500000186264515
1,0.27750003,0.24949053,0.2494865506887436
1,0.38750002,0.32902536,0.32902270555496216
1,0.4125,0.32559702,0.3255959153175354
1,0.5875,0.32221326,0.32221242785453796
1,0.635,0.31886354,0.3188636302947998
1,0.59,0.3155583,0.315553218126297
1,0.84749997,0.3122772,0.3122801184654236
1,0.505,0.30903545,0.30903688073158264
1,0.3475,0.30583227,0.3058287799358368
1,0.5875,0.30266166,0.30265992879867554
1,0.645,0.29952335,0.2995263636112213
1,0.68999994,0.29641092,0.29641997814178467
1,0.7975,0.2933489,0.2933475375175476
1,0.98249996,0.29031128,0.2903132438659668
1,0.835,0.2873114,0.28731268644332886
1,0.38500002,0.28433502,0.2843348979949951
1,0.61,0.28139687,0.28140100836753845
1,0.515,0.2784933,0.2784944772720337
1,0.35250002,0.27561498,0.27562040090560913
1,0.46,0.27277762,0.27277591824531555
1,0.38250002,0.26995885,0.26995939016342163
1,0.6525,0.26717916,0.26717740297317505
1,0.5225,0.26442912,0.26442402601242065
1,0.48,0.2617025,0.2617025375366211
1,0.555,0.24940161,0.24938875436782837
1,0.5625,0.31829813,0.31830957531929016
1,0.38750002,0.31498015,0.315001517534256
1,0.43499997,0.31176358,0.31174302101135254
1,0.39749998,0.30851656,0.3085126280784607
1,0.6375,0.30529252,0.3053087592124939
1,0.42499998,0.3021383,0.3021320402622223
1,0.4075,0.2989924,0.29900676012039185
1,0.45,0.2959051,0.29590606689453125
1,0.38500002,0.2928404,0.2928207814693451
1,1.14,0.2898292,0.2898217737674713
1,0.79,0.28680405,0.2868081331253052
1,0.5625,0.283837,0.2838568091392517
1,0.77250004,0.28092685,0.2809235453605652
1,0.5175,0.27801383,0.27803269028663635
1,0.6275,0.27513427,0.27514132857322693
1,0.3375,0.27230656,0.27230656147003174
1,0.87249994,0.2694959,0.26949235796928406
1,0.455,0.266714,0.26673340797424316
1,0.7,0.26397145,0.26397019624710083
1,1.275,0.2612588,0.26124826073646545
1,0.9225,0.2585635,0.2585560977458954
1,0.9025,0.25591123,0.2558962106704712
1,0.63,0.25328872,0.25327184796333313
1,0.64,0.0125,0.012500000186264515
1,0.54499996,0.0125,0.012500000186264515
1,0.7625,0.0125,0.012500000186264515
1,0.6975,0.0125,0.012500000186264515
1,0.5225,0.0125,0.012500000186264515
1,0.57,0.0125,0.012500000186264515
1,0.685,0.0125,0.012500000186264515
1,0.715,0.0125,0.012500000186264515
1,0.082499996,0.0125,0.012500000186264515
1,0.7625,0.0125,0.012500000186264515
1,0.72499996,0.0125,0.012500000186264515
1,0.83250004,0.0125,0.012500000186264515
1,0.68,0.0125,0.012500000186264515
1,0.96250004,0.0125,0.012500000186264515
1,0.96500003,0.0125,0.012500000186264515
1,0.7525,0.0125,0.012500000186264515
1,0.72749996,0.0125,0.012500000186264515
1,0.72499996,0.0125,0.012500000186264515
1,0.48,0.0125,0.012500000186264515
1,0.37,0.0125,0.012500000186264515
1,0.53499997,0.0125,0.012500000186264515
1,0.3725,0.0125,0.012500000186264515
1,0.515,0.0125,0.012500000186264515
1,0.455,0.0125,0.012500000186264515
1,0.35250002,0.0125,0.012500000186264515
1,0.4125,0.0125,0.012500000186264515
1,0.315,0.0125,0.012500000186264515
1,0.60749996,0.0125,0.012500000186264515
1,0.51,0.0125,0.012500000186264515
1,0.48499998,0.0125,0.012500000186264515
1,0.37,0.0125,0.012500000186264515
1,0.5625,0.0125,0.012500000186264515
1,0.5,0.0125,0.012500000186264515
1,0.705,0.0125,0.012500000186264515
1,0.395,0.0125,0.012500000186264515
1,0.42499998,0.0125,0.012500000186264515
1,0.4175,0.0125,0.012500000186264515
1,0.61,0.0125,0.012500000186264515
1,0.445,0.0125,0.012500000186264515
1,0.735,0.0125,0.012500000186264515
1,0.64,0.0125,0.012500000186264515
1,0.365,0.0125,0.012500000186264515
1,0.37,0.0125,0.012500000186264515
1,0.39749998,0.0125,0.012500000186264515
1,0.43749997,0.0125,0.012500000186264515
1,0.36,0.0125,0.012500000186264515
1,0.375,0.0125,0.012500000186264515
1,0.53999996,0.0125,0.012500000186264515
1,0.21500002,0.0125,0.012500000186264515
1,0.53249997,0.0125,0.012500000186264515
1,0.23500001,0.0125,0.012500000186264515
1,0.44749996,0.0125,0.012500000186264515
1,0.47499996,0.0125,0.012500000186264515
1,0.53499997,0.0125,0.012500000186264515
1,0.52,0.0125,0.012500000186264515
1,0.5375,0.0125,0.012500000186264515
1,0.305,0.0125,0.012500000186264515
1,0.53,0.0125,0.012500000186264515
1,0.6375,0.0125,0.012500000186264515
1,0.6275,0.0125,0.012500000186264515
1,0.78249997,0.0125,0.012500000186264515
1,0.3675,0.0125,0.012500000186264515
1,0.56,0.0125,0.012500000186264515
1,0.44249997,0.0125,0.012500000186264515
1,0.35750002,0.0125,0.012500000186264515
1,0.585,0.0125,0.012500000186264515
1,0.61749995,0.0125,0.012500000186264515
1,0.68999994,0.0125,0.012500000186264515
1,0.60749996,0.0125,0.012500000186264515
1,0.2975,0.0125,0.012500000186264515
1,0.39749998,0.0125,0.012500000186264515
1,0.5075,0.0125,0.012500000186264515
1,0.54499996,0.0125,0.012500000186264515
1,0.46499997,0.0125,0.012500000186264515
1,0.37,0.0125,0.012500000186264515
1,0.4525,0.0125,0.012500000186264515
1,0.4525,0.0125,0.012500000186264515
1,0.35250002,0.0125,0.012500000186264515
1,0.48999998,0.0125,0.012500000186264515
1,0.45,0.0125,0.012500000186264515
1,0.37,0.0125,0.012500000186264515
1,0.67249995,0.0125,0.012500000186264515
1,0.49499997,0.0125,0.012500000186264515
1,0.6275,0.0125,0.012500000186264515
1,0.3425,0.0125,0.012500000186264515
1,0.44249997,0.0125,0.012500000186264515
1,0.6375,0.0125,0.012500000186264515
1,0.5775,0.0125,0.012500000186264515
1,0.35500002,0.0125,0.012500000186264515
1,0.5025,0.0125,0.012500000186264515
1,0.3,0.0125,0.012500000186264515
1,0.5225,0.0125,0.012500000186264515
1,0.33,0.0125,0.012500000186264515
1,0.5375,0.0125,0.012500000186264515
1,0.47499996,0.0125,0.012500000186264515
1,0.3925,0.0125,0.012500000186264515
1,0.30750003,0.0125,0.012500000186264515
1,0.3425,0.0125,0.012500000186264515
1,0.38750002,0.0125,0.012500000186264515
1,0.48,0.0125,0.012500000186264515
1,0.42999998,0.0125,0.012500000186264515
1,0.615,0.0125,0.012500000186264515
1,0.585,0.0125,0.012500000186264515
1,0.3025,0.0125,0.012500000186264515
1,0.445,0.0125,0.012500000186264515
1,0.29250002,0.0125,0.012500000186264515
1,0.5925,0.0125,0.012500000186264515
1,0.53499997,0.0125,0.012500000186264515
1,0.395,0.0125,0.012500000186264515
1,0.49749997,0.0125,0.012500000186264515
1,0.41499996,0.0125,0.012500000186264515
1,0.345,0.0125,0.012500000186264515
1,0.5275,0.0125,0.012500000186264515
1,0.57,0.0125,0.012500000186264515
1,0.5375,0.0125,0.012500000186264515
1,0.34,0.0125,0.012500000186264515
1,0.375,0.0125,0.012500000186264515
1,0.44249997,0.0125,0.012500000186264515
1,0.6275,0.0125,0.012500000186264515
1,0.4125,0.0125,0.012500000186264515
1,0.4775,0.24945703,0.24945679306983948
1,0.4275,0.32897145,0.32897287607192993
1,0.5475,0.32555142,0.325549453496933
1,0.35500002,0.3221638,0.32216876745224
1,0.34,0.31882235,0.3188181221485138
1,0.41499996,0.31550315,0.3155050277709961
1,0.53999996,0.31222898,0.31222954392433167
1,0.48,0.30898744,0.3089897930622101
1,0.7425,0.30578616,0.3057843744754791
1,0.66499996,0.3026119,0.30261388421058655
1,0.7775,0.29948425,0.2994725704193115
1,0.91749996,0.29637107,0.29637327790260315
1,0.84749997,0.29330766,0.2933071255683899
1,1.1925,0.29027075,0.29027286171913147
1,0.72249997,0.2872673,0.287267804145813
1,0.44249997,0.28429186,0.2842967212200165
1,0.40999997,0.2813664,0.28135883808135986
1,0.78249997,0.27845007,0.27845028042793274
1,0.61749995,0.2755746,0.27557626366615295
1,0.4175,0.27272955,0.2727295458316803
1,0.3925,0.269917,0.2699207067489624
1,0.365,0.2671403,0.26713594794273376
1,0.3775,0.2643804,0.26438242197036743
1,0.5,0.26166213,0.26166045665740967
1,0.4775,0.24934618,0.2493657022714615
1,0.5225,0.31825182,0.31824997067451477
1,0.5375,0.31498083,0.31495556235313416
1,0.44249997,0.31169072,0.31168097257614136
1,0.565,0.30845216,0.30844444036483765
1,0.4075,0.3052539,0.30525070428848267
1,0.80499995,0.30209166,0.30209651589393616
1,0.73749995,0.29896337,0.2989613711833954
1,1.1,0.29584992,0.2958628833293915
1,0.705,0.29280493,0.2927802801132202
1,0.9025,0.28975886,0.2897642254829407
1,1.34,0.2867791,0.28677263855934143
1,1.0325,0.28380576,0.28380537033081055
1,1.14,0.28086928,0.28087642788887024
1,0.6575,0.27797237,0.27798140048980713
1,0.46499997,0.27512076,0.27511265873908997
1,0.61,0.2722552,0.27226361632347107
1,0.51,0.2694557,0.269439697265625
1,0.525,0.26669446,0.2666699290275574
1,0.98249996,0.26392943,0.2639351785182953
1,0.61249995,0.261203,0.2612209916114807
1,0.61249995,0.25853693,0.2585204243659973
1,0.71750003,0.25585797,0.2558644413948059
1,0.7,0.2532494,0.2532472610473633
1,0.62,0.0125,0.012500000186264515
1,0.6375,0.0125,0.012500000186264515
1,0.61,0.0125,0.012500000186264515
1,0.63,0.0125,0.012500000186264515
1,0.5,0.0125,0.012500000186264515
1,1.055,0.0125,0.012500000186264515
1,0.53499997,0.0125,0.012500000186264515
1,0.53499997,0.0125,0.012500000186264515
1,0.94000006,0.0125,0.012500000186264515
1,0.6375,0.0125,0.012500000186264515
1,0.755,0.0125,0.012500000186264515
1,0.73249996,0.0125,0.012500000186264515
1,0.9,0.0125,0.012500000186264515
1,0.8125,0.0125,0.012500000186264515
1,0.79,0.0125,0.012500000186264515
1,0.46499997,0.0125,0.012500000186264515
1,0.5025,0.0125,0.012500000186264515
1,0.5725,0.0125,0.012500000186264515
1,0.6275,0.0125,0.012500000186264515
1,0.65,0.0125,0.012500000186264515
1,0.6375,0.0125,0.012500000186264515
1,0.6025,0.0125,0.012500000186264515
1,0.57,0.0125,0.012500000186264515
1,0.5125,0.0125,0.012500000186264515
1,0.505,0.0125,0.012500000186264515
1,0.53,0.0125,0.012500000186264515
1,0.53999996,0.0125,0.012500000186264515
1,0.5375,0.0125,0.012500000186264515
1,0.66499996,0.0125,0.012500000186264515
1,0.46499997,0.0125,0.012500000186264515
1,0.7625,0.0125,0.012500000186264515
1,1.2425,0.0125,0.012500000186264515
1,1.3575001,0.0125,0.012500000186264515
1,0.86249995,0.0125,0.012500000186264515
1,1.185,0.0125,0.012500000186264515
1,0.855,0.0125,0.012500000186264515
1,0.96500003,0.0125,0.012500000186264515
1,0.91249996,0.0125,0.012500000186264515
1,0.6325,0.0125,0.012500000186264515
1,0.56,0.0125,0.012500000186264515
1,0.71999997,0.0125,0.012500000186264515
1,0.6975,0.0125,0.012500000186264515
1,0.48999998,0.0125,0.012500000186264515
1,0.65999997,0.0125,0.012500000186264515
1,0.72749996,0.0125,0.012500000186264515
1,0.505,0.0125,0.012500000186264515
1,0.57,0.0125,0.012500000186264515
1,0.5825,0.0125,0.012500000186264515
1,0.71250004,0.0125,0.012500000186264515
1,0.48499998,0.0125,0.012500000186264515
1,0.65999997,0.0125,0.012500000186264515
1,0.52,0.0125,0.012500000186264515
1,0.51,0.0125,0.012500000186264515
1,0.7975,0.0125,0.012500000186264515
1,1.2125,0.0125,0.012500000186264515
1,1.02,0.0125,0.012500000186264515
1,0.58,0.0125,0.012500000186264515
1,0.7675,0.0125,0.012500000186264515
1,0.61249995,0.0125,0.012500000186264515
1,0.95250005,0.0125,0.012500000186264515
1,1.015,0.0125,0.012500000186264515
1,0.96999997,0.0125,0.012500000186264515
1,0.6975,0.0125,0.012500000186264515
1,0.575,0.0125,0.012500000186264515
1,0.5975,0.0125,0.012500000186264515
1,0.48499998,0.0125,0.012500000186264515
1,0.5825,0.0125,0.012500000186264515
1,0.6325,0.0125,0.012500000186264515
1,0.48499998,0.0125,0.012500000186264515
1,0.49499997,0.0125,0.012500000186264515
1,0.5225,0.0125,0.012500000186264515
1,0.515,0.0125,0.012500000186264515
1,0.49749997,0.0125,0.012500000186264515
1,0.62,0.0125,0.012500000186264515
1,0.5675,0.0125,0.012500000186264515
1,0.6475,0.0125,0.012500000186264515
1,0.67249995,0.0125,0.012500000186264515
1,0.71250004,0.0125,0.012500000186264515
1,0.6025,0.0125,0.012500000186264515
1,0.78249997,0.0125,0.012500000186264515
1,0.79,0.0125,0.012500000186264515
1,0.955,0.0125,0.012500000186264515
1,0.61,0.0125,0.012500000186264515
1,0.65999997,0.0125,0.012500000186264515
1,0.615,0.0125,0.012500000186264515
1,0.47499996,0.0125,0.012500000186264515
1,0.5375,0.0125,0.012500000186264515
1,0.53499997,0.0125,0.012500000186264515
1,0.445,0.0125,0.012500000186264515
1,0.57,0.0125,0.012500000186264515
1,0.6475,0.0125,0.012500000186264515
1,0.6975,0.0125,0.012500000186264515
1,0.78249997,0.0125,0.012500000186264515
1,0.755,0.0125,0.012500000186264515
1,0.5,0.0125,0.012500000186264515
1,0.615,0.0125,0.012500000186264515
1,0.47499996,0.0125,0.012500000186264515
1,0.715,0.0125,0.012500000186264515
1,0.655,0.0125,0.012500000186264515
1,0.5425,0.0125,0.012500000186264515
1,0.67,0.0125,0.012500000186264515
1,0.5375,0.0125,0.012500000186264515
1,0.73249996,0.0125,0.012500000186264515
1,0.5375,0.0125,0.012500000186264515
1,0.78249997,0.0125,0.012500000186264515
1,0.56,0.0125,0.012500000186264515
1,0.71999997,0.0125,0.012500000186264515
1,0.65999997,0.0125,0.012500000186264515
1,0.58,0.0125,0.012500000186264515
1,0.7775,0.0125,0.012500000186264515
1,0.6975,0.0125,0.012500000186264515
1,0.5625,0.0125,0.012500000186264515
1,0.7075,0.0125,0.012500000186264515
1,0.57,0.0125,0.012500000186264515
1,0.61749995,0.0125,0.012500000186264515
1,0.715,0.0125,0.012500000186264515
1,0.5475,0.0125,0.012500000186264515
1,0.735,0.0125,0.012500000186264515
1,0.55249995,0.0125,0.012500000186264515
1,0.5425,0.0125,0.012500000186264515
1,0.56,0.24941729,0.2494184374809265
1,0.655,0.32892707,0.32892322540283203
1,0.745,0.32549727,0.3254977762699127
1,0.59999996,0.3221102,0.3221163749694824
1,0.555,0.31876823,0.31876564025878906
1,0.55249995,0.31544977,0.31545600295066833
1,1.13,0.31218547,0.31218481063842773
1,0.565,0.30894533,0.30893874168395996
1,1.0925,0.30573678,0.30573633313179016
1,0.8675,0.3025631,0.30256739258766174
1,1.2325,0.29943034,0.2994339168071747
1,0.865,0.2963333,0.29633063077926636
1,1.0124999,0.29325962,0.29326131939888
1,0.575,0.2902304,0.29022520780563354
1,0.72749996,0.2872213,0.28722479939460754
1,0.7025,0.28424737,0.2842497229576111
1,0.5375,0.28131658,0.28131747245788574
1,0.74999994,0.27840897,0.27840813994407654
1,0.5,0.27553794,0.2755390703678131
1,0.6925,0.27269194,0.2726915776729584
1,0.645,0.26988247,0.26987892389297485
1,0.565,0.26709792,0.2670965790748596
1,0.71750003,0.26434195,0.2643459141254425
1,0.7025,0.26161644,0.26161888241767883
1,0.775,0.24931483,0.24930603802204132
1,0.59999996,0.3182078,0.3182314336299896
1,0.5175,0.31488878,0.31492018699645996
1,0.5625,0.31166315,0.31164297461509705
1,0.6825,0.3083889,0.3083880841732025
1,0.52,0.30519047,0.30519652366638184
1,0.49499997,0.30202773,0.30203619599342346
1,0.5225,0.29891548,0.2989267110824585
1,0.555,0.29583484,0.29581743478775024
1,0.5275,0.29276642,0.2927550673484802
1,1.085,0.28971505,0.2897200584411621
1,1.055,0.28672895,0.2867262065410614
1,0.8675,0.28375837,0.283772349357605
1,0.835,0.28081986,0.2808314561843872
1,0.5725,0.27793726,0.27793100476264954
1,0.5775,0.27507988,0.2750703692436218
1,0.46249998,0.27223578,0.2722300887107849
1,0.2825,0.26941857,0.2693942189216614
1,0.52,0.26664475,0.2666394114494324
1,0.32500002,0.2639046,0.2638874351978302
1,0.5625,0.2611829,0.2611686885356903
1,0.32000002,0.2584946,0.25847870111465454
1,0.63,0.25582987,0.2558140754699707
1,0.53249997,0.25318906,0.25319135189056396
1,0.3625,0.0125,0.012500000186264515
1,0.43499997,0.0125,0.012500000186264515
1,0.5625,0.0125,0.012500000186264515
1,0.5,0.0125,0.012500000186264515
1,0.42499998,0.0125,0.012500000186264515
1,0.765,0.0125,0.012500000186264515
1,0.38500002,0.0125,0.012500000186264515
1,0.845,0.0125,0.012500000186264515
1,0.76,0.0125,0.012500000186264515
1,0.53,0.0125,0.012500000186264515
1,0.66249996,0.0125,0.012500000186264515
1,0.89750004,0.0125,0.012500000186264515
1,0.6525,0.0125,0.012500000186264515
1,0.45749998,0.0125,0.012500000186264515
1,0.59499997,0.0125,0.012500000186264515
1,0.86249995,0.0125,0.012500000186264515
1,0.655,0.0125,0.012500000186264515
1,0.395,0.0125,0.012500000186264515
1,0.525,0.0125,0.012500000186264515
1,0.53999996,0.0125,0.012500000186264515
1,0.39000002,0.0125,0.012500000186264515
1,0.5675,0.0125,0.012500000186264515
1,0.3375,0.0125,0.012500000186264515
1,0.49749997,0.0125,0.012500000186264515
1,0.60499996,0.0125,0.012500000186264515
1,0.39749998,0.0125,0.012500000186264515
1,0.565,0.0125,0.012500000186264515
1,0.43749997,0.0125,0.012500000186264515
1,0.5725,0.0125,0.012500000186264515
1,0.72249997,0.0125,0.012500000186264515
1,0.45749998,0.0125,0.012500000186264515
1,0.24750002,0.0125,0.012500000186264515
1,0.555,0.0125,0.012500000186264515
1,0.4775,0.0125,0.012500000186264515
1,0.3725,0.0125,0.012500000186264515
1,0.6575,0.0125,0.012500000186264515
1,0.375,0.0125,0.012500000186264515
1,0.565,0.0125,0.012500000186264515
1,0.935,0.0125,0.012500000186264515
1,0.6225,0.0125,0.012500000186264515
1,0.40249997,0.0125,0.012500000186264515
1,0.45,0.0125,0.012500000186264515
1,0.305,0.0125,0.012500000186264515
1,0.315,0.0125,0.012500000186264515
1,0.32000002,0.0125,0.012500000186264515
1,0.51,0.0125,0.012500000186264515
1,0.38250002,0.0125,0.012500000186264515
1,0.60499996,0.0125,0.012500000186264515
1,0.375,0.0125,0.012500000186264515
1,0.47499996,0.0125,0.012500000186264515
1,0.575,0.0125,0.012500000186264515
1,0.59999996,0.0125,0.012500000186264515
1,0.4175,0.0125,0.012500000186264515
1,0.6325,0.0125,0.012500000186264515
1,0.83000004,0.0125,0.012500000186264515
1,1.265,0.0125,0.012500000186264515
1,0.73,0.0125,0.012500000186264515
1,1.0500001,0.0125,0.012500000186264515
1,0.9475,0.0125,0.012500000186264515
1,0.88249993,0.0125,0.012500000186264515
1,0.4,0.0125,0.012500000186264515
1,0.4175,0.0125,0.012500000186264515
1,0.59,0.0125,0.012500000186264515
1,0.5825,0.0125,0.012500000186264515
1,0.67249995,0.0125,0.012500000186264515
1,0.5775,0.0125,0.012500000186264515
1,0.78749996,0.0125,0.012500000186264515
1,0.635,0.0125,0.012500000186264515
1,0.4875,0.0125,0.012500000186264515
1,0.59999996,0.0125,0.012500000186264515
1,0.715,0.0125,0.012500000186264515
1,0.6975,0.0125,0.012500000186264515
1,0.62,0.0125,0.012500000186264515
1,0.5075,0.0125,0.012500000186264515
1,0.6875,0.0125,0.012500000186264515
1,0.72249997,0.0125,0.012500000186264515
1,0.505,0.0125,0.012500000186264515
1,0.5875,0.0125,0.012500000186264515
1,0.695,0.0125,0.012500000186264515
1,0.8125,0.0125,0.012500000186264515
1,0.71750003,0.0125,0.012500000186264515
1,0.55749995,0.0125,0.012500000186264515
1,0.48999998,0.0125,0.012500000186264515
1,0.55749995,0.0125,0.012500000186264515
1,0.7025,0.0125,0.012500000186264515
1,0.57,0.0125,0.012500000186264515
1,0.48999998,0.0125,0.012500000186264515
1,0.46499997,0.0125,0.012500000186264515
1,0.55249995,0.0125,0.012500000186264515
1,0.7075,0.0125,0.012500000186264515
1,0.66749996,0.0125,0.012500000186264515
1,0.5625,0.0125,0.012500000186264515
1,0.48,0.0125,0.012500000186264515
1,0.555,0.0125,0.012500000186264515
1,0.55249995,0.0125,0.012500000186264515
1,0.46249998,0.0125,0.012500000186264515
1,0.56,0.0125,0.012500000186264515
1,0.695,0.0125,0.012500000186264515
1,0.49249998,0.0125,0.012500000186264515
1,0.52,0.0125,0.012500000186264515
1,0.7025,0.0125,0.012500000186264515
1,0.6925,0.0125,0.012500000186264515
1,0.5825,0.0125,0.012500000186264515
1,0.565,0.0125,0.012500000186264515
1,0.68,0.0125,0.012500000186264515
1,0.5,0.0125,0.012500000186264515
1,0.625,0.0125,0.012500000186264515
1,0.71,0.0125,0.012500000186264515
1,0.6575,0.0125,0.012500000186264515
1,0.71999997,0.0125,0.012500000186264515
1,0.60749996,0.0125,0.012500000186264515
1,0.49249998,0.0125,0.012500000186264515
1,0.71,0.0125,0.012500000186264515
1,0.53249997,0.0125,0.012500000186264515
1,0.55,0.0125,0.012500000186264515
1,0.7075,0.0125,0.012500000186264515
1,0.48250002,0.0125,0.012500000186264515
1,0.73749995,0.0125,0.012500000186264515
1,0.45749998,0.0125,0.012500000186264515
1,0.6575,0.0125,0.012500000186264515
1,0.6975,0.24937771,0.24938055872917175
1,0.59999996,0.3288679,0.32886987924575806
1,0.47499996,0.3254484,0.3254501223564148
1,0.5675,0.32207352,0.32206615805625916
1,0.48,0.318722,0.3187175691127777
1,0.60499996,0.31540233,0.31541070342063904
1,0.72749996,0.31214,0.3121371865272522
1,0.6275,0.30889094,0.3088929355144501
1,0.86999995,0.30569062,0.30568814277648926
1,0.945,0.30251575,0.3025180399417877
1,1.075,0.29938546,0.2993851900100708
1,1.145,0.29627824,0.29628199338912964
1,0.735,0.2932173,0.29322123527526855
1,0.78,0.29018506,0.29018399119377136
1,0.9675,0.28718337,0.28718066215515137
1,1.055,0.28421366,0.2842109799385071
1,0.49249998,0.28127405,0.2812731862068176
1,0.61,0.27836692,0.27836644649505615
1,0.67,0.27549183,0.2754982113838196
1,0.5025,0.2726474,0.2726515531539917
1,0.3775,0.26983827,0.2698412239551544
1,0.35500002,0.26705608,0.26705408096313477
1,0.86249995,0.26430395,0.2643031179904938
1,0.8125,0.26158208,0.2615814805030823
1,0.865,0.24925394,0.24927517771720886
1,0.83250004,0.31817937,0.3181620240211487
1,0.7575,0.31488234,0.3148520290851593
1,0.74,0.31162894,0.31162652373313904
1,0.865,0.3083519,0.30834928154945374
1,1.55,0.3051473,0.3051675260066986
1,1.125,0.3019733,0.3020021617412567
1,0.84250003,0.2988562,0.29886841773986816
1,0.87249994,0.2957744,0.29577744007110596
1,1.0500001,0.29270273,0.29269853234291077
1,1.045,0.2896728,0.28969240188598633
1,0.585,0.2866963,0.28668326139450073
1,0.4075,0.28372315,0.2837103009223938
1,0.46999997,0.28082317,0.28079596161842346
1,0.46499997,0.27788907,0.2778877019882202
1,0.4725,0.2750043,0.2750164866447449
1,0.405,0.2721688,0.2721768319606781
1,0.54499996,0.2693643,0.26937368512153625
1,0.5975,0.26658833,0.2666096091270447
1,0.40999997,0.26383665,0.2638484835624695
1,0.5025,0.26114714,0.2611369788646698
1,0.585,0.25845757,0.25845402479171753
1,0.6325,0.25579205,0.25579699873924255
1,0.5625,0.25313604,0.25316697359085083
1,0.4,0.0125,0.012500000186264515
1,0.42499998,0.0125,0.012500000186264515
1,0.67249995,0.0125,0.012500000186264515
1,0.455,0.0125,0.012500000186264515
1,0.45,0.0125,0.012500000186264515
1,0.635,0.0125,0.012500000186264515
1,1.35,0.0125,0.012500000186264515
1,0.93,0.0125,0.012500000186264515
1,0.5175,0.0125,0.012500000186264515
1,0.53249997,0.0125,0.012500000186264515
1,0.4775,0.0125,0.012500000186264515
1,0.53,0.0125,0.012500000186264515
1,0.5675,0.0125,0.012500000186264515
1,0.45749998,0.0125,0.012500000186264515
1,0.46249998,0.0125,0.012500000186264515
1,0.5975,0.0125,0.012500000186264515
1,0.6475,0.0125,0.012500000186264515
1,0.60749996,0.0125,0.012500000186264515
1,0.445,0.0125,0.012500000186264515
1,0.4725,0.0125,0.012500000186264515
1,0.48499998,0.0125,0.012500000186264515
1,0.5275,0.0125,0.012500000186264515
1,0.66749996,0.0125,0.012500000186264515
1,0.71,0.0125,0.012500000186264515
1,0.49499997,0.0125,0.012500000186264515
1,0.565,0.0125,0.012500000186264515
1,0.5425,0.0125,0.012500000186264515
1,0.4775,0.0125,0.012500000186264515
1,0.46499997,0.0125,0.012500000186264515
1,0.82000005,0.0125,0.012500000186264515
1,0.555,0.0125,0.012500000186264515
1,0.4525,0.0125,0.012500000186264515
1,0.645,0.0125,0.012500000186264515
1,0.555,0.0125,0.012500000186264515
1,0.905,0.0125,0.012500000186264515
1,0.8875,0.0125,0.012500000186264515
1,0.4725,0.0125,0.012500000186264515
1,0.66499996,0.0125,0.012500000186264515
1,0.61249995,0.0125,0.012500000186264515
1,0.92,0.0125,0.012500000186264515
1,0.56,0.0125,0.012500000186264515
1,0.6575,0.0125,0.012500000186264515
1,0.59499997,0.0125,0.012500000186264515
1,0.585,0.0125,0.012500000186264515
1,0.505,0.0125,0.012500000186264515
1,0.47499996,0.0125,0.012500000186264515
1,0.745,0.0125,0.012500000186264515
1,0.46499997,0.0125,0.012500000186264515
1,0.66499996,0.0125,0.012500000186264515
1,0.6025,0.0125,0.012500000186264515
1,0.51,0.0125,0.012500000186264515
1,0.515,0.0125,0.012500000186264515
1,0.4775,0.0125,0.012500000186264515
1,0.7,0.0125,0.012500000186264515
1,0.9025,0.0125,0.012500000186264515
1,0.73,0.0125,0.012500000186264515
1,1.005,0.0125,0.012500000186264515
1,0.85999995,0.0125,0.012500000186264515
1,0.59499997,0.0125,0.012500000186264515
1,0.5475,0.0125,0.012500000186264515
1,0.5075,0.0125,0.012500000186264515
1,0.6425,0.0125,0.012500000186264515
1,0.49499997,0.0125,0.012500000186264515
1,0.55249995,0.0125,0.012500000186264515
1,0.5375,0.0125,0.012500000186264515
1,0.46499997,0.0125,0.012500000186264515
1,0.61,0.0125,0.012500000186264515
1,0.55749995,0.0125,0.012500000186264515
1,0.47499996,0.0125,0.012500000186264515
1,0.61749995,0.0125,0.012500000186264515
1,0.49749997,0.0125,0.012500000186264515
1,0.46999997,0.0125,0.012500000186264515
1,0.4525,0.0125,0.012500000186264515
1,0.59,0.0125,0.012500000186264515
1,0.67,0.0125,0.012500000186264515
1,0.61749995,0.0125,0.012500000186264515
1,0.48250002,0.0125,0.012500000186264515
1,0.4175,0.0125,0.012500000186264515
1,0.61249995,0.0125,0.012500000186264515
1,0.5275,0.0125,0.012500000186264515
1,0.49249998,0.0125,0.012500000186264515
1,0.71250004,0.0125,0.012500000186264515
1,0.44,0.0125,0.012500000186264515
1,0.5825,0.0125,0.012500000186264515
1,0.40249997,0.0125,0.012500000186264515
1,0.515,0.0125,0.012500000186264515
1,0.5675,0.0125,0.012500000186264515
1,0.52,0.0125,0.012500000186264515
1,0.5375,0.0125,0.012500000186264515
1,0.48,0.0125,0.012500000186264515
1,0.53999996,0.0125,0.012500000186264515
1,0.59999996,0.0125,0.012500000186264515
1,0.4275,0.0125,0.012500000186264515
1,0.6575,0.0125,0.012500000186264515
1,0.51,0.0125,0.012500000186264515
1,0.48250002,0.0125,0.012500000186264515
1,0.5225,0.0125,0.012500000186264515
1,0.735,0.0125,0.012500000186264515
1,0.5825,0.0125,0.012500000186264515
1,0.4875,0.0125,0.012500000186264515
1,0.4875,0.0125,0.012500000186264515
1,0.61,0.0125,0.012500000186264515
1,0.48999998,0.0125,0.012500000186264515
1,0.67249995,0.0125,0.012500000186264515
1,0.53999996,0.0125,0.012500000186264515
1,0.47499996,0.0125,0.012500000186264515
1,0.68999994,0.0125,0.012500000186264515
1,0.505,0.0125,0.012500000186264515
1,0.63,0.0125,0.012500000186264515
1,0.48250002,0.0125,0.012500000186264515
1,0.67249995,0.0125,0.012500000186264515
1,0.46,0.0125,0.012500000186264515
1,0.585,0.0125,0.012500000186264515
1,0.67,0.0125,0.012500000186264515
1,0.6975,0.0125,0.012500000186264515
1,0.4875,0.0125,0.012500000186264515
1,0.6475,0.0125,0.012500000186264515
1,0.53499997,0.0125,0.012500000186264515
1,0.49749997,0.0125,0.012500000186264515
1,0.4875,0.0125,0.012500000186264515
1,0.51,0.24934256,0.24934081733226776
1,0.55,0.32881573,0.32881632447242737
1,0.67749995,0.325398,0.3253988027572632
1,0.5125,0.3220168,0.32201409339904785
1,0.66249996,0.31867108,0.318671852350235
1,0.54499996,0.31536582,0.3153631091117859
1,0.5775,0.31208873,0.31208714842796326
1,0.48,0.30884668,0.30884799361228943
1,0.6475,0.3056387,0.30564597249031067
1,0.565,0.30247566,0.302475243806839
1,0.72249997,0.29933935,0.29933804273605347
1,0.53249997,0.2962367,0.29624009132385254
1,0.8,0.29317182,0.29317158460617065
1,0.5475,0.29013833,0.29014235734939575
1,0.67,0.28712767,0.28713440895080566
1,0.9875,0.28416508,0.28416964411735535
1,0.67,0.28123474,0.2812301814556122
1,0.87249994,0.27833015,0.2783255875110626
1,0.81749994,0.27545294,0.27545276284217834
1,0.72249997,0.27261174,0.27260783314704895
1,0.5125,0.26979792,0.2697977125644684
1,0.52,0.26701766,0.2670119106769562
1,0.6225,0.2642654,0.2642647624015808
1,0.68,0.26154047,0.26154303550720215
1,0.54499996,0.24923809,0.249235600233078
1,0.5025,0.31812772,0.3181225657463074
1,0.505,0.3148081,0.31480276584625244
1,0.48499998,0.31155178,0.31154054403305054
1,0.4875,0.30831066,0.3083190321922302
1,0.5225,0.30510125,0.3051093518733978
1,0.645,0.30192325,0.3019491732120514
1,0.49749997,0.29877433,0.29882439970970154
1,0.72749996,0.29574484,0.2957225441932678
1,0.66249996,0.29267108,0.2926647663116455
1,0.55,0.28962454,0.28963083028793335
1,0.66749996,0.28665745,0.2866477072238922
1,0.645,0.2836775,0.28366413712501526
1,0.55749995,0.2807488,0.28072094917297363
1,0.66749996,0.2778552,0.2778526842594147
1,0.66499996,0.27497053,0.27496883273124695
1,0.555,0.27213722,0.27212873101234436
1,0.53,0.2693117,0.2693091332912445
1,0.71,0.2665566,0.266550749540329
1,0.51,0.2638066,0.2638084888458252
1,0.59,0.2610971,0.26107802987098694
1,0.46999997,0.25837678,0.25840240716934204
1,0.5825,0.25576058,0.255744606256485
1,0.615,0.25312823,0.25312307476997375
1,0.5075,0.0125,0.012500000186264515
1,0.515,0.0125,0.012500000186264515
1,0.68,0.0125,0.012500000186264515
1,0.65,0.0125,0.012500000186264515
1,0.505,0.0125,0.012500000186264515
1,0.53249997,0.0125,0.012500000186264515
1,0.565,0.0125,0.012500000186264515
1,0.49499997,0.0125,0.012500000186264515
1,0.73249996,0.0125,0.012500000186264515
1,0.72249997,0.0125,0.012500000186264515
1,0.53,0.0125,0.012500000186264515
1,0.675,0.0125,0.012500000186264515
1,0.775,0.0125,0.012500000186264515
1,0.655,0.0125,0.012500000186264515
1,0.49499997,0.0125,0.012500000186264515
1,0.56,0.0125,0.012500000186264515
1,0.6225,0.0125,0.012500000186264515
1,0.4725,0.0125,0.012500000186264515
1,0.67749995,0.0125,0.012500000186264515
1,0.49749997,0.0125,0.012500000186264515
1,0.66749996,0.0125,0.012500000186264515
1,0.5975,0.0125,0.012500000186264515
1,0.5225,0.0125,0.012500000186264515
1,0.68999994,0.0125,0.012500000186264515
1,0.71,0.0125,0.012500000186264515
1,0.49249998,0.0125,0.012500000186264515
1,0.72749996,0.0125,0.012500000186264515
1,0.655,0.0125,0.012500000186264515
1,0.4775,0.0125,0.012500000186264515
1,0.645,0.0125,0.012500000186264515
1,1.275,0.0125,0.012500000186264515
1,0.5275,0.0125,0.012500000186264515
1,0.57,0.0125,0.012500000186264515
1,0.9475,0.0125,0.012500000186264515
1,0.585,0.0125,0.012500000186264515
1,0.72499996,0.0125,0.012500000186264515
1,0.5475,0.0125,0.012500000186264515
1,0.59499997,0.0125,0.012500000186264515
1,0.455,0.0125,0.012500000186264515
1,0.53,0.0125,0.012500000186264515
1,0.8875,0.0125,0.012500000186264515
1,0.5825,0.0125,0.012500000186264515
1,0.5,0.0125,0.012500000186264515
1,0.6525,0.0125,0.012500000186264515
1,0.79,0.0125,0.012500000186264515
1,0.53249997,0.0125,0.012500000186264515
1,0.555,0.0125,0.012500000186264515
1,0.56,0.0125,0.012500000186264515
1,0.5375,0.0125,0.012500000186264515
1,0.6525,0.0125,0.012500000186264515
1,0.65,0.0125,0.012500000186264515
1,0.53999996,0.0125,0.012500000186264515
1,0.5475,0.0125,0.012500000186264515
1,0.73249996,0.0125,0.012500000186264515
1,0.505,0.0125,0.012500000186264515
1,0.7475,0.0125,0.012500000186264515
1,0.53999996,0.0125,0.012500000186264515
1,0.685,0.0125,0.012500000186264515
1,0.5075,0.0125,0.012500000186264515
1,0.5275,0.0125,0.012500000186264515
1,0.5925,0.0125,0.012500000186264515
1,0.67749995,0.0125,0.012500000186264515
1,0.55749995,0.0125,0.012500000186264515
1,0.61,0.0125,0.012500000186264515
1,0.46499997,0.0125,0.012500000186264515
1,0.4725,0.0125,0.012500000186264515
1,0.59499997,0.0125,0.012500000186264515
1,0.5425,0.0125,0.012500000186264515
1,0.4725,0.0125,0.012500000186264515
1,0.32000002,0.0125,0.012500000186264515
1,0.55749995,0.0125,0.012500000186264515
1,0.30750003,0.0125,0.012500000186264515
1,0.4125,0.0125,0.012500000186264515
1,0.61249995,0.0125,0.012500000186264515
1,0.54499996,0.0125,0.012500000186264515
1,0.275,0.0125,0.012500000186264515
1,0.55,0.0125,0.012500000186264515
1,0.52,0.0125,0.012500000186264515
1,0.26500002,0.0125,0.012500000186264515
1,0.555,0.0125,0.012500000186264515
1,0.51,0.0125,0.012500000186264515
1,0.45,0.0125,0.012500000186264515
1,0.33,0.0125,0.012500000186264515
1,0.35000002,0.0125,0.012500000186264515
1,0.525,0.0125,0.012500000186264515
1,0.30750003,0.0125,0.012500000186264515
1,0.48999998,0.0125,0.012500000186264515
1,0.39000002,0.0125,0.012500000186264515
1,0.2825,0.0125,0.012500000186264515
1,0.35750002,0.0125,0.012500000186264515
1,0.5625,0.0125,0.012500000186264515
1,0.5425,0.0125,0.012500000186264515
1,0.61249995,0.0125,0.012500000186264515
1,0.36,0.0125,0.012500000186264515
1,0.445,0.0125,0.012500000186264515
1,0.5225,0.0125,0.012500000186264515
1,0.5375,0.0125,0.012500000186264515
1,0.32000002,0.0125,0.012500000186264515
1,0.32750002,0.0125,0.012500000186264515
1,0.53499997,0.0125,0.012500000186264515
1,0.255,0.0125,0.012500000186264515
1,0.5175,0.0125,0.012500000186264515
1,0.35250002,0.0125,0.012500000186264515
1,0.38500002,0.0125,0.012500000186264515
1,0.5275,0.0125,0.012500000186264515
1,0.505,0.0125,0.012500000186264515
1,0.38750002,0.0125,0.012500000186264515
1,0.585,0.0125,0.012500000186264515
1,0.39749998,0.0125,0.012500000186264515
1,0.5225,0.0125,0.012500000186264515
1,0.5375,0.0125,0.012500000186264515
1,0.47499996,0.0125,0.012500000186264515
1,0.42,0.0125,0.012500000186264515
1,0.3325,0.0125,0.012500000186264515
1,0.3,0.0125,0.012500000186264515
1,0.4875,0.0125,0.012500000186264515
1,0.32250002,0.0125,0.012500000186264515
1,0.44,0.0125,0.012500000186264515
1,0.5925,0.0125,0.012500000186264515
1,0.3475,0.0125,0.012500000186264515
1,0.29000002,0.24930108,0.24930508434772491
1,0.565,0.32876793,0.3287670612335205
1,0.32250002,0.3253476,0.32534652948379517
1,0.44,0.32196078,0.3219652473926544
1,0.6425,0.3186288,0.318622350692749
1,0.53499997,0.31530786,0.31531256437301636
1,0.23750001,0.31203702,0.3120337426662445
1,0.5025,0.30879974,0.308798611164093
1,0.54499996,0.30559725,0.3055981695652008
1,0.9,0.30243397,0.3024311363697052
1,0.2325,0.29929212,0.2992947995662689
1,0.41499996,0.29619628,0.29619303345680237
1,0.44749996,0.29312542,0.29312315583229065
1,0.38000003,0.29009533,0.2900932729244232
1,0.5125,0.28709513,0.2870970368385315
1,0.40999997,0.28412324,0.28412488102912903
1,0.40249997,0.2811889,0.2811882793903351
1,0.3175,0.2782789,0.27828362584114075
1,0.49749997,0.27541932,0.2754051685333252
1,0.53999996,0.27256894,0.272567480802536
1,0.2825,0.26975906,0.2697583734989166
1,0.505,0.26698282,0.2669725716114044
1,0.5025,0.26422158,0.2642219662666321
1,0.2725,0.26150286,0.26150134205818176
1,0.5075,0.24922103,0.24920430779457092
1,0.2675,0.31806526,0.3180560767650604
1,0.5675,0.3147534,0.3147755265235901
1,0.4775,0.31150013,0.3114771544933319
1,0.3375,0.30826548,0.3082553446292877
1,0.4225,0.30505517,0.30507591366767883
1,0.48250002,0.3019113,0.3019075095653534
1,0.29000002,0.2987998,0.2987799644470215
1,0.49499997,0.29566798,0.2956662178039551
1,0.24500002,0.2926231,0.2926219701766968
1,0.6325,0.28961325,0.28959137201309204
1,0.5875,0.28660074,0.2865782082080841
1,0.55,0.28362414,0.28363943099975586
1,0.5275,0.28070068,0.280694842338562
1,0.78249997,0.2777922,0.2778058350086212
1,0.53999996,0.27494037,0.2749376595020294
1,1.1675,0.2720897,0.272085964679718
1,0.46249998,0.2692976,0.26928257942199707
1,0.60499996,0.2664986,0.2665208876132965
1,0.5,0.26375985,0.263761967420578
1,0.60499996,0.261039,0.26105397939682007
1,0.61,0.2583798,0.2583685517311096
1,0.705,0.25571418,0.25570884346961975
1,0.48250002,0.2530779,0.2530844509601593
1,0.68999994,0.0125,0.012500000186264515
1,0.45749998,0.0125,0.012500000186264515
1,0.57,0.0125,0.012500000186264515
1,0.44249997,0.0125,0.012500000186264515
1,0.48,0.0125,0.012500000186264515
1,0.6425,0.0125,0.012500000186264515
1,0.44749996,0.0125,0.012500000186264515
1,0.55749995,0.0125,0.012500000186264515
1,0.585,0.0125,0.012500000186264515
1,0.40999997,0.0125,0.012500000186264515
1,0.74999994,0.0125,0.012500000186264515
1,0.5475,0.0125,0.012500000186264515
1,0.735,0.0125,0.012500000186264515
1,0.45,0.0125,0.012500000186264515
1,0.5675,0.0125,0.012500000186264515
1,0.59499997,0.0125,0.012500000186264515
1,0.63,0.0125,0.012500000186264515
1,0.5,0.0125,0.012500000186264515
1,0.375,0.0125,0.012500000186264515
1,0.49499997,0.0125,0.012500000186264515
1,0.575,0.0125,0.012500000186264515
1,0.4725,0.0125,0.012500000186264515
1,0.5825,0.0125,0.012500000186264515
1,0.6275,0.0125,0.012500000186264515
1,0.45749998,0.0125,0.012500000186264515
1,0.515,0.0125,0.012500000186264515
1,0.6575,0.0125,0.012500000186264515
1,0.3925,0.0125,0.012500000186264515
1,0.52,0.0125,0.012500000186264515
1,0.505,0.0125,0.012500000186264515
1,0.48,0.0125,0.012500000186264515
1,0.7625,0.0125,0.012500000186264515
1,0.645,0.0125,0.012500000186264515
1,0.67,0.0125,0.012500000186264515
1,0.42,0.0125,0.012500000186264515
1,0.555,0.0125,0.012500000186264515
1,0.505,0.0125,0.012500000186264515
1,0.4225,0.0125,0.012500000186264515
1,0.62,0.0125,0.012500000186264515
1,0.42499998,0.0125,0.012500000186264515
1,0.61749995,0.0125,0.012500000186264515
1,0.5375,0.0125,0.012500000186264515
1,0.49499997,0.0125,0.012500000186264515
1,0.5625,0.0125,0.012500000186264515
1,0.46,0.0125,0.012500000186264515
1,0.575,0.0125,0.012500000186264515
1,0.54499996,0.0125,0.012500000186264515
1,0.6425,0.0125,0.012500000186264515
1,0.4325,0.0125,0.012500000186264515
1,0.6025,0.0125,0.012500000186264515
1,0.7,0.0125,0.012500000186264515
1,0.5975,0.0125,0.012500000186264515
1,0.33,0.0125,0.012500000186264515
1,0.44749996,0.0125,0.012500000186264515
1,0.52,0.0125,0.012500000186264515
1,0.405,0.0125,0.012500000186264515
1,0.40999997,0.0125,0.012500000186264515
1,0.65999997,0.0125,0.012500000186264515
1,0.55249995,0.0125,0.012500000186264515
1,0.61,0.0125,0.012500000186264515
1,0.715,0.0125,0.012500000186264515
1,0.6975,0.0125,0.012500000186264515
1,0.7075,0.0125,0.012500000186264515
1,0.71250004,0.0125,0.012500000186264515
1,0.6825,0.0125,0.012500000186264515
1,0.6825,0.0125,0.012500000186264515
1,0.72749996,0.0125,0.012500000186264515
1,0.72499996,0.0125,0.012500000186264515
1,0.72749996,0.0125,0.012500000186264515
1,0.71750003,0.0125,0.012500000186264515
1,0.74,0.0125,0.012500000186264515
1,0.71999997,0.0125,0.012500000186264515
1,0.72499996,0.0125,0.012500000186264515
1,0.685,0.0125,0.012500000186264515
1,0.675,0.0125,0.012500000186264515
1,0.6925,0.0125,0.012500000186264515
1,0.67749995,0.0125,0.012500000186264515
1,0.72499996,0.0125,0.012500000186264515
1,0.715,0.0125,0.012500000186264515
1,0.7025,0.0125,0.012500000186264515
1,0.735,0.0125,0.012500000186264515
1,0.715,0.0125,0.012500000186264515
1,0.6825,0.0125,0.012500000186264515
1,0.705,0.0125,0.012500000186264515
1,0.695,0.0125,0.012500000186264515
1,0.705,0.0125,0.012500000186264515
1,0.7525,0.0125,0.012500000186264515
1,0.6925,0.0125,0.012500000186264515
1,0.6975,0.0125,0.012500000186264515
1,0.71750003,0.0125,0.012500000186264515
1,0.74,0.0125,0.012500000186264515
1,0.705,0.0125,0.012500000186264515
1,0.72249997,0.0125,0.012500000186264515
1,0.7,0.0125,0.012500000186264515
1,0.7025,0.0125,0.012500000186264515
1,0.72499996,0.0125,0.012500000186264515
1,0.695,0.0125,0.012500000186264515
1,0.7025,0.0125,0.012500000186264515
1,0.72749996,0.0125,0.012500000186264515
1,0.745,0.0125,0.012500000186264515
1,0.6925,0.0125,0.012500000186264515
1,0.72499996,0.0125,0.012500000186264515
1,0.6975,0.0125,0.012500000186264515
1,0.685,0.0125,0.012500000186264515
1,0.695,0.0125,0.012500000186264515
1,0.695,0.0125,0.012500000186264515
1,0.705,0.0125,0.012500000186264515
1,0.71999997,0.0125,0.012500000186264515
1,0.72749996,0.0125,0.012500000186264515
1,0.7525,0.0125,0.012500000186264515
1,0.705,0.0125,0.012500000186264515
1,0.755,0.0125,0.012500000186264515
1,0.7675,0.0125,0.012500000186264515
1,1.02,0.0125,0.012500000186264515
1,0.93749994,0.0125,0.012500000186264515
1,0.855,0.0125,0.012500000186264515
1,0.9,0.0125,0.012500000186264515
1,0.92749995,0.0125,0.012500000186264515
1,0.92499995,0.0125,0.012500000186264515
1,0.91749996,0.0125,0.012500000186264515
1,0.935,0.2492565,0.24926380813121796
1,0.98249996,0.32871178,0.3287157118320465
1,1.0024999,0.32529476,0.32529765367507935
1,0.955,0.3219161,0.3219181299209595
1,0.96500003,0.31857356,0.31856924295425415
1,0.955,0.31526905,0.31526312232017517
1,0.96250004,0.31198904,0.3119926452636719
1,0.88,0.30874658,0.30875492095947266
1,0.88,0.30555183,0.305550754070282
1,0.91,0.30238527,0.30238136649131775
1,0.945,0.29925364,0.29924681782722473
1,0.91749996,0.29614714,0.2961489260196686
1,0.93,0.2930815,0.2930830419063568
1,0.93749994,0.2900515,0.290051132440567
1,0.8949999,0.28705153,0.2870461642742157
1,0.86999995,0.28407967,0.2840771973133087
1,0.875,0.28114787,0.28114452958106995
1,0.9475,0.278238,0.27823758125305176
1,0.68,0.2753667,0.27536869049072266
1,0.6925,0.27252454,0.27252906560897827
1,0.735,0.26971453,0.26971888542175293
1,0.6875,0.2669342,0.2669341266155243
1,0.655,0.26418298,0.26418396830558777
1,0.59999996,0.26146588,0.26146337389945984
1,0.695,0.25117192,0.2511444389820099
1,0.7975,0.3205696,0.3205890357494354
1,0.5925,0.31722137,0.3172228932380676
1,0.59999996,0.31393015,0.313952773809433
1,0.5825,0.3106857,0.31068551540374756
1,0.735,0.30747133,0.30747076869010925
1,0.6975,0.30427364,0.30426740646362305
1,0.5925,0.30114117,0.30114755034446716
1,0.73,0.2980111,0.2980020344257355
1,0.77,0.2949319,0.29491329193115234
1,0.61749995,0.2918357,0.2918490171432495
1,0.59,0.28884625,0.28884759545326233
1,0.68999994,0.2858807,0.28586408495903015
1,0.505,0.28293145,0.2829109728336334
1,0.72249997,0.27997917,0.27996206283569336
1,0.87249994,0.27709854,0.27708032727241516
1,0.5,0.27423495,0.2742139399051666
1,0.44249997,0.2714075,0.27138933539390564
1,0.93749994,0.2685981,0.2685965299606323
1,0.87249994,0.26585186,0.26582983136177063
1,0.45,0.26307526,0.26309236884117126
1,0.67749995,0.26039177,0.26038768887519836
1,0.5625,0.25769573,0.25770077109336853
1,0.57,0.25506735,0.2550622522830963
1,0.525,0.0125,0.012500000186264515
1,0.5625,0.0125,0.012500000186264515
1,0.55249995,0.0125,0.012500000186264515
1,0.72249997,0.0125,0.012500000186264515
1,0.66749996,0.0125,0.012500000186264515
1,0.64,0.0125,0.012500000186264515
1,0.59,0.0125,0.012500000186264515
1,0.72749996,0.0125,0.012500000186264515
1,0.635,0.0125,0.012500000186264515
1,0.59,0.0125,0.012500000186264515
1,0.64,0.0125,0.012500000186264515
1,0.6375,0.0125,0.012500000186264515
1,0.5025,0.0125,0.012500000186264515
1,0.58,0.0125,0.012500000186264515
1,0.66249996,0.0125,0.012500000186264515
1,0.88,0.0125,0.012500000186264515
1,0.48250002,0.0125,0.012500000186264515
1,0.5175,0.0125,0.012500000186264515
1,0.455,0.0125,0.012500000186264515
1,0.92499995,0.0125,0.012500000186264515
1,0.78499997,0.0125,0.012500000186264515
1,0.60499996,0.0125,0.012500000186264515
1,0.5775,0.0125,0.012500000186264515
1,0.83250004,0.0125,0.012500000186264515
1,0.67249995,0.0125,0.012500000186264515
1,0.7625,0.0125,0.012500000186264515
1,0.745,0.0125,0.012500000186264515
1,0.78499997,0.0125,0.012500000186264515
1,0.745,0.0125,0.012500000186264515
1,0.57,0.0125,0.012500000186264515
1,1.3974999,0.0125,0.012500000186264515
1,0.765,0.0125,0.012500000186264515
1,0.755,0.0125,0.012500000186264515
1,1.205,0.0125,0.012500000186264515
1,0.9775,0.0125,0.012500000186264515
1,0.845,0.0125,0.012500000186264515
1,0.93,0.0125,0.012500000186264515
1,0.81749994,0.0125,0.012500000186264515
1,0.9775,0.0125,0.012500000186264515
1,0.6325,0.0125,0.012500000186264515
1,0.8225,0.0125,0.012500000186264515
1,0.7425,0.0125,0.012500000186264515
1,0.9325,0.0125,0.012500000186264515
1,0.955,0.0125,0.012500000186264515
1,1.1825,0.0125,0.012500000186264515
1,0.9075,0.0125,0.012500000186264515
1,0.65,0.0125,0.012500000186264515
1,0.9075,0.0125,0.012500000186264515
1,0.7575,0.0125,0.012500000186264515
1,0.77250004,0.0125,0.012500000186264515
1,0.72499996,0.0125,0.012500000186264515
1,0.735,0.0125,0.012500000186264515
1,0.8225,0.0125,0.012500000186264515
1,0.64,0.0125,0.012500000186264515
1,0.9225,0.0125,0.012500000186264515
1,0.72499996,0.0125,0.012500000186264515
1,0.9425,0.0125,0.012500000186264515
1,0.6825,0.0125,0.012500000186264515
1,0.85999995,0.0125,0.012500000186264515
1,0.83250004,0.0125,0.012500000186264515
1,0.825,0.0125,0.012500000186264515
1,0.6875,0.0125,0.012500000186264515
1,0.9875,0.0125,0.012500000186264515
1,0.64,0.0125,0.012500000186264515
1,0.78249997,0.0125,0.012500000186264515
1,0.73,0.0125,0.012500000186264515
1,0.9575,0.0125,0.012500000186264515
1,0.86999995,0.0125,0.012500000186264515
1,0.72749996,0.0125,0.012500000186264515
1,0.67749995,0.0125,0.012500000186264515
1,0.6975,0.0125,0.012500000186264515
1,0.84749997,0.0125,0.012500000186264515
1,0.7075,0.0125,0.012500000186264515
1,0.77250004,0.0125,0.012500000186264515
1,0.8375,0.0125,0.012500000186264515
1,0.8675,0.0125,0.012500000186264515
1,0.81749994,0.0125,0.012500000186264515
1,0.74,0.0125,0.012500000186264515
1,0.675,0.0125,0.012500000186264515
1,0.84250003,0.0125,0.012500000186264515
1,0.71999997,0.0125,0.012500000186264515
1,0.7625,0.0125,0.012500000186264515
1,0.765,0.0125,0.012500000186264515
1,0.89750004,0.0125,0.012500000186264515
1,0.79249996,0.0125,0.012500000186264515
1,0.825,0.0125,0.012500000186264515
1,0.97249997,0.0125,0.012500000186264515
1,0.765,0.0125,0.012500000186264515
1,0.745,0.0125,0.012500000186264515
1,0.92499995,0.0125,0.012500000186264515
1,0.78,0.0125,0.012500000186264515
1,0.715,0.0125,0.012500000186264515
1,0.835,0.0125,0.012500000186264515
1,0.635,0.0125,0.012500000186264515
1,0.72249997,0.0125,0.012500000186264515
1,0.97249997,0.0125,0.012500000186264515
1,0.80749995,0.0125,0.012500000186264515
1,0.8275,0.0125,0.012500000186264515
1,0.81749994,0.0125,0.012500000186264515
1,0.8275,0.0125,0.012500000186264515
1,0.92,0.0125,0.012500000186264515
1,0.9325,0.0125,0.012500000186264515
1,0.8125,0.0125,0.012500000186264515
1,0.96500003,0.0125,0.012500000186264515
1,0.83250004,0.0125,0.012500000186264515
1,0.7575,0.0125,0.012500000186264515
1,0.8225,0.0125,0.012500000186264515
1,0.7625,0.0125,0.012500000186264515
1,0.85999995,0.0125,0.012500000186264515
1,0.6825,0.0125,0.012500000186264515
1,0.83250004,0.0125,0.012500000186264515
1,0.825,0.0125,0.012500000186264515
1,0.79,0.0125,0.012500000186264515
1,0.84999996,0.0125,0.012500000186264515
1,0.8,0.0125,0.012500000186264515
1,0.96999997,0.0125,0.012500000186264515
1,0.745,0.0125,0.012500000186264515
1,0.955,0.0125,0.012500000186264515
1,1.02,0.0125,0.012500000186264515
1,0.77250004,0.0125,0.012500000186264515
1,0.955,0.25121048,0.2512110769748688
1,0.765,0.3313115,0.33131635189056396
1,0.7475,0.32786646,0.32787245512008667
1,0.7950001,0.3244536,0.3244604468345642
1,0.98249996,0.32108015,0.32108068466186523
1,0.8375,0.31774944,0.317747563123703
1,0.735,0.31444687,0.3144489824771881
1,1.1474999,0.31118354,0.3111882507801056
1,1.0575,0.3079582,0.30795443058013916
1,1.135,0.3047589,0.30476126074790955
1,0.985,0.30159882,0.3016033172607422
1,0.9225,0.29847658,0.2984769344329834
1,0.9225,0.29538015,0.29538604617118835
1,0.97999996,0.2923285,0.2923285663127899
1,0.935,0.2892965,0.2893002927303314
1,0.98249996,0.28630754,0.28630566596984863
1,1.1,0.2833543,0.28334686160087585
1,1.0799999,0.28041843,0.2804207503795624
1,1.0975,0.27752778,0.2775239646434784
1,1.135,0.2746595,0.27466070652008057
1,0.92499995,0.27182713,0.2718275189399719
1,0.9675,0.26901942,0.2690214514732361
1,1.29,0.26624933,0.26624810695648193
1,1.0625,0.2635046,0.2635060250759125
1,0.97249997,0.25111586,0.2511061728000641
1,1.0075,0.32050517,0.32053473591804504
1,1.22,0.31720906,0.3171970844268799
1,0.96,0.31390652,0.31390878558158875
1,1.1899999,0.3106518,0.31064945459365845
1,1.2099999,0.3074119,0.3074140250682831
1,1.0875,0.30422404,0.30422356724739075
1,1.2225,0.30109903,0.301081120967865
1,1.1999999,0.29795548,0.29796528816223145
1,1.0899999,0.29486117,0.29489022493362427
1,0.92499995,0.2918116,0.29182785749435425
1,1.105,0.28879914,0.2887987196445465
1,1.035,0.28580433,0.2858123481273651
1,0.9325,0.28287542,0.282847136259079
1,0.84749997,0.27993384,0.27995002269744873
1,0.98249996,0.27706236,0.2770548164844513
1,1.0475,0.2741892,0.27419549226760864
1,1.0500001,0.27136272,0.27136367559432983
1,1.0325,0.26856947,0.26856228709220886
1,0.995,0.2657803,0.2657792866230011
1,0.93749994,0.26307404,0.26303592324256897
1,1.0225,0.26033542,0.26035669445991516
1,1.0825,0.25765222,0.2576548457145691
1,1.1175001,0.25501093,0.2550118565559387
1,0.845,0.0125,0.012500000186264515
1,1.075,0.0125,0.012500000186264515
1,0.89750004,0.0125,0.012500000186264515
1,1.0024999,0.0125,0.012500000186264515
1,0.995,0.0125,0.012500000186264515
1,1.0225,0.0125,0.012500000186264515
1,0.9425,0.0125,0.012500000186264515
1,0.98999995,0.0125,0.012500000186264515
1,0.995,0.0125,0.012500000186264515
1,1.2175,0.0125,0.012500000186264515
1,1.2875,0.0125,0.012500000186264515
1,1.0124999,0.0125,0.012500000186264515
1,0.955,0.0125,0.012500000186264515
1,0.85999995,0.0125,0.012500000186264515
1,0.7775,0.0125,0.012500000186264515
1,0.9575,0.0125,0.012500000186264515
1,0.92749995,0.0125,0.012500000186264515
1,1.135,0.0125,0.012500000186264515
1,0.9475,0.0125,0.012500000186264515
1,0.95250005,0.0125,0.012500000186264515
1,0.7575,0.0125,0.012500000186264515
1,0.9025,0.0125,0.012500000186264515
1,0.85749996,0.0125,0.012500000186264515
1,0.97249997,0.0125,0.012500000186264515
1,0.9975,0.0125,0.012500000186264515
1,0.8525,0.0125,0.012500000186264515
1,0.985,0.0125,0.012500000186264515
1,0.99249995,0.0125,0.012500000186264515
1,1.06,0.0125,0.012500000186264515
1,1.025,0.0125,0.012500000186264515
1,1.12,0.0125,0.012500000186264515
1,1.175,0.0125,0.012500000186264515
1,1.165,0.0125,0.012500000186264515
1,1.26,0.0125,0.012500000186264515
1,0.9675,0.0125,0.012500000186264515
1,1.225,0.0125,0.012500000186264515
1,1.2099999,0.0125,0.012500000186264515
1,1.195,0.0125,0.012500000186264515
1,1.165,0.0125,0.012500000186264515
1,0.96250004,0.0125,0.012500000186264515
1,0.84,0.0125,0.012500000186264515
1,0.7525,0.0125,0.012500000186264515
1,0.99249995,0.0125,0.012500000186264515
1,0.9575,0.0125,0.012500000186264515
1,0.9425,0.0125,0.012500000186264515
1,0.96999997,0.0125,0.012500000186264515
1,0.745,0.0125,0.012500000186264515
1,0.77250004,0.0125,0.012500000186264515
1,0.78249997,0.0125,0.012500000186264515
1,0.775,0.0125,0.012500000186264515
1,0.86249995,0.0125,0.012500000186264515
1,0.8275,0.0125,0.012500000186264515
1,0.99249995,0.0125,0.012500000186264515
1,0.8675,0.0125,0.012500000186264515
1,0.9425,0.0125,0.012500000186264515
1,0.92,0.0125,0.012500000186264515
1,0.7575,0.0125,0.012500000186264515
1,0.85999995,0.0125,0.012500000186264515
1,0.7525,0.0125,0.012500000186264515
1,1.1149999,0.0125,0.012500000186264515
1,0.78499997,0.0125,0.012500000186264515
1,0.8925,0.0125,0.012500000186264515
1,0.89,0.0125,0.012500000186264515
1,0.7,0.0125,0.012500000186264515
1,0.985,0.0125,0.012500000186264515
1,0.8925,0.0125,0.012500000186264515
1,0.935,0.0125,0.012500000186264515
1,0.71250004,0.0125,0.012500000186264515
1,0.7625,0.0125,0.012500000186264515
1,0.92499995,0.0125,0.012500000186264515
1,0.89,0.0125,0.012500000186264515
1,0.845,0.0125,0.012500000186264515
1,0.77250004,0.0125,0.012500000186264515
1,1.0,0.0125,0.012500000186264515
1,0.92749995,0.0125,0.012500000186264515
1,0.91,0.0125,0.012500000186264515
1,0.98999995,0.0125,0.012500000186264515
1,0.775,0.0125,0.012500000186264515
1,0.93,0.0125,0.012500000186264515
1,0.71999997,0.0125,0.012500000186264515
1,1.105,0.0125,0.012500000186264515
1,1.125,0.0125,0.012500000186264515
1,0.87249994,0.0125,0.012500000186264515
1,0.67749995,0.0125,0.012500000186264515
1,0.8925,0.0125,0.012500000186264515
1,0.85749996,0.0125,0.012500000186264515
1,0.735,0.0125,0.012500000186264515
1,0.685,0.0125,0.012500000186264515
1,0.89750004,0.0125,0.012500000186264515
1,0.6825,0.0125,0.012500000186264515
1,0.78499997,0.0125,0.012500000186264515
1,0.91749996,0.0125,0.012500000186264515
1,0.9475,0.0125,0.012500000186264515
1,0.95250005,0.0125,0.012500000186264515
1,0.765,0.0125,0.012500000186264515
1,0.78249997,0.0125,0.012500000186264515
1,0.9775,0.0125,0.012500000186264515
1,0.945,0.0125,0.012500000186264515
1,0.78749996,0.0125,0.012500000186264515
1,0.7575,0.0125,0.012500000186264515
1,0.97249997,0.0125,0.012500000186264515
1,0.8875,0.0125,0.012500000186264515
1,0.72749996,0.0125,0.012500000186264515
1,0.8,0.0125,0.012500000186264515
1,0.86999995,0.0125,0.012500000186264515
1,0.86999995,0.0125,0.012500000186264515
1,0.7975,0.0125,0.012500000186264515
1,0.88,0.0125,0.012500000186264515
1,0.6975,0.0125,0.012500000186264515
1,0.7,0.0125,0.012500000186264515
1,0.81,0.0125,0.012500000186264515
1,0.85749996,0.0125,0.012500000186264515
1,0.84250003,0.0125,0.012500000186264515
1,0.7625,0.0125,0.012500000186264515
1,0.7,0.0125,0.012500000186264515
1,0.73249996,0.0125,0.012500000186264515
1,0.86999995,0.0125,0.012500000186264515
1,0.86249995,0.0125,0.012500000186264515
1,0.9499999,0.0125,0.012500000186264515
1,0.86999995,0.0125,0.012500000186264515
1,0.8125,0.25117108,0.25117015838623047
1,0.72499996,0.3312634,0.3312664330005646
1,0.78249997,0.32780942,0.3278169333934784
1,0.79249996,0.32440507,0.32440656423568726
1,0.84,0.3210385,0.3210383355617523
1,0.77,0.31769982,0.3176973760128021
1,1.73,0.31439906,0.31439927220344543
1,1.0374999,0.31113538,0.3111313581466675
1,0.89,0.30790776,0.30791175365448
1,0.74,0.3047176,0.3047124743461609
1,0.67,0.30155396,0.30155616998672485
1,1.2574999,0.29842928,0.298427551984787
1,0.855,0.29533774,0.29534024000167847
1,0.66249996,0.29228586,0.2922824025154114
1,0.995,0.2892592,0.28925925493240356
1,1.02,0.28626326,0.28626781702041626
1,0.63,0.2833075,0.2833082973957062
1,0.655,0.2803846,0.28037574887275696
1,0.8275,0.27747983,0.2774812877178192
1,0.6425,0.2746167,0.2746204733848572
1,0.72749996,0.2717821,0.2717864513397217
1,0.66249996,0.26898208,0.26898372173309326
1,0.7950001,0.2662117,0.2662079930305481
1,0.865,0.26347375,0.26346543431282043
1,0.68,0.2511039,0.25107303261756897
1,0.66749996,0.3204848,0.32048872113227844
1,0.8925,0.3171597,0.3171544373035431
1,0.67749995,0.31386313,0.3138319253921509
1,0.73249996,0.31059223,0.3105883002281189
1,1.0575,0.30737555,0.30737680196762085
1,1.125,0.30417925,0.3041965961456299
1,1.1,0.3010536,0.30103206634521484
1,1.1899999,0.2978853,0.29792356491088867
1,1.155,0.2948459,0.2948228716850281
1,1.02,0.29177415,0.2917502224445343
1,0.905,0.28875095,0.28876301646232605
1,0.88500005,0.285775,0.2857757806777954
1,0.845,0.28280896,0.282807856798172
1,0.8375,0.2799001,0.27990785241127014
1,0.80499995,0.2770044,0.27702194452285767
1,0.815,0.27413994,0.27413949370384216
1,0.83000004,0.2713271,0.27131131291389465
1,0.6375,0.26850548,0.26851481199264526
1,0.88,0.26576006,0.2657690644264221
1,0.87249994,0.26301888,0.263002872467041
1,0.6575,0.26031604,0.26032447814941406
1,0.6875,0.2576264,0.2576121985912323
1,0.6525,0.25496218,0.2549727261066437
1,0.88249993,0.0125,0.012500000186264515
1,0.73749995,0.0125,0.012500000186264515
1,0.84999996,0.0125,0.012500000186264515
1,0.755,0.0125,0.012500000186264515
1,0.67249995,0.0125,0.012500000186264515
1,0.8275,0.0125,0.012500000186264515
1,1.145,0.0125,0.012500000186264515
1,0.82000005,0.0125,0.012500000186264515
1,0.7625,0.0125,0.012500000186264515
1,0.6875,0.0125,0.012500000186264515
1,0.53249997,0.0125,0.012500000186264515
1,0.645,0.0125,0.012500000186264515
1,0.835,0.0125,0.012500000186264515
1,0.5775,0.0125,0.012500000186264515
1,0.995,0.0125,0.012500000186264515
1,0.865,0.0125,0.012500000186264515
1,0.9075,0.0125,0.012500000186264515
1,0.78249997,0.0125,0.012500000186264515
1,0.79249996,0.0125,0.012500000186264515
1,0.93749994,0.0125,0.012500000186264515
1,0.7075,0.0125,0.012500000186264515
1,0.94000006,0.0125,0.012500000186264515
1,0.955,0.0125,0.012500000186264515
1,0.73249996,0.0125,0.012500000186264515
1,0.815,0.0125,0.012500000186264515
1,0.91749996,0.0125,0.012500000186264515
1,0.71,0.0125,0.012500000186264515
1,0.8775,0.0125,0.012500000186264515
1,0.89750004,0.0125,0.012500000186264515
1,0.9875,0.0125,0.012500000186264515
1,1.02,0.0125,0.012500000186264515
1,1.5925001,0.0125,0.012500000186264515
1,0.9875,0.0125,0.012500000186264515
1,1.2774999,0.0125,0.012500000186264515
1,1.205,0.0125,0.012500000186264515
1,1.1825,0.0125,0.012500000186264515
1,1.0,0.0125,0.012500000186264515
1,0.92499995,0.0125,0.012500000186264515
1,0.7975,0.0125,0.012500000186264515
1,0.9025,0.0125,0.012500000186264515
1,0.77,0.0125,0.012500000186264515
1,0.84,0.0125,0.012500000186264515
1,0.9,0.0125,0.012500000186264515
1,0.71250004,0.0125,0.012500000186264515
1,0.76,0.0125,0.012500000186264515
1,0.93749994,0.0125,0.012500000186264515
1,0.74,0.0125,0.012500000186264515
1,0.72749996,0.0125,0.012500000186264515
1,0.87249994,0.0125,0.012500000186264515
1,0.91249996,0.0125,0.012500000186264515
1,0.93749994,0.0125,0.012500000186264515
1,0.72249997,0.0125,0.012500000186264515
1,0.71,0.0125,0.012500000186264515
1,0.8775,0.0125,0.012500000186264515
1,0.71999997,0.0125,0.012500000186264515
1,1.37,0.0125,0.012500000186264515
1,1.29,0.0125,0.012500000186264515
1,1.0075,0.0125,0.012500000186264515
1,0.7475,0.0125,0.012500000186264515
1,0.89750004,0.0125,0.012500000186264515
1,0.7075,0.0125,0.012500000186264515
1,0.8525,0.0125,0.012500000186264515
1,0.8925,0.0125,0.012500000186264515
1,0.7475,0.0125,0.012500000186264515
1,0.9675,0.0125,0.012500000186264515
1,0.77,0.0125,0.012500000186264515
1,0.77,0.0125,0.012500000186264515
1,0.8375,0.0125,0.012500000186264515
1,0.64,0.0125,0.012500000186264515
1,0.76,0.0125,0.012500000186264515
1,0.63,0.0125,0.012500000186264515
1,0.6825,0.0125,0.012500000186264515
1,0.84,0.0125,0.012500000186264515
1,0.775,0.0125,0.012500000186264515
1,0.91,0.0125,0.012500000186264515
1,0.73,0.0125,0.012500000186264515
1,0.77,0.0125,0.012500000186264515
1,0.80749995,0.0125,0.012500000186264515
1,0.68,0.0125,0.012500000186264515
1,0.7,0.0125,0.012500000186264515
1,0.71250004,0.0125,0.012500000186264515
1,0.745,0.0125,0.012500000186264515
1,0.81749994,0.0125,0.012500000186264515
1,1.0425,0.0125,0.012500000186264515
1,0.6825,0.0125,0.012500000186264515
1,0.7525,0.0125,0.012500000186264515
1,0.875,0.0125,0.012500000186264515
1,0.84250003,0.0125,0.012500000186264515
1,0.675,0.0125,0.012500000186264515
1,0.655,0.0125,0.012500000186264515
1,0.82000005,0.0125,0.012500000186264515
1,0.79,0.0125,0.012500000186264515
1,0.66749996,0.0125,0.012500000186264515
1,0.71,0.0125,0.012500000186264515
1,0.77250004,0.0125,0.012500000186264515
1,0.905,0.0125,0.012500000186264515
1,0.89,0.0125,0.012500000186264515
1,0.96500003,0.0125,0.012500000186264515
1,0.73749995,0.0125,0.012500000186264515
1,0.6925,0.0125,0.012500000186264515
1,0.7425,0.0125,0.012500000186264515
1,0.85749996,0.0125,0.012500000186264515
1,0.6875,0.0125,0.012500000186264515
1,0.88249993,0.0125,0.012500000186264515
1,0.86249995,0.0125,0.012500000186264515
1,0.73249996,0.0125,0.012500000186264515
1,0.68,0.0125,0.012500000186264515
1,0.6925,0.0125,0.012500000186264515
1,0.6575,0.0125,0.012500000186264515
1,0.705,0.0125,0.012500000186264515
1,0.7575,0.0125,0.012500000186264515
1,0.87249994,0.0125,0.012500000186264515
1,0.7,0.0125,0.012500000186264515
1,0.8125,0.0125,0.012500000186264515
1,0.7025,0.0125,0.012500000186264515
1,0.88500005,0.0125,0.012500000186264515
1,0.67,0.0125,0.012500000186264515
1,0.88249993,0.0125,0.012500000186264515
1,0.71999997,0.0125,0.012500000186264515
1,0.80499995,0.0125,0.012500000186264515
1,0.745,0.2511302,0.2511342465877533
1,0.86999995,0.33121136,0.3312107026576996
1,0.80749995,0.32776374,0.327765554189682
1,0.685,0.32436728,0.3243527114391327
1,0.68999994,0.32098904,0.32098329067230225
1,0.86249995,0.31764543,0.317655473947525
1,1.155,0.31435472,0.31435108184814453
1,1.1275,0.3110899,0.31109359860420227
1,1.29,0.30785424,0.3078557252883911
1,0.97999996,0.304668,0.30467090010643005
1,1.3774999,0.30150634,0.3015097975730896
1,1.395,0.29838362,0.2983833849430084
1,1.1574999,0.29529804,0.29529497027397156
1,1.1324999,0.29223555,0.29223936796188354
1,0.78249997,0.28920972,0.2892078161239624
1,0.815,0.28622118,0.2862234115600586
1,0.9225,0.28326187,0.2832612097263336
1,0.80499995,0.28033382,0.28033360838890076
1,1.005,0.2774378,0.27743983268737793
1,0.91499996,0.2745769,0.2745778262615204
1,1.0500001,0.27174985,0.2717391848564148
1,0.88500005,0.26894072,0.26894181966781616
1,0.89750004,0.26616383,0.26616406440734863
1,0.9075,0.26342812,0.2634257376194
1,0.875,0.25104803,0.2510390877723694
1,0.9875,0.3204202,0.3204341232776642
1,1.055,0.31709492,0.31712764501571655
1,0.955,0.3137979,0.3137936592102051
1,1.0649999,0.31056145,0.31054291129112244
1,0.91,0.3073155,0.3073265552520752
1,1.145,0.30412787,0.3041488528251648
1,1.1275,0.3009716,0.300967276096344
1,0.9575,0.2978814,0.29785528779029846
1,0.92,0.2947966,0.2947984039783478
1,0.835,0.29171616,0.2917221784591675
1,1.035,0.28869966,0.2887198030948639
1,0.86999995,0.28572288,0.2857394814491272
1,1.02,0.28275654,0.2827615737915039
1,1.035,0.2798424,0.27984464168548584
1,1.0,0.2769751,0.27695605158805847
1,1.035,0.27408585,0.2741135060787201
1,1.0,0.27127245,0.27127954363822937
1,1.0374999,0.26849404,0.2684928774833679
1,1.13,0.2657124,0.26571130752563477
1,1.0425,0.26296288,0.2629735767841339
1,1.0899999,0.2602599,0.2602628469467163
1,1.1,0.25758013,0.2575754225254059
1,0.715,0.2549357,0.2549441456794739
1,0.86999995,0.0125,0.012500000186264515
1,0.98999995,0.0125,0.012500000186264515
1,1.0799999,0.0125,0.012500000186264515
1,0.865,0.0125,0.012500000186264515
1,0.9225,0.0125,0.012500000186264515
1,0.8275,0.0125,0.012500000186264515
1,1.0625,0.0125,0.012500000186264515
1,1.2725,0.0125,0.012500000186264515
1,1.0525,0.0125,0.012500000186264515
1,1.27,0.0125,0.012500000186264515
1,0.8525,0.0125,0.012500000186264515
1,0.81749994,0.0125,0.012500000186264515
1,0.9,0.0125,0.012500000186264515
1,1.1225,0.0125,0.012500000186264515
1,0.88500005,0.0125,0.012500000186264515
1,0.6825,0.0125,0.012500000186264515
1,0.705,0.0125,0.012500000186264515
1,0.68999994,0.0125,0.012500000186264515
1,0.755,0.0125,0.012500000186264515
1,0.92499995,0.0125,0.012500000186264515
1,0.92499995,0.0125,0.012500000186264515
1,0.8375,0.0125,0.012500000186264515
1,0.86999995,0.0125,0.012500000186264515
