model,lookback,lookahead,mae,rmse,mape
lstm,24,24,8.355078072059934,10.721647716777028,96.91803843067368
cnn_lstm,24,24,9.302554226961819,11.611526821367484,114.7076916613669
bilstm,24,24,8.284562069055125,10.565868007331792,99.06663360496802
cnn_bilstm,24,24,8.963043182724425,11.379350207681265,105.86867380931812
