mse,mae,mape
0.10452298495337999,0.23486233844623813,0.02972253388423771
