MSE,MAE,MAPE
28.643613815307617,4.189226150512695,0.027346216142177582
