type,inference,MAE,MSE,RMSE,MAPE,R2,MDA,Spearman
st,2.058361291885376,0.4948965222353375,0.7442239635678239,0.8626841621171818,0.27461673399072845,0.8058289384710742,0.6391890386543388,0.9220345169069948
lt,475.4251232147217,1.5063460177165464,5.587081395951332,2.3637007839300073,0.5132227862928503,-0.4576922789473121,0.6029854071516096,0.48110013236775717
