y_true,y_st,y_lt
1.6443750000000001,2.1495726,2.2194754844428597
1.676875,2.036664,2.2296100907838343
1.6712500000000001,2.0703955,2.1812352411860227
1.6425,2.0884748,2.178479176842868
1.6731250000000002,1.9800433,2.2420357030192015
2.2375,2.0128891,2.1258532185959815
2.9137500000000003,2.2813008,2.1135292693734167
3.29,2.9538817,2.259435626669228
3.34,3.363973,2.5842302146849034
5.225625,2.8570452,2.7337830847124756
5.43,4.0402837,2.5722557071514425
5.433125,4.012856,2.492647388610542
5.43,3.8560565,2.3931145149350166
5.7524999999999995,3.9641318,2.2841210008916257
5.4725,4.1964707,2.312816681960225
3.8237499999999995,4.04589,2.303102681417316
4.003125,3.3793702,2.2734332281574607
5.406874999999999,4.375011,2.381768125349283
5.6518749999999995,5.099005,3.12400420032233
5.733750000000001,5.043853,3.7576713538348674
5.48625,4.901585,3.9237002101314067
5.366875,4.4419465,3.8303209388190504
5.183125,3.7707913,3.1183393777775765
3.8000000000000003,2.8272882,2.14060232902199
1.659375,2.3876314,1.6927655946290492
1.6456250000000001,2.033808,1.6895957020220158
1.59875,2.0108116,1.6697786904077978
1.571875,2.0824559,1.6526458813404292
1.55375,1.8498502,1.8771902734225987
2.0787500000000003,1.9414483,1.5833149957065284
2.804375,2.0789206,1.6152875148848445
3.2125,2.8461702,1.741016754227951
4.547499999999999,3.1709576,2.220360351332724
5.3975,3.9772763,2.3223694170573355
5.654999999999999,3.9124966,2.2921719141486285
5.835,4.1289973,2.149454984705448
5.64875,4.0651865,2.0949006186431647
4.9325,4.1333733,2.104860005791485
2.7175,3.7035015,2.0644391905796526
2.5675,2.3159716,2.0429617827592788
2.873125,2.3927784,2.072153619198203
4.499375,3.2868052,2.1900444409149884
5.35625,4.548285,2.8627513873791695
5.935625,4.809859,3.200360498488992
5.358750000000001,4.6520834,3.5219164218595624
4.945,4.4908214,2.9184993968153
4.289375,3.5312564,2.4772067703582343
2.654375,2.5803468,1.6914862353816627
0.6174999999999999,2.1105258,0.9352831076590344
0.575625,1.8363482,0.923498570422046
0.58125,1.4403839,0.8506343967451528
0.573125,1.6032407,0.8185474568426236
0.599375,1.4339714,1.0130783859701455
0.86,1.3786316,0.9690590987835825
1.8056249999999998,1.6873064,0.9096774838315324
3.094375,2.3247066,1.0998030157376082
5.141875000000001,3.135308,1.919259424816519
5.97875,4.297368,2.0788115498405695
5.986875,4.1854296,2.156509201758504
5.986875,4.0900187,2.0418943211248517
5.313750000000001,4.027042,1.8871638136570155
2.880625,3.8670402,1.9794128314740955
2.85625,2.4334316,1.9960985226243733
3.03375,2.2800674,2.0233892607238886
3.1675000000000004,2.7602327,1.9505766162407396
5.91375,3.773235,2.0199873372405768
6.50625,5.0349917,2.46395868441537
7.301875,5.128182,2.675207448145747
7.79875,5.1684694,2.704998498342484
6.929375,5.236718,2.2000506727848945
5.6775,4.8132124,1.7165129780539123
3.966875,3.1891901,1.1242845655862987
1.665,2.381515,1.117799761074558
1.526875,2.0933506,1.0754844257182627
1.575,2.0508971,1.0155734654122963
1.555625,2.0426219,0.9398446373408288
1.556875,2.0027633,1.1434166475691647
1.8318750000000001,2.0636413,0.9049874800090493
2.8200000000000003,2.1465657,0.9381346056637169
3.211875,2.6900077,1.1295800125178694
4.8275,3.1099825,1.7401099600216
5.8393749999999995,4.117487,1.8770908031414448
5.474375,4.0651417,1.955947214066088
3.6799999999999993,3.8835104,1.832483963542655
3.8112500000000002,2.893835,1.818334764561802
3.08875,2.8415062,1.7927975140938908
2.6025,2.5842857,1.7819776791127024
2.433125,2.2723181,1.7067871168261766
2.494375,2.3847594,1.7543084954645483
3.9706250000000005,2.8893614,1.8669416450358927
4.680625,4.0614057,2.146025353067666
4.5493749999999995,4.662406,2.2916249272719025
4.05875,3.8121095,2.5559780634270606
4.148125,3.1747394,2.0122966299916802
3.873125,2.7633207,0.9076522968147324
2.2218750000000003,2.2707975,0.6884679375781491
1.088125,2.0307891,0.6438148014406859
0.59625,1.6695007,0.6086230531932413
0.525625,1.4973737,0.593354863384217
0.561875,1.4466817,0.6157402614463865
0.51875,1.4492327,0.6558718354198336
0.905625,1.4188879,0.6095662766458466
1.7518749999999998,1.6095814,0.6209272179961577
2.1781249999999996,2.2184722,0.8149492340419441
3.82125,2.4262393,1.4779671970379353
4.829375,3.4215713,1.6081159866885841
5.76,3.6076887,1.6834609372171012
5.413125,4.0711536,1.5564494482076168
4.62625,3.8987782,1.4955928723781557
4.77,3.324118,1.4991877562465519
4.783125,3.396032,1.3934674922065438
3.6399999999999997,3.5081024,1.3937746739766002
5.0024999999999995,3.1835482,1.3707553771287204
5.30375,4.500167,1.4276071279411018
5.358124999999999,4.777267,1.5937777144378424
5.54375,4.571516,2.035281839829385
5.78,4.2752504,2.2313184280773997
8.72,4.430873,1.7445492449139803
8.28625,5.082876,0.7355011842506378
4.133125,4.5239873,0.518936989829801
2.37625,2.4566073,0.52468271918891
2.113125,2.0817595,0.5215783593572862
1.55375,2.0476277,0.5163955889315717
1.555625,2.0024757,0.5138328587345778
1.546875,1.8979368,0.5454683700089342
1.546875,1.9626848,0.5323172626067139
1.578125,2.0245597,0.49681068294584746
2.13875,2.0404792,0.5184168888331763
2.57,2.104311,0.5308362467998639
2.524375,2.4272609,0.5235431715015322
2.645,2.3921132,0.590455474126935
2.7668749999999998,2.3726192,0.7048887068774178
2.84,2.372161,0.6572112954483181
2.49375,2.4248703,0.521815672723446
1.203125,2.1315794,0.49514796942101785
0.548125,1.9489055,0.5330467694757879
1.494375,1.8981435,0.5692693507721647
2.570625,2.053444,0.9697407891522721
8.1775,2.5754988,1.156960154266879
10.32375,5.4312935,1.1784091562454404
8.880625,5.5619187,1.2014843677503617
7.795625,5.1675277,0.5822031285671144
7.443124999999999,4.5682397,0.5083052563397027
2.794375,3.9628808,0.5742581391991861
1.790625,2.1527784,0.5389127751493081
1.6675,1.7964411,0.47062847036436195
1.664375,1.8547773,0.4843874627813696
1.665625,1.9412237,0.4811325519881397
1.6075,1.6675954,0.4932304505116492
1.620625,1.8490121,0.46119561290318145
1.631875,1.7396116,0.4652687365276366
2.06875,1.8056803,0.467174319999963
2.5387500000000003,1.7485116,0.45478737957730886
5.536875,2.843066,0.43395301523031665
7.654375,4.446606,0.8086578384285792
7.9106250000000005,4.992374,0.7326111639376729
7.30125,4.837545,0.6733156137028337
6.005625,4.759043,0.44584394978707653
2.36875,3.2038324,0.436115148305539
0.504375,2.0047011,0.46752725012578067
0.460625,1.9425224,0.45067309239963066
1.305,1.7292223,0.45191769186690445
2.060625,1.966125,0.43291096934908996
2.66,2.1538033,0.464326958284527
2.739375,2.0474048,0.4391901305165514
2.286875,1.7119476,0.4264047607863694
1.553125,1.828734,0.4141407130056619
1.5825,1.7958205,0.43444583166835826
1.5775,1.778901,0.44407299505449827
1.5543749999999998,1.3594657,0.43484530750690026
1.601875,1.3753121,0.4142510223580338
1.5775000000000001,1.622275,0.41778767425071445
1.596875,1.7001778,0.41732842155734073
2.2025,1.6594722,0.44761134133072566
2.765625,2.1346202,0.4252435100391507
3.193125,2.76606,0.4722690323160588
4.240625,3.2206311,1.092887339456901
4.63375,3.565074,1.036827862457037
3.9218749999999996,3.4937108,1.0999358753415942
3.4581249999999994,2.8289065,1.1025125343680382
3.2175000000000002,2.6414294,1.0580020752921702
3.2581249999999997,2.4889247,1.0517928572808206
3.06,2.634688,1.0140670089348407
2.195625,2.4348915,1.0086670085714757
2.27375,2.3095384,1.0012033487178387
4.559375,2.6880915,1.078696677913964
5.343125,4.594895,1.2414882649400831
5.615625,4.801351,1.2736133783072234
5.7275,4.775708,1.2004481027071179
5.64125,4.504798,0.997354606326297
5.63,4.094401,0.39730883143967016
3.215625,3.1028712,0.40003110778151074
1.56375,2.155741,0.4038564278122596
1.5575,1.697591,0.4000180012264289
1.58875,1.7291639,0.3935157296137139
1.573125,1.9160334,0.4024973827033676
1.545,1.6691974,0.4050153612408042
2.0425,1.689949,0.3993404720643907
2.7668749999999998,1.9424431,0.394453346650172
3.1225,2.7095623,0.41407797097962346
4.0181249999999995,2.988818,0.9100687369263918
4.855,3.417399,0.9359848316214234
3.7568749999999995,3.345864,0.9442331903964282
3.3956249999999994,2.7184432,0.9500364042090997
3.3868750000000003,2.5758252,0.9770239971581847
2.89625,2.5565736,0.909653911966309
2.529375,2.3758929,0.7757702524654194
2.646875,2.1457837,0.7860233161502331
3.25625,2.3653738,0.8772777806602047
4.170625,3.7345426,0.9609971720335261
5.184375,4.202973,1.0273281515979766
5.938125,4.5111284,1.0194794680007548
7.38375,4.401271,1.176411179035008
8.938125,4.831874,0.6146221676447987
9.186875,4.996685,0.38220125922391185
6.764374999999999,4.6376305,0.38551156140867615
1.6025,3.598281,0.3864047756292484
1.55625,2.0787978,0.3836148485325649
1.57125,1.6982458,0.38365354526268314
1.565625,1.8456212,0.39147753571145233
1.5431249999999999,1.8441738,0.3927793206234276
1.8393750000000002,1.9152911,0.40162592137744646
2.760625,2.1543932,0.3846938967603631
3.1875,2.5310714,0.39502457816205916
4.30625,2.9588401,0.8064376976342872
5.24,3.640779,0.7215468393776565
3.9800000000000004,3.8352184,0.7400186101254076
3.3674999999999997,2.8749537,0.6163908050587028
3.288125,2.5269768,0.6136872167706862
3.250625,2.6207478,0.6790984949129447
2.263125,2.6846306,0.7142933329186215
2.081875,2.244572,0.7159671346887201
2.0775,2.2549784,0.8675030314836651
3.9662499999999996,2.564231,0.9305369898402691
4.684375,4.041512,0.9752430007113517
5.665,4.4981785,0.925895475288108
5.81375,4.5662346,0.8807715995335207
5.0131250000000005,4.6151075,0.4643909960156306
4.900625,3.6108406,0.37876916076302525
3.2025,2.7891936,0.38297609085286033
1.600625,2.1299965,0.3862438839445263
1.524375,1.8240484,0.3860179827499017
1.55375,1.8004898,0.3837913634302839
1.535625,1.8468713,0.3858895584440231
1.564375,1.7507675,0.3941822452826984
1.84375,1.8805438,0.38577007948657493
2.693125,2.0124986,0.3799353949912637
3.103125,2.571368,0.40297791486069556
3.1081250000000002,2.915771,0.8361126825580747
3.0775,2.5830705,0.7669891595694049
3.128125,2.3502922,0.8794088168138638
3.180625,2.3727589,0.8135798731273413
2.249375,2.4790525,0.8437238534498961
2.471875,2.2011628,0.8066612067580222
2.22375,2.1932511,0.7500891289004683
2.065,2.160287,0.720415938029848
2.394375,2.2119284,0.8654220793142543
4.473125,2.6529548,0.9093559994709492
4.6431249999999995,4.1760526,0.9002137537054345
4.53,4.455809,0.9100698332922161
4.545,3.6175096,0.9565477706746758
4.30125,3.42977,0.4121388985148444
5.00375,2.8076844,0.3602039497461542
3.6331249999999997,2.7693596,0.363666895954553
0.6018749999999999,2.249872,0.3666848422252945
0.55625,1.2626932,0.3667364461712539
0.55375,1.1592128,0.3679131706270389
0.5225,1.1872627,0.3745146882642619
0.57625,1.1591107,0.36969451591754326
0.831875,1.0984825,0.374661177688837
1.72125,1.3469908,0.365353704610113
2.11875,2.127424,0.38360861918129024
2.615,2.3080237,0.8453862928832695
2.8362499999999997,2.3861303,0.7891074430489167
2.6725000000000003,2.2998772,0.8662910987344757
2.59875,2.242733,0.8404367493692786
2.665,2.2920322,0.7950311574326455
2.244375,2.1631265,0.8400904472732172
2.2199999999999998,2.0628312,0.7898136023094132
2.075,2.0336702,0.8240160797396302
2.279375,2.055917,0.848258771343045
3.6950000000000003,2.601181,0.8993926255378127
4.395625,3.8180401,0.8605602450662106
4.6175,4.057733,0.9450313447165489
4.213125,3.7823138,0.8509758648646251
3.998125,3.2272348,0.41980224645294245
3.4831250000000007,2.4297612,0.35449626926463096
1.416875,1.8446711,0.3557385514132306
0.58,1.1126233,0.35916564147569235
1.539375,0.8696896,0.3636739974150061
1.486875,0.923666,0.36315120533863077
1.184375,1.5062621,0.3668109990473091
0.53625,0.93326384,0.368384134500809
0.573125,0.78617704,0.3716338624737784
0.4925,0.762064,0.35654791856564577
1.10875,0.94204026,0.36278661386722694
1.58625,1.0538478,0.36549045132929453
1.5474999999999999,1.6296328,0.36937298172214994
1.9418749999999998,1.50719,0.3821738002434931
7.540625,1.870209,0.40742009017206726
7.626875,4.6604095,0.37930448629416524
7.516249999999999,4.7491555,0.36883822929132726
5.55625,4.5948324,0.3609916387561336
1.025625,3.913684,0.37031324000354854
2.003125,1.4753171,0.3756307886734418
7.45875,1.6293727,0.7326328420801088
8.6,4.754986,0.796606983965896
8.826875,5.1751184,0.7509892452422529
7.1825,5.2353015,0.6147131660082191
2.371875,4.6358695,0.3692294823861867
1.97375,1.57293,0.3645463806849159
1.629375,1.4362034,0.3829861574845202
0.859375,1.82674,0.37403520263794804
0.9175,1.4276345,0.3663473608906381
0.88875,1.2402364,0.36623989212244745
0.88625,0.96993124,0.36894133751362557
0.8843749999999999,1.0847,0.36865772760879245
0.905,0.87423575,0.363949708502423
0.868125,0.8446226,0.3576930726691708
1.395625,0.7557394,0.36190311743464315
1.9000000000000001,1.112851,0.3584402459784597
6.191875,2.2311637,0.3598423483633622
7.452500000000001,4.4429646,0.6595555747548117
7.745625000000001,4.6564627,0.5589324151017889
7.073125,4.594422,0.49095147972391917
6.802499999999999,4.37954,0.3616102880899235
5.190625000000001,3.4114714,0.3514019262298569
0.735,2.471972,0.36276368985453616
0.5549999999999999,1.670723,0.3593610936012864
1.19375,1.3312209,0.3672385318839922
1.735,1.8402723,0.35837635775178667
1.7924999999999998,1.9180639,0.36987783326685425
1.78125,1.4777796,0.36016348388027397
1.2475,1.0847604,0.35807126904375847
0.59375,1.5874374,0.34816141769677394
0.61,1.4952755,0.35707925731196993
0.588125,1.3147329,0.3612807055726833
0.58,0.8954485,0.3650449530435353
0.588125,1.0925742,0.3577228240508586
0.591875,1.0021757,0.3609293452433869
0.568125,0.9876722,0.3572467521090433
1.1375,0.8381988,0.370283314200025
1.790625,1.5794072,0.35398920007087287
2.15875,2.2125878,0.3991274780856073
4.4818750000000005,2.3827178,0.9179281848426164
4.7825,3.5053577,0.8158266257102788
4.69375,3.543197,0.8982248962652684
4.616875,3.2048855,0.8958145858352632
4.289375,3.1452496,0.8654910008567572
2.626875,3.0245934,0.8814977425529064
2.4275,2.3141701,0.8579588679739089
2.0949999999999998,2.0631514,0.8518451334588976
2.15,2.1648111,0.843193561234586
3.5400000000000005,2.5801413,0.9075281583025308
4.3925,3.8332744,1.0276909490162134
4.684375,4.1963763,1.0300596972145142
4.476875,4.214387,0.897342022767812
5.89125,3.5103545,0.6836300240390002
6.58375,4.1367526,0.3460198663981631
3.14875,3.6712885,0.35014613884769374
0.656875,2.0750778,0.35389710534162816
0.603125,1.2385764,0.35503692712046203
0.580625,1.1577601,0.35401720723420377
0.594375,1.3682975,0.3618765803982131
0.565,1.2847987,0.3581648588173091
1.109375,1.103978,0.35735763456173236
1.7481249999999997,1.4356158,0.3527574330672249
2.188125,2.1313138,0.3629607865288667
3.810625,2.2695746,0.8164421852858365
4.1975,3.039162,0.8036770983234047
4.23375,2.8846252,0.8284528728915006
4.154375,2.9796643,0.8464981573335827
4.105,2.982316,0.8701512034627423
2.34125,2.935271,0.796355218504779
2.378125,2.1248605,0.6791735959719121
2.3831249999999997,1.9163073,0.6795842348079383
2.281875,2.1683505,0.8044039888649434
3.480625,2.7324667,0.8813964782185854
4.2775,3.5039935,0.9511996483487264
4.510625,4.0443344,0.9211208021230997
4.140625,3.4979146,1.0302939208224415
3.84,3.2477813,0.5075728341342323
3.8306250000000004,2.4723868,0.35046398526713246
1.9362500000000002,2.0655084,0.35324317296221847
0.588125,1.2266158,0.35636153637550766
0.59375,0.6728725,0.35561426339659835
0.565,0.6997556,0.3584065078119561
0.601875,0.86023337,0.3671814461089111
0.565625,0.7265209,0.36292500513514503
0.895,0.6591542,0.3694041783133335
1.72625,1.0295827,0.3579050699517503
2.1725,2.1374123,0.36697009667886415
3.154375,2.189816,0.7811887415433675
4.26125,2.758121,0.694915116808191
4.298125000000001,3.174426,0.7144302789770439
4.273125,3.0768065,0.5929225962405651
4.166875,2.9050815,0.5967790630276874
4.264375,2.9846072,0.6685922205575182
4.3975,3.084891,0.710374672288373
2.6418749999999998,3.1282392,0.708574738613665
2.348125,2.404204,0.8322248696753383
3.9193750000000005,2.620457,0.8865710259006173
4.42,3.7517567,0.9206032177843899
4.5912500000000005,4.068158,0.8708855692258105
3.9050000000000002,3.588822,0.818733639693521
3.944375,3.062809,0.4427053783582523
3.9775000000000005,2.4903777,0.3590152898533269
2.331875,2.2119346,0.3623508832042664
0.646875,1.8621356,0.36724366486944254
0.600625,1.4214051,0.36836233177134764
0.58125,1.2928361,0.3676610563222505
0.62,1.2470721,0.3705809526039287
0.6231249999999999,1.1839998,0.3737209692422486
0.87625,1.2540016,0.367901334859617
1.7806250000000001,1.4959086,0.36289206432560456
2.123125,2.1326585,0.388081368148718
3.7731250000000003,2.1873949,0.8112330522455274
4.21875,2.9412205,0.7557679051920771
4.255,2.8934393,0.8543167905402557
4.41875,2.857226,0.8039517379624024
4.684375,3.0331926,0.8215846891849116
4.265,3.1793406,0.7980503994084521
4.031875,3.0219302,0.7475592647607997
2.125,2.846796,0.7195316691577062
2.1525,2.071288,0.8440841092928127
3.7312499999999997,2.2478042,0.8866717918868363
4.30375,3.5322564,0.8757520879460127
4.468125000000001,4.1271167,0.8866973073096573
3.966875,3.388531,0.9261233200403304
3.8825000000000007,2.794614,0.3983074462838098
3.8375,2.4123695,0.347457152159065
2.093125,2.0813296,0.3502153593990579
0.580625,1.613125,0.3546269361369684
0.581875,1.078236,0.35486858513161534
0.516875,1.0425086,0.35782677946493024
0.5675,0.9571461,0.36450920391650865
0.575625,0.96557724,0.3581814039742946
1.314375,0.8606727,0.3628475618400983
2.700625,1.4730595,0.35426383970987047
3.119375,2.5903032,0.37252406168833374
5.0675,3.0034645,0.8260783936900272
5.348125,3.9662914,0.7758075289034471
5.449375,3.685718,0.8500953834380582
5.25375,3.5632544,0.8306440098262577
5.15,3.5010023,0.7920884118904918
5.467499999999999,3.442135,0.8248328224439546
4.746875,3.7654696,0.7727009763401747
3.0775,3.3988147,0.8030189299851284
4.13375,2.6147494,0.8327918403109535
5.1899999999999995,3.8207424,0.8872583476028592
5.215625,4.539925,0.8476931462473051
5.5,4.364035,0.9303852926780284
5.115,4.098371,0.8303322930884733
4.930625,3.9288218,0.4150337278869934
4.5075,3.2072706,0.3464194917411357
2.479375,2.4382386,0.3472575139094144
1.605,1.994437,0.3517373145024851
1.5818750000000001,1.6678907,0.3561410173403844
1.57625,1.5006608,0.3569564643396437
1.564375,1.6725978,0.36050515133898703
1.584375,1.4848602,0.36120842018049204
1.5587499999999999,1.5640346,0.3641107247741706
1.578125,1.6884648,0.34961843804251397
1.94625,1.7852585,0.3554566857267543
2.52,1.8652067,0.359130956447795
2.415,2.2593815,0.3628811255847662
2.44125,2.135523,0.3774871851881034
2.36625,2.1042323,0.40332810407195235
2.4162500000000002,2.0196986,0.3738922265674918
2.113125,2.0161579,0.3624675963297486
2.505,1.7542411,0.3551709329250827
2.98375,2.073175,0.3649831329614855
2.665,2.5544622,0.37082549201756715
4.18375,2.492309,0.7325045672786608
4.670625,3.826823,0.796446615546681
3.16125,4.348977,0.7520504775254055
2.606875,2.4695156,0.6175597303666919
2.580625,1.9946748,0.3642008759458176
2.544375,1.8028975,0.3613888221934065
2.245,1.9379163,0.3789758755557239
1.540625,2.1374004,0.37123152113365004
1.5037500000000001,1.4699206,0.3619346628694981
1.546875,1.4010881,0.3627929927229322
1.57125,1.5151086,0.3652454384849593
1.55875,1.2350032,0.3645630504289269
1.544375,1.3800968,0.3595784730433672
1.519375,1.2986085,0.35363751581531017
2.04875,1.384529,0.3575999812437221
2.513125,1.5249969,0.354856375603117
6.665625,2.7295234,0.35615751266255974
7.584375,4.5465527,0.6594862545338273
7.72375,4.775795,0.5597187585718929
7.379999999999999,4.5936594,0.49273135488752273
6.8725000000000005,4.5605288,0.35799103499934076
3.973125,3.5300484,0.34808337638400494
1.79,2.1438277,0.36020190651893613
1.793125,1.8995844,0.35645996012564746
2.3606249999999998,1.7267917,0.3641720963429287
2.903125,2.293086,0.3560228590054065
2.93,2.6133406,0.368016478188578
2.9375,2.1062157,0.35742580858208234
2.54,1.5876021,0.35505187756352125
1.69,1.8390797,0.34541093485236163
1.568125,1.8501179,0.3541012785590067
1.545,1.787548,0.35885103431891646
1.5825,1.4732687,0.3624756446515955
1.55125,1.4775817,0.35578424993418156
1.575,1.5473578,0.35882173145052043
1.51875,1.5495607,0.3550071757387742
2.135625,1.4882749,0.36847246670188377
2.6725,2.0872638,0.3524046524458378
3.11625,2.7189631,0.4000457342983037
3.993125,3.1791022,0.9172399162789807
4.33875,3.3610904,0.8137550424851849
4.365,3.265223,0.8968988916355372
3.4268749999999994,3.06705,0.8941960010348633
3.1925,2.5819273,0.864308420810774
3.36125,2.4041362,0.8801883329149709
3.065,2.6563513,0.8570121062497795
3.0456250000000002,2.432557,0.850818287194781
3.3775000000000004,2.726556,0.8421717482862995
5.054375,3.8587604,0.9063005774229393
5.275625,4.7615614,1.0264190649903566
5.436875,4.6990256,1.0283270405335725
7.14375,4.6111217,0.8955813589235396
6.079375,4.897486,0.6838749621311202
5.25875,4.3951426,0.34446392395418135
3.2125000000000004,2.7919366,0.34845938002694393
1.573125,2.1227481,0.35251015273902564
1.6356249999999999,1.7212366,0.35353590263731777
1.513125,1.7332431,0.35290698733262715
1.56875,1.8470124,0.3606275456328317
1.535,1.5568248,0.35686790788192296
2.049375,1.6032007,0.3558938366818055
2.71,1.9057573,0.35144767458561804
3.061875,2.6700187,0.3619627946198545
3.8381250000000002,2.8981166,0.8151636732302233
4.66875,3.2447002,0.8020311542122066
3.700625,3.1663058,0.8276059801270067
3.204375,2.667458,0.8453555448053778
3.17625,2.4474895,0.8695604117878527
3.276875,2.4090517,0.7970449821127206
3.215,2.541206,0.6807724461874738
3.7499999999999996,2.4745085,0.6819309061853215
4.061875000000001,3.0387857,0.8053596211852878
5.855,4.357914,0.8813094666399808
6.714375,4.757061,0.9509779831129686
7.169374999999999,4.911019,0.9205736657419429
6.68125,4.7993274,1.0296823480316997
5.971875,4.6582966,0.5080747205077297
5.84375,4.080526,0.349584351032339
4.229375,3.2708871,0.35230254091974345
2.1025,2.2839766,0.3555721529819816
2.013125,2.143511,0.3547697128681838
2.086875,1.9789184,0.35778940335728227
2.05375,2.0277977,0.366461731780041
2.066875,1.9948825,0.36218513262555
2.30625,2.049862,0.3688543010176159
3.14625,2.2248416,0.35716636856019496
3.583125,2.8366063,0.36618721672806887
4.26,3.3613775,0.7814056724721565
4.3725000000000005,3.6847076,0.6958679583791643
4.355625,3.26951,0.7160490132818743
4.309374999999999,3.1909971,0.5944866119237989
4.250624999999999,3.215309,0.5981744377132132
4.07125,3.3161132,0.670296870075129
3.2731250000000003,3.188447,0.7123456390316784
3.136875,2.6036243,0.7112184752946347
3.4825000000000004,2.837689,0.8323047548760846
5.58375,4.0691557,0.8861907862988115
5.876875,4.9215026,0.9201183250811696
5.953749999999999,4.9864345,0.8703712241497636
5.443125,4.7397313,0.818196569944024
4.999375,4.416642,0.44305322533342983
4.766249999999999,3.5239294,0.3585245664773136
3.025625,2.657008,0.3618418455355055
1.625,2.19149,0.36681777658149595
1.6056249999999999,1.982469,0.3680484472193196
1.5325,1.9555848,0.3673262162325345
1.5775,2.0114493,0.37018476586285975
1.5625,1.7365648,0.3844644323768094
1.8399999999999996,1.8503376,0.36388283018713813
2.67125,1.970176,0.3629533611421473
3.124375,2.2459934,0.38185662659399205
3.05,2.5072052,0.48754345147635786
2.928125,2.405741,0.4608517028780095
2.915,2.102663,0.5279945164179801
2.93,2.2333372,0.4771987664929963
2.9575,2.2592123,0.6660991345077752
2.96375,2.1711543,0.5448749370891042
2.198125,2.1767437,0.5130386911992728
1.953125,1.9864209,0.5641643974025733
2.00625,2.0047967,0.5369151716999523
4.25875,2.2767718,0.5371014791378751
5.38375,3.6280801,0.3821200035658851
5.448125,4.480766,0.4478421761715598
5.415,3.905118,0.44181831873673943
4.72375,3.6427891,0.3621475571786612
3.088125,2.5024302,0.34573396409206086
2.368125,1.8216134,0.3506272939401492
1.493125,1.7589949,0.36341807074723764
1.58,1.5924423,0.358727443989627
1.56125,1.4422497,0.3612567599463835
1.5325,1.2743102,0.37155156028473746
1.558125,1.4048375,0.36405752611428494
1.8250000000000002,1.6737348,0.36984613832756874
2.71125,1.9162905,0.3563782310369238
3.059375,2.4837215,0.42882528735246506
3.0725,2.811471,0.7235384377323836
3.0025,2.6160707,0.6262228642669693
3.010625,2.3195252,0.7378823911514878
3.0525,2.282262,0.707193467179425
3.0025,2.4781034,0.7488015469093993
2.995625,2.3624263,0.8263224347555637
3.140625,2.3923707,0.7612573590397462
2.97625,2.4872558,0.788090115233548
3.08875,2.607674,0.8229379534558207
4.7631250000000005,3.4672382,0.8700421648980305
5.468125,4.4334393,0.8160510816954076
5.696875,4.6366134,0.8748930354878307
5.163125,4.4094605,0.7944649841539934
4.89625,4.089854,0.40978166215769946
3.575,3.2761922,0.3477328881638869
2.355,2.0520442,0.3485133012915775
1.5725,1.8751749,0.35572783692903814
1.479375,1.6763139,0.35800050361327823
1.50875,1.3031161,0.3575930542051047
1.4775,1.6983721,0.36199222207527604
1.486875,1.3754072,0.36376183126797895
1.4693749999999999,1.4347564,0.36529240779357025
1.49125,1.55681,0.3501711559224128
1.9287499999999997,1.7002782,0.3559958983730897
3.22125,1.8464305,0.3620869829668663
5.490625,2.9001012,0.3641225356241874
8.761875,4.1517954,0.3750657615954242
8.486875,4.950889,0.40731110144216565
8.619375,4.942501,0.3770169937538914
10.305625,4.93094,0.363988853745833
9.721874999999999,5.17925,0.35441643389869476
8.799375000000001,5.1179314,0.36425524572374296
8.730625,5.106121,0.37347545804981136
6.79,5.1558623,0.7443441719809174
3.07375,5.0014353,0.7953013119387253
3.323125,2.7973068,0.7597823483275249
3.109375,2.3991776,0.6321068104721606
3.03125,2.3569522,0.36678025096941735
2.6793750000000003,2.1514988,0.36179833974620323
2.1706250000000002,2.2998931,0.3766611732090823
1.500625,2.3229737,0.37142560280196363
1.47125,2.0102704,0.3612998670572042
1.49875,1.955892,0.35922155613273377
1.459375,2.0356526,0.3609524685953185
1.52375,1.6303596,0.36687822620626537
1.518125,1.8828516,0.36153364215184
1.52125,1.6670992,0.3507972306429222
1.9675,1.9929951,0.35574896688856184
2.43,1.9105334,0.35369726775273674
4.1025,2.8069963,0.35479786953594533
5.126875,3.6888325,0.6633575720943883
5.581875,4.2120886,0.5620745248021372
5.279375,4.0702395,0.50216844830757
4.76875,3.9607582,0.36000281645219767
3.333125,2.5482848,0.3447240616634115
1.408125,2.0719297,0.3586426749774813
1.354375,1.8860084,0.35455223375648254
2.45875,1.7010038,0.36233254399411374
5.2225,2.3072565,0.3509961213704198
8.568125,4.6764545,0.3616939607362449
6.613125,5.1767917,0.35908665330152956
2.07375,3.1854188,0.3569528263984993
1.48875,1.7983059,0.34183513771627094
1.44875,1.7832655,0.35157181309781965
1.458125,1.7370992,0.35654114103145895
1.4775,1.3936181,0.3604228740673512
1.503125,1.4172524,0.3506530585370212
1.47875,1.435036,0.3520754436896741
1.46125,1.4149389,0.3564380328091606
2.05625,1.460214,0.3703687310647033
2.588125,2.0400207,0.3495198647879436
2.950625,2.5860121,0.4009402442239411
4.7837499999999995,2.9453347,0.9125302775412798
5.07875,3.8737235,0.807641656813845
4.979375,3.7657416,0.8841355488914624
4.949375,3.4065652,0.8735978287708015
4.908125,3.3547068,0.8597812273132056
5.07875,3.5512877,0.8827391276749224
3.5618750000000006,3.799445,0.852857577462867
3.166875,2.7272587,0.8459449411055818
3.244375,2.7780366,0.8365263114827127
5.075625,3.712289,0.9002519770048559
5.220000000000001,4.819491,1.013137091376558
6.091875,4.745809,1.0063740092846751
5.93125,4.85407,0.8833106332782656
6.238125,4.601484,0.6727030442158878
5.31625,4.47086,0.341272552543953
3.113125,2.8819897,0.34620475354399527
1.54,2.1490386,0.3503167234029993
1.44,1.802732,0.35167596785113214
1.501875,1.7920111,0.3488004993027448
1.4537499999999999,1.9243064,0.3550257641229778
1.45625,1.670764,0.35766900245584543
1.955625,1.7074696,0.3571031281860545
2.59125,1.9504647,0.3487691532071307
3.031875,2.659216,0.3607930968723073
4.2975,2.9229734,0.8114761962844803
4.924375,3.6414714,0.7970895842678472
4.905,3.4421194,0.819994211217463
4.876250000000001,3.459916,0.8347693354143947
4.843125000000001,3.4060874,0.8676555758376793
4.889375,3.4942474,0.7933983697113395
5.085,3.5706737,0.6784232830695808
5.545625,3.4996886,0.6815098020391538
3.8006249999999997,4.1900477,0.8031056923896819
4.04875,4.449842,0.8790390923570097
5.069375,4.195693,0.9457331185137481
5.443125,4.511067,0.9117220565894991
7.2775,4.2836895,1.0237256928384304
7.568125000000001,4.9276447,0.5043421181413531
6.408125,4.852246,0.34759858335040505
4.76,3.662665,0.35088259767279023
2.146875,2.5852666,0.35415166155211625
1.430625,2.254627,0.35360611988488583
1.506875,1.8282572,0.35517138143837446
1.489375,1.9844066,0.3628064730390906
1.485625,1.9601077,0.36265669451704247
1.504375,1.9953188,0.3691290154088288
1.9368750000000001,2.1234562,0.35551130467873066
3.0006250000000003,2.3682053,0.36498231068711723
2.969375,2.9888906,0.781844667315185
2.980625,2.8362625,0.6966044172042608
2.9175,2.5481784,0.7188890991150215
2.939375,2.3995354,0.5990955345100909
3.006875,2.4805465,0.6002075484648347
3.25375,2.577598,0.670846099518314
2.8674999999999997,2.775776,0.7140228794036805
3.01375,2.465023,0.7150068677310273
3.3481249999999996,2.7737384,0.8320488531257212
4.399375,3.961401,0.8854931986256689
5.2575,4.393106,0.9182120439215005
5.445,4.705352,0.8677405940238759
4.883125,4.4696097,0.8171738599691539
3.75625,3.9506,0.4421516388647444
2.733125,2.461917,0.35733535840157415
2.7268749999999997,2.034427,0.3609740470681339
2.43,2.0720716,0.3659688405897841
1.52625,2.1110191,0.36750507336633276
1.491875,1.939506,0.365751162138842
1.52875,1.8224291,0.36798311378315085
1.54,1.6633378,0.37337636152973397
1.5175,1.7650708,0.36787644237192346
2.09,1.8647845,0.36197894109835843
3.23625,2.3096418,0.38776588888276364
3.17625,2.9888997,0.8105780235002935
4.381875,2.7164564,0.7569063315962254
5.14125,2.9607482,0.8542375033572317
5.1225000000000005,3.5521917,0.8080801034739613
3.4418750000000005,3.658458,0.8223794547379389
3.6343750000000004,2.6339698,0.7984525663267448
3.57625,2.6040268,0.7489323134513571
3.275,2.6633599,0.7219120787015929
3.276875,2.7807767,0.8447389386988059
5.0,3.688606,0.8868529912567139
6.630625,4.593289,0.8757719222004712
7.557499999999999,5.1116695,0.8868674433516711
6.978125,5.0266275,0.9260458767452837
6.985625,4.812601,0.39806193509137255
6.983750000000001,4.6087775,0.34647710078172383
3.89,3.9675286,0.3493865566706657
2.5475,2.2413888,0.3538871882143989
1.489375,2.0738695,0.35416486777681855
1.533125,1.8976982,0.35673634398300197
1.516875,1.9423957,0.3630028720260784
1.5375,1.820934,0.3580330457443371
1.525,1.9551992,0.36277776818841695
2.07125,2.0361838,0.35343722971312697
3.2712499999999998,2.3664138,0.37231759606968606
4.75,3.0872746,0.8258226912789046
5.204375,4.2539577,0.7765602338766678
4.7825,3.9594483,0.8505105572418125
3.65625,3.4054904,0.8306611530009657
4.07125,2.794447,0.7919787254732474
4.060625,3.022932,0.8244477987003699
3.8356249999999994,3.147649,0.7718759112225473
2.305625,3.0425675,0.8026142214915156
2.46,2.3669856,0.8328507450566068
3.959375,2.672406,0.8872326328407973
7.3675,4.1937094,0.8479222368697823
7.815,5.2334476,0.9310153043485433
6.608125,5.2027125,0.8304616144209355
5.548125,4.8007317,0.4146571760611422
5.218125,3.96877,0.34585720557767896
2.903125,2.773412,0.3467744650941714
2.3875,2.0979116,0.351323934751898
1.463125,2.1006894,0.355730079495497
1.499375,1.804691,0.3563533634666353
1.505,1.921267,0.359669072728306
1.466875,1.7962145,0.36110301955692464
1.501875,1.7611787,0.3640454910076223
1.5231249999999998,1.8855878,0.34915572182983157
1.465,1.9066155,0.35505147888503963
2.04375,1.8709772,0.3587873454314843
2.638125,2.0831761,0.36253477365389464
2.786875,2.430549,0.3772496475652977
2.965,2.5506964,0.404485542456191
2.618125,2.4728396,0.3738750584753789
0.698125,2.2292068,0.3624109092331491
0.6018749999999999,1.6668724,0.3547924375416338
0.606875,1.6531218,0.3647380951997451
1.790625,1.7756015,0.3706585952382162
2.63,2.102673,0.7327919147942588
5.845625,2.5605133,0.7965800731683894
8.07375,4.917524,0.7535581798731162
7.828125,5.211838,0.6189002369261906
7.654375,4.860024,0.36414476194953543
7.7250000000000005,4.541331,0.36119025539217514
4.5275,4.192696,0.37883539122577753
2.2512499999999998,2.6356177,0.3710564265280217
1.506875,1.885519,0.3617017848014459
1.4775,1.6413947,0.36247472270760683
1.51375,1.711495,0.36479211613399903
1.501875,1.3622583,0.36450055757693944
1.48875,1.5847143,0.3595318276610225
1.505625,1.5197457,0.35338530184090133
1.505625,1.6511209,0.35737577443264423
2.16125,1.2316369,0.3546735815193131
3.3793749999999996,2.3710139,0.35596634633064267
5.343125000000001,3.0598207,0.6598135197323933
5.396875,4.2139325,0.5604762227694876
5.2,3.9108453,0.49303228238889946
5.001250000000001,3.7842114,0.35795480509232724
4.374375,2.716276,0.347881894246377
3.9800000000000004,2.3225183,0.36004642191112035
7.796250000000001,2.8362038,0.35631264842670407
7.9275,4.8886395,0.3640149921037815
8.859375,5.1462445,0.3558127554456144
9.335625,5.401977,0.3677959342360496
9.55125,5.391141,0.3573851433769613
7.957499999999999,4.5710435,0.35501948493689295
2.27625,3.9964328,0.34524503476921464
1.53,2.2704723,0.35394993024043736
1.488125,2.1180444,0.35873058358266946
1.54,2.080157,0.3623471455935016
1.5075,2.024865,0.3556135158744454
1.49625,2.097423,0.3585804312995448
1.526875,2.0843854,0.3549754309646785
1.5362500000000001,2.1199446,0.3684349161724001
2.344375,2.2127187,0.352299401326701
3.2675,2.6661384,0.4000547793163545
3.23,3.428349,0.9172516274593772
3.2575000000000003,2.950086,0.8136862206123023
3.223125,2.6617577,0.8969583445641026
3.180625,2.6374364,0.894337581730634
3.181875,2.6479824,0.8643180887639523
3.16125,2.7614868,0.8801124344990403
3.205625,2.7626066,0.8570137009637059
3.214375,2.60406,0.8508128053656594
3.68125,2.9573824,0.8421750872185827
4.913125,4.2951436,0.9062806434988604
5.17375,4.835557,1.026467404756248
5.42875,4.790587,1.0284363781071455
5.33,4.7280016,0.8956319910907001
5.271875,4.3791213,0.6839032184685021
5.0275,3.7782815,0.34438388924900437
3.6324999999999994,2.742075,0.3483868205432966
2.285,2.26215,0.3524486565832421
1.501875,2.0360348,0.3534684263043105
1.5037500000000001,1.8027964,0.35282246749453244
1.4925000000000002,1.9322944,0.36050445365164424
1.515,1.6217899,0.35685390430025754
1.4375,1.7630488,0.35588132814444595
1.626875,1.8022135,0.35138323817603284
2.009375,2.201214,0.3618985575495101
2.568125,2.1897233,0.8151385564858838
3.1625,2.348724,0.801969159708321
3.148125,2.394732,0.8276145517143607
3.134375,2.5042274,0.8453819572547824
3.1350000000000002,2.53094,0.8695628536935524
3.17875,2.5294225,0.7970655140545219
3.17875,2.608613,0.6808487931166961
3.131875,2.551476,0.6819937977157905
3.46,2.7483428,0.8053738739410042
4.473125,3.918854,0.8812974066159129
5.89375,4.2512145,0.9509876012313366
6.2387500000000005,4.728788,0.9205819881552458
5.69875,4.5534754,1.0296922153241188
5.51375,4.3471465,0.5081062410251795
4.4575,3.7677484,0.3495445330189913
2.75625,2.500274,0.3522679555614665
2.37,1.8728493,0.3555405078775063
1.4962499999999999,2.0636556,0.3547344796573743
1.50125,1.5406481,0.3577483394736796
1.4837500000000001,1.7438123,0.366398615992926
1.495625,1.5389738,0.3621779314954765
1.465625,1.5149751,0.3688558957315422
2.00875,1.8971919,0.35713397593356666
3.2325,2.2617064,0.3661596331606246
3.241875,3.0522141,0.7814024332094938
3.163125,2.9397695,0.6958755831051245
3.1675,2.5517435,0.7160596280964464
3.1725000000000003,2.4684803,0.5944711132978275
3.11375,2.523808,0.5982040395904704
3.1975,2.5348349,0.6703395286726579
3.19,2.6498783,0.7123915867266803
3.225625,2.531446,0.7112535590010136
3.9425,2.9162626,0.8322825783855468
5.963125,4.249218,0.8861558520968631
7.8343750000000005,4.9023027,0.9200825436874479
7.811249999999999,5.2689285,0.8702948772205413
5.889375,5.215324,0.8181619347509369
5.828125,4.3890657,0.44306094972901044
5.524375,3.940141,0.35850528040576723
3.9337499999999994,3.0195475,0.361823282068707
2.629375,2.2378798,0.3667976433181762
1.7674999999999998,2.185926,0.3680304319354333
1.764375,2.0535772,0.36731181397238744
1.956875,2.036514,0.37015636002104724
1.526875,2.0212467,0.3734438876975514
1.5375,1.9991685,0.367448311517518
2.1106249999999998,2.050343,0.3625698573602736
3.24,2.3796458,0.3878142535660602
3.264375,3.1136298,0.8109286113900318
3.1793750000000003,2.8688006,0.7561329451767728
3.1925,2.476008,0.8543851638998464
3.2325,2.5204263,0.8043245023426786
3.19375,2.5744562,0.8216295903488994
3.211875,2.5932524,0.798646025059931
3.220625,2.6169147,0.7480984275723248
3.22625,2.5616295,0.720084387037605
3.735,2.7972188,0.8441794931195304
5.74375,4.090391,0.8867057792273909
5.946875,4.8428135,0.8757716231916101
6.211875,4.9965186,0.8866574394614996
6.058125,4.6632442,0.9261081204232201
5.825,4.5173573,0.39816332401271903
5.64,4.105995,0.3471931771694496
5.166875,3.1480114,0.3499326963556185
2.473125,2.7278435,0.35438429044611747
1.62,2.200779,0.3546042612983286
1.611875,1.8868103,0.35764378604188557
1.57375,1.9225714,0.36428315321745347
1.620625,1.8249507,0.3579611839480325
1.591875,1.9513758,0.3626042682967148
2.111875,2.0390391,0.3540428721614554
3.315625,2.357057,0.37237889288622883
3.270625,3.1017177,0.8259330255486815
3.2325,3.0490391,0.7760099579024687
3.2325,2.528542,0.8501625109273941
3.258125,2.522542,0.8305751381185651
3.259375,2.6733618,0.7923666396358237
3.271875,2.6003878,0.8248655639142543
3.230625,2.6636083,0.772558149774149
3.2024999999999997,2.6253042,0.8028939941159635
3.295625,2.821704,0.8327608430590108
5.504375,3.7802088,0.8872640287712217
6.150625,4.8072925,0.8477103890916333
6.225,4.9605203,0.9304129011628778
5.1812499999999995,4.718835,0.8303045350991934
3.035625,4.1749625,0.41518138842960817
2.82125,2.080962,0.3462831437004357
2.785625,1.8696599,0.3471161823876947
2.419375,2.0170503,0.3516119301200285
1.57875,2.2185361,0.35600476896930483
1.569375,1.7900147,0.35686262539204205
1.560625,1.8100442,0.36039033193629233
1.558125,1.5464694,0.36109679020565
1.556875,1.574636,0.3639870098578557
1.5525,1.6846819,0.34950591104108836
1.538125,1.8314316,0.3553402716101333
2.11125,1.8149561,0.35902749938182527
3.203125,2.0824962,0.36276971986657003
4.700625,2.8212185,0.3774299000737816
3.6162500000000004,3.868001,0.40338479116855186
2.483125,2.7600288,0.3738360627363994
1.72,2.0495539,0.3623681509659998
1.72875,1.7040129,0.3550804827445745
1.735625,1.7753521,0.3649167280768975
2.758125,2.0354211,0.3707671852896362
3.3825,2.5190973,0.7326290546345338
3.428125,3.341233,0.7964798553650826
3.471875,3.5915282,0.7521984370768815
2.986875,2.5326705,0.6177531890998781
2.925,2.2558095,0.3641491723302379
2.948125,2.0277236,0.3613346268373169
2.9456249999999997,2.0624661,0.37892860723825167
2.435625,2.4918435,0.3711855983560532
1.720625,2.1624978,0.3618630004124343
1.708125,1.7336775,0.3627471945323609
1.769375,1.7243935,0.36518683274816716
1.7449999999999999,1.5189751,0.36450698626745487
1.73,1.6248873,0.359514784155935
1.75,1.6242319,0.35357915925256905
1.740625,1.7869717,0.35754122600249943
2.336875,1.5479332,0.3548035507043078
4.688125,2.4945288,0.3560998039523512
5.3618749999999995,3.9786108,0.6594970188528299
5.4556249999999995,4.2175694,0.5597634603966399
6.06125,3.9224143,0.4927787976268306
6.3793750000000005,4.226556,0.35794105068471277
4.7625,3.5008798,0.34803722934976217
3.611875,2.5634115,0.3601647795853391
2.088125,2.5844994,0.3564175008673593
2.83875,1.9672964,0.3641254260431788
4.195,2.567164,0.35599250960599627
8.763125,3.7880652,0.36798535634960977
9.1175,5.1274986,0.35739127305861557
3.725,4.593978,0.3550125080634653
2.8200000000000003,2.002736,0.34537146568268534
2.799375,1.9733973,0.3540611117019877
2.161875,2.118703,0.3588165486302599
1.61625,1.9511739,0.36243906590091063
1.591875,1.7321532,0.3557585850069299
1.6212499999999999,1.7727089,0.3587902358504757
1.6175,1.6695182,0.3549795672539249
1.55375,1.6182317,0.36844508247368035
2.41125,2.001772,0.3523770937957987
3.30625,2.4880207,0.4000454103720374
4.811875,3.3088746,0.9172393680960685
5.456875,4.0517335,0.8137406900598481
5.386875,4.0002913,0.8968973965912312
5.375,3.744676,0.8941991406279057
5.225625,3.6146169,0.8643150488405302
5.314375,3.7322402,0.8801939642485231
5.254375,3.9672942,0.857017538244091
3.30625,3.8227742,0.8508250148941577
4.0649999999999995,2.9577897,0.8421731934957952
6.156874999999999,4.156175,0.9063024213109167
6.2925,5.1286025,1.026423450453654
6.47375,5.0953526,1.0283346154247226
6.324375,5.0210056,0.8955924720862136
6.04375,4.739929,0.6839032184685021
5.934375,4.3644423,0.344447179457955
3.9393750000000005,3.2728267,0.34844233652185647
2.321875,2.4074397,0.3524933584079891
1.611875,2.0949962,0.35351860995817924
1.56125,2.012575,0.35289512664780015
1.565625,2.0457299,0.3606128443638235
1.568125,1.817252,0.35685584785785524
1.55375,1.8702713,0.3558806304571032
2.330625,2.0000086,0.3514340696824342
3.251875,2.515049,0.361949538560342
4.56,3.129918,0.8151601349586993
5.7718750000000005,3.9651134,0.8020215859286487
5.683125,4.08514,0.8276050831004231
5.654999999999999,4.1353564,0.8453566910060123
5.61375,3.920542,0.8695643985726685
5.698125,4.025263,0.7970588361899554
5.64625,4.0128336,0.6807936758166179
5.5525,3.838372,0.6819556242511794
4.1925,4.1984262,0.8053670465720072
6.59,4.6006365,0.881312058050111
8.214375,5.096445,0.9509802256794274
7.443124999999999,5.40048,0.920576207317263
5.703125,5.13235,1.0296874311823399
5.5825000000000005,4.49323,0.5080810246112197
5.4975000000000005,3.7624643,0.3495765768019482
3.780625,3.0952797,0.35229511553302406
2.39,2.3242016,0.35556383056867863
1.585625,2.360146,0.35476158979412165
1.56875,2.0617318,0.35778372218891974
1.564375,2.1188397,0.36645472998920825
1.63375,2.0456505,0.36217957604421297
1.590625,2.063188,0.3688487942710891
2.1087499999999997,2.1670122,0.3571599398696795
3.291875,2.481784,0.36618163522932673
4.738125,3.2480326,0.7814080147082358
5.50625,4.2761497,0.6958750847570225
5.779375,4.129474,0.7160600766097381
5.5875,4.171942,0.5944958811984956
5.588125,3.9819553,0.5981828597961366
4.066875,4.1718874,0.6703058403409644
3.8918749999999998,3.1672323,0.7123570512032136
3.7381249999999997,2.942989,0.7112312828408554
3.4462499999999996,3.3609269,0.8323034093362093
3.6500000000000004,4.205396,0.8861868991836162
5.740625,3.9745078,0.9201151854881272
6.616875,5.006472,0.8703666393472255
5.5287500000000005,5.0961905,0.8181924336547777
5.58,4.4803095,0.4430518797935545
5.70875,4.0836773,0.3585204800228774
4.079375,3.3001492,0.3618384816858172
2.3987499999999997,2.3640847,0.36681371504446486
1.53375,2.179206,0.368044759443365
1.6025,2.0250912,0.3673236497398093
1.56375,2.0451114,0.370181551517602
2.22,1.9842136,0.3734417448007129
2.765,2.0788386,0.3674520491282828
2.88,2.421852,0.3625860287561826
3.305625,2.7591844,0.38782292482303454
3.6725000000000003,3.1228812,0.8109499406887963
3.77125,3.064652,0.7561361346046254
3.8943750000000006,2.6863248,0.8543910444074497
4.056875,2.820174,0.804360981423743
4.0325,2.9986517,0.821638610449545
3.854375,3.1048844,0.7986425366232172
3.60875,3.0193832,0.7481092417261377
3.4049999999999994,2.7676356,0.7201036731091514
4.491875,2.9152677,0.8441959884417057
5.3225,4.582479,0.8867185867736117
6.989375,4.863238,0.8757767561770604
8.034375,5.309748,0.8866754298279808
7.11375,5.269242,0.9261091669542343
6.070625,4.9782267,0.3981636728563904
5.90125,4.2200675,0.34719347617831076
3.4749999999999996,3.312225,0.34993777950625865
2.538125,2.2395213,0.35439012111891055
1.57625,2.1212883,0.3546120355287194
1.564375,1.9832323,0.35764468306846914
1.573125,2.0107775,0.36428773801999165
2.115625,1.9456393,0.3579648717239871
2.7575,2.0867236,0.3626075573941879
2.88625,2.4626002,0.35404591208487746
3.2875,2.881679,0.3723815092137642
3.20875,3.0984542,0.8259347199322283
3.179375,2.920421,0.776002183672078
3.30625,2.5712476,0.8501569792634622
3.7050000000000005,2.603858,0.830574888944514
4.1425,2.9958692,0.7923603604497388
3.8874999999999997,3.2349546,0.8248618263034895
3.9450000000000003,3.0857892,0.772558149774149
5.593125,3.082453,0.8028934459330513
5.303125,4.474415,0.8327595971887558
4.5625,5.0276394,0.8872610386826099
5.27,4.622543,0.8477063524720073
6.19625,4.582829,0.9304092632217333
5.713125,4.703767,0.8303009968276694
5.981249999999999,4.4660616,0.4151769282140955
5.72,4.3295693,0.34628463874474164
3.690625,3.1351633,0.347118026275672
2.403125,2.3069165,0.3516141726864874
1.620625,2.197586,0.3560072108750045
1.58875,1.9680035,0.35686317357495423
1.585,2.0205033,0.3603925745027512
1.549375,1.8612596,0.36109816066293043
1.5875,1.9622203,0.36398830556292083
1.615,2.0070534,0.3495072565809637
1.559375,2.0492163,0.35534181648924945
2.095,1.9884442,0.3590295426090434
4.20375,2.1914275,0.36277196243302895
4.5287500000000005,3.7473178,0.3774304980915039
4.74625,3.9696424,0.4033835203808918
4.26,3.793857,0.3738371092674136
3.4118749999999998,3.5440667,0.3623691974970139
3.435625,2.7450144,0.35508162894520906
3.7425,2.6058812,0.3649180486993678
5.47,3.338539,0.3707686803339421
6.24625,4.655478,0.7326275097554177
6.43125,5.040901,0.7964793570169806
8.191875,5.141357,0.752196294180043
8.08625,5.3173437,0.6177512953770905
7.091875,5.156623,0.3641503434482775
7.41625,4.5019364,0.3613360471294075
7.95125,4.1118717,0.3789300773651525
7.003125000000001,4.601035,0.371186819308903
7.733749999999999,4.8127103,0.3618645702089555
7.1274999999999995,5.0829363,0.36274749354122204
6.071875,4.846378,0.3651882032054476
5.923125,4.500553,0.36450775870701296
6.105625,4.198178,0.35951563134770836
5.814375,4.7241225,0.3535798569399118
6.1587499999999995,4.294356,0.35754227253351356
6.1525,4.3164244,0.35480479657456276
6.6125,4.927752,0.3561010498226061
7.04875,4.5907373,0.6594990122452378
7.1431249999999995,4.8677797,0.5597647561017051
6.443125,4.6662803,0.4927807661018334
5.56875,4.492812,0.35794174837205556
3.48875,3.164882,0.34803802670672535
3.485,2.4434192,0.3601658261163532
3.315625,2.741367,0.35641834805913264
3.22375,2.8490155,0.3641264974915981
4.100625,3.2410512,0.35599260927561666
7.9674999999999985,3.7361786,0.3679863032110035
9.4275,5.4645376,0.3573917714067176
6.938125,5.1489367,0.3550132057508081
3.1712499999999997,3.8163347,0.3453723627092689
2.89375,2.2811942,0.354061958893761
2.30375,2.3446946,0.35881724631760264
1.66875,2.269437,0.36243978850565844
1.6625,2.0540009,0.35575883418098087
1.658125,2.0509818,0.35879118271186944
1.669375,2.0449188,0.35497996593240644
1.6625,2.0579154,0.3684458050784282
2.51125,2.192996,0.35237799082238225
3.313125,2.6590648,0.40004703000336883
3.7499999999999996,3.447264,0.9172406638011337
3.9149999999999996,3.4135418,0.8137423844433948
3.9312499999999995,3.088351,0.8968990411399678
3.715625,2.943542,0.8942002369937301
3.43125,2.9057055,0.8643162947107852
3.6018749999999997,2.741785,0.8801951104491577
3.5112500000000004,2.9180367,0.8570186844447256
3.336875,2.7827494,0.8508259119207413
3.8537500000000007,3.0682635,0.8421738911831379
6.00625,4.3887653,0.9063032685026899
6.161875,5.2058344,1.026424746158719
6.21,5.155243,1.0283356121209264
6.00125,5.069481,0.8955936182868481
5.81625,4.748125,0.6839049626868591
5.532500000000001,4.2635922,0.344447428632006
4.4125,3.017435,0.34844263553071764
2.30375,2.5582802,0.3524939065909013
1.6025,2.1385167,0.35351900863666086
1.629375,1.9838293,0.35289537582185115
1.58125,2.0124502,0.3606134922163561
1.565625,1.7097412,0.3568561468667164
1.628125,1.9240706,0.3558807301267236
2.3512500000000003,1.9903775,0.35143416935205457
3.279375,2.511844,0.36194993723882357
3.8437500000000004,3.1415522,0.8151604339675604
4.248749999999999,3.5105116,0.8020222836159915
4.34875,3.0263422,0.8276057309529558
4.005,3.1691897,0.8453571893541143
3.25,3.0029204,0.8695646975815297
3.4074999999999993,2.589663,0.7970594342076778
2.966875,2.6626747,0.6807944233387708
3.576875,2.4208498,0.6819561724340916
2.7575000000000003,3.0204632,0.8053673455808684
3.355,3.7491963,0.881312307224162
5.16,3.6813085,0.9509805745230988
6.181875,4.655973,0.9205764066565038
5.779375,4.6508083,1.029687730191201
5.653125,4.5722466,0.5080813983722962
5.81125,4.0658455,0.3495766266367584
4.708125,3.4459372,0.3522952650374546
2.40375,2.5761487,0.3555641295775398
1.533125,2.3739212,0.35476163962893187
1.5118749999999999,1.8421408,0.35778377202372996
1.518125,1.9128623,0.36645492932844903
1.534375,1.8373128,0.3621794763745926
1.49375,1.9479493,0.3688488441058993
2.064375,2.0931168,0.3571599398696795
3.26125,2.3926363,0.36618158539451656
3.3599999999999994,3.1907523,0.7814078652038052
3.4256250000000006,3.1674016,0.6958749352525919
3.509375,2.8041115,0.7160598772704974
2.814375,2.7435753,0.5944957815288752
2.333125,2.418984,0.5981828597961366
2.4456249999999997,2.2932363,0.6703057905061542
2.799375,2.3556108,0.7123570013684034
2.900625,2.4148302,0.7112313825104758
2.58375,2.7559674,0.8323035090058296
4.2787500000000005,3.2678874,0.8861871981924773
5.608750000000001,4.286556,0.9201152851577477
5.93125,4.861444,0.8703667888516561
5.86125,4.7716346,0.8181927326636389
9.12125,4.609964,0.4430518797935545
8.995625,5.273345,0.358520629527308
3.026875,4.7666397,0.3618386311902478
2.4,2.1405683,0.3668138645488955
1.59,2.0445724,0.3680449338652007
1.58,2.0009964,0.3673237244920246
1.5775,2.0168555,0.37018150168279185
2.050625,1.9491698,0.3734416949659027
2.790625,2.053662,0.3674521238804981
2.945,2.4409258,0.362585879251752
3.29375,2.8086827,0.3878229497404396
3.420625,3.1087222,0.8109499406887963
3.5412499999999993,2.7868822,0.7561360349350049
3.588125,2.569557,0.8543910942422599
3.17375,2.6089468,0.8043608319193124
2.52875,2.50393,0.8216386602843553
2.54375,2.3474996,0.7986426362928375
2.500625,2.327881,0.7481094410653785
2.25875,2.274549,0.7201037727787718
2.255,2.3498356,0.8441961379461363
2.62,2.69235,0.886718686443232
4.9775,2.885448,0.8757768558466807
5.15125,4.689493,0.8866754796627909
5.324375,4.325645,0.9261092167890445
5.6899999999999995,4.1598973,0.39816374760860573
5.57,4.14682,0.34719337650869037
5.1975,3.1881726,0.3499378293410688
2.411875,2.8696811,0.35439027062334116
1.576875,2.2310612,0.3546120355287194
1.54625,1.845382,0.3576448325728997
1.534375,1.8403718,0.36428783768961204
1.9906249999999996,1.7750727,0.3579648717239871
2.745625,1.9972287,0.36260765706380826
2.85,2.4377832,0.35404611142411824
3.2800000000000002,2.816179,0.37238160888338456
3.351875,3.0393302,0.8259348196018487
3.373125,2.9612749,0.776002183672078
3.03625,2.5720446,0.850156929428652
2.5075,2.3822718,0.8305748391097039
2.421875,2.2815309,0.7923603106149286
2.34375,2.2232878,0.8248617764686793
2.34625,2.1968725,0.7725580501045286
2.1574999999999998,2.205232,0.8028933960982412
2.2800000000000002,2.2027273,0.8327595971887558
2.32375,2.743404,0.8872611383522302
3.066875,2.8281155,0.8477063524720073
6.62625,3.176457,0.9304092632217333
6.49,4.682904,0.8303010964972898
6.999375,4.702176,0.4151769032966904
8.72875,4.733081,0.34628458890993147
8.041875000000001,4.545739,0.3471181259452924
1.58375,4.4043193,0.3516142723561078
0.6481250000000001,1.9736252,0.3560071610401943
0.634375,1.4359531,0.35686317357495423
0.5856250000000001,1.523109,0.3603924748331308
0.625625,1.4392604,0.3610982104977406
0.630625,1.3478609,0.36398820589330044
0.6125,1.4294664,0.3495073064157739
0.595625,1.4020307,0.35534181648924945
1.150625,1.3047552,0.3590294927742332
1.69125,1.5271852,0.36277181292859834
2.174375,1.9549971,0.3774304980915039
2.53625,2.2739236,0.40338337087646126
1.915,2.337132,0.37383715910222376
0.886875,1.9672307,0.36236904799258335
1.099375,1.3270754,0.35508152927558867
1.33625,1.3976452,0.36491799886455756
2.17625,1.7742913,0.37076863049913195
2.663125,2.2341726,0.7326272605813667
4.470625,2.5156226,0.7964793071821704
7.59875,4.29012,0.7521961945104226
5.941875,4.9320245,0.6177508966986089
5.584375,4.272244,0.36415031853087243
5.4575,3.2995152,0.36133607204681256
5.34125,2.7674024,0.3789300773651525
5.418125,3.2312365,0.37118684422630815
5.738125,4.167553,0.3618646449611708
5.483125,4.280119,0.3627474686238169
4.855,4.0714545,0.365188302875068
0.728125,3.6807942,0.36450778362441805
0.61,1.7114962,0.3595155815128982
1.2275,1.6953636,0.353579906774722
4.159375,1.7427038,0.35754227253351356
4.564375,3.3773026,0.354804597235322
5.32875,4.3566546,0.3561010498226061
3.03625,4.2498856,0.6594990620800479
2.58125,2.477712,0.5597648308539204
2.2375,2.035438,0.4927806913496181
2.96625,1.9627007,0.35794189787648617
3.105625,2.0627012,0.34803802670672535
2.878125,2.0603619,0.36016587595116345
1.845625,2.3029835,0.35641839789394286
1.9656249999999997,1.9397522,0.364126472574193
2.4175,2.1274586,0.3559926591104269
8.191875,2.2216554,0.367986427798029
8.15375,5.096514,0.3573917714067176
3.4293750000000003,4.46045,0.3550132057508081
1.841875,2.032676,0.3453723627092689
1.894375,1.8211571,0.354061958893761
1.39625,1.8264844,0.35881724631760264
0.58625,1.4131138,0.36243996292749414
0.6675,1.3206573,0.3557588840157911
0.63,1.2428954,0.35879113287705927
1.565,1.2309194,0.35497996593240644
1.428125,1.5365498,0.3684459047480486
1.4825,1.9574736,0.3523780406571924
2.374375,2.1574862,0.40004700508596375
2.373125,2.4471982,0.9172405641315133
2.611875,2.2042456,0.813742185104154
2.666875,2.259898,0.8968987421311067
2.51,2.1694772,0.8942002369937301
2.505,2.183469,0.8643160953715444
2.526875,2.1849537,0.8801952101187781
2.510625,2.2789018,0.857018784114346
2.4631250000000002,2.1690917,0.8508260115903616
2.546875,2.3085718,0.8421738911831379
2.45375,3.053322,0.9063032685026899
4.0962499999999995,2.9122775,1.026424746158719
4.8256250000000005,3.8662293,1.0283357117905467
4.929375,4.2659245,0.8955938176260889
4.593125000000001,3.843499,0.68390521186091
4.685,3.0339332,0.34444737879719584
4.135625,2.4513555,0.3484426853655278
1.798125,2.3438025,0.3524938069212809
1.5274999999999999,1.591197,0.35351900863666086
1.518125,1.3429824,0.35289527615223076
1.473125,1.5822761,0.36061344238154586
1.519375,1.2127259,0.3568561468667164
1.511875,1.3336182,0.3558806802919134
2.2424999999999997,1.5232869,0.35143411951724435
3.24625,2.2927027,0.3619498874040134
3.305625,2.9232008,0.8151604339675604
2.6574999999999998,2.823303,0.8020222836159915
2.41625,2.1246338,0.8276056811181456
2.388125,2.0405567,0.8453570896844939
2.34375,2.0689497,0.8695646975815297
2.370625,2.0531447,0.7970594342076778
2.40625,2.0583632,0.6807944233387708
2.46375,2.1126895,0.6819561724340916
2.42875,2.268813,0.8053673455808684
4.903125,3.0399888,0.8813124567285926
6.0825,4.233161,0.9509807240275294
5.905625000000001,4.5981717,0.9205764066565038
5.47375,4.3282194,1.029687730191201
5.421875,4.131116,0.5080814482071064
5.4781249999999995,3.632185,0.3495766266367584
3.7425,3.0500984,0.35229531487226484
1.455625,1.9637837,0.35556407974272963
0.54375,1.4905386,0.35476168946374204
0.579375,0.7439233,0.35778387169335035
0.5525,0.8696363,0.36645492932844903
0.5025,0.8516553,0.3621795262094028
0.545625,0.76993454,0.3688488191884942
1.10625,1.0214369,0.3571599398696795
2.286875,1.7920859,0.36618158539451656
2.288125,2.2361763,0.7814078153689951
2.19875,2.2599134,0.6958749352525919
2.215,2.0608916,0.7160599271053075
2.213125,1.8183825,0.5944957815288752
2.228125,2.022261,0.598182959465757
2.159375,2.0194335,0.6703057905061542
2.16875,2.0831168,0.7123572007076442
2.184375,1.9145344,0.7112315320149064
2.77625,2.0504625,0.8323035090058296
4.035,3.043496,0.8861871483576671
4.161875,3.8296864,0.9201152851577477
5.015625,3.8134642,0.8703668386864662
5.021875,3.7736425,0.8181927326636389
4.655,3.7853465,0.4430518797935545
4.5962499999999995,2.9935172,0.35852067936211823
2.7006249999999996,2.3769195,0.3618385315206274
2.150625,1.6464756,0.36681381471408525
1.50875,1.4080867,0.36804490894779557
1.5525,1.3299234,0.3673236995746195
1.5525,1.4008598,0.3701814767653867
2.0012499999999998,1.1758403,0.3734416202136874
2.7775,1.44932,0.36745214879790317
2.89375,2.1611028,0.3625859041691571
3.23375,2.6180286,0.3878229497404396
5.00125,2.8104703,0.810949890853986
4.97875,3.7888222,0.7561360349350049
4.82125,3.1625175,0.8543910942422599
3.7668749999999998,3.1942396,0.8043607820845022
2.720625,2.6289053,0.8216386602843553
2.605,2.1702719,0.7986426861276478
2.54875,2.1444976,0.7481094410653785
2.291875,2.1351316,0.7201037727787718
2.715,2.21346,0.8441960881113262
4.028125,2.8479168,0.886718686443232
4.766249999999999,3.8850014,0.8757769056814909
4.953749999999999,4.46467,0.8866754796627909
4.543125,3.9021301,0.926109067284614
4.476875,3.4273384,0.39816369777379557
4.431875,2.9191513,0.3471933266738802
3.8293749999999998,2.3988569,0.34993787917587904
1.454375,2.2835612,0.354390220788531
0.543125,1.5517673,0.35461218503315
0.543125,1.3257322,0.35764468306846914
0.523125,1.341955,0.36428783768961204
1.003125,1.2636522,0.35796482188917694
1.7518749999999998,1.3835725,0.36260765706380826
1.880625,1.8232774,0.35404611142411824
2.3118749999999997,2.1822023,0.3723815839659795
4.00875,2.3356173,0.8259347199322283
4.844375,3.3717337,0.776002183672078
4.95,3.4328263,0.8501569792634622
4.823125,3.454341,0.830574888944514
4.758125,3.3584142,0.792360410284549
4.721875,3.3004124,0.8248618761382996
3.86375,3.331557,0.7725581996089592
2.76375,2.9054801,0.8028934957678616
2.438125,2.4151874,0.8327594975191355
2.370625,2.5991096,0.8872610386826099
4.5287500000000005,2.7201262,0.8477063524720073
5.091875,4.0385947,0.9304091635521129
5.63375,4.119595,0.8303010466624796
8.5975,4.2318287,0.4151769032966904
8.735,4.945097,0.34628458890993147
4.00875,4.5043826,0.34711817578010257
2.66,2.263776,0.3516142723561078
1.5150000000000001,1.8065869,0.3560072108750045
1.53,1.5281905,0.35686312374014406
1.5475,1.5848184,0.3603926243375614
1.5225,1.6566927,0.36109823541514574
1.5543749999999998,1.6621574,0.3639883304803259
1.57625,1.8903661,0.3495073064157739
1.513125,1.8104582,0.35534181648924945
2.1306249999999998,1.6504608,0.359029442939423
2.668125,1.9924287,0.3627718378460034
3.9624999999999995,2.3984406,0.37743047317409884
6.2125,3.2604597,0.4033834456286765
5.513125,4.476307,0.3738371341848187
0.6875,4.3452325,0.36236907290998843
0.599375,1.741363,0.3550816787800192
0.651875,1.687022,0.36491809853417795
1.8981250000000003,1.5856011,0.37076865541653703
3.191875,2.0864983,0.7326272605813667
3.32375,2.980057,0.7964791078429296
6.11875,3.5920117,0.7521960948408022
8.834999999999999,4.47646,0.6177508966986089
8.37875,5.093806,0.36415036836568265
2.485,4.843678,0.36133607204681256
1.6412499999999999,1.9490846,0.3789300524477474
1.6075,1.51577,0.3711869189785234
1.63375,1.4407613,0.3618645702089555
1.64875,1.5738323,0.36274749354122204
1.585625,1.7835306,0.365188302875068
1.62125,1.2549955,0.36450775870701296
1.6475,1.4125978,0.3595156811825186
2.269375,1.4308112,0.3535799566095322
2.83,1.8711479,0.3575423223683238
2.713125,1.9777735,0.354804597235322
3.221875,2.9922638,0.3561010498226061
3.2199999999999998,2.6978903,0.6594990620800479
3.6500000000000004,2.4397438,0.5597647561017051
3.116875,2.1772776,0.4927807411844283
3.193125,2.130498,0.3579417982068657
3.026875,1.8830143,0.34803802670672535
2.638125,1.8066584,0.3601659257859736
2.68,1.9656404,0.35641839789394286
2.70125,2.1344376,0.3641264227393828
2.7675,2.4498022,0.35599260927561666
2.799375,2.3910017,0.367986427798029
7.423749999999999,1.8233347,0.3573917714067176
3.0549999999999997,4.0416765,0.3550132555856183
2.76875,1.6717892,0.3453724623788893
2.79,1.7337708,0.3540620585633814
2.2912500000000002,2.0792484,0.35881729615241287
1.549375,1.6694812,0.3624398881752789
1.5306250000000001,1.192536,0.35575893385060126
1.520625,1.4314563,0.35879113287705927
1.554375,1.2053078,0.35497996593240644
1.554375,1.3292156,0.3684459047480486
2.401875,1.7776575,0.35237809049200264
3.23125,2.4200807,0.40004700508596375
4.000624999999999,3.1745946,0.9172407634707541
4.284375,3.350405,0.8137423844433948
4.183125,3.1728692,0.8968990411399678
4.22375,2.9245617,0.8942002369937301
3.476875,2.9738955,0.8643162947107852
3.38375,2.5944405,0.8801951602839679
3.3275,2.6249816,0.857018784114346
3.249375,2.5327084,0.8508260115903616
3.8700000000000006,2.8865979,0.8421739410179482
5.595625,4.149737,0.9063033183375001
5.87625,4.86818,1.0264248458283396
5.91875,4.8716607,1.0283357117905467
5.920625,4.757806,0.8955937677912787
5.9825,4.496071,0.6839050623564794
5.24,4.2413044,0.344447428632006
2.8575,2.785898,0.3484426853655278
2.27,2.052309,0.3524937570864707
1.59,1.857767,0.35351895880185064
1.626875,1.7465012,0.35289537582185115
1.554375,1.8723953,0.3606133925467357
1.560625,1.5516977,0.356856047197096
1.544375,1.6598321,0.3558806802919134
2.38375,1.7847648,0.35143416935205457
3.27125,2.4926074,0.36194986248660826
3.676875,3.0454938,0.8151604339675604
3.9487500000000004,3.204136,0.8020223334508016
3.395,2.7460604,0.8276057309529558
3.354375,2.468666,0.8453571893541143
3.3531250000000004,2.5176063,0.8695647474163398
3.4681249999999997,2.5697207,0.7970595837121084
3.5062499999999996,2.7020836,0.680794473173581
3.5181250000000004,2.675418,0.6819563717733323
3.564375,2.886389,0.8053674452504888
5.88375,4.038102,0.8813124567285926
9.610624999999999,4.705728,0.9509807240275294
6.689375,5.3232303,0.9205764066565038
5.8125,4.9066644,1.029687730191201
6.133125,4.271029,0.5080814482071064
6.6068750000000005,4.012793,0.3495766764715686
4.49625,3.5876884,0.3522952650374546
2.421875,2.3195453,0.35556407974272963
1.60625,2.2040374,0.35476168946374204
1.604375,1.8184353,0.35778382185854013
1.5625,1.9755547,0.36645490441104395
1.59625,1.8451058,0.36217957604421297
1.55,1.8832659,0.3688487942710891
2.183125,2.0537503,0.3571599398696795
3.35,2.4060237,0.36618158539451656
3.9599999999999995,3.163564,0.7814078652038052
4.344375,3.6154542,0.6958749352525919
4.099375,3.3441453,0.7160599271053075
3.4062500000000004,3.0840025,0.594495731694065
2.6625,2.6151698,0.5981827601265162
2.505,2.3416896,0.6703057406713441
2.54875,2.3114867,0.7123569515335932
2.40375,2.28092,0.7112313326756656
2.32625,2.3784149,0.8323035090058296
3.8700000000000006,2.8548162,0.8861871483576671
5.733750000000001,3.99275,0.9201152353229374
5.894375,4.9092836,0.8703667888516561
5.428125,4.7520113,0.8181927326636389
5.574375,4.355808,0.4430519047109596
5.405,4.0259056,0.3585205796924978
4.291875,3.1019123,0.3618384816858172
2.3850000000000002,2.3621283,0.36681381471408525
1.526875,2.06715,0.3680448840303905
1.5425,1.8601065,0.3673236497398093
1.570625,1.8579512,0.37018150168279185
2.026875,1.7888379,0.3734416949659027
2.795,1.967569,0.36745214879790317
2.9425,2.338772,0.3625859041691571
3.216875,2.7325613,0.38782302449265493
3.406875,2.9916039,0.8109499905236065
3.4675000000000002,2.7655158,0.7561360847698152
3.4106249999999996,2.4772441,0.8543910942422599
3.5900000000000003,2.4968748,0.8043608319193124
3.54375,2.6834779,0.8216386602843553
3.453125,2.7424116,0.7986426861276478
2.693125,2.7013478,0.7481093912305683
2.346875,2.3178399,0.7201037727787718
2.410625,2.3068967,0.8441961379461363
2.565,2.7273185,0.886718686443232
5.474375,2.7935996,0.8757769056814909
5.948125,4.8421082,0.8866755294976012
5.413125,4.655993,0.9261091171194241
5.475625,4.1593976,0.39816369777379557
4.18,3.9093032,0.34719327683907
2.78375,2.323136,0.3499378293410688
2.441875,2.0215552,0.35439027062334116
1.5425,1.8913743,0.3546118361894786
1.4993750000000001,1.6963695,0.3576447329032793
1.52,1.7929614,0.3642878127722069
2.004375,1.6730387,0.35796492155879733
2.71,1.9075029,0.36260765706380826
2.66125,2.4022467,0.35404606158930807
2.305625,2.7232535,0.3723815590485744
2.6012500000000003,2.4220698,0.8259347697670385
3.12875,2.3558211,0.7760022335068881
2.94375,2.476985,0.8501569792634622
2.5337500000000004,2.3793585,0.8305748391097039
2.423125,2.296075,0.7923603604497388
2.380625,2.1666408,0.8248618761382996
2.45375,2.1725018,0.772558149774149
2.191875,2.1893783,0.8028933960982412
2.2775,2.1730251,0.8327595971887558
2.7424999999999997,2.6892374,0.8872610386826099
4.636875,3.1923988,0.8477063524720073
5.039375,4.3051558,0.9304092133869232
4.268125,4.2142143,0.8303010964972898
1.940625,3.3798826,0.4151768534618802
1.8081250000000002,1.5632985,0.34628458890993147
1.7818749999999999,1.2003547,0.3471181259452924
1.28875,1.2720077,0.3516142225212976
0.555625,1.5121219,0.3560071112053841
0.561875,0.9228996,0.35686317357495423
0.57875,1.1163391,0.3603927240071818
0.525,0.9782178,0.3610981855803355
0.568125,0.91188586,0.36398828064551575
0.53125,0.9112586,0.3495072067461535
0.564375,1.0417111,0.3553418663240596
1.0625,0.9214316,0.359029442939423
3.9131250000000004,1.2617481,0.36277196243302895
7.6381250000000005,3.3055115,0.37743047317409884
7.72375,4.7869706,0.4033834207112714
7.50375,4.690849,0.3738371092674136
6.735625000000001,4.646963,0.36236922241441905
6.800625,4.4424543,0.35508162894520906
6.135625,4.3728313,0.36491799886455756
1.848125,4.2903457,0.37076865541653703
2.255,2.070794,0.7326273602509871
2.409375,2.196407,0.7964793071821704
2.5025,2.4633396,0.7521961945104226
1.825625,2.0464208,0.6177508966986089
1.848125,1.6614648,0.36415031853087243
1.1512499999999999,1.6436495,0.36133607204681256
0.60875,1.8357115,0.37893002753034233
0.625,1.2338703,0.371186819308903
0.6425,1.0848461,0.3618646698785759
0.588125,0.84044355,0.36274739387160165
0.611875,1.2048327,0.3651883277924731
0.629375,0.89140594,0.36450775870701296
0.5925,0.8591701,0.35951563134770836
1.3043749999999998,0.815025,0.353579906774722
1.848125,1.236428,0.35754227253351356
1.855,1.1393087,0.354804597235322
2.605,2.3526654,0.3561010498226061
6.243125,2.341382,0.6594991119148582
7.214375000000001,4.411935,0.5597649554409458
1.873125,4.507036,0.4927807411844283
2.11875,1.691472,0.3579417982068657
1.400625,1.1301637,0.34803802670672535
0.90125,1.226753,0.3601659257859736
0.73,1.0217235,0.35641834805913264
0.57125,0.9326204,0.3641263978219777
1.4175,1.2178469,0.35599270894523705
3.3862499999999995,1.3187244,0.3679864028806239
2.338125,2.014283,0.3573917714067176
1.89625,0.8219983,0.3550132057508081
1.856875,1.1306742,0.3453723627092689
1.8812500000000003,1.15692,0.3540620585633814
1.283125,1.354726,0.3588171964827925
0.566875,0.80190873,0.362439913092684
0.635625,0.7478104,0.35575883418098087
0.5843750000000001,0.706477,0.35879113287705927
0.62,0.80642843,0.35497991609759627
0.62,0.6633618,0.3684458050784282
0.694375,1.1404102,0.3523780406571924
3.6924999999999994,1.7210454,0.40004700508596375
4.153125,3.4552283,0.9172405641315133
4.203749999999999,3.6162658,0.8137422847737744
3.745,3.0449455,0.896898841800727
2.3775,2.6156301,0.8942001871589199
2.549375,2.0545893,0.8643160953715444
2.5575,2.015829,0.8801952101187781
2.40125,2.2014878,0.857018784114346
2.256875,2.0628443,0.8508260115903616
2.2725,2.1911917,0.8421738911831379
2.629375,2.6545687,0.9063032186678798
4.4675,2.97219,1.0264245468194784
5.235625,4.087588,1.028335512451306
5.740625,4.4499607,0.8955935186172277
7.5475,4.2184076,0.6839050125216692
2.75,4.6955795,0.3444473289623856
0.531875,1.6037632,0.3484426853655278
0.543125,1.5241753,0.3524938567560911
0.541875,0.97577035,0.35351900863666086
0.5425,0.9449364,0.35289527615223076
0.548125,1.1131475,0.3606134922163561
0.5293749999999999,1.1257625,0.356856047197096
0.5587500000000001,0.98971426,0.3558807301267236
1.353125,1.0890098,0.35143411951724435
3.9106250000000005,1.9640142,0.36194986248660826
4.656875,3.467066,0.8151603841327503
4.6068750000000005,3.7003894,0.8020221341115609
3.7106250000000003,3.1281898,0.8276056811181456
2.47375,2.5747712,0.8453570398496837
2.401875,2.0770016,0.8695646975815297
3.16125,1.955382,0.7970594342076778
3.6518749999999995,2.3342683,0.6807944233387708
2.348125,2.682176,0.6819561724340916
3.53375,2.1875927,0.8053673455808684
2.598125,3.521198,0.8813124068937823
3.6206249999999995,3.0379803,0.9509806741927193
4.140625,3.4650009,0.9205763568216936
2.99375,3.1538525,1.029687730191201
4.46125,2.3027341,0.5080814482071064
2.75,2.8470457,0.3495765768019482
1.5175,1.4044353,0.352295364707075
1.5387499999999998,0.83792996,0.3555640299079194
1.52125,0.9532877,0.35476163962893187
1.530625,0.9740279,0.35778387169335035
1.513125,1.4156266,0.36645487949363886
1.515625,1.0343776,0.3621795012919977
1.5150000000000001,1.1361506,0.3688487942710891
2.24,1.5194529,0.3571599398696795
5.238125,2.3024113,0.36618161031192165
5.68,3.996094,0.7814078652038052
5.3881250000000005,4.0688705,0.6958749352525919
4.835625,3.5049696,0.716060026774928
3.25875,3.0876145,0.5944957815288752
2.650625,2.3361962,0.5981828099613263
2.665,2.1789598,0.6703057905061542
2.4768749999999997,2.1966174,0.7123570512032136
2.315,2.117819,0.7112313326756656
2.280625,2.1849892,0.8323035090058296
2.4924999999999997,2.58308,0.8861870985228569
2.8431249999999997,2.6852555,0.9201152851577477
4.92625,2.7893546,0.8703667888516561
6.59,3.8362095,0.8181927326636389
5.75,4.768178,0.4430518548761494
2.0025,4.1632886,0.35852067936211823
0.635,1.7980776,0.3618386062728427
0.556875,1.5431635,0.36681388946630056
0.504375,1.3633785,0.3680448341955803
0.525,1.1814308,0.3673236497398093
0.5375,1.2802482,0.370181551517602
0.565,1.3137684,0.3734416202136874
0.513125,1.3967351,0.36745217371530825
1.21625,1.4536542,0.3625858543343469
4.02125,1.9233793,0.38782304941006
4.78875,3.4711337,0.8109499905236065
4.681875,3.7961774,0.7561360349350049
4.82375,3.038209,0.8543910942422599
4.920624999999999,3.0542233,0.8043608817541227
4.74375,3.2740924,0.8216386602843553
4.633125,3.2450955,0.7986426861276478
2.308125,3.2237506,0.7481094410653785
2.7556249999999998,2.0796618,0.7201037727787718
4.095625,2.1990273,0.8441960881113262
6.00375,3.8964474,0.886718686443232
7.019375,4.701439,0.8757769056814909
5.23375,4.935485,0.8866754796627909
4.67375,4.186246,0.926109067284614
4.649375,3.3840902,0.39816372269120065
2.5075000000000003,2.959185,0.34719327683907
0.673125,1.7961979,0.34993787917587904
0.714375,1.6000801,0.354390220788531
0.6543749999999999,1.3364753,0.3546120355287194
0.66,1.176517,0.35764478273808953
0.67125,1.1996348,0.36428783768961204
0.6643749999999999,1.2051976,0.3579648717239871
0.6475,1.1330482,0.36260765706380826
1.3468749999999998,1.4273009,0.35404601175449785
4.05,2.029701,0.3723816338007897
4.626875,3.707721,0.8259347697670385
4.7275,3.9374926,0.7760022833416983
4.793125,3.3388546,0.850157178602703
4.62,3.16899,0.8305748391097039
4.633125,3.1934905,0.7923603604497388
4.335625,3.220084,0.8248618761382996
2.3912500000000003,3.138021,0.772558149774149
2.29375,2.1641977,0.8028934459330513
2.355,2.168411,0.8327595971887558
2.4475,2.5184484,0.8872610386826099
3.579375,2.7910664,0.8477063524720073
4.981875,3.4026866,0.9304092632217333
4.604375,3.9607847,0.8303010466624796
4.1587499999999995,3.6011376,0.4151769032966904
1.41125,2.6745615,0.34628463874474164
0.551875,1.3815774,0.3471181259452924
0.531875,1.2796478,0.351614322190918
0.5231250000000001,1.0153463,0.3560072108750045
0.535,0.8410618,0.35686317357495423
0.503125,0.96955,0.3603926741723716
0.526875,1.0014315,0.3610982104977406
0.53125,0.993133,0.36398830556292083
1.1212499999999999,1.0166891,0.3495072067461535
1.7768749999999998,1.198675,0.3553418663240596
1.7175000000000002,1.4994434,0.3590295426090434
1.708125,1.8149439,0.3627719125982187
1.7225000000000004,1.6058697,0.3774304980915039
6.750000000000001,1.5650502,0.40338347054608165
3.7718750000000005,4.4481325,0.3738370843500085
1.8825000000000003,3.6105504,0.36236914766220374
1.039375,1.3638445,0.35508157911039884
0.48,1.2061697,0.3649179739471525
1.7306249999999999,1.1895212,0.37076865541653703
2.194375,1.7108659,0.7326273602509871
2.993125,2.0639627,0.7964793071821704
6.870000000000001,3.00594,0.7521961945104226
6.126250000000001,4.5831375,0.6177508966986089
2.403125,4.3166394,0.36415031853087243
1.176875,1.525067,0.3613360969642177
0.57625,1.4570428,0.37893002753034233
0.575,1.0531362,0.371186819308903
0.53125,0.90782696,0.3618646449611708
0.55375,0.7727443,0.36274749354122204
1.043125,0.8237239,0.3651883277924731
1.5175,0.75230116,0.3682425538050383
1.500625,0.80193377,0.3610325033004954
2.284375,1.1115221,0.3530413419809192
2.72125,1.5895725,0.3584185678360238
2.089375,1.7616147,0.36443609624994916
2.2125,2.3066926,0.3617687129515409
2.180625,2.0312297,0.7412621879790723
2.21125,1.7744814,0.6532761394958942
1.648125,1.2260224,0.6743504335365816
1.689375,1.146011,0.3786686190334521
0.865,1.4275987,0.3694323848159052
0.4149999999999999,0.95342785,0.3977369872114807
0.47,0.86170495,0.36888372847303746
0.403125,0.6136406,0.36836900963591407
1.329375,0.9570779,0.35515957058835773
1.7531249999999998,0.9248068,0.3627870872979238
1.8018749999999997,0.84523046,0.3666085202134773
1.7374999999999998,0.79358196,0.3679883713556267
1.105,1.082662,0.3498327277263626
0.534375,0.94887364,0.35737761832062154
1.0275,0.8949918,0.46332473041664807
1.49875,0.7149617,0.437715593235027
1.52125,0.8041274,0.375877545736134
1.44375,0.9812259,0.3645995793448016
1.51125,1.1392062,0.37698427720099686
1.52125,0.9480559,0.4461053084491565
2.52375,1.4247787,0.43471984837222843
3.23125,2.2384818,0.5768936780538783
2.71625,2.4051154,0.8546204340387882
2.2199999999999998,2.2718487,0.6562076722057536
2.188125,1.9164363,0.637000688503161
2.1881250000000003,1.9668027,0.7488195871106907
2.21875,1.9192106,0.8041566587019339
2.185625,1.9697071,0.8233694232425093
2.144375,2.0584466,0.7454858376477286
2.17,1.7818087,0.8136760044762119
2.2,1.9602094,0.8077867757811397
2.220625,2.3253574,0.9021972788209096
3.3737500000000002,2.472156,0.8117035925234108
5.090625,3.0133958,0.849434474185221
3.490625,3.934597,0.8680532576230542
1.7831249999999998,2.6447725,0.8310202128084376
1.061875,1.6826546,0.37814532860897476
0.53375,1.4702213,0.38506539035297926
0.53375,1.5227822,0.48406919276604427
0.5175,1.0578059,0.49837038791799915
0.47500000000000003,1.2444004,0.3832799586080387
0.5331250000000001,1.2247559,0.4703766799858398
0.52625,1.1948345,0.5577046348829567
0.5275,0.976832,0.541769705148302
1.36875,1.2780712,0.43641948949141424
2.36125,1.7714648,0.6020395259224995
2.4,2.196512,0.9708421882924438
2.419375,2.1899912,0.9904683325836063
2.4918750000000003,1.9946907,0.9706792284630985
2.37875,2.053041,0.9345558682738245
2.435,2.0685565,1.0066548284401373
2.496875,2.0571437,0.9881975596221537
2.51875,2.0631092,0.8820147288738936
1.63375,2.1307988,0.8978683281983063
1.185,1.7793093,0.9535675991900638
1.143125,1.5647281,1.0057018373647333
3.655,1.4994847,1.04627265535526
4.743125,3.6006367,1.0206199874669315
4.40125,3.738434,1.194276161133796
4.27,3.4712665,0.7265496563037485
2.544375,2.7349086,0.36261368707584213
1.311875,0.96486145,0.36147580885460595
0.52,0.7540998,0.3659179343311674
0.4875,0.547381,0.36967301219694315
0.51375,0.5532712,0.3646317227973789
0.530625,0.6301548,0.3761902840875275
0.49625,0.62686485,0.38448349419170985
0.536875,0.5647006,0.40804875630270687
1.210625,0.6615443,0.369385614846535
2.293125,1.6677297,0.37800030931130046
2.315625,2.196096,0.8224909352083504
2.40875,2.2286067,0.7725130991057306
2.3525,1.9872087,0.8141267104996368
2.338125,1.8018138,0.6924088245337456
2.654375,1.9542495,0.6784652439797669
2.324375,2.1494174,0.7734938980052247
1.6931249999999998,2.0387275,0.8124283900029212
2.0231250000000003,1.5120388,0.835418134808354
3.985,1.7966377,0.8969714511191845
4.13,3.742469,0.9588379293772952
4.539375,3.8577712,0.9922604421931133
4.814375,3.9154055,0.9533119964485616
4.38625,3.5911777,0.920970899014026
4.458125,3.1593528,0.5261172889526561
2.15,2.711579,0.37450579275064166
0.518125,1.3226991,0.3757743876790255
0.48625,1.0981402,0.3806062961235456
0.4781250000000001,0.862692,0.390162096061483
0.50375,0.8589187,0.37777271373312915
0.486875,0.9036905,0.38239080592449753
0.5025000000000001,0.80527294,0.40176902203492815
0.49000000000000005,0.79899675,0.39267254954257974
1.10625,0.90877306,0.38078637421019373
2.8825000000000003,1.6163577,0.4085345958673209
3.283125,2.512288,0.8626264461318032
3.17375,2.6659088,0.8206748052203282
3.310625,2.237455,0.9144107442692668
2.760625,2.24843,0.8702682155970857
2.524375,2.1111777,0.8949641049644351
2.38,1.9462507,0.8950654689683766
1.9681250000000001,1.8455857,0.8485940599460527
1.1437499999999998,1.6590326,0.8128457067035139
1.154375,1.4472536,0.9140230294459314
2.759375,1.3616068,0.963385704651475
4.454375,2.5599768,0.9466339325428754
5.08375,4.0214405,0.9554557404788212
4.3793750000000005,3.7831686,1.0285734238351882
4.316875,2.9926314,0.4649149841274507
2.59375,2.5446265,0.36488585541198026
0.513125,1.1150153,0.36618776491098104
0.47437499999999994,0.75045764,0.36915871695570646
0.533125,0.53497267,0.3711047662939131
0.50875,0.6070161,0.3679730720688961
0.5018750000000001,0.54723936,0.37571147123115134
0.509375,0.6002456,0.37564165266206484
0.525,0.5268225,0.38264620932675897
1.186875,0.69241893,0.371146403277833
2.450625,1.5479954,0.39474585206862534
2.55375,2.3343105,0.8719192926937342
2.479375,2.2771149,0.8398809915659577
2.47125,1.9403875,0.9052547440961376
2.5481249999999998,1.9219536,0.8782612208046392
2.496875,2.1262882,0.8403607512837277
2.364375,1.8097636,0.8890206559958682
1.7924999999999998,1.8542275,0.8352874181012064
1.143125,1.4481156,0.8603875176140666
1.2037499999999999,1.263472,0.8771012657624856
6.596875,1.2875389,0.934805490838103
5.185625,4.5766654,0.8948334380920977
5.270625,4.2264423,0.9882399690456316
4.66625,3.7625496,0.9044209080519156
4.12875,3.4074602,0.46123505715545265
1.653125,2.319596,0.3610837584027834
0.55375,0.69665515,0.3603709960299357
0.648125,0.6223414,0.3635372506958246
1.441875,0.514185,0.3688747083723917
1.50875,0.6408167,0.36513978868734087
1.47375,1.2070397,0.36927971587486563
1.480625,0.79344094,0.3744050018470175
1.506875,0.7577149,0.3791396078246273
2.134375,0.92594683,0.3626390031594224
2.6775,1.4240963,0.36760008343197403
1.8737499999999998,1.9169888,0.36995171337297184
1.7149999999999999,1.575879,0.37444967875435947
1.8149999999999997,1.2809379,0.3857933772603422
1.675,1.2910862,0.41775911890447137
1.720625,1.1496184,0.3873842040714621
1.7268750000000002,1.2332324,0.3759016159494593
5.79625,1.1053226,0.3667955253387428
6.05875,4.1004124,0.3751423576986976
4.42875,4.351385,0.3813872574341483
6.983750000000001,3.7954726,0.7441809131427108
7.925624999999999,4.654727,0.8105357635812461
8.955,4.967143,0.7663024358848854
8.403125,4.98001,0.6381146958503127
7.548750000000001,4.769271,0.3761602586143836
1.55125,4.166023,0.3695568721717782
0.574375,1.523506,0.3891524178894795
0.639375,1.178236,0.3773056618919596
1.5587499999999999,1.0275986,0.37098444014469156
1.5118749999999999,1.2076019,0.3687577959076687
1.5425,1.450887,0.37177731197493147
1.5575,0.9783449,0.37373960746126245
1.5325,1.1533478,0.36986657059974964
2.2475,1.0066167,0.36278501915330064
2.765,1.4889406,0.36631005953520535
2.05,1.7007707,0.3623144041232019
2.23125,2.3999507,0.364065624270942
2.4325,1.9963253,0.6631238468345627
2.56875,1.8558596,0.5637750131130963
1.8931250000000002,1.3346342,0.49503382278826086
1.67125,1.0413826,0.3669845986086316
0.8987499999999999,0.87541753,0.35599664589524266
0.376875,0.76484317,0.36693695653008296
0.394375,0.63428736,0.36300347004380074
0.423125,0.5895109,0.37119018315859137
1.315,0.71846205,0.3607029955354705
1.74875,0.88883823,0.3723150295769609
1.7831249999999998,0.64278936,0.3643576313412934
1.7531249999999998,0.53395337,0.3629208439284935
1.08625,0.63585454,0.3523313454400375
0.5225,0.72964877,0.3608931153363734
0.5293749999999999,0.5179464,0.36457770186312494
0.5125,0.50492024,0.3686020372083969
0.5275,0.49147782,0.3598675149425119
1.4075,0.51265,0.36339120978454126
1.46875,0.6903001,0.3609834658472612
1.45875,0.81906015,0.3739403171593323
2.3981250000000003,1.292801,0.3576192673152685
3.3793749999999996,2.2817495,0.3996612836550362
2.561875,3.137245,0.9232578682887927
2.478125,2.1915379,0.8246085159632563
2.4050000000000002,2.0151021,0.9052379497651011
2.3925,1.8555094,0.9033694433915616
2.415,1.8721372,0.8724343852919341
2.36125,2.0236602,0.8893591838615388
1.5825,2.0438094,0.8641471553649754
0.95875,1.6768303,0.8583888925511018
1.165625,1.5127509,0.8483408492754401
2.825,1.6908861,0.9137893041861058
3.8768749999999996,3.082658,1.0344328014789523
5.071875,3.7715056,1.0382665934274347
3.2875,4.155295,0.9066995549133793
1.8749999999999998,2.464021,0.6912952158650756
1.073125,1.3038759,0.3490282942201569
0.52625,1.0397097,0.3529638986858725
0.5331250000000001,0.9424812,0.3562325140519067
0.45374999999999993,0.7157403,0.35753778740059583
0.515,0.8679967,0.355643466595374
0.48,0.90545964,0.3637089565343596
0.513125,0.8475146,0.3607346406399458
0.5181250000000001,0.7697519,0.3603256463526561
1.3399999999999999,0.8706725,0.35529806152589616
3.775,1.7301053,0.3639830230730399
4.61625,3.3063188,0.8192587490885704
4.5525,3.6170313,0.8072601713417843
4.4975000000000005,3.0862586,0.8311195335851609
4.564375,2.9878159,0.849214802341871
4.796875,3.030692,0.8726665158378334
4.655625,3.2228208,0.7966752576558664
3.8700000000000006,3.2134726,0.6763342576609179
1.06625,2.5899024,0.6756337297339737
1.04375,1.5412397,0.7996361929037421
1.22875,1.4385678,0.8819816385599226
3.280625,1.7206539,0.9518713219205663
4.904999999999999,3.3036082,0.9230702402283997
4.376250000000001,3.7450006,1.032916427874267
2.3356250000000003,3.497213,0.5072799798721075
1.30125,1.561356,0.35230802274886514
0.5237499999999999,0.9024256,0.35507026660848406
0.4856250000000001,0.7963472,0.3578596704396605
0.515625,0.7283845,0.35720533938176924
0.516875,0.7249651,0.35949734197236594
0.47250000000000003,0.729433,0.36839584568120537
0.49687499999999996,0.8483551,0.3645441630358621
0.53125,0.7543587,0.37010535409281026
1.1475,0.86619675,0.3595128405983373
3.8831249999999993,1.6733507,0.36858060824001204
4.64625,3.3915355,0.7797342627729476
4.68,3.7808506,0.6921920431093871
4.79,3.260735,0.7094273125465214
3.6525,3.1054938,0.5885292590431869
2.47125,2.49504,0.5928276609271392
2.464375,2.0902624,0.6640261060731858
1.8656249999999999,2.0482547,0.7044995966793969
1.004375,1.7869786,0.7009102943097427
1.03875,1.7255952,0.8314134592957049
1.145,1.6128798,0.8872701584528759
2.475625,1.6572119,0.9215760929490626
4.16625,2.5027752,0.871793459797986
2.65875,3.314334,0.8196947040081769
1.8450000000000002,2.1845207,0.441620499457661
1.368125,1.475653,0.3601907933562621
0.546875,1.3195652,0.36353418585499747
0.49750000000000005,1.1111481,0.36821359978031365
0.529375,0.98093474,0.3687678874567337
0.5375,0.85968757,0.36837324559478085
0.53625,0.99652106,0.37137492079999296
0.506875,1.07123,0.3741934530777298
0.5393749999999999,1.1313131,0.36907197946855796
1.141875,1.1487937,0.36376631640089674
3.7893749999999997,1.6509713,0.38846462275654076
4.765625,3.2232678,0.8115321109415218
4.82,3.6674273,0.7545743614878505
4.785,3.0603657,0.8538518815959245
4.7212499999999995,2.9975355,0.8027138911119103
4.68125,3.112209,0.821225230698958
4.4225,3.1475492,0.7962310301577672
1.986875,3.0277061,0.7455317355079204
1.435,1.8828255,0.7174307830642164
2.71125,1.662602,0.8433558732113988
2.9762500000000003,2.4041615,0.8864089132630453
4.285,2.9415362,0.87544839461267
4.8793750000000005,4.0078335,0.8865668397765607
4.42,3.7154682,0.9258752423551679
1.8631250000000001,3.1573234,0.398706224435009
1.92,1.5356596,0.3481678463872894
0.665,1.3236501,0.3509373661291971
0.4856250000000001,1.1828618,0.3552173789681866
0.51625,0.9523917,0.3554871347957849
0.51375,0.9017595,0.3582701597712561
0.48374999999999996,0.81474,0.36500209510676557
0.5125,0.91481054,0.35879845859415826
0.504375,0.83279085,0.36355088051641354
1.108125,1.0723543,0.35486424950312817
3.3075,1.7529233,0.37286027223533014
3.1775,3.153979,0.8262534135434404
2.513125,2.9619539,0.7751837465842067
4.35125,2.0156858,0.8497645799679682
3.3187499999999996,2.9192793,0.8306717678155378
2.34,2.496178,0.791049106923826
2.4768749999999997,1.8127716,0.8246765903139859
1.706875,1.9701911,0.7730114970425144
1.045,1.6038609,0.803480699336417
1.078125,1.4202459,0.8327690159678831
1.1681249999999999,1.4156945,0.88724843047563
2.99,1.6584544,0.847581765446514
4.74625,3.0617244,0.9302795432107897
4.53125,3.7616446,0.8303420108764619
3.8325,3.4976482,0.4147678093397803
2.043125,2.3827045,0.3468298814031109
0.72875,0.8288612,0.34767792036823925
0.585,0.73533666,0.3520768390643596
0.5175000000000001,0.6345262,0.35650002731304614
1.468125,0.5545332,0.3572139109691232
1.4875,0.96873796,0.36078337908431884
1.504375,1.0218775,0.3615589582354202
1.459375,0.99134326,0.36451473558044056
2.175625,1.118167,0.3499629959202185
2.579375,1.5818574,0.35580293798800555
1.661875,1.8662882,0.3594107290722429
0.619375,1.552524,0.36317998494151976
0.594375,0.8643404,0.3776458093889616
0.765625,0.7089331,0.40328943225923924
0.77875,0.6987349,0.3741002370652556
1.01125,0.6794931,0.36279805095616724
0.85,0.7348083,0.35545050621028984
0.898125,0.88728666,0.36516119273832065
1.118125,1.2858928,0.37099983910104256
1.2331249999999998,1.3445587,0.7323444978683069
1.1368749999999999,1.3036723,0.796415070111826
1.196875,1.269642,0.7517732963110879
0.6475,0.7597156,0.6172076972674578
0.6975,0.718066,0.3643830470944941
0.71,0.7510094,0.36156095162782814
0.6956249999999999,0.7334506,0.37916440064270046
0.638125,0.53148955,0.3713664488822594
0.71375,0.53520954,0.3621367430248484
0.69375,0.5218457,0.36293390064876524
0.69875,0.56394833,0.3653941206411831
0.6799999999999999,0.5162988,0.3647526967991329
0.70625,0.54027784,0.35979520463291553
0.650625,0.5263241,0.35382748611178244
0.64375,0.51479596,0.3577920446022227
0.608125,0.4775205,0.35500812260016795
1.109375,1.0471337,0.35632102067481725
1.32,0.9647794,0.6595050422572717
1.278125,1.1266418,0.559706897887066
0.759375,0.5162432,0.49269913668273013
0.778125,0.5021395,0.3581634136078134
0.775,0.5303963,0.34822530592344697
0.76125,0.51049674,0.36031248996276405
0.74375,0.50929767,0.3565742811802402
0.7875,0.4942842,0.36429688270766286
0.8875,0.53630674,0.35611131579350674
0.8574999999999999,0.4973994,0.3680799926541745
0.8549999999999999,0.48025566,0.35753514615565535
0.56125,0.478423,0.3551822454269975
0.5125,0.4930041,0.34552027242593464
0.54875,0.49817333,0.3542216296256333
0.520625,0.4855415,0.3589382452367618
0.534375,0.45711917,0.3625619336254522
0.540625,0.45074588,0.3558506299013644
0.55125,0.44567287,0.35889005497530097
0.49000000000000005,0.49459568,0.35508307415470475
0.54625,0.48689252,0.3685342618665285
0.6699999999999999,0.5919094,0.3524672948022559
1.296875,1.2880734,0.40004578413311387
2.549375,1.285787,0.9172424578543008
2.550625,1.9860364,0.8137867374244705
2.4575,2.1271229,0.8968999880013615
2.3581250000000002,1.860721,0.8941815489399061
2.400625,1.9048771,0.8642831047271937
2.3206249999999997,1.853841,0.8801649603889883
1.6225,1.8733419,0.8569911257946864
1.08125,1.3955189,0.8507938681377843
2.394375,1.2642534,0.8421618311590702
3.464375,2.4800656,0.906286872850135
4.49625,3.488006,1.0264100947245212
4.99125,3.8563118,1.0283043158601226
4.82,3.9453592,0.8955550461437554
4.510625,3.4760346,0.6837884987354278
1.669375,2.6899376,0.3444963165808096
0.528125,0.93514735,0.3484938158807903
0.5237499999999999,0.8140792,0.3525439905751496
0.5075000000000001,0.48151588,0.353568793612048
0.526875,0.57089645,0.35292911398835475
0.5393749999999999,0.61154926,0.3606504696455225
0.509375,0.50172997,0.35689297479145227
0.521875,0.50731754,0.35592473426412785
1.4575,0.6955616,0.3514741368698328
2.349375,1.6142583,0.3619834511486813
2.42875,2.1318235,0.8151657662922516
2.47625,2.10784,0.8020407723305747
2.3712500000000003,1.8051282,0.8276001992890238
2.375625,1.737021,0.845348268923089
2.453125,1.8056943,0.8695463085365669
1.054375,1.8949636,0.7969886189423874
1.15375,1.2177575,0.6806984414943307
1.6243750000000001,1.1583774,0.681840655344054
3.240625,1.3967601,0.8053318631960079
3.3475,3.2691832,0.881297157441862
3.511875,3.38714,0.9509694115256146
3.8243750000000003,3.331035,0.9205657918419317
3.1731249999999998,2.7826693,1.0296671982493997
3.2475,2.401079,0.5080443212735094
1.258125,1.774504,0.3496016437114775
0.520625,0.5026827,0.35231978376407175
0.5081249999999999,0.46960178,0.35558889747820793
0.48937499999999995,0.43044668,0.3547884009220078
0.509375,0.44700897,0.3578018122250214
0.5125,0.47346544,0.3664745393262617
0.518125,0.470386,0.3621988122809492
0.460625,0.4498532,0.3688675072423182
0.6275,0.48252803,0.35718111966401334
1.211875,1.1669105,0.3662017934100516
1.259375,1.14173,0.781401735522151
1.181875,1.2230564,0.6958477752810344
1.258125,1.0557095,0.7160177170210704
1.315625,0.97988296,0.5944628905541449
1.28,1.1622374,0.5981518127093837
1.2625,1.1233763,0.670269112085849
1.090625,1.1521779,0.7123128477265686
1.065625,1.09307,0.7111805011692642
1.130625,1.1037933,0.8323060505811497
1.18875,1.1738751,0.8861980621811003
1.3331250000000001,1.1948656,0.9201258003026993
2.986875,1.2611076,0.8703809419377522
3.21375,2.0940654,0.8182057395491004
2.795625,2.480322,0.44305357417710123
0.516875,1.1878822,0.35853433410011226
0.490625,0.46730635,0.3618506662969105
0.435625,0.4457827,0.3668273199476488
0.47500000000000003,0.4300594,0.36805689421964805
0.49499999999999994,0.42843324,0.3673327445926703
0.48125,0.45617974,0.37019191715812305
0.47062499999999996,0.43850872,0.3734523596152849
0.4512500000000001,0.43908942,0.36746341146500777
0.599375,0.47013578,0.3625970920840464
1.155,1.0215251,0.38783368914203714
1.1768750000000001,1.0249951,0.810962748235017
1.20625,1.1121306,0.756135287412852
1.115,1.041459,0.854392389947325
1.07,0.9947777,0.8043633734946325
1.019375,1.015534,0.8216414510337263
1.053125,0.96963817,0.7986397957086563
0.954375,0.93311214,0.748110088917911
0.9524999999999999,1.0185919,0.7201118460180238
1.039375,1.0383503,0.8442021679581703
1.065,1.039916,0.8867217263666541
1.2125,1.0678852,0.8757791980827601
3.00875,1.268151,0.8866804631438107
3.128125,2.0516613,0.9261140507656337
3.24625,1.8904467,0.3981697776206396
1.9824999999999997,1.4757392,0.34720005437325685
0.47875,0.45153877,0.3499431118309497
0.505625,0.4291678,0.3543970979923382
0.48125,0.40216374,0.35461876322809605
0.458125,0.41585228,0.3576488691925257
0.48875,0.41515812,0.36429287100544194
0.47875,0.42527422,0.3579694565265253
0.48250000000000004,0.41495672,0.3626124661229923
0.580625,0.4624778,0.354051094905138
1.0462500000000001,1.0217286,0.37238731496915217
1.1625,1.0405136,0.8259419459797069
1.061875,1.1226469,0.7760041272296756
1.0818750000000001,1.0043619,0.8501588231514395
1.08875,0.9486019,0.8305798225907236
1.0306250000000001,1.0514668,0.7923622043377161
1.0325,0.96938115,0.8248646668876707
0.9656250000000001,1.015074,0.7725645784646645
1.0162499999999999,0.9674956,0.8028990274317934
1.094375,1.0660819,0.8327625374425575
1.40125,1.0572515,0.8872621350484342
2.129375,1.5117203,0.8477072494985909
3.8956249999999994,2.2695875,0.9304113064489514
3.5168749999999998,2.9384394,0.8303041364207119
3.188125,2.6260958,0.41517770065365356
0.606875,1.47734,0.3462874793289229
0.6025,0.41515735,0.34712011933770026
0.588125,0.40993857,0.35161731227952986
0.569375,0.40538326,0.35601030063323674
0.60875,0.39763188,0.35686516696736215
0.6,0.42369696,0.36039471739958967
0.603125,0.4228514,0.3611002537249587
0.578125,0.3940294,0.3639899999464675
0.5762499999999999,0.41600865,0.3495094991474226
0.54375,0.43212014,0.3553431121943146
0.505625,0.42886114,0.35903198451474305
0.52375,0.4808821,0.3627742299168929
0.675,0.566955,0.37743196821840475
0.736875,0.5430836,0.4033838443071581
0.6675,0.44460735,0.3738388784031756
0.5425,0.41061956,0.36237061778910457
0.569375,0.44218433,0.35508352266799653
0.578125,0.5009775,0.3649193444044329
1.216875,0.88346726,0.37077039963489394
1.4693749999999999,1.1148216,0.7326261642155424
2.005,1.1881868,0.7964793570169806
5.54375,1.8451016,0.7521947991357371
4.665625,3.5894308,0.6177505976897478
0.6187499999999999,3.1841893,0.36415153948372225
0.520625,0.7325536,0.3613373677518777
0.46124999999999994,0.59180593,0.37893122356578707
0.48312499999999997,0.42204013,0.37118809009656306
0.49562500000000004,0.468057,0.3618661649228818
0.4256249999999999,0.4147382,0.362748241063375
0.494375,0.41862994,0.36518927465386686
0.49499999999999994,0.3945479,0.3645087055684067
0.456875,0.3882575,0.3595166280439123
0.45625000000000004,0.3962498,0.35358095330573613
0.438125,0.38853702,0.35754282071642574
0.390625,0.3876764,0.3548058929403871
0.916875,0.71776587,0.35610219602324067
0.8512500000000001,0.7326314,0.659499311254099
1.383125,0.6512809,0.5597645816798694
0.689375,0.40927812,0.4927808657714538
0.36375,0.37722543,0.3579423962245881
0.35375,0.41122976,0.34803882406368847
0.366875,0.3886274,0.3601664241340756
0.316875,0.41173294,0.35641919525090604
0.391875,0.37975302,0.36412724501375104
0.39312499999999995,0.4036895,0.35599330696295944
0.42187500000000006,0.38318485,0.367986926146131
0.46312500000000006,0.38160774,0.35739241925925014
0.458125,0.3742477,0.35501370409891003
0.438125,0.38623056,0.34537311023142186
0.471875,0.38944146,0.3540625070766732
0.45625000000000004,0.3935528,0.358818093509376
0.4656249999999999,0.37974504,0.36244066061483693
0.4781250000000001,0.3810247,0.35575953186832365
0.46937500000000004,0.38065225,0.3587916810599714
0.43624999999999997,0.40253848,0.35498046428050845
0.45125,0.3826012,0.3684462037569098
0.5825,0.4286591,0.3523785888401046
0.9581249999999998,1.0587028,0.40004732901223
0.99875,0.8906741,0.9172412119840458
1.01625,1.0090795,0.8137429824611172
1.028125,1.0067705,0.896899340148829
1.0550000000000002,0.9692034,0.8942003366633505
1.0075,1.0076872,0.864316244875975
0.996875,0.9518889,0.8801953097883985
0.944375,0.9542746,0.8570189336187766
1.044375,0.9314984,0.8508263105992229
1.0006249999999999,1.0620943,0.8421741901919991
1.1556250000000001,1.1702951,0.9063036173463613
3.340625,1.1659586,1.0264248458283396
3.42125,3.0683684,1.0283358114601673
3.156875,3.0691833,0.8955938176260889
1.855,2.1357353,0.6839048630172386
0.615,0.45894188,0.3444477276408672
0.46,0.39598572,0.348442735200338
0.42937500000000006,0.39440048,0.35249420559976247
0.46375,0.38036823,0.3535191581410914
0.424375,0.38438788,0.35289562499590216
0.43624999999999997,0.3871979,0.36061359188597647
0.443125,0.3856354,0.356856296371147
0.460625,0.38285252,0.3558806802919134
0.5725,0.4080482,0.35143446836091574
0.950625,0.99089515,0.3619499621562287
1.06875,0.9788045,0.8151604339675604
1.00625,0.982526,0.8020224829552323
1.149375,0.97891754,0.8276056811181456
1.244375,1.019895,0.8453569900148735
0.98125,1.0139979,0.8695646477467195
1.096875,0.88543195,0.797059234868437
1.196875,0.9697914,0.6807939748254791
1.108125,1.0274992,0.68195577375561
1.00375,1.050458,0.8053672957460581
1.0625,1.0674957,0.8813125563982129
2.09,1.0484679,0.9509806741927193
2.8425000000000002,2.3939211,0.9205763568216936
0.53625,2.2349424,1.029687730191201
0.426875,0.37375882,0.5080812737852707
0.4806249999999999,0.38203883,0.3495768259759992
0.4475,0.3783587,0.35229541454188523
0.47500000000000003,0.38350654,0.35556432891678064
0.460625,0.37621143,0.35476168946374204
0.45437500000000003,0.38499358,0.3577840211977809
0.47062500000000007,0.38702428,0.36645492932844903
0.39375000000000004,0.40333176,0.3621796009616181
0.44937499999999997,0.3769292,0.3688488191884942
0.5675,0.39827254,0.35716003953929987
1.200625,0.93532175,0.36618163522932673
1.268125,1.0008687,0.7814078652038052
1.19375,1.1050633,0.6958749352525919
1.109375,0.96461,0.716060026774928
1.25125,0.80525297,0.5944955821896344
1.15125,1.0220773,0.5981825607872754
1.16625,0.95975983,0.6703055413321033
1.059375,0.9789269,0.7123567023595422
1.065625,0.93704265,0.7112308841623738
1.0037500000000001,0.9989851,0.8323035588406399
0.9918750000000001,1.0046887,0.8861872480272874
1.090625,0.971909,0.9201155343317986
2.13375,0.9704347,0.870367038025707
3.3125,1.1694211,0.8181928323332592
2.778125,2.604224,0.4430519794631749
0.5506249999999999,1.0710046,0.3585205796924978
0.468125,0.40312192,0.3618385315206274
0.445,0.3961294,0.3668139393011108
0.45125,0.38598812,0.3680448840303905
0.46312500000000006,0.3853899,0.3673236995746195
0.47437499999999994,0.40609866,0.37018150168279185
0.46124999999999994,0.39417893,0.3734416949659027
0.4131249999999999,0.39106327,0.36745217371530825
0.595625,0.4139456,0.3625860287561826
1.1324999999999998,0.9368653,0.38782302449265493
2.854375,0.9558779,0.810950090193227
3.285625,2.0895417,0.7561360349350049
3.3793749999999996,2.2020187,0.8543910942422599
3.3956249999999994,2.2575586,0.8043608319193124
3.3600000000000003,2.371661,0.8216386602843553
2.489375,2.314428,0.7986425366232172
0.8700000000000001,1.6957115,0.7481091918913275
1.01375,0.921034,0.7201036232743412
1.07125,0.9971933,0.8441960881113262
2.373125,1.0446818,0.886718935617283
3.440625,2.1848319,0.8757770053511114
3.6093750000000004,3.2316024,0.886675728836842
1.4425,2.6064215,0.9261091669542343
0.60875,0.47603077,0.39816364793898534
0.45875,0.4298859,0.34719347617831076
0.4599999999999999,0.38454527,0.34993797884549943
0.445,0.39419582,0.3543903204581514
0.445,0.37949643,0.3546120355287194
0.424375,0.40573248,0.3576448325728997
0.46187500000000004,0.4651827,0.3642878626070171
0.42749999999999994,0.4168105,0.37833245832126583
0.445,0.39337283,0.36487494158854705
0.59875,0.4486071,0.354310933605507
0.939375,0.99828833,0.3651579783930629
0.90375,0.9305429,0.8301649976306408
0.88,0.6809823,0.7827459796924143
0.84125,0.6751973,0.5888592651563137
0.891875,0.6244351,0.5187714635077305
0.87875,0.7880004,0.48692931219289076
0.8568749999999999,0.75898874,0.5645664397338405
0.8731249999999999,0.87171894,0.5655998891103081
0.85375,0.9209122,0.6456053661710769
0.86,0.8110039,0.7999421786383539
0.8956249999999999,0.7416013,0.7118828231493756
0.9275,0.89211524,0.5890621426686272
0.945625,0.67973226,0.6782356051743775
0.4325,0.41287395,0.5216874228394032
0.46125000000000005,0.3581366,0.3636607164380885
0.42000000000000004,0.36887014,0.34509662670444696
0.46499999999999997,0.37391067,0.34962063077416267
0.44812500000000005,0.38061443,0.3574156422808021
0.456875,0.37568492,0.36062734629359094
0.42562500000000003,0.3942343,0.3620515005820058
0.4475,0.40190086,0.3678860106554813
0.46187500000000004,0.39648685,0.3747613705747388
0.4225,0.3714296,0.37232888365419575
0.43624999999999997,0.39960244,0.3556646962245181
0.403125,0.40788767,0.36524020582988853
0.35625,0.40783384,0.3755262352416478
0.33125,0.47917974,0.38351388320710506
0.36875,0.48555532,0.4858439598616026
0.3525,0.5372314,0.50883612165533
0.329375,0.40467545,0.5770551428389177
0.369375,0.3745127,0.41134420771403235
0.7168749999999999,0.415486,0.36113336895633485
0.825625,0.54070055,0.39284766906561325
0.973125,1.0507525,0.45698658975131806
0.95125,0.9875608,0.863834441930987
1.351875,0.92677605,0.8979045082705096
1.158125,1.1021074,0.8560235829547048
0.5275,0.55384845,0.8090598558424413
0.430625,0.41404614,0.43546799346031617
0.47375,0.46219587,0.3812085996395908
0.43,0.45374456,0.43197352673446754
0.438125,0.3818834,0.4192663478214852
0.41999999999999993,0.38477722,0.3625084110393002
0.46,0.3866312,0.36585187829025084
0.426875,0.40300754,0.36690167348446323
0.418125,0.38051984,0.37327629323085765
0.47437499999999994,0.37521255,0.35999454387370494
0.426875,0.38349882,0.35356216558229175
0.346875,0.377316,0.35790771119669074
0.365625,0.37533402,0.35709410808540876
1.318125,0.6931945,0.35600063268005844
1.176875,0.91907966,0.6772320317666233
1.0587499999999999,0.90790325,0.582461098462101
0.593125,0.3915929,0.5181584205900878
0.50875,0.37286472,0.35935910020887846
0.388125,0.4004517,0.3479276924369484
0.44062499999999993,0.37998098,0.3627561897156015
0.366875,0.38973248,0.3588952876303717
0.545625,0.3735521,0.3659398616476543
0.6587500000000001,0.404136,0.3576453309210017
0.47062500000000007,0.38360718,0.37114176864048465
0.43500000000000005,0.3795366,0.36149763650147243
0.466875,0.3695301,0.35828620658013965
0.443125,0.3813564,0.3466884003769606
0.44437499999999996,0.38076422,0.35675413501024245
0.4781250000000001,0.38475308,0.3621356715764291
0.46375,0.3733762,0.36567137660771604
0.4775,0.37946486,0.35898708335075524
0.4256249999999999,0.37716955,0.3622938223465904
0.44625000000000004,0.40499875,0.360919029437676
0.47125,0.3764693,0.3788186218121461
0.5425,0.4386832,0.3553368330082297
0.9518749999999999,1.0447603,0.39840427532002326
0.898125,0.9001562,0.9417916833752394
0.863125,0.97747016,0.8450952077569068
0.8856250000000001,0.9407335,0.930411705127433
0.8818750000000001,0.9215256,0.9253655319164694
0.9381250000000001,0.95518243,0.9013267145215721
0.8724999999999999,0.9297926,0.9193607362965495
0.8887499999999999,0.91758025,0.8838386330923066
0.8806249999999999,0.91193783,0.8765752593408526
0.8631249999999999,0.98180366,0.8704419895802439
0.9275,1.0509347,0.9393228170432524
0.928125,1.0080597,1.0698125266304612
0.9406250000000002,0.8869201,1.0756843629767747
0.736875,0.7175683,0.9584661616932229
0.46937500000000004,0.36797965,0.7361722099699453
0.47437499999999994,0.37378702,0.3502016049914434
0.438125,0.37370217,0.3549421413114667
0.484375,0.37537932,0.35833140675298863
0.464375,0.37049553,0.36071904234435404
0.445625,0.37901095,0.3590424498248845
0.47687500000000005,0.3819086,0.3655932854601368
0.46625,0.38533652,0.3684551740227453
0.450625,0.37461373,0.3690220449887402
0.581875,0.3855796,0.3574240643637254
0.96,0.9275764,0.3700194637974351
0.86125,0.6979156,0.8223640059467777
0.890625,0.78531176,0.6235746424530819
0.906875,0.62675995,0.6817109851679205
0.861875,0.60656023,0.5573353589393943
0.9000000000000001,0.57698673,0.489939359646216
0.9074999999999999,0.7046403,0.4675022081336565
0.8737500000000001,0.80560297,0.550130242081061
0.91375,0.68577915,0.6579001121948659
0.8962499999999999,0.71345466,0.5467097551309503
0.9275,0.7019091,0.5372020707022584
0.9199999999999998,0.7043474,0.41128116667913267
0.99625,0.6780903,0.394298061381597
0.4675,0.40323657,0.39799002346025775
0.444375,0.36950922,0.3672146360925026
0.47437499999999994,0.3741091,0.353647831621021
0.505,0.3771675,0.3581164692166075
0.439375,0.37836435,0.364826203144174
0.45625000000000004,0.37882042,0.36546032618653024
0.46937500000000004,0.39080736,0.36889685994552446
0.44437499999999996,0.38160798,0.3778665028459206
0.48875,0.40401605,0.3714232356484793
0.445625,0.3781398,0.3872383375820145
0.5918749999999999,0.4077992,0.3656624312592856
0.9493749999999999,0.6507422,0.385337538251467
0.9087500000000001,0.68510956,0.5539328623557649
0.8581250000000001,0.7535868,0.4788670116817578
0.8625,0.53897387,0.5302394749477505
0.8856250000000001,0.69488394,0.423094682858251
0.8568749999999999,0.75477105,0.5810804997977986
0.8768750000000001,0.73690134,0.6010473148514702
0.890625,0.8475372,0.6088861809910834
0.8418749999999999,0.9370867,0.6903027556199952
0.91625,0.9208243,0.8806984918669611
2.9625,1.0347745,0.8966997517339885
3.263125,2.6454208,1.013160812746212
3.403125,2.7806573,1.1494030043093115
2.49375,2.1903996,0.9880384869080038
0.501875,1.6290137,0.6557066330240294
0.44875000000000004,0.7194097,0.4613477336613088
0.46124999999999994,0.7481938,0.46899406301172447
0.468125,0.9662575,0.6341492901680991
0.42500000000000004,0.9242036,0.861969872507453
0.4775,1.0781004,0.6716508320333808
0.4231250000000001,0.858046,0.5639656312621012
0.45562500000000006,0.91304725,0.6896380589215829
0.45374999999999993,0.9581821,0.8973679867039249
0.5475000000000001,1.0961239,0.9017923709880561
1.073125,1.1076736,0.830443574219644
1.16625,1.1213461,1.0452965907627345
1.21125,1.2521818,1.0882379510047286
1.12375,1.2780415,1.1313345965152979
1.134375,1.0901016,1.0050738190866262
1.0899999999999999,1.1712189,0.996890245564878
1.109375,1.1748827,1.1148020975715667
1.02375,1.2197826,1.0919377869834006
1.506875,1.1544124,0.9431247147132085
3.238125,1.3602163,1.0642037184123696
3.421875,2.9372265,1.1287401962964236
3.5281249999999997,3.1570632,1.1484121886129677
3.540625,3.2007895,1.0934209706044942
3.075625,2.509791,1.1837832425075026
3.0393749999999997,1.7507246,0.7141528984234854
1.78375,1.3791775,0.38224835311954836
0.45125,0.5895879,0.36235673879446456
0.431875,0.4686161,0.37820829489165914
0.445,0.42706972,0.38046593638062476
0.47125,0.45400295,0.3791488521819189
0.45437500000000003,0.4252811,0.3779000416731834
0.43375,0.443921,0.381746765754912
0.45875,0.43102884,0.4036773215044103
0.5775,0.54536605,0.38765027212310577
2.165,1.0444938,0.40481198538038876
2.95875,2.0157177,0.9114439783485979
3.005625,2.5086062,0.8845227155318857
2.8893750000000002,2.1295977,0.9657508647434414
2.83625,2.0904365,0.9146731245449559
2.69125,2.16168,0.8681578608896584
2.374375,1.7614433,0.9189080867155269
1.05125,1.6521659,0.8763937609621137
1.378125,0.9816752,0.8760680406426639
3.2075,1.1151426,0.905993445487693
3.23,2.8971765,0.9567361462572218
3.4368749999999997,3.293724,0.9411793132275343
3.4681249999999997,3.045296,1.0340880442620068
3.27125,2.562284,0.9594344022205472
2.39125,2.1935782,0.45008793205829334
0.561875,0.95228803,0.36160405873864887
0.486875,0.45120952,0.3605070450617745
0.41875,0.42449087,0.3685001001041382
0.46874999999999994,0.41200903,0.36911321777399625
0.43312500000000004,0.4162083,0.37367188195420425
0.418125,0.45928854,0.37739274822277946
0.4525,0.43184444,0.3805967527573928
0.445,0.40137145,0.38260230485897506
0.41,0.42082652,0.3664101278340816
0.39125,0.45283535,0.3700317231607437
0.37625000000000003,0.43297794,0.3779304658248089
0.47375,0.4671889,0.37752042500650507
0.505,0.55844617,0.4016136370967328
0.42375,0.5575804,0.43285241344710806
0.351875,0.42019397,0.40163543982619415
0.33499999999999996,0.40979716,0.3823461290171556
0.34562499999999996,0.44029537,0.3733769346300512
0.37875000000000003,0.49505174,0.37948922393556683
1.150625,0.81649864,0.3951723882091045
1.1400000000000001,1.1108125,0.7400755713134631
1.21,1.0614731,0.8252696743901446
0.9268750000000001,1.0918562,0.7877240287178382
0.498125,0.44806448,0.6741702308629081
0.47875,0.4283246,0.3850556974823959
0.48937499999999995,0.45522705,0.37820802080020305
0.46124999999999994,0.44983166,0.3974137835499458
0.479375,0.3904743,0.39151685537669806
0.4925000000000001,0.40283033,0.377476969052013
0.44625,0.40530783,0.38045427503503854
0.4937499999999999,0.41664526,0.38165110783673817
0.48312499999999997,0.39170003,0.384125705171898
0.451875,0.39422137,0.3793049597248621
0.446875,0.39447185,0.3723720655172318
0.419375,0.39098644,0.3724833715658076
0.37625,0.38388902,0.37399239453598854
0.891875,0.69397557,0.3711519847765751
0.9106249999999999,0.676184,0.6820362071392685
0.889375,0.6626411,0.5839591577740386
0.62875,0.39391217,0.519000878056474
0.578125,0.38439116,0.37684326960554343
0.3675,0.41270685,0.36583555738991125
0.34875,0.3954539,0.37341593036903065
0.361875,0.3965608,0.3745729949921928
0.404375,0.38746622,0.3786336848315037
0.370625,0.41219118,0.37153683409832416
0.416875,0.3954772,0.38124273648457596
0.453125,0.3906872,0.3743052076395973
0.42749999999999994,0.3832876,0.37257045789662746
0.4775,0.39409143,0.3619768480363302
0.4656249999999999,0.39818788,0.36718351425353435
0.46249999999999997,0.395365,0.3755395660533756
0.44937499999999997,0.38783154,0.37580531017875296
0.46375,0.3934711,0.36979478355566037
0.4806249999999999,0.3937432,0.3713051520657166
0.435625,0.41185248,0.37015705770839
0.485625,0.39182588,0.38208933024020864
0.54625,0.4393116,0.36687994550721714
1.138125,1.0865625,0.40843602261275047
1.298125,1.0332102,0.9527107394635306
1.181875,1.1586156,0.8557752062606812
1.1556250000000001,1.1240647,0.9406035218305141
1.125625,1.0401255,0.934301710741818
1.14,1.0617349,0.9040941910362617
1.0525,1.0198001,0.9172351819720119
0.971875,0.9958253,0.8938451141362638
1.0125,0.9784213,0.8800787461673469
1.001875,1.0692831,0.8750184697050974
1.089375,1.1843505,0.93954697401952
1.204375,1.1513098,1.0707327762355656
2.0481249999999998,1.1283611,1.0770795383230598
3.261875,1.6018466,0.9549954163370282
3.08,2.4444356,0.7264084244516491
0.7318749999999999,1.2871851,0.35721570502229033
0.44062499999999993,0.421978,0.3581378981849923
0.46312500000000006,0.40003017,0.3644417026660964
0.420625,0.3850039,0.36338931606175373
0.46124999999999994,0.39076185,0.36276996904062103
0.451875,0.40207732,0.36918946503359823
0.415,0.391471,0.3675513948224112
0.46312500000000006,0.38874045,0.3672987323347106
0.541875,0.40769348,0.36219118755498897
0.9899999999999999,1.0065049,0.36837112761534746
1.096875,0.99328333,0.8359304864919931
1.138125,0.9952767,0.8235824172212928
1.143125,1.0197392,0.8476000049870461
1.00625,1.0502735,0.8585789126823843
1.146875,0.9531038,0.8870346391398832
1.21125,0.9347092,0.8078090519412979
1.5225,1.0232385,0.6839022716071084
1.13625,1.1463618,0.6822918098807708
1.033125,1.0640247,0.8018496558334678
1.069375,1.0662721,0.8899074664433301
1.26,1.0548763,0.9616916699484364
2.830625,1.4711143,0.9344527102167159
2.94125,2.043026,1.0501622622911633
2.488125,2.386198,0.5118084192399308
0.596875,0.99248385,0.3575154614056274
0.44812499999999994,0.3937652,0.35842160775944587
0.43687500000000007,0.38322,0.36314634644463656
0.445625,0.3810712,0.36106434774421153
0.4674999999999999,0.38731506,0.36406701964562754
0.42375,0.40231007,0.37182298557847737
0.45374999999999993,0.4118119,0.36896844765037295
0.43687500000000007,0.38380522,0.3736626874317228
0.525,0.4032589,0.36406156273391094
1.070625,0.9669506,0.371551958963219
1.2475,0.9473781,0.7767670981737971
1.085625,1.1238285,0.6861251034811511
1.100625,0.91957784,0.6958743870696797
1.235625,0.83287436,0.5761738640553876
1.186875,1.033987,0.5823654903787374
1.195625,0.99915874,0.6520854363758489
1.08125,1.0074914,0.6917047085004672
1.15125,0.9755377,0.6875781370420754
1.160625,1.0281223,0.8335660240873694
1.0775000000000001,1.1392128,0.8914609669816123
1.149375,1.0401915,0.9279146322928742
2.785625,1.0250502,0.8765577174876631
5.121875,1.757367,0.8253701912023127
4.5575,3.6755013,0.43790583762295543
0.464375,2.846518,0.3636098849316872
0.46249999999999997,0.42009857,0.3657855730752833
0.44625,0.39479953,0.3715723912354
0.42625,0.38980147,0.3709764914924651
0.459375,0.38400924,0.37131120699515563
0.44375,0.41654012,0.3735789649505913
0.46187500000000004,0.39631405,0.3750220813842862
0.451875,0.3963845,0.37205107950475064
0.515625,0.41414613,0.36676652147920796
1.065625,0.93465644,0.3887444452157989
1.128125,0.90183467,0.8136833800281211
1.053125,1.0319452,0.7511262411354854
1.13,0.9038289,0.8539975985809416
1.108125,0.9417292,0.7985862232876941
1.0525,0.9598,0.8216151880887523
1.055,0.9257677,0.7909067787059023
0.955625,0.87030584,0.7388207307926937
1.014375,0.9502673,0.7105822841076552
1.02625,0.99114144,0.8424619363860787
1.2275,0.9928968,0.886565643741116
2.6425,1.0758586,0.8755601242571325
3.4675000000000002,2.6289506,0.8867962792427093
0.72375,2.541954,0.9264576119471342
0.513125,0.3684573,0.3991424534460716
0.494375,0.3732317,0.3503811598125845
0.515,0.3707794,0.35248418880291277
0.505625,0.3754911,0.357326238631308
0.526875,0.37206352,0.3572011034229025
0.48375000000000007,0.37762305,0.36011305105235425
0.53375,0.3753626,0.36644715509805825
0.4875,0.38593715,0.36065744651895015
0.486875,0.3781415,0.36547308389794075
0.641875,0.42260024,0.35677970026787365
2.3075,0.96175295,0.37331588698755946
3.243125,2.1180768,0.8276775429144502
3.28875,2.6834168,0.7733164362461119
3.331875,2.2105143,0.8489141987667606
3.205,2.2827146,0.8290441629144921
2.034375,2.280238,0.7869532337085158
1.0162499999999999,1.2490377,0.8238849145191908
1.030625,0.90463436,0.7736946824555099
1.04,0.8058153,0.804617531026639
0.988125,0.98585975,0.8329281883516535
1.10625,0.999476,0.8874551452683286
1.191875,1.2133242,0.8472407956751437
2.191875,1.1234084,0.9299870128749311
0.52625,1.2842597,0.830387510058172
0.47624999999999995,0.3689856,0.41241186868770047
0.390625,0.3707636,0.3481577299208194
0.46499999999999997,0.37420437,0.3486446658512577
0.45562500000000006,0.3753506,0.3533123935135826
0.42749999999999994,0.376205,0.35754092699363826
0.465,0.37604207,0.3582885488162189
0.450625,0.38895726,0.3616425062947161
0.43500000000000005,0.39771852,0.3626670103227533
0.450625,0.37108746,0.36566415056023743
0.450625,0.37851438,0.3511076516756415
0.37124999999999997,0.38071012,0.35662770409677175
0.355,0.38499662,0.36044225980851796
1.3475,0.41467756,0.36406208599941803
5.9975,0.8324461,0.37788065593201664
2.78625,3.8801455,0.4023636759076081
0.384375,2.0959322,0.3741889928622171
0.39312499999999995,0.41366223,0.36374835095182056
0.369375,0.47574338,0.3563965204122662
0.39,0.5020585,0.36542798339471216
0.9262500000000001,0.65601116,0.37127118964256717
0.9325,0.94142175,0.7310681287095323
1.224375,0.8580745,0.7958073346014694
1.565625,1.0111252,0.750105723892264
0.599375,0.53293645,0.6141715612909943
0.543125,0.41048974,0.3651240159699134
0.491875,0.46155885,0.36180596447216345
0.53625,0.40701747,0.37925323119187726
0.515625,0.38124862,0.37161726748198265
0.50625,0.38993537,0.3627355581041798
0.515,0.38058916,0.3635240693885274
0.501875,0.3877521,0.3658795864447206
0.5275,0.3799383,0.36536626298228275
0.48312499999999997,0.38343477,0.3604427581566199
0.51125,0.3812546,0.35447743170637636
0.4656249999999999,0.3775068,0.35826138884466135
0.39312499999999995,0.37588412,0.35557843216806645
0.94625,0.7337591,0.35681657802741973
0.87625,0.7063029,0.6588501630164683
0.89375,0.63428473,0.5587822628186643
0.37375,0.3806547,0.4914060479451343
0.3725,0.37058806,0.35868613093197343
0.321875,0.3859483,0.348756096486859
0.35250000000000004,0.37935576,0.36048885535605246
0.3575,0.38469672,0.357044671953693
0.370625,0.37453553,0.3647140499038249
0.371875,0.3846714,0.3565101437795162
0.40062499999999995,0.37800172,0.3682824964054115
0.43375,0.37636766,0.3579490242543444
0.4512500000000001,0.36711398,0.3556225858099013
0.453125,0.37773025,0.345957722389847
0.415,0.38149458,0.354540223567225
0.450625,0.38270828,0.35932800328731535
0.464375,0.37414312,0.36292261306425555
0.423125,0.3745343,0.3561760512119531
0.466875,0.37653553,0.3591627012218907
0.45875,0.39724487,0.3554258878140524
0.424375,0.37422052,0.36874633390132333
0.5287499999999999,0.42403018,0.35265940799556666
1.11625,1.0252116,0.39974291307413945
1.211875,0.983632,0.9168934646784888
1.236875,1.0973017,0.8135742916285992
1.208125,1.101903,0.8965277718039976
1.01,1.0283225,0.8938801480078326
1.17,0.983986,0.8639391448672117
1.16625,0.98008496,0.87985982184615
0.97,0.99137706,0.8566416841055826
1.10125,0.93829,0.8505315376969055
2.045,1.0655015,0.8419184379460664
3.3462500000000004,2.2480323,0.9060300242383779
3.38375,3.2062027,1.0260182934467494
3.32125,3.0377517,1.0279326478456707
3.214375,2.7303977,0.8950752365911753
2.923125,2.2295427,0.682946390112713
1.305,1.075486,0.34473083919759834
0.46124999999999994,0.42730874,0.34868328782916064
0.465625,0.40929082,0.3527606723298877
0.4325,0.37553447,0.3537770532838627
0.47375,0.38566682,0.3531113100544363
0.420625,0.39242032,0.3608066021058708
0.46625,0.38107154,0.3570854368284344
0.46312500000000006,0.38314918,0.35612915665555744
0.550625,0.403585,0.3516749711549282
1.064375,0.98854184,0.3621064683776535
0.97375,1.0265371,0.8151635237257927
1.7674999999999998,0.9739851,0.8020601580717415
1.8443750000000003,1.2288476,0.8274933036211505
1.150625,1.3122059,0.8452563236982749
1.214375,1.0227654,0.8694168376996741
1.151875,0.93275964,0.7966475993362069
1.2806250000000001,0.97662324,0.6802551608576253
1.12625,1.0374057,0.6813527227174118
1.14125,1.0406966,0.8051724914729967
1.268125,1.1482605,0.8811879195379094
2.978125,1.2006894,0.9508758715868741
3.494375,3.0483778,0.9204737967823073
2.714375,2.7283037,1.0295292554947735
1.443125,1.9999541,0.507913928492628
0.44062500000000004,0.41389725,0.34972981884330506
0.465625,0.38076887,0.3524109814667329
0.43375,0.37709007,0.355699530756846
0.46625,0.37325627,0.35488941608227786
0.473125,0.37722218,0.35788214593905954
0.43125,0.39603573,0.36654814534092317
0.445,0.40975142,0.3622846776589192
0.49312500000000004,0.374552,0.3689373008939996
0.52625,0.40454602,0.3572722675318643
1.089375,0.9573344,0.3662654324626736
1.22125,0.96296054,0.781393413108848
1.146875,1.1093607,0.6957765115024521
1.07375,0.9509414,0.7159030471228063
1.0425,0.82240546,0.5943469747856259
1.00625,0.9542823,0.5980261044006608
1.0325,0.92178863,0.6701171657495573
0.97375,0.95622617,0.712132146704793
1.0525,0.940686,0.7109494669891894
1.0225,1.006336,0.8322788906095921
1.420625,1.0506319,0.8862010522697121
3.34875,1.2676394,0.9201293884090335
3.340625,3.0792148,0.8703799950763583
2.959375,2.6140685,0.81821575634595
2.73625,2.147979,0.4430267381318099
0.533125,1.0275769,0.35857465046156195
0.4925,0.4074124,0.36188101569632064
0.5,0.39413542,0.3668587158780731
0.485,0.39534158,0.3680766288044862
0.503125,0.38302737,0.36735038611548015
0.48624999999999996,0.40902948,0.37021743258094414
0.494375,0.3940426,0.3734702004773356
0.46187500000000004,0.39884183,0.3674894999881461
0.62,0.4239813,0.3626169761733152
1.170625,0.9508809,0.3878476927237026
1.165,0.96105254,0.8109741604065522
1.0162499999999999,1.0731891,0.7560910341013968
1.08125,0.9250177,0.8543631867485494
1.164375,0.92456263,0.8043273429268598
1.166875,0.97586733,0.821617629994452
1.2806250000000001,0.9894327,0.7985777015351504
0.956875,0.98928654,0.7480549716178327
1.04,0.9617674,0.720066446505934
1.0825,1.0033575,0.84418442676574
2.3025,1.0430262,0.8866950149083883
3.328125,2.1475503,0.8757522374504433
3.3493750000000007,3.1720395,0.8866602800456808
2.73125,2.5042593,0.9260851465757192
0.530625,1.2692413,0.3981688058418408
0.42937500000000006,0.40273386,0.34721336026757954
0.44062500000000004,0.37256715,0.34995327813223
0.456875,0.3820835,0.35440990553855894
0.45562500000000006,0.3759239,0.3546321189572289
0.42562500000000003,0.38559872,0.35765569656152274
0.45499999999999996,0.3753777,0.36430368515925476
0.4393749999999999,0.39056033,0.357977978279069
0.44625,0.38376996,0.36262123704958704
0.568125,0.42543754,0.3540613608760386
0.9537500000000001,0.9535839,0.37239152601061387
0.9675000000000001,0.95237553,0.8259430921803415
1.06375,0.99797374,0.7759760702315345
1.0275,0.95773673,0.8501382912096381
0.9662499999999999,0.9105812,0.8305714503426105
1.02875,0.9590254,0.7923384331332519
0.9912499999999999,0.9184395,0.8248440851110592
0.901875,0.9501818,0.772560143166557
2.17875,0.904801,0.8028911036969721
3.21,1.7240394,0.8327564077609032
3.32125,3.140534,0.8872474836142362
3.42625,3.250823,0.8476925482295826
3.68125,2.9649692,0.9303945619527251
3.196875,2.7013462,0.8302879401073977
1.9068749999999997,2.1542585,0.41516247611913826
0.498125,0.50526744,0.3462929611580446
0.44937499999999997,0.37472546,0.3471235081047937
0.43375,0.38880223,0.3516233422915637
0.47,0.382467,0.3560158821319788
0.43875,0.37843052,0.35686745936863123
0.42500000000000004,0.38859108,0.36039920253250746
0.49000000000000005,0.39379907,0.36110301955692464
0.420625,0.37326688,0.363992890365459
0.40124999999999994,0.3795793,0.34951363543666897
0.41812499999999997,0.3891386,0.35534570360444484
0.3375,0.40773612,0.3590367188217118
0.350625,0.43903038,0.3627784160409495
0.651875,0.501916,0.37743388685859736
0.47062499999999996,0.4901283,0.4033817761625349
0.42937500000000006,0.39703354,0.37384094654779876
0.34375,0.38792193,0.36237233709005634
0.33,0.41336665,0.3550863134173676
0.370625,0.42136028,0.36492151221867647
0.853125,0.78726864,0.3707734146409109
0.9299999999999999,0.9318445,0.7326202338731288
1.0,0.8722892,0.7964755197365954
0.890625,0.8971221,0.7521872740793973
0.44625,0.4171706,0.6177436208163202
0.475625,0.40205076,0.36415320894986386
0.453125,0.4270176,0.36134018341865387
0.459375,0.41270983,0.37893291794933376
0.47124999999999995,0.38092983,0.371190606754478
0.425,0.38513398,0.36186833273712543
0.47687500000000005,0.38275647,0.36274893875071773
0.453125,0.39443544,0.36519089428519824
0.42749999999999994,0.38124654,0.368244995710738
0.48937499999999995,0.37416217,0.36103379900556054
0.47062499999999996,0.38322994,0.3530438835562393
0.43500000000000005,0.39112982,0.35841951469741756
0.34125,0.38192877,0.36443911125596606
0.8962499999999999,0.76691157,0.3617714289486967
0.8662499999999999,0.7133575,0.7412626364923641
0.88,0.7661651,0.6532758903218433
0.34625,0.40896198,0.6743521777549386
0.375,0.396106,0.37867081176510076
0.360625,0.41623202,0.36943492639122527
0.349375,0.39522135,0.39773940419977527
0.38125,0.38746437,0.368886145461332
0.42874999999999996,0.37533128,0.36837175055047494
0.4868750000000001,0.3823958,0.35516036794532085
0.40062499999999995,0.38985193,0.36278860725963485
0.4325,0.39069042,0.3666098657533526
0.45437500000000003,0.37486154,0.3679900906565785
0.43375,0.3851886,0.34983442210990934
0.4775,0.47663233,0.3573782661731541
0.45562499999999995,0.43900082,0.4633260261217132
0.41562499999999997,0.39739612,0.4377174869578145
0.41875,0.38450155,0.375879314871896
0.459375,0.38110587,0.3646006009584106
0.456875,0.38613284,0.3656575723652914
0.43875,0.38502482,0.36714945216076444
0.5137499999999999,0.49009815,0.3606373132556304
1.056875,0.96207994,0.48479780260853467
1.221875,0.8892773,0.8988413528674096
1.19625,1.1101668,0.7649184733708948
1.225,1.0177392,0.8823794698497281
1.0943749999999999,1.0180526,0.824689746703878
1.0262499999999999,0.9694504,0.8198858205052837
1.069375,0.9404647,0.8305841582192107
0.909375,0.9526429,0.8303616457916796
1.015,0.90289223,0.8360673328807949
1.0525,1.0010785,0.8281218202473596
1.1275,1.1838417,0.8871859874584527
1.130625,1.1337825,0.9939277654378862
1.886875,1.0119982,0.9874176448425651
3.259375,1.3530544,0.8604034647533298
2.62125,2.4390454,0.6431651548549533
0.51,0.7722058,0.3437076807094365
0.47437499999999994,0.39373356,0.348510909220688
0.41125,0.38082865,0.3538365062124282
0.451875,0.37588754,0.35511950340095905
0.46312500000000006,0.37954882,0.3535882790228352
0.46625,0.37964848,0.3613637303664721
0.44875000000000004,0.37883016,0.35850308767411854
0.44062499999999993,0.3773153,0.35808512312099333
0.524375,0.3948816,0.35196735198635604
0.969375,0.95231074,0.3627687979225814
1.05125,0.95469344,0.8190419178294017
1.8068749999999998,0.96356124,0.8089437905694916
3.35125,1.2243474,0.8302398495155573
3.319375,2.3358173,0.8454071736687422
3.30875,2.3995442,0.872857084152028
2.129375,2.4085383,0.8104252299722283
1.23375,1.5356305,0.692269037891142
1.1375,0.95677036,0.6968018627222627
1.08375,0.99794286,0.8164502086902782
1.055625,1.131882,0.8908809396257252
1.320625,1.1061537,0.9575399817457051
2.1237500000000002,1.5412357,0.9252359614099562
0.4925,1.2703754,1.0413551556242258
0.47874999999999995,0.371006,0.5325338446918316
0.44937499999999997,0.37256357,0.3517389092164114
0.48312499999999997,0.3728861,0.35226476613361385
0.43687499999999996,0.37294677,0.35818344720151274
0.48312499999999997,0.3714083,0.3568580904243141
0.47687500000000005,0.37850094,0.358478718451932
0.450625,0.3833473,0.3663326596216298
0.4675,0.39526358,0.36571009825523937
0.48187499999999994,0.37562546,0.3725772105134092
0.54625,0.38765997,0.35946669356409455
1.023125,0.9100707,0.3659209991719946
1.10625,0.88397515,0.7949859572597965
1.013125,0.98319,0.7216456119714677
1.0,0.8591273,0.7539272066426277
0.9237500000000001,0.7689903,0.627262169233635
0.98125,0.8823414,0.62732655580841
1.0725,0.88425213,0.7031885424927249
1.06375,0.92977315,0.7439843646512925
1.016875,0.93431,0.7479634250715002
1.0625,0.9672513,0.8454583041840047
1.0006249999999999,1.0296689,0.8962363378339634
1.1099999999999999,0.9621625,0.9267093774082512
1.545,0.98980176,0.8749028031106294
2.564375,0.85350674,0.8292471899312361
3.028125,1.913338,0.45783629818258803
0.63625,1.2002342,0.3608612210578471
0.479375,0.3992582,0.36133076463952657
0.5225,0.38294786,0.3683128956396319
0.46937500000000004,0.38069856,0.3699175765279866
0.50375,0.37849864,0.3667168860082514
0.46937500000000004,0.40440485,0.3689639874348603
0.51625,0.38900417,0.37707701978277414
0.47,0.3866993,0.3680825342294946
0.620625,0.40977514,0.3650399944799207
2.305625,0.9412056,0.38860727490073066
3.42625,1.8247333,0.8160131075700372
3.20625,2.541381,0.7653244277347624
3.270625,2.1251116,0.8579318076719716
2.084375,2.124852,0.8085928040012716
1.084375,1.4173982,0.8281282987726852
1.065,0.8785645,0.806930314733088
0.9150000000000001,0.82702905,0.7578580269665643
0.8931249999999998,0.9131034,0.7280437039134651
0.9800000000000001,0.9860727,0.8498163583357633
1.021875,0.95873255,0.8916892602471262
1.12,0.99646336,0.8777523077229038
0.9943750000000001,1.1748725,0.886956049644202
0.403125,0.55994946,0.9302694765791297
0.4375,0.3625347,0.3997875152292661
0.39749999999999996,0.36588046,0.34896071821752933
0.45562500000000006,0.36947814,0.34946524583596733
0.450625,0.3715506,0.3551245865515992
0.389375,0.36745235,0.35501569749131795
0.43624999999999997,0.3743727,0.35678388639193026
0.40874999999999995,0.37314484,0.3631450756569765
0.46312500000000006,0.3845344,0.359239297325164
0.443125,0.36887237,0.3628160164052434
0.50375,0.40426585,0.35564700486689804
2.035,0.91233885,0.3726223857688531
1.626875,1.7733588,0.8278385591861978
1.08875,1.3869545,0.7776754870940744
0.9231249999999999,0.9221505,0.849794082175605
1.03125,0.8033053,0.8292001957052201
1.073125,0.9516012,0.7912644431386887
1.52875,0.8982582,0.8250550358626246
0.9937499999999999,1.0449151,0.7754910778586939
1.02625,0.94337773,0.8039118701142445
1.019375,0.97287536,0.8343199749308452
1.0118749999999999,0.9462881,0.8884479045222701
1.105,1.0672032,0.8472753810334206
2.2024999999999997,0.9946643,0.9296083679870517
0.55125,1.2372515,0.8311085699269175
0.415,0.36218283,0.41441293565636494
0.42562500000000003,0.36436608,0.3475147113648429
0.456875,0.36728728,0.34692262398488816
0.40874999999999995,0.37036964,0.3521013079561665
0.41562499999999997,0.3665786,0.3563347750824317
0.47500000000000003,0.37088516,0.3563379645102843
0.4074999999999999,0.37780628,0.3597672473043948
0.40874999999999995,0.38094062,0.36190730355869977
0.46187500000000004,0.36493567,0.36418390719294547
0.39749999999999996,0.37298414,0.3506020775261893
0.385625,0.3748044,0.35523915678024287
0.473125,0.3764103,0.3594851324438676
0.6525000000000001,0.39956915,0.36309890370532866
0.40812499999999996,0.51696086,0.3768362678147107
0.3525,0.40402997,0.40298548975184556
0.33375,0.37842706,0.3739826518305949
0.344375,0.3702585,0.3625749903457239
0.35125,0.38482285,0.356042693259865
0.359375,0.39152756,0.3648743684882298
0.85375,0.7332031,0.3708528513283655
0.8775,0.86468023,0.7312628333129734
0.8850000000000001,0.8256875,0.7952575071405619
0.9224999999999999,0.7628628,0.7516812514166533
0.41,0.40139493,0.6156933170551806
0.45875,0.37744936,0.3642351124604232
0.453125,0.4117583,0.3616388434361666
0.3993749999999999,0.39218053,0.3789209326774813
0.41875,0.37447497,0.3712414133434742
0.46312500000000006,0.37204525,0.3621681638726778
0.41562499999999997,0.3754392,0.3625209943288751
0.443125,0.3797438,0.36494615553231907
0.45562500000000006,0.37504426,0.36506777738660573
0.4175,0.36949068,0.3597366985657438
0.424375,0.37251213,0.35430644847258924
0.345,0.37005654,0.357598685538657
0.335,0.36810154,0.35515862372696394
0.956875,0.66132766,0.3563893441995978
1.0625,0.7068086,0.6590599675673992
1.235625,0.7588221,0.5596276605388522
0.7525,0.37881032,0.49150429727343836
0.6950000000000001,0.36492774,0.35815703475210814
0.411875,0.38505623,0.34865523083101957
0.325625,0.3730227,0.36019423195816574
0.3725,0.37778607,0.3567395832456648
0.325,0.36576152,0.36439817195938895
0.40062499999999995,0.37922114,0.35588994956661013
0.44187499999999996,0.3722926,0.36789627662638197
0.479375,0.37004915,0.35781875606048846
0.45374999999999993,0.359629,0.35522515319857745
0.48312499999999997,0.36764455,0.3458994654967263
0.43125,0.3729735,0.3541543526318669
0.4437500000000001,0.37469,0.35910743441738185
0.4775,0.36437467,0.3626892615655064
0.42124999999999996,0.36817878,0.35569340107519176
0.4231250000000001,0.3687495,0.3587279921725392
0.464375,0.38967958,0.35535078675508497
0.45625000000000004,0.36509174,0.3684385541135445
0.538125,0.42516136,0.3525070131459832
1.104375,1.0036615,0.40009870870154346
1.201875,0.9555489,0.9173651511570067
1.184375,1.0647429,0.8137137294275313
1.161875,1.060475,0.8968413324297593
1.15,0.98516256,0.8943589110293985
1.2068750000000001,1.0127077,0.8642812110044062
1.051875,0.9780497,0.880077500297092
0.9074999999999999,0.93010104,0.8568053416222707
1.6937500000000003,0.8871818,0.8509373425563426
3.245625,1.359903,0.8422284603003041
3.315,3.1958349,0.9062094295550883
2.9875,3.2105129,1.0263374355712533
0.9650000000000001,2.6104965,1.0284238197349758
0.6956249999999999,0.9943493,0.8955309759304301
0.44125000000000003,0.36502308,0.6833178587879241
0.45374999999999993,0.3701896,0.3447526668444648
0.47,0.36586314,0.3485237666017189
0.446875,0.36682767,0.3526851725924387
0.47375,0.36067504,0.35369258328057823
0.431875,0.36852446,0.35288805010475216
0.45562500000000006,0.3697855,0.36061149882394816
0.46375,0.36990508,0.35708703154236077
0.48625,0.36453727,0.356024005206041
0.52125,0.39198127,0.3516957522707805
0.989375,0.91473377,0.36197124162018296
1.0875,0.93355054,0.8151600851238892
1.2262499999999998,0.9418404,0.8019317337658628
1.0375,1.0031329,0.8275566436649113
1.00625,0.9793825,0.84542680858396
1.096875,0.9086533,0.8694548616598547
1.218125,0.8702919,0.7965782791152224
1.3512499999999998,0.97160625,0.6798208504867553
1.2575,1.0357313,0.6811962414133921
3.39625,1.0570667,0.8050903637057915
3.41375,3.131334,0.8811178019599617
3.5537499999999995,3.3706634,0.9509034302369134
3.6175,3.2688246,0.9205833336951211
0.716875,2.617943,1.0295681266467274
0.49687499999999996,0.3912035,0.507708359900564
0.485,0.3736536,0.3497520451686531
0.44062499999999993,0.36859435,0.35235098035525525
0.48875,0.36838362,0.35568388262644407
0.451875,0.36462831,0.35487102703731505
0.44,0.37314186,0.3577919947674125
0.443125,0.37641168,0.3664679860487207
0.46187500000000004,0.39352998,0.36231579949788745
0.4675,0.3641106,0.3688778230480291
0.591875,0.39303595,0.35730919512622056
1.035625,0.94914335,0.36623251657053824
1.2618749999999999,0.921091,0.781190386092104
1.24875,1.0606103,0.6954367876013368
1.15625,0.9642403,0.7155520107197761
1.053125,0.824286,0.5941599447429552
1.07625,0.93960816,0.5977171784122474
1.153125,0.9115742,0.6698046018199995
0.99875,0.97045547,0.7116398784496635
0.973125,0.92622936,0.7104531122796237
0.9781249999999999,0.97130567,0.8321501672948524
2.581875,0.9640749,0.8861032265372948
3.191875,2.415521,0.920097195121646
1.0975,2.982213,0.8703352932516113
0.49687499999999996,0.86904395,0.8181502734053507
0.4806249999999999,0.3685118,0.44289243331832806
0.4775,0.37957194,0.3586206479913741
0.4575000000000001,0.3815474,0.3618743129143491
0.44062500000000004,0.3892628,0.3668843808053247
0.46,0.37443838,0.36807431148581204
0.49749999999999994,0.37628582,0.36733189740089695
0.44812499999999994,0.39767477,0.3701940600549616
0.47250000000000003,0.38473094,0.3734579660314321
0.438125,0.38475767,0.3675058458058908
0.528125,0.41686913,0.362634866870176
1.204375,0.8801245,0.38781148773409424
1.3981249999999998,0.971323,0.8109286612248421
1.2975,1.1050556,0.755975168167688
1.420625,1.0237412,0.8543116575548053
1.335,0.9986669,0.8042722754615917
1.0575,1.0358309,0.8215529444108158
1.044375,0.9163086,0.7984697593362629
1.15625,0.8917064,0.7479113975296542
1.4993750000000001,0.98787624,0.7199146496740728
1.2675,1.2134297,0.8440952224554867
1.1675,1.2326928,0.8866122392886505
1.53125,1.0983235,0.875700160073787
2.738125,1.4489298,0.8866139835070074
0.68125,1.7039584,0.9260139326319472
0.50625,0.3633906,0.39815253477631135
0.4725,0.36991873,0.3472457030593976
0.44937499999999997,0.36624315,0.3499574642562866
0.45875,0.36982095,0.35442814507909115
0.4575000000000001,0.36741313,0.3546463717129454
0.44187499999999996,0.37557933,0.35764976621910927
0.484375,0.37201288,0.36429531291114164
0.43875,0.3793959,0.35800389238037167
0.473125,0.3693426,0.3626352655486576
0.548125,0.42407086,0.3540878729950636
0.9975000000000002,0.92819893,0.3723732615526765
1.0,0.93142456,0.8259168292353675
1.1168749999999998,0.9866697,0.7759218499580398
1.099375,0.96059614,0.8501038553557918
1.020625,0.92126304,0.8305355692792683
1.040625,0.95182234,0.7922594947938993
1.043125,0.89819235,0.8248036690799891
0.9387500000000001,0.9531061,0.7725548108418658
1.1125,0.89860773,0.802866584970355
1.35625,1.0211561,0.8327250118304789
3.5,1.173618,0.8872150909876079
3.6012499999999994,3.3049445,0.8476634945352376
3.29625,3.3203812,0.9303527505469695
0.531875,2.5425775,0.8302525075573474
0.535625,0.36888683,0.41514259202986953
0.549375,0.37157294,0.3463101043327525
0.5475,0.36617115,0.3471271958807483
0.5762499999999999,0.37146935,0.35163241222701963
0.554375,0.36882034,0.35602335735350843
0.540625,0.37352046,0.3568643197755888
0.588125,0.3833219,0.36039481706921006
0.5137499999999999,0.3860308,0.36111612611200655
0.58875,0.3692689,0.3640007642654702
0.49312500000000004,0.3778022,0.349527539348714
0.520625,0.37366492,0.3553483946841955
0.5175000000000001,0.38165176,0.3590432970166578
0.383125,0.44283417,0.3627840722919069
0.38375,0.48937932,0.3774254896930791
0.35562499999999997,0.40452173,0.40335695842705666
0.354375,0.37637085,0.37384553135033693
0.3775,0.3706421,0.3623784418543055
0.3625,0.4005336,0.355097526249662
0.365625,0.40116587,0.3649174257642403
0.8693749999999999,0.7379619,0.3707754329507239
0.87625,0.89575243,0.7326125094775483
0.9562499999999999,0.8341724,0.7964584762315079
0.9531250000000001,0.827768,0.7521591174116358
0.45125,0.4041781,0.6177154143137484
0.48,0.39127862,0.3641569714780338
0.47125,0.4195044,0.3613585973810218
0.46124999999999994,0.39817807,0.3789313979876227
0.49312500000000004,0.37588665,0.37119357192568475
0.4575000000000001,0.37346777,0.36187361522700634
0.438125,0.37948906,0.3627488639985025
0.48125000000000007,0.37557092,0.3651881533706374
0.438125,0.37358817,0.36451924563076343
0.446875,0.37002006,0.359519568297714
0.44937499999999997,0.3771892,0.3535913687810674
0.38625,0.3672449,0.3575493989113718
0.403125,0.36992395,0.35481062724735585
0.89,0.7001734,0.3561068804953992
0.89375,0.6796667,0.6594709054122865
0.874375,0.6237875,0.559735926664006
0.39625,0.3741144,0.49274956951064985
0.35125,0.36542836,0.35794194771129634
0.380625,0.3800609,0.3480371296801418
0.3975,0.36962646,0.36016059346128254
0.310625,0.37941957,0.35641426160469647
0.5125,0.36700216,0.3641226602112129
0.660625,0.39050743,0.35598882183004166
0.56625,0.37340632,0.3679794509246014
0.4987500000000001,0.37091947,0.3573906750408932
0.5293749999999999,0.36347753,0.3550133552552387
0.516875,0.37582803,0.3453724623788893
0.540625,0.3726758,0.3540638027817383
0.556875,0.37850738,0.3588163991258293
0.5275,0.36788243,0.3624387419746443
0.5625,0.37343273,0.3557576381455361
0.520625,0.3684496,0.35879088370300827
0.52125,0.39263144,0.3549795672539249
0.54,0.37070408,0.36844543131735175
0.538125,0.4621458,0.35237764197871085
1.105,1.0197163,0.4000439153277315
1.38,0.9607376,0.9172340357713774
1.39,1.1363477,0.813735108561106
1.394375,1.185984,0.8968916157532484
1.3775,1.101288,0.8941917650759966
1.31875,1.1097736,0.8643078726278619
1.27625,1.0330584,0.8801877847320587
1.173125,1.0135245,0.8570126045978815
1.0193750000000001,0.98491406,0.8508194333954155
0.9662499999999999,1.041434,0.8421688080324978
1.1099999999999999,1.1027659,0.9062978365083785
1.7425,1.1239163,1.0264182676333935
2.5168749999999998,1.7071822,1.0283281368993968
1.130625,2.2014194,0.8955843490121514
0.5625,0.36934954,0.6838958429165929
0.4375,0.37305617,0.34444727912757545
0.445625,0.37225196,0.34844253586109725
0.468125,0.37446812,0.35249415576495224
0.4599999999999999,0.36464417,0.3535191581410914
0.459375,0.37390497,0.35289502697817976
0.4725,0.3804673,0.3606128941986337
0.41562499999999997,0.37384686,0.35685564851861445
0.46874999999999994,0.36859494,0.35588043111786244
0.549375,0.3837561,0.3514340696824342
0.9612499999999998,0.9574174,0.3619506100087613
0.9781249999999999,0.9479085,0.8151589389232545
1.0175,0.92690796,0.8020205393976345
1.426875,0.95477575,0.8276038870649784
1.1556250000000001,1.1009912,0.8453552457965166
1.085,0.98711956,0.869562504849881
1.233125,0.8730159,0.7970583378418534
1.7337499999999997,0.97064805,0.6807939748254791
1.759375,1.1902268,0.6819572687999159
2.480625,1.4902517,0.8053666977283358
2.54,2.6435194,0.8813113603627682
2.631875,2.6783457,0.9509794283224643
2.496875,2.7027032,0.9205751607862488
0.71375,1.8661199,1.0296855374595524
0.614375,0.37462917,0.5080824698207155
0.4525,0.37385803,0.3495764771323278
0.49000000000000005,0.36987662,0.3522949161937832
0.39875,0.3702611,0.35556398007310924
0.4775,0.36578152,0.35476158979412165
0.43624999999999997,0.37531903,0.35778352284967896
0.47375,0.37563244,0.36645448081515725
0.4375,0.3971373,0.3621790278613008
0.450625,0.36895618,0.3688489686929248
0.569375,0.39673415,0.3571595910260081
0.9556250000000002,0.9273722,0.36618123655084517
1.200625,0.87407506,0.781409310413301
1.1075,1.0175091,0.6958776263323426
1.145,0.91042924,0.7160641132293641
1.13875,0.82458895,0.5945000673225521
1.189375,0.97130847,0.5981865475720912
1.3275000000000001,0.965102,0.6703097772909701
1.1549999999999998,1.0275822,0.712360689144358
1.05875,0.96088284,0.7112369141744077
1.1025,0.9786085,0.8323043063627928
1.214375,1.0357239,0.8861869988532365
1.29875,1.1077226,0.920114637305215
2.0250000000000004,1.1276028,0.8703662406687439
1.15875,1.1185967,0.818191985141486
0.4956249999999999,0.38687214,0.44305317549861967
0.409375,0.3753918,0.3585199318399652
0.44875000000000004,0.37955537,0.36183793350290505
0.46625,0.39396814,0.366813490787819
0.45125,0.3764302,0.368044759443365
0.43,0.37840995,0.36732335073094813
0.458125,0.39977455,0.3701809534998797
0.4306250000000001,0.38340774,0.3734415703788772
0.4375,0.37645283,0.3674516255323961
0.535,0.40792373,0.3625859041691571
1.086875,0.89142305,0.3878229497404396
1.35375,0.930838,0.8109501400280371
1.435625,1.088263,0.7561370814660191
1.3518750000000002,1.0479465,0.8543912437466905
1.3275000000000001,0.99560535,0.804361978119947
1.29875,1.033775,0.8216389592932164
1.129375,0.9924795,0.7986439319979026
0.890625,0.925651,0.7481107367704436
1.02375,0.9171419,0.7201055169971287
0.98625,0.98364556,0.8441967359638587
1.099375,0.9723509,0.8867190352869034
1.080625,1.0207329,0.8757771050207317
1.6668749999999999,1.128817,0.8866755793324114
0.54375,0.77904224,0.9261091669542343
0.45875,0.36081856,0.39816357318677004
0.44937499999999997,0.36613867,0.3471930774998292
0.43437499999999996,0.36687288,0.34993743066258726
0.47687500000000005,0.3684499,0.3543900712841004
0.43375,0.36644772,0.354611686685048
0.46937500000000004,0.37525785,0.35764458339884875
0.4725,0.3703329,0.3642875137633457
0.44375,0.37659433,0.35796457271512594
0.450625,0.36809462,0.3626071836331114
0.54625,0.4073689,0.35404581241525707
3.0,0.9173786,0.372381459378954
3.8125000000000004,2.6321526,0.8259348694366588
2.3725,3.1307833,0.7760027318549901
2.331875,1.5009719,0.8501572284375132
2.471875,1.3160629,0.8305747892748937
2.71875,1.8177291,0.7923610083022713
2.571875,1.7696,0.8248619758079201
1.7687499999999998,1.783054,0.7725580501045286
1.4918749999999998,1.1615801,0.8028933960982412
2.48375,1.1222916,0.8327596968583763
2.6031250000000004,2.3392105,0.8872611383522302
3.8512500000000007,2.7119951,0.8477064023068175
3.089375,3.32467,0.930409412726164
0.486875,2.510196,0.8303011463321
0.45374999999999993,0.39167288,0.415177301975172
0.47125,0.3865091,0.34628438957069063
0.42562500000000003,0.38327372,0.34711792660605156
0.424375,0.3783874,0.3516142225212976
0.466875,0.374219,0.3560071112053841
0.4175,0.3775506,0.35686297423571345
0.47500000000000003,0.41458124,0.3603924249983206
0.41125,0.41751248,0.3610980360759049
0.46249999999999997,0.37246817,0.36398808130627497
0.390625,0.39218846,0.3495071569113433
0.41125,0.39645237,0.35534156731519845
0.33375,0.39229703,0.359029442939423
0.31937499999999996,0.43626097,0.3627717630937881
0.35562499999999997,0.49520287,0.37743042333928867
0.343125,0.43729773,0.4033836948027275
0.329375,0.38693458,0.37383715910222376
0.345,0.37885267,0.36236897324036804
0.45374999999999993,0.4155117,0.35508152927558867
0.6875,0.43661508,0.36491792411234225
0.9343749999999998,0.9138304,0.3707685806643217
0.931875,0.96501213,0.7326276592598483
0.9193749999999998,0.8980213,0.796479456686601
0.9025,0.822292,0.7521965931889042
0.4525,0.4139737,0.6177519432296231
0.42937500000000006,0.40477782,0.3641502437786571
0.445,0.4402034,0.3613359972945973
0.44062499999999993,0.40838376,0.3789301022825576
0.48250000000000004,0.3766887,0.37118684422630815
0.43500000000000005,0.37953869,0.3618645951263606
0.41875,0.3817285,0.3627474686238169
0.43624999999999997,0.38413265,0.3651882779576629
0.46874999999999994,0.3747793,0.36450785837663335
0.44,0.3707927,0.3595156811825186
0.413125,0.37791663,0.3535798569399118
0.371875,0.3711273,0.357542123029083
0.3375,0.37109366,0.354804597235322
0.8837499999999999,0.68681467,0.35610099998779593
0.975,0.68777597,0.6594989624104276
1.713125,0.68522036,0.5597648059365153
1.205,0.4159422,0.4927807910192385
0.624375,0.38014114,0.35794169853724533
0.426875,0.40474236,0.3480379768719151
0.405,0.37644377,0.3601659257859736
0.42375,0.38374916,0.35641834805913264
0.42812500000000003,0.37230247,0.3641263978219777
0.42874999999999996,0.4002318,0.35599280861485744
0.38375,0.3768199,0.36798635304581373
0.4575000000000001,0.37382096,0.3573916717370972
0.43375,0.36525622,0.3550131559159979
0.48624999999999996,0.37656903,0.34537216337002813
0.4375,0.37775397,0.35406185922414063
0.42124999999999996,0.3798121,0.35881714664798225
0.48375000000000007,0.37049225,0.36243978850565844
0.446875,0.375342,0.3557587843461707
0.48,0.37437072,0.35879108304224905
0.47687500000000005,0.39750528,0.35497996593240644
0.450625,0.3727906,0.3684458299958333
0.534375,0.42501453,0.35237779148314147
1.13875,1.0211531,0.4000469801685586
1.345625,0.9898077,0.9172406638011337
1.39875,1.1434791,0.813742434278205
1.251875,1.2008237,0.896899090974778
1.313125,1.056787,0.8942003864981607
1.35125,1.0967102,0.8643162947107852
1.138125,1.0599861,0.8801952599535883
1.1225,0.98256487,0.857018784114346
1.08875,0.9676748,0.8508260614251718
1.009375,1.0646225,0.8421738911831379
1.21375,1.1615075,0.9063032186678798
2.5725,1.2007843,1.0264246464890987
4.590625,2.5131683,1.0283356121209264
2.9775,3.5318418,0.8955936681216583
0.53125,1.9258784,0.6839051620260999
0.484375,0.41195333,0.3444473289623856
0.46312500000000006,0.38622147,0.348442735200338
0.46124999999999994,0.38622057,0.3524938567560911
0.471875,0.36934847,0.35351895880185064
0.4175,0.37823147,0.35289527615223076
0.456875,0.3884518,0.36061334271192547
0.456875,0.37786683,0.356856047197096
0.4325,0.37767798,0.3558806802919134
0.4987500000000001,0.39955083,0.3514340696824342
1.329375,0.9626947,0.3619499123214185
2.173125,1.1369749,0.8151603841327503
2.41625,1.5803661,0.8020222836159915
2.30125,1.5298914,0.8276056811181456
2.221875,1.5995697,0.8453571893541143
2.190625,1.5948877,0.8695647474163398
2.305625,1.443235,0.797059733216539
2.395,1.501962,0.6807945230083913
3.9518750000000007,1.7130389,0.6819562721037119
4.50125,2.9569097,0.8053673954156786
4.588125,4.0060515,0.8813123570589722
4.703749999999999,3.87541,0.9509807240275294
4.05375,3.6989875,0.9205764066565038
0.565625,2.8889902,1.0296878298608214
0.55875,0.4504318,0.5080815478767268
0.446875,0.43024242,0.3495766266367584
0.44125000000000003,0.40807515,0.35229531487226484
0.4656249999999999,0.41583753,0.35556407974272963
0.46249999999999997,0.37002534,0.35476168946374204
0.426875,0.38891336,0.35778387169335035
0.49625,0.40613127,0.36645492932844903
0.4393749999999999,0.42994025,0.3621795262094028
0.45875,0.36988592,0.3688488441058993
0.54625,0.41726655,0.3571599398696795
0.999375,1.0002156,0.36618166014673187
1.223125,0.9608651,0.7814077655341848
1.123125,1.0490625,0.6958749850874021
1.133125,0.9385407,0.7160601762793586
1.059375,0.82538104,0.5944958811984956
1.2349999999999999,0.9809541,0.598182959465757
1.18125,0.99520624,0.6703057905061542
2.1643749999999997,1.0231749,0.7123572007076442
2.325625,1.3470625,0.7112313825104758
2.269375,1.8295571,0.8323035588406399
2.4206250000000002,2.5377553,0.8861871981924773
3.1925,2.3989348,0.9201152851577477
4.845,2.7299259,0.8703667390168459
3.643125,3.340615,0.8181926828288286
1.6556250000000001,2.490451,0.4430519047109596
1.0775000000000001,0.51796126,0.358520629527308
0.4806249999999999,0.5486244,0.3618385315206274
0.45499999999999996,0.4312746,0.36681381471408525
0.46312500000000006,0.40600294,0.3680449587826058
0.44250000000000006,0.39742258,0.3673237244920246
0.491875,0.48325488,0.3701814767653867
0.41562499999999997,0.41217598,0.3734415703788772
0.50875,0.40549654,0.3674522235501185
0.5862499999999999,0.43123695,0.36258582941694184
1.116875,1.0216137,0.3878229497404396
1.9368750000000001,0.97758245,0.8109499406887963
1.7131249999999996,1.3923858,0.7561360349350049
1.020625,1.178951,0.8543910942422599
0.9675000000000001,0.97787637,0.8043608817541227
1.148125,0.9477324,0.8216386602843553
1.039375,0.9756631,0.7986426861276478
1.005625,0.9333376,0.7481094410653785
0.9943750000000001,1.0189587,0.7201037727787718
1.013125,1.0199592,0.8441960382765159
1.203125,1.0144776,0.886718686443232
1.50875,1.110735,0.8757769555163012
2.90375,1.5997604,0.8866756790020317
0.886875,1.9701297,0.926109067284614
0.401875,0.36909974,0.39816369777379557
0.46375,0.37559336,0.34719337650869037
0.46499999999999997,0.3761641,0.3499378293410688
0.424375,0.37988815,0.35439027062334116
0.471875,0.37291002,0.35461208536352956
0.39499999999999996,0.38274726,0.35764468306846914
0.47125,0.3862615,0.36428783768961204
0.42562500000000003,0.39098963,0.35796482188917694
0.460625,0.37625778,0.36260760722899804
0.5093749999999999,0.4305209,0.35404601175449785
0.9493749999999999,0.9486332,0.3723815839659795
0.9612499999999998,0.9467069,0.8259347199322283
0.90625,0.99082863,0.776002183672078
0.9374999999999999,0.8956565,0.8501570290982724
1.03625,0.8679943,0.8305748391097039
0.9262500000000001,0.99261045,0.7923603604497388
0.90375,0.8958767,0.8248618761382996
1.086875,0.92530257,0.772558149774149
1.771875,0.9623105,0.8028934459330513
2.29125,1.3661445,0.8327595473539456
3.1706250000000002,2.4374611,0.8872610386826099
2.9925,3.1502259,0.8477063524720073
3.6375,2.7894003,0.9304092632217333
0.54375,2.6730745,0.8303010964972898
0.46625,0.3779676,0.4151769032966904
0.46124999999999994,0.37880066,0.34628458890993147
0.42625,0.38064763,0.3471181259452924
0.435625,0.3822738,0.3516142225212976
0.46937500000000004,0.37593973,0.3560072108750045
0.42874999999999996,0.38035205,0.35686307390533384
0.42812500000000003,0.39282826,0.3603926243375614
0.46124999999999994,0.398756,0.36109823541514574
0.4393749999999999,0.3778723,0.3639882308107055
0.36875,0.38417274,0.3495072067461535
0.416875,0.38852435,0.3553418663240596
0.331875,0.3927106,0.3590295426090434
0.36250000000000004,0.4192934,0.36277181292859834
0.31062500000000004,0.47223365,0.37743047317409884
0.34625,0.41819918,0.40338337087646126
0.378125,0.3854367,0.37383715910222376
0.31437499999999996,0.38033596,0.3623691227447986
0.33625,0.40825692,0.3550816787800192
0.35124999999999995,0.41512853,0.36491812345158303
0.853125,0.74771345,0.37076863049913195
0.9099999999999999,0.9079601,0.7326273602509871
0.879375,0.86146414,0.7964792573473602
0.903125,0.79010224,0.7521962443452328
0.439375,0.41078866,0.6177510960378497
0.46625,0.39946315,0.36415039328308774
0.4325,0.42633197,0.3613360969642177
0.44812499999999994,0.41078618,0.37893002753034233
0.45125,0.38497436,0.371186819308903
0.4124999999999999,0.382613,0.3618645702089555
0.47812499999999997,0.38537884,0.3627474686238169
0.44375,0.3902285,0.3651883776272833
0.45937500000000003,0.38123366,0.36450778362441805
0.43500000000000005,0.37848887,0.35951573101732875
0.385625,0.38399985,0.3535799566095322
0.4175,0.3810949,0.35754227253351356
0.341875,0.37848797,0.354804597235322
0.84125,0.69584143,0.3561010996574163
1.01875,0.66838837,0.6594990122452378
0.9487499999999999,0.71432203,0.5597647561017051
0.388125,0.38173124,0.4927806913496181
0.33125,0.37331036,0.3579417982068657
0.348125,0.38709173,0.34803812637634574
0.363125,0.3823596,0.36016587595116345
0.339375,0.38717717,0.35641839789394286
0.39312499999999995,0.37498757,0.3641263978219777
0.6525000000000001,0.38891217,0.3559926591104269
0.554375,0.38253748,0.3679864776328392
0.514375,0.37691694,0.35739172157190735
0.485,0.37042788,0.35501330542042847
0.44125000000000003,0.38098335,0.3453724125440791
0.506875,0.38338196,0.354061958893761
0.44625,0.3849782,0.3588171964827925
0.43624999999999997,0.37400192,0.36243996292749414
0.47125,0.37665293,0.3557588840157911
0.46249999999999997,0.3760229,0.3587910332074388
0.446875,0.3940011,0.35497996593240644
0.450625,0.37620163,0.3684459047480486
0.5331250000000001,0.42994878,0.35237799082238225
1.036875,1.0275074,0.40004700508596375
1.885625,0.9345781,0.9172405641315133
2.4768749999999997,1.3925117,0.8137423844433948
2.393125,2.017985,0.8968988916355372
2.384375,1.7963119,0.8942002868285404
2.3043750000000003,1.8212504,0.8643162947107852
2.2806249999999997,1.538243,0.8801952101187781
2.119375,1.6001034,0.857018784114346
2.135,1.4450778,0.8508259617555515
2.175625,1.6651114,0.8421738413483277
2.27,2.4215558,0.9063032186678798
2.27375,2.45736,1.026424746158719
2.919375,2.2006166,1.0283357117905467
1.788125,2.3891475,0.8955938176260889
0.580625,0.7856114,0.6839051121912896
0.9918750000000001,0.66533196,0.344447428632006
0.650625,0.5890939,0.3484426853655278
0.529375,0.42906865,0.3524937570864707
0.43500000000000005,0.38182148,0.35351900863666086
0.435625,0.4707894,0.352895325987041
0.45000000000000007,0.4917837,0.36061344238154586
0.44250000000000006,0.40277213,0.3568561468667164
0.418125,0.40519288,0.3558807301267236
0.5662499999999999,0.5748272,0.35143411951724435
0.935,1.0852251,0.36194986248660826
0.946875,1.002031,0.8151604339675604
1.1375,0.96582574,0.8020222836159915
1.58125,1.0891093,0.8276057309529558
2.3756250000000003,1.2411803,0.8453571893541143
2.375625,1.7377514,0.8695647474163398
1.840625,1.8106316,0.7970596335469186
0.9025,1.3810525,0.6807945230083913
1.016875,0.98200214,0.6819562721037119
1.018125,0.9831773,0.8053674950852989
0.9500000000000001,1.1021911,0.8813124567285926
1.165,1.0619243,0.9509807240275294
1.233125,1.3458914,0.9205764066565038
0.53,0.749709,1.0296878298608214
0.514375,0.36712134,0.5080814482071064
0.3975,0.3799396,0.3495765768019482
0.46874999999999994,0.38080844,0.3522952650374546
0.4875,0.37258995,0.3555641295775398
0.42625,0.3700538,0.35476163962893187
0.43624999999999997,0.38500443,0.35778387169335035
0.435625,0.39727157,0.36645492932844903
0.45499999999999996,0.39319843,0.3621795511268079
0.473125,0.37491205,0.3688488690233044
0.51125,0.40823883,0.3571599398696795
0.99625,0.91402185,0.36618158539451656
1.189375,0.84412366,0.7814078652038052
1.27625,1.0312021,0.6958749352525919
1.226875,0.99816066,0.7160599271053075
1.19,0.8759334,0.5944958064462803
1.1793749999999998,0.9856307,0.5981828099613263
1.145625,0.95634156,0.6703058901757747
1.033125,0.9868509,0.7123571010380237
0.96,0.9472371,0.7112313825104758
0.9537500000000001,0.956419,0.8323035090058296
1.0525,0.96514547,0.8861870985228569
1.018125,1.0146132,0.9201152353229374
1.260625,0.95297074,0.8703667390168459
0.939375,0.6348729,0.8181927326636389
0.4775,0.38198808,0.4430518299587443
0.4375,0.3913357,0.358520629527308
0.4675,0.39645845,0.3618385315206274
0.4674999999999999,0.39591935,0.36681381471408525
0.44125000000000003,0.38302267,0.3680449338652007
0.500625,0.39228156,0.3673236746572144
0.445,0.41528437,0.3701814767653867
0.47437499999999994,0.3891879,0.3734415703788772
0.48875,0.38301662,0.36745214879790317
0.515,0.42903143,0.36258592908656223
1.09,0.91822374,0.3878229995752498
1.254375,0.9372337,0.8109499905236065
1.23875,1.06309,0.7561360349350049
1.27875,1.0180665,0.8543910942422599
1.214375,0.9973882,0.8043608817541227
1.22875,0.9962199,0.821638610449545
1.29125,0.96916866,0.7986425864580273
1.169375,1.010119,0.748109341395758
1.025625,1.039017,0.7201036731091514
1.0225,1.0104864,0.8441960881113262
1.006875,0.98449427,0.886718686443232
1.0787499999999999,1.0169647,0.8757768558466807
1.460625,1.1378131,0.8866755294976012
0.54375,0.6680512,0.926109067284614
0.51625,0.36730567,0.3981636728563904
0.4925,0.38045472,0.34719337650869037
0.49687499999999996,0.3789652,0.3499379290106892
0.4956249999999999,0.37392452,0.35439027062334116
0.505625,0.3721289,0.35461198569390917
0.48312499999999997,0.38549197,0.3576446332336589
0.54,0.3822676,0.3642878626070171
0.47687500000000005,0.38234612,0.3579648717239871
0.490625,0.37353894,0.36260760722899804
0.645625,0.43096566,0.3540459619196877
1.10375,0.98374355,0.3723815839659795
1.16625,0.96506006,0.8259348196018487
1.084375,1.0607365,0.7760022833416983
1.034375,0.95939493,0.8501571287678927
1.0925,0.9029597,0.830574888944514
1.02375,0.96818113,0.7923603604497388
1.065,0.8870783,0.8248618263034895
0.9237500000000001,0.948308,0.772558149774149
1.0587499999999999,0.91477007,0.8028934459330513
1.08,0.99134105,0.8327595473539456
0.9625,1.0048876,0.8872610386826099
1.10875,1.0630041,0.8477063524720073
1.365,0.9905729,0.9304092133869232
0.529375,0.7028501,0.8303010964972898
0.515625,0.36318094,0.4151769531315006
0.46937500000000004,0.37061176,0.34628468857955186
0.520625,0.37065658,0.34711817578010257
0.471875,0.3717639,0.3516142723561078
0.49687499999999996,0.3696288,0.3560071610401943
0.47875,0.37773806,0.35686307390533384
0.48125,0.37960336,0.3603926243375614
0.510625,0.3807051,0.3610982104977406
0.505625,0.36568558,0.36398828064551575
0.458125,0.37779972,0.3495073064157739
0.446875,0.3775348,0.35534181648924945
0.605,0.3779967,0.359029442939423
0.735625,0.40432137,0.3627719125982187
0.47062500000000007,0.5230873,0.37743047317409884
0.383125,0.4056459,0.4033834207112714
0.39312499999999995,0.37769914,0.3738371840196289
0.348125,0.36904383,0.36236914766220374
0.3925,0.38498065,0.35508162894520906
0.39937500000000004,0.3938335,0.3649179739471525
0.8956249999999999,0.75045896,0.37076860558172686
0.9412499999999999,0.8792012,0.7326273602509871
0.945625,0.85234696,0.7964793071821704
0.96125,0.81928647,0.7521961945104226
0.47062499999999996,0.39984754,0.6177508966986089
0.47250000000000003,0.37700838,0.36415031853087243
0.4674999999999999,0.41200775,0.36133607204681256
0.466875,0.3950624,0.37893002753034233
0.49499999999999994,0.37493894,0.371186819308903
0.459375,0.37331617,0.3618646698785759
0.49187499999999995,0.3793798,0.36274749354122204
0.4674999999999999,0.37988043,0.3651883776272833
0.465625,0.37305763,0.36450778362441805
0.458125,0.36685857,0.3595156811825186
0.4775,0.37478477,0.3535800064443424
0.4131249999999999,0.36904314,0.3575422226987034
0.36375,0.36771232,0.354804597235322
0.9143750000000002,0.6838248,0.3561010498226061
0.94,0.6835712,0.6594990620800479
0.87125,0.66885126,0.5597648308539204
0.345625,0.37201098,0.4927807661018334
0.405625,0.36015245,0.3579417982068657
0.3875,0.3752759,0.3480379768719151
0.38,0.3698607,0.36016587595116345
0.369375,0.3757436,0.35641839789394286
0.389375,0.3652326,0.3641263978219777
0.409375,0.38039446,0.35599280861485744
0.42937500000000006,0.37003893,0.3679864028806239
0.48125,0.36665666,0.3573917714067176
0.4675,0.3561872,0.3550132555856183
0.44062499999999993,0.36838692,0.3453724125440791
0.4806249999999999,0.37070873,0.35406185922414063
0.508125,0.37324545,0.35881724631760264
0.44937499999999997,0.36444086,0.3624398881752789
0.516875,0.36976898,0.3557588840157911
0.4468749999999999,0.36967307,0.35879113287705927
0.5137499999999999,0.39941317,0.3579525625258684
0.41999999999999993,0.37855905,0.3821178357516415
0.59875,0.5058063,0.3648181299049221
0.98625,0.9299722,0.49568364379582924
0.8968750000000001,0.7519219,0.8673487429112942
0.9256249999999999,0.79359245,0.7131095070023834
0.900625,0.859335,0.695707041777037
0.8518749999999998,0.930753,0.7668474293692037
0.898125,0.90372217,0.8717983934441954
0.9418750000000001,0.8664206,0.8674353558114172
0.8768750000000001,0.940642,0.8353299770291149
0.9349999999999998,0.93840694,0.8897600052399561
0.8574999999999999,0.98742366,0.893497466500327
0.9349999999999998,0.88556457,0.9456089301667363
1.029375,0.96132267,0.8809830984679983
1.0225,0.98480123,0.9116122705026344
0.8049999999999999,0.8913826,0.921227448616922
0.51,0.42031944,0.8355533366484195
0.52875,0.47115907,0.3988954721267335
0.5762499999999999,0.6302747,0.4321112452324479
0.53625,0.5896314,0.5846560477598384
0.51875,0.41977853,0.5503547977358102
0.55625,0.5784944,0.40630907291352747
0.55875,0.64486307,0.5424751667214557
0.52875,0.556404,0.6133730581272021
0.5275,0.4918202,0.534216193131879
0.615625,0.69450253,0.47813010434336956
1.025625,1.0435892,0.6635603997718915
0.954375,1.057844,1.0199392439596355
0.8731249999999999,1.007181,1.0306531301343442
0.891875,0.9554925,1.0134067475345359
0.9524999999999999,1.01581,0.9764947514738888
0.9475,0.9765239,1.0285817960833015
1.034375,0.89614064,0.9849068674352021
1.063125,0.98290145,0.8920695496837423
1.0899999999999999,1.0443324,0.9203993934106828
2.731875,1.067559,0.9756936070651562
4.7575,2.6972535,1.0161620643555374
4.79,3.8930588,1.0656523166751861
4.235,3.8931704,1.049053936112374
0.595,3.1312947,1.2251490253902972
0.57125,0.4232594,0.7349053094251081
0.5225,0.4116673,0.3636610652817599
0.559375,0.4035869,0.36469294486170634
0.45875,0.40007257,0.3666062776470184
0.526875,0.37248263,0.36922043736813587
0.5081249999999999,0.39013195,0.36490003341548144
0.47437499999999994,0.40823537,0.37706478533687066
0.48624999999999996,0.4252617,0.3817939094853587
0.503125,0.38029453,0.4020224818795919
0.5956250000000001,0.42117012,0.3695094045150652
0.9906249999999999,1.010381,0.38152350580522787
1.04,0.9573622,0.8150927084605023
0.9224999999999999,0.9575655,0.7580341431858018
0.919375,0.81522113,0.7898274563866481
0.9150000000000001,0.7472417,0.6755934133725241
0.8675,0.9217308,0.6564684577675164
0.920625,0.8821672,0.7440935028856247
1.413125,0.93782836,0.7851090965571627
2.27625,1.0609806,0.8048776687358692
2.356875,1.7892618,0.8905206339479983
2.25,2.6906881,0.9547796316088737
3.29125,2.3208387,0.9884797243174911
4.67375,2.8567262,0.9510504927618058
1.559375,3.2789156,0.9081032021773979
0.453125,0.5113084,0.509051781796459
0.456875,0.4264597,0.37412019590673967
0.49625,0.42569587,0.37924189377255735
0.43624999999999997,0.43000504,0.38160481129806484
0.42124999999999996,0.39745602,0.38913330623976883
0.466875,0.4013431,0.378118617150709
0.4175,0.42735302,0.38303173141844565
0.46687500000000004,0.41128924,0.3965895407066866
0.44812499999999994,0.40754658,0.3888194216877408
0.52625,0.44047263,0.37934913828410205
0.9806250000000001,0.96134996,0.41122585003981366
0.9600000000000001,0.9171898,0.8623967574916036
0.89375,0.996645,0.8155589131098985
0.8925,0.89096457,0.9107275531172008
0.9412499999999999,0.92361903,0.863419068787992
0.955,0.9108689,0.8844516510925442
0.9943750000000001,0.91966003,0.8798961514227838
1.2149999999999999,0.89727914,0.8398613566507399
1.66,1.0645667,0.8073173318690806
2.375625,1.365504,0.9130122299906984
2.46875,2.2957373,0.9633961699616165
3.1725000000000003,2.3723876,0.9455334802640976
4.495625,2.951434,0.9554205571028218
0.624375,3.0942638,1.0215840917050094
0.48250000000000004,0.39454728,0.4581719107118621
0.42749999999999994,0.40660784,0.3647775892868265
0.505,0.37937605,0.36939617982629686
0.42625,0.3979684,0.37058232306120914
0.531875,0.37767503,0.37193591125838454
0.435625,0.40033337,0.36871356751361856
0.4525,0.3883388,0.37665454517932606
0.51,0.4066896,0.37417394274953747
0.42374999999999996,0.39638066,0.381142244589813
0.61875,0.4384974,0.37112654410596935
0.930625,0.99255127,0.3968233905535377
0.89375,0.9669842,0.8743286562623457
0.9287500000000002,0.96492076,0.8432692603112758
1.02375,0.92382723,0.9072048798887805
0.9099999999999999,0.9248134,0.8800836798135564
1.055,0.96473753,0.8391970586308093
1.055625,0.9427252,0.8853462856052071
1.029375,0.99494183,0.8343685638707876
2.375,0.95228493,0.8650949636201188
2.40375,2.0009882,0.87997852836404
2.380625,2.6837437,0.9378900662500784
2.61625,2.5444796,0.8975664787529409
2.5075000000000003,2.3697474,0.9911290424972028
0.4806249999999999,1.8482965,0.9040880613546074
0.47437499999999994,0.37603,0.46086378781948234
0.438125,0.37727627,0.3611801638431102
0.45625000000000004,0.3764123,0.3627593791434541
0.47624999999999995,0.38117048,0.3647194071459211
0.456875,0.3745966,0.3695710252578742
0.41812499999999997,0.37938613,0.36576010748727245
0.459375,0.38384587,0.370027512119282
0.43687500000000007,0.3989317,0.37358021082084625
0.4675,0.37693954,0.3781675798517279
0.43500000000000005,0.38452822,0.36274009307190774
0.35875,0.38464454,0.3696829542415775
0.38625,0.38895562,0.37099450677635143
0.381875,0.4167254,0.3750574890169315
0.30374999999999996,0.4652558,0.38643841412613167
0.38125,0.40625113,0.41827882122261445
0.6950000000000001,0.3855567,0.38669274607997384
0.54,0.38523713,0.37504460671849543
0.40062499999999995,0.40882158,0.3668986335610412
0.38625,0.40735316,0.3769322247417457
0.8587500000000001,0.7119354,0.3821519975140318
0.9143750000000002,0.90291643,0.7471104026253521
0.9656250000000001,0.85423255,0.814262360852994
0.931875,0.84337425,0.7679306886384636
0.456875,0.41371557,0.6415877834425866
0.45875,0.39924404,0.3754538501798361
0.453125,0.42622823,0.36967004702573636
0.46874999999999994,0.40490302,0.39027925770025695
0.40375,0.38680258,0.37771301163051274
0.473125,0.38189733,0.3714055941256694
0.45437500000000003,0.38635525,0.3691183756768517
0.47875,0.38753575,0.3722347706151381
0.43125,0.38286912,0.37322369258869437
0.4956249999999999,0.37905312,0.36920386729374527
0.375625,0.38590655,0.36287085961386556
0.41624999999999995,0.37815747,0.3675642023686319
0.379375,0.38061178,0.36293372622692954
0.875,0.7081107,0.3644023331660404
0.9312499999999998,0.6744779,0.6647877813122421
0.9231249999999999,0.65627474,0.5642040659114904
0.34875,0.38323,0.4966192923572845
0.358125,0.37392306,0.36641149829136205
0.401875,0.38860354,0.3560820129251107
0.343125,0.3792225,0.3679768096796609
0.37124999999999997,0.3892248,0.36351320539990434
0.405,0.37378478,0.3714654955675266
0.34500000000000003,0.39070767,0.3609342290547862
0.43,0.37606034,0.37263088260399174
0.42375,0.37790966,0.3639792356274649
0.485625,0.37058708,0.36241733792366454
0.45374999999999993,0.38187757,0.3524083402217924
0.456875,0.37983453,0.36174344670277087
0.45437500000000003,0.38654584,0.364992352401372
0.44812499999999994,0.37281704,0.368822257234659
0.48625,0.37819734,0.3600483654687181
0.405625,0.37359905,0.36364845707478
0.47875,0.39393377,0.36065914090249684
0.44437499999999996,0.3767812,0.3735582585869543
0.561875,0.4225771,0.3576905809286609
0.9268750000000001,1.0214056,0.3994072756274603
0.9575,0.8740372,0.9237766984977573
0.9656250000000001,0.977973,0.8256213586457073
1.106875,0.9717975,0.906220443048142
1.039375,0.9746493,0.9038184051966295
1.033125,0.98261446,0.8727600557765738
1.004375,0.9467085,0.8891376681302116
0.9256249999999999,0.93787366,0.8648333308665828
0.9262500000000001,0.897615,0.858889682558775
0.88875,0.987445,0.8489480366028845
0.898125,1.057584,0.914609784501195
0.8993750000000001,0.98110896,1.0354240158537775
0.9662499999999999,0.8338639,1.0389342802144588
0.713125,0.738456,0.9074191197378189
0.4656249999999999,0.3668157,0.6919026523665711
0.47875,0.3719065,0.34909601972721516
0.44125000000000003,0.36985838,0.3534382264093309
0.48312499999999997,0.3739887,0.35645647168893363
0.456875,0.3670817,0.35765754044950004
0.4375,0.37622607,0.3557337672714516
0.43624999999999997,0.37328792,0.3638533528969064
0.473125,0.37544668,0.36054511885676527
0.44,0.37275627,0.3600662561655789
0.589375,0.38185593,0.35535018873736257
0.92875,0.9213341,0.36427682419655844
0.935,0.904954,0.8196661486619338
1.034375,0.89558667,0.8080408336435257
1.12,0.94107574,0.83166726798404
1.02625,0.97317713,0.8492423111570999
1.0,0.9023595,0.8728677488014103
0.9862500000000001,0.8014349,0.7970297824956104
0.87625,0.87938225,0.677160269639939
0.905625,0.8886535,0.6757097278195247
0.8581250000000001,0.92823356,0.7997753815286234
0.9175,0.96014917,0.8822848833799736
0.905,0.9266209,0.9521916600805149
0.9243750000000001,1.0379498,0.923186205831729
0.485625,0.4899859,1.0331750705391913
0.486875,0.36572602,0.5073666426070407
0.43125,0.36916113,0.35234584736980495
0.466875,0.36740184,0.3553275138987228
0.47062500000000007,0.36883935,0.3579763337303325
0.456875,0.36816794,0.35726947678249327
0.505,0.37736943,0.3595411966053396
0.44125000000000003,0.37532347,0.368472018188592
0.456875,0.3804545,0.36443734212020407
0.49499999999999994,0.3726682,0.37000727918634185
0.573125,0.3824268,0.35954453553762283
1.100625,0.89079475,0.36879148423936214
1.259375,0.8924291,0.7798044800205156
1.33125,1.0651582,0.692363973204568
1.4381249999999999,0.97118527,0.7096416520651802
1.39625,0.91547436,0.5883904690967873
1.288125,1.0709993,0.5928801868170872
1.3575,0.9730428,0.6641174532802775
1.1625,0.98657775,0.7047486710607632
0.9418750000000001,0.9265957,0.7008101263412461
0.864375,0.92675644,0.8314649386546388
1.0193750000000001,0.88198584,0.8873983335847035
0.9793750000000001,0.9384419,0.9217320759049804
1.06875,0.8786744,0.8718084102410452
0.5393749999999999,0.55724496,0.8197228606759384
0.52,0.37013397,0.44154851307433096
0.570625,0.37402374,0.36021645828351373
0.501875,0.37561193,0.36367457051532337
0.556875,0.38225004,0.36827576870603485
0.55125,0.3750474,0.3687658442295156
0.531875,0.3785278,0.3683979387432336
0.53,0.39787033,0.3714174049756862
0.523125,0.37784585,0.3741426464887336
0.5575,0.3722288,0.3689934148902818
0.640625,0.4174455,0.36379011252276594
1.099375,0.89926714,0.3885048892831802
1.4275,0.91498506,0.811559171243459
1.728125,1.0906278,0.754592401689142
1.75375,1.1381894,0.8538973807776348
1.946875,1.183248,0.8025670279262587
2.213125,1.3114136,0.8212311610413715
2.4381250000000003,1.4883589,0.7962468277925998
2.63625,1.6116335,0.745574045261778
1.464375,1.7632538,0.7173454658691585
0.8262499999999999,1.2169294,0.8433312548151612
0.9224999999999999,0.9267271,0.8864486316067726
0.901875,0.952197,0.8754846245196835
0.9418750000000001,1.0256132,0.8865270217632131
0.47624999999999995,0.5139126,0.9258828670811281
0.46187500000000004,0.35460046,0.39863989430263636
0.453125,0.36203054,0.3481873317980766
0.45749999999999996,0.36471543,0.35101436091095206
0.4656249999999999,0.3635687,0.35525236300494517
0.4775,0.3627619,0.3555129492274671
0.42749999999999994,0.3720015,0.35828620658013965
0.46249999999999997,0.37716496,0.3650269875944592
0.475625,0.37547097,0.3587748368941247
0.4331249999999999,0.3607179,0.36351360407838595
0.594375,0.40393308,0.3548823395392298
0.9231250000000001,0.9402135,0.37290427637273443
1.1456250000000001,0.85787547,0.8262629818269983
1.029375,1.0070121,0.77517193573419
1.036875,0.91644573,0.8497668225344271
0.9606250000000001,0.89619666,0.8306485946287959
0.954375,0.9119568,0.7910414821978659
0.9125000000000001,0.8300397,0.8246619388797879
1.329375,0.8656973,0.7730291385653242
1.323125,0.97709984,0.803532477704212
0.93125,1.067363,0.8327698133248463
0.90125,0.94911283,0.8872726003585757
0.8931249999999998,0.99331033,0.8475932274528594
0.97,0.8307867,0.9302614033398778
0.46125000000000005,0.46731433,0.8303252663802355
0.485625,0.35188103,0.4147228583409823
0.44437499999999996,0.3534656,0.34684398465439675
0.443125,0.35913467,0.3477205789657682
0.4718750000000001,0.36357415,0.3520970719972997
0.401875,0.36273658,0.3565175691662356
0.44625000000000004,0.36683837,0.3572248247925564
0.44937499999999997,0.36914492,0.3607975820052251
0.45000000000000007,0.37191772,0.36154983846515415
0.4781250000000001,0.3560607,0.3644977917449735
0.34625,0.36227036,0.3499756041271984
0.42625,0.36736614,0.35583807152919467
0.3425,0.37068874,0.3594279719165712
0.375625,0.3848228,0.36319518455863
0.39125,0.41338813,0.3776477031117491
0.308125,0.3875884,0.4032622722876817
0.370625,0.37009776,0.37407928152756764
0.303125,0.36133644,0.362785118822921
0.40375,0.3709452,0.35546132036410266
0.374375,0.38865787,0.36518172468012194
0.8850000000000001,0.74815106,0.3710114256944134
0.94625,0.8582392,0.7323423051366582
0.88,0.8489066,0.796412030188404
0.93625,0.7585635,0.7517439436078817
0.4675,0.39056233,0.6171515832711756
0.431875,0.3722555,0.3643717844273895
0.48187499999999994,0.4001448,0.3615488417689502
0.465,0.39031756,0.37918386113608255
0.438125,0.36989856,0.37137073467593634
0.44125000000000003,0.3686878,0.3621455637862533
0.464375,0.3731974,0.36293856020351867
0.4468749999999999,0.3760201,0.36540139652347187
0.423125,0.36947745,0.36474509699057783
0.47375,0.36200696,0.35978852676834905
0.39125,0.3655448,0.35383326694976536
0.41875,0.3638999,0.35780554983578616
0.375625,0.36312532,0.35501754137929525
0.84875,0.6887407,0.3563294427577406
0.883125,0.6566165,0.6595162052547558
0.891875,0.6352974,0.5597028114326298
0.35875,0.36945796,0.49270025796595956
0.381875,0.3565635,0.35816027401477096
0.305,0.36924487,0.3482398576880246
0.36624999999999996,0.3654656,0.36033152686025943
0.33875,0.3717274,0.3565905273283645
0.378125,0.3613401,0.36431375179091463
0.40812499999999996,0.3752761,0.35611923952832814
0.39125,0.36826357,0.36809686173742634
0.4925,0.36439136,0.35753310292843726
0.4306250000000001,0.35311946,0.3551768632674962
0.459375,0.36107668,0.3455273489689827
0.4331249999999999,0.36715636,0.3542282078205794
0.47875,0.3691302,0.35894372706588357
0.426875,0.36100355,0.36256816297672684
0.47687500000000005,0.3659447,0.3558584539665654
0.42937500000000006,0.36519295,0.35889434076897797
0.460625,0.38394237,0.3550862137477472
0.431875,0.36025327,0.36853747621178623
0.5587500000000001,0.42596796,0.3524724277877062
1.660625,1.0052941,0.40005026926603166
2.17875,1.3224965,0.9172482386922837
2.373125,1.6181403,0.8137951096725836
1.575,1.8430237,0.8969046724735201
1.259375,1.117462,0.8941872301082686
1.05875,1.0336152,0.8642871413468197
1.08625,0.9282843,0.8801682494864613
1.163125,0.95163804,0.8569929198478535
0.9418750000000001,1.02228,0.8507959113650024
0.88625,1.0358123,0.8421643727343903
0.909375,1.0582136,0.9062897632691265
0.9950000000000001,1.0152103,1.0264127858042718
0.8837499999999999,0.98863345,1.0283082029753179
0.758125,0.8490345,0.8955590329285712
0.45875,0.35683843,0.683789545266442
0.5075,0.36067173,0.34449925683461124
0.509375,0.39045185,0.3484959587776288
0.44125000000000003,0.37372714,0.3525456849586963
0.515,0.36198613,0.3535711856829375
0.443125,0.37208772,0.3529305591978505
0.47875,0.396435,0.36065236336831
0.45499999999999996,0.37638998,0.3568947190098092
0.47812499999999997,0.362043,0.35592647848248476
0.611875,0.3788778,0.3514764292711019
2.07625,0.98380417,0.36198457243191073
3.5400000000000005,1.7172085,0.8151667629884556
3.11375,2.6851363,0.8020422175400703
2.340625,2.123284,0.8276000996194034
2.4525,1.4915695,0.8453483685927093
2.32,1.6673292,0.8695459098580852
2.2675,1.5165482,0.7969850308360532
2.120625,1.4686489,0.6806923616474867
2.016875,1.4284075,0.6818325821048021
2.04,1.5285839,0.8053294212903082
1.9493749999999999,2.3196397,0.8812960610760376
1.44875,2.145802,0.9509681656553597
0.9518749999999999,1.6373751,0.9205641971280054
0.42874999999999996,0.7320732,1.0296651051873715
0.466875,0.36088368,0.5080398112231865
0.479375,0.3650277,0.349602789912112
0.43687500000000007,0.36778647,0.3523206309558451
0.48375000000000007,0.36447307,0.3555894954959303
0.43624999999999997,0.36351386,0.354789447453022
0.45499999999999996,0.3737781,0.35780226073831317
0.46124999999999994,0.38266328,0.36647526193100954
0.48,0.3988114,0.36219941029867153
0.4875,0.36539173,0.3688673577378876
0.571875,0.3900176,0.3571820665254071
1.044375,0.9130036,0.3662025160147994
2.048125,0.8777705,0.7813994431208818
2.219375,1.5576504,0.6958428416348248
2.271875,1.5305231,0.7160104909735918
2.214375,1.4853711,0.5944561877721734
2.136875,1.6631978,0.5981459820365905
2.065,1.47148,0.6702631319086253
2.24625,1.4390712,0.7123063692012429
2.071875,1.3741008,0.7111716804078594
1.023125,1.4190891,0.8323045057020336
1.003125,1.1405342,0.8861975638329983
0.9806250000000001,1.0811903,0.9201251026153565
1.0125,0.95372057,0.87038039375484
0.490625,0.65093607,0.818205390705429
0.49499999999999994,0.3911633,0.443051506032478
0.5,0.45102647,0.3585349819526448
0.475625,0.48683164,0.36185123939722774
0.485,0.39732972,0.36682789304796604
0.49000000000000005,0.3851042,0.36805721814591436
0.494375,0.4256266,0.3673332180233672
0.47875,0.50383455,0.3701924653410352
0.49625,0.40634117,0.3734524842023104
0.510625,0.40184417,0.36746388489570464
0.559375,0.5540385,0.3625975655147433
1.36625,0.98171794,0.3878337140594422
2.07875,1.0479167,0.8109625488957762
2.3375,1.5010784,0.7561336428641156
2.226875,1.5825633,0.8543915427555517
2.37,1.5455378,0.8043619282851368
2.3518749999999997,1.6711397,0.8216407533463835
1.484375,1.6105139,0.7986382009947299
0.879375,1.1371361,0.7481084443691745
0.8431249999999999,0.94477284,0.7201100519648567
0.853125,0.93308157,0.8442014204360173
0.8431249999999999,0.9239666,0.8867212280185521
0.98875,0.9756166,0.8757785003954173
0.9268750000000001,1.1172017,0.8866799647957088
0.39937500000000004,0.5012927,0.9261132534086705
0.446875,0.35980642,0.3981698523728549
0.43500000000000005,0.37202513,0.347200353382118
0.45437500000000003,0.37736565,0.34994341083981095
0.39875,0.3704091,0.3543973471663892
0.431875,0.36737236,0.3546193612458184
0.413125,0.38850796,0.3576492678710073
0.43687500000000007,0.38926378,0.3642933444361388
0.44062499999999993,0.3837417,0.3579698053701967
0.453125,0.36882856,0.3626128398840688
0.52875,0.42745697,0.35405139391399915
1.0306250000000001,0.96074146,0.37238751430839295
0.9312499999999998,0.93323237,0.8259420456493273
0.9818749999999999,0.95655406,0.7760036288815736
0.988125,0.93758875,0.8501584743077681
0.8424999999999999,0.9138227,0.8305798724255338
0.8856250000000001,0.90024304,0.7923618056592345
0.9074999999999999,0.8281019,0.8248644675484299
0.848125,0.9124073,0.7725647778039053
0.8768750000000001,0.91811657,0.8028989277621731
0.8837499999999999,0.94322824,0.8327623879381268
0.838125,0.88170356,0.8872619855440036
0.8987499999999999,0.9867223,0.8477071996637807
0.8474999999999999,0.8343567,0.9304111569445208
0.43437499999999996,0.43480223,0.8303042360903322
0.494375,0.3635166,0.41517752623181786
0.3925,0.36907408,0.34628762883335346
0.47624999999999995,0.3747751,0.3471202688421309
0.4225,0.37180045,0.3516175614535808
0.44,0.36920783,0.35601040030285713
0.443125,0.3804445,0.35686501746293153
0.41125,0.38376936,0.3603947672343999
0.4599999999999999,0.38394275,0.3611002288075536
0.44937499999999997,0.36881423,0.36399032387273383
0.403125,0.3778442,0.34950959881704297
0.35875,0.3828581,0.35534341120317575
0.361875,0.3786485,0.3590320343495533
0.3275,0.39208102,0.362774504008349
0.34750000000000003,0.42455417,0.37743219247505067
0.3225,0.39681515,0.4033839439767785
0.76125,0.38189015,0.3738390279076062
0.4231250000000001,0.37590167,0.36237081712834535
0.379375,0.38645765,0.3550836223376169
0.35624999999999996,0.4018971,0.36491941915664816
0.8837499999999999,0.71889865,0.37077039963489394
0.865625,0.8735064,0.7326258652066812
0.8856250000000001,0.81814396,0.7964793570169806
0.8975000000000001,0.75715727,0.7521947991357371
0.418125,0.3986381,0.6177506973593682
0.44875000000000004,0.3816881,0.36415153948372225
0.443125,0.41491792,0.3613375172563083
0.458125,0.40303952,0.37893124848319215
0.4331249999999999,0.37613213,0.37118809009656306
0.424375,0.37458396,0.36186631442731243
0.44250000000000006,0.3841628,0.36274839056780556
0.43624999999999997,0.3864702,0.36518944907570255
0.44250000000000006,0.37872255,0.3645086806510016
0.47,0.3723848,0.3595168273831531
0.39749999999999996,0.37752274,0.35358100314054636
0.36062500000000003,0.37496033,0.35754287055123596
0.338125,0.36857104,0.3548058431055769
0.8968750000000001,0.6774758,0.35610219602324067
0.8700000000000001,0.68498015,0.659499311254099
0.88625,0.64658356,0.5597645318450593
0.32,0.37723702,0.4927807661018334
0.363125,0.36519516,0.35794254572901874
0.315625,0.3775499,0.34803882406368847
0.35875,0.37496233,0.3601663742992654
0.3275,0.37602702,0.3564192450857162
0.345,0.36545697,0.36412739451818166
0.35,0.3824464,0.35599330696295944
0.346875,0.3745961,0.36798690122872585
0.45187499999999997,0.3704918,0.35739231958962975
0.458125,0.36007032,0.35501365426409986
0.4225,0.37004676,0.3453730105618015
0.5025,0.37516698,0.3540625070766732
0.42187500000000006,0.37321576,0.3588179938397556
0.45437500000000003,0.3645905,0.3624406107800267
0.396875,0.3730971,0.35575948203351343
0.44812499999999994,0.37094793,0.3587916312251612
0.43687500000000007,0.38688052,0.35498046428050845
0.4475,0.36500484,0.36844622867431487
0.578125,0.4284633,0.3523783895008638
0.91375,1.025169,0.4000473788470402
0.8881249999999999,0.84388113,0.9172411621492357
0.9237500000000001,0.93152153,0.8137430322959274
0.9875,0.93462247,0.896899340148829
0.876875,0.9267011,0.8942003366633505
0.861875,0.91013414,0.8643162947107852
0.9425,0.86681664,0.8801953097883985
0.889375,0.89465487,0.8570189834535867
0.89,0.8892717,0.8508262109296024
0.85375,0.9481215,0.8421741901919991
0.8731250000000002,1.0096419,0.9063036173463613
0.87625,0.94608396,1.02642494549796
0.8850000000000001,0.8076249,1.0283358114601673
0.7,0.66622704,0.8955936182868481
2.3831249999999997,0.3547468,0.6839048131824285
0.426875,0.38367653,0.3444477276408672
0.446875,0.36807615,0.34844288470476864
0.47687500000000005,0.36265785,0.35249415576495224
0.39,0.36015406,0.3535192578107118
0.47,0.3704864,0.35289552532628177
0.47125,0.36996448,0.36061359188597647
0.42187500000000006,0.36745778,0.356856296371147
0.46124999999999994,0.36148182,0.3558808796311542
0.4912500000000001,0.37112656,0.3514344185261056
1.00875,0.8990973,0.3619499621562287
1.099375,0.9216373,0.8151603841327503
1.19,0.94401103,0.8020224829552323
1.365625,0.983142,0.8276056312833353
1.3225,1.0497622,0.8453570398496837
1.09375,0.9959731,0.8695645979119093
1.003125,0.8551092,0.7970592847032472
0.8724999999999999,0.8743037,0.6807940744950994
0.84875,0.88564324,0.6819558734252303
0.835,0.90147173,0.8053673455808684
0.9443750000000002,0.9398079,0.8813124567285926
0.958125,0.9344046,0.9509807240275294
1.00875,1.0798115,0.9205764066565038
0.499375,0.5245059,1.0296876305215807
0.499375,0.35651353,0.5080812488678657
0.545625,0.36013204,0.3495767263063788
0.545625,0.3637253,0.3522954643766954
0.5825,0.36078358,0.35556432891678064
0.5393749999999999,0.36359227,0.35476163962893187
0.486875,0.373935,0.35778397136297074
0.55,0.37200814,0.36645497916325925
0.5406249999999999,0.3754615,0.3621796009616181
0.514375,0.36517766,0.3688487942710891
0.618125,0.3745782,0.3571600893741101
1.069375,0.90450746,0.36618166014673187
1.255625,0.8696971,0.7814078652038052
1.475,1.0520781,0.6958749352525919
1.363125,1.0391331,0.7160600766097381
1.319375,0.8888124,0.5944956320244446
1.2650000000000001,1.0227754,0.5981826106220856
1.22875,0.9536797,0.6703055413321033
1.008125,0.9409897,0.7123566026899218
0.87875,0.8864977,0.7112308841623738
0.87125,0.90756524,0.8323035588406399
0.913125,0.8921736,0.8861872978620977
0.8850000000000001,0.8816412,0.9201155343317986
0.9650000000000001,0.8217393,0.8703669881908969
0.40249999999999997,0.5175378,0.8181929320028797
0.44125000000000003,0.3633746,0.4430520542153902
0.43875000000000003,0.36695746,0.3585205796924978
0.43500000000000005,0.3729265,0.3618385813554376
0.42812500000000003,0.37404642,0.36681391438370564
0.41125,0.37102178,0.36804490894779557
0.45499999999999996,0.37449038,0.3673236746572144
0.4512500000000001,0.38590914,0.3701816262698173
0.394375,0.37345856,0.3734416700484976
0.44187499999999996,0.36665258,0.36745224846752356
0.53,0.39242312,0.3625860287561826
0.891875,0.86288047,0.38782302449265493
0.919375,0.81652963,0.810950090193227
1.0318749999999999,0.9176169,0.7561360847698152
1.053125,0.8928263,0.8543910942422599
1.1375,0.899402,0.8043608319193124
1.08375,0.92633396,0.8216386602843553
0.91375,0.8902377,0.7986426362928375
0.9456249999999999,0.8226506,0.7481093912305683
0.800625,0.9116587,0.7201037229439616
0.87625,0.88907176,0.8441961379461363
0.8300000000000001,0.87102646,0.8867188857824728
0.83875,0.8917996,0.8757770053511114
0.9143749999999999,0.9143727,0.886675728836842
0.394375,0.40463525,0.9261091669542343
0.42937499999999995,0.35059673,0.39816372269120065
0.44187499999999996,0.35521394,0.3471934263435006
0.44,0.3605629,0.3499380286803096
0.43687500000000007,0.35954204,0.3543903204581514
0.4124999999999999,0.36120453,0.3546120355287194
0.45000000000000007,0.36834186,0.35764478273808953
0.4331249999999999,0.3637775,0.3642878875244222
0.44125000000000003,0.36832896,0.3579650710632279
0.40375,0.35845435,0.36260750755937765
0.53375,0.3831946,0.35404601175449785
0.9099999999999999,0.88773507,0.3723815839659795
1.11625,0.8392585,0.8259348196018487
1.14125,0.99728525,0.776002183672078
1.18,0.9349229,0.8501569792634622
1.08625,0.9076638,0.8305748391097039
1.00375,0.9293215,0.7923602607801183
0.9175,0.83639663,0.8248617764686793
0.860625,0.8486991,0.7725579504349083
0.8406250000000001,0.8540619,0.802893346263431
0.84125,0.8933162,0.8327595971887558
0.860625,0.8356932,0.8872612380218506
0.8993750000000001,0.94976276,0.8477064521416278
0.9025,0.82622385,0.930409412726164
0.47874999999999995,0.43449143,0.830301395506151
0.816875,0.350682,0.4151769282140955
0.5175,0.35279784,0.34628468857955186
0.48937499999999995,0.35821828,0.34711817578010257
0.4575000000000001,0.36188844,0.3516143720257282
0.4124999999999999,0.3619245,0.3560072108750045
0.443125,0.3655769,0.35686322340976445
0.446875,0.36696604,0.3603926243375614
0.45499999999999996,0.37021816,0.36109813574552535
0.394375,0.35458857,0.36398820589330044
0.43375,0.36036924,0.3495073064157739
0.35625,0.3656216,0.35534181648924945
0.363125,0.36867765,0.3590295924438536
0.34375,0.38399,0.3627719125982187
0.306875,0.4132736,0.37743042333928867
0.324375,0.37544873,0.4033834207112714
0.35124999999999995,0.36742103,0.3738371341848187
0.3875,0.35870555,0.36236904799258335
0.299375,0.36953387,0.35508172861482945
0.33625,0.38165125,0.36491807361677286
0.864375,0.7272318,0.37076870525134725
0.8618750000000001,0.8485612,0.7326273602509871
0.8687499999999999,0.79896975,0.7964793570169806
0.871875,0.7386951,0.7521961446756125
0.45749999999999996,0.38265598,0.6177508966986089
0.4512500000000001,0.36810282,0.36415031853087243
0.4175,0.40095997,0.3613361218816228
0.4525,0.38381547,0.3789300773651525
0.44062499999999993,0.36709046,0.37118686914371324
0.416875,0.3669577,0.3618646698785759
0.44250000000000006,0.37059525,0.3627474437064118
0.44625,0.36998236,0.3651884025446884
0.42562500000000003,0.36498797,0.36450778362441805
0.431875,0.3578407,0.3595156811825186
0.45374999999999993,0.36157024,0.3535800064443424
0.359375,0.36011323,0.35754217286389317
0.3175,0.3603211,0.35480464707013215
0.863125,0.6586611,0.3561010498226061
0.88,0.66411674,0.6594990122452378
0.80125,0.63014907,0.5597647561017051
0.356875,0.36387825,0.4927806913496181
0.3725,0.3520293,0.3579417982068657
0.404375,0.3651982,0.34803802670672535
0.378125,0.36174512,0.36016587595116345
0.35625,0.36920375,0.35641844772875303
0.37687499999999996,0.359675,0.3641264227393828
0.43375,0.3728563,0.35599260927561666
0.3925,0.36218637,0.36798652746764937
0.5,0.35942587,0.35739182124152774
0.48187499999999994,0.34874323,0.3550132057508081
0.45125,0.35752755,0.3453723627092689
0.5131249999999999,0.36362365,0.354061958893761
0.4475,0.36684412,0.35881729615241287
0.48187499999999994,0.35930717,0.36243996292749414
0.4925,0.3632961,0.35575893385060126
0.43500000000000005,0.35917765,0.3587910332074388
0.49375,0.38024473,0.35497996593240644
0.459375,0.3565839,0.3684458050784282
0.594375,0.43097433,0.35237799082238225
1.158125,1.01067,0.40004700508596375
1.223125,0.97851706,0.9172406139663235
1.0375,1.0612957,0.8137423844433948
1.033125,0.98509717,0.8968989414703474
1.055625,0.90320927,0.8942002868285404
0.995625,0.9583137,0.8643162947107852
1.0125,0.898054,0.8801952101187781
0.9612499999999998,0.8987926,0.857018784114346
0.861875,0.8996131,0.8508259617555515
0.860625,0.948973,0.8421738911831379
0.8356250000000001,0.99756724,0.9063033183375001
0.88625,0.9183326,1.0264246464890987
0.8856250000000001,0.8184718,1.0283354127816857
0.696875,0.70261055,0.8955934189476074
0.456875,0.3469071,0.6839048630172386
0.41374999999999995,0.35131127,0.34444727912757545
0.46312500000000006,0.3586572,0.348442735200338
0.44,0.3598231,0.3524938567560911
0.39499999999999996,0.35578722,0.353519058471471
0.46249999999999997,0.36420858,0.3528954256566614
0.410625,0.36176336,0.36061344238154586
0.468125,0.3619011,0.3568561468667164
0.45062499999999994,0.35472715,0.3558806802919134
0.498125,0.36487395,0.35143411951724435
0.916875,0.8839288,0.361949787734393
0.8443750000000001,0.87637246,0.8151603342979401
0.84625,0.85112274,0.802022183946371
0.8968750000000001,0.8585801,0.8276056811181456
0.8512500000000001,0.8939036,0.8453570896844939
0.9912499999999999,0.8012506,0.8695647474163398
1.003125,0.7891849,0.7970595837121084
0.8812499999999999,0.8609672,0.6807944233387708
0.9150000000000001,0.8847747,0.6819562222689017
0.8375,0.91820437,0.8053674452504888
0.838125,0.94171524,0.8813125065634028
0.8818750000000001,0.883921,0.9509807240275294
0.89,0.99768585,0.9205764066565038
0.4358333333333333,0.47959796,1.029687730191201
0.47437499999999994,0.3518783,0.5080814731245115
0.405625,0.35542464,0.3495766764715686
0.46312500000000006,0.3598651,0.3522952650374546
0.46249999999999997,0.35979337,0.35556407974272963
0.416875,0.3605525,0.35476158979412165
0.49000000000000005,0.36968502,0.35778377202372996
0.43,0.36702722,0.3664549542458541
0.42874999999999996,0.37347504,0.36217957604421297
0.480625,0.36057624,0.3688488191884942
0.50625,0.37089995,0.3571599398696795
0.9025,0.8560238,0.36618153555970634
0.903125,0.78578186,0.7814078652038052
1.195625,0.8659716,0.6958749352525919
1.12,0.90440184,0.716060026774928
0.8443750000000001,0.8178683,0.5944958562810905
0.9606250000000001,0.8324719,0.5981829096309468
0.961875,0.83621603,0.6703057905061542
0.883125,0.8653741,0.712357150872834
0.9275,0.859944,0.7112314821800961
0.834375,0.91703016,0.8323035090058296
0.8574999999999999,0.8916222,0.8861870985228569
0.94375,0.8526817,0.9201152851577477
0.883125,0.855381,0.8703667888516561
0.46499999999999997,0.48721853,0.8181927326636389
0.466875,0.36102057,0.4430518797935545
0.42937500000000006,0.3648097,0.358520629527308
0.4956249999999999,0.3708182,0.3618385813554376
0.3875,0.37512404,0.3668138396314904
0.42187500000000006,0.36946943,0.36804490894779557
0.486875,0.3727757,0.3673237244920246
0.42124999999999996,0.38510802,0.37018150168279185
0.42812500000000003,0.37216935,0.3734416949659027
0.460625,0.36550626,0.36745217371530825
0.528125,0.3985818,0.362585879251752
1.243125,0.858605,0.3878229995752498
1.46875,0.9636204,0.8109499406887963
1.12625,1.1185179,0.7561360349350049
1.235625,0.9280889,0.8543910942422599
1.103125,0.9218606,0.8043608319193124
1.150625,0.9227325,0.8216386602843553
1.1025,0.8951304,0.7986426362928375
0.9762499999999998,0.8858716,0.7481094410653785
0.874375,0.9323206,0.7201037727787718
0.8424999999999999,0.91921544,0.8441960881113262
0.88,0.8690168,0.8867187362780422
0.9643749999999999,0.90704983,0.8757769555163012
0.894375,1.0120234,0.8866755793324114
0.446875,0.4274262,0.926109067284614
0.431875,0.34885123,0.3981636728563904
0.42375,0.3536623,0.34719337650869037
0.5275,0.35909587,0.3499378293410688
0.47125,0.35973296,0.35439027062334116
0.460625,0.35961568,0.35461198569390917
0.47624999999999995,0.36778983,0.35764478273808953
0.431875,0.36273834,0.3642878626070171
0.43687500000000007,0.3674351,0.35796482188917694
0.4525,0.35611683,0.36260760722899804
0.565625,0.389168,0.35404601175449785
0.976875,0.90584856,0.3723815590485744
1.17875,0.8736802,0.8259347697670385
1.08875,1.0291218,0.7760022833416983
1.09125,0.9196792,0.8501571287678927
1.15125,0.8786209,0.8305748391097039
1.181875,0.95487106,0.7923603106149286
1.146875,0.89947766,0.8248618263034895
0.933125,0.9205071,0.772558149774149
0.8568749999999999,0.87369,0.8028934459330513
0.8562500000000001,0.89417297,0.8327595473539456
0.8962499999999999,0.83865774,0.8872611383522302
0.865625,0.972193,0.8477063524720073
0.865625,0.8003762,0.9304092632217333
0.45374999999999993,0.42890978,0.8303010964972898
0.47062500000000007,0.34773842,0.4151769531315006
0.42625,0.34926197,0.34628463874474164
0.48125,0.35520068,0.34711817578010257
0.42562500000000003,0.36025164,0.3516142723561078
0.435625,0.35944054,0.3560071112053841
0.456875,0.36318415,0.35686307390533384
0.4656249999999999,0.36532593,0.3603926243375614
0.43,0.36812732,0.36109823541514574
0.4675,0.3517725,0.3639883304803259
0.40124999999999994,0.3577254,0.3495072067461535
0.37625000000000003,0.36307806,0.35534181648924945
0.37875,0.36728737,0.359029442939423
0.3475,0.3806569,0.3627718378460034
0.339375,0.40491706,0.37743047317409884
0.3175,0.3739994,0.40338337087646126
0.41125,0.36566278,0.3738371341848187
0.44625,0.35679474,0.3623691725796088
0.7206250000000001,0.36703196,0.35508162894520906
0.39562499999999995,0.4235146,0.36491807361677286
0.9143750000000002,0.75818115,0.37076865541653703
0.895,0.8443566,0.7326272605813667
0.8581250000000001,0.8156513,0.7964792573473602
0.91375,0.7256513,0.7521961945104226
0.438125,0.38415456,0.6177509963682294
0.46375,0.36820397,0.3641502437786571
0.4599999999999999,0.3991964,0.3613361218816228
0.424375,0.3837619,0.3789301022825576
0.444375,0.36629534,0.37118684422630815
0.5,0.36578673,0.3618645951263606
0.396875,0.3686372,0.3627474686238169
0.48250000000000004,0.36928415,0.365188302875068
0.43,0.36426222,0.36450780854182313
0.471875,0.3570807,0.3595156811825186
0.39312499999999995,0.3606833,0.3535799566095322
0.39937500000000004,0.359089,0.35754227253351356
0.341875,0.35991645,0.354804597235322
0.879375,0.67257565,0.3561010498226061
0.898125,0.66100955,0.6594990122452378
0.8318749999999999,0.6407082,0.5597648308539204
0.38,0.36343864,0.4927807910192385
0.3475,0.3513651,0.35794184804167595
0.35250000000000004,0.3648668,0.34803802670672535
0.32499999999999996,0.36086655,0.36016587595116345
0.40375,0.3685256,0.35641834805913264
0.29374999999999996,0.35927457,0.3641263978219777
0.3725,0.3694662,0.35599260927561666
0.36625,0.36109418,0.3679864028806239
0.420625,0.3587765,0.35739182124152774
0.47500000000000003,0.34787604,0.3550132057508081
0.43624999999999997,0.3567961,0.3453724623788893
0.46625,0.36276728,0.354061958893761
0.4325,0.36647606,0.35881724631760264
0.450625,0.35859862,0.36243996292749414
0.42625,0.36208445,0.3557588840157911
0.479375,0.35902917,0.35879113287705927
0.45499999999999996,0.3788186,0.35497996593240644
0.43875000000000003,0.35615012,0.3684457801610231
0.549375,0.42115617,0.35237799082238225
1.053125,0.99237454,0.40004700508596375
0.956875,0.9111018,0.9172406139663235
0.9325,0.95993257,0.8137423844433948
1.201875,0.9247772,0.8968989414703474
1.0787499999999999,0.9806582,0.8942002868285404
1.1712500000000001,0.9670203,0.8643161950411649
1.07375,0.9525833,0.8801952101187781
0.96875,0.9239356,0.8570188339491561
0.831875,0.884835,0.8508259617555515
0.89125,0.9261107,0.8421738413483277
0.88625,1.0166821,0.9063031688330696
0.826875,0.95338535,1.0264245468194784
0.906875,0.76816314,1.028335512451306
0.723125,0.6978386,0.8955935186172277
0.438125,0.34720898,0.6839050125216692
0.45374999999999993,0.3514514,0.344447428632006
0.41562499999999997,0.35764986,0.348442735200338
0.453125,0.35928926,0.3524938567560911
0.44062499999999993,0.3560394,0.35351900863666086
0.44875000000000004,0.36401066,0.35289527615223076
0.42625,0.36184728,0.3606134922163561
0.4375,0.36162806,0.3568561468667164
0.459375,0.354608,0.3558807301267236
0.551875,0.36538708,0.35143411951724435
1.040625,0.8986113,0.3619499123214185
1.245,0.9383207,0.8151604339675604
1.1400000000000001,0.99010235,0.8020222836159915
2.08375,0.96751225,0.8276056811181456
2.4518750000000002,1.3574226,0.8453570896844939
2.3725,1.7424731,0.8695647474163398
2.151875,1.6770808,0.7970596833817288
2.211875,1.3935206,0.6807944233387708
1.226875,1.464478,0.6819561724340916
0.865,1.0456772,0.8053673455808684
0.863125,0.9365925,0.8813124068937823
0.8406250000000001,0.9291716,0.950980624357909
0.9256249999999999,1.0026021,0.9205763069868833
0.4925,0.56609964,1.029687730191201
0.47,0.35246015,0.5080814731245115
0.3975,0.35641265,0.3495766266367584
0.460625,0.35942578,0.352295364707075
0.44437499999999996,0.35934398,0.3555640299079194
0.4175,0.36044174,0.35476163962893187
0.471875,0.36899963,0.35778387169335035
0.42187500000000006,0.36747712,0.36645492932844903
0.445,0.3787041,0.3621794763745926
0.41374999999999995,0.36042377,0.368848769353684
0.566875,0.37067264,0.35715998970448964
0.9287500000000002,0.8800725,0.36618158539451656
1.459375,0.8084323,0.7814078153689951
1.374375,1.1552428,0.6958749352525919
1.3375,1.0011158,0.7160598772704974
1.304375,0.87917066,0.594495731694065
1.218125,1.0262755,0.5981828099613263
1.210625,0.94401276,0.6703057905061542
1.22,0.93371534,0.7123571010380237
1.11,0.9323317,0.7112313825104758
0.8968750000000001,0.9654564,0.8323035090058296
0.878125,0.91034406,0.8861871981924773
3.2649999999999997,0.8736729,0.9201152851577477
4.773125,2.960824,0.8703667390168459
0.9256249999999999,3.445853,0.8181927326636389
0.44375,0.37555504,0.4430519047109596
0.4325,0.38942316,0.35852067936211823
0.46625,0.38365385,0.3618385315206274
0.43375,0.38501927,0.36681381471408525
0.466875,0.3824464,0.3680448840303905
0.445625,0.37850574,0.3673236746572144
0.42000000000000004,0.39760512,0.37018150168279185
0.453125,0.3833409,0.3734416949659027
0.4675,0.38021123,0.36745214879790317
0.56125,0.4636091,0.36258592908656223
1.194375,0.90671694,0.38782302449265493
1.3131249999999999,0.9498609,0.8109499905236065
1.165625,1.0955501,0.7561360349350049
1.13375,0.9703545,0.8543910942422599
1.318125,0.9254237,0.8043608319193124
1.38,1.0055864,0.8216386602843553
1.161875,1.052004,0.7986426362928375
1.061875,0.94539875,0.7481094410653785
0.8587500000000001,0.95915866,0.7201037727787718
0.8987499999999999,0.910299,0.8441960881113262
1.5081250000000002,0.9132741,0.8867186366084219
4.48,1.2537167,0.8757769056814909
4.55375,3.7073104,0.8866754796627909
2.850625,3.4130096,0.926109067284614
0.4475,1.3592613,0.39816372269120065
0.444375,0.43833646,0.34719337650869037
0.45875,0.3614871,0.3499378293410688
0.43375,0.37705868,0.35439027062334116
0.443125,0.3654697,0.354611935859099
0.458125,0.38049495,0.35764468306846914
0.4781250000000001,0.36760697,0.36428783768961204
0.426875,0.3882835,0.3579648717239871
0.41125,0.37219608,0.36260765706380826
0.5587500000000001,0.4183562,0.35404601175449785
1.103125,0.93161005,0.3723815839659795
1.221875,0.99213284,0.8259348196018487
1.3074999999999999,1.1083454,0.7760022335068881
1.405625,1.0106413,0.850156929428652
1.519375,1.0358227,0.8305748391097039
1.386875,1.1605914,0.7923603106149286
1.166875,1.0262933,0.8248618263034895
2.1,0.9605506,0.772558149774149
2.090625,1.2934371,0.8028934459330513
2.115625,1.6697888,0.8327595473539456
2.19875,2.2961233,0.8872611383522302
4.229375,2.361432,0.8477064023068175
4.68125,3.494394,0.9304093628913537
3.5806250000000004,3.51759,0.8303011463321
1.736875,2.42673,0.4151769531315006
1.0175,0.5182261,0.34628458890993147
0.511875,0.37354052,0.34711817578010257
0.46937500000000004,0.38271102,0.3516142225212976
0.47437499999999994,0.3847084,0.3560072108750045
0.508125,0.3691673,0.35686317357495423
0.47062500000000007,0.39395076,0.3603926243375614
0.515,0.3918547,0.36109823541514574
0.439375,0.36496463,0.3639883304803259
0.49687499999999996,0.3699163,0.3495072565809637
0.405625,0.3970527,0.35534181648924945
1.411875,0.4023469,0.3590294927742332
1.8150000000000002,0.92322713,0.3627718378460034
1.91625,1.2110184,0.37743047317409884
1.7324999999999997,1.5334065,0.40338349546348673
1.695,1.0809954,0.3738371092674136
1.609375,0.93096596,0.36236907290998843
1.5987500000000001,0.7102862,0.3550816787800192
1.604375,0.7170251,0.36491799886455756
2.14,1.1662802,0.3707685806643217
2.104375,1.6760846,0.7326272605813667
2.140625,1.647845,0.7964792573473602
2.159375,1.8111949,0.7521961446756125
1.7099999999999997,1.0336514,0.6177509963682294
1.743125,0.801514,0.36415029361346735
0.7875,0.9053118,0.36133607204681256
0.5125,0.8009741,0.3789300026129372
0.45125,0.45165372,0.37118684422630815
0.505625,0.4293945,0.3618645702089555
0.485625,0.39111573,0.3627475184586271
0.491875,0.47429374,0.3651883277924731
0.48625,0.40256187,0.36450778362441805
0.49375,0.3863071,0.35951563134770836
0.460625,0.38198707,0.3535800064443424
0.41812499999999997,0.3925283,0.3575422226987034
1.4100000000000001,0.3729092,0.3548046969049424
2.1887499999999998,1.2340987,0.3561010498226061
2.179375,1.6383532,0.6594990122452378
2.16875,1.5910246,0.5597647810191102
1.608125,0.9361346,0.4927807411844283
1.6212499999999999,0.44572544,0.35794174837205556
1.5787499999999999,0.5260252,0.34803802670672535
1.6325,0.4598685,0.36016597562078384
1.61625,0.7497491,0.35641834805913264
1.59,0.7784153,0.3641264227393828
1.650625,1.0037011,0.35599270894523705
1.64375,0.96171737,0.3679864028806239
1.7231249999999998,0.5394973,0.3573917714067176
1.72625,0.41693032,0.3550132057508081
0.831875,0.437653,0.3453724125440791
0.49375,0.52043813,0.3540620087285712
0.4856250000000001,0.42164394,0.35881734598722304
0.49124999999999996,0.38934794,0.362439913092684
0.49625,0.37911153,0.35575893385060126
0.46249999999999997,0.40326723,0.35879113287705927
0.47500000000000003,0.419777,0.35497996593240644
0.475625,0.39785084,0.3684458050784282
0.6025,0.5172784,0.3523780406571924
1.03875,1.1548306,0.40004700508596375
2.229375,1.0091398,0.9172406139663235
2.43,1.6584374,0.8137423346085846
2.4625,2.0146282,0.8968988916355372
2.466875,1.8973114,0.8942002369937301
2.4125,1.9328932,0.864316244875975
2.36875,1.7168019,0.8801950606143475
2.231875,1.7706825,0.8570186844447256
2.196875,1.6036279,0.8508260115903616
2.228125,1.7997584,0.8421738911831379
1.4325,2.5025327,0.9063032186678798
2.30625,1.7829305,1.0264246464890987
2.84125,2.19565,1.028335512451306
1.923125,2.4608467,0.8955936182868481
0.41624999999999995,0.9792008,0.6839050623564794
0.45562500000000006,0.7224486,0.3444473289623856
0.47624999999999995,0.62219816,0.348442735200338
0.4375,0.44770277,0.3524939065909013
0.48125,0.4034857,0.353519058471471
0.41999999999999993,0.4859837,0.3528951764826104
0.4781250000000001,0.509019,0.3606134922163561
0.45187499999999997,0.42645517,0.35685609703190624
0.45374999999999993,0.43855426,0.3558807301267236
0.575,0.6182164,0.35143411951724435
0.9099999999999999,1.1590184,0.36194986248660826
1.264375,1.0508775,0.8151604339675604
1.251875,1.1223004,0.8020222836159915
1.1912500000000001,1.1830468,0.8276056811181456
1.615625,1.1911849,0.8453570896844939
2.5675,1.2387292,0.8695647474163398
2.550625,1.9934247,0.7970595837121084
1.370625,2.11576,0.6807943735039607
0.8525,1.2413466,0.6819562222689017
0.928125,1.0098362,0.8053673455808684
1.0262499999999999,1.0478505,0.8813124567285926
1.175,1.1253574,0.9509807240275294
1.86125,1.5117563,0.9205764066565038
0.8812499999999999,1.1555237,1.029687730191201
0.55375,0.38646194,0.5080814482071064
0.5275,0.40191367,0.3495766764715686
0.578125,0.4107894,0.3522952650374546
0.56375,0.39129746,0.3555641295775398
0.51625,0.38800725,0.35476168946374204
0.573125,0.40642333,0.35778387169335035
0.564375,0.43771657,0.36645497916325925
0.55125,0.42123565,0.36217957604421297
0.56375,0.39279866,0.3688488441058993
0.621875,0.43816525,0.35715989003486925
1.088125,1.0428302,0.36618161031192165
0.9575,0.9833595,0.7814079150386154
1.0518750000000001,0.97887266,0.6958750847570225
1.11625,0.91105616,0.7160602759489789
1.2875,0.876745,0.5944960805377364
1.281875,1.0806059,0.5981830591353774
1.3,1.0605448,0.670305989845395
1.314375,1.0855266,0.7123571010380237
1.275,1.0845793,0.7112315320149064
1.049375,1.1037297,0.8323036086754501
1.198125,1.085386,0.8861871981924773
1.345,1.1584964,0.9201152851577477
1.5,1.2487924,0.8703667888516561
0.550625,0.90221536,0.8181927326636389
0.9387500000000001,0.39463076,0.4430519047109596
0.4575000000000001,0.41349167,0.358520629527308
0.4875,0.42522055,0.3618385315206274
0.45374999999999993,0.41527304,0.36681391438370564
0.48937499999999995,0.39789775,0.3680449338652007
0.456875,0.40655246,0.3673237743268348
0.45875,0.44100538,0.3701814767653867
0.47875,0.4081429,0.3734416202136874
0.4925,0.40270263,0.36745214879790317
0.535625,0.44508177,0.3625859540039673
1.045,0.97418064,0.38782302449265493
1.018125,0.9628412,0.8109500403584167
1.126875,1.0248777,0.7561360349350049
1.226875,0.99737704,0.8543910942422599
1.1256249999999999,1.0347781,0.8043608817541227
1.174375,0.99492925,0.8216386602843553
1.201875,0.98016906,0.7986426861276478
1.118125,1.0043981,0.7481094410653785
0.8568749999999999,1.0570704,0.7201037229439616
0.894375,0.97758484,0.8441960881113262
1.07625,0.93775177,0.8867187861128525
1.065,1.0462731,0.8757770551859215
1.0025,1.1873635,0.8866755793324114
0.49625,0.4644531,0.9261091669542343
0.484375,0.3778237,0.39816369777379557
0.431875,0.38800332,0.34719337650869037
0.4775,0.39068475,0.34993787917587904
0.471875,0.38421196,0.354390220788531
0.4475,0.38265735,0.35461198569390917
0.44625,0.3914286,0.3576447329032793
0.4881249999999999,0.39398223,0.3642878626070171
0.46874999999999994,0.39023274,0.3579648717239871
0.43437499999999996,0.3839022,0.36260765706380826
0.584375,0.42344156,0.35404606158930807
0.905625,0.97749496,0.3723815839659795
0.9175,0.8642415,0.8259348196018487
0.955625,0.95168453,0.7760022833416983
0.9612499999999998,0.9200925,0.8501571287678927
0.9099999999999999,0.88153505,0.8305748391097039
0.94375,0.9170795,0.7923603106149286
0.9325,0.86864275,0.8248618761382996
0.94,0.92358494,0.7725581996089592
0.91375,0.93445015,0.8028934957678616
1.28,0.96082264,0.8327594975191355
3.143125,1.0912011,0.8872610386826099
2.985,3.1156173,0.8477063026371972
1.715625,2.963209,0.9304092632217333
1.02,1.1668903,0.8303010964972898
0.631875,0.38353112,0.4151769531315006
0.4475,0.38212803,0.34628458890993147
0.505,0.38125786,0.34711817578010257
0.47437499999999994,0.38047558,0.3516141726864874
0.5293749999999999,0.37791294,0.3560071610401943
0.531875,0.38282546,0.35686317357495423
0.47,0.3948367,0.3603926243375614
0.54625,0.38937032,0.36109823541514574
0.4525,0.37584847,0.36398828064551575
0.5375,0.38531235,0.3495073064157739
0.46312500000000006,0.38715822,0.35534176665443923
0.439375,0.3851564,0.3590295426090434
0.36624999999999996,0.41851363,0.3627718378460034
0.42749999999999994,0.49087432,0.37743042333928867
0.38625,0.4170466,0.40338337087646126
0.4325,0.38281676,0.37383715910222376
0.39625,0.37545738,0.36236914766220374
0.383125,0.40523252,0.3550816787800192
0.415,0.40807632,0.36491812345158303
0.8925000000000001,0.7536222,0.37076865541653703
0.950625,0.90476894,0.7326273602509871
0.9112500000000001,0.8861946,0.79647920751255
1.01375,0.81128085,0.7521961446756125
0.54375,0.4088614,0.6177508966986089
0.47500000000000003,0.39388838,0.36415021886125204
0.490625,0.43387964,0.361336171716433
0.51875,0.40610686,0.37893002753034233
0.48250000000000004,0.3801951,0.37118686914371324
0.494375,0.37858626,0.3618645702089555
0.5025,0.3824865,0.3627474686238169
0.49750000000000005,0.38890177,0.3651884274620935
0.52,0.37611964,0.36450775870701296
0.491875,0.37114483,0.35951573101732875
0.4856250000000001,0.37748805,0.3535799566095322
0.41999999999999993,0.3740992,0.35754217286389317
0.4375,0.37190434,0.35480454740051176
0.890625,0.7075222,0.3561010498226061
0.915625,0.67865044,0.6594990122452378
0.93625,0.651129,0.5597648059365153
0.389375,0.3750566,0.4927807910192385
0.42625,0.36417374,0.35794169853724533
0.375,0.3819891,0.34803802670672535
0.398125,0.37418544,0.36016587595116345
0.405,0.37935978,0.35641839789394286
0.3675,0.36971757,0.3641263978219777
0.40874999999999995,0.38506532,0.35599270894523705
0.44062499999999993,0.37374786,0.3679863281284086
0.49499999999999994,0.36907163,0.3573917714067176
0.498125,0.36067623,0.3550132555856183
0.491875,0.371933,0.3453723627092689
0.52,0.37478426,0.354061958893761
0.50375,0.3765304,0.35881724631760264
0.48312499999999997,0.3684093,0.3624398881752789
0.49499999999999994,0.37238243,0.3557588840157911
0.505,0.37028915,0.35879113287705927
0.47875,0.38836557,0.35497991609759627
0.51625,0.36695918,0.3684457801610231
0.593125,0.43616557,0.3523780406571924
1.025625,1.0311458,0.40004700508596375
1.0943749999999999,0.90867245,0.9172406139663235
1.083125,1.0137007,0.8137423346085846
0.9425,1.0138462,0.8968989414703474
0.929375,0.9053578,0.8942002369937301
0.84625,0.92883575,0.8643162947107852
0.87625,0.87131095,0.8801951104491577
0.8512499999999998,0.8746657,0.8570186844447256
0.8556250000000001,0.8834501,0.8508259119207413
1.8575,0.9499039,0.8421738911831379
4.375,1.9863802,0.9063033183375001
4.495,3.6784039,1.026424746158719
3.9075,3.6517997,1.0283357117905467
0.7018749999999999,3.1975985,0.8955937677912787
0.44875000000000004,0.3895955,0.6839051121912896
0.59625,0.39107457,0.3444475283016264
0.40874999999999995,0.37268186,0.348442735200338
0.4675,0.36905903,0.3524937570864707
0.431875,0.36518878,0.35351900863666086
0.424375,0.37278658,0.35289527615223076
0.44375,0.37197158,0.3606133925467357
0.4225,0.3684325,0.3568561468667164
0.418125,0.36627677,0.3558807301267236
0.565,0.3977305,0.35143416935205457
1.2325,0.9632604,0.3619498874040134
4.406875,1.077646,0.8151604339675604
5.415625,3.1072352,0.8020222836159915
3.055,3.2948775,0.8276056811181456
2.9125,2.176361,0.8453570896844939
2.82125,2.1125896,0.8695647474163398
1.43875,2.0847132,0.7970595338772982
0.944375,1.0698084,0.6807943735039607
0.9099999999999999,0.86837244,0.6819562721037119
0.8693749999999999,0.944257,0.8053673455808684
1.0175,0.9803422,0.8813124068937823
1.591875,1.0451093,0.9509807240275294
2.521875,1.9304875,0.9205763568216936
0.41562499999999997,1.6639059,1.029687730191201
0.46,0.36019528,0.5080814731245115
0.41624999999999995,0.36518148,0.3495766764715686
0.41999999999999993,0.36422488,0.3522952650374546
0.44187499999999996,0.36430156,0.35556407974272963
0.46124999999999994,0.36433595,0.35476163962893187
0.41125,0.37438837,0.35778382185854013
0.4375,0.3824833,0.36645482965882864
0.42374999999999996,0.38954353,0.3638041161044314
0.42812500000000003,0.36709434,0.3665871909147128
0.573125,0.3918496,0.35852227407604453
0.920625,0.5515448,0.36930002356002106
0.8925,0.68788195,0.4515016957887821
0.89125,0.6284567,0.43590050977801903
0.918125,0.47798115,0.4568889135233313
0.90625,0.6127676,0.4043250494499504
0.81,0.726268,0.481680834569931
0.878125,0.8916177,0.5435012405460141
0.865,0.95474464,0.8136053885501623
0.8275,0.976455,0.8746487950830535
0.8806249999999999,0.9128052,0.9558003481913359
0.8925000000000001,1.1011703,0.9179823054464907
0.82125,1.206215,1.1376751790863275
0.9325,0.9274876,1.3249588809408992
0.45625000000000004,0.604473,1.0529902881002426
0.3875,0.5538252,0.6551162898624315
0.450625,0.5345628,0.6020444595687091
0.43875,0.6287538,0.5933777126446925
0.42874999999999996,0.770271,0.7500937635378166
0.43437499999999996,0.6787835,0.8767378703265265
0.456875,0.6579345,0.8371894134671987
0.4131249999999999,0.64712274,0.7327273787150531
0.42124999999999996,0.8250811,0.7585939874435589
0.4475,0.81430656,0.9151181992348284
0.5475,0.68625504,0.9605032592296601
1.0,0.9999175,0.8818287453622371
0.9237500000000001,1.0411681,1.101040015396327
0.9125000000000001,1.0907636,1.1230155719794332
0.8675,0.9814804,1.2032074561477453
0.954375,0.9538047,1.0800303571044654
0.9531250000000001,1.1046177,1.041049169889614
0.8843749999999999,1.0418892,1.1370896200665086
0.868125,0.8801797,1.1306938205257804
1.00625,1.0265607,0.9820485918963329
0.9368749999999999,1.1116354,1.1017281344555319
1.0525,1.0448121,1.149406891424507
0.9418750000000001,1.0475671,1.196448560179919
0.9500000000000001,1.0798953,1.1471624312428386
0.586875,0.5964422,1.238289368473515
0.519375,0.37852854,0.7532462139612809
0.464375,0.3774711,0.39132658607136456
0.44062499999999993,0.37951288,0.3597106349600106
0.43687500000000007,0.38711214,0.38489622608976437
0.410625,0.37964386,0.38115061683792617
0.42124999999999996,0.38957065,0.3841575745330192
0.44875000000000004,0.38368815,0.38182894335692746
0.416875,0.41151893,0.3822946994930319
0.46,0.39121538,0.4024123645171709
0.5275000000000001,0.4185393,0.39051863921103996
0.9106249999999999,0.9597644,0.40456530306991184
0.9325,0.89549327,0.9121040404096619
0.894375,0.97342485,0.8815209157396481
0.9106249999999999,0.876416,0.9602435201989115
0.9150000000000001,0.8446342,0.8959926954469085
0.93375,0.9582639,0.8529752374497429
0.828125,0.8825005,0.9097089794315771
0.889375,0.8625676,0.8570476384694502
0.826875,0.913639,0.8621849097134546
0.913125,0.95680135,0.8961996095788479
0.959375,0.8989326,0.9515600536960737
1.05125,1.0529338,0.9279953148505837
1.035,0.98473215,1.0188834436707945
0.46625,0.487349,0.9368632698207722
0.784375,0.37390652,0.43810305888431145
0.506875,0.37759012,0.3598443417557701
0.41562499999999997,0.37814233,0.35834107470616694
0.43624999999999997,0.38179988,0.3664410503338091
0.45374999999999993,0.37622437,0.36710584670184176
0.41,0.3839259,0.368712919661086
0.46375,0.38695514,0.3739175675684772
0.4175,0.3939603,0.37555307128693904
0.4175,0.3783177,0.37909450732139865
0.43687500000000007,0.3851312,0.3654977521289885
0.35,0.38615382,0.3685040619715489
0.369375,0.3886724,0.3763678455162607
0.315,0.4019394,0.3758307259319536
0.325,0.42811614,0.3961978889333456
0.34625,0.39852652,0.42074938193814826
0.329375,0.3910435,0.3946217135564237
0.339375,0.38266045,0.3793485651837848
0.31,0.392006,0.37310134812965984
0.315625,0.401341,0.37855950571652497
0.8468750000000002,0.7210351,0.39263146074157207
0.8543749999999999,0.88046217,0.73365330948852
0.8768750000000001,0.80740994,0.8005802137133107
0.9299999999999999,0.76279384,0.7635720364689826
0.41437499999999994,0.4082384,0.6356352147037535
0.44625,0.38870904,0.3821185085215792
0.43687500000000007,0.4128022,0.378287557157278
0.40874999999999995,0.40162438,0.39443336289128283
0.46124999999999994,0.385094,0.3899904400577582
0.410625,0.3809701,0.3763938094523735
0.45374999999999993,0.3853565,0.37791613831687715
0.41624999999999995,0.38723674,0.380586461869087
0.443125,0.3857255,0.3810655488169193
0.42937500000000006,0.37950122,0.3774108631762862
0.411875,0.3815782,0.3728390924409963
0.39,0.37771934,0.37237647589793427
0.32625,0.3770533,0.37361362506108353
0.86125,0.6705171,0.37034319072447713
0.83375,0.6680613,0.6715888375294953
0.8775,0.6179649,0.5737756634842605
0.32499999999999996,0.38333756,0.5099130768210999
0.328125,0.37165827,0.3752949518875219
0.333125,0.3808815,0.3664396300417184
0.3275,0.3776044,0.37352643906064326
0.365,0.3836039,0.37439097334794696
0.340625,0.37140882,0.37797427062297234
0.34875,0.3828025,0.3700567900702729
0.4325,0.37471947,0.38091724042177194
0.543125,0.37625614,0.3722522127987071
0.40375,0.36640579,0.3713629853629507
0.45562500000000006,0.37310922,0.3626349167049862
0.385625,0.3779448,0.3674328128915466
0.46187500000000004,0.38000083,0.375504332842566
0.445625,0.36963233,0.3752840380640886
0.42374999999999996,0.3732646,0.36865615781227123
0.44812499999999994,0.37082934,0.37117508321110154
0.41624999999999995,0.38903567,0.36846411937117574
0.4231250000000001,0.37041444,0.38102690192161126
0.548125,0.413804,0.36749572933942076
0.974375,1.0136269,0.40826175028149037
1.19625,0.88549244,0.9535422332716734
1.219375,1.0524604,0.8561591336384416
1.149375,1.0774914,0.940181520657763
1.21375,0.981735,0.9351609625392407
1.038125,1.0357894,0.9028678560269252
1.368125,0.9335679,0.9167289599700272
1.6325,1.0085711,0.894432018695958
1.074375,1.0949138,0.8811003597763927
1.065,1.0653458,0.8761990065238625
1.13375,1.1236751,0.94030954628516
1.143125,1.1356258,1.0709276303434372
2.598125,1.021378,1.078228828715831
1.9287499999999997,2.1375473,0.9549778246490286
0.963125,0.67286414,0.7282582427713647
0.4775,0.36818126,0.357688338362202
0.47875,0.3699968,0.35832064243398604
0.43125,0.3717686,0.3644687380506284
0.46937500000000004,0.3648075,0.3630529809277318
0.418125,0.3715217,0.3621328808270581
0.46312500000000006,0.3711353,0.36920718130862334
0.423125,0.3720316,0.36651151675542815
0.4775,0.36577412,0.36669299021676177
0.535625,0.37686795,0.36254498978998506
0.9937499999999999,0.9352334,0.36848462639557195
1.17375,0.9492945,0.8370542116271332
1.080625,0.9840963,0.8257512281610816
1.121875,0.96844065,0.84902009773843
1.1600000000000001,0.9849929,0.8606197976643966
1.243125,0.9553935,0.8874245965296775
1.108125,0.9266487,0.8097441874560714
1.035625,0.9399543,0.6846938975670933
0.93125,0.9394933,0.6838059907538071
0.9450000000000001,0.93912596,0.8035408499523252
1.063125,0.9868582,0.89049830795303
1.165,1.0129292,0.9622222611726076
2.35625,1.3277056,0.9354561839548499
2.9825,1.3895763,1.0509384892947973
0.75625,2.428949,0.51330057312686
0.535,0.3666722,0.3577318441515043
0.55375,0.36751756,0.35844697367783634
0.500625,0.3671669,0.3631263876031525
0.5599999999999999,0.36657852,0.3608047083830833
0.5075,0.3740907,0.3636424768975563
0.520625,0.38555974,0.371818849289231
0.535625,0.39513135,0.36830880918519565
0.5375,0.36733744,0.3732589756343141
0.62625,0.3892212,0.3641980353616364
1.038125,0.9519512,0.37153807996857907
1.21625,0.9020135,0.7776048213332146
1.15375,1.056797,0.687404064050056
1.255625,0.9190015,0.698394284247309
1.155625,0.8702277,0.5782003716946579
1.085,0.9730601,0.5847565147371963
1.028125,0.9150822,0.6541617539079114
1.12375,0.91899246,0.6931997029715776
0.9662499999999999,0.93498206,0.6890987466056272
0.9718749999999999,0.96287364,0.8340832595824077
0.9925,0.975667,0.8916125146394224
1.1556250000000001,0.9483076,0.9281010643178225
2.85375,1.0148747,0.8769769777458534
0.8025,1.8289646,0.8256215579849481
0.7562500000000001,0.36828175,0.4384560139275342
0.5625,0.3726572,0.363670932574179
0.5125,0.37930763,0.3657394509584456
0.558125,0.3911024,0.37152786383248865
0.4806249999999999,0.37541652,0.3707916790988482
0.56625,0.3762479,0.3710306120963394
0.5131249999999999,0.40294507,0.3735542219673283
0.5506249999999999,0.38299048,0.37501986373523244
0.516875,0.37465104,0.3718011579316109
0.6231249999999999,0.41418424,0.36680040915014217
1.079375,0.9147573,0.3887776850342005
1.2037499999999999,0.9198975,0.8138728519764915
1.1675,1.0407035,0.7516456693621725
1.2125,0.9616873,0.8543134017731623
1.15625,0.9542219,0.7989161795660108
1.1075,0.96354,0.8217894105852023
1.14625,0.9140737,0.7914165888142213
0.9406250000000002,0.9231385,0.7391466006165742
0.9412500000000001,0.9443943,0.7109040674770996
0.8812499999999999,0.95486796,0.8426601792610438
1.085,0.9151226,0.8867439526920021
0.9881249999999998,0.99938965,0.8758283352056146
1.001875,1.0683571,0.8870046385841445
0.9143749999999999,0.4356202,0.9268389977495746
0.4131249999999999,0.3569311,0.39911060900235545
0.45499999999999996,0.36114952,0.3503829040309414
0.468125,0.36434326,0.35242633058827366
0.416875,0.36523503,0.3572823839983344
0.431875,0.3650738,0.3570877790645137
0.44999999999999996,0.37237775,0.3599321506913378
0.43,0.3678512,0.36642233736257995
0.47687500000000005,0.3735948,0.3604303492888808
0.42937500000000006,0.36405787,0.36533676077464594
0.56375,0.39873415,0.35677815538875757
0.89125,0.919046,0.37332381072238086
1.144375,0.8415401,0.8277025599891692
1.463125,1.021845,0.7735593311110138
1.370625,1.0561373,0.8491390035955608
1.16625,1.0239717,0.8292116078767553
1.205,0.9709897,0.7875792585942148
1.20625,0.90930986,0.824130400794223
1.005,0.95671505,0.7738884900323674
0.92125,0.9030464,0.8046789275128021
1.0975000000000001,0.9317703,0.8329753320821002
2.12,0.975303,0.8875450971007348
2.438125,2.2874076,0.8474116294045002
3.000625,2.512801,0.9301398064029962
1.529375,2.269208,0.8306104211641848
0.45875,0.44657522,0.4126179854626767
0.7475,0.36589268,0.3481635605936125
0.466875,0.36558965,0.34862503093603997
0.39312499999999995,0.37079713,0.3532989381148293
0.45562499999999995,0.3682323,0.3574952284726873
0.451875,0.37111685,0.3581980986357107
0.389375,0.37600848,0.3616393667016737
0.45374999999999993,0.37953702,0.36255869436278937
0.44,0.36372343,0.3656075631332583
0.43687500000000007,0.3712998,0.35110929622437803
0.41125,0.37237185,0.35661220547080036
0.345625,0.3779275,0.360433688221164
0.304375,0.41972372,0.3640259308446198
0.35375,0.47811517,0.3778902242155745
0.31625000000000003,0.40609422,0.4023773804804124
0.346875,0.37508678,0.37419287997741246
0.350625,0.36623216,0.3637052438409999
0.294375,0.39604673,0.3563970685951784
0.345625,0.39928558,0.3654146525829844
0.906875,0.7472614,0.37124657124632965
0.9237500000000001,0.9166274,0.7311478145710378
0.935625,0.87613475,0.7959044128117337
1.091875,0.8408722,0.7501705589803308
0.7737499999999999,0.41992345,0.6144039908457547
0.53125,0.39823386,0.3650941898360103
0.485,0.45678464,0.3618160061864182
0.47,0.40342307,0.3792745355732366
0.446875,0.37351337,0.371597408310119
0.44375,0.3750683,0.3627153251712396
0.44250000000000006,0.3750756,0.3634756299530156
0.44125000000000003,0.3763675,0.3658817293415591
0.40249999999999997,0.37112966,0.3653142603578418
0.453125,0.36366582,0.36041754174266005
0.45187499999999997,0.36972365,0.3544766841842234
0.413125,0.36641136,0.3582558571807295
0.425,0.36655316,0.3555756414186954
0.8512499999999998,0.71095717,0.3568011292362585
0.8549999999999999,0.66681474,0.6589074730481952
0.850625,0.61590034,0.5587944972645678
0.36,0.37095186,0.4914847869452461
0.334375,0.35902628,0.3586678913914412
0.321875,0.37343773,0.3487560466520488
0.345,0.3682775,0.3604830745180696
0.344375,0.375186,0.35704302740495647
0.44125000000000003,0.36613,0.3647031360803917
0.55,0.38226396,0.356479046857953
0.44125000000000003,0.37037736,0.36827190650824454
0.43375,0.3668628,0.3579183260112628
0.41562499999999997,0.35683644,0.35560883140228683
0.426875,0.36736408,0.345957473215796
0.4656249999999999,0.37077844,0.3545380806703865
0.394375,0.37393686,0.359327156095542
0.439375,0.3660857,0.36291441523797807
0.465625,0.36870018,0.3561511338068544
0.40874999999999995,0.36625576,0.35916589064974336
0.438125,0.38503036,0.3554024654532596
0.456875,0.3639392,0.3687357938389666
0.5543750000000001,0.4166914,0.35266160072721536
0.9450000000000001,1.0144436,0.3997476224637031
0.95875,0.8627283,0.9169058735462279
0.930625,0.9697464,0.8136052390457317
0.9606249999999998,0.94374204,0.8965749653692544
0.9175,0.91284263,0.8939089525281266
0.9243750000000001,0.9250299,0.8639901757128537
0.8568749999999999,0.8970179,0.8799031781310216
0.9425,0.8782221,0.8566871832872928
0.96875,0.89471006,0.8505689138045535
1.04,0.991375,0.8419342355808989
1.0543749999999998,1.1551918,0.9060653072839976
1.520625,1.0846924,1.0260655368468166
2.8475,1.2936643,1.0279736120596528
2.648125,2.3582962,0.895133244310245
0.8175,1.5522914,0.6829975206279755
0.43624999999999997,0.37148333,0.3447337296165898
0.42749999999999994,0.3677104,0.3486816432804241
0.4475,0.36847764,0.3527569845539331
0.45374999999999993,0.36540496,0.35376927905347194
0.43500000000000005,0.371087,0.35309561208922413
0.4475,0.3706343,0.3608105390558764
0.423125,0.36833185,0.3570730777955055
0.4674999999999999,0.365137,0.35612546887960284
0.5549999999999999,0.38513213,0.351674672146067
0.8956249999999999,0.94804823,0.3621000895219482
1.28375,0.9017211,0.8151568956960364
1.235,1.0189445,0.8020559221128747
0.9850000000000002,1.028707,0.8275020745477453
1.08875,0.962023,0.8452636494153739
1.279375,0.9242926,0.8694189307617024
0.9456249999999999,0.95101166,0.7966416689937934
0.88,0.9204733,0.6802604433475062
0.91875,0.8919699,0.6813606962870433
0.905,0.93336135,0.8051901329958066
1.15875,0.98830104,0.8812074547835067
1.06875,1.0720712,0.9508815527552367
3.871875,1.254834,0.9204821690304206
4.9075,2.6001382,1.0295280594593288
1.4637499999999999,3.6457217,0.5079125580353476
0.491875,0.40715906,0.3497367458819225
0.4662499999999999,0.37145647,0.3524189052015543
0.4449999999999999,0.36895898,0.3557080026745796
0.43500000000000005,0.36859986,0.3548920074924081
0.425,0.37534872,0.35788543503653253
0.46375,0.39106154,0.3665533779959939
0.44625000000000004,0.40561378,0.36228983556177463
0.41374999999999995,0.3675136,0.36893986738672474
0.563125,0.39297938,0.3572765034907311
0.975,0.9628205,0.3662710139614157
0.9912500000000001,0.90648353,0.7813980975810065
0.9175,0.9695266,0.6957821428360045
1.10125,0.814363,0.715914359624721
1.13375,0.8556987,0.5943569168302603
1.088125,0.9808327,0.5980314118079468
1.234375,0.9460246,0.6701204050122201
1.203125,1.0076216,0.712134439106062
1.24,0.9915931,0.7109520583993196
1.098125,1.0488225,0.8322827278899774
1.146875,1.0903124,0.886206833107695
1.06125,1.0686978,0.9201380596660078
2.535625,0.95335305,0.8703888656725735
1.8618750000000002,1.4511573,0.818223829585202
0.970625,0.84970903,0.4430277846628241
0.44062499999999993,0.38923684,0.3585768930280208
0.4662500000000001,0.38801694,0.3618835821890458
0.4149999999999999,0.39647606,0.3668604850138351
0.43,0.37960243,0.36807760058328504
0.45187499999999997,0.37643307,0.3673514824813045
0.43375,0.40240598,0.3702189774600602
0.453125,0.38293177,0.373472069282718
0.44125000000000003,0.37817162,0.3674915432153642
0.55375,0.40925768,0.3626175991084426
0.9662499999999999,0.910161,0.38784891367655244
0.935,0.8814299,0.810975107267946
1.05,0.9579769,0.7560894393874704
1.0062499999999999,0.90916663,0.8543647814624757
1.098125,0.9092058,0.8043243030034378
0.8837499999999999,0.9441735,0.8216180785077437
1.114375,0.84840035,0.7985741134288161
1.078125,0.89472634,0.7480501376412436
0.8968750000000001,0.98742664,0.7200591706236451
0.959375,0.9543567,0.8441824333733321
1.0543749999999998,0.93218213,0.8866947657343374
1.455,0.9844496,0.8757527357985453
3.4375,1.4243228,0.886659831532389
3.128125,2.3484352,0.9260849472364784
3.061875,1.7808594,0.3981679337326623
1.6325,1.1809736,0.3472141077897325
0.4475,0.40361902,0.34995427482843394
0.4675,0.38547274,0.3544104038866609
0.4124999999999999,0.36959243,0.3546329661490023
0.44062499999999993,0.37608993,0.35765579623114313
0.43124999999999997,0.37505737,0.36430453235102817
0.45374999999999993,0.38492465,0.357978974975273
0.43437499999999996,0.371395,0.3626222586631961
0.53625,0.41561627,0.35406185922414063
1.0525,0.9451778,0.3723904794795997
1.089375,0.98219097,0.8259421453189477
1.075,1.0455542,0.7759720336119085
1.16125,0.9497796,0.8501365469912813
1.07875,0.94259197,0.8305702044723555
0.92,0.99103874,0.7923345460180565
0.875,0.8748688,0.8248424903971329
0.8837499999999999,0.8958017,0.7725589969659223
0.948125,0.9074983,0.8028902066703886
0.961875,0.99077135,0.8327556104039401
1.0631249999999999,0.93567467,0.8872471347705648
1.41875,1.1071825,0.8476920997162909
3.01875,1.2907982,0.9303936649261415
3.3968750000000005,2.2056985,0.8302870929156243
1.42875,2.576539,0.4151597102871723
0.69125,0.38081723,0.34629326016690576
0.693125,0.36953,0.34712420579213643
0.598125,0.3742013,0.3516237908048555
0.4987500000000001,0.3744405,0.3560166296541318
0.53,0.37312835,0.35686790788192296
0.535,0.3829334,0.3603999002198502
0.515625,0.3904682,0.3611037670790776
0.53,0.36570737,0.36399363788761196
0.53625,0.3752085,0.3495143331240117
0.49750000000000005,0.3927333,0.3553463514569774
0.453125,0.3961355,0.3590370676653832
0.95875,0.4351649,0.36277916356310247
1.9337499999999999,0.6366343,0.3774337622715719
2.643125,1.5584259,0.4033804555400647
2.801875,2.1724586,0.3738407970433682
2.8118749999999997,2.2184448,0.36237300985999404
2.696875,1.9120008,0.3550869612699002
3.3475,1.632796,0.36492168664051217
4.329375,2.3950691,0.3707735890627466
5.30875,3.4203794,0.7326188384984433
6.5125,3.969232,0.7964747223796322
5.82625,4.4681907,0.7521854800262302
1.10125,4.1460443,0.617741328415051
0.48624999999999996,0.8719409,0.36415350795872503
0.47624999999999995,0.79381025,0.36134055717973035
0.4468749999999999,0.85707474,0.37893326679300515
0.47062499999999996,0.7988232,0.3711908060937188
0.4731249999999999,0.6606954,0.3618687812504172
0.439375,0.46905032,0.3627493872640095
0.5231250000000001,0.5374078,0.3651912680462747
0.45749999999999996,0.49927482,0.3645097520994208
0.466875,0.41976258,0.35951767457492645
0.485625,0.40745854,0.35358289686333383
0.45562500000000006,0.4292498,0.3575438174126297
1.340625,0.47114578,0.35480808567203576
2.98875,1.2749754,0.35610433892007914
3.06,2.4850175,0.6595010554724559
3.01625,2.4153643,0.5597649056061357
2.36,1.5135177,0.4927823857331648
0.65375,1.0930527,0.35794299424231046
0.556875,0.56421655,0.3480401197687536
0.59375,0.5058946,0.3601678693435713
0.6481250000000001,0.5969879,0.3564209394692629
0.9243750000000001,0.43997863,0.3641288646450825
0.686875,0.7402058,0.3559939049806818
0.49124999999999996,0.48436213,0.3679882716860063
0.4475,0.4028874,0.3573927182681113
0.504375,0.37541896,0.35501410277739165
0.46312500000000006,0.4214354,0.3453742065972462
0.48875,0.43801075,0.3540632047640159
0.46187500000000004,0.43300948,0.3588193892144411
0.498125,0.39107475,0.3624417569806613
0.4987500000000001,0.40628773,0.3557599305468052
0.4675,0.39934245,0.35879272759098557
0.459375,0.4405155,0.35498056395012884
0.4806249999999999,0.3994684,0.3684472502879239
0.5856250000000001,0.5595498,0.35237993437997994
1.0531249999999999,1.1465695,0.40005061810970305
0.9975000000000002,1.0317596,0.9172423581846804
0.943125,1.0834609,0.813744228331372
0.9518749999999999,1.0656099,0.8968996889925004
1.060625,1.0161889,0.8942001373241097
1.094375,1.0675833,0.8643156468582527
0.969375,1.0283198,0.8801947117706761
0.8587500000000001,1.0159152,0.8570184352706746
1.233125,0.9762321,0.8508259119207413
4.8025,1.1994507,0.8421740905223788
4.92125,3.8921783,0.9063033183375001
4.913125,4.0631266,1.0264245468194784
5.03125,3.798545,1.028334715094343
4.953125,3.7647185,0.895592571755834
4.5275,3.3972685,0.6839056603742018
1.3687500000000001,2.5504398,0.344447677806057
0.468125,0.5862096,0.34844253586109725
0.43875,0.5828622,0.35249445477381347
0.48624999999999996,0.3990571,0.3535193574803322
0.48625,0.42806825,0.35289552532628177
0.43375,0.4313804,0.3606133925467357
0.4675,0.41883737,0.356855798023045
0.4781250000000001,0.40884966,0.3558802816134318
0.5662499999999999,0.43759066,0.35143426902167496
1.8300000000000003,1.078544,0.36194993723882357
3.6568750000000003,1.5330178,0.8151602346283197
2.774375,2.7535107,0.8020223832856118
2.556875,1.8920122,0.827605531613715
2.54,1.7299472,0.8453565415015817
2.3375,1.8505483,0.8695642490682379
2.26375,1.65148,0.7970602813994512
2.186875,1.5645586,0.6807950213564932
2.278125,1.5785601,0.681957567808777
2.3725,1.935766,0.8053676445897295
4.31125,2.7168252,0.8813125065634028
4.840624999999999,3.685852,0.9509805246882886
5.0575,3.9237537,0.9205758584735916
5.023125,3.5647686,1.0296871321734786
4.9775,3.6109443,0.5080818718029931
3.390625,3.072798,0.34957652696713803
1.16625,1.370031,0.35229506569821384
0.538125,0.6001858,0.355564428586401
0.49124999999999996,0.43625566,0.35476163962893187
0.499375,0.42171586,0.35778382185854013
0.51,0.48454654,0.36645482965882864
0.471875,0.45097384,0.362179326870162
0.5237499999999999,0.4298429,0.3688487444362789
0.629375,0.471532,0.3571598402000591
1.3325,1.1479049,0.3661813113030605
3.0231250000000003,1.1890782,0.7814076658645644
3.10875,2.572675,0.6958752840962633
2.784375,2.3183644,0.7160605251230299
2.63125,2.1185207,0.5944962798769772
2.60375,2.0183191,0.5981833581442385
2.491875,1.9785339,0.6703068868719786
2.244375,1.9456652,0.7123581475690379
2.40125,1.591212,0.711232977224402
2.96875,1.8855355,0.8323039575191215
4.694375,3.013633,0.8861874473665282
4.851875,3.9451604,0.9201154346621783
5.005,4.0192485,0.870367038025707
4.603125,3.6032805,0.8181928323332592
4.220000000000001,3.2528372,0.44305260239830235
2.585625,2.441289,0.3585204800228774
0.45437500000000003,1.2940999,0.3618382574291713
0.464375,1.0056461,0.36681391438370564
0.451875,0.85267,0.368045008617416
0.45499999999999996,0.82361275,0.3673236248224042
0.450625,0.86309826,0.37018160135241224
0.47250000000000003,0.7268109,0.3734415952962823
0.451875,0.70992106,0.3674517750368267
0.575,0.8471779,0.362585879251752
1.733125,1.3346648,0.3878228251534141
3.390625,1.5307987,0.8109500403584167
2.52625,2.5815632,0.7561364336134866
2.525,1.9449847,0.8543913932511211
2.543125,1.8033171,0.8043612305977941
2.6174999999999997,1.9373848,0.8216388097887858
2.293125,2.0375686,0.7986432841453701
2.148125,1.7208016,0.7481099394134805
2.28375,1.6407243,0.7201046199705451
2.3725,1.8714142,0.8441964369549976
2.50375,2.4401999,0.8867191349565239
3.5025,2.4681072,0.875777154855542
4.835625,3.2630825,0.8866756790020317
4.381875,3.4036891,0.9261092666238547
4.286875,2.8756118,0.3981637725260108
1.9156250000000001,2.4997058,0.34719337650869037
0.44937499999999997,0.86864096,0.34993787917587904
0.485,0.7064128,0.3543904201277718
0.44437499999999996,0.47992668,0.35461208536352956
0.46125000000000005,0.5698681,0.35764458339884875
0.44187499999999996,0.4990349,0.3642877878548018
0.48625,0.5875723,0.35796472221955655
0.471875,0.45616594,0.3626075324767828
0.546875,0.6353652,0.3540459619196877
1.281875,1.2008066,0.3723815839659795
2.425,1.3192286,0.8259348694366588
2.451875,2.1048145,0.7760024328461289
2.55375,1.9117751,0.850157178602703
2.3775,2.0637515,0.830574888944514
2.410625,2.0585635,0.7923605597889796
2.291875,1.6132427,0.8248620754775404
2.113125,1.7129145,0.7725582494437694
3.4843749999999996,1.5476294,0.802893595437482
4.67875,2.670953,0.8327596968583763
4.786875,4.0358644,0.8872612878566608
7.350625,4.1139793,0.8477066514808685
7.380624999999999,4.6365647,0.9304095123957843
6.083125,4.5968523,0.830301395506151
3.7312499999999997,4.041201,0.41517710263593116
0.666875,2.0518541,0.34628458890993147
0.505,0.84825504,0.3471181259452924
0.514375,0.7680482,0.3516144716953486
0.510625,0.5097128,0.3560072607098147
0.47,0.54650617,0.35686317357495423
0.501875,0.68659407,0.3603926243375614
0.50875,0.59548986,0.36109823541514574
0.48937499999999995,0.44077668,0.36398820589330044
0.50125,0.48363608,0.3495071569113433
0.48875,0.71000683,0.35534171681962906
1.633125,0.64674723,0.359029442939423
4.001875,1.20747,0.36277178801119325
2.559375,3.1443229,0.37743052300890906
0.588125,2.377264,0.4033835951331071
0.38125,0.7114209,0.37383705943260337
0.383125,0.4795533,0.3623690978273935
0.334375,0.57003516,0.35508162894520906
0.3625,0.6687735,0.36491802378196264
0.8574999999999999,0.9618618,0.37076865541653703
0.88625,1.0758505,0.7326274599206075
0.921875,0.9941957,0.7964793570169806
0.9981249999999999,1.0478902,0.752196294180043
0.4575000000000001,0.5486553,0.6177512455422803
0.42625,0.44763386,0.36415031853087243
0.46187500000000004,0.48660165,0.3613359972945973
0.466875,0.5281205,0.3789301770347729
0.424375,0.45631328,0.371186819308903
0.43437499999999996,0.43944913,0.36186462004376574
0.44375,0.46019268,0.36274749354122204
0.43500000000000005,0.4679991,0.3651882779576629
0.46,0.44379026,0.3645078334592282
0.43875000000000003,0.42020822,0.35951573101732875
0.438125,0.42522383,0.3535798569399118
0.396875,0.44288117,0.35754217286389317
0.37124999999999997,0.42024937,0.354804597235322
0.85375,0.73453283,0.35610099998779593
0.8687499999999999,0.752454,0.6594989624104276
0.9074999999999999,0.7110221,0.5597647311843
0.390625,0.44114178,0.4927807162670232
0.3825,0.40642223,0.35794174837205556
0.368125,0.44108322,0.34803802670672535
0.35562499999999997,0.44481933,0.36016587595116345
0.33125,0.44647196,0.35641839789394286
0.32875,0.410052,0.3641263978219777
0.340625,0.45247948,0.35599270894523705
0.39249999999999996,0.4247371,0.3679863281284086
0.45875,0.42187977,0.35739182124152774
0.43500000000000005,0.4036101,0.3550132057508081
0.465,0.41836843,0.3453723128744587
0.443125,0.4448596,0.3540620087285712
0.446875,0.43558508,0.35881739582203326
0.443125,0.40910304,0.36243986325787375
0.439375,0.4199228,0.35575883418098087
0.45374999999999993,0.42046422,0.35879113287705927
0.409375,0.45370647,0.3549798164279759
0.465625,0.40988177,0.3684458050784282
0.56625,0.48832902,0.352377940987572
2.365625,1.1758025,0.4000469552511535
4.06125,2.2435305,0.9172405641315133
3.9050000000000002,3.1838224,0.8137423346085846
2.584375,2.8162954,0.8968989414703474
2.56875,1.7864972,0.8942002868285404
2.42625,1.99202,0.864316244875975
2.470625,1.7971436,0.8801951602839679
2.485,1.96512,0.8570187342795358
2.231875,1.8521181,0.8508259617555515
2.199375,2.0030525,0.8421738911831379
2.285,2.4544044,0.9063033183375001
3.253125,2.5200095,1.026424746158719
4.83125,2.9663205,1.0283357117905467
4.673125,3.9332287,0.8955937677912787
4.34,3.4214125,0.6839051121912896
1.5075,2.6306677,0.34444737879719584
0.643125,1.1153818,0.3484425856959074
0.5081249999999999,1.0283487,0.3524938069212809
0.42000000000000004,0.65164274,0.353519058471471
0.445625,0.70116585,0.35289537582185115
0.46937500000000004,0.78754586,0.3606134922163561
0.4331249999999999,0.7719186,0.35685609703190624
0.423125,0.72116804,0.3558807301267236
0.558125,0.845646,0.35143421918686474
0.974375,1.3019572,0.3619499123214185
2.293125,1.2474637,0.8151603841327503
2.465,1.8139246,0.802022183946371
2.55875,1.8050116,0.8276056811181456
2.688125,2.0453136,0.8453570896844939
2.5168749999999998,2.1451643,0.8695647474163398
2.535625,2.0744958,0.7970596833817288
2.44875,2.0044394,0.680794473173581
2.2075,1.9585273,0.6819562721037119
2.2775,1.9857545,0.8053673455808684
2.31,2.6149027,0.8813124068937823
3.69625,2.4883678,0.9509807240275294
4.80875,3.4281251,0.9205763568216936
4.445625,3.4951286,1.029687730191201
4.196875,3.345737,0.5080814482071064
1.0875,2.55371,0.3495766764715686
0.46375,0.5764473,0.3522952650374546
0.4675,0.48298836,0.35556407974272963
0.43875,0.44231385,0.35476173929855226
0.411875,0.44815004,0.35778387169335035
0.45562500000000006,0.47757098,0.36645490441104395
0.46124999999999994,0.48503488,0.36217957604421297
0.4231250000000001,0.4556123,0.3688488441058993
0.5543750000000001,0.47389656,0.3571599398696795
0.98875,1.1542658,0.36618166014673187
2.065625,1.0403864,0.7814078652038052
2.44125,1.7619237,0.6958749352525919
2.4675000000000002,1.8751473,0.716060026774928
2.429375,1.8946822,0.5944958064462803
2.3137499999999998,1.9937857,0.5981828099613263
2.368125,1.801348,0.6703059400105849
2.4725,1.8698101,0.7123570013684034
2.298125,1.7735804,0.7112313326756656
2.2262500000000003,1.7762738,0.8323034591710194
2.178125,2.4040766,0.8861871981924773
2.72625,2.297839,0.9201152851577477
4.4325,2.4831817,0.8703667390168459
4.336875,3.103256,0.8181927326636389
3.4037500000000005,3.1867921,0.4430519545457698
1.1825,1.8029118,0.358520629527308
0.75,0.98003674,0.3618385813554376
0.5225,0.6341291,0.36681381471408525
0.536875,0.57377064,0.3680449338652007
0.5231250000000001,0.5683309,0.3673236248224042
0.48375000000000007,0.73013306,0.37018142693057654
0.521875,0.5319937,0.3734416700484976
0.53375,0.5281157,0.36745217371530825
0.6187499999999999,0.73751324,0.3625859041691571
1.119375,1.247497,0.3878229497404396
2.42625,1.1078081,0.8109499406887963
2.35375,1.8958635,0.7561360349350049
2.4387499999999998,1.724419,0.8543910942422599
2.40125,1.8574231,0.8043608817541227
2.32875,1.8348496,0.821638610449545
2.265625,1.7380935,0.7986425366232172
2.263125,1.636408,0.7481091918913275
2.330625,1.6598133,0.720103573439531
2.385625,1.8523033,0.8441960382765159
2.41625,2.4237566,0.8867187362780422
3.4675000000000002,2.371822,0.8757769056814909
4.89875,3.2112687,0.8866756790020317
4.4325,3.4271522,0.926109067284614
4.309375,2.9069774,0.39816372269120065
1.70625,2.5032701,0.34719347617831076
0.554375,0.7731173,0.34993797884549943
0.5081249999999999,0.61921835,0.354390220788531
0.5349999999999999,0.45584717,0.35461208536352956
0.484375,0.4883897,0.3576448325728997
0.525625,0.49029854,0.36428783768961204
0.536875,0.5527488,0.35796492155879733
0.5075,0.45245513,0.36260765706380826
0.746875,0.6149768,0.35404606158930807
1.389375,1.2470123,0.3723815590485744
2.638125,1.3588685,0.8259347199322283
2.57875,2.201461,0.7760022335068881
2.5025,1.9541413,0.8501570290982724
2.495,1.9813538,0.830574888944514
2.83875,2.1035075,0.792360410284549
2.6075,2.0617752,0.8248618761382996
2.40875,2.0232062,0.7725581996089592
1.395,1.722234,0.8028935456026718
1.035625,1.2565638,0.8327595971887558
1.1099999999999999,1.1375173,0.8872612380218506
3.535625,1.3535128,0.8477063524720073
5.56625,3.3192575,0.9304092133869232
7.521875,3.977041,0.8303010466624796
6.19125,4.399782,0.4151769032966904
1.87125,4.025054,0.34628458890993147
1.1325,0.72068703,0.347118026275672
0.5549999999999999,0.56599206,0.3516142723561078
0.54,0.4695326,0.3560071112053841
0.46249999999999997,0.45023802,0.35686312374014406
0.5025,0.4983959,0.3603925745027512
0.46937500000000004,0.4782842,0.3610981855803355
0.48000000000000004,0.42682365,0.36398828064551575
0.444375,0.45797753,0.3495072067461535
0.48624999999999996,0.5024011,0.35534181648924945
0.385,0.5042224,0.359029442939423
0.7424999999999999,0.51461095,0.3627719125982187
0.4175,0.6972367,0.37743047317409884
0.3775,0.6065635,0.4033835452982969
0.446875,0.46884394,0.3738371341848187
0.44250000000000006,0.43414876,0.36236914766220374
0.420625,0.4756313,0.35508157911039884
0.41,0.5732722,0.3649180486993678
0.9275,0.9159649,0.37076863049913195
0.9237500000000001,1.0235691,0.7326272605813667
0.970625,0.93903303,0.7964792573473602
0.9906249999999999,0.95071095,0.7521961945104226
0.4599999999999999,0.51512474,0.6177509963682294
0.499375,0.4431589,0.3641503434482775
0.504375,0.48001653,0.3613360969642177
0.43437499999999996,0.48778695,0.3789300524477474
0.47500000000000003,0.42751753,0.37118686914371324
0.49187499999999995,0.42210183,0.3618646449611708
0.480625,0.42826447,0.3627473689541965
0.49375,0.44420087,0.3651883776272833
0.4725,0.4255676,0.36450778362441805
0.44125000000000003,0.41372523,0.35951573101732875
0.499375,0.41908932,0.3535799566095322
0.47375,0.4184613,0.3575423223683238
0.381875,0.4062468,0.354804597235322
0.9043749999999999,0.72908455,0.3561010498226061
0.8850000000000001,0.7185777,0.6594990620800479
0.9187500000000001,0.66941875,0.5597647561017051
0.39875000000000005,0.4205469,0.4927806913496181
0.346875,0.399857,0.35794169853724533
0.376875,0.4299172,0.34803802670672535
0.39875,0.42121798,0.36016587595116345
0.36312500000000003,0.42177576,0.35641834805913264
0.385,0.40115297,0.3641264227393828
0.39125,0.42823213,0.35599270894523705
0.45499999999999996,0.4092584,0.3679864527154341
0.465625,0.40611517,0.3573917714067176
0.50375,0.39655334,0.35501330542042847
0.47125,0.410022,0.3453723627092689
0.450625,0.42265636,0.3540620087285712
0.48375000000000007,0.41195476,0.35881724631760264
0.49750000000000005,0.3996317,0.36243986325787375
0.471875,0.4052713,0.35575883418098087
0.46499999999999997,0.40595132,0.35879108304224905
0.475625,0.43202645,0.35497991609759627
0.490625,0.4024728,0.368445755243618
0.58625,0.46708935,0.35237799082238225
1.33,1.1323999,0.4000469552511535
1.101875,1.1833345,0.9172407136359438
1.09,1.1199214,0.8137423844433948
1.1525,1.0975426,0.8968989414703474
1.206875,1.0587362,0.8942002369937301
0.9906249999999999,1.1126224,0.8643162947107852
0.9912499999999999,0.9922746,0.8801951104491577
0.985625,0.9890886,0.8570186844447256
1.149375,1.0096604,0.8508259119207413
1.7568750000000002,1.1527874,0.8421738911831379
3.401875,1.9921141,0.9063033183375001
3.613125,3.263541,1.026424746158719
3.9575,3.2464037,1.0283357117905467
3.9418750000000005,3.2279482,0.8955937677912787
3.675625,2.770128,0.6839050623564794
3.13125,1.9965805,0.3444473289623856
0.46937500000000004,0.98731184,0.348442735200338
0.524375,0.49655205,0.3524938069212809
0.5175000000000001,0.40172815,0.35351900863666086
0.47624999999999995,0.4177189,0.352895325987041
0.4925,0.42439818,0.3606133925467357
0.499375,0.41426265,0.35685609703190624
0.485625,0.40381548,0.3558807301267236
0.63625,0.43066177,0.35143411951724435
1.0375,1.0560479,0.36194986248660826
0.9925,1.0522237,0.8151603841327503
1.229375,0.9960474,0.8020221341115609
1.39375,1.0875294,0.8276056312833353
1.0318749999999999,1.1569096,0.8453570398496837
1.060625,1.0026305,0.8695646477467195
1.21125,0.8915939,0.7970594342076778
1.1256249999999999,1.0344137,0.6807945230083913
1.144375,1.0403149,0.6819561225992813
1.123125,1.0718849,0.8053673455808684
1.619375,1.1622176,0.8813124567285926
3.574375,1.6251569,0.9509807240275294
4.04875,3.4265163,0.9205765063261241
3.770625,3.1631129,1.0296878298608214
3.671875,2.867162,0.5080815229593217
1.21625,2.1594214,0.3495766764715686
0.499375,0.42958477,0.3522952650374546
0.48375000000000007,0.41144824,0.35556407974272963
0.505,0.38742003,0.35476158979412165
0.49687499999999996,0.39170897,0.35778387169335035
0.45374999999999993,0.42297626,0.36645487949363886
0.505,0.42644852,0.3621794265397824
0.49687500000000007,0.3986121,0.3688488939407095
0.6,0.41767648,0.3571599398696795
1.619375,1.0558717,0.36618158539451656
1.139375,1.2962435,0.7814078652038052
1.14625,1.1608886,0.6958749850874021
1.2875,0.95806426,0.7160601762793586
1.36375,0.9401395,0.5944958811984956
1.245,1.1086572,0.5981830093005672
1.211875,1.0349935,0.670305989845395
1.010625,1.0320117,0.7123572007076442
1.073125,0.98970467,0.711231432345286
1.053125,1.0336014,0.8323034591710194
2.92,1.0918906,0.8861871981924773
4.44625,2.6853426,0.9201152851577477
6.895625,3.728204,0.8703667390168459
5.7056249999999995,4.2387266,0.8181927326636389
5.23625,3.7533283,0.4430519047109596
4.203125,3.0697854,0.35852067936211823
0.5231250000000001,1.754202,0.3618385813554376
0.48937499999999995,0.4601265,0.36681391438370564
0.51625,0.41559225,0.3680449338652007
0.510625,0.3993105,0.3673236995746195
0.486875,0.46247068,0.37018152660019693
0.501875,0.40907586,0.37344171988330777
0.510625,0.42851967,0.36745207404568786
0.640625,0.49063626,0.36258592908656223
1.163125,1.0439204,0.3878229995752498
2.021875,0.96545625,0.8109499406887963
1.50875,1.4661995,0.7561360349350049
1.1712500000000001,1.1251551,0.8543910942422599
1.188125,1.011927,0.8043608319193124
1.113125,0.9842717,0.8216386602843553
1.109375,0.9773203,0.7986426861276478
1.11875,0.9194294,0.7481094410653785
1.0150000000000001,1.0586172,0.7201037727787718
2.83625,1.0093969,0.8441960881113262
3.5687500000000005,2.4638355,0.886718686443232
3.5412499999999993,3.138399,0.8757769056814909
3.58375,3.2567225,0.8866755294976012
3.2199999999999998,2.5023038,0.926109067284614
3.068125,1.8945602,0.39816374760860573
1.3831250000000002,1.2349511,0.3471933266738802
0.518125,0.44427708,0.34993787917587904
0.518125,0.41291887,0.3543903204581514
0.48625,0.4002318,0.3546118860242888
0.515625,0.4125125,0.3576448325728997
0.520625,0.41279787,0.36428783768961204
0.48312499999999997,0.4131468,0.3579647720543667
0.514375,0.40253782,0.36260765706380826
0.6262500000000001,0.44632235,0.35404586225006723
1.763125,1.025702,0.3723815839659795
2.065,1.4911567,0.8259347199322283
1.185,1.7243757,0.7760022335068881
1.1075,1.0259039,0.8501570290982724
1.1912500000000001,0.9108165,0.8305748391097039
1.0425,1.0733929,0.7923603604497388
1.1,0.96556747,0.8248617764686793
0.97,0.98953736,0.7725580501045286
1.125,0.9707169,0.8028934459330513
2.955625,1.0648103,0.8327595971887558
3.7474999999999996,2.7137735,0.8872611383522302
3.9037500000000005,3.519641,0.8477063524720073
3.918125,3.390089,0.9304092632217333
3.48125,2.9267466,0.8303010466624796
3.4037500000000005,2.3844454,0.4151769531315006
2.129375,1.5028157,0.34628463874474164
0.4449999999999999,0.44910523,0.3471182256149128
0.47250000000000003,0.42002925,0.3516142225212976
0.4775,0.39949077,0.3560071610401943
0.44375,0.39105287,0.35686317357495423
0.47500000000000003,0.4179941,0.3603926243375614
0.47250000000000003,0.41039142,0.36109813574552535
0.44187499999999996,0.38691458,0.3639882308107055
0.48250000000000004,0.39664456,0.3495072067461535
0.44812499999999994,0.42719206,0.35534176665443923
0.39125,0.43096057,0.359029442939423
0.431875,0.47527194,0.36277178801119325
0.535,0.5587356,0.37743042333928867
0.8025,0.5151544,0.4033834207112714
0.73,0.46725035,0.3738371341848187
0.41437499999999994,0.4204391,0.36236914766220374
0.396875,0.43385947,0.3550816787800192
0.40874999999999995,0.47491646,0.36491799886455756
0.92125,0.83624166,0.37076865541653703
1.1018750000000002,0.99027526,0.7326273602509871
6.210625,0.99431044,0.7964793071821704
9.860624999999999,4.3478928,0.7521962443452328
8.514375,4.841824,0.6177509963682294
1.2875,4.45461,0.3641502437786571
0.453125,0.730095,0.3613361218816228
0.484375,0.5897373,0.37893002753034233
0.49625,0.5189093,0.37118684422630815
0.44875000000000004,0.49893823,0.36186454529155043
0.453125,0.46328244,0.36274739387160165
0.48,0.43474093,0.3651883277924731
0.47437499999999994,0.38922963,0.36450780854182313
0.475625,0.3816995,0.3595156811825186
0.44812499999999994,0.39386222,0.3535799566095322
0.47125,0.38390407,0.35754227253351356
0.4325,0.3805405,0.354804597235322
1.4056250000000001,0.6503953,0.3561010498226061
1.309375,1.0027425,0.6594990620800479
1.2349999999999999,0.96510035,0.5597648308539204
0.82125,0.4053815,0.492780666432213
1.049375,0.3793439,0.3579417982068657
0.61,0.41878742,0.34803802670672535
0.445,0.39048865,0.36016597562078384
0.390625,0.41738364,0.35641839789394286
0.35562499999999997,0.38502672,0.3641264227393828
0.44,0.40747097,0.35599270894523705
0.46375,0.3888746,0.3679863779632188
0.445625,0.38282183,0.35739182124152774
0.48812500000000003,0.3784919,0.3550132057508081
0.46625,0.3873396,0.3453724125440791
0.540625,0.39168328,0.3540620585633814
0.4725,0.39312884,0.3588171964827925
0.46312500000000006,0.3861028,0.3624398881752789
0.498125,0.3856454,0.35575893385060126
0.44375,0.38704073,0.35879113287705927
0.5237499999999999,0.40653118,0.35497996593240644
0.46249999999999997,0.38924646,0.3684459296654537
0.6156250000000001,0.43579212,0.35237799082238225
2.553125,1.0846934,0.40004700508596375
3.7024999999999997,2.3762608,0.9172407136359438
3.7425,2.9477036,0.8137423844433948
3.811875,2.6766946,0.8968989414703474
3.60875,2.537616,0.8942002369937301
1.34625,2.5085547,0.8643162947107852
1.450625,1.132529,0.8801951104491577
1.166875,1.1681975,0.8570186844447256
1.04125,1.2021048,0.8508259119207413
1.078125,1.3485662,0.8421739410179482
1.189375,1.4034868,0.9063033183375001
3.2,1.4763768,1.0264246464890987
5.26375,3.121944,1.028335512451306
1.91875,4.085383,0.8955935186172277
0.56625,1.19372,0.6839049626868591
0.479375,0.9401621,0.3444473289623856
0.47062499999999996,0.6799337,0.3484426853655278
0.9975000000000002,0.69060093,0.3524938567560911
1.46,0.52257717,0.353519058471471
1.441875,0.7402235,0.352895325987041
1.4675,1.0681859,0.36061344238154586
1.46375,0.88834876,0.3568561468667164
1.459375,0.87283397,0.3558807301267236
1.565625,1.0621437,0.35143411951724435
2.8425,1.7136086,0.36194986248660826
2.98125,2.449136,0.8151604339675604
2.468125,2.3973074,0.8020222337811812
2.679375,1.7857221,0.8276056312833353
2.868125,1.8282086,0.8453571395193041
2.52,2.174989,0.8695646975815297
2.48,1.9294578,0.7970593345380574
2.43,1.844489,0.6807943735039607
2.32625,1.7632054,0.6819561225992813
2.3875,2.0549142,0.8053673455808684
2.630625,2.745043,0.8813124068937823
4.3175,2.6832757,0.9509807240275294
6.153125,3.7413676,0.9205764066565038
4.12375,4.1061206,1.029687730191201
1.823125,3.082573,0.5080814731245115
1.7181250000000001,0.84771115,0.3495766764715686
1.46625,0.5100181,0.35229531487226484
1.45625,0.5302928,0.3555640299079194
1.4849999999999999,0.8126017,0.35476168946374204
1.483125,0.7494615,0.35778377202372996
1.480625,1.0659828,0.3664549542458541
1.4537499999999999,0.77030915,0.3621794763745926
1.481875,0.8284942,0.3688487942710891
1.5925,1.147986,0.35715989003486925
3.5943749999999994,1.6841958,0.3661815604771115
5.554375,2.9267309,0.7814079150386154
4.15375,3.8487487,0.6958750847570225
2.450625,2.8071291,0.7160602261141688
2.536875,1.5841382,0.5944961303725466
2.554375,1.9778032,0.5981830840527824
2.41375,2.0751426,0.6703058901757747
2.3375,2.0242014,0.7123572007076442
2.301875,1.8655332,0.7112315320149064
2.3000000000000003,2.0432644,0.8323035588406399
2.965,2.5233855,0.8861870985228569
4.490625,2.9177208,0.9201152851577477
4.8306249999999995,3.9434404,0.8703668386864662
4.190625,3.8337488,0.8181927326636389
2.00875,3.2166097,0.4430518797935545
1.9456250000000002,1.4357076,0.358520629527308
1.72625,1.342437,0.3618385813554376
1.52375,1.3119541,0.3668138645488955
1.475625,1.3050116,0.3680448341955803
1.478125,1.2433399,0.3673237494094297
1.466875,1.2952856,0.3701814518479816
1.4425,1.1923615,0.37344164513109246
1.464375,1.2774552,0.367452098963093
1.585,1.340298,0.36258582941694184
3.35375,1.8319567,0.3878229497404396
4.991875,2.7654724,0.8109499406887963
4.055,3.7366655,0.7561360349350049
2.455625,2.6052034,0.8543911440770701
2.336875,1.9169636,0.8043609315889328
2.575625,1.8695655,0.8216386602843553
2.60375,2.0552344,0.7986426861276478
2.3275,2.1000612,0.748109341395758
2.1950000000000003,1.9914072,0.7201036731091514
2.39,2.0704815,0.8441960881113262
3.5112500000000004,2.479635,0.8867187362780422
4.915625,3.3029315,0.8757769555163012
4.79375,4.268372,0.8866755793324114
4.36625,3.709313,0.9261091669542343
4.2425,3.034594,0.39816374760860573
2.1975,2.5620868,0.34719337650869037
0.506875,1.2903974,0.3499378293410688
0.47437499999999994,1.0750729,0.354390220788531
0.5125,0.75796556,0.354611935859099
0.47375,0.79266727,0.35764468306846914
0.506875,0.782592,0.3642878626070171
0.47875,0.8639998,0.35796482188917694
0.50125,0.71494526,0.36260758231159296
0.62,0.85703814,0.35404601175449785
2.989375,1.419562,0.37238160888338456
4.14625,2.8355017,0.8259348196018487
4.055,3.528676,0.7760022335068881
4.13375,2.7467308,0.8501570290982724
4.02125,2.7566316,0.8305748391097039
1.45625,2.8214839,0.7923603604497388
1.06,1.4367411,0.8248618761382996
1.024375,1.269036,0.7725581996089592
1.04,1.2930657,0.8028935456026718
2.425,1.3860568,0.8327595971887558
2.676875,2.3419676,0.8872612380218506
4.3725000000000005,3.0196486,0.8477063524720073
3.9656249999999997,3.905849,0.9304091635521129
1.7775,3.3776157,0.8303010964972898
1.7875,1.1309623,0.4151769531315006
0.700625,0.8720461,0.34628458890993147
0.859375,0.62316936,0.34711817578010257
0.583125,0.6088611,0.3516142723561078
0.471875,0.54808307,0.3560071610401943
0.4575000000000001,0.53507066,0.3568630240705236
0.48,0.6099049,0.3603925745027512
0.4912500000000001,0.6398478,0.3610982603325508
0.45374999999999993,0.543278,0.36398828064551575
0.48125,0.5529055,0.3495072067461535
0.445625,0.61508363,0.3553418663240596
0.40812499999999996,0.591875,0.359029442939423
0.6812499999999999,0.64666116,0.36277181292859834
1.9650000000000003,0.81602323,0.37743047317409884
1.6937500000000003,1.8824779,0.40338347054608165
1.6968750000000001,1.4610544,0.3738371341848187
1.62375,1.2395597,0.36236914766220374
1.64875,0.99565935,0.35508162894520906
1.6556250000000001,1.0003636,0.36491799886455756
2.1425,1.4492967,0.37076860558172686
2.2725,1.9303591,0.7326272605813667
2.53625,2.0182905,0.7964793071821704
2.34,2.2764463,0.7521961945104226
1.769375,1.4298935,0.6177509963682294
1.6993749999999999,1.010271,0.3641502437786571
0.458125,1.066002,0.36133607204681256
0.4925,0.83145905,0.37893002753034233
0.4875,0.5845933,0.371186819308903
0.459375,0.567349,0.3618645702089555
0.48312499999999997,0.5004034,0.3627474686238169
0.48750000000000004,0.5346398,0.3651883776272833
0.485625,0.5152898,0.36450775870701296
0.459375,0.5045284,0.3595156811825186
0.48312499999999997,0.497098,0.3535799566095322
0.47375,0.50067616,0.35754227253351356
0.405625,0.4841521,0.35480454740051176
1.2531249999999998,0.88711494,0.3561010498226061
2.248125,1.016241,0.6594990620800479
2.8362499999999997,1.7591594,0.5597649056061357
1.9212500000000001,1.4936137,0.4927807910192385
1.87125,0.8684884,0.35794169853724533
1.9312500000000001,0.6782696,0.3480380765415355
1.9993750000000001,0.6437111,0.36016587595116345
2.039375,1.1951561,0.35641839789394286
3.745,1.2971874,0.3641264227393828
5.040625,3.09551,0.35599260927561666
4.979375,4.068062,0.3679864028806239
3.739375,3.5236156,0.35739182124152774
1.71875,1.077029,0.3550131559159979
0.569375,0.69832635,0.3453724623788893
0.5293749999999999,0.7401992,0.3540620087285712
0.57125,0.612879,0.35881724631760264
0.5231250000000001,0.4725806,0.362439913092684
0.51625,0.456634,0.3557588840157911
0.89125,0.49409595,0.35879113287705927
1.8125,0.49887866,0.35497996593240644
1.8175000000000001,0.8855991,0.3684457801610231
1.9000000000000001,1.5076674,0.3523780406571924
2.98625,2.0258882,0.4000469552511535
3.225625,2.776537,0.9172406139663235
2.494375,2.4804134,0.8137423346085846
2.450625,1.9165369,0.8968988916355372
2.310625,1.7687368,0.8942001871589199
1.10375,1.7482079,0.8643161452063546
1.1324999999999998,1.394536,0.8801950606143475
1.18,1.4211925,0.8570186844447256
1.45375,1.4381324,0.8508259119207413
4.089375,1.6897258,0.8421738413483277
4.9712499999999995,3.8584049,0.9063031189982593
5.158125,4.331834,1.0264246464890987
5.61375,4.251959,1.028335512451306
5.47,4.3099275,0.8955935186172277
4.928125,3.981928,0.6839050125216692
0.6875,3.0843828,0.3444473289623856
0.58,1.1367909,0.34844278503514825
0.621875,1.1426507,0.3524938567560911
0.6225,0.70548135,0.35351900863666086
0.6168750000000001,0.8564445,0.352895325987041
0.613125,0.8791657,0.3606133925467357
0.611875,0.80073446,0.3568561468667164
0.84625,0.6929376,0.3558807301267236
1.985,0.83654416,0.35143411951724435
2.428125,2.1444666,0.36194993723882357
2.50625,2.2488453,0.8151604339675604
2.65625,2.1581879,0.8020222836159915
2.6418749999999998,2.0365777,0.8276057309529558
2.69875,2.0406647,0.8453571893541143
1.448125,2.131895,0.8695647474163398
1.3275000000000001,1.334364,0.7970596335469186
1.210625,1.2364863,0.680794473173581
1.725,1.3005503,0.6819561724340916
4.714375,1.6019295,0.8053673455808684
4.76,3.9858959,0.8813124068937823
7.595624999999999,4.138073,0.9509807738623396
8.38625,4.6950507,0.9205765063261241
8.170625,4.7306304,1.0296879295304417
7.022500000000001,4.5886593,0.5080815229593217
0.7625000000000001,4.1477633,0.3495766266367584
1.391875,0.88469887,0.35229531487226484
1.588125,0.7798544,0.35556407974272963
1.575625,1.128183,0.35476168946374204
1.58875,1.2459246,0.35778377202372996
1.550625,1.337289,0.36645492932844903
1.57,1.1327946,0.3621794763745926
1.69,1.0244713,0.3688488191884942
2.935,1.4426796,0.35715998970448964
4.301875,2.4933383,0.36618158539451656
4.45,3.4099512,0.7814078652038052
2.8581250000000002,3.4787352,0.6958749850874021
2.53875,2.1848156,0.7160600766097381
2.515,1.7555835,0.5944958064462803
1.36125,2.058006,0.5981828847135416
1.305,1.7118847,0.6703056908365339
1.150625,1.6536493,0.712356901698783
1.1375,1.492452,0.7112313326756656
2.543125,1.6801158,0.8323035090058296
3.4487499999999995,2.6510248,0.8861870985228569
4.80375,3.5053518,0.9201152851577477
5.608750000000001,4.2079096,0.8703667390168459
4.566875,4.2946324,0.8181926828288286
3.63375,3.5121713,0.4430518797935545
0.511875,2.1486337,0.35852067936211823
0.514375,1.1697706,0.3618385813554376
0.53625,1.0795585,0.36681391438370564
0.5362499999999999,1.0152799,0.3680448341955803
0.51,1.0044366,0.3673236746572144
0.54375,0.9601926,0.3701814020131714
0.506875,1.0566676,0.3734416700484976
0.5475,0.93767256,0.36745214879790317
0.63,1.0196428,0.3625859041691571
1.376875,1.3630798,0.3878229995752498
3.3274999999999997,1.4394698,0.8109499406887963
2.754375,2.4950202,0.7561360349350049
2.533125,2.1217887,0.8543910942422599
2.44125,1.9808637,0.8043608817541227
1.2818749999999999,2.037647,0.8216386602843553
1.189375,1.3734939,0.7986426861276478
1.001875,1.254735,0.7481094410653785
1.185625,1.2143389,0.7201037229439616
2.463125,1.3659842,0.8441960382765159
3.5675,2.3406126,0.8867187362780422
4.829375,3.27662,0.8757769555163012
4.95375,4.107453,0.8866755793324114
4.53625,3.6972253,0.9261091669542343
4.445625,3.113377,0.39816369777379557
2.251875,2.6333058,0.34719347617831076
0.545625,0.8697128,0.34993787917587904
0.588125,0.65176916,0.354390220788531
0.54,0.52084595,0.35461198569390917
0.571875,0.5478699,0.3576447329032793
0.5775,0.53491616,0.36428783768961204
0.5756249999999999,0.5681429,0.35796492155879733
0.58,0.5281395,0.36260760722899804
1.983125,0.6602894,0.35404611142411824
3.01,1.935026,0.3723816338007897
3.2325,2.793302,0.8259347697670385
2.4431249999999998,2.725958,0.7760022833416983
2.574375,1.894573,0.8501571287678927
2.45625,1.841051,0.8305748391097039
1.20875,2.042297,0.7923603604497388
1.204375,1.2476847,0.8248618761382996
1.074375,1.1957989,0.7725581996089592
1.215625,1.1012731,0.8028934957678616
2.436875,1.2945536,0.8327594975191355
3.770625,2.4270418,0.8872610386826099
5.0131250000000005,3.694303,0.8477063524720073
5.10625,4.074239,0.9304092133869232
4.37,3.8711777,0.8303010466624796
4.085,3.233036,0.4151768534618802
0.700625,2.3543155,0.34628458890993147
0.59125,0.52466655,0.34711817578010257
0.5918749999999999,0.52334785,0.3516142723561078
0.613125,0.5163505,0.3560071112053841
0.563125,0.5174393,0.35686317357495423
0.55875,0.520977,0.3603926243375614
0.590625,0.52776104,0.3610981108281202
0.590625,0.50006455,0.3639883304803259
0.585625,0.5160411,0.3495072067461535
0.54,0.53159785,0.35534176665443923
0.49375,0.5492199,0.359029442939423
2.73125,0.6205996,0.36277188768081364
7.598125,2.278197,0.37743047317409884
6.114375,4.466645,0.4033834207112714
0.788125,4.0779767,0.3738371341848187
0.600625,1.1382716,0.36236914766220374
0.81625,0.73086774,0.35508152927558867
0.53125,0.908148,0.36491799886455756
1.023125,0.9120631,0.37076863049913195
1.0787499999999999,1.091011,0.7326273602509871
1.4143750000000002,1.164145,0.7964793071821704
1.1131250000000001,1.4595903,0.7521961945104226
0.553125,0.6323088,0.6177508966986089
0.546875,0.50845313,0.3641502437786571
0.5487500000000001,0.58631235,0.3613361218816228
0.55125,0.7319733,0.3789300026129372
0.5237499999999999,0.46336377,0.37118676947409285
0.535625,0.46806636,0.3618645702089555
0.560625,0.4736252,0.36274739387160165
0.56375,0.56834227,0.3651883776272833
0.51125,0.4690808,0.36450778362441805
0.535625,0.46742576,0.359515780852139
0.530625,0.46165314,0.3535800064443424
2.428125,0.47773898,0.35754227253351356
4.06875,0.97050285,0.35480464707013215
4.52125,3.6865396,0.35610099998779593
3.775,3.5219312,0.6594990620800479
2.6793750000000003,2.7332237,0.5597648059365153
1.9506250000000003,1.2802311,0.4927807661018334
1.8368749999999998,0.7409171,0.3579417982068657
1.063125,0.77258563,0.34803802670672535
0.533125,0.5676999,0.36016587595116345
0.46249999999999997,0.5154408,0.35641844772875303
0.453125,0.47195524,0.3641265224090032
0.44812499999999994,0.8014702,0.3559926591104269
0.5675,0.5317706,0.3679863779632188
0.54125,0.46420628,0.3573917714067176
0.525,0.44273147,0.3550132555856183
0.5587500000000001,0.6095426,0.3453724125440791
0.5399999999999999,0.5095064,0.354061958893761
0.53,0.4622034,0.3588171964827925
0.551875,0.43511266,0.362439913092684
0.5575,0.48668358,0.3557588840157911
0.5287499999999999,0.4650172,0.35879113287705927
0.534375,0.4893594,0.35497996593240644
0.558125,0.45978594,0.3684457801610231
0.6487499999999999,0.7853769,0.3523780406571924
3.3562499999999997,1.2806742,0.40004700508596375
4.9275,3.0346496,0.9172405641315133
4.843125,3.72939,0.8137422847737744
4.8925,3.3256335,0.8968987919659168
4.61875,3.0744543,0.8942001871589199
2.025625,2.9492397,0.8643160455367342
1.39625,1.6086992,0.8801952101187781
1.219375,1.4964259,0.8570188339491561
1.275625,1.4085149,0.8508260115903616
2.439375,1.677352,0.8421738413483277
3.7212499999999995,2.5351608,0.9063032186678798
4.8925,3.7715526,1.0264245468194784
5.049375,4.2370706,1.028335512451306
4.875625,4.242684,0.8955935186172277
4.615625,3.6936681,0.6839050125216692
1.9731249999999998,2.8956552,0.3444473289623856
0.528125,1.2618455,0.34844263553071764
0.541875,1.2719065,0.3524939065909013
0.53375,0.75188714,0.35351895880185064
0.5081249999999999,0.84945947,0.352895325987041
0.565625,0.9941627,0.3606133925467357
0.50875,1.0469906,0.35685619670152663
0.764375,0.87921244,0.3558806802919134
1.8906250000000002,1.0521182,0.35143411951724435
2.42625,2.1006362,0.3619499123214185
3.216875,2.2836182,0.8151603342979401
4.869375,2.5556757,0.8020221341115609
4.205,3.1828732,0.8276056811181456
2.908125,2.9225729,0.8453570398496837
1.165625,2.2892435,0.8695647474163398
1.180625,1.2369163,0.7970595837121084
1.1981249999999999,1.2584449,0.680794473173581
1.08625,1.2883788,0.6819562721037119
2.405625,1.3382905,0.8053673455808684
2.9675000000000002,2.4852312,0.8813124068937823
4.515625,3.1223643,0.9509806741927193
4.99875,3.977616,0.9205764066565038
4.71875,3.7578816,1.029687730191201
4.47625,3.566785,0.5080814731245115
1.2137499999999999,2.8612888,0.3495766764715686
0.613125,0.6980827,0.3522952650374546
0.6212500000000001,0.5767108,0.35556407974272963
0.579375,0.47189733,0.35476163962893187
0.60875,0.49412042,0.35778377202372996
0.5875,0.6077792,0.36645497916325925
0.614375,0.5464066,0.3621794763745926
0.6218750000000001,0.5018148,0.3688488441058993
2.0,0.5940161,0.3571599398696795
4.29125,2.1273725,0.36618158539451656
5.001875,3.5430472,0.7814078652038052
5.01875,3.761798,0.6958749352525919
4.9556249999999995,3.2766209,0.716060026774928
5.029375,3.0682044,0.5944958313636854
3.8700000000000006,3.1884506,0.598182959465757
3.5712500000000005,2.6701193,0.6703057905061542
1.2375,2.489315,0.7123572505424544
1.0618750000000001,1.7032434,0.7112313825104758
2.205,1.7593925,0.8323035090058296
2.401875,2.227926,0.8861871981924773
4.451874999999999,2.5712283,0.9201152851577477
4.786875,4.0514073,0.8703667888516561
4.475625,3.9561136,0.8181927326636389
3.3987499999999997,3.5948503,0.4430518548761494
1.096875,2.1158304,0.358520629527308
0.575625,1.4718893,0.3618385813554376
0.6,1.3828313,0.3668139393011108
0.569375,1.1670413,0.3680448341955803
0.600625,1.002346,0.3673236497398093
0.59875,1.1015979,0.3701814020131714
0.61625,1.2555761,0.3734416700484976
0.5725,1.2434694,0.3674522235501185
1.9681250000000001,1.3060051,0.3625859041691571
3.078125,2.115022,0.3878229497404396
5.09,2.7610602,0.8109499905236065
4.8999999999999995,3.7679725,0.7561360349350049
4.9,3.1170852,0.8543910942422599
3.359375,3.0485685,0.8043608319193124
1.5274999999999999,2.4398456,0.821638610449545
1.34875,1.5234308,0.7986425864580273
1.2850000000000001,1.507831,0.7481092915609479
1.1724999999999999,1.4991033,0.7201036232743412
2.3525,1.6404328,0.8441960881113262
2.564375,2.2537184,0.8867187861128525
4.621875,2.5764399,0.8757770551859215
4.911875,4.1072154,0.8866755793324114
4.536875,3.8252244,0.926109067284614
4.326875,3.230254,0.39816374760860573
2.2525,2.6216538,0.34719337650869037
0.538125,1.2407168,0.3499378293410688
0.508125,0.91979927,0.35439027062334116
0.536875,0.6981343,0.35461198569390917
0.535625,0.6830923,0.3576447329032793
0.498125,0.6541728,0.36428783768961204
0.541875,0.74967647,0.35796482188917694
0.5393749999999999,0.7030383,0.36260765706380826
1.87875,0.82734907,0.3540459619196877
4.188124999999999,1.9926329,0.3723815590485744
4.9175,3.622391,0.8259347199322283
4.836875,3.8700278,0.776002183672078
4.89375,3.2768643,0.850156929428652
3.4268749999999994,3.0900593,0.8305748391097039
1.189375,2.3930874,0.7923603106149286
1.200625,1.4715099,0.8248618761382996
1.19125,1.4044493,0.7725581996089592
1.158125,1.422416,0.8028934957678616
2.44125,1.5427885,0.8327594975191355
3.339375,2.401159,0.8872610386826099
4.720625,3.5312643,0.8477063524720073
5.0275,4.0715804,0.9304091137173027
4.489375,3.9606755,0.8303010466624796
2.87625,3.4393709,0.4151769032966904
1.023125,1.6286749,0.34628458890993147
0.55625,0.8323696,0.3471181259452924
0.57875,0.80846024,0.3516142723561078
0.494375,0.7373367,0.3560071112053841
0.5231250000000001,0.6202461,0.35686307390533384
0.549375,0.7249441,0.3603926243375614
0.47062500000000007,0.76582915,0.3610982852499559
0.514375,0.65387535,0.3639883304803259
0.5275,0.6482315,0.3495072565809637
0.485,0.735774,0.35534181648924945
0.43500000000000005,0.72850513,0.3590294927742332
0.746875,0.75193894,0.36277181292859834
1.81125,0.9154707,0.37743047317409884
1.9143749999999997,1.7552109,0.4033834207112714
1.9987499999999996,1.7167599,0.3738371341848187
1.9049999999999998,1.6439018,0.36236907290998843
2.124375,1.3032253,0.35508162894520906
1.790625,1.489081,0.36491802378196264
1.6793750000000003,1.566949,0.37076865541653703
3.176875,1.5356811,0.7326272605813667
4.059375,2.652035,0.79647920751255
6.576875,3.7365997,0.7521962443452328
5.46625,4.4113584,0.6177511957074702
0.7474999999999999,3.9067588,0.3641502437786571
0.5349999999999999,0.99820423,0.3613360969642177
0.506875,0.96662766,0.37893002753034233
0.5287499999999999,0.7707397,0.371186819308903
0.49687499999999996,0.75010914,0.3618645951263606
0.520625,0.5632433,0.36274749354122204
0.52125,0.5538918,0.3651883776272833
0.536875,0.54440826,0.36450778362441805
0.51,0.5289831,0.35951563134770836
0.525625,0.5231527,0.3535800064443424
0.51625,0.51654154,0.3575422226987034
0.40062499999999995,0.52501214,0.35480464707013215
0.9325,0.9577428,0.3561010498226061
0.9531250000000001,0.8996648,0.6594990620800479
0.94375,0.8328985,0.5597648308539204
0.401875,0.5205869,0.4927807661018334
0.41624999999999995,0.4863594,0.3579417982068657
0.438125,0.51975363,0.34803802670672535
0.420625,0.5022798,0.3601659257859736
0.384375,0.5334967,0.35641839789394286
0.42625,0.4733693,0.3641263978219777
0.48624999999999996,0.4942128,0.35599260927561666
0.47250000000000003,0.46757072,0.367986427798029
1.14,0.48283657,0.3573917714067176
0.5225,0.46627262,0.35501330542042847
0.52875,0.48746583,0.3453723627092689
0.49562500000000004,0.49792823,0.354061958893761
0.5225,0.50196016,0.35881724631760264
0.526875,0.4536368,0.36243996292749414
0.521875,0.4476409,0.3557588840157911
0.49312500000000004,0.44400737,0.3587910332074388
0.5225,0.50654095,0.35497991609759627
0.52,0.48344696,0.3684458050784282
0.66625,0.5886243,0.35237809049200264
2.746875,1.2985104,0.40004700508596375
3.288125,2.5996773,0.9172407136359438
2.57875,2.7398117,0.8137423346085846
2.508125,2.0772169,0.8968989913051576
2.300625,1.7689794,0.8942001871589199
1.175,1.831757,0.864316244875975
1.27375,1.2609016,0.8801950606143475
1.314375,1.2849319,0.8570186844447256
1.916875,1.3361331,0.8508260115903616
4.684374999999999,1.8548169,0.8421738911831379
4.864375,4.0565505,0.9063032186678798
5.07125,4.2204413,1.0264245468194784
5.27125,4.091418,1.0283354127816857
5.16625,4.1371512,0.8955933691127972
1.7825,3.7400713,0.6839048630172386
0.578125,1.1596366,0.3444473289623856
0.620625,0.8936726,0.3484426853655278
0.605625,1.0250778,0.3524937570864707
0.5762499999999999,0.5700925,0.353519058471471
0.604375,0.6172301,0.3528954256566614
0.601875,0.6789861,0.3606133925467357
0.603125,0.68888724,0.35685609703190624
0.831875,0.6607897,0.35588077996153383
1.964375,0.7724194,0.35143411951724435
2.415625,2.0891535,0.3619499123214185
2.9699999999999998,2.2564414,0.8151604339675604
4.155625,2.3933954,0.8020222836159915
3.1325000000000003,2.7037723,0.8276056811181456
2.40875,2.254833,0.8453570896844939
1.315625,1.9550688,0.8695647474163398
1.2306249999999999,1.2275249,0.7970595837121084
1.123125,1.1924965,0.6807943735039607
1.160625,1.2093881,0.6819562721037119
4.28125,1.2952249,0.8053673455808684
4.72625,3.7346358,0.8813124068937823
4.826875,4.0800986,0.9509807240275294
5.395,3.967047,0.9205763568216936
5.085625,3.7642772,1.029687730191201
4.660625,3.7536933,0.5080815229593217
1.056875,2.883138,0.3495766266367584
0.6625,0.6465985,0.3522952650374546
0.51125,0.5660751,0.3555641295775398
0.556875,0.4652802,0.35476173929855226
0.569375,0.46710736,0.35778377202372996
0.56625,0.5461774,0.36645487949363886
0.5562499999999999,0.5093863,0.3621794265397824
0.57375,0.48200613,0.3688487942710891
1.933125,0.50202745,0.35715998970448964
3.295625,2.063755,0.36618161031192165
4.866875,2.9395354,0.7814078153689951
3.779375,3.6759696,0.6958749352525919
2.608125,2.6622093,0.7160599271053075
2.6706250000000002,1.6337683,0.5944957815288752
1.45,2.0439043,0.5981829345483519
1.299375,1.4034213,0.6703056908365339
1.0506250000000001,1.3114039,0.7123571010380237
1.683125,1.2967907,0.7112313825104758
4.61625,1.6801902,0.8323035090058296
4.910625,3.9656835,0.8861870985228569
4.930625,4.175502,0.9201152353229374
4.8375,4.0701795,0.8703667888516561
4.343125,3.585963,0.8181927326636389
2.564375,3.1242092,0.4430518797935545
0.878125,1.4639547,0.35852067936211823
0.53125,1.2336637,0.3618385813554376
0.499375,1.1658398,0.36681388946630056
0.5275,0.9624032,0.3680449587826058
0.5475,0.9213099,0.3673236497398093
0.49499999999999994,0.89201957,0.3701814020131714
0.528125,0.89742875,0.37344164513109246
0.5425,0.91004735,0.36745214879790317
1.9056250000000001,0.9565091,0.36258592908656223
2.376875,2.0222318,0.3878229497404396
2.488125,2.233916,0.8109499406887963
2.3562499999999997,2.1233082,0.7561360349350049
2.483125,1.8682526,0.8543910942422599
2.430625,1.8287675,0.8043608319193124
1.35,1.9320477,0.8216386602843553
1.361875,1.3500855,0.7986426861276478
1.14625,1.2648019,0.7481094410653785
2.190625,1.3014679,0.7201037727787718
4.92375,1.9181231,0.8441960881113262
4.890000000000001,4.037279,0.8867187362780422
4.9243749999999995,4.122392,0.8757769056814909
5.00875,4.0320125,0.8866755793324114
4.691875,3.520804,0.926109067284614
4.58875,3.1151857,0.39816372269120065
2.125,2.7055755,0.34719337650869037
0.55,1.0321616,0.3499378293410688
0.5425,0.86594653,0.354390220788531
0.5225,0.54129666,0.35461198569390917
0.538125,0.590618,0.35764478273808953
0.51125,0.5168731,0.36428783768961204
0.535625,0.65586704,0.3579648717239871
0.52125,0.54666096,0.36260760722899804
1.8749999999999998,0.7518769,0.35404601175449785
2.525625,1.8806304,0.37238160888338456
3.07,2.4207597,0.8259348196018487
2.86375,2.5418823,0.7760022833416983
2.31625,2.1231263,0.8501571287678927
2.324375,1.6417869,0.830574888944514
1.156875,1.9650424,0.7923603106149286
1.06,1.2012461,0.8248618761382996
1.00375,1.1689467,0.7725581996089592
1.21625,1.0865418,0.8028935456026718
3.575,1.3214684,0.8327595971887558
4.87,3.248773,0.8872611383522302
5.275,4.156095,0.8477063524720073
5.293125,4.1054316,0.9304092632217333
4.874375,3.8459175,0.8303010466624796
4.378125,3.558829,0.4151769531315006
0.8875,2.5130312,0.34628458890993147
0.63625,0.5708948,0.3471180761104822
0.594375,0.587558,0.3516142723561078
0.62875,0.5063333,0.3560071112053841
0.620625,0.49222633,0.35686307390533384
0.595625,0.5061005,0.3603925745027512
0.635,0.5078213,0.3610982603325508
0.62125,0.48798236,0.36398818097589536
0.596875,0.50464654,0.3495072565809637
0.618125,0.5519656,0.3553418663240596
0.59,0.55031157,0.359029442939423
3.4006250000000002,0.62809277,0.3627718378460034
7.86625,2.7079587,0.37743047317409884
7.808125000000001,4.5015826,0.4033834207112714
7.875625,4.4614983,0.3738371092674136
4.2675,4.4337664,0.3623690230751782
1.8056249999999998,3.119696,0.35508172861482945
1.7781250000000002,1.2167566,0.36491802378196264
2.3525,1.3257844,0.37076860558172686
5.8425,1.92939,0.7326273602509871
8.374375,4.242423,0.7964793071821704
8.610625,5.087702,0.7521961945104226
8.433125,5.0185003,0.6177508966986089
7.916250000000001,4.7511725,0.3641503434482775
4.476875,4.323753,0.3613360471294075
0.7825,2.1120138,0.3789300524477474
0.578125,1.3494407,0.37118684422630815
0.54125,1.1031563,0.3618646698785759
0.568125,1.0704397,0.36274741878900674
0.569375,0.98801816,0.3651883776272833
0.54375,0.8717712,0.36450778362441805
0.568125,0.6746765,0.35951563134770836
0.56875,0.6890578,0.3535800064443424
0.568125,0.7754273,0.35754227253351356
0.60375,0.6713062,0.354804597235322
3.4425,1.1741664,0.3561010498226061
7.95625,2.9303493,0.6594989624104276
8.14125,4.6310754,0.5597648059365153
7.528125,4.5760508,0.4927807661018334
3.555,4.381935,0.35794169853724533
1.8275,1.6830318,0.3480380765415355
1.7637500000000002,1.1812981,0.3601659257859736
1.7775,1.2850357,0.35641839789394286
1.9131249999999997,1.3407425,0.3641264476567879
1.9362500000000002,1.8398595,0.3559926591104269
1.823125,1.8084419,0.367986427798029
1.881875,1.3138541,0.35739182124152774
2.590625,0.7357876,0.3550132057508081
1.57,1.2225243,0.3453724125440791
1.59625,1.3105041,0.354061958893761
1.551875,1.3716758,0.35881729615241287
1.538125,0.8122151,0.3624398881752789
1.524375,0.9688632,0.3557588840157911
1.8881249999999998,1.17861,0.35879113287705927
2.83,1.4672551,0.35497991609759627
2.828125,1.8566188,0.3684458050784282
2.9050000000000002,2.4796631,0.3523780406571924
4.071875,2.6446667,0.4000469552511535
4.9193750000000005,3.5140347,0.9172405641315133
4.811249999999999,3.8972058,0.8137422847737744
4.9275,3.3453443,0.896898841800727
4.760625,3.1852376,0.8942002369937301
3.424375,3.157827,0.8643161452063546
3.5900000000000003,2.4167,0.8801951602839679
1.880625,2.6502974,0.857018784114346
1.25125,2.0876794,0.8508259617555515
2.370625,2.0903687,0.8421738413483277
3.6587500000000004,2.580484,0.9063031688330696
4.813124999999999,4.0890355,1.0264245468194784
6.053125,4.4947395,1.028335512451306
5.9175,4.827517,0.895593568452038
3.9649999999999994,4.4538217,0.6839050623564794
1.269375,2.5916677,0.3444473289623856
1.505625,1.7452859,0.34844263553071764
1.5162499999999999,1.7533594,0.3524938567560911
1.509375,1.4704592,0.35351900863666086
1.4725,1.6308267,0.35289522631742054
1.510625,1.6849693,0.3606133925467357
1.53375,1.5307707,0.3568561468667164
3.118125,1.4208269,0.3558807301267236
2.8275,2.5312147,0.35143411951724435
3.283125,2.8573012,0.3619499123214185
4.456875,3.038509,0.8151603841327503
5.735625000000001,3.53524,0.8020221341115609
4.8875,3.7826135,0.8276056811181456
4.72375,3.324445,0.8453569900148735
1.9512499999999997,3.2608333,0.8695647474163398
1.161875,2.023994,0.7970595837121084
1.003125,1.7961439,0.680794473173581
1.059375,1.6596428,0.6819562721037119
2.321875,1.7528185,0.8053673455808684
3.6975000000000002,2.5299628,0.8813124068937823
5.04,3.8580012,0.9509806741927193
5.02625,4.4356976,0.9205763069868833
4.63625,4.0283184,1.029687730191201
3.925625,3.7264104,0.5080814482071064
1.30625,2.6040382,0.3495766266367584
0.590625,1.1410486,0.35229521520264445
0.555625,0.9541672,0.35556407974272963
0.5825,0.7482294,0.35476168946374204
0.59,0.8755638,0.35778387169335035
1.109375,0.94639546,0.36645487949363886
1.508125,0.9365357,0.3621794763745926
1.56125,1.182293,0.3688488441058993
2.908125,1.7005352,0.3571599398696795
3.8962499999999998,2.709447,0.36618158539451656
5.566875,3.416246,0.7814078652038052
3.9218749999999996,4.018582,0.6958749850874021
2.314375,2.7826784,0.7160600766097381
2.355,1.8252786,0.5944958811984956
1.1375,2.0772395,0.5981830093005672
1.125,1.7498509,0.6703060396802053
1.11625,1.7793798,0.7123572007076442
1.071875,1.7372028,0.711231432345286
2.154375,1.7775804,0.8323035090058296
3.861875,2.3797052,0.8861870985228569
4.885625,3.7950635,0.9201152353229374
4.96875,4.3495026,0.8703667390168459
2.8031249999999996,4.004998,0.8181927326636389
2.090625,2.162288,0.4430518299587443
1.9587500000000002,1.5964409,0.35852067936211823
0.59625,1.3669777,0.3618385813554376
0.586875,1.0933957,0.3668138645488955
0.5599999999999999,1.0599761,0.3680449837000109
0.583125,0.9908765,0.3673237244920246
0.583125,1.0732095,0.37018150168279185
0.585,1.0268902,0.3734416202136874
0.5549999999999999,1.0515835,0.36745214879790317
1.930625,1.1186606,0.36258592908656223
2.446875,2.0843506,0.3878229995752498
2.9475,2.3167436,0.8109499406887963
3.521875,2.37055,0.7561360349350049
3.38375,2.4807713,0.8543910942422599
2.373125,2.3859117,0.8043608319193124
1.225,2.0326335,0.8216386602843553
1.0587499999999999,1.4534132,0.7986426362928375
1.060625,1.3380511,0.7481094410653785
1.0856249999999998,1.4231744,0.7201037727787718
1.125,1.490456,0.8441960881113262
2.77625,1.462313,0.886718686443232
3.3918749999999998,2.598093,0.8757769056814909
3.7168750000000004,3.4788194,0.8866755294976012
3.2199999999999998,2.8764312,0.926109067284614
3.053125,2.1677494,0.39816372269120065
1.764375,1.6370122,0.3471933266738802
0.528125,0.76353556,0.3499378293410688
0.531875,0.6672281,0.354390220788531
0.53375,0.5636362,0.354611935859099
0.499375,0.58267164,0.35764478273808953
0.55125,0.5877285,0.36428783768961204
0.530625,0.64693046,0.3579648717239871
0.8800000000000001,0.58955044,0.36260760722899804
1.589375,0.8899003,0.35404601175449785
3.3025,1.8642092,0.3723815839659795
3.54625,3.0535028,0.8259347697670385
3.47875,3.0907853,0.7760022833416983
3.5493750000000004,2.3940992,0.850157178602703
3.36375,2.458682,0.830574888944514
3.35,2.4736252,0.7923605099541694
3.5,2.393384,0.8248619758079201
2.7956250000000002,2.5404499,0.7725581996089592
1.013125,2.1540577,0.8028935456026718
1.7306250000000003,1.4367058,0.8327595971887558
3.48625,1.6650794,0.8872611383522302
3.8031250000000005,3.5663939,0.8477063524720073
3.9575,3.6549034,0.9304092133869232
3.2406249999999996,3.1797657,0.8303010964972898
1.745625,2.3519015,0.4151769032966904
0.60875,1.0829898,0.34628453907512124
0.593125,0.74786675,0.34711817578010257
0.56375,0.7136252,0.3516142723561078
0.5918749999999999,0.64008856,0.3560072607098147
0.591875,0.5731267,0.35686312374014406
0.59625,0.72039825,0.3603926243375614
0.564375,0.76430434,0.36109823541514574
0.5725,0.67511857,0.3639882308107055
0.608125,0.6971065,0.3495071569113433
0.5862499999999999,0.72705215,0.35534171681962906
1.9493749999999999,0.674244,0.3590294927742332
1.425,1.5815207,0.3627719125982187
0.6275,1.277047,0.37743044825669375
0.51625,0.7717725,0.4033834207112714
0.4925,0.6246559,0.3738371341848187
0.48312499999999997,0.61171997,0.3623691725796088
0.48750000000000004,0.68592167,0.35508157911039884
0.465625,0.68270314,0.3649179739471525
1.01,1.0265548,0.37076860558172686
1.123125,1.2280626,0.7326273104161769
3.65375,1.2126033,0.7964793071821704
6.786875,3.4318495,0.752196294180043
5.915,4.406295,0.6177511458726599
1.7518749999999998,3.966042,0.36415036836568265
0.5425,1.028229,0.3613360222120024
0.506875,0.7996237,0.3789300524477474
0.503125,0.5366205,0.37118684422630815
0.536875,0.61212844,0.3618645702089555
0.479375,0.52531344,0.3627475433760322
0.53375,0.5180192,0.3651882779576629
0.543125,0.5025121,0.3645078334592282
0.5075,0.5068353,0.3595156811825186
0.505,0.51222676,0.3535799566095322
0.5225,0.47787097,0.35754227253351356
0.49625,0.4689359,0.35480464707013215
1.610625,0.8263545,0.3561010498226061
3.225625,1.2810651,0.6594990620800479
3.1262499999999998,2.5448558,0.5597647810191102
2.5825,1.7222959,0.4927808159366436
0.524375,1.437482,0.35794174837205556
0.42625,0.6001524,0.34803802670672535
0.439375,0.49936837,0.3601658261163532
0.48312499999999997,0.5165853,0.35641849756356325
0.4856250000000001,0.4732177,0.3641263978219777
0.47062500000000007,0.52828825,0.35599260927561666
0.514375,0.4855838,0.3679864776328392
0.6912499999999999,0.46458313,0.3573917714067176
0.55375,0.45196748,0.3550131559159979
0.568125,0.47397533,0.3453724125440791
0.5175,0.48447046,0.3540620585633814
0.54,0.47380087,0.35881729615241287
0.535625,0.44294047,0.3624399878448993
0.5325,0.44739017,0.35575883418098087
0.5125,0.45300636,0.35879113287705927
0.535625,0.49074686,0.35498001576721666
0.5462499999999999,0.46762338,0.3684457801610231
0.628125,0.53307736,0.3523780406571924
1.07875,1.2528512,0.40004700508596375
1.024375,1.1199999,0.9172406638011337
0.971875,1.1560395,0.8137423844433948
0.94,1.1202586,0.8968989913051576
1.12,1.0673422,0.8942002369937301
0.9974999999999999,1.1688142,0.864316244875975
0.928125,1.1099937,0.8801951602839679
0.9662499999999999,1.0133574,0.8570188339491561
0.9756249999999999,1.0790871,0.8508259617555515
1.2818749999999999,1.1577545,0.8421738413483277
3.058125,1.4504933,0.9063031688330696
3.6956250000000006,3.0854218,1.0264245468194784
3.7787499999999996,3.3807125,1.028335512451306
3.83,3.2444289,0.8955936182868481
1.7387499999999998,2.734842,0.6839050125216692
0.50875,0.57341266,0.3444474784668162
0.533125,0.47120547,0.348442735200338
0.534375,0.4571044,0.3524938069212809
0.50125,0.42396572,0.353519058471471
0.5331250000000001,0.44317648,0.35289537582185115
0.52875,0.4502626,0.3606134922163561
0.53375,0.44168198,0.35685609703190624
0.501875,0.45428053,0.3558806802919134
0.649375,0.46943438,0.35143411951724435
1.05,1.1320225,0.36194986248660826
0.9950000000000001,1.1228768,0.8151604339675604
0.948125,1.0520368,0.8020223334508016
0.96,1.01719,0.8276057309529558
0.969375,1.060842,0.8453571893541143
0.931875,0.9493918,0.8695647474163398
0.9643749999999999,0.8887524,0.7970596833817288
0.961875,0.992547,0.6807944233387708
0.9531250000000001,1.0550051,0.6819561724340916
1.916875,1.0773647,0.8053672957460581
3.555625,2.0100064,0.8813124068937823
3.754375,3.385004,0.9509806741927193
3.86875,3.563656,0.9205763568216936
3.41875,2.8654704,1.029687730191201
3.4443750000000004,2.5724633,0.5080814731245115
2.79125,1.9879953,0.3495765768019482
0.584375,0.741118,0.3522952650374546
0.581875,0.45535597,0.35556407974272963
0.579375,0.4151173,0.35476168946374204
0.565,0.4194109,0.35778387169335035
0.596875,0.4486939,0.36645497916325925
0.590625,0.4463024,0.3638041410218365
0.57375,0.43065947,0.3665872158321179
0.671875,0.46051148,0.3585223737456649
1.123125,0.81688976,0.36929997372521084
1.0475,0.97892374,0.4515016957887821
0.97375,0.8227016,0.43590050977801903
1.01875,0.60379654,0.4568889135233313
1.08375,0.76715994,0.4043250245325453
1.240625,0.8917845,0.48168078473512077
1.1256249999999999,1.0252216,0.5435013402156346
0.984375,1.0780965,0.8136055380545929
0.9800000000000001,1.1151769,0.8746487950830535
0.989375,1.0799452,0.955800398026146
2.680625,1.2151445,0.9179823054464907
5.373125,2.4476075,1.1376751790863275
5.571875,3.994466,1.3249587812712789
5.06125,4.005042,1.0529902881002426
3.6162500000000004,3.4257007,0.6551162898624315
0.514375,1.6798937,0.6020445094035193
0.535625,0.9695529,0.5933776877272874
0.53625,0.97310114,0.7500937635378166
0.50625,0.90032,0.8767377706569062
0.536875,1.0907471,0.8371893636323885
0.51,0.8942912,0.7327272790454328
0.531875,0.89374566,0.7715553737233579
0.50625,0.8615955,0.881857749221772
0.6599999999999999,1.0759466,0.8819105741205812
1.076875,1.0145456,0.7324525397368148
0.969375,1.1051147,0.9488598541751504
0.9637499999999999,1.0671574,0.9380625445281715
0.9806250000000001,1.0434493,0.9357499103261531
0.9806250000000001,0.97704715,0.8181661208749935
0.9349999999999998,1.0022206,0.8633927560082079
0.963125,0.86300313,0.9650492404506729
0.974375,0.99051577,0.9006366020699591
0.9824999999999999,0.77055323,0.7436562024261429
0.9756249999999999,1.0701654,0.7365260869571566
1.071875,0.91323566,0.882649375181757
1.07,0.9884394,0.6908066852207109
1.25875,0.91670823,0.7067944398541748
0.629375,0.5265696,0.6287791408560425
0.51,0.40300435,0.4339240113707818
0.53375,0.43679,0.36496546652127054
0.526875,0.4439981,0.35697031841687854
0.4956249999999999,0.4660227,0.38993816334186115
0.518125,0.4342688,0.3907907123573124
0.5325,0.45237643,0.3785404439016245
0.53125,0.43047154,0.3901092462452687
0.4731249999999999,0.4593458,0.38091350281100717
0.531875,0.42627704,0.42173932552531357
0.65625,0.5911647,0.38161587462592866
1.061875,0.85301566,0.44929177113058044
0.969375,0.9869084,0.7260378029682114
1.035625,1.0475348,0.6511446049941331
1.118125,0.8852604,0.7648885226499661
1.24375,0.9641793,0.6973222378103434
0.9524999999999999,1.1161762,0.7450592516724392
0.92125,0.9121093,0.8616334875386209
0.98125,0.8907957,0.8050721241652593
0.9899999999999999,0.92159724,0.8106967798529937
2.379375,1.0626608,0.840478760114275
4.686875000000001,2.2644668,0.9217287369726971
6.54625,3.895359,0.8766361574789138
8.61,4.3722854,0.9460019274799526
7.320625,4.6296387,0.8747527006623149
5.453125,4.3073606,0.431473658670783
4.171875,3.353339,0.3607484448823705
3.809375,1.5866904,0.3593341329689696
3.8725000000000005,1.6225151,0.36725791762515897
3.7743750000000005,2.6514318,0.3697596250970661
1.576875,2.6669714,0.36986136286208404
0.756875,1.3597126,0.3755234943270869
0.75125,1.0003208,0.376324240057338
0.731875,0.87544584,0.38094365287117654
0.72875,0.9535926,0.3663057239067182
0.7887500000000001,1.0048914,0.369635112823788
3.11125,1.0886084,0.3763330608187429
4.920625,2.499693,0.3783849592938088
6.1725,3.7138147,0.39321485194714734
5.995,4.2617126,0.41369947559617454
5.9662500000000005,4.0797257,0.39379540256854145
6.161875,4.085186,0.3814422999820113
7.458125,4.1730547,0.37293572213796894
8.15625,4.382213,0.379309993040692
9.180625,4.7378554,0.39091542396983125
9.415625,4.87036,0.745451601133123
12.06625,5.1348696,0.8265684193786978
12.15625,5.4639525,0.7786090425935015
10.24375,5.483885,0.6647249894513935
6.315625,4.9839635,0.38484556900519873
2.033125,3.170597,0.37717992866583167
0.515,2.2004287,0.3935910300119221
0.491875,2.2083457,0.3875276286552101
0.5425,1.8124883,0.37739401901043945
0.51,1.6700151,0.37476326429752627
0.45562500000000006,1.968116,0.3777477215758152
0.498125,1.9797044,0.3807960919981822
0.5325,1.6594678,0.3796721675238013
0.451875,1.4665775,0.3707452579731494
0.53875,1.5844986,0.37199394389485935
0.42937500000000006,1.7755585,0.3695810420547239
1.326875,1.8544171,0.37050545286647973
2.173125,1.8356789,0.6784602604987472
2.399375,2.1958933,0.5787026069118268
2.59375,1.950952,0.5197347205540351
3.2375,1.9985102,0.37744350497696544
1.9274999999999998,1.9156837,0.36376374990817156
1.82625,1.4364991,0.3725826674251258
1.83125,1.7687885,0.36967311186656354
1.870625,1.6496994,0.37752889692423863
1.8499999999999999,1.8522357,0.36511033631451423
5.6575,1.7868975,0.375616685422156
3.529375,3.7645743,0.3711627740129828
1.660625,1.3639843,0.3732189084469154
0.513125,0.98920983,0.3596317464554682
0.5275,1.1907865,0.36610120184566824
0.49312500000000004,1.1819043,0.3705066489019245
0.4912500000000001,0.8981546,0.3744413812584616
0.545625,0.69958067,0.3634855719976499
0.79,0.7458379,0.3655671221847832
1.795625,0.78076845,0.3672314304235391
1.76625,1.1663043,0.3829083902632072
1.934375,1.7055002,0.36439844605084504
2.27875,2.1176918,0.41008782231414687
3.896875,2.3613937,0.9438350102629514
4.819375,2.9903936,0.8497234164147452
4.8825,3.3560429,0.9264462994452194
4.855,3.2338948,0.9151187972525507
3.593125,3.1846836,0.8934076641723514
3.5343749999999994,2.5184295,0.9170910597009212
3.4831250000000007,2.5769904,0.8894410126198828
2.6075,2.5409565,0.8772153874778376
2.443125,2.355112,0.8660814935227856
4.438750000000001,2.765649,0.9340000606356934
5.04875,4.356784,1.0559942307893186
5.073125,4.506871,1.054254198556468
4.964375,4.4227614,0.9336386087573321
4.590625,3.8836935,0.7147417963755875
3.09375,2.9588895,0.35473657271940257
0.788125,1.8500805,0.3567714276893809
0.56375,1.6834295,0.3602699808696657
0.625625,1.1530274,0.361904836735595
0.573125,1.253926,0.3578553348111733
0.555,1.2536706,0.36423984676739196
0.555625,1.2224749,0.3652817929789982
0.8256249999999999,1.1213601,0.367651338534262
1.9524999999999997,1.356508,0.3600823029744625
2.3362499999999997,2.2283063,0.3671536133674159
2.361875,2.333376,0.8289896934669464
2.396875,2.1822195,0.8161319137575477
2.551875,2.0578542,0.8383599833239243
2.611875,2.1071448,0.8509370933822915
1.419375,2.2002954,0.8824197862111778
3.4825000000000004,1.5999544,0.8032672070095315
3.665,2.489913,0.6795595665768907
3.674375,2.8500922,0.6796140360244363
3.319375,3.167084,0.8005191660708189
4.815625,3.7248466,0.8881672348712385
4.8325,4.20243,0.9563036797743292
5.074375,4.1734443,0.9257226481663436
4.745625,3.8111753,1.0415979508195072
4.913125,3.6692455,0.5075580830304138
3.434375,3.1429837,0.35585058006655423
2.076875,1.8641163,0.35743697157956655
0.551875,1.3921117,0.3603924748331308
0.606875,0.8109047,0.36005688722126183
0.5925,0.6537422,0.3608951585635915
0.55125,0.84082866,0.3684729650499858
0.58875,0.7816353,0.3674794084390811
0.579375,0.7312678,0.3738845769241266
1.931875,0.81051123,0.3626329980647936
2.33625,2.149104,0.3706785789971053
3.233125,2.3126278,0.7777548739467188
5.015625,2.8742876,0.686906612974666
5.00375,3.546311,0.6992415258554742
4.84375,3.471657,0.5803034256023913
3.72,3.237526,0.5853139170892536
2.20125,2.7048805,0.6535593507222458
1.165,1.9279406,0.693162924881652
1.0375,1.6276699,0.689606264312677
2.474375,1.7788067,0.8316520185321197
4.34375,2.5470638,0.8899568029054254
5.105,4.075375,0.924430880051218
5.02625,4.3980055,0.872464934030585
4.588125,3.9816554,0.8223966975822672
4.4475,3.6052299,0.4367617549678497
1.6843750000000004,2.8603978,0.3625108529449999
0.750625,1.5234305,0.3650825284904241
0.5237499999999999,1.4818943,0.3698645024551265
0.535625,1.0877216,0.37028735081965103
0.520625,1.0817112,0.3693627905034646
0.52875,1.0260262,0.3714783529485575
0.51125,1.1190392,0.37439812464321026
0.53625,1.0904783,0.3720911466921493
1.840625,1.2776575,0.3657997759961895
2.278125,2.0940452,0.38837579220736396
3.37875,2.2559953,0.8124083065744117
4.92125,2.6228275,0.751095841901265
4.83375,3.2401578,0.8527162957759574
4.770625,3.2031538,0.8010853891842812
3.83375,3.2931767,0.8215399873601645
3.19375,2.7414112,0.7905170206553489
1.218125,2.3146293,0.7391005532519519
1.039375,1.5933344,0.7110053816462307
2.3899999999999997,1.5670178,0.8417720232737065
4.16875,2.2629378,0.8860008160023392
5.01875,3.8559544,0.8749480531182886
4.88,4.3744764,0.8862257205007599
4.354375,3.7444155,0.92576969222717
4.430625,3.0814118,0.39882605223612855
3.4556249999999995,2.7517965,0.3496503323210403
2.02,1.8335857,0.3519609731306508
0.513125,1.5335116,0.35628847854375834
0.54125,0.86539674,0.3567339020773023
0.51125,0.93529785,0.3589660032260418
0.48625,0.84719265,0.36516630080636586
0.514375,0.8876394,0.36004522587567567
0.515,0.75470597,0.3654085976535454
1.69625,0.9900866,0.3561468978479877
2.2906250000000004,2.0169263,0.3729350493680313
3.07,2.3546708,0.826694202439636
4.73,2.623894,0.7728946842474117
4.644375,3.3559694,0.8487022513189912
4.72625,3.2946362,0.830376646069549
3.631875,3.3136096,0.7881333718487993
3.401875,2.5568583,0.823873851191327
3.4774999999999996,2.4153907,0.7731061333470791
1.734375,2.5186734,0.8038737963192537
3.04875,1.9594455,0.8326754760291427
4.5649999999999995,2.7355478,0.8871182619513944
5.863125,4.262718,0.8472394501352684
6.015,4.525501,0.9301301882846281
6.310625,4.3831344,0.8301750642623007
7.7875,4.407049,0.41193736654240637
5.586875,4.674375,0.3477051800094172
0.610625,2.868032,0.3483055898026749
0.51,1.4311093,0.35271851208046073
0.505,0.9668352,0.35724924384955314
0.53375,0.84816235,0.3576473741482198
0.5025,0.96156484,0.3609029327939823
0.55875,0.8636875,0.3622998025238141
0.551875,0.78392905,0.3655892488405108
0.51875,0.93803364,0.350725468516238
0.53625,1.0375205,0.3563315358197689
0.486875,1.0322624,0.35994675229072565
0.6543749999999999,0.8686479,0.363807803880386
2.276875,1.0699567,0.37765762023897836
2.3875,2.1273713,0.40315921390019355
2.42625,2.1593769,0.37406378290159625
2.27125,2.1165879,0.36367728651247916
2.415625,1.7275101,0.3560748367124423
2.438125,1.8701894,0.36521224850136785
2.4543749999999998,2.0928643,0.3710236601403169
2.396875,2.1473763,0.7310472479240596
2.6418749999999998,2.1206045,0.7957961217691749
6.047499999999999,2.3192098,0.7512171896640956
8.07,4.1754475,0.6153964012560248
8.048124999999999,4.7698307,0.36507500343408433
6.836875,4.542557,0.3616580298380926
4.130625,3.6036093,0.3790942581473477
0.46937500000000004,2.399858,0.37141394145637746
0.518125,1.0588633,0.36255528067829085
0.52,0.8911604,0.36317074058422816
0.49000000000000005,0.74993134,0.36545810853747646
0.520625,0.7422612,0.3651524716465361
0.48125,0.65998024,0.36037852108627555
0.48812500000000003,0.76984304,0.35424983612820504
0.494375,0.7606505,0.35807709971655155
0.47687499999999994,0.5796404,0.3553028456676751
0.865625,1.063459,0.3566647313607484
1.060625,1.1355462,0.6591912822922691
2.533125,1.1253421,0.559404126497712
1.17625,1.3880525,0.49179134578017514
0.7525,0.5508595,0.3586317611540481
0.764375,0.74542546,0.34856996347077185
0.76,0.6048609,0.36035853732738643
0.8025,0.6349719,0.35681916943755
0.8325,0.540322,0.3645858747719973
0.878125,0.8161938,0.3562732789266482
3.040625,0.6202029,0.36807553243866187
1.990625,1.3445768,0.35780510132249443
0.52375,0.52866393,0.35557075760729606
0.490625,0.57043606,0.3458017394339293
0.515,0.5797862,0.3544092576860264
0.53125,0.5582455,0.359142069610469
0.5075,0.50087315,0.3628136741691641
0.515625,0.5248947,0.3559832403312996
0.50625,0.51294404,0.35893012216269965
0.514375,0.53659254,0.35530927435819054
0.513125,0.5137675,0.3686998380234092
0.5800000000000001,0.7130905,0.3525767818802595
1.0943749999999999,1.3831203,0.39971136763928455
1.120625,1.2817209,0.9169038303190098
1.7612499999999998,1.2966462,0.8134992902392522
2.311875,1.6714132,0.8965848824964837
2.37125,2.0691679,0.8939676080997289
1.105625,2.0575051,0.863966005829908
1.078125,1.1943085,0.8797831260732561
1.096875,1.1204782,0.8566425312973559
1.138125,1.2241344,0.8504736296474562
2.906875,1.3661215,0.8419235210967064
4.828749999999999,2.9917805,0.9059981797946618
4.9193750000000005,4.087808,1.0260615500620007
5.085,4.033769,1.0280010212052615
5.155625000000001,3.9412203,0.8951190912241489
5.035625,3.6733406,0.6829683174291997
2.936875,3.0843935,0.34464876126520333
0.565,1.1055487,0.3486097814841196
0.589375,0.8047193,0.35265626840252423
0.596875,0.4796374,0.3537087297590822
0.55375,0.5084678,0.3530070556315034
0.5800000000000001,0.5878125,0.36068316128101197
0.610625,0.5038237,0.3570196548789739
0.7193750000000001,0.48594785,0.35609975411754097
1.864375,0.5499168,0.3516050529162213
2.34,1.9664755,0.36205189926048736
2.375625,2.1359944,0.8150966454105079
2.355,2.0390353,0.8019700069000945
2.411875,1.7453701,0.8274856788951903
2.39125,1.7892449,0.8452647956160084
1.4056250000000001,1.8438683,0.8694055750325695
1.2625,1.2160765,0.7966561210887506
1.33625,1.1608934,0.6803477041001618
1.125,1.3116235,0.681440382148549
3.539375,1.2492197,0.8051758802400901
4.728125,3.3140771,0.8811790987765045
4.7275,4.0121784,0.9508731805071235
4.913125,3.9562802,0.9204711555373669
4.8125,3.488573,1.029515501087159
3.9968750000000006,3.5540392,0.5079446765705198
1.615625,2.418698,0.34969079818692056
1.0425,0.6485492,0.35237948586668816
0.511875,0.5397727,0.3556534833922237
0.55,0.45401594,0.35485732246451074
0.55375,0.46816322,0.357839836185202
0.5525,0.5333072,0.3664854282322898
0.51,0.4914379,0.36225933665793386
0.5275,0.4599148,0.3689371015547588
1.7181250000000001,0.49501047,0.35723833002611993
2.30125,1.9118744,0.36623807315187523
3.5237500000000006,2.1585994,0.7814067688379809
5.0775,2.939864,0.6958162298461794
5.008125,3.414698,0.7159688290722668
4.7775,3.3132832,0.5943930969024636
1.95,3.058116,0.5980882982437871
1.335625,1.6095171,0.6701917684604227
1.190625,1.3113705,0.7122185104308649
1.10125,1.3416154,0.7110497346273065
2.72625,1.5028882,0.8322680266209691
4.83,2.6417232,0.8861778292481601
4.9225,4.1297126,0.920103025794439
5.005,4.1550574,0.8703295124136284
4.523125,3.7571254,0.8181840115718543
4.8462499999999995,3.4114614,0.44304500258974727
1.9000000000000001,3.066883,0.35854798883810635
1.40875,1.284661,0.36185649696970357
0.573125,1.2621455,0.3668339978122152
0.569375,0.9026977,0.36805315660888327
0.534375,0.87339354,0.36733276951007543
0.55625,0.8495115,0.3701857127242535
0.5706249999999999,0.92717135,0.3734620774032734
0.581875,0.949572,0.3674783369906619
1.75,1.1328712,0.36259651898372913
2.35,1.939515,0.38783376389425245
2.740625,2.2029724,0.8109444090248644
4.044375,2.1968079,0.7560911836058274
3.7306249999999994,2.6321132,0.8543572065713257
2.429375,2.488818,0.8042959968312456
1.555625,1.9638013,0.8216068656754494
1.4,1.3256093,0.7985893130459264
1.3,1.3097671,0.7480505861545353
1.14375,1.3474948,0.7200491039919853
3.5631250000000003,1.3846507,0.8441655892074854
4.83875,3.070667,0.8866806624830514
4.99,4.057583,0.8757448618985341
5.15875,4.143105,0.8866392995905876
4.52125,3.6779199,0.9260799637554586
4.452500000000001,3.0432925,0.3981642210393026
3.5181250000000004,2.6146104,0.3472075295947864
2.033125,1.5066388,0.3499428626568988
0.554375,1.2361484,0.3543991412195563
0.566875,0.5835922,0.3546200589331612
0.523125,0.6707151,0.3576508127501234
0.501875,0.61923975,0.3642948394804448
0.49750000000000005,0.6544493,0.35797000470943746
0.5062500000000001,0.5320488,0.36261338806698096
1.6624999999999999,0.7354085,0.35405363648045807
2.30875,1.7939593,0.3723849478156678
3.6075,2.2518952,0.8259373113423586
4.93125,2.957101,0.7759839939663559
2.7399999999999998,3.357921,0.8501433743602783
2.919375,2.0630107,0.8305688589324802
1.80375,2.1882372,0.7923478519123792
1.1868750000000001,1.4471755,0.824847075199671
1.155,1.2186631,0.7725564055557921
1.151875,1.2199515,0.8028882132779807
3.725625,1.3092666,0.8327564575957134
4.830625,3.3093052,0.8872498756851257
4.930625,4.183108,0.8476960865011067
5.06125,4.039337,0.9303980005546287
5.03375,3.7333474,0.8302903820130974
10.061875,3.671719,0.4151691041488945
1.2662499999999999,4.8230314,0.346288775033988
0.569375,1.1125926,0.34711942165035753
0.6168750000000001,0.6923376,0.35161900666307655
0.618125,0.57136667,0.35601159633830187
0.5975,0.5013764,0.3568655158110335
0.59375,0.6563202,0.3603951160780713
0.599375,0.5375117,0.36109980521166696
0.57875,0.502221,0.3639895015983656
0.5606249999999999,0.5296645,0.34951019683476536
0.545625,0.69102407,0.35534226500254124
0.538125,0.6389614,0.3590329313761368
2.7356249999999998,0.668849,0.36277487776942546
4.783125,2.2357767,0.37743256623612714
7.4506250000000005,3.6281528,0.4033839688941836
7.520625,4.3885975,0.37383907774241637
7.5125,4.448044,0.3623696958451159
2.91875,4.425829,0.3550837220072373
1.9143749999999997,1.8254678,0.3649191949000023
2.34125,1.3851796,0.3707712966614775
4.11125,1.7409284,0.7326241708231345
5.018125,3.390684,0.7964769151112809
7.440625,4.20109,0.7521923572300374
7.988124999999999,4.701353,0.6177494514891132
8.0125,4.688726,0.36415146473150695
1.224375,4.40391,0.3613379657696001
0.5856250000000001,1.3417535,0.37893102422654623
0.61375,1.2448295,0.37118863827947524
0.6075,1.0112488,0.36186584099661556
0.55375,1.0005122,0.3627477177978679
0.54625,0.69295514,0.36518875138835977
0.5475,0.7899983,0.36450768395479766
0.67125,0.592166,0.3595151828344166
1.8093750000000002,0.6367883,0.3535804549576342
1.786875,0.9344008,0.35754137550693
1.77375,1.0177531,0.3548058929403871
4.665625,2.1181638,0.35610189701437944
8.46625,3.7344549,0.6594999591066315
8.47,4.70241,0.5597651298627816
8.205,4.595418,0.4927825103201903
8.241875,4.474281,0.3579410008499026
8.49,3.949813,0.3480382260459661
8.595625,4.0712276,0.3601659257859736
8.560625,4.6265388,0.35641929492052643
8.58125,4.8387766,0.36412679650045926
8.365,5.077086,0.35599285844966766
5.385625,5.0572557,0.3679865025502443
5.404999999999999,3.9457326,0.3573910737193748
1.805,2.7230525,0.3550124582286551
0.58,2.094395,0.34537251221369947
0.54625,2.2192194,0.35406141071084885
0.57875,2.0183375,0.35881784433532504
0.528125,1.7236459,0.3624399878448993
0.939375,1.9754497,0.3557589836854115
1.654375,1.9753028,0.35879108304224905
4.798125000000001,1.8516452,0.3549793180798739
8.254375,3.69969,0.3684457801610231
8.3975,5.110496,0.35237843933567403
8.7575,5.135907,0.40004922273501753
10.420625000000001,4.9764476,0.9172414113232866
11.3925,5.253153,0.8137425837826356
11.306875,5.227043,0.8968986922962964
11.114375,5.298788,0.8941991406279057
5.306875,5.2238865,0.8643151485101507
5.658125,4.0704336,0.880193914413713
8.45,3.5597475,0.8570178372529522
5.805,4.914339,0.8508253637378291
3.966875,4.2684894,0.8421736918438971
5.93375,4.1134896,0.9063027701545879
6.077500000000001,5.180563,1.0264235501232744
5.96875,5.1952095,1.0283339177373798
5.739375,5.1039767,0.8955916747292504
5.605625,4.5997887,0.6839049128520488
1.961875,3.995196,0.3444469801187142
1.504375,2.3383987,0.34844173850413407
1.539375,2.239109,0.3524937072516605
1.56875,2.1467514,0.35351860995817924
1.523125,2.206153,0.3528951764826104
1.565,2.191903,0.3606129440334439
1.554375,1.9744476,0.35685529967494306
1.598125,2.0536132,0.35587973343051965
4.246875,2.1036706,0.35143377067357295
8.7525,3.847239,0.36194941397331654
9.201875,5.3886614,0.8151599356194585
11.20625,5.425448,0.8020217354330793
11.349375,5.491319,0.8276051329352334
11.265625,5.472434,0.8453561428231001
11.160625,5.3238225,0.8695639998941869
11.1975,5.387327,0.7970600322254002
11.157499999999999,5.41006,0.6807950711913034
7.765625,5.433003,0.6819578668176383
4.784375,5.0999675,0.8053675449201092
5.8625,4.6441936,0.8813123570589722
5.95,4.9284115,0.9509802256794274
5.955,4.7295594,0.920575708969161
5.58625,4.2376523,1.0296865341557564
5.159375,4.2333784,0.508081846885588
1.818125,3.3750803,0.34957617812346664
1.6175,2.3248243,0.35229461718492205
1.628125,2.2684848,0.355563930238299
1.64125,2.2623236,0.3547611911156401
1.5918750000000002,2.3185496,0.35778362251929935
1.61375,2.29901,0.3664546054021828
1.595625,2.2513297,0.3621790278613008
1.6025,2.2047303,0.3688485700144432
2.738125,2.3406165,0.3571595411911979
3.325625,2.8671048,0.3661809624593891
5.09375,3.3553448,0.7814074665253237
7.012499999999999,4.4135065,0.6958754336006939
10.604375000000001,4.773566,0.7160606247926503
5.65,5.528818,0.5944965788858384
5.9125,4.3329988,0.5981835574834793
5.851875,4.126327,0.670306986541599
5.258125,4.121664,0.7123584964127093
4.4624999999999995,3.8000422,0.7112332762332633
3.04,3.7976482,0.832303857849501
5.789375,3.747112,0.8861872978620977
6.00875,5.0080876,0.9201152851577477
6.0175,5.251059,0.8703669383560867
5.475,4.8687468,0.8181927824984491
4.2175,4.47739,0.44305260239830235
1.88875,2.928159,0.3585204800228774
2.2075,2.2461982,0.36183820759436114
1.6887500000000002,2.180879,0.3668138396314904
1.634375,2.1555192,0.3680448840303905
1.624375,2.087501,0.3673235999049991
1.605,2.1209128,0.3701814518479816
1.645,1.9706025,0.373441520544067
1.626875,2.0431678,0.3674518248716369
2.788125,2.0594068,0.36258592908656223
3.34375,2.717843,0.3878228251534141
4.425,3.1671925,0.8109499905236065
6.06375,3.8301935,0.7561366329527274
5.864375,4.143295,0.8543913932511211
5.922499999999999,4.204256,0.8043614299370349
5.160625,4.2715697,0.8216389094584062
4.945625,3.7842674,0.7986433838149904
4.95375,3.6096373,0.7481100390831008
4.828125,3.5857987,0.7201046199705451
3.46875,3.901273,0.844196287450567
4.948125,4.303083,0.8867190352869034
5.07,4.7777143,0.8757770551859215
5.14875,4.848367,0.8866756790020317
5.203749999999999,4.161996,0.9261091669542343
6.465,4.1039877,0.3981636728563904
7.365624999999999,4.6339183,0.3471932270042598
1.758125,4.4692307,0.34993767983663826
1.576875,2.0976195,0.35439037029296155
1.591875,1.9770947,0.3546120355287194
1.55125,1.9424784,0.35764468306846914
1.56125,2.0268297,0.3642877131025865
1.575625,1.9601667,0.35796472221955655
1.573125,2.0471282,0.36260740788975726
2.73875,2.1097217,0.3540459619196877
3.27375,2.7707362,0.3723815092137642
4.920625,3.2448456,0.8259348196018487
5.770625000000001,4.372895,0.7760024826809391
5.155,4.290299,0.8501572782723233
4.944375,3.698868,0.8305749886141345
4.75875,3.6377459,0.7923607591282203
4.7375,3.5725229,0.8248619758079201
4.9281250000000005,3.6036716,0.772558149774149
3.843125,3.7322223,0.8028934459330513
3.8574999999999995,3.3860533,0.8327596968583763
4.92875,4.182617,0.8872611881870405
5.035625,4.773734,0.8477064023068175
5.083125,4.599199,0.9304095123957843
4.6450000000000005,4.2030215,0.8303012460017204
4.44125,3.81581,0.41517710263593116
1.826875,2.8896132,0.34628453907512124
1.626875,1.9996164,0.3471180761104822
0.77875,1.9843239,0.3516142225212976
0.60875,1.8879082,0.3560071610401943
0.609375,1.5025142,0.35686307390533384
0.58375,1.5932565,0.3603925745027512
0.580625,1.468944,0.36109816066293043
0.663125,1.4728366,0.36398820589330044
1.8231249999999999,1.3950012,0.3495072067461535
2.41625,2.011875,0.35534176665443923
2.719375,2.2259483,0.3590295426090434
2.75125,2.8122056,0.3627719375156238
2.365625,2.5197177,0.37743042333928867
2.083125,2.2506654,0.4033835452982969
2.09625,1.9741213,0.3738370095977932
3.6018749999999997,1.9967961,0.3623691974970139
4.36,2.711809,0.3550817784496396
2.97125,3.8052633,0.36491802378196264
2.4518750000000002,2.5819118,0.37076860558172686
2.51,2.2941542,0.7326275595902279
2.535,2.4832778,0.7964794068517909
7.595624999999999,2.570857,0.7521962443452328
7.677499999999999,4.951034,0.6177510462030396
7.653124999999999,5.0708714,0.3641502437786571
2.965,4.7184896,0.3613360471294075
0.585,2.0467875,0.3789301271999627
0.585,1.6596808,0.37118679439149793
0.61,1.4660826,0.3618645951263606
0.596875,1.3856286,0.36274749354122204
0.586875,1.2739857,0.3651883277924731
0.56625,1.0590632,0.3645078334592282
0.59125,1.1000513,0.359515531678088
0.57375,1.1276832,0.3535799566095322
0.569375,1.0424552,0.3575423223683238
0.5175000000000001,0.91785884,0.354804597235322
0.9968750000000002,1.5680687,0.35610099998779593
1.06375,1.5618535,0.6594989125756174
1.02875,1.4625536,0.5597647561017051
0.565,0.88110846,0.492780666432213
0.56625,0.81510776,0.3579417982068657
0.5331250000000001,0.9621262,0.34803802670672535
1.875625,0.8510111,0.36016597562078384
3.6531249999999997,1.5954214,0.35641844772875303
7.034375,3.6410396,0.3641264974915981
7.776875,4.8240485,0.35599270894523705
7.828125,4.9655414,0.3679864028806239
7.748124999999999,4.8671985,0.35739182124152774
2.0968750000000003,3.7318132,0.3550131559159979
0.62375,1.1282629,0.34537251221369947
0.645,1.0289117,0.354061958893761
0.63125,1.1390626,0.35881724631760264
0.59625,0.97383606,0.36243986325787375
0.62375,0.8585018,0.3557587843461707
0.640625,0.6665682,0.35879113287705927
0.660625,0.67611206,0.35497986626278605
0.5925,0.91840833,0.3684457801610231
0.724375,0.9808075,0.35237799082238225
1.13,1.7029501,0.4000469552511535
3.250625,1.5931985,0.9172406139663235
9.059375,2.5202174,0.8137424841130152
9.05625,4.678044,0.8968989414703474
7.99625,4.7208776,0.8942002868285404
3.9512500000000004,4.410459,0.8643161950411649
2.583125,3.0018265,0.8801952599535883
2.600625,2.1490543,0.8570188339491561
2.605625,2.1376324,0.8508259617555515
3.368750000000001,2.33536,0.8421738911831379
5.06625,3.4865499,0.9063033183375001
5.06625,4.653096,1.0264246464890987
5.17375,4.5064006,1.028335512451306
4.8325,4.3448243,0.8955936182868481
2.68375,3.8268366,0.6839050125216692
0.815625,2.0629218,0.3444473289623856
1.331875,1.9366734,0.3484426853655278
0.604375,1.8043058,0.3524938069212809
0.590625,1.4524926,0.35351890896704047
0.564375,1.4861575,0.352895325987041
0.593125,1.4766629,0.36061344238154586
0.58375,1.1890513,0.356856047197096
0.69125,1.2579666,0.3558807301267236
1.83125,1.5564191,0.35143416935205457
2.274375,2.264079,0.3619498874040134
2.3925,2.3761501,0.8151603841327503
3.3075,2.276231,0.8020221341115609
3.7856249999999996,2.4900653,0.8276056811181456
5.124375000000001,2.8411264,0.8453570398496837
5.095,3.560883,0.8695647474163398
4.373125,3.696892,0.7970596335469186
2.8525,3.297768,0.6807945230083913
3.4393749999999996,2.219403,0.6819561724340916
5.073125,2.7287033,0.8053673455808684
5.85,4.471097,0.881312307224162
5.73875,4.7323823,0.9509805246882886
5.9075,4.6098557,0.9205762571520731
5.621875,4.316981,1.029687730191201
5.526875,4.2683253,0.5080814731245115
1.901875,3.7499843,0.3495765768019482
1.5725,1.7734481,0.3522952650374546
1.5925,1.6204338,0.35556407974272963
1.595625,1.6501347,0.35476173929855226
1.558125,1.6644912,0.35778387169335035
1.571875,1.8305517,0.36645492932844903
1.578125,1.5816303,0.3621794763745926
1.578125,1.558613,0.3688488690233044
2.720625,1.8587663,0.3571599398696795
3.275,2.6183612,0.36618158539451656
6.060625,3.0526705,0.7814078652038052
9.2575,4.328842,0.6958749352525919
9.504375,4.8589897,0.7160599769401177
8.258125,4.896983,0.5944957815288752
8.129375,4.696038,0.5981828348787315
5.425625,4.7505035,0.6703057905061542
3.339375,3.5033317,0.7123570512032136
3.299375,2.6086872,0.7112313326756656
4.244375,2.748353,0.8323035090058296
5.896875,4.177032,0.8861871981924773
6.0425,4.9295382,0.9201152353229374
6.125,4.917767,0.8703667888516561
5.640625,4.7630906,0.8181926828288286
5.74375,4.428076,0.4430518548761494
2.01,4.031677,0.35852067936211823
1.7525,2.1111276,0.3618384816858172
1.7831249999999998,2.1313837,0.3668139393011108
1.735625,2.049562,0.3680448591129854
1.74375,2.0589824,0.3673236497398093
1.739375,2.0934725,0.37018150168279185
1.71875,1.979003,0.3734416700484976
1.78125,1.99347,0.36745214879790317
2.915625,2.0591757,0.3625859041691571
3.47375,2.733178,0.3878229995752498
8.53125,3.220125,0.8109499406887963
9.4,5.109383,0.7561360349350049
8.282499999999999,5.129459,0.8543910942422599
8.291875,4.978936,0.8043608817541227
8.219375,4.904262,0.8216386602843553
8.32375,4.8148623,0.7986426861276478
8.353125,4.827671,0.7481094410653785
8.19125,4.7865076,0.7201037229439616
8.606875,5.075456,0.8441960881113262
8.40125,5.5954094,0.8867187362780422
9.688125,5.522063,0.8757769555163012
8.766875,5.6790895,0.8866755793324114
5.577500000000001,5.523912,0.926109067284614
5.55875,3.957159,0.39816369777379557
2.30375,3.5753796,0.34719337650869037
1.6325,2.4430304,0.3499379290106892
1.6475,2.2932994,0.3543903204581514
1.63625,2.1712024,0.35461208536352956
1.6324999999999998,2.2197545,0.35764478273808953
1.5750000000000002,2.2956097,0.36428783768961204
1.63,2.18004,0.35796482188917694
1.633125,2.222961,0.36260760722899804
2.735,2.2556353,0.35404601175449785
4.32,2.936938,0.3723815839659795
9.206875,4.230119,0.8259347199322283
9.355,5.517791,0.7760022335068881
8.340625,5.41562,0.8501569792634622
8.381875,5.1500044,0.8305748391097039
8.273125,5.0922084,0.7923603604497388
8.1325,5.1718783,0.8248618761382996
8.34625,5.052836,0.7725581996089592
5.983125,5.166792,0.8028935456026718
4.80125,4.594619,0.8327595971887558
5.8462499999999995,4.7651744,0.8872611383522302
5.933125,5.131658,0.8477063524720073
6.293125,4.953512,0.9304092133869232
6.17625,4.816996,0.8303010964972898
5.674375,4.829729,0.4151769032966904
2.9987500000000002,4.0782075,0.34628443940550085
1.585625,2.2855742,0.34711817578010257
1.605,2.1598084,0.3516142723561078
1.59875,2.1622796,0.3560071610401943
1.56125,2.0899892,0.35686317357495423
1.563125,2.1383438,0.3603925745027512
1.58625,2.0259593,0.36109823541514574
1.59375,2.036438,0.3639882557281106
2.6975,2.0512824,0.3495072067461535
2.781875,2.4922788,0.3553418663240596
2.729375,2.5055149,0.359029442939423
2.520625,2.681456,0.36277196243302895
5.095,2.3764484,0.37743044825669375
7.976875,4.136683,0.4033834207112714
8.070625,5.176531,0.3738371092674136
8.06125,5.261292,0.3623691725796088
3.5156249999999996,5.1625075,0.35508162894520906
3.9325000000000006,2.7088165,0.36491799886455756
7.88,3.1389856,0.37076860558172686
5.734375,5.243516,0.7326272605813667
3.078125,5.021574,0.7964793071821704
4.151875,2.7293038,0.7521962443452328
7.399374999999999,2.7535415,0.6177509963682294
8.27875,5.095705,0.36415029361346735
7.149375,5.1204014,0.36133607204681256
2.51,3.9371438,0.3789299776955321
0.634375,2.3498514,0.371186819308903
0.66625,1.8980297,0.3618646698785759
0.653125,1.7806675,0.3627473689541965
0.62125,1.6289115,0.365188302875068
0.6168750000000001,1.483826,0.36450778362441805
0.7050000000000001,1.4826052,0.3595156811825186
1.7806250000000001,1.3468013,0.3535800064443424
1.7650000000000001,1.8791336,0.35754227253351356
1.7774999999999999,1.6146021,0.35480464707013215
2.2125,2.3997476,0.3561010498226061
5.24625,2.3241298,0.6594989624104276
8.018749999999999,4.240613,0.5597647810191102
3.94,4.9551415,0.4927807411844283
1.795625,3.2565966,0.35794174837205556
1.6412499999999999,1.5667003,0.34803802670672535
1.8225000000000002,1.4632944,0.36016597562078384
5.06,1.8584216,0.35641834805913264
5.69375,4.287921,0.3641264227393828
5.884375,4.740949,0.35599260927561666
6.113125,4.785464,0.367986427798029
6.224375,4.586092,0.3573917714067176
5.780625,3.128181,0.3550131559159979
0.7175,2.7575421,0.3453723627092689
0.6481250000000001,1.9226272,0.3540619090589508
0.640625,1.9005857,0.3588171964827925
0.578125,1.3798862,0.362439913092684
0.5662499999999999,1.2473893,0.35575883418098087
0.728125,1.2388642,0.35879113287705927
1.7806250000000001,1.2923987,0.35497996593240644
1.7462499999999999,1.7051158,0.3684458050784282
1.7856250000000002,2.092172,0.35237809049200264
2.295625,2.3162858,0.40004703000336883
4.5600000000000005,2.5642507,0.9172407136359438
4.969375,3.7570791,0.8137423844433948
4.819375,3.66722,0.8968990411399678
4.809375,3.3177836,0.8942002868285404
4.833125,3.3294876,0.8643162947107852
4.514375,3.5548015,0.8801952101187781
2.506875,3.5855994,0.857018784114346
2.425625,2.29381,0.8508260115903616
2.9837499999999997,2.4164634,0.8421738911831379
4.855625,3.4684944,0.9063033183375001
5.045625,4.7808743,1.0264246464890987
5.12,4.684033,1.028335512451306
5.0125,4.566916,0.8955936182868481
4.689375,4.1103673,0.6839050623564794
2.050625,3.218648,0.3444473289623856
0.710625,1.9995686,0.34844263553071764
0.605625,1.9783025,0.3524939065909013
0.556875,1.4868737,0.35351890896704047
0.625625,1.5463458,0.35289537582185115
0.58,1.469892,0.3606133925467357
0.563125,1.4510688,0.3568561468667164
0.7262500000000001,1.4155332,0.3558806802919134
1.845625,1.6204668,0.35143411951724435
2.279375,2.297379,0.3619498874040134
3.12375,2.4200938,0.8151604339675604
5.616875,2.7271593,0.8020222836159915
5.81625,3.856245,0.8276056811181456
4.904375,4.0990696,0.8453570896844939
4.7425,3.480464,0.8695647474163398
3.081875,3.3816104,0.7970595837121084
2.73875,2.5870917,0.6807943735039607
2.465,2.140252,0.6819562721037119
2.9,2.3093724,0.8053674452504888
4.89375,3.3349538,0.8813125065634028
4.986875,4.493301,0.9509807738623396
5.11375,4.5092587,0.9205765561609344
5.3975,4.0373793,1.0296879295304417
5.623125,4.280074,0.5080815229593217
2.50125,4.015297,0.3495766764715686
1.588125,1.9486667,0.35229521520264445
1.6575,1.6931059,0.35556407974272963
1.665625,1.6241491,0.35476173929855226
1.6400000000000001,1.6999401,0.35778377202372996
1.61375,1.8712627,0.36645497916325925
1.67,1.6375064,0.3621795262094028
1.6668749999999999,1.6461843,0.3688488939407095
2.80125,1.9452584,0.3571599398696795
3.3225,2.6955228,0.36618158539451656
5.0275,3.1191518,0.7814079648734257
5.895,3.9611187,0.6958751345918327
5.755,3.971076,0.7160600766097381
4.7725,3.8544922,0.5944958064462803
4.78125,3.4043438,0.5981830093005672
4.81875,3.4991791,0.6703059400105849
4.951875,3.515263,0.7123572007076442
2.91875,3.6289933,0.7112315320149064
3.0168749999999998,2.7508612,0.8323036086754501
5.076875,3.3327024,0.8861871483576671
7.644375000000001,4.632266,0.9201152851577477
7.734374999999999,5.2670627,0.8703668386864662
5.6175,5.2786508,0.8181927824984491
5.17875,4.360154,0.4430518299587443
2.213125,3.518948,0.35852067936211823
1.7125000000000001,2.1176317,0.3618385315206274
1.73,2.0499606,0.3668138645488955
1.7149999999999999,1.9923385,0.3680448092781752
1.69875,2.0043645,0.3673236497398093
1.7175000000000002,2.044826,0.37018150168279185
1.75625,1.9537963,0.3734416202136874
1.728125,1.9593403,0.3674521238804981
2.83125,2.0276082,0.36258592908656223
3.375625,2.6715326,0.3878229497404396
4.4325,3.112269,0.8109499406887963
6.014375,3.719974,0.7561360349350049
5.90625,4.015068,0.8543910942422599
5.998749999999999,4.117525,0.8043608817541227
5.94875,4.2099667,0.8216386602843553
5.711875,4.1415205,0.7986426861276478
4.95875,4.0216846,0.7481094410653785
4.940625,3.5174863,0.7201037727787718
3.8175,3.842405,0.8441960881113262
5.051875,4.3871775,0.886718686443232
6.1293750000000005,4.7191095,0.8757768558466807
5.984999999999999,5.052868,0.8866754796627909
5.609375,4.644667,0.9261091669542343
5.646875,4.262027,0.39816369777379557
4.6475,3.9517505,0.34719327683907
2.865,2.5880668,0.34993787917587904
1.80875,2.176022,0.354390220788531
1.78375,1.9857088,0.354611935859099
1.7924999999999998,1.9437739,0.35764478273808953
1.7725,1.9985063,0.36428783768961204
1.775625,1.9486178,0.35796492155879733
1.81875,2.0276563,0.36260760722899804
2.878125,2.110836,0.3540459619196877
3.464375,2.8332052,0.3723815590485744
5.15,3.3250747,0.8259347697670385
6.113125,4.421246,0.7760022335068881
5.925,4.38173,0.8501570290982724
5.930625,4.1378784,0.8305748391097039
5.21375,4.188178,0.7923603604497388
4.82125,3.803439,0.8248618263034895
4.285625,3.5982845,0.7725581996089592
2.381875,3.2859595,0.8028934957678616
3.1875,2.4472299,0.8327595971887558
4.5025,3.0978234,0.88726108851742
5.023125,4.51137,0.8477063524720073
5.210625,4.561076,0.9304091635521129
4.6475,4.278724,0.8303010964972898
4.5806249999999995,3.8049595,0.4151769032966904
2.018125,2.978488,0.34628453907512124
1.06125,1.9107944,0.34711817578010257
0.74875,1.8425347,0.3516141726864874
0.7175,1.661072,0.3560071112053841
0.683125,1.3590999,0.35686307390533384
0.64625,1.4194703,0.3603925745027512
0.669375,1.3567218,0.3610981855803355
0.71,1.3435557,0.36398828064551575
1.865,1.3022081,0.3495072067461535
1.80375,1.936276,0.35534176665443923
1.7912499999999998,1.8585223,0.3590294927742332
3.125,2.043144,0.36277173817638303
5.788125,2.7675538,0.37743047317409884
6.33375,4.318553,0.40338349546348673
6.2,4.4351006,0.3738371840196289
6.198125,4.4480796,0.3623691227447986
6.539375,4.4477487,0.35508157911039884
4.8706249999999995,4.5365496,0.36491799886455756
3.8262499999999995,3.999333,0.37076865541653703
3.025625,3.2422981,0.7326273104161769
3.53125,3.0315344,0.7964791576777398
3.615625,3.2494695,0.7521961945104226
7.395625000000001,2.743405,0.6177508966986089
10.05875,4.956398,0.36415039328308774
8.938125,5.2600594,0.36133614679902787
3.299375,4.785517,0.3789300524477474
1.916875,2.369238,0.37118679439149793
1.946875,1.8712542,0.3618646449611708
1.9274999999999998,1.9152255,0.36274749354122204
1.9518750000000002,1.9364159,0.3651883277924731
1.8931250000000002,1.8181921,0.36450775870701296
2.011875,1.8973686,0.3595156811825186
3.0975,2.0197656,0.3535799566095322
3.075,2.379681,0.35754227253351356
3.033125,2.3350635,0.3548046969049424
4.7225,3.4437065,0.35610099998779593
7.891875000000001,4.1164017,0.6594989125756174
7.56875,5.037448,0.5597648059365153
6.645,4.7489758,0.4927806913496181
6.703125,4.573425,0.35794169853724533
3.9606250000000003,3.7294545,0.34803802670672535
0.776875,2.2978904,0.36016597562078384
0.793125,2.0604115,0.35641834805913264
1.180625,1.8983026,0.3641264227393828
5.165625,2.0330827,0.3559926591104269
4.883125,4.6232233,0.3679864776328392
1.684375,4.225194,0.3573917714067176
1.683125,1.8612362,0.35501330542042847
1.671875,1.9820136,0.3453724125440791
1.663125,1.9462199,0.35406185922414063
1.675625,1.8664137,0.35881724631760264
1.670625,1.7334346,0.36243996292749414
1.691875,1.6327257,0.3557588840157911
1.6862499999999998,1.7664121,0.35879113287705927
1.62625,1.8273927,0.35497996593240644
1.6656250000000001,1.7758939,0.3684459047480486
1.7543750000000002,2.0197213,0.3523780406571924
2.153125,2.291082,0.40004700508596375
4.223125,2.39368,0.9172406139663235
5.715,3.5764816,0.8137422847737744
3.5387500000000003,4.1185145,0.8968987919659168
3.581875,2.726397,0.8942002369937301
3.5862499999999997,2.7484004,0.8643160953715444
3.6012499999999994,2.744067,0.8801951104491577
3.21875,2.9176981,0.8570186346099153
2.5881250000000002,2.5731595,0.8508259617555515
3.256875,2.4311793,0.8421738911831379
5.610625000000001,3.6756027,0.9063033183375001
5.9975,4.9644156,1.0264246464890987
6.23125,4.957389,1.028335512451306
6.470625,4.9151387,0.895593568452038
6.234375,4.782733,0.6839050623564794
3.84875,4.4610424,0.3444473289623856
1.7912499999999998,2.1770086,0.3484426853655278
1.671875,1.9736787,0.3524938069212809
1.735625,1.7478793,0.35351890896704047
1.705,1.8335112,0.35289537582185115
1.7006249999999998,1.9316571,0.3606133925467357
1.6556250000000001,1.6169162,0.356856047197096
1.823125,1.6793123,0.3558807301267236
2.95875,1.901394,0.35143411951724435
3.361875,2.855806,0.3619498375692032
3.3975,3.1889505,0.8151604339675604
3.4362499999999994,2.9384904,0.8020222836159915
3.5943749999999994,2.4738429,0.8276056811181456
3.595625,2.5943532,0.8453570896844939
3.6068750000000005,2.6868033,0.8695647474163398
3.5037499999999997,2.7374918,0.7970596833817288
3.593125,2.776646,0.6807944233387708
3.5231250000000003,2.7099507,0.6819561724340916
4.5725,2.9231527,0.8053672957460581
5.79375,4.5036573,0.8813123570589722
5.8793750000000005,4.791522,0.950980624357909
6.11875,4.7290993,0.9205763568216936
6.991875,4.4947133,1.029687730191201
7.406875,4.7738304,0.5080814731245115
2.36,4.7283645,0.3495766764715686
1.7531249999999998,1.9912497,0.35229531487226484
1.7725,1.6933976,0.3555641295775398
1.77375,1.8497242,0.35476173929855226
1.73,1.8724575,0.35778377202372996
1.7606250000000003,1.9395962,0.36645497916325925
1.7781249999999997,1.7928761,0.36217957604421297
1.763125,1.8355187,0.3688488191884942
2.82875,2.0387707,0.3571599398696795
3.4375,2.7236278,0.36618158539451656
4.679375,3.1741433,0.7814078652038052
5.846875,3.856181,0.6958749352525919
3.643125,3.9821904,0.7160599271053075
3.6399999999999997,2.7148857,0.5944957815288752
3.6306249999999998,2.7123406,0.5981829345483519
3.541875,2.8824315,0.6703057406713441
3.569375,2.8207514,0.7123570512032136
3.6068750000000005,2.7639468,0.7112313825104758
4.729375,3.1937957,0.8323035090058296
5.98875,4.6666913,0.8861870985228569
6.159375,4.9808364,0.9201152353229374
6.11875,4.966762,0.8703667390168459
5.661875,4.74864,0.8181927326636389
4.827500000000001,4.4767885,0.4430518797935545
1.916875,3.3230245,0.35852067936211823
1.7618750000000003,2.0704744,0.3618385315206274
1.7106249999999998,2.03017,0.3668138645488955
1.691875,1.985083,0.3680449837000109
1.69875,1.989709,0.3673236497398093
1.6993749999999999,2.0223358,0.3701814767653867
1.70125,1.8238294,0.37344164513109246
1.7075,1.9579003,0.36745214879790317
2.8025,2.0155978,0.3625859041691571
3.3862499999999995,2.660423,0.3878229497404396
3.839375,3.115699,0.8109499406887963
5.083125,3.1920903,0.7561360349350049
4.3125,3.4257967,0.8543910942422599
4.2675,3.1107104,0.8043608319193124
3.826875,3.0892384,0.821638610449545
3.599375,2.865001,0.7986425864580273
3.6825,2.7247357,0.7481092915609479
3.618125,2.7152567,0.7201036232743412
3.961875,3.0306149,0.8441960382765159
5.07125,4.262036,0.8867187861128525
5.21125,4.675613,0.8757770551859215
5.2368749999999995,4.748685,0.8866756291672215
5.091875,4.115791,0.926109067284614
4.776875,3.9354398,0.39816374760860573
1.0662500000000001,3.257755,0.34719347617831076
0.8325,1.9466033,0.3499379290106892
0.8475,1.764335,0.354390220788531
0.850625,1.4649775,0.3546120355287194
0.8,1.4026806,0.35764468306846914
0.83,1.5056708,0.36428783768961204
0.8325,1.3434196,0.3579649713936075
0.8125,1.46258,0.36260765706380826
1.9187500000000002,1.636459,0.35404601175449785
2.53625,2.2584374,0.3723815839659795
3.6575000000000006,2.637426,0.8259347697670385
4.89875,3.2785733,0.776002183672078
4.86625,3.5835223,0.8501570290982724
6.105,3.531632,0.8305748391097039
4.801875,4.1815386,0.7923603106149286
3.4187499999999997,3.4851098,0.8248618263034895
3.0168749999999998,2.5566373,0.772558149774149
3.403125,2.311858,0.8028934459330513
4.8925,2.9124467,0.8327595971887558
5.934375,4.511296,0.8872611383522302
5.916875,4.9046884,0.8477063524720073
6.075,4.7715564,0.9304092632217333
5.6575,4.5063257,0.8303010964972898
3.8649999999999998,4.3775887,0.4151769032966904
1.901875,2.4309719,0.34628458890993147
1.850625,1.8218331,0.34711817578010257
1.67375,1.88995,0.3516141726864874
1.7149999999999999,1.866134,0.3560071112053841
1.7162500000000003,1.8116355,0.35686317357495423
1.7,1.9411045,0.3603926243375614
1.683125,1.6883302,0.36109823541514574
1.7225000000000004,1.6916939,0.3639883304803259
2.88875,1.818794,0.3495073064157739
2.830625,2.4616773,0.3553418663240596
2.83375,2.4230013,0.359029442939423
2.7375,2.5581155,0.3627719375156238
4.82875,2.3857222,0.37743047317409884
8.569375,3.7583249,0.4033834207112714
8.720625,5.006707,0.37383715910222376
8.82,5.1137686,0.36236914766220374
8.91375,5.083729,0.35508162894520906
10.055,5.143542,0.36491799886455756
9.401250000000001,5.303658,0.37076865541653703
6.0075,5.3622727,0.7326273104161769
3.5306249999999997,4.872278,0.7964793071821704
6.975,2.9119544,0.7521961945104226
9.074375,4.523366,0.6177509963682294
8.73,5.2531624,0.3641502437786571
2.589375,4.980024,0.3613360969642177
1.740625,2.3447957,0.3789300773651525
1.7081250000000003,2.0827658,0.37118684422630815
1.714375,2.3233964,0.3618645951263606
1.7337500000000001,2.0478184,0.3627474437064118
1.7268750000000002,2.2507935,0.365188302875068
1.7125000000000001,1.9576164,0.36450778362441805
1.7712500000000002,2.1987085,0.3595156811825186
2.895625,1.9377851,0.353579906774722
2.901875,2.4176044,0.3575422226987034
2.8293749999999998,2.2910762,0.3548046969049424
3.2643750000000002,3.488977,0.3561010996574163
3.276875,2.9318635,0.6594990620800479
3.294375,2.71532,0.5597649056061357
2.8175,2.2100809,0.4927807910192385
2.7925,2.2596476,0.3579417982068657
3.1375,1.9856724,0.34803802670672535
3.4025,2.1177154,0.3601659257859736
6.973124999999999,2.5884032,0.35641839789394286
7.499374999999999,5.15215,0.3641264974915981
9.098125,5.1702905,0.35599270894523705
9.219375,5.526871,0.367986427798029
9.4825,5.365287,0.3573917714067176
6.165625,4.7712893,0.35501330542042847
1.7706249999999997,2.916343,0.3453724623788893
1.713125,2.199532,0.3540620585633814
1.686875,2.0167518,0.35881729615241287
1.7231249999999998,2.1276271,0.36243996292749414
1.690625,1.980646,0.35575883418098087
1.8156249999999998,2.0633388,0.35879113287705927
2.865625,2.0258486,0.35497991609759627
2.865,2.3835871,0.3684458050784282
2.941875,2.737563,0.35237799082238225
3.37875,2.9269423,0.40004700508596375
5.020625,3.2228973,0.9172406638011337
5.875,4.3762116,0.8137423844433948
5.8343750000000005,4.195942,0.8968989414703474
5.868125,4.039294,0.8942002369937301
5.9375,3.982424,0.8643162947107852
5.869375,4.330618,0.8801951104491577
5.82,4.323909,0.8570186844447256
4.028125,4.2101183,0.850825862085931
3.9706250000000005,3.4861364,0.8421738911831379
5.941875,4.405247,0.9063033183375001
6.095000000000001,5.220947,1.026424746158719
6.141875000000001,5.1818385,1.0283357117905467
5.969374999999999,5.0662513,0.8955937677912787
5.086875,4.771663,0.6839050623564794
1.7387499999999998,3.6507268,0.344447428632006
1.7462499999999999,2.1842508,0.3484426853655278
1.7306249999999999,2.071255,0.3524937570864707
1.684375,2.0199416,0.35351900863666086
1.7137499999999999,2.0616217,0.35289537582185115
1.7449999999999999,2.1187906,0.36061344238154586
1.743125,1.8638201,0.3568561468667164
1.788125,1.9563574,0.3558806802919134
2.966875,2.0503857,0.35143411951724435
3.434375,2.9908695,0.36194986248660826
4.523125,3.3613882,0.8151604339675604
6.034375,3.8989217,0.8020223334508016
6.225,4.1916203,0.8276056811181456
6.285625,4.382264,0.8453570896844939
6.276875,4.2493343,0.8695646975815297
6.148125,4.418265,0.7970594342076778
5.3149999999999995,4.289673,0.6807943735039607
4.4106250000000005,3.6993704,0.6819561724340916
4.495,3.4204185,0.8053673455808684
5.91375,4.578372,0.8813124068937823
5.949375,5.055085,0.9509806741927193
6.109999999999999,4.9809294,0.9205763568216936
5.771875,4.677962,1.0296878298608214
5.81,4.6848044,0.5080814731245115
3.2600000000000002,4.1723666,0.3495766764715686
1.7018750000000002,2.3231595,0.3522952650374546
1.755,2.0736756,0.35556407974272963
1.7700000000000002,2.0923643,0.35476173929855226
1.7006249999999998,2.059134,0.35778387169335035
1.7162500000000003,2.1061416,0.36645492932844903
1.74375,1.992741,0.3621794763745926
1.78375,2.04239,0.3688488939407095
2.8293749999999998,2.1475194,0.3571599398696795
3.385625,2.8442643,0.36618158539451656
4.53,3.3087583,0.7814078652038052
5.94375,3.9667807,0.6958749352525919
5.874375000000001,4.1921196,0.7160599271053075
5.839375,4.1725345,0.5944957566114701
5.904375,4.107454,0.5981828597961366
5.888125,4.3148575,0.6703057905061542
5.795,4.0654263,0.7123571010380237
3.3693749999999993,4.1852803,0.7112313825104758
4.035625,3.0915887,0.8323035090058296
6.055625,4.2619615,0.8861870985228569
6.186875,5.131881,0.9201152851577477
6.225,5.1193194,0.8703668386864662
5.5775,4.8759336,0.8181927326636389
5.56125,4.4893804,0.4430518548761494
2.228125,3.9828944,0.35852067936211823
1.8056249999999998,2.2102633,0.3618386311902478
1.7862499999999997,2.1432438,0.3668138645488955
1.795625,2.1022305,0.3680449837000109
1.793125,2.1152458,0.3673236497398093
1.790625,2.1533434,0.3701814020131714
1.7781249999999997,2.020931,0.37344164513109246
1.78375,2.0652409,0.36745214879790317
2.899375,2.121134,0.36258592908656223
3.4525,2.771704,0.3878229497404396
4.40625,3.2502296,0.8109499905236065
5.880625,3.8040135,0.7561360349350049
6.144375,4.0222898,0.8543911440770701
6.073125,4.340829,0.8043609315889328
5.989375,4.338821,0.8216386602843553
6.115,4.26338,0.7986426861276478
6.125,4.334206,0.748109341395758
5.88,4.199542,0.7201036232743412
5.959375,4.5353394,0.8441960881113262
6.001250000000001,5.203857,0.8867187362780422
6.313125,5.1444497,0.8757769555163012
6.175,5.147986,0.8866755793324114
5.516875,4.731876,0.9261091669542343
5.665625,4.151633,0.39816372269120065
3.78,3.895961,0.34719347617831076
1.6724999999999999,2.4019175,0.3499378293410688
1.69125,2.0988865,0.3543903204581514
1.6799999999999997,2.0339,0.35461198569390917
1.6887500000000002,2.039664,0.3576448325728997
1.6212499999999999,2.1481662,0.3642878626070171
2.8325,2.0258305,0.35796492155879733
2.878125,2.262512,0.36260765706380826
2.885,2.759393,0.35404606158930807
3.335,3.0002952,0.37238160888338456
3.358125,3.1510394,0.8259348196018487
3.3200000000000003,3.0535843,0.7760023331765085
3.260625,2.6233242,0.8501571287678927
3.306875,2.6031632,0.830574888944514
3.3049999999999997,2.7419212,0.7923603604497388
3.3125,2.679131,0.8248618761382996
3.27625,2.6966243,0.7725581996089592
3.25875,2.6845734,0.8028934957678616
3.3943750000000006,2.8979716,0.8327594975191355
4.220000000000001,3.9548507,0.8872610386826099
5.915625,4.431109,0.8477063524720073
6.06875,4.9693294,0.9304092133869232
5.58125,4.788954,0.8303010964972898
5.543125,4.4944525,0.4151768534618802
1.8425,4.0474586,0.34628453907512124
1.653125,1.8925405,0.34711817578010257
1.6925000000000003,1.7947211,0.3516142723561078
1.0275,1.9824932,0.3560071112053841
0.675625,1.4068698,0.35686317357495423
0.70875,1.5061107,0.3603926243375614
0.70375,1.2741735,0.36109813574552535
0.7075,1.2646477,0.3639882557281106
0.691875,1.2059885,0.3495072565809637
0.781875,1.4689196,0.3553418663240596
1.82625,1.4197726,0.359029442939423
1.79625,2.0251625,0.3627719375156238
1.76625,1.9851462,0.37743047317409884
1.87,2.030475,0.40338337087646126
2.125625,1.9717934,0.3738371341848187
1.8431250000000003,2.0345612,0.36236914766220374
2.0575,1.6028335,0.35508162894520906
4.0425,1.8833396,0.3649180486993678
5.7524999999999995,3.5409148,0.37076860558172686
6.808125000000001,4.6159997,0.7326273602509871
7.865625,4.899318,0.7964792573473602
9.775625,5.2515016,0.7521962443452328
9.468125,5.3370442,0.6177510960378497
4.564375,5.1548834,0.36415039328308774
1.879375,2.388601,0.36133607204681256
1.804375,1.8757147,0.3789300773651525
1.8162500000000001,1.8656764,0.37118679439149793
1.84125,1.8639656,0.3618646698785759
1.86,1.831998,0.3627474437064118
1.8093750000000002,1.984849,0.3651883776272833
1.8300000000000003,1.5214536,0.36450778362441805
1.8449999999999998,1.6699998,0.35951573101732875
1.858125,1.5204693,0.3535798071051016
2.019375,1.8186316,0.35754227253351356
2.910625,1.6270314,0.35480464707013215
5.03375,2.985602,0.3561010498226061
7.071875,4.0968323,0.6594990620800479
7.313750000000001,4.8501024,0.5597647062668949
6.839999999999999,4.6231937,0.4927807411844283
5.82125,4.5595007,0.3579417982068657
1.65625,3.1039066,0.34803802670672535
0.5918749999999999,1.9851044,0.36016587595116345
1.83125,1.8589203,0.35641839789394286
3.48125,1.9230582,0.3641263978219777
2.205,3.0621412,0.35599270894523705
3.22375,2.2555823,0.3679863779632188
1.708125,2.0970776,0.3573917714067176
1.7075,1.6919396,0.35501330542042847
1.7037499999999997,1.7561187,0.3453724125440791
1.0325,1.864954,0.3540620087285712
0.689375,1.7070615,0.35881724631760264
0.75375,1.3727692,0.36243986325787375
0.7375,1.1010817,0.35575883418098087
0.704375,1.1650087,0.35879108304224905
0.69,1.255784,0.35497996593240644
0.7375,1.2821501,0.3684458050784282
0.76125,1.6228589,0.3523780406571924
1.2475,2.03025,0.4000469552511535
1.183125,1.9499291,0.9172406139663235
1.175,1.8744756,0.8137423346085846
3.4299999999999997,1.7617929,0.8968988916355372
4.333125,2.83816,0.8942002369937301
1.2075,3.351572,0.864316244875975
1.105625,1.7378716,0.8801951104491577
1.149375,1.5831822,0.8570186844447256
1.125,1.7440332,0.8508260115903616
1.145625,1.7835821,0.8421738911831379
1.33,1.8982598,0.9063032685026899
1.396875,1.954511,1.0264246464890987
1.3206250000000002,1.9656861,1.0283354127816857
1.301875,1.624554,0.8955934189476074
1.690625,0.755559,0.6839048630172386
1.7537500000000001,0.8445865,0.3444473289623856
1.695,0.9309661,0.34844263553071764
1.65625,0.90913606,0.3524937570864707
1.72375,0.84230834,0.353519058471471
1.704375,0.9662645,0.35289537582185115
1.684375,1.6381383,0.3606133925467357
1.6868750000000001,1.4789968,0.36001497614588585
1.716875,1.0213883,0.36077166790392245
1.8287499999999999,1.4903914,0.3520281504547968
2.248125,2.1129909,0.36386518866432827
2.199375,1.8931664,0.8027403035613149
2.184375,1.9621711,0.6075962069291249
2.15,1.6249803,0.6641105262416601
2.0931249999999997,1.6320808,0.5472737107605486
2.11125,1.678114,0.4773662363726645
2.134375,1.7748642,0.4561278113845922
2.14625,1.7990834,0.5387488684585691
2.1275,1.6677566,0.6448795719953626
2.17625,1.6647304,0.5365294502690248
2.2668749999999998,2.2387428,0.5259149097884446
2.276875,2.2791028,0.4014521723116934
2.239375,1.9532827,0.38770504057951266
1.8162499999999997,1.3504083,0.38897091951074075
1.75125,0.87104523,0.3588598052455112
1.708125,0.70054734,0.3487085540779307
1.725,0.8418436,0.35218921656135466
1.728125,0.8713091,0.3594812951634824
1.76,1.0466689,0.3589458201279118
1.714375,1.1338558,0.3634278134526312
1.7162500000000003,0.91564417,0.37489744452398266
1.73125,1.0420083,0.36419432266827667
1.6931249999999998,0.91628283,0.38019438649985937
1.805,1.3257412,0.36100120703969146
2.251875,1.8516002,0.3808862680872343
2.216875,1.7524297,0.5514415454417839
2.123125,1.7126135,0.4753180505909584
3.918125,1.4961716,0.5262846093278937
4.40875,2.471792,0.4220326781355403
3.4231250000000006,2.8120208,0.5789092967871203
2.86875,2.6562767,0.6003242117555067
2.88,2.0227249,0.6064211519394814
2.880625,2.1494875,0.6883637329900264
2.871875,2.247589,0.8718122475214303
2.775,3.1550765,0.8833793056467176
1.79,2.982632,0.9948471180164069
1.513125,2.0974474,1.1310860204820334
0.7825,1.548349,0.9737567273320258
0.6956249999999999,1.2957941,0.6533682840599492
0.706875,1.458715,0.4593568329939246
0.701875,1.6916068,0.4679273987342603
0.7475,1.7287014,0.6321517614709585
0.744375,1.3764113,0.8506259248274193
0.6925,1.3287225,0.6638588106153532
0.72375,1.4030409,0.564018107317239
0.7575000000000001,1.5572693,0.688188862641044
0.708125,1.4457761,0.8865692318474502
0.8,1.420706,0.8908744611003996
1.274375,1.7309625,0.8234083442292734
1.223125,1.8138946,1.036738957155645
1.16625,1.6497023,1.0770355840204657
1.9300000000000002,1.4779098,1.1200760158651322
2.53875,1.8329446,0.9978863437511027
2.5425,2.2318745,0.9892468813856692
2.5543750000000003,2.2516952,1.105852264008224
2.6125,2.117188,1.0821798321378977
2.3275,2.1407032,0.9338766696456448
2.364375,2.1420379,1.0565199880369007
2.444375,2.5041077,1.1207749989129603
2.426875,2.4853947,1.1371941734983027
2.4506249999999996,2.551498,1.0838452118250728
3.8725000000000005,2.0244422,1.1720149514186382
6.305625,2.6316645,0.7099214246896282
3.2875,4.045812,0.378428963431213
1.8356249999999998,1.6227064,0.3592114895010739
1.87875,1.1287632,0.3746617757065594
1.8718750000000004,0.9989049,0.37682353502070526
1.285625,1.077522,0.37589356762761245
0.728125,1.022593,0.3758949131674878
1.8687499999999997,0.8823177,0.3780055170489661
1.931875,1.1717564,0.39964531159836797
1.9824999999999997,1.7343638,0.3854232042901963
2.399375,2.053283,0.4027511913917027
2.380625,2.2996755,0.9081995328655095
2.3606249999999998,2.0763109,0.8850327748142556
2.353125,1.9665325,0.9636001936745644
2.3274999999999997,1.8304216,0.9123665203549713
2.434375,2.0375006,0.8706557809159905
2.519375,1.8975593,0.922951135032028
2.3443750000000003,2.0486107,0.8752112307509408
2.325,1.9341364,0.8734142871648446
2.3668750000000003,2.0710268,0.9036398470716924
4.611875,2.60499,0.9546054091124238
5.88,4.119565,0.9389637572357804
6.273125,4.448715,1.0319536193412542
6.0975,4.3818164,0.9563224674977735
4.7,4.2143984,0.4524069949508272
0.930625,2.934433,0.3599179477704316
0.799375,0.8492461,0.3585455469324067
0.729375,0.7724276,0.36683090805398294
0.758125,0.7328506,0.36720957785926756
0.72,0.57545924,0.37204278200885277
0.7481249999999999,0.73683137,0.3761228077545203
0.7368750000000001,0.58796686,0.3785708431358449
0.6875,0.5534897,0.38047510598570106
0.735625,0.556057,0.3649073092977702
0.875,0.7373166,0.3683193990823626
3.089375,0.67351836,0.37647760668572033
4.179375,2.5637395,0.37588218037348237
4.20375,3.272577,0.4009701451100595
4.235625000000001,3.2725642,0.43389794776504853
4.363125,2.9719455,0.4010709858484938
5.1625,3.235896,0.3805517768411897
3.8631250000000006,3.7191467,0.3720803325383365
3.8793750000000005,2.8071268,0.37832822236239905
5.5775,2.9403164,0.3945794287199713
4.60875,4.1669745,0.7430084495631978
5.75875,4.1503696,0.8301424722964317
6.56125,4.463972,0.79164856985569
5.909375,4.516249,0.6820007745892182
5.955,4.113045,0.38400792059799654
4.67375,3.533139,0.377088357202094
4.811875,2.248369,0.39694730480909346
4.255625,2.7496493,0.39105894822319964
4.11125,3.4036973,0.3763076949003525
4.019375,3.2174056,0.3794269304228201
3.28875,2.948969,0.3808303285127878
0.7518750000000001,2.2192593,0.3828828997577913
0.743125,1.3939981,0.3780209409227222
0.698125,1.5016267,0.3713686416139081
0.8687499999999999,1.5033754,0.37138100064683705
1.875625,1.3796127,0.37307199542645364
5.423125,2.181224,0.3701575809738971
6.145625,4.330945,0.6836019670408591
5.07,4.508111,0.5854292846748606
3.09875,3.7199717,0.5211351036379859
3.045,2.1567705,0.3757753345404192
0.875625,1.7292444,0.3649865217285789
0.49000000000000005,1.5207108,0.3724681221138872
0.55,1.447272,0.37378812164898956
0.9643749999999999,1.2042738,0.3777889598812535
1.86125,1.6338229,0.37077807419566433
1.8775000000000002,1.8311555,0.3806296935669332
1.925,1.4694762,0.37341974273201073
1.841875,1.1332546,0.37165952740103003
0.6825,1.4417975,0.36124078788971525
0.65875,1.2450929,0.366371580608394
0.65125,1.0400083,0.3748670452897623
0.671875,0.75201434,0.37509120226603
0.668125,0.8893228,0.3691542069053836
0.6799999999999999,0.8507046,0.370798182541579
0.6325000000000001,0.9439688,0.3694198513611406
0.673125,0.79008996,0.3813620908549986
0.7649999999999999,1.2884287,0.3662537711170874
1.400625,1.7055236,0.40881197642087935
2.336875,1.677777,0.9527310222312808
2.374375,2.0327718,0.8556232100895793
2.3431249999999997,2.1535554,0.9405826908798517
2.284375,2.014697,0.9342097655170039
2.340625,2.0387602,0.9041018157622218
2.35875,1.9834765,0.9172902992720903
2.319375,2.0869715,0.8937798305349053
2.3125,2.0154703,0.8800267186255009
1.09,2.1437993,0.8748939325144143
1.1875,1.7494187,0.9395456284796447
1.19875,1.7123107,1.070654834592417
1.1956250000000002,1.5874721,1.0769212629658729
1.004375,1.4649278,0.9549255977679417
0.660625,0.64117247,0.7270893174633756
0.68125,0.7775585,0.35678961739510295
0.705625,0.74664325,0.3576793182615563
0.665,0.5827768,0.3640510475889593
0.663125,0.5217412,0.3629834613675065
0.696875,0.6263398,0.3624039074423164
0.694375,0.7265276,0.36890079689553
0.665625,0.58643156,0.3671330315908044
0.84625,0.5718965,0.36687491219138724
1.96875,0.786766,0.36182634690953414
2.35875,2.1726928,0.36799268206670877
2.36375,2.250254,0.8358576279994845
2.341875,2.0795178,0.8239552812711894
1.043125,1.9286497,0.8482448175961897
1.08375,1.3707744,0.8592206853681058
1.083125,1.2163265,0.8872530651129783
1.03625,1.1196359,0.8084991643929108
1.0325,1.3025649,0.6847626197703555
1.059375,1.3566604,0.6833772618816792
1.0431249999999999,1.2942365,0.8026837908865511
1.296875,1.3078871,0.8901186663689465
2.44125,1.5250031,0.9618306093992666
2.450625,2.8594358,0.9345242730041594
1.9375,2.1539688,1.0502455860938131
1.8881249999999998,1.0344173,0.512087020746339
0.875,0.6609575,0.3572686295907199
0.7112499999999999,0.5537691,0.358174427100867
0.68875,0.51740676,0.36292430744780224
0.711875,0.48047146,0.36084263267364347
0.716875,0.5298809,0.36386768040483813
0.715,0.59772635,0.3716617450500838
0.721875,0.54902405,0.36873813607504585
0.7625,0.51297,0.3734337213962711
1.885625,0.67661023,0.36385031297348436
2.4,2.0634897,0.3713461162796989
2.3918749999999998,2.2607496,0.7768259032498299
2.336875,2.152317,0.6863637623871862
2.2675,1.8682586,0.6963406913886964
2.296875,1.6311932,0.576557791433148
2.636875,1.8773566,0.582633302648738
2.471875,2.1138158,0.6524110071908682
2.31875,2.107919,0.6920620739243925
2.3275,1.8379062,0.6879737756002321
2.3275,1.9751365,0.8335134981974214
4.255625,2.552269,0.8913479914668948
5.043125,3.7766845,0.9277481341920049
5.158125,4.1754675,0.8764194757241757
3.6262500000000006,3.873718,0.8252126633672788
3.406875,2.590068,0.43785617723459375
1.885625,1.9096265,0.3634668341090157
0.7324999999999999,1.279171,0.3656513928488269
0.6893750000000001,1.0001758,0.3714460350741446
0.756875,0.84503335,0.37085516864703966
0.76,0.8404679,0.37120568178456276
0.735625,0.9300487,0.37348978555774315
0.735,0.80712306,0.3749026024268381
0.70875,0.75443995,0.3719293579808436
1.9968749999999997,1.0075778,0.36664896116195245
2.468125,2.0654688,0.38866892056094476
3.336875,2.2554479,0.8135688097994774
4.798125000000001,2.4828598,0.7511235500557347
4.831875,3.053421,0.8539368997821213
4.99,3.1019506,0.7985948945446685
3.603125,3.3054574,0.8215270303095131
2.761875,2.5021966,0.7908840041976422
2.54,2.033405,0.7388196842616797
2.520625,1.831568,0.710575656077899
2.9143749999999997,2.0600398,0.8423760710081086
4.9725,2.878702,0.8865139152081312
4.970000000000001,4.20244,0.8755249408811331
4.949999999999999,4.297632,0.8867538199844212
4.4575,3.621105,0.9264109167299793
4.55875,3.0503385,0.39903912096712735
2.311875,2.8038704,0.3502985835320875
0.649375,1.4576458,0.35240599798571315
0.715,1.2130086,0.35725153625082223
0.7025,0.83308965,0.3571369660221785
0.6725,0.93949413,0.360053149610497
0.65625,0.9295777,0.3663990645062178
1.8737499999999998,0.89912164,0.360595551684685
1.915,1.1954776,0.3654146276655793
1.9962499999999999,1.9705957,0.3567165097285434
2.445625,2.1342313,0.37325187417386096
4.05375,2.3474011,0.8275651654174551
4.8575,3.2358947,0.7732251388738304
4.8306249999999995,3.293842,0.8488555930299685
4.939375,3.2029853,0.8290306078461185
4.81625,3.3196254,0.7869571706585213
2.893125,3.185069,0.8238361760748177
2.5568750000000002,2.2478821,0.7736248638864234
2.474375,2.0093718,0.8045444731948896
2.563125,2.1800694,0.8328812439604476
4.960625,2.68307,0.8874249952081591
4.966875,4.366523,0.8472202138985322
5.195625,4.229608,0.9299659327502177
4.585,3.9451194,0.8303529745347052
2.59375,3.5193312,0.4124055396668054
0.815,1.6844712,0.34812787886951113
0.735625,1.2663782,0.34862104415122414
0.74125,1.2492284,0.3532850342027843
0.705625,0.9228188,0.3575218900961428
0.705625,0.80876964,0.35827160498075183
0.705625,0.9056168,0.3616265840728581
0.71875,0.8738731,0.36264754982937125
0.7000000000000001,0.88705456,0.36564643428521226
0.7106250000000001,0.96292466,0.35108427914965895
0.78,1.0323863,0.35660931505180893
1.8306249999999997,0.99994236,0.36042192720595745
1.7825,1.5425178,0.36404633819939564
2.819375,1.5335314,0.37787063913516694
4.4087499999999995,2.3466136,0.4023542072936706
4.745,3.4353306,0.3741793996612541
4.9275,3.8062034,0.36373462146161123
3.5018750000000005,3.7389886,0.3563779320280626
3.6375,2.4724305,0.36541926230292765
4.199375,2.6242242,0.3712619203678704
2.968125,3.5635717,0.7310824313000589
6.826250000000001,2.7217705,0.7958139626312255
6.273125,4.762941,0.7501323356809094
2.00625,4.6315475,0.6142136218708009
1.8918750000000002,1.335122,0.3651141237600892
0.73875,1.3283296,0.3617971686281636
0.73875,1.3710625,0.37924777428016065
0.794375,1.1444484,0.37161031552596013
0.756875,0.9129587,0.36272616424245757
0.74625,0.88659436,0.3635156722230091
0.7625,0.8300331,0.36587158795768393
0.716875,0.72543275,0.36535666978131975
0.741875,0.61718285,0.3604340370648354
0.773125,0.6651111,0.3544655211867392
0.9493749999999999,0.72710013,0.35825246841363606
1.8375,0.7442611,0.3555681661971658
4.827500000000001,2.022663,0.3568088037970289
6.115625,3.8585021,0.6588542993057146
6.411875,4.212023,0.5587922546981089
6.151875,4.1511545,0.49141880565654483
5.758125,3.9848065,0.358679203893356
1.495,2.86608,0.3487466278729215
0.575,1.2208866,0.36048347319655116
0.65875,1.2062778,0.35703620003595943
0.848125,0.96301454,0.36470777071774
0.70875,1.4266628,0.3565043131067231
0.6956249999999999,1.0158778,0.36827778701584785
0.675625,0.7702785,0.3579426952334493
0.71625,0.6588929,0.35561660563267766
0.700625,1.1372385,0.34594959931578484
0.6856249999999999,0.97784996,0.35453404405076056
0.710625,0.8786113,0.35932077723983674
0.7,0.6085229,0.36291725582215933
0.65125,0.81018984,0.35617141657460477
0.710625,0.6686028,0.35915801674973213
0.743125,0.7738067,0.35542070499379186
0.715625,0.70528376,0.36874192352062085
0.7581249999999999,1.2373711,0.3526538264968246
1.21875,1.6215714,0.39974134327761823
3.678125,1.4833379,0.9168924679822847
5.2375,2.794271,0.8135710523659363
3.9006250000000002,3.6830764,0.8965265259337426
3.4774999999999996,2.8031986,0.893879001807198
3.389375,2.578199,0.8639393940412626
3.5062499999999996,2.4371006,0.8798596723417194
3.5625,2.6610148,0.8566427306365967
3.4475,2.669796,0.8505316872013361
3.8193749999999995,2.9093828,0.8419182386068256
5.944375,3.918421,0.9060294262206555
6.285,4.7557025,1.0260174960897863
6.29125,4.758005,1.0279315514798464
5.1725,4.6467466,0.8950750870867447
4.579375,3.9035797,0.6829470379652455
4.29,2.9107754,0.34472720125645395
2.32625,2.2400463,0.3486803974101692
1.671875,1.7790931,0.3527567353798821
1.63,1.4318255,0.3537746113781631
1.64125,1.4726201,0.3531091671575978
1.608125,1.6198802,0.36080425986979153
1.656875,1.2798578,0.35708299492273476
1.7337500000000001,1.3980203,0.3561270137587189
2.8762499999999998,1.6599876,0.35167203090112653
3.280625,2.688983,0.3621039766371436
3.35375,3.0149825,0.8151601349586993
3.461875,2.82233,0.8020563207913562
3.5975000000000006,2.4352574,0.8274911108895018
3.440625,2.5194893,0.8452545296451077
3.5318749999999994,2.497688,0.869416289516762
4.230625,2.5867343,0.7966468518140539
4.655625,3.082088,0.6802558087101578
5.20125,3.211211,0.681352523378171
5.97125,3.8899937,0.8051704980805888
6.17,4.7247467,0.8811868730068952
8.529375,4.7916036,0.9508749247254804
9.058125,5.1163063,0.9204723017380014
7.44625,5.0871487,1.0295277604504676
7.08125,4.7076683,0.507911910182815
6.071875,4.4322147,0.3497278254508972
2.08125,3.1888704,0.352409486422427
1.6868750000000001,1.9091526,0.35569763703405854
1.63,1.924043,0.3548879708727821
1.643125,1.831088,0.35788109940804536
1.61375,2.0404174,0.36654692438807335
1.6425,1.9086549,0.3622834567060694
1.6531250000000002,1.9654688,0.36893615469336505
2.736875,2.0843303,0.3572707724875584
3.2424999999999997,2.60224,0.36626426134463397
4.5024999999999995,3.0869462,0.7813927652563154
5.053125,3.865074,0.695776212493591
4.62875,3.7796147,0.7159023992702737
3.5712500000000005,3.348625,0.594345728915371
3.35,2.7037294,0.5980252821262926
3.32875,2.5866227,0.6701161192185431
3.4081249999999996,2.699252,0.7121312496782094
3.48125,2.6448278,0.7109478224404528
4.148125,3.1224446,0.8322772958956658
6.0125,4.4751787,0.8861995572254062
5.881875,4.9984603,0.9201280927039683
5.8025,4.926002,0.8703782010231913
4.686875000000001,4.5877447,0.8182142114668339
4.201874999999999,3.796497,0.4430254424267448
4.26,2.749321,0.358573902939409
1.736875,2.3799658,0.36188049243081355
1.563125,1.9989871,0.36685781885148955
1.58125,1.8754328,0.36807590619973835
1.606875,1.8793185,0.3673500372718088
1.641875,1.926908,0.37021680964581666
1.544375,1.7141104,0.3734694280377775
1.60125,1.8814224,0.3674890016400441
2.699375,1.9494951,0.3626162286511622
3.236875,2.6069562,0.3878470199537649
3.374375,3.012679,0.8109730640407279
3.896875,2.7968585,0.7560902367444337
4.0275,2.7208774,0.854362588730827
3.9893750000000003,2.8638058,0.8043268445787578
3.495625,2.8971922,0.8216171814811601
3.4025,2.6571057,0.7985775021959096
3.416875,2.5963469,0.748054772278592
3.478125,2.5549586,0.7200661474970728
4.15625,2.907153,0.8441838785828278
6.115,4.313053,0.8866945165602863
5.940625000000001,4.917266,0.8757518387719617
6.08,4.9385076,0.8866596321931481
6.376875,4.521309,0.9260846482276172
6.385625,4.5915074,0.39816848191557447
5.509375,4.3794465,0.34721301142390815
2.109375,3.0289483,0.34995302895817904
1.54,1.9390376,0.35440935735564677
1.586875,1.7015992,0.35463172027874734
1.56125,1.7409873,0.35765544738747174
1.543125,1.8477826,0.3643033861503936
2.573125,1.7183816,0.35797777893982824
2.725625,2.0429962,0.36262103771034626
2.790625,2.4867365,0.35406106186717745
3.1825,2.775645,0.37239150109320873
4.23125,2.932336,0.8259427931714802
4.046875,3.7307606,0.7759763194055855
3.241875,2.9543989,0.8501383908792586
3.3825,2.4424272,0.8305712510033697
3.25625,2.6574867,0.7923386823073029
3.22875,2.5429232,0.824844035276249
3.1975,2.574387,0.7725597943228856
3.315,2.5615718,0.8028907548533007
4.33875,2.8867102,0.832756108752042
6.101875,4.407869,0.8872473341098056
5.949375,4.9881287,0.8476924983947725
6.0125,4.872215,0.930394262943864
5.54125,4.564949,0.8302874417592957
7.46,4.381118,0.41516257578875865
7.921875000000001,4.8205166,0.3462926621491834
7.7625,4.4151464,0.3471234582699835
3.075625,4.381999,0.3516230931175127
2.739375,2.6739783,0.35601573262754826
1.675,2.2225387,0.35686745936863123
1.625,2.0353754,0.3603990031932667
1.666875,1.8987244,0.36110291988730425
1.5825,1.9910903,0.3639926910262182
1.625,2.0028408,0.34951348593223835
1.74375,2.066083,0.3553456537696346
2.679375,2.0267935,0.35903656931728123
2.578125,2.4166515,0.3627783412887342
4.9875,2.4117248,0.3774338370237872
7.773124999999999,4.1287646,0.4033817512451298
5.4799999999999995,5.062583,0.3738407970433682
4.80875,4.556269,0.3623723620074615
7.709999999999999,3.6506312,0.3550862137477472
1.864375,5.0431256,0.3649213377968408
2.131875,2.2374747,0.3707733149712905
2.998125,2.0963545,0.7326204830471799
7.630000000000001,2.9320457,0.7964754699017852
9.155,5.435843,0.7521873239142075
8.942499999999999,5.542661,0.6177435709815099
6.99125,5.2802134,0.36415313419764855
3.9200000000000004,4.2521014,0.36134013358384365
2.781875,2.1191955,0.3789327933623083
2.723125,2.1906192,0.3711905320022627
2.599375,2.2151496,0.3618681084804795
1.6475,2.2361805,0.36274888891590756
1.62,1.9972852,0.36519062019374215
1.5775,1.7563035,0.3645092537513189
1.575,1.8513054,0.3595169270527735
1.5899999999999999,1.769914,0.35358234868042165
1.7231249999999998,1.8780533,0.35754316956009713
2.7262500000000003,1.6909485,0.3548077368283644
6.015625,2.9166672,0.35610364123273636
8.978125,4.6171074,0.6595012548116966
9.15875,5.3161263,0.5597651796975918
8.7375,5.0852604,0.4927828342464566
8.591875,5.047599,0.3579424460593983
6.984999999999999,4.414846,0.34803972109027204
7.095625,3.84668,0.3601674208302795
7.75625,4.553992,0.3564207401300221
6.61875,5.042188,0.364128490884006
6.601875,4.892706,0.35599345646739
7.4418750000000005,4.8894963,0.3679879726771451
9.2375,5.066097,0.35739212025038897
9.223125,4.65643,0.35501360442928964
5.313125,4.779554,0.3453738079187646
2.63875,2.881744,0.35406265658110375
1.6287500000000001,2.440347,0.35881899053595956
1.61625,2.2792683,0.3624413084673695
1.561875,2.1595435,0.35575943219870326
1.7987500000000003,2.2474003,0.35879222924288356
2.705625,2.2442865,0.35498021510645744
2.7024999999999997,2.4794211,0.36844700111387296
2.805625,2.8411314,0.35237968520592894
2.666875,2.9664924,0.40005054335748774
4.0425,2.888634,0.9172423083498702
4.82875,3.5482178,0.8137440788269416
4.796875,3.8534088,0.8968997886621207
4.733124999999999,3.6495419,0.8942000376544893
4.819375,3.5511734,0.864315746527873
4.769375,3.743461,0.8801947117706761
4.76,3.8966675,0.8570184352706746
2.86125,3.6969335,0.8508259119207413
2.37,2.7491868,0.8421740905223788
5.125,2.932538,0.9063033183375001
5.058125,5.0438514,1.0264245468194784
4.965,4.9512973,1.0283346154247226
3.768125,4.648804,0.8955924720862136
4.63125,3.2106655,0.6839058597134425
4.304375,3.1273935,0.3444475283016264
2.718125,2.5017416,0.34844208734780546
1.7249999999999999,2.1406493,0.35249425543457263
1.75625,1.9963558,0.35351910830628125
1.7762500000000003,1.9408854,0.352895325987041
1.7618750000000003,2.0296292,0.3606133925467357
1.7525,1.8761393,0.35685564851861445
1.796875,1.929562,0.35587998260457065
1.8687499999999997,2.00903,0.35143411951724435
2.265625,2.3319163,0.3619497628169879
3.094375,2.3937442,0.8151602844631299
4.6381250000000005,2.6563928,0.802022433120422
4.66375,3.231977,0.827605531613715
4.57,3.429286,0.8453564418319613
3.9487500000000004,3.3566515,0.8695642490682379
2.335625,3.0047896,0.7970603810690715
2.363125,2.1947293,0.680795220695734
2.438125,2.0780115,0.6819579664872586
2.75375,2.2931228,0.8053676944245398
4.343125000000001,3.3868904,0.8813126062330232
4.898125,4.30993,0.9509805246882886
4.90375,4.547771,0.9205758584735916
4.67875,3.980555,1.029687231843099
4.586875,3.920414,0.5080821957292594
2.62125,3.1223598,0.34957642729751764
1.87875,1.8534257,0.35229476668935267
1.789375,1.5402318,0.35556432891678064
1.72875,1.689611,0.35476168946374204
1.709375,1.7041408,0.35778372218891974
1.7643749999999998,1.8715088,0.36645475490661333
1.768125,1.5815403,0.3621792022831365
1.7412500000000002,1.7204214,0.3688485700144432
1.7806250000000001,1.9491704,0.3571597405304387
2.283125,2.2309194,0.36618116179862986
3.8443750000000008,2.3594575,0.7814074665253237
4.753125,3.2607338,0.6958752840962633
4.77375,3.5005796,0.7160605251230299
4.649375,3.439933,0.5944963546291925
4.898125,3.35826,0.5981834079790488
5.11625,3.6511111,0.6703070862112194
5.0575,3.6654723,0.7123583469082787
2.491875,3.702323,0.711233475572504
2.435625,2.5024245,0.8323041568583622
4.355625,2.770548,0.8861875470361487
4.733125,4.2413387,0.920115634001419
4.923125,4.471424,0.8703671376953275
4.45125,4.04164,0.8181927326636389
4.363125,3.665135,0.4430526522331126
2.4675,2.981252,0.3585202806836366
1.8668750000000003,2.044722,0.3618382574291713
1.7725,2.0186572,0.3668139393011108
1.799375,1.9672209,0.3680448840303905
1.7400000000000002,1.973402,0.3673235251527838
1.7418749999999996,1.9671843,0.370181551517602
1.7712500000000002,1.8205055,0.3734414707092568
1.7674999999999998,1.888031,0.36745189962385216
1.81125,1.9959116,0.3625860038387775
2.259375,2.2482836,0.38782285007081924
3.143125,2.3710535,0.810950090193227
4.770625,2.6074831,0.7561365332831069
4.818125,3.2233632,0.8543912935815007
5.109375,3.4285862,0.8043612305977941
5.16125,3.7065313,0.8216388097887858
5.144375,3.740188,0.7986432841453701
5.0806249999999995,3.6926606,0.748110088917911
5.0975,3.6065109,0.7201046199705451
4.843125,4.0212364,0.8441964867898077
5.006875,4.7438297,0.8867190352869034
4.991875,4.730565,0.8757771050207317
4.771875,4.600477,0.8866756291672215
4.29375,3.7801497,0.9261092666238547
4.41875,3.2071886,0.39816364793898534
2.9056249999999997,2.8888342,0.3471933266738802
1.734375,2.1010773,0.3499377296714484
1.60625,1.9492251,0.35439037029296155
1.653125,1.8809565,0.35461198569390917
1.623125,1.8465794,0.3576446332336589
1.64625,1.9892557,0.3642877878548018
1.635,1.8096963,0.35796467238474633
1.649375,1.9162169,0.36260750755937765
2.646875,2.005889,0.35404591208487746
3.085,2.6967783,0.37238153413116926
4.66125,3.004995,0.8259349192714691
5.9662500000000005,4.0696745,0.7760025325157492
5.940625,4.223702,0.850157178602703
4.671875,4.149831,0.830574888944514
5.3175,3.3933043,0.7923606096237897
5.224375,3.7450118,0.8248620256427303
5.303125,3.8361187,0.7725581996089592
5.17625,3.8401747,0.802893595437482
3.83,4.1556187,0.8327596968583763
5.26125,4.3077474,0.8872612878566608
6.098125,4.7261453,0.8477066016460583
6.26125,4.887456,0.9304095123957843
5.671250000000001,4.7031407,0.8303014453409612
3.935625,4.443094,0.4151770278837159
3.305625,2.5109177,0.34628468857955186
3.160625,2.139107,0.347118026275672
3.0456250000000002,2.1746829,0.3516144218605384
3.0081249999999997,2.5857172,0.3560072607098147
2.959375,2.566247,0.3568630240705236
2.9775,2.6327157,0.3603926243375614
2.97375,2.4437892,0.3610982104977406
2.960625,2.3479612,0.36398820589330044
2.95125,2.520366,0.3495072067461535
2.94,2.6462471,0.35534171681962906
2.9368749999999997,2.4926858,0.3590294927742332
4.13875,2.6557908,0.3627719125982187
5.855,3.5637965,0.3774304980915039
5.94,4.4482336,0.4033835951331071
6.0025,4.453543,0.3738371092674136
5.989375,4.5581136,0.3623691227447986
6.17875,4.604437,0.35508162894520906
6.115,4.5827,0.36491794902974733
6.50375,4.766782,0.3707686803339421
7.5825,4.9775696,0.7326274599206075
8.414375,5.3076386,0.7964792573473602
7.040625,5.5070815,0.752196294180043
5.28,5.236312,0.6177512953770905
3.3425000000000002,4.0742846,0.36415031853087243
3.179375,2.1457174,0.36133597237719217
3.0387500000000003,2.1626954,0.3789301271999627
3.04,2.5415595,0.37118686914371324
3.034375,2.6403985,0.3618645702089555
3.0168749999999998,2.5261927,0.3627475184586271
3.0625,2.558404,0.365188302875068
3.003125,2.224126,0.3645077337896078
3.025625,2.2627463,0.3595156811825186
3.029375,2.4503388,0.3535798569399118
3.0125,2.4328384,0.35754217286389317
3.07375,2.3744056,0.354804597235322
6.50125,3.5082788,0.35610099998779593
7.19875,4.829749,0.6594989624104276
7.543125000000001,5.042298,0.5597647311843
7.14125,4.8728647,0.4927806913496181
4.750624999999999,4.8825626,0.35794174837205556
1.8918750000000002,2.6247065,0.34803802670672535
1.7612499999999998,2.119642,0.3601659257859736
1.7762500000000003,2.116873,0.35641844772875303
1.8618750000000002,2.1154597,0.3641264974915981
1.886875,2.1863368,0.35599270894523705
2.35875,2.1694007,0.3679864028806239
2.695,2.090934,0.35739182124152774
1.8987499999999997,1.975903,0.3550131559159979
1.87125,1.975404,0.3453723128744587
1.8968750000000003,1.983814,0.354061958893761
1.6849999999999998,2.04991,0.35881734598722304
1.53125,1.7879598,0.362439913092684
1.524375,1.5260985,0.3557587843461707
1.546875,1.6700393,0.3587910332074388
1.518125,1.8790634,0.3549798164279759
1.52125,1.8190678,0.368445755243618
1.586875,2.0012062,0.35237789115276186
2.3831249999999997,2.2600975,0.4000469801685586
4.9087499999999995,2.6213293,0.9172405641315133
6.202500000000001,4.1372247,0.8137423346085846
4.094375,4.294407,0.8968989414703474
4.281874999999999,3.0216043,0.8942002868285404
4.506875,3.102474,0.864316244875975
4.06125,3.419256,0.8801951602839679
3.765625,3.3295941,0.8570187342795358
3.8243750000000003,2.9223144,0.8508259617555515
4.610625000000001,3.3570886,0.8421739410179482
6.39125,4.6527843,0.9063033183375001
6.46,5.1851344,1.026424746158719
6.26375,5.1373773,1.0283357117905467
5.993125,5.0150247,0.8955938176260889
5.773125,4.626085,0.6839051121912896
5.686875000000001,4.195138,0.344447428632006
3.4843749999999996,3.1239784,0.34844278503514825
2.940625,2.2716112,0.3524937570864707
2.97125,2.2743824,0.35351900863666086
2.934375,2.5107658,0.352895325987041
2.940625,2.6459527,0.36061344238154586
2.9425,2.2955582,0.3568559973622858
2.61625,2.4512258,0.3558807301267236
2.6925,2.374816,0.35143416935205457
3.153125,2.7164967,0.3619498874040134
3.21,3.145517,0.8151604339675604
3.31625,3.027013,0.8020222836159915
3.414375,2.6016116,0.8276056312833353
3.5281249999999997,2.6580145,0.8453570896844939
3.6393750000000002,2.7485294,0.8695646975815297
3.8206249999999997,2.894604,0.7970594342076778
3.7881249999999995,3.0728803,0.680794473173581
3.7487500000000007,2.9377532,0.6819561225992813
4.8925,3.150575,0.8053673954156786
6.215,4.813805,0.8813124068937823
5.826875,5.0813,0.9509806741927193
6.081875,4.937314,0.9205764066565038
5.725,4.649631,1.029687730191201
5.75625,4.6160007,0.5080815229593217
5.18125,4.1083984,0.3495766266367584
2.95375,3.0413249,0.3522952650374546
2.936875,2.141916,0.35556407974272963
2.98875,2.4881382,0.35476163962893187
2.996875,2.5808103,0.35778377202372996
2.713125,2.4328382,0.36645482965882864
2.66,2.2868586,0.3621794763745926
2.66375,2.377662,0.368848769353684
2.728125,2.3969693,0.3571599398696795
3.1525,2.6810467,0.36618161031192165
4.294375,3.1099882,0.7814078652038052
5.015625,3.758473,0.6958749850874021
4.690625,3.71476,0.7160601264445483
3.6587499999999995,3.5038724,0.5944958064462803
3.55125,2.8132977,0.5981829843831621
3.5374999999999996,2.8155947,0.6703058901757747
3.575,2.8845663,0.7123571010380237
3.479375,2.8056185,0.7112313825104758
3.599375,3.1856675,0.8323034591710194
6.435625,4.304884,0.8861870985228569
6.2325,5.195213,0.9201152353229374
6.203749999999999,5.1756487,0.8703668386864662
6.07,4.9334364,0.8181927326636389
5.594375,4.821772,0.4430518797935545
4.850625,4.0626206,0.35852067936211823
2.92125,2.7229798,0.3618385813554376
2.9775,2.2331903,0.3668138396314904
2.896875,2.3138568,0.3680448341955803
