y_true,y_st,y_lt
4.900625,2.8144271,1.9529314
3.2025,2.814763,1.954057
1.600625,2.8150365,1.9544796
1.524375,2.81498,1.9518292
1.55375,2.8149421,1.9550879
1.535625,2.8149493,1.959369
1.564375,2.8148832,1.9573681
1.84375,2.8149753,1.9542699
2.693125,2.8150883,1.9663186
3.103125,2.8148112,1.9673979
3.1081250000000002,2.8147526,1.9679027
3.0775,2.8147697,1.9653192
3.128125,2.8143246,1.968895
3.180625,2.8139682,1.9733381
2.249375,2.813737,1.9708872
2.471875,2.8131495,1.9678774
2.22375,2.8088365,2.0096278
2.065,2.803144,2.0109375
2.394375,2.8028607,2.01167
4.473125,2.7984228,2.0091376
4.6431249999999995,2.7983015,2.0128264
4.53,2.7983105,2.0168176
4.545,2.798298,2.014308
4.30125,2.7983189,2.0112813
5.00375,2.7982373,2.0117817
3.633125,2.7982209,2.0131195
0.6018749999999999,2.7982855,2.013751
0.55625,2.796773,2.0110817
0.55375,2.7933092,2.0148826
0.5225,2.7901292,2.0189848
0.57625,2.786866,2.0162063
0.831875,2.7844877,2.0134585
1.72125,2.781423,2.0135307
2.11875,2.780234,2.0149655
2.615,2.7749035,2.0155199
2.8362499999999997,2.77483,2.012672
2.6725000000000003,2.7701716,2.0164366
2.59875,2.7703922,2.0206556
2.665,2.7702374,2.0178568
2.244375,2.770243,2.0152137
2.2199999999999998,2.765507,2.014751
2.075,2.760733,2.01608
2.279375,2.7603786,2.0166593
3.695,2.7553282,2.0139313
4.395625,2.7550828,2.0177364
4.6175,2.7551346,2.0217896
4.213125,2.7546773,2.0190263
3.998125,2.754251,2.0163958
3.4831250000000002,2.754053,2.0157926
1.416875,2.753908,2.0171347
0.58,2.7485986,2.0177002
1.539375,2.7411847,2.0149527
1.486875,2.728896,2.0187404
1.184375,2.7275546,2.0227604
0.53625,2.726866,2.0200326
0.573125,2.7224946,2.017421
0.4925,2.720086,2.016694
1.10875,2.7173233,2.0179687
1.58625,2.7156782,2.0185766
1.5474999999999999,2.7098513,2.0159466
1.941875,2.70063,2.019674
7.540625,2.6967304,2.0234609
7.626875,2.6900885,2.0209541
7.516249999999999,2.6889205,2.0182507
5.55625,2.687758,2.0172591
1.025625,2.6861382,2.0185127
2.003125,2.6808124,2.0190673
7.45875,2.667266,2.0164433
8.6,2.665623,2.0203805
8.826875,2.6601205,2.024239
7.1825,2.654656,2.021297
2.371875,2.63891,2.0188584
1.97375,2.6383934,2.0179133
1.629375,2.628119,2.0191407
0.859375,2.6267767,2.0196924
0.9175,2.6247911,2.0170918
0.88875,2.6217308,2.0210547
0.88625,2.6187735,2.0248766
0.884375,2.6157627,2.0219083
0.905,2.6127162,2.019504
0.868125,2.6097713,2.0185122
1.395625,2.607205,2.019657
1.9,2.6055443,2.0202546
6.191875,2.598857,2.0177634
7.4525,2.5987396,2.0216908
7.745625,2.5990763,2.0253518
7.073125,2.5997221,2.0225556
6.8025,2.6001916,2.020059
5.190625000000001,2.6008687,2.0190744
0.735,2.5992947,2.0202742
0.5549999999999999,2.5881155,2.0207968
1.19375,2.5793543,2.018138
1.735,2.5757165,2.0221128
1.7925,2.5688484,2.0260189
1.78125,2.564567,2.0230172
1.2475,2.5491462,2.0206738
0.59375,2.54742,2.0447066
0.61,2.543626,2.0459762
0.588125,2.5409064,2.046698
0.58,2.5381944,2.0441756
0.588125,2.5353718,2.048267
0.591875,2.5323672,2.0519092
0.568125,2.5298204,2.0487616
1.1375,2.5277307,2.0463705
1.790625,2.5202327,2.0879133
2.15875,2.51565,2.089374
4.4818750000000005,2.51332,2.090364
4.7825,2.513392,2.0878391
4.69375,2.5133781,2.0920815
4.616875,2.5132353,2.0955734
4.289375,2.5131924,2.0921264
2.626875,2.5131035,2.0897312
2.4275,2.5126896,2.137385
2.0949999999999998,2.507638,2.1391687
2.15,2.5015645,2.1405218
3.54,2.496182,2.1381483
4.3925,2.4958,2.1425843
4.684375,2.4958024,2.1457484
4.476875,2.495654,2.1418965
5.89125,2.495504,2.1393793
6.58375,2.4956598,2.1406016
3.14875,2.4959617,2.1424718
0.656875,2.4955466,2.1438632
0.603125,2.4936013,2.14156
0.580625,2.4904475,2.1460052
0.594375,2.487623,2.1490698
0.565,2.4851818,2.1451812
1.109375,2.4837053,2.142601
1.748125,2.4808705,2.1479702
2.188125,2.479881,2.1499763
3.810625,2.4740648,2.151505
4.1975,2.474105,2.1494222
4.23375,2.4741259,2.15381
4.154375,2.4739285,2.1565433
4.105,2.4736977,2.152804
2.34125,2.473363,2.149948
2.378125,2.468431,2.157975
2.3831249999999997,2.4677148,2.1601992
2.281875,2.4674819,2.161885
3.480625,2.4623382,2.1600585
4.2775,2.4620984,2.164431
4.510625,2.462165,2.1668382
4.140625,2.4619446,2.1630936
3.84,2.4617145,2.159955
3.8306250000000004,2.461588,2.157838
1.93625,2.4615254,2.1600196
0.588125,2.45514,2.1617086
0.59375,2.4550905,2.159964
0.565,2.4552312,2.164402
0.601875,2.4551702,2.1667166
0.565625,2.4551904,2.1628761
0.895,2.4551864,2.1597981
1.72625,2.455085,2.1577938
2.1725,2.4550295,2.1600132
3.154375,2.4490986,2.1616976
4.26125,2.4492908,2.1599212
4.298125000000001,2.4492552,2.164309
4.273125,2.4489794,2.1666188
4.166875,2.4485273,2.1628532
4.264375,2.4484687,2.1597424
4.3975,2.4485745,2.163342
2.6418749999999998,2.4487586,2.1657243
2.348125,2.4486775,2.1674438
3.9193750000000005,2.4444995,2.1658247
4.42,2.4431882,2.1703963
4.5912500000000005,2.4431093,2.1725917
3.9050000000000002,2.442541,2.168356
3.944375,2.4415598,2.165327
3.9775,2.441007,2.1634536
2.331875,2.4406922,2.1658983
0.646875,2.439674,2.1675625
0.600625,2.4364347,2.1658933
0.58125,2.4335017,2.1705694
0.62,2.4312577,2.1728315
0.6231249999999999,2.4288106,2.1683047
0.87625,2.4277096,2.1654594
1.7806250000000001,2.4254308,2.1666431
2.123125,2.4242444,2.16918
3.7731250000000003,2.4179764,2.1709034
4.21875,2.4181418,2.169331
4.255,2.4179661,2.173973
4.41875,2.4176774,2.1760635
4.684375,2.4178143,2.1715913
4.265,2.4178858,2.1686287
4.031875,2.4180565,2.1698723
2.125,2.423321,2.1723962
2.1525,2.4229493,2.1742086
3.73125,2.4181416,2.1728415
4.30375,2.41825,2.1774926
4.468125000000001,2.4182198,2.1793418
3.966875,2.4181879,2.1749182
3.8825000000000003,2.41816,2.1718247
3.8375,2.4181209,2.1699657
2.093125,2.4181147,2.1725025
0.580625,2.4175568,2.1743057
0.581875,2.411325,2.1729631
0.516875,2.4114375,2.1776612
0.5675,2.4113817,2.1794624
0.575625,2.4113855,2.1749353
1.314375,2.4114528,2.1719089
2.700625,2.4120827,2.1754425
3.119375,2.4142916,2.1779733
5.0675,2.4190688,2.1798303
5.348125,2.4191332,2.1785536
5.449375,2.4193168,2.1832829
5.25375,2.4191823,2.1849558
5.15,2.4191341,2.1804047
5.467499999999999,2.4191718,2.1773777
4.746875,2.4192793,2.20395
3.0775,2.4192476,2.2066202
4.13375,2.4191813,2.208703
5.1899999999999995,2.419103,2.2075539
5.215625,2.419066,2.2123866
5.5,2.4190092,2.2138543
5.115,2.4190347,2.2091122
4.930625,2.4190066,2.2059774
4.5075,2.4145126,2.2040324
2.479375,2.413433,2.2066307
1.605,2.4080963,2.2087631
1.5818750000000001,2.4070773,2.2077746
1.57625,2.4062445,2.2126248
1.564375,2.4062967,2.213882
1.584375,2.4063168,2.2091908
1.5587499999999999,2.4063888,2.2060108
1.578125,2.4064434,2.2096233
1.94625,2.4065166,2.2122586
2.52,2.4062998,2.2144256
2.415,2.4062538,2.2134514
2.44125,2.4059815,2.2183423
2.36625,2.4055066,2.219528
2.4162500000000002,2.4004545,2.214748
2.113125,2.3952398,2.211609
2.505,2.3940413,2.250052
2.98375,2.3960714,2.252924
2.665,2.4024186,2.255327
4.18375,2.4129794,2.254291
4.670625,2.40974,2.2593162
3.16125,2.4126678,2.2604947
2.606875,2.4096918,2.2553658
2.580625,2.4058633,2.252214
2.544375,2.3976247,2.2501068
2.245,2.3878968,2.2528229
1.540625,2.3865814,2.255315
1.5037500000000001,2.3862662,2.2545393
1.546875,2.3860178,2.2595682
1.57125,2.385841,2.2604294
1.55875,2.385676,2.2554688
1.544375,2.3855588,2.2521944
1.519375,2.385429,2.2727952
2.04875,2.3852785,2.2758794
2.513125,2.385344,2.278448
6.665625,2.385353,2.277492
7.584375,2.386786,2.2826345
7.72375,2.3874154,2.2836752
7.38,2.3865314,2.2782207
6.8725000000000005,2.386015,2.2750416
3.973125,2.386299,2.305234
1.79,2.3887148,2.308267
1.793125,2.3900878,2.3110905
2.3606249999999998,2.3949351,2.3102498
2.903125,2.3967443,2.315531
2.93,2.4031522,2.316321
2.9375,2.4073284,2.3107529
2.54,2.4053392,2.30756
1.69,2.4057496,2.3054914
1.568125,2.4058685,2.308519
1.545,2.4057717,2.311335
1.5825,2.405621,2.3105578
1.55125,2.4056125,2.3159814
1.575,2.4053352,2.3167455
1.51875,2.4053102,2.3108726
2.135625,2.4052396,2.3078296
2.6725,2.405207,2.3409762
3.11625,2.405067,2.3446016
3.993125,2.4050298,2.3472333
4.33875,2.4050195,2.3456419
4.365,2.4049423,2.351685
3.426875,2.4050508,2.3535833
3.1925,2.4051046,2.3458004
3.36125,2.405176,2.3437827
3.065,2.4052424,2.3655896
3.0456250000000002,2.4052544,2.369298
3.3775,2.4113698,2.3721051
5.054375,2.4162602,2.3705983
5.275625,2.4166224,2.376743
5.436875,2.4166489,2.3784952
7.14375,2.4165516,2.370541
6.079375,2.4187193,2.3684762
5.25875,2.4191499,2.365588
3.2125000000000004,2.418514,2.3692126
1.573125,2.4185166,2.3720708
1.6356249999999999,2.4184341,2.3707318
1.513125,2.4185634,2.3769598
1.56875,2.4183564,2.3785381
1.535,2.4183636,2.3704865
2.049375,2.4184499,2.3684433
2.71,2.4185612,2.3710551
3.061875,2.4184837,2.374592
3.8381250000000002,2.4184601,2.3775518
4.66875,2.4184933,2.376385
3.700625,2.4185247,2.3826594
3.204375,2.4186845,2.3840199
3.17625,2.418812,2.3759785
3.276875,2.4188037,2.3738854
3.215,2.4237425,2.398687
3.75,2.428879,2.402451
4.061875000000001,2.4292078,2.4055824
5.855,2.4294033,2.4044638
6.714375,2.4300976,2.4108934
7.169375,2.431505,2.4121475
6.68125,2.4328346,2.4037237
5.971875,2.4325085,2.4016376
5.84375,2.4225862,2.3987262
4.229375,2.41756,2.4024618
2.1025,2.4115186,2.4056191
2.013125,2.4167945,2.4045434
2.086875,2.417499,2.410944
2.05375,2.4183207,2.412133
2.066875,2.4191117,2.4037848
2.30625,2.4199429,2.4016514
3.14625,2.4206872,2.4071827
3.583125,2.4255888,2.4109516
4.26,2.4257455,2.414208
4.3725000000000005,2.4257853,2.4133048
4.355625,2.4257185,2.4198613
4.309374999999999,2.4257803,2.420909
4.250624999999999,2.4259539,2.412255
4.07125,2.4261189,2.4101446
3.2731250000000003,2.431109,2.435277
3.136875,2.4317036,2.441844
3.4825,2.4375505,2.4451284
5.58375,2.44272,2.4437776
5.876875,2.4432657,2.4491248
5.953749999999999,2.44398,2.4481857
5.443125,2.4441633,2.439879
4.999375,2.4438365,2.4374757
4.766249999999999,2.4438014,2.4315197
3.025625,2.4437191,2.4260526
1.625,2.44359,2.455338
1.6056249999999999,2.4435515,2.4527555
1.5325,2.443699,2.4490242
1.5775,2.443677,2.4450355
1.5625,2.4438221,2.4451854
1.8399999999999999,2.443923,2.4367957
2.67125,2.4440162,2.431371
3.124375,2.4439917,2.422966
3.05,2.4439878,2.4577274
2.928125,2.4440064,2.4534185
2.915,2.443994,2.4487813
2.93,2.4439619,2.44573
2.9575,2.4437387,2.445274
2.96375,2.4494128,2.4365587
2.198125,2.4544063,2.4301844
1.953125,2.454329,2.4193118
2.00625,2.454173,2.4588835
4.25875,2.4538603,2.4554374
5.38375,2.4537845,2.449664
5.448125,2.4539046,2.448041
5.415,2.4542277,2.441112
4.72375,2.4545202,2.4393325
3.088125,2.4546847,2.4301655
2.368125,2.454211,2.419175
1.493125,2.446837,2.4589276
1.58,2.4495807,2.4555464
1.56125,2.452141,2.4497356
1.5325,2.4550014,2.4481535
1.558125,2.457721,2.4409127
1.825,2.460134,2.4394653
2.71125,2.4636023,2.4301567
3.059375,2.4650664,2.4190817
3.0725,2.475579,2.4589615
3.0025,2.4763806,2.4556298
3.010625,2.4807858,2.4497948
3.0525,2.485528,2.4482381
3.0025,2.4903958,2.440771
2.995625,2.4907012,2.4395628
3.140625,2.4960952,2.430154
2.97625,2.5016863,2.4190123
3.08875,2.5074363,2.4589915
4.7631250000000005,2.5125115,2.4556987
5.468125,2.5127108,2.4498446
5.696875,2.5128894,2.4483068
5.163125,2.5129857,2.4406624
4.89625,2.5131226,2.4396422
3.575,2.5132449,2.4301577
2.355,2.5132694,2.4189725
1.5725,2.5149999,2.4590144
1.479375,2.5182803,2.4557498
1.50875,2.518267,2.4498858
1.4775,2.518182,2.448356
1.486875,2.519135,2.4405932
1.4693749999999999,2.5215127,2.4396966
1.49125,2.5236073,2.4301627
1.92875,2.52737,2.4189382
3.22125,2.5294237,2.459037
5.490625,2.5330305,2.455797
8.761875,2.5491967,2.449923
8.486875,2.5476875,2.4484015
8.619375,2.5529923,2.4405317
10.305625,2.555781,2.4397478
9.721874999999999,2.5571787,2.4301708
8.799375000000001,2.564289,2.4189184
8.730625,2.573562,2.4590573
6.79,2.579369,2.4558358
3.07375,2.5789754,2.4499552
3.323125,2.5735555,2.4484377
3.109375,2.5718508,2.440489
3.03125,2.5671444,2.4397879
2.6793750000000003,2.5717013,2.4301794
2.1706250000000002,2.5771217,2.4189
1.500625,2.5780768,2.459076
1.47125,2.5796142,2.4558735
1.49875,2.5818338,2.4499886
1.459375,2.584247,2.4484725
1.52375,2.5865374,2.4404492
1.518125,2.588929,2.439825
1.52125,2.5913486,2.4301884
1.9675,2.593863,2.4188838
2.43,2.5962844,2.459094
4.1025,2.5970023,2.4559093
5.126875,2.5963426,2.4500206
5.581875,2.5957732,2.448505
5.279375,2.595038,2.4404128
4.76875,2.5945103,2.4398603
3.333125,2.5939121,2.4301972
1.408125,2.5928092,2.418866
1.354375,2.5935056,2.4591126
2.45875,2.5969028,2.4559467
5.2225,2.5998654,2.4500532
8.568125,2.611223,2.4485395
6.613125,2.6171076,2.4403734
2.07375,2.6245832,2.439898
1.48875,2.6250794,2.4305055
1.44875,2.6274605,2.4164374
1.458125,2.6300411,2.4583178
1.4775,2.6326628,2.457124
1.503125,2.6354613,2.451597
1.47875,2.638214,2.4494853
1.46125,2.6407642,2.4386916
2.05625,2.645227,2.4409394
2.588125,2.6473289,2.428887
2.950625,2.6483388,2.411036
4.7837499999999995,2.6533937,2.4540992
5.07875,2.6534495,2.4613206
4.979375,2.6535232,2.4567413
4.949375,2.653592,2.4532583
4.908125,2.6536555,2.4383411
5.07875,2.6537843,2.4395132
3.561875,2.6591387,2.4273558
3.166875,2.6597905,2.408585
3.244375,2.6652946,2.450935
5.075625,2.6702862,2.463481
5.220000000000001,2.6706312,2.4606652
6.091875,2.6708193,2.4566667
5.93125,2.671216,2.4383779
6.238125,2.6720865,2.437211
5.31625,2.6724172,2.4273415
3.113125,2.6715674,2.4085715
1.54,2.6714554,2.4508195
1.44,2.672285,2.4635258
1.501875,2.6752152,2.4608164
1.4537499999999999,2.6782513,2.4568186
1.45625,2.6810966,2.4383621
1.955625,2.6860533,2.4370847
2.59125,2.6879902,2.4273028
3.031875,2.6890023,2.4085507
4.2975,2.694122,2.4505813
4.924375,2.694126,2.4636035
4.905,2.694182,2.4611015
4.876250000000001,2.6942801,2.457133
4.843125000000001,2.6943924,2.4383214
4.889375,2.6944966,2.4368062
5.085,2.6998947,2.4272497
5.545625,2.70545,2.4085355
3.800625,2.7108674,2.450293
4.04875,2.711012,2.4636943
5.069375,2.7111197,2.4614453
5.443125,2.7112281,2.4575253
7.2775,2.71134,2.4382672
7.568125,2.711782,2.4364467
6.408125,2.7125406,2.427258
4.76,2.717894,2.4085355
2.146875,2.7181332,2.4503045
1.430625,2.7267718,2.463703
1.506875,2.7265782,2.4614556
1.489375,2.7294412,2.4575157
1.485625,2.7320952,2.4382749
1.504375,2.738335,2.4364662
1.9368750000000001,2.7375298,2.4272661
3.0006250000000003,2.737844,2.408535
2.969375,2.7387624,2.4503145
2.980625,2.738635,2.4637113
2.9175,2.7393417,2.4614658
2.939375,2.7390797,2.4575071
3.006875,2.738863,2.4382823
3.25375,2.738674,2.4364848
2.8674999999999997,2.738528,2.4272413
3.01375,2.733774,2.4085288
3.348125,2.743035,2.4501739
4.399375,2.7433882,2.4637616
5.2575,2.743451,2.461646
5.445,2.7435927,2.4577036
4.883125,2.7436657,2.438258
3.75625,2.7438073,2.4363067
2.733125,2.7437866,2.4272485
2.7268749999999997,2.738627,2.4085279
2.43,2.7394843,2.45018
1.52625,2.7476723,2.463771
1.491875,2.7500167,2.4616609
1.52875,2.753169,2.4577
1.54,2.756446,2.4382644
1.5175,2.7624621,2.43632
2.09,2.7620406,2.4272382
3.23625,2.762543,2.408524
3.17625,2.7682047,2.4501088
4.381875,2.7681487,2.4638023
5.14125,2.7682116,2.4617634
5.1225000000000005,2.7684426,2.4578018
3.441875,2.7687545,2.4382544
3.6343750000000004,2.76831,2.4362319
3.57625,2.7681344,2.4272296
3.275,2.7656238,2.408524
3.276875,2.771513,2.4500427
5.0,2.7759967,2.46383
6.630625,2.776286,2.4618561
7.5575,2.7772362,2.457899
6.978125,2.7800522,2.4382455
6.985625,2.7832851,2.4361477
6.98375,2.785616,2.4272363
3.89,2.791461,2.4085228
2.5475,2.7927992,2.450049
1.489375,2.80099,2.4638386
1.533125,2.8039713,2.4618695
1.516875,2.8075004,2.457894
1.5375,2.8125584,2.4382515
1.525,3.018189,2.4361618
2.07125,3.019751,2.4272149
3.2712499999999998,3.016862,2.4085193
4.75,3.0171604,2.4499297
5.204375,3.0170221,2.463883
4.7825,3.0170512,2.4620245
3.65625,3.016451,2.4580626
4.07125,3.0150723,2.4382315
4.060625,3.014196,2.436008
3.835625,3.013032,2.4264393
2.305625,3.0122664,2.409009
2.46,3.01129,2.4506936
3.959375,3.0084949,2.4639485
7.3675,3.005642,2.4614143
7.815,3.0072484,2.4582248
6.608125,3.0113559,2.4387236
5.548125,3.0135965,2.435467
5.218125,3.0140686,2.426444
2.903125,3.0146146,2.4090085
2.3875,3.0154996,2.4507012
1.463125,3.0213788,2.4639544
1.499375,3.0201793,2.4614208
1.505,3.0197487,2.458218
1.466875,3.0193505,2.4387302
1.501875,3.0184784,2.43548
1.5231249999999998,3.0180674,2.426279
1.465,3.0177982,2.409061
2.04375,3.014618,2.4508588
2.638125,3.0107164,2.463974
2.786875,3.013517,2.4612894
2.965,3.0162778,2.4582286
2.618125,3.0193408,2.4388714
0.698125,3.0202446,2.4354343
0.6018749999999999,3.009585,2.4253678
0.606875,2.8163197,2.4093347
1.790625,2.800609,2.4516902
2.63,2.7997768,2.4640586
5.845625,2.799026,2.4605434
8.07375,2.7990637,2.4583058
7.828125,2.796453,2.4395962
7.654375,2.8006783,2.4351373
7.725,2.8053021,2.4253733
4.5275,2.8112059,2.4093342
2.2512499999999998,2.8126903,2.4516935
1.506875,2.8171668,2.4640617
1.4775,2.8171415,2.4605484
1.51375,2.8170555,2.4583015
1.501875,2.8169765,2.4395998
1.48875,2.8168762,2.435147
1.505625,2.816795,2.4251328
1.505625,2.816781,2.4093895
2.16125,2.8156767,2.4519277
3.379375,2.8153715,2.4640892
5.343125000000001,2.8150034,2.460348
5.396875,2.8146214,2.458329
5.2,2.8139763,2.439783
5.001250000000001,2.8132238,2.4350858
4.374375,2.812719,2.424891
3.98,2.817253,2.4094415
7.796250000000001,2.8187623,2.4521637
7.9275,2.8292217,2.4641204
8.859375,2.830346,2.4601455
9.335625,2.8315737,2.4583538
9.55125,2.8329916,2.4399655
7.9575,2.834571,2.4350238
2.27625,2.8407025,2.4248953
1.53,2.8409197,2.4094415
1.488125,2.840879,2.4521651
1.54,2.8408055,2.4641216
1.5075,2.8407612,2.4601483
1.49625,2.8406982,2.4583516
1.526875,2.840592,2.4399676
1.5362500000000001,2.8406467,2.4350293
2.344375,2.839998,2.4247391
3.2675,2.8397036,2.4094734
3.23,2.839772,2.4523182
3.2575000000000003,2.8397808,2.4641433
3.223125,2.839746,2.4600167
3.180625,2.8396564,2.4583662
3.181875,2.839611,2.440085
3.16125,2.8396063,2.4349914
3.205625,2.8395476,2.4246767
3.214375,2.839611,2.409486
3.68125,2.839624,2.4523811
4.913125,2.8395875,2.4641523
5.17375,2.8395643,2.4599628
5.42875,2.8395703,2.458373
5.33,2.8396125,2.4401333
5.271875,2.839366,2.4349763
5.0275,2.8392432,2.4246793
3.6325,2.8392127,2.4094875
2.285,2.839407,2.4523807
1.501875,2.844563,2.4641519
1.5037500000000001,2.8443522,2.4599628
1.4925000000000002,2.8443465,2.4583735
1.515,2.8442478,2.4401336
1.4375,2.844262,2.434977
1.626875,2.8434875,2.4246721
2.009375,2.8390036,2.4094906
2.568125,2.837215,2.4523897
3.1625,2.836826,2.4641528
3.148125,2.832177,2.4599552
3.134375,2.8322215,2.458375
3.1350000000000002,2.8322246,2.4401412
3.17875,2.8322105,2.4349751
3.17875,2.832158,2.424628
3.131875,2.8321514,2.4094996
3.46,2.8321233,2.452434
4.473125,2.8320537,2.464159
5.89375,2.8319426,2.4599164
6.2387500000000005,2.831842,2.4583802
5.69875,2.831635,2.4401743
5.51375,2.8314257,2.4349647
4.4575,2.8313544,2.4246285
2.75625,2.8311925,2.4095016
2.37,2.8261757,2.452434
1.4962499999999999,2.8265398,2.464158
1.50125,2.8258553,2.4599144
1.4837500000000001,2.8251994,2.4583817
1.495625,2.8245006,2.440175
1.465625,2.8238478,2.4349627
2.00875,2.8189256,2.4246216
3.2325,2.8175545,2.4095047
3.241875,2.8174386,2.4524412
3.163125,2.8174186,2.4641585
3.1675,2.8173099,2.459907
3.1725000000000003,2.8171716,2.458384
3.11375,2.8170497,2.4401808
3.1975,2.8169827,2.43496
3.19,2.816911,2.4246006
3.225625,2.816874,2.4095106
3.9425,2.8168826,2.4524627
5.963125,2.8169155,2.46416
7.834375,2.8169928,2.4598866
7.81125,2.817481,2.4583874
5.889375,2.8178983,2.440197
5.828125,2.8179364,2.4349525
5.524375,2.8180056,2.4246001
3.93375,2.818133,2.4095116
2.629375,2.8186078,2.4524636
1.7675,2.823778,2.4641602
1.764375,2.8239274,2.4598858
1.956875,2.8242378,2.4583883
1.526875,2.8247254,2.4401975
1.5375,2.824686,2.4349515
2.1106249999999998,2.824286,2.4245996
3.24,2.8237855,2.4095123
3.264375,2.8238087,2.4524634
3.1793750000000003,2.8238204,2.4641602
3.1925,2.8238635,2.459885
3.2325,2.8239193,2.4583893
3.19375,2.823979,2.4401977
3.211875,2.8240156,2.4349508
3.220625,2.824387,2.4245992
3.22625,2.8291955,2.409513
3.735,2.8349195,2.4524639
5.74375,2.8396559,2.4641602
5.946875,2.8398557,2.4598842
6.211875,2.839942,2.4583898
6.058125,2.8400767,2.440198
5.825,2.8401418,2.4349499
5.64,2.8402624,2.4245992
5.166875,2.8448384,2.4095137
2.473125,2.8504477,2.452464
1.62,2.8509765,2.46416
1.611875,2.8509884,2.4598832
1.57375,2.8510518,2.4583907
1.620625,2.851109,2.4401984
1.591875,2.8512173,2.4349494
2.111875,2.8509274,2.4245987
3.315625,2.8503814,2.4095144
3.270625,2.850435,2.452464
3.2325,2.850441,2.4641597
3.2325,2.8504744,2.4598827
3.258125,2.8504877,2.4583912
3.259375,2.8505325,2.4401987
3.271875,2.850595,2.4349484
3.230625,2.8506236,2.424598
3.2024999999999997,2.8506358,2.4095147
3.295625,2.8506877,2.4524643
5.504375,2.850706,2.46416
6.150625,2.850829,2.459882
6.225,2.8509326,2.4583921
5.1812499999999995,2.8509927,2.440199
3.035625,2.850979,2.4349477
2.82125,2.8508487,2.4245977
2.785625,2.8461537,2.4095154
2.419375,2.8508353,2.4524646
1.57875,2.8518531,2.46416
1.569375,2.8519151,2.4598813
1.560625,2.8519876,2.458393
1.558125,2.8521168,2.4401991
1.556875,2.8522172,2.434947
1.5525,2.8523488,2.4245975
1.538125,2.8524523,2.4095159
2.11125,2.8478308,2.4524648
3.203125,2.846701,2.4641597
4.700625,2.8464031,2.4598808
3.61625,2.8427348,2.4583936
2.483125,2.8449712,2.4401994
1.72,2.843758,2.4349463
1.72875,2.834033,2.4245973
1.735625,2.8261101,2.4095163
2.758125,2.8173773,2.452465
3.3825,2.815183,2.46416
3.428125,2.8103077,2.4598804
3.471875,2.8103309,2.458394
2.986875,2.8103552,2.4401994
2.925,2.8103309,2.4349453
2.948125,2.8103092,2.4245968
2.9456249999999997,2.8105044,2.4095168
2.435625,2.8156543,2.452465
1.720625,2.8168454,2.4641595
1.708125,2.817235,2.4598796
1.769375,2.8174744,2.4583945
1.7449999999999999,2.817989,2.4401999
1.73,2.818321,2.434945
1.75,2.818624,2.4245973
1.740625,2.818941,2.4095178
2.336875,2.8186967,2.4524655
4.688125,2.8186524,2.4641597
5.3618749999999995,2.8188782,2.4598794
5.4556249999999995,2.818958,2.4583955
6.06125,2.8189125,2.4401999
6.3793750000000005,2.819137,2.4349446
4.7625,2.8195553,2.4245968
3.611875,2.82026,2.4095178
2.088125,2.826367,2.4524655
2.83875,2.8273163,2.4641595
4.195,2.827865,2.4598787
8.763125,2.8276691,2.4583957
9.1175,2.8278573,2.4401999
3.725,2.8300102,2.434944
2.8200000000000003,2.8307967,2.4245968
2.799375,2.83634,2.4095182
2.161875,2.8422778,2.4524655
1.61625,2.8430943,2.4641595
1.591875,2.8432565,2.4598784
1.6212499999999999,2.8433762,2.4583964
1.6175,2.843587,2.4402003
1.55375,2.8438354,2.4349434
2.41125,2.84327,2.4245963
3.30625,2.843166,2.4095187
4.811875,2.8432608,2.4524655
5.456875,2.8432794,2.464159
5.386875,2.8433516,2.459878
5.375,2.8433967,2.458397
5.225625,2.8434484,2.4402
5.314375,2.84346,2.4349427
5.254375,2.8435025,2.4245963
3.30625,2.843729,2.409519
4.0649999999999995,2.8437433,2.4524658
6.156874999999999,2.8438325,2.4641595
6.2925,2.844123,2.4598775
6.47375,2.84444,2.4583972
6.324375,2.8445501,2.4402003
6.04375,2.8447018,2.4349427
5.934375,2.8445773,2.4245963
3.939375,2.8446627,2.4095192
2.321875,2.8450534,2.4524655
1.611875,2.8502476,2.464159
1.56125,2.8504252,2.459877
1.565625,2.8505006,2.4583974
1.568125,2.8506641,2.4402003
1.55375,2.8508532,2.434942
2.330625,2.8503833,2.4245963
3.251875,2.850191,2.4095197
4.56,2.8502362,2.4524658
5.7718750000000005,2.850239,2.4641593
5.683125,2.8503325,2.459877
5.654999999999999,2.8504648,2.4583979
5.61375,2.8506613,2.4402008
5.698125,2.8508334,2.4349418
5.64625,2.8511243,2.4245958
5.5525,2.8512921,2.4095201
4.1925,2.851248,2.4524658
6.59,2.8512936,2.464159
8.214375,2.8518462,2.4598765
7.443125,2.8538065,2.4583983
5.703125,2.8551736,2.4402008
5.5825000000000005,2.8541946,2.4349413
5.4975000000000005,2.8529975,2.4245958
3.780625,2.852674,2.4095201
2.39,2.8523567,2.4524658
1.585625,2.852539,2.464159
1.56875,2.8527005,2.4598765
1.564375,2.8527956,2.4583988
1.63375,2.85291,2.4402008
1.590625,2.8531284,2.434941
2.1087499999999997,2.8532958,2.4245958
3.291875,2.853612,2.4095206
4.738125,2.8537235,2.452466
5.50625,2.8538055,2.464159
5.779375,2.8541317,2.459876
5.5875,2.8547492,2.458399
5.588125,2.8553,2.440201
4.066875,2.8557703,2.4349408
3.8918749999999998,2.8558817,2.4245958
3.738125,2.8560548,2.4095206
3.44625,2.8561864,2.4524658
3.65,2.8562026,2.464159
5.740625,2.8561177,2.4598756
6.616875,2.8562317,2.4583993
5.5287500000000005,2.8565326,2.440201
5.58,2.8565726,2.4349408
5.70875,2.85681,2.4245958
4.079375,2.8572626,2.409521
2.3987499999999997,2.8619852,2.452466
1.53375,2.8619428,2.464159
1.6025,2.8619127,2.4598756
1.56375,2.8620768,2.4583998
2.22,2.8621302,2.4402013
2.765,2.8630486,2.4349403
2.88,2.864624,2.4245958
3.305625,2.8696797,2.409521
3.6725000000000003,2.8696997,2.452466
3.77125,2.8697667,2.464159
3.894375,2.8697495,2.459875
4.056875,2.8697848,2.4583998
4.0325,2.869801,2.440201
3.854375,2.86983,2.4349399
3.60875,2.869851,2.4245956
3.405,2.869855,2.4095216
4.491875,2.8698726,2.452466
5.3225,2.8699324,2.464159
6.989375,2.8700218,2.4598753
8.034375,2.8701935,2.4584002
7.11375,2.870372,2.4402013
6.070625,2.870401,2.4349396
5.90125,2.8700867,2.4245956
3.475,2.869833,2.4095213
2.538125,2.8697798,2.452466
1.57625,2.8697524,2.4641588
1.564375,2.869814,2.459875
1.573125,2.8698547,2.4584005
2.115625,2.8699327,2.4402013
2.7575,2.8707285,2.4349394
2.88625,2.8722196,2.4245958
3.2875,2.877265,2.4095216
3.20875,2.8772693,2.452466
3.179375,2.8772707,2.464159
3.30625,2.8771043,2.4598749
3.705,2.8769054,2.4584007
4.1425,2.876906,2.4402013
3.8874999999999997,2.8769035,2.4349394
3.9450000000000003,2.876915,2.4245954
5.593125,2.876957,2.4095218
5.303125,2.8823483,2.452466
4.5625,2.8825274,2.464159
5.27,2.8826675,2.4598749
6.19625,2.882214,2.4584007
5.713125,2.8816857,2.4402013
5.981249999999999,2.8813472,2.434939
5.72,2.881452,2.4245954
3.690625,2.881513,2.4095218
2.403125,2.8860993,2.452466
1.620625,2.8860784,2.464159
1.58875,2.8862243,2.4598746
1.585,2.8863456,2.4584012
1.549375,2.8864682,2.4402013
1.5875,2.8866186,2.434939
1.615,2.886746,2.4245956
1.559375,2.8868642,2.409522
2.095,2.8870165,2.452466
4.20375,2.887137,2.4641588
4.5287500000000005,2.8921015,2.4598746
4.74625,2.8921604,2.4584012
4.26,2.8927863,2.4402013
3.4118749999999998,2.8935337,2.434939
3.435625,2.901978,2.4245956
3.7425,3.1016474,2.409522
5.47,3.3326392,2.452466
6.24625,3.3364248,2.464159
6.43125,3.3380156,2.4598746
8.191875,3.338771,2.4584012
8.08625,3.338978,2.4402013
7.091875,3.339285,2.4349387
7.41625,3.338623,2.4245954
7.95125,3.3381462,2.409522
7.003125,3.3407109,2.4524658
7.73375,3.3455274,2.4641588
7.1274999999999995,3.3523326,2.4598746
6.071875,3.3582988,2.4584014
5.923125,3.3630338,2.4402013
6.105625,3.3676383,2.4349387
5.814375,3.3730016,2.4245954
6.1587499999999995,3.3779092,2.4095223
6.1525,3.3806384,2.452466
6.6125,3.3815968,2.4641585
7.04875,3.3824773,2.4598744
7.1431249999999995,3.3830893,2.4584012
6.443125,3.3836718,2.4402013
5.56875,3.3840537,2.4349384
3.48875,3.3841214,2.4245954
3.485,3.3839924,2.4095225
3.315625,3.3839545,2.452466
3.22375,3.3822818,2.4641588
4.100625,3.380476,2.4598742
7.967499999999999,3.3786063,2.4584017
9.4275,3.3779576,2.4402015
6.938125,3.3778114,2.4349387
3.1712499999999997,3.3768609,2.4245954
2.89375,3.3776271,2.4095225
2.30375,3.3802066,2.452466
1.66875,3.3820567,2.4641588
1.6625,3.3823395,2.4598746
1.658125,3.3831124,2.4584017
1.669375,3.384079,2.4402013
1.6625,3.3853993,2.4349384
2.51125,3.386159,2.4245954
3.313125,3.3864253,2.4095225
3.75,3.3864264,2.452466
3.915,3.386542,2.4641588
3.93125,3.386661,2.4598744
3.715625,3.386801,2.4584017
3.43125,3.3869853,2.4402013
3.601875,3.3870888,2.4349384
3.51125,3.3873138,2.4245958
3.336875,3.3874302,2.4095225
3.8537500000000002,3.3874526,2.452466
6.00625,3.387461,2.4641585
6.161875,3.3876762,2.4598742
6.21,3.387985,2.4584017
6.00125,3.3882036,2.4402013
5.81625,3.388412,2.4349384
5.532500000000001,3.3885665,2.4245954
4.4125,3.388668,2.4095225
2.30375,3.3890095,2.4524655
1.6025,3.388986,2.4641588
1.629375,3.3890715,2.4598744
1.58125,3.3898187,2.4584017
1.565625,3.3902187,2.4402013
1.628125,3.38999,2.4349384
2.3512500000000003,3.3926163,2.4245954
3.279375,3.3939521,2.4095225
3.84375,3.3952856,2.452466
4.248749999999999,3.3955736,2.4641588
4.34875,3.3956528,2.4598742
4.005,3.395831,2.4584017
3.25,3.3960636,2.4402013
3.4074999999999998,3.3961,2.4349384
2.966875,3.3961813,2.4245954
3.576875,3.3960907,2.4095225
2.7575000000000003,3.3962255,2.452466
3.355,3.39604,2.464159
5.16,3.3958368,2.4598742
6.181875,3.3957694,2.458402
5.779375,3.3957925,2.4402013
5.653125,3.3958104,2.4349384
5.81125,3.395822,2.4245954
4.708125,3.3961253,2.4095225
2.40375,3.3968225,2.452466
1.533125,3.3968186,2.464159
1.5118749999999999,3.3965108,2.4598742
1.518125,3.3963933,2.4584017
1.534375,3.396206,2.4402013
1.49375,3.3957062,2.4349382
2.064375,3.398601,2.4245954
3.26125,3.3995056,2.4095223
3.36,3.3991668,2.452466
3.425625,3.3991718,2.464159
3.509375,3.3992176,2.4598744
2.814375,3.3992953,2.4584017
2.333125,3.3990705,2.4402013
2.4456249999999997,3.398526,2.4349382
2.799375,3.3979416,2.4245954
2.900625,3.3975773,2.4095225
2.58375,3.3974624,2.452466
4.2787500000000005,3.3970056,2.4641588
5.608750000000001,3.3966107,2.4598744
5.93125,3.3959904,2.4584017
5.86125,3.3953495,2.4402013
9.12125,3.3953576,2.4349382
8.995625,3.3966248,2.4245954
3.026875,3.3978295,2.4095225
2.4,3.3974686,2.452466
1.59,3.3972528,2.464159
1.58,3.396968,2.4598744
1.5775,3.3966374,2.4584017
2.050625,3.3945656,2.4402013
2.790625,3.3975234,2.4349382
2.945,3.3991492,2.4245956
3.29375,3.3997722,2.4095225
3.420625,3.399786,2.452466
3.54125,3.3998485,2.4641588
3.588125,3.3999217,2.4598744
3.17375,3.4000082,2.4584017
2.52875,3.3999672,2.4402013
2.54375,3.3995466,2.4349382
2.500625,3.3990192,2.4245956
2.25875,3.3985882,2.4095225
2.255,3.3979053,2.452466
2.62,3.3971844,2.4641585
4.9775,3.3961563,2.4598742
5.15125,3.3959765,2.4584017
5.324375,3.3958094,2.4402013
5.6899999999999995,3.3957274,2.4349382
5.57,3.3957338,2.4245956
5.1975,3.395712,2.4095225
2.411875,3.3957195,2.452466
1.576875,3.395648,2.4641588
1.54625,3.3954153,2.4598744
1.534375,3.3950253,2.4584017
1.9906249999999999,3.394721,2.4402013
2.745625,3.3962026,2.4349382
2.85,3.3975234,2.4245954
3.2800000000000002,3.3981206,2.4095225
3.351875,3.3981125,2.452466
3.373125,3.39815,2.464159
3.03625,3.3981698,2.4598744
2.5075,3.398079,2.4584017
2.421875,3.3975964,2.4402013
2.34375,3.3970032,2.4349382
2.34625,3.3962882,2.4245954
2.1574999999999998,3.3955405,2.4095225
2.2800000000000002,3.3946507,2.4524658
2.32375,3.3939395,2.4641585
3.066875,3.3928142,2.4598742
6.62625,3.3920293,2.4584017
6.49,3.3920965,2.4402013
6.999375000000001,3.3922796,2.4349384
8.72875,3.3933592,2.4245954
8.041875000000001,3.39514,2.4095223
1.58375,3.3970463,2.452466
0.6481250000000001,3.396078,2.464159
0.634375,3.1058004,2.4598744
0.5856250000000001,2.9579763,2.4584017
0.625625,2.9506793,2.4402013
0.630625,2.947504,2.4349382
0.6125,2.9441571,2.4245956
0.595625,2.9405415,2.4095225
1.150625,2.937905,2.452466
1.6912500000000001,2.9365718,2.4641588
2.174375,2.9307623,2.4598744
2.53625,2.9258492,2.4584017
1.915,2.9167616,2.4402013
0.886875,2.9159098,2.4349382
1.099375,2.9147873,2.4245958
1.33625,2.913469,2.4095225
2.17625,2.9129448,2.4524658
2.663125,2.9124584,2.4641588
4.470625,2.9082015,2.4598742
7.59875,2.9123025,2.4584017
5.941875,2.9079568,2.4402013
5.584375,2.9083047,2.4349382
5.4575,2.9085722,2.4245954
5.34125,2.9089134,2.4095223
5.418125,2.913138,2.452466
5.738125,2.918521,2.4641588
5.483125,2.9241192,2.4598744
4.855,2.9298782,2.4584017
0.728125,2.9354587,2.4402013
0.61,2.9301047,2.4349382
1.2275,2.92699,2.4245954
4.159375,2.9256666,2.4095225
4.564375,2.9370666,2.452466
5.32875,2.9369824,2.464159
3.03625,2.937036,2.4598744
2.58125,2.9367175,2.4584017
2.2375,2.9364076,2.4402013
2.96625,2.9313843,2.4349382
3.105625,2.9309037,2.4245958
2.878125,2.9308891,2.4095225
1.845625,2.9303432,2.4524658
1.965625,2.9300485,2.464159
2.4175,2.929212,2.4598742
8.191875,2.9287848,2.4584017
8.15375,2.924773,2.4402013
3.4293750000000003,2.9284282,2.4349382
1.841875,2.928331,2.4245954
1.894375,2.9195852,2.4095225
1.39625,2.9181943,2.4524658
0.58625,2.9173927,2.4641585
0.6675,2.9154506,2.4598742
0.63,2.9123344,2.4584017
1.565,2.9093328,2.4402013
1.428125,2.9094975,2.4349384
1.4825,2.9093652,2.4245956
2.374375,2.9087777,2.4095223
2.373125,2.9038367,2.4524658
2.611875,2.8998399,2.4641585
2.666875,2.898549,2.4598742
2.51,2.893839,2.4584017
2.505,2.889439,2.4402013
2.526875,2.8889408,2.4349382
2.510625,2.88447,2.4245958
2.4631250000000002,2.875631,2.4095225
2.546875,2.8709433,2.452466
2.45375,2.8707561,2.4641585
4.0962499999999995,2.8658998,2.4598742
4.8256250000000005,2.8612382,2.4584017
4.929375,2.8613262,2.4402013
4.593125000000001,2.8611734,2.4349384
4.685,2.8609722,2.4245954
4.135625,2.8608735,2.4095225
1.798125,2.8609047,2.4524658
1.5274999999999999,2.8566074,2.4641585
1.518125,2.856245,2.4598742
1.473125,2.8562589,2.4584017
1.519375,2.8561387,2.4402013
1.511875,2.8560815,2.4349384
2.2424999999999997,2.8560758,2.4245956
3.24625,2.856041,2.4095225
3.305625,2.8560362,2.4524658
2.6574999999999998,2.855852,2.4641588
2.41625,2.8555899,2.4598742
2.388125,2.850944,2.4584017
2.34375,2.846741,2.4402013
2.370625,2.841072,2.4349382
2.40625,2.8360229,2.4245956
2.46375,2.8350353,2.4095225
2.42875,2.8255386,2.452466
4.903125,2.8210433,2.4641588
6.0825,2.8203106,2.4598744
5.905625000000001,2.8197422,2.4584017
5.47375,2.8188677,2.4402013
5.421875,2.818756,2.4349382
5.4781249999999995,2.818686,2.4245958
3.7425,2.8186135,2.4095225
1.455625,2.8185582,2.4524658
0.54375,2.813159,2.464159
0.579375,2.8101006,2.4598742
0.5525,2.8053203,2.4584017
0.5025,2.8019352,2.4402013
0.545625,2.7978063,2.4349382
1.10625,2.7948146,2.4245958
2.286875,2.7880502,2.4095225
2.288125,2.7861485,2.4524658
2.19875,2.7819939,2.4641585
2.215,2.7762842,2.4598742
2.213125,2.7704377,2.4584017
2.228125,2.7651267,2.4402013
2.159375,2.759181,2.4349382
2.16875,2.7537904,2.4245954
2.184375,2.7484667,2.4095225
2.77625,2.7430289,2.452466
4.035,2.7381148,2.4641585
4.161875,2.7383592,2.4598742
5.015625,2.7404747,2.4584017
5.021875,2.7394319,2.4402013
4.655,2.739102,2.4349384
4.5962499999999995,2.73842,2.4245954
2.7006249999999996,2.737804,2.4095225
2.150625,2.7324967,2.452466
1.50875,2.7319732,2.4641585
1.5525,2.7318354,2.4598742
1.5525,2.73174,2.4584017
2.0012499999999998,2.7317882,2.4402013
2.7775,2.7314625,2.4349384
2.89375,2.7315032,2.4245954
3.23375,2.7315316,2.4095225
5.00125,2.7315483,2.4524658
4.97875,2.7317917,2.4641585
4.82125,2.732153,2.4598742
3.766875,2.73249,2.4584017
2.720625,2.7324286,2.4402013
2.605,2.7320294,2.4349384
2.54875,2.73167,2.4245954
2.291875,2.7222848,2.4095225
2.715,2.7213216,2.452466
4.028125,2.7162435,2.4641585
4.766249999999999,2.7152956,2.4598742
4.953749999999999,2.7131581,2.4584017
4.543125,2.7094607,2.4402013
4.476875,2.7078109,2.4349384
4.431875,2.7070003,2.4245954
3.829375,2.7065144,2.4095223
1.454375,2.7065854,2.4524658
0.543125,2.700594,2.4641585
0.543125,2.6961932,2.4598742
0.523125,2.692402,2.4584017
1.003125,2.6896405,2.4402013
1.751875,2.686358,2.4349384
1.880625,2.6802716,2.4245954
2.3118749999999997,2.6792178,2.4095225
4.00875,2.6739795,2.452466
4.844375,2.674193,2.4641585
4.95,2.6743827,2.4598742
4.823125,2.6747332,2.4584017
4.758125,2.6750734,2.4402013
4.721875,2.6752207,2.434938
3.86375,2.6754327,2.4245956
2.76375,2.6754646,2.4095225
2.438125,2.6747274,2.4524658
2.370625,2.6698308,2.4641585
4.5287500000000005,2.6637464,2.4598742
5.091875,2.6634603,2.4584017
5.63375,2.6631513,2.4402013
8.5975,2.6631637,2.4349384
8.735,2.666603,2.4245954
4.00875,2.672565,2.4095223
2.66,2.6719131,2.4524658
1.5150000000000001,2.672404,2.4641585
1.53,2.6721606,2.4598742
1.5475,2.6720166,2.4584017
1.5225,2.6719456,2.4402013
1.5543749999999998,2.6718965,2.4349384
1.57625,2.671838,2.4245958
1.513125,2.671714,2.4095225
2.1306249999999998,2.6717076,2.4524658
2.668125,2.6718383,2.4641585
3.9624999999999995,2.6669106,2.4598742
6.2125,2.6665394,2.4584017
5.513125,2.6668735,2.4402013
0.6875,2.667418,2.4349384
0.599375,2.6569796,2.4245954
0.651875,2.6513042,2.4095223
1.898125,2.6416712,2.4524658
3.191875,2.6346898,2.4641588
3.32375,2.6329336,2.4598742
6.11875,2.6266403,2.4584017
8.834999999999999,2.6247387,2.4402013
8.37875,2.6267052,2.4349382
2.485,2.6304874,2.4245958
1.6412499999999999,2.6229563,2.4095225
1.6075,2.6154265,2.452466
1.63375,2.6070356,2.4641585
1.64875,2.5991938,2.4598742
1.585625,2.5924537,2.4584017
1.62125,2.5856209,2.4402013
1.6475,2.5787272,2.4349384
2.269375,2.5718267,2.4245956
2.83,2.5657725,2.4095225
2.713125,2.5647283,2.452466
3.221875,2.5584712,2.4641585
3.2199999999999998,2.552129,2.4598742
3.65,2.5502262,2.4584017
3.116875,2.5509615,2.4402013
3.193125,2.5493064,2.4349384
3.026875,2.5486119,2.4245956
2.638125,2.54847,2.4095223
2.68,2.5482347,2.4524658
2.70125,2.5433683,2.4641585
2.7675,2.538115,2.4598742
2.799375,2.5375905,2.4584017
7.42375,2.527793,2.4402013
3.0549999999999997,2.5249758,2.4349384
2.76875,2.5201473,2.4245956
2.79,2.5199986,2.4095223
2.2912500000000002,2.5199034,2.4524658
1.549375,2.5198512,2.4641585
1.5306250000000001,2.51966,2.4598742
1.520625,2.519467,2.4584017
1.554375,2.519223,2.4402013
1.554375,2.5190244,2.4349384
2.401875,2.5189576,2.4245954
3.23125,2.518934,2.4095225
4.000624999999999,2.5190034,2.4524658
4.284375,2.519219,2.4641585
4.183125,2.519451,2.4598742
4.22375,2.5195727,2.4584017
3.476875,2.5197377,2.4402013
3.38375,2.5197172,2.434938
3.3275,2.5195973,2.4245956
3.249375,2.51953,2.4095223
3.87,2.5195272,2.4524658
5.595625,2.5196557,2.4641585
5.87625,2.5195217,2.4598742
5.91875,2.5192044,2.4584017
5.920625,2.51867,2.4402013
5.9825,2.518499,2.4349384
5.24,2.5186162,2.4245954
2.8575,2.5181758,2.4095225
2.27,2.5126762,2.452466
1.59,2.5126204,2.4641585
1.626875,2.5125647,2.4598742
1.554375,2.5125637,2.4584017
1.560625,2.5124965,2.4402013
1.544375,2.5125098,2.4349384
2.38375,2.5124457,2.4245956
3.27125,2.5125356,2.4095225
3.676875,2.5125697,2.4524655
3.94875,2.512601,2.4641585
3.395,2.5125756,2.4598742
3.354375,2.5123687,2.4584017
3.353125,2.5122032,2.4402013
3.4681249999999997,2.512189,2.4349382
3.5062499999999996,2.5121615,2.4245954
3.518125,2.5122252,2.4095223
3.564375,2.512196,2.452466
5.88375,2.5124295,2.464159
9.610624999999999,2.5136023,2.4598744
6.689375,2.5222902,2.4584017
5.8125,2.5223403,2.4402013
6.133125,2.5222945,2.4349382
6.6068750000000005,2.5226305,2.4245958
4.49625,2.522944,2.4095225
2.421875,2.5227664,2.4524658
1.60625,2.5227623,2.4641585
1.604375,2.522828,2.4598742
1.5625,2.5229897,2.4584017
1.59625,2.5230556,2.4402013
1.55,2.523163,2.4349382
2.183125,2.5233502,2.4245956
3.35,2.5235314,2.4095223
3.96,2.523568,2.4524658
4.344375,2.5236661,2.464159
4.099375,2.5238366,2.4598742
3.40625,2.5239248,2.4584017
2.6625,2.5282972,2.4402013
2.505,2.529264,2.4349384
2.54875,2.5294003,2.4245956
2.40375,2.5239506,2.4095225
2.32625,2.5225432,2.4524658
3.87,2.5222468,2.4641588
5.733750000000001,2.5221503,2.4598742
5.894375,2.5222125,2.4584017
5.428125,2.522251,2.4402013
5.574375,2.5226734,2.4349382
5.405,2.5150046,2.4245954
4.291875,2.5130312,2.4095225
2.3850000000000002,2.5181406,2.4524658
1.526875,2.518102,2.4641585
1.5425,2.5179682,2.4598742
1.570625,2.517911,2.4584017
2.026875,2.5179615,2.4402013
2.795,2.5179996,2.4349384
2.9425,2.5179937,2.4245954
3.216875,2.5179772,2.4095225
3.406875,2.5180078,2.452466
3.4675000000000002,2.5180154,2.4641585
3.410625,2.517989,2.4598742
3.59,2.5179625,2.4584017
3.54375,2.5181332,2.4402013
3.453125,2.5232658,2.4349384
2.693125,2.5284452,2.4245954
2.346875,2.5285602,2.4095225
2.410625,2.5286462,2.452466
2.565,2.5297027,2.4641585
5.474375,2.5289223,2.4598742
5.948125,2.5303156,2.4584017
5.413125,2.5292509,2.4402013
5.475625,2.5292692,2.4349384
4.18,2.5292144,2.4245954
2.78375,2.5288062,2.4095223
2.441875,2.5232892,2.452466
1.5425,2.523285,2.4641588
1.4993750000000001,2.5231552,2.4598744
1.52,2.5230665,2.4584017
2.004375,2.5231266,2.4402013
2.71,2.5232239,2.4349382
2.66125,2.523182,2.4245956
2.305625,2.519299,2.4095223
2.6012500000000003,2.513145,2.4524658
3.12875,2.5081499,2.4641585
2.94375,2.508037,2.4598742
2.5337500000000004,2.5080256,2.4584017
2.423125,2.508029,2.4402013
2.380625,2.5079365,2.4349384
2.45375,2.507996,2.4245958
2.191875,2.5081215,2.4095225
2.2775,2.50815,2.4524658
2.7424999999999997,2.5081334,2.4641588
4.636875,2.5085306,2.4598742
5.039375,2.5091166,2.4584017
4.268125,2.5089169,2.4402013
1.940625,2.5081687,2.4349382
1.808125,2.5027115,2.4245958
1.781875,2.49315,2.4095225
1.28875,2.4752066,2.4524658
0.555625,2.474524,2.4641585
0.561875,2.4745195,2.4598742
0.57875,2.4744701,2.4584017
0.525,2.474469,2.4402013
0.568125,2.4744077,2.4349382
0.53125,2.474369,2.4245954
0.564375,2.4743373,2.4095225
1.0625,2.474207,2.4524658
3.913125,2.4740632,2.4641585
7.6381250000000005,2.4876947,2.4598742
7.72375,2.4925897,2.4584017
7.50375,2.5004609,2.4402013
6.735625,2.511897,2.4349384
6.800625,2.5222235,2.4245956
6.135625,2.5303307,2.4095223
1.848125,2.5371616,2.4524658
2.255,2.5369616,2.4641585
2.409375,2.5365882,2.4598742
2.5025,2.53576,2.4584017
1.825625,2.527803,2.4402013
1.848125,2.5183005,2.4349384
1.1512499999999999,2.5116363,2.4245956
0.60875,2.5043142,2.4095225
0.625,2.4942412,2.4524658
0.6425,2.484694,2.4641585
0.588125,2.4748516,2.4598742
0.611875,2.466564,2.4584017
0.629375,2.452916,2.4402013
0.5925,2.4528854,2.4349384
1.3043749999999998,2.4521594,2.4245956
1.848125,2.4526284,2.4095225
1.855,2.443869,2.452466
2.605,2.439089,2.4641585
6.243125,2.4336152,2.4598742
7.214375,2.4437852,2.4584017
1.873125,2.4456017,2.4402013
2.11875,2.4438863,2.4349384
1.400625,2.4430318,2.4245958
0.90125,2.431523,2.4095225
0.73,2.4283452,2.4524658
0.57125,2.422944,2.464159
1.4175,2.4218383,2.4598742
3.38625,2.4210033,2.4584017
2.338125,2.417111,2.4402013
1.89625,2.4122322,2.4349384
1.856875,2.4012713,2.4245956
1.88125,2.4012818,2.4095225
1.283125,2.4011712,2.452466
0.566875,2.400984,2.4641585
0.635625,2.4010067,2.4598742
0.5843750000000001,2.4009643,2.4584017
0.62,2.4009197,2.4402013
0.62,2.3966627,2.4349382
0.694375,2.3961797,2.4245958
3.6925,2.3931823,2.4095225
4.153125,2.3999193,2.4524658
4.203749999999999,2.4100366,2.4641585
3.7449999999999997,2.410574,2.4598742
2.3775,2.4158301,2.4584017
2.549375,2.41572,2.4402013
2.5575,2.415807,2.4349382
2.40125,2.4158673,2.4245954
2.256875,2.4156623,2.4095225
2.2725,2.4153419,2.452466
2.629375,2.4150448,2.4641585
4.4675,2.4152737,2.4598742
5.235625,2.4154358,2.4584017
5.740625,2.4155,2.4402013
7.5475,2.4157453,2.4349384
2.75,2.4175558,2.4245954
0.531875,2.4166489,2.4095225
0.543125,2.4075875,2.4524658
0.541875,2.4048018,2.4641585
0.5425,2.4014325,2.4598742
0.548125,2.3986204,2.4584017
0.5293749999999999,2.3958044,2.4402013
0.5587500000000001,2.393341,2.4349384
1.353125,2.392182,2.4245954
3.910625,2.386755,2.4095225
4.656875,2.3913145,2.4524655
4.6068750000000005,2.3919334,2.4641585
3.7106250000000003,2.3974726,2.4598742
2.47375,2.4029586,2.4584017
2.401875,2.4031186,2.4402013
3.16125,2.4032397,2.4349384
3.651875,2.4094033,2.4245958
2.348125,2.414813,2.4095225
3.53375,2.414559,2.4524658
2.598125,2.420522,2.4641585
3.620625,2.4198222,2.4598742
4.140625,2.4197721,2.4584017
2.99375,2.422669,2.4402013
4.46125,2.4218273,2.4349384
2.75,2.421619,2.4245954
1.5175,2.4209027,2.4095225
1.5387499999999998,2.4133263,2.4524658
1.52125,2.4136753,2.4641585
1.530625,2.4163733,2.4598742
1.513125,2.419119,2.4584017
1.515625,2.4216895,2.4402013
1.5150000000000001,2.4242887,2.4349382
2.24,2.42831,2.4245954
5.238125,2.4306407,2.4095225
5.68,2.441599,2.4524655
5.3881250000000005,2.4474823,2.464159
4.835625,2.4538026,2.4598742
3.25875,2.4597592,2.4584017
2.650625,2.4605155,2.4402013
2.665,2.4656093,2.4349382
2.4768749999999997,2.4663422,2.4245954
2.315,2.4667645,2.4095223
2.280625,2.4671416,2.452466
2.4924999999999997,2.4663599,2.4641588
2.8431249999999997,2.460762,2.4598744
4.92625,2.460333,2.4584017
6.59,2.4603343,2.4402013
5.75,2.456411,2.4349382
2.0025,2.4568188,2.4245958
0.635,2.4511976,2.4095225
0.556875,2.4482656,2.4524658
0.504375,2.4420204,2.4641585
0.525,2.4394102,2.4598742
0.5375,2.4368193,2.4584017
0.565,2.4355168,2.4402013
0.513125,2.4323406,2.4349382
1.21625,2.4276254,2.4245956
4.02125,2.4198093,2.4095225
4.78875,2.424837,2.452466
4.681875,2.4248066,2.464159
4.82375,2.4247065,2.4598744
4.920624999999999,2.4246848,2.4584017
4.74375,2.4250364,2.4402013
4.633125,2.4303465,2.4349382
2.308125,2.4358778,2.4245956
2.7556249999999998,2.4357314,2.4095225
4.095625,2.4409847,2.4524658
6.00375,2.4419098,2.4641585
7.019375,2.4422636,2.4598742
5.23375,2.4434533,2.4584017
4.67375,2.4434452,2.4402013
4.649375,2.4435394,2.4349384
2.5075000000000003,2.443598,2.4245958
0.673125,2.4432828,2.4095225
0.714375,2.4330714,2.4524658
0.6543749999999999,2.4322667,2.4641588
0.66,2.4322674,2.4598742
0.67125,2.432339,2.4584017
0.6643749999999999,2.432455,2.4402013
0.6475,2.4316792,2.4349384
1.3468749999999998,2.4289346,2.4245956
4.05,2.4273438,2.4095225
4.626875,2.4347048,2.4524658
4.7275,2.4347978,2.4641588
4.793125,2.4347913,2.4598742
4.62,2.4347808,2.4584017
4.633125,2.4347696,2.4402013
4.335625,2.434743,2.4349382
2.3912500000000003,2.4346256,2.4245956
2.29375,2.4294887,2.4095225
2.355,2.4287486,2.4524658
2.4475,2.42867,2.4641588
3.579375,2.4287615,2.4598744
4.981875,2.4284608,2.4584017
4.604375,2.4285083,2.4402013
4.1587499999999995,2.428094,2.4349382
1.41125,2.4179811,2.4245954
0.551875,2.4109914,2.4095223
0.531875,2.3955622,2.4524658
0.5231250000000001,2.3902588,2.4641585
0.535,2.3879359,2.4598742
0.503125,2.385541,2.4584017
0.526875,2.3830976,2.4402013
0.53125,2.3807502,2.4349384
1.1212499999999999,2.3784661,2.4245954
1.776875,2.3773985,2.4095225
1.7175,2.378417,2.4524655
1.708125,2.3777828,2.4641588
1.7225000000000001,2.3769145,2.4598742
6.75,2.3700314,2.4584017
3.771875,2.3699403,2.4402013
1.8825,2.3687449,2.4349384
1.039375,2.3699493,2.4245956
0.48,2.3702452,2.4095225
1.7306249999999999,2.3699312,2.452466
2.194375,2.3695288,2.4641588
2.993125,2.3678296,2.4598744
6.87,2.3631597,2.4584017
6.126250000000001,2.3692532,2.4402013
2.403125,2.3566487,2.4349382
1.176875,2.3446267,2.4245954
0.57625,2.342668,2.4095225
0.575,2.3384035,2.4524658
0.53125,2.3360343,2.4641585
0.55375,2.3333354,2.4598742
1.043125,2.330609,2.4584017
1.5175,2.3291721,2.4402013
1.500625,2.3287935,2.4349384
2.284375,2.3286006,2.4245954
2.72125,2.3286564,2.4095225
2.089375,2.3285322,2.452466
2.2125,2.3233714,2.4641585
2.180625,2.3219976,2.4598742
2.21125,2.3165903,2.4584017
1.648125,2.3074346,2.4402013
1.689375,2.3007085,2.4349384
0.865,2.2946234,2.4245954
0.415,2.290091,2.4095225
0.47000000000000003,2.2864285,2.452466
0.403125,2.28268,2.464159
1.329375,2.279041,2.4598744
1.753125,2.2771552,2.4584017
1.801875,2.2728558,2.4402013
1.7375,2.2637846,2.4349382
1.105,2.259893,2.4245958
0.534375,2.2582216,2.4095225
1.0275,2.2547941,2.452466
1.49875,2.2520862,2.4641585
1.52125,2.2519445,2.4598742
1.44375,2.2520406,2.4584017
1.51125,2.2516704,2.4402013
1.52125,2.2515776,2.4349384
2.52375,2.2516863,2.4245954
3.23125,2.2517872,2.4095225
2.71625,2.2517583,2.452466
2.2199999999999998,2.248609,2.4641585
2.188125,2.2447648,2.4598742
2.1881250000000003,2.2412214,2.4584017
2.21875,2.237897,2.4402013
2.185625,2.2357442,2.4349384
2.144375,2.2335582,2.4245958
2.17,2.2306738,2.4095225
2.2,2.2304382,2.4524658
2.220625,2.229322,2.4641585
3.3737500000000002,2.2279944,2.4598742
5.090625,2.227788,2.4584017
3.490625,2.2277699,2.4402013
1.783125,2.227675,2.4349384
1.061875,2.2265606,2.4245954
0.53375,2.2236695,2.4095225
0.53375,2.2226548,2.452466
0.5175,2.221784,2.4641588
0.475,2.2214165,2.4598744
0.5331250000000001,2.2209783,2.4584017
0.52625,2.220531,2.4402013
0.5275,2.220275,2.434938
1.36875,2.2201307,2.4245958
2.36125,2.2190416,2.4095225
2.4,2.2188358,2.452466
2.419375,2.2180362,2.4641585
2.4918750000000003,2.2180958,2.4598742
2.37875,2.2180078,2.4584017
2.435,2.2179644,2.4402013
2.496875,2.2179894,2.4349384
2.51875,2.2179604,2.4245954
1.63375,2.2179582,2.4095225
1.185,2.2179558,2.452466
1.143125,2.2172976,2.4641585
3.655,2.217466,2.4598742
4.743125,2.2179737,2.4584017
4.40125,2.2180417,2.4402013
4.27,2.2180266,2.4349384
2.544375,2.2180803,2.4245954
1.311875,2.218079,2.4095223
0.52,2.2180247,2.4524658
0.4875,2.21805,2.4641585
0.51375,2.2179852,2.4598742
0.530625,2.2179828,2.4584017
0.49624999999999997,2.2178698,2.4402013
0.536875,2.217842,2.4349384
1.210625,2.2178655,2.4245954
2.293125,2.2178586,2.4095223
2.315625,2.2177966,2.4524658
2.40875,2.2177753,2.4641588
2.3525,2.217935,2.4598742
2.338125,2.21801,2.4584017
2.654375,2.2180061,2.4402013
2.324375,2.2180066,2.4349382
1.693125,2.2180102,2.4245958
2.0231250000000003,2.21793,2.4095225
3.985,2.2179127,2.4524658
4.13,2.2179437,2.4641588
4.539375,2.2180004,2.4598742
4.814375,2.2180438,2.4584017
4.38625,2.2181163,2.4402013
4.458125,2.2180548,2.4349382
2.15,2.2180567,2.4245956
0.518125,2.218064,2.4095225
0.48625,2.2179296,2.452466
0.478125,2.2179413,2.4641588
0.50375,2.217937,2.4598744
0.486875,2.2179265,2.4584017
0.5025000000000001,2.217852,2.4402013
0.49,2.217824,2.4349382
1.10625,2.2177846,2.4245958
2.8825000000000003,2.2176914,2.4095225
3.283125,2.2176976,2.4524658
3.17375,2.217699,2.4641585
3.310625,2.217693,2.4598742
2.760625,2.2177038,2.4584017
2.524375,2.2176273,2.4402013
2.38,2.2175877,2.4349384
1.968125,2.2175758,2.4245958
1.1437499999999998,2.2175543,2.4095225
1.154375,2.2175756,2.4524658
2.759375,2.217595,2.4641585
4.454375,2.2175963,2.4598742
5.08375,2.21763,2.4584017
4.3793750000000005,2.217638,2.4402013
4.316875,2.2176356,2.4349384
2.59375,2.2176676,2.4245954
0.513125,2.217669,2.4095225
0.474375,2.2175794,2.4524658
0.533125,2.2175446,2.4641585
0.50875,2.2175405,2.4598742
0.5018750000000001,2.2175694,2.4584017
0.509375,2.2175555,2.4402013
0.525,2.2175083,2.434938
1.186875,2.2172263,2.4245954
2.450625,2.217032,2.4095225
2.55375,2.2170463,2.452466
2.479375,2.2170596,2.4641585
2.47125,2.2169447,2.4598742
2.5481249999999998,2.2169137,2.4584017
2.496875,2.2169147,2.4402013
2.364375,2.2169385,2.4349384
1.7925,2.216937,2.4245958
1.143125,2.2168303,2.4095225
1.2037499999999999,2.2166383,2.4524658
6.596875,2.2165363,2.4641585
5.185625,2.2166536,2.4598742
5.270625,2.216639,2.4584017
4.66625,2.216624,2.4402013
4.12875,2.2166271,2.4349384
1.653125,2.2166336,2.4245958
0.55375,2.216618,2.4095225
0.648125,2.2164931,2.4524658
1.441875,2.2165222,2.4641588
1.50875,2.2165723,2.4598742
1.47375,2.2165813,2.4584017
1.480625,2.2166524,2.4402013
1.506875,2.2167425,2.4349384
2.134375,2.216791,2.4245958
2.6775,2.2169602,2.4095225
1.87375,2.2171805,2.452466
1.7149999999999999,2.217357,2.464159
1.815,2.2173152,2.4598742
1.675,2.2173638,2.4584017
1.720625,2.2174292,2.4402013
1.726875,2.217404,2.4349384
5.79625,2.2174697,2.4245954
6.05875,2.217485,2.4095223
4.42875,2.2174823,2.4524658
6.983750000000001,2.2174234,2.4641588
7.925625,2.2174466,2.4598744
8.955,2.2173414,2.4584017
8.403125,2.2167122,2.4402013
7.54875,2.21658,2.4349382
1.55125,2.2165837,2.4245958
0.574375,2.2165804,2.4095225
0.639375,2.2165775,2.452466
1.5587499999999999,2.21658,2.4641585
1.5118749999999999,2.2165952,2.4598742
1.5425,2.2166526,2.4584017
1.5575,2.2167332,2.4402013
1.5325,2.2168841,2.4349384
2.2475,2.2171283,2.4245954
2.765,2.2173586,2.4095223
2.05,2.2173567,2.4524658
2.23125,2.217376,2.4641585
2.4325,2.2173538,2.4598742
2.56875,2.2173324,2.4584017
1.893125,2.217627,2.4402013
1.67125,2.2176266,2.4349384
0.8987499999999999,2.2175124,2.4245954
0.376875,2.2173908,2.4095225
0.394375,2.2173502,2.4524658
0.423125,2.2173507,2.4641588
1.315,2.2173486,2.4598744
1.74875,2.2173505,2.4584017
1.783125,2.2171693,2.4402013
1.753125,2.2171214,2.4349382
1.08625,2.2171283,2.4245954
0.5225,2.2169633,2.4095225
0.5293749999999999,2.2168326,2.4524658
0.5125,2.2167182,2.4641585
0.5275,2.2167168,2.4598742
1.4075,2.2167,2.4584017
1.46875,2.2167318,2.4402013
1.45875,2.2167268,2.434938
2.3981250000000003,2.2167764,2.4245954
3.379375,2.2169037,2.4095225
2.561875,2.2169082,2.452466
2.478125,2.2171166,2.4641585
2.4050000000000002,2.2172003,2.4598742
2.3925,2.2171447,2.4584017
2.415,2.2171545,2.4402013
2.36125,2.2171583,2.4349384
1.5825,2.2171645,2.4245956
0.95875,2.2170382,2.4095225
1.165625,2.2168221,2.452466
2.825,2.2167356,2.4641588
3.876875,2.2167764,2.4598744
5.071875,2.216719,2.4584017
3.2875,2.2167115,2.4402013
1.875,2.2167385,2.4349382
1.073125,2.2167177,2.4245954
0.52625,2.2164729,2.4095225
0.5331250000000001,2.216473,2.4524658
0.45375,2.2164736,2.4641585
0.515,2.2164679,2.4598742
0.48,2.2164655,2.4584017
0.513125,2.2164652,2.4402013
0.5181250000000001,2.21645,2.4349382
1.3399999999999999,2.2164478,2.4245956
3.775,2.216454,2.4095223
4.61625,2.216457,2.4524658
4.5525,2.2164578,2.464159
4.4975000000000005,2.2164598,2.4598742
4.564375,2.2163405,2.4584017
4.796875,2.216359,2.4402013
4.655625,2.2164454,2.4349382
3.87,2.2165077,2.4245958
1.06625,2.2165117,2.4095225
1.04375,2.2164974,2.4524658
1.22875,2.2162302,2.4641585
3.280625,2.2160673,2.4598742
4.904999999999999,2.2160814,2.4584017
4.376250000000001,2.2160492,2.4402013
2.3356250000000003,2.216062,2.4349384
1.30125,2.2161093,2.4245958
0.5237499999999999,2.215883,2.4095225
0.48562500000000003,2.2155027,2.452466
0.515625,2.2153444,2.4641585
0.516875,2.2150896,2.4598742
0.47250000000000003,2.2147965,2.4584017
0.496875,2.2145083,2.4402013
0.53125,2.2144084,2.4349384
1.1475,2.2142997,2.4245954
3.8831249999999997,2.2137184,2.4095225
4.64625,2.2135773,2.452466
4.68,2.2135293,2.4641588
4.79,2.213545,2.4598742
3.6525,2.2135384,2.4584017
2.47125,2.2135305,2.4402013
2.464375,2.2135134,2.4349382
1.865625,2.2135093,2.4245958
1.004375,2.2133198,2.4095225
1.03875,2.2126436,2.452466
1.145,2.211978,2.4641585
2.475625,2.2112849,2.4598742
4.16625,2.2112327,2.4584017
2.65875,2.2111773,2.4402013
1.8450000000000002,2.2110007,2.4349384
1.368125,2.2107744,2.4245958
0.546875,2.210209,2.4095225
0.4975,2.2102027,2.4524658
0.529375,2.2101974,2.464159
0.5375,2.2102036,2.4598742
0.53625,2.210208,2.4584017
0.506875,2.210208,2.4402013
0.5393749999999999,2.2101994,2.4349382
1.141875,2.2102113,2.4245954
3.7893749999999997,2.2102327,2.4095225
4.765625,2.210214,2.452466
4.82,2.210214,2.4641588
4.785,2.2102184,2.4598744
4.7212499999999995,2.210216,2.4584017
4.68125,2.2102048,2.4402013
4.4225,2.2101989,2.4349382
1.986875,2.2101846,2.4245958
1.435,2.2102509,2.4095225
2.71125,2.2096858,2.4524658
2.9762500000000003,2.2089808,2.4641585
4.285,2.2093086,2.4598742
4.8793750000000005,2.2092075,2.4584017
4.42,2.2091541,2.4402013
1.863125,2.2091422,2.4349384
1.92,2.2087464,2.4245956
0.665,2.208568,2.4095225
0.48562500000000003,2.2086875,2.4524658
0.51625,2.2086537,2.4641585
0.51375,2.2086196,2.4598742
0.48374999999999996,2.2085414,2.4584017
0.5125,2.2084777,2.4402013
0.504375,2.208478,2.4349384
1.108125,2.2084644,2.4245958
3.3075,2.208459,2.4095225
3.1775,2.2082348,2.4524658
2.513125,2.2081354,2.464159
4.35125,2.2080266,2.4598742
3.3187499999999996,2.2080197,2.4584017
2.34,2.207995,2.4402013
2.4768749999999997,2.2077832,2.4349382
1.706875,2.206756,2.4245958
1.045,2.206361,2.4095225
1.078125,2.204528,2.4524658
1.1681249999999999,2.2030826,2.4641585
2.99,2.2014127,2.4598742
4.74625,2.2006023,2.4584017
4.53125,2.200548,2.4402013
3.8325,2.200529,2.4349382
2.043125,2.200408,2.4245956
0.72875,2.200715,2.4095225
0.585,2.2007709,2.452466
0.5175000000000001,2.2007952,2.4641585
1.468125,2.2007942,2.4598742
1.4875,2.201239,2.4584017
1.504375,2.2016397,2.4402013
1.459375,2.2025237,2.4349384
2.175625,2.2025678,2.4245956
2.579375,2.2053313,2.4095225
1.661875,2.2056155,2.452466
0.619375,2.2055616,2.4641585
0.594375,2.2050261,2.4598742
0.765625,2.2036464,2.4584017
0.77875,2.199409,2.4402013
1.01125,2.1906738,2.4349384
0.85,2.1900928,2.4245956
0.898125,2.1899476,2.4095225
1.118125,2.190319,2.4524658
1.2331249999999998,2.1868353,2.4641585
1.1368749999999999,2.1845188,2.4598742
1.196875,2.1799994,2.4584017
0.6475,2.1716647,2.4402013
0.6975,2.1518521,2.4349384
0.71,2.1459842,2.4245956
0.6956249999999999,2.1455393,2.4095225
0.638125,2.14565,2.4524658
0.71375,2.145709,2.4641585
0.69375,2.1458883,2.4598742
0.69875,2.1460366,2.4584017
0.6799999999999999,2.1457393,2.4402013
0.70625,2.1449127,2.4349382
0.650625,2.143745,2.4245958
0.64375,2.1373498,2.4095225
0.608125,2.1260874,2.452466
1.109375,2.1209009,2.4641585
1.32,2.1176012,2.4598742
1.278125,2.1117218,2.458402
0.759375,2.1018,2.4402013
0.778125,2.0982366,2.4349384
0.775,2.0974212,2.4245958
0.76125,2.0973277,2.4095225
0.74375,2.097637,2.4524658
0.7875,2.0978866,2.4641585
0.8875,2.0982752,2.4598742
0.8574999999999999,2.0966814,2.4584017
0.855,2.091465,2.4402013
0.56125,2.086461,2.4349384
0.5125,2.0855083,2.4245958
0.54875,2.0849981,2.4095225
0.520625,2.0850363,2.452466
0.534375,2.0846577,2.4641585
0.540625,2.08387,2.4598742
0.55125,2.0830898,2.4584017
0.49,2.0823715,2.4402013
0.54625,2.0815399,2.4349384
0.6699999999999999,2.0802941,2.4245954
1.296875,2.0711343,2.4095225
2.549375,2.0604987,2.452466
2.550625,2.0601845,2.4641585
2.4575,2.0609064,2.4598742
2.3581250000000002,2.06143,2.4584017
2.400625,2.0617642,2.4402013
2.3206249999999997,2.0621305,2.4349384
1.6225,2.0624003,2.4245956
1.08125,2.0610785,2.4095225
2.394375,2.0518584,2.452466
3.464375,2.0536244,2.4641585
4.49625,2.0582263,2.4598742
4.99125,2.058566,2.4584017
4.82,2.0584831,2.4402013
4.510625,2.0614119,2.4349384
1.669375,2.0688877,2.4245954
0.528125,2.0697565,2.4095223
0.5237499999999999,2.0696945,2.4524658
0.5075000000000001,2.0697196,2.4641588
0.526875,2.0697196,2.4598742
0.5393749999999999,2.0697613,2.4584017
0.509375,2.0697513,2.4402013
0.521875,2.0697265,2.4349382
1.4575,2.0697546,2.4245958
2.349375,2.069919,2.4095225
2.42875,2.0699391,2.4524658
2.47625,2.0700247,2.4641588
2.3712500000000003,2.070137,2.4598742
2.375625,2.0698853,2.4584017
2.453125,2.0698872,2.4402013
1.054375,2.0699553,2.4349382
1.15375,2.0651999,2.4245954
1.6243750000000001,2.0519478,2.4095225
3.240625,2.0519443,2.452466
3.3475,2.0676842,2.4641585
3.511875,2.0693483,2.4598742
3.8243750000000003,2.0693758,2.4584017
3.1731249999999998,2.069025,2.4402013
3.2475,2.0685413,2.4349384
1.258125,2.0660481,2.4245954
0.520625,2.0609078,2.4095225
0.5081249999999999,2.0600119,2.452466
0.489375,2.0600066,2.4641585
0.509375,2.0600178,2.4598742
0.5125,2.0600164,2.4584017
0.518125,2.0599954,2.4402013
0.460625,2.0600104,2.4349384
0.6275,2.059987,2.4245954
1.211875,2.0574083,2.4095225
1.259375,2.0535975,2.4524658
1.181875,2.0476146,2.4641585
1.258125,2.041233,2.4598742
1.315625,2.0353198,2.4584017
1.28,2.0293365,2.4402013
1.2625,2.0224018,2.4349382
1.090625,2.0134377,2.4245958
1.065625,2.012386,2.4095225
1.130625,2.0076613,2.452466
1.18875,1.9976068,2.4641585
1.3331250000000001,1.9874995,2.4598742
2.986875,1.9773204,2.4584017
3.21375,1.973428,2.4402013
2.795625,1.9726985,2.4349384
0.516875,1.9705181,2.4245956
0.490625,1.9617646,2.4095225
0.435625,1.9618239,2.452466
0.475,1.961793,2.4641585
0.495,1.9617915,2.4598742
0.48124999999999996,1.9617865,2.4584017
0.47062499999999996,1.9617827,2.4402013
0.45125000000000004,1.961757,2.4349384
0.599375,1.9617586,2.4245954
1.155,1.961201,2.4095225
1.1768750000000001,1.9521378,2.452466
1.20625,1.9422287,2.4641585
1.115,1.9324534,2.4598742
1.07,1.9218543,2.4584017
1.019375,1.9147341,2.4402013
1.053125,1.9080529,2.4349384
0.954375,1.8978434,2.4245956
0.9525,1.8970103,2.4095225
1.039375,1.8968647,2.452466
1.065,1.8967831,2.4641585
1.2125,1.8907678,2.4598742
3.00875,1.8804617,2.4584017
3.128125,1.8763282,2.4402013
3.24625,1.8755217,2.434938
1.9825,1.8724973,2.4245956
0.47875,1.8712864,2.4095223
0.505625,1.8712022,2.4524658
0.48125,1.8712368,2.4641585
0.458125,1.8711969,2.4598742
0.48875,1.8711532,2.4584017
0.47875,1.871144,2.4402013
0.48250000000000004,1.8711276,2.4349382
0.580625,1.8711357,2.4245958
1.0462500000000001,1.8696036,2.4095225
1.1625,1.8643068,2.4524658
1.061875,1.8579143,2.464159
1.0818750000000001,1.8515093,2.4598742
1.08875,1.8452696,2.4584017
1.0306250000000001,1.8387905,2.4402013
1.0325,1.8321216,2.4349384
0.965625,1.8225359,2.4245956
1.0162499999999999,1.8218704,2.4095225
1.094375,1.8216618,2.4524658
1.40125,1.8217059,2.4641588
2.129375,1.8105147,2.4598744
3.895625,1.8052498,2.4584017
3.5168749999999998,1.8041766,2.4402013
3.188125,1.8040162,2.4349382
0.606875,1.8030243,2.4245954
0.6025,1.7975032,2.4095225
0.588125,1.797555,2.4524658
0.569375,1.7975476,2.4641585
0.60875,1.796896,2.4598742
0.6,1.7962041,2.4584017
0.603125,1.7955387,2.4402013
0.578125,1.7948961,2.4349384
0.5762499999999999,1.7898926,2.4245956
0.54375,1.7875664,2.4095225
0.505625,1.7773241,2.452466
0.52375,1.7744898,2.4641585
0.675,1.772496,2.4598742
0.736875,1.7715044,2.4584017
0.6675,1.7709723,2.4402013
0.5425,1.7661612,2.4349382
0.569375,1.7656748,2.4245956
0.578125,1.754912,2.4095225
1.216875,1.7439018,2.452466
1.4693749999999999,1.7337458,2.4641588
2.005,1.7221053,2.4598744
5.54375,1.7152326,2.4584017
4.665625,1.6877824,2.4402013
0.6187499999999999,1.6353383,2.4349382
0.520625,1.5441604,2.4245954
0.46125,1.5432136,2.4095225
0.483125,1.5431956,2.452466
0.49562500000000004,1.5431285,2.4641588
0.425625,1.5424309,2.4598744
0.494375,1.5417023,2.4584017
0.495,1.5410006,2.4402013
0.45687500000000003,1.5403128,2.4349382
0.45625,1.5352907,2.4245958
0.438125,1.5316185,2.4095225
0.390625,1.5227032,2.4524658
0.916875,1.5171108,2.4641585
0.8512500000000001,1.5151229,2.4598742
1.383125,1.508656,2.4584017
0.689375,1.5000944,2.4402013
0.36375,1.4991674,2.4349382
0.35375,1.498365,2.4245956
0.366875,1.4980469,2.4095225
0.316875,1.4980421,2.452466
0.391875,1.4980026,2.464159
0.393125,1.4980042,2.4598744
0.421875,1.4974525,2.4584017
0.463125,1.496194,2.4402013
0.458125,1.4952514,2.4349382
0.438125,1.4944553,2.4245954
0.471875,1.4940581,2.4095225
0.45625000000000004,1.494029,2.4524658
0.46562499999999996,1.4939842,2.4641588
0.478125,1.4939597,2.4598742
0.469375,1.4939505,2.4584017
0.43625,1.4933732,2.4402013
0.45125,1.4927384,2.4349382
0.5825,1.4881774,2.4245954
0.9581249999999999,1.4858553,2.4095225
0.99875,1.4778192,2.452466
1.01625,1.4710813,2.4641588
1.028125,1.4641286,2.4598744
1.0550000000000002,1.4585631,2.4584017
1.0075,1.4546804,2.4402013
0.996875,1.4463202,2.4349382
0.944375,1.44455,2.4245956
1.044375,1.4441422,2.4095225
1.0006249999999999,1.4442073,2.452466
1.1556250000000001,1.4439536,2.464159
3.340625,1.4383879,2.4598744
3.42125,1.4377236,2.4584017
3.156875,1.4345217,2.4402013
1.855,1.4342254,2.4349382
0.615,1.434118,2.4245954
0.46,1.4336661,2.4095223
0.429375,1.4336504,2.452466
0.46375,1.4335883,2.4641588
0.424375,1.4335902,2.4598744
0.43624999999999997,1.4335296,2.4584017
0.443125,1.4335008,2.4402013
0.460625,1.4334611,2.4349382
0.5725,1.4334505,2.4245958
0.9506249999999999,1.4328451,2.4095225
1.06875,1.4250219,2.4524658
1.00625,1.4157104,2.464159
1.149375,1.4066241,2.4598742
1.244375,1.3977208,2.4584017
0.98125,1.3886178,2.4402013
1.096875,1.3788273,2.4349382
1.196875,1.3697875,2.4245958
1.108125,1.360447,2.4095225
1.00375,1.3604634,2.4524658
1.0625,1.3604479,2.4641588
2.09,1.3603827,2.4598742
2.8425000000000002,1.3558421,2.4584017
0.53625,1.351426,2.4402013
0.426875,1.3387642,2.4349382
0.48062499999999997,1.3379543,2.4245956
0.4475,1.3375002,2.4095225
0.475,1.3374562,2.452466
0.460625,1.3374463,2.464159
0.454375,1.3374109,2.4598744
0.470625,1.3373711,2.4584017
0.39375000000000004,1.3373655,2.4402013
0.44937499999999997,1.337311,2.4349384
0.5675,1.3372879,2.4245958
1.200625,1.3368757,2.4095225
1.268125,1.32934,2.4524658
1.19375,1.3204474,2.4641588
1.109375,1.3113449,2.4598744
1.25125,1.3021677,2.4584017
1.15125,1.2935134,2.4402013
1.16625,1.2869835,2.4349382
1.059375,1.2826197,2.4245958
1.065625,1.2821438,2.4095225
1.0037500000000001,1.2821791,2.4524655
0.9918750000000001,1.2821664,2.464159
1.090625,1.2819285,2.4598742
2.13375,1.2769136,2.4584017
3.3125,1.2696177,2.4402013
2.778125,1.2721059,2.4349382
0.5506249999999999,1.2727728,2.4245958
0.468125,1.2721877,2.4095225
0.445,1.2721857,2.4524655
0.45125,1.2721698,2.4641588
0.463125,1.2721355,2.4598742
0.474375,1.2721014,2.4584017
0.46125,1.2720704,2.4402013
0.41312499999999996,1.2720469,2.4349384
0.595625,1.2719986,2.4245954
1.1324999999999998,1.2716144,2.4095225
2.854375,1.2643889,2.4524655
3.285625,1.2615669,2.4641588
3.379375,1.2585618,2.4598742
3.395625,1.2571363,2.4584017
3.3600000000000003,1.2554941,2.4402013
2.489375,1.2536979,2.4349384
0.87,1.2470858,2.4245954
1.01375,1.2457347,2.4095225
1.07125,1.2429702,2.452466
2.373125,1.2403604,2.4641585
3.440625,1.2361403,2.4598742
3.609375,1.2349339,2.4584017
1.4425,1.233438,2.4402015
0.60875,1.2242435,2.4349384
0.45875,1.2204095,2.4245954
0.45999999999999996,1.2221107,2.4095225
0.445,1.2220131,2.4524655
0.445,1.2219915,2.4641585
0.424375,1.2219539,2.4598742
0.46187500000000004,1.2219064,2.4584017
0.4275,1.2218903,2.4402013
0.445,1.221848,2.4349384
0.59875,1.2218311,2.4245954
0.939375,1.2213696,2.4095225
0.90375,1.2139009,2.4524658
0.88,1.2072661,2.4641585
0.84125,1.2028697,2.4598742
0.891875,1.1942618,2.4584017
0.87875,1.183883,2.4402013
0.856875,1.1787841,2.4349384
0.8731249999999999,1.1777842,2.4245956
0.85375,1.1773643,2.4095225
0.86,1.1772753,2.452466
0.895625,1.1771789,2.464159
0.9275,1.1768856,2.4598744
0.945625,1.1711676,2.4584017
0.4325,1.162909,2.4402013
0.46125000000000005,1.1541096,2.4349382
0.42000000000000004,1.1430973,2.4245958
0.46499999999999997,1.1423482,2.4095225
0.44812500000000005,1.1422439,2.4524658
0.456875,1.1421943,2.4641585
0.42562500000000003,1.1421785,2.4598742
0.4475,1.1416996,2.4584017
0.461875,1.1412303,2.4402013
0.4225,1.1407642,2.4349382
0.43625,1.1401219,2.4245958
0.403125,1.1351211,2.4095225
0.35625,1.1340002,2.4524658
0.33125,1.1334552,2.4641585
0.36875,1.1333504,2.4598742
0.3525,1.1332705,2.4584017
0.329375,1.1331191,2.4402015
0.369375,1.1329517,2.4349384
0.7168749999999999,1.132705,2.4245954
0.825625,1.1326585,2.4095225
0.973125,1.1326348,2.4524658
0.95125,1.1325737,2.4641588
1.351875,1.1324449,2.4598742
1.158125,1.1325494,2.4584017
0.5275,1.1325238,2.4402013
0.430625,1.1324708,2.4349384
0.47375,1.1323681,2.4245954
0.43000000000000005,1.1322763,2.4095225
0.438125,1.1321721,2.452466
0.42,1.1320946,2.4641585
0.46,1.1319814,2.4598742
0.426875,1.1318932,2.4584017
0.418125,1.131789,2.4402015
0.474375,1.1316893,2.4349384
0.426875,1.1316028,2.4245954
0.346875,1.1315207,2.4095225
0.365625,1.1314127,2.4524658
1.318125,1.1313246,2.4641588
1.176875,1.1314336,2.4598742
1.0587499999999999,1.1313634,2.458402
0.593125,1.1312573,2.4402013
0.50875,1.1311882,2.4349384
0.388125,1.1310813,2.4245958
0.440625,1.1309271,2.4095225
0.366875,1.1308017,2.4524658
0.545625,1.1306527,2.4641585
0.6587500000000001,1.1305548,2.4598742
0.470625,1.1304579,2.4584017
0.435,1.1302931,2.4402015
0.466875,1.1301234,2.4349384
0.443125,1.1300855,2.4245954
0.44437499999999996,1.1300571,2.4095225
0.478125,1.1300155,2.4524655
0.46375,1.1299975,2.464159
0.4775,1.1299676,2.4598742
0.425625,1.1299422,2.4584017
0.44625000000000004,1.1298952,2.4402013
0.47125,1.1298797,2.4349384
0.5425,1.1298525,2.4245954
0.951875,1.1298095,2.4095225
0.8981250000000001,1.1290913,2.4524658
0.863125,1.1239355,2.4641585
0.885625,1.1190019,2.4598742
0.881875,1.1145291,2.4584017
0.938125,1.1099617,2.4402013
0.8725,1.1058819,2.4349384
0.8887499999999999,1.1052225,2.4245958
0.880625,1.1049391,2.4095225
0.8631249999999999,1.1048689,2.4524658
0.9275,1.1035709,2.4641585
0.928125,1.0974851,2.4598742
0.940625,1.0903754,2.4584017
0.736875,1.0858604,2.4402013
0.469375,1.0781184,2.4349384
0.474375,1.0672472,2.4245954
0.438125,1.0668175,2.4095225
0.484375,1.0667883,2.4524658
0.464375,1.0667742,2.4641588
0.445625,1.0667601,2.4598742
0.476875,1.0667344,2.4584017
0.46625,1.0667152,2.4402013
0.450625,1.0667031,2.4349382
0.581875,1.0666871,2.4245958
0.96,1.0662837,2.4095225
0.86125,1.0624967,2.4524658
0.890625,1.0584075,2.464159
0.906875,1.0547276,2.4598742
0.861875,1.0505751,2.4584017
0.9,1.0477672,2.4402013
0.9075,1.0472503,2.4349382
0.87375,1.0472138,2.4245958
0.9137500000000001,1.0471389,2.4095225
0.89625,1.0460567,2.452466
0.9275,1.0405117,2.4641585
0.9199999999999999,1.0352887,2.4598742
0.9962500000000001,1.0293431,2.4584017
0.4675,1.0228074,2.4402013
0.444375,1.0136615,2.4349384
0.474375,1.0123041,2.4245958
0.505,1.01212,2.4095225
0.439375,1.0121138,2.4524655
0.45625,1.0120945,2.464159
0.469375,1.012082,2.4598742
0.44437499999999996,1.0120687,2.4584017
0.48875,1.0120503,2.4402013
0.445625,1.0120406,2.4349382
0.5918749999999999,1.0120356,2.4245956
0.949375,1.0120285,2.4095225
0.90875,1.0119581,2.4524658
0.858125,1.0118587,2.4641588
0.8625,1.0117693,2.4598744
0.885625,1.0116615,2.4584017
0.856875,1.0115447,2.4402013
0.8768750000000001,1.0114305,2.4349382
0.890625,1.0113288,2.4245958
0.841875,1.011279,2.4095225
0.91625,1.0112227,2.4524658
2.9625,1.0111682,2.4641585
3.263125,1.0118061,2.4598742
3.403125,1.0200329,2.4584017
2.49375,1.0201037,2.4402013
0.501875,1.0186601,2.4349384
0.44875,1.0138013,2.4245958
0.46125,1.0138426,2.4095225
0.468125,1.0138345,2.4524658
0.42500000000000004,1.0138373,2.4641588
0.4775,1.0138228,2.4598742
0.42312500000000003,1.013816,2.4584017
0.455625,1.0138016,2.4402013
0.45375,1.0137968,2.4349384
0.5475000000000001,1.0137968,2.4245954
1.073125,1.0137858,2.4095225
1.16625,1.0137652,2.4524658
1.21125,1.0137624,2.464159
1.12375,1.0137634,2.4598742
1.134375,1.0137675,2.4584017
1.0899999999999999,1.0137882,2.4402013
1.109375,1.0138102,2.4349382
1.02375,1.0138274,2.4245958
1.506875,1.0138481,2.4095225
3.238125,1.0140133,2.4524658
3.421875,1.018007,2.464159
3.528125,1.0246971,2.4598742
3.540625,1.0327256,2.4584017
3.075625,1.0333585,2.4402013
3.0393749999999997,1.0332917,2.4349384
1.78375,1.0320666,2.4245954
0.45125,1.031475,2.4095225
0.431875,1.0314839,2.4524658
0.445,1.0314794,2.4641585
0.47125,1.0314736,2.4598742
0.45437500000000003,1.0314754,2.4584017
0.43375,1.0314682,2.4402013
0.45875,1.0314596,2.4349384
0.5775,1.0314554,2.4245954
2.165,1.031456,2.4095225
2.95875,1.0317606,2.452466
3.005625,1.0360982,2.4641585
2.8893750000000002,1.041949,2.4598742
2.83625,1.0469978,2.4584017
2.69125,1.0520506,2.4402013
2.374375,1.0569153,2.4349384
1.05125,1.0604838,2.4245954
1.378125,1.0605638,2.4095223
3.2075,1.0604012,2.452466
3.23,1.0641897,2.464159
3.436875,1.0751086,2.4598744
3.4681249999999997,1.0767004,2.4584017
3.27125,1.076281,2.4402013
2.39125,1.0759869,2.4349382
0.561875,1.0747066,2.4245954
0.486875,1.0746205,2.4095225
0.41875,1.0746646,2.4524658
0.46875,1.0746243,2.4641588
0.43312500000000004,1.0745995,2.4598744
0.418125,1.0745556,2.4584017
0.4525,1.074511,2.4402013
0.445,1.0744741,2.4349382
0.41000000000000003,1.0744424,2.4245958
0.39125,1.0744028,2.4095225
0.37625000000000003,1.0743673,2.4524658
0.47375,1.074338,2.4641588
0.505,1.0743294,2.4598742
0.42375,1.0742879,2.4584017
0.351875,1.0742078,2.4402013
0.33499999999999996,1.0741322,2.4349382
0.34562499999999996,1.0740864,2.4245956
0.37875000000000003,1.0740368,2.4095225
1.150625,1.0739896,2.452466
1.1400000000000001,1.0739751,2.4641588
1.21,1.0737929,2.4598744
0.926875,1.0738745,2.4584017
0.498125,1.073257,2.4402013
0.47875,1.0668888,2.4349382
0.489375,1.0668547,2.4245954
0.46125,1.0668465,2.4095223
0.479375,1.0668455,2.4524658
0.49250000000000005,1.0668447,2.4641585
0.44625,1.0668437,2.4598742
0.49374999999999997,1.0668483,2.4584017
0.483125,1.0668485,2.4402013
0.451875,1.0668488,2.4349382
0.446875,1.0668522,2.4245954
0.419375,1.0668541,2.4095225
0.37625,1.0668529,2.452466
0.891875,1.0668535,2.4641588
0.910625,1.0668519,2.4598744
0.889375,1.0668766,2.4584017
0.62875,1.0667274,2.4402013
0.578125,1.0667162,2.4349382
0.3675,1.0667725,2.4245956
0.34875,1.0667806,2.4095225
0.361875,1.0667807,2.452466
0.404375,1.0667932,2.4641585
0.370625,1.0667983,2.4598742
0.416875,1.0667963,2.4584017
0.453125,1.0667986,2.4402013
0.4275,1.0667994,2.4349384
0.4775,1.0667944,2.4245956
0.46562499999999996,1.0668042,2.4095225
0.4625,1.0668013,2.4524658
0.44937499999999997,1.0668006,2.4641585
0.46375,1.0667949,2.4598742
0.48062499999999997,1.0667909,2.4584017
0.43562500000000004,1.0667932,2.4402013
0.485625,1.0667925,2.4349382
0.54625,1.0668006,2.4245956
1.138125,1.0667922,2.4095225
1.298125,1.0668471,2.4524658
1.181875,1.0669441,2.4641588
1.1556250000000001,1.066997,2.4598744
1.125625,1.0670395,2.4584017
1.14,1.0670645,2.4402013
1.0525,1.0671098,2.4349382
0.971875,1.0671301,2.4245958
1.0125,1.0671418,2.4095225
1.001875,1.0671334,2.4524658
1.089375,1.0671394,2.4641588
1.204375,1.0671549,2.4598742
2.0481249999999998,1.0618933,2.4584017
3.261875,1.0566614,2.4402013
3.08,1.0571166,2.4349384
0.7318749999999999,1.0615537,2.4245954
0.440625,1.0615622,2.4095225
0.463125,1.061581,2.4524658
0.420625,1.0615902,2.4641588
0.46125,1.0615819,2.4598744
0.451875,1.0615909,2.4584017
0.41500000000000004,1.0615957,2.4402013
0.463125,1.0615909,2.4349382
0.541875,1.0615921,2.4245958
0.99,1.0615869,2.4095225
1.096875,1.0616012,2.4524658
1.138125,1.0616117,2.4641585
1.143125,1.0616524,2.4598742
1.00625,1.0616536,2.4584017
1.146875,1.0615877,2.4402013
1.21125,1.0616375,2.4349384
1.5225,1.0616732,2.4245954
1.13625,1.0617754,2.4095225
1.033125,1.0617833,2.4524658
1.069375,1.0617945,2.4641585
1.26,1.0618122,2.4598742
2.830625,1.0586116,2.4584017
2.94125,1.0585854,2.4402013
2.488125,1.0669751,2.4349384
0.596875,1.0699656,2.4245954
0.448125,1.0700164,2.4095225
0.436875,1.0700443,2.4524658
0.445625,1.0700321,2.4641588
0.46749999999999997,1.0700245,2.4598744
0.42375,1.070024,2.4584017
0.45375,1.0700085,2.4402013
0.436875,1.0700188,2.4349382
0.525,1.070014,2.4245954
1.070625,1.0700054,2.4095225
1.2475,1.0699695,2.4524658
1.085625,1.0699637,2.4641585
1.100625,1.069927,2.4598742
1.235625,1.0699275,2.4584017
1.186875,1.0699265,2.4402013
1.195625,1.0699428,2.4349384
1.08125,1.0699565,2.4245954
1.15125,1.0699668,2.4095223
1.160625,1.0699959,2.4524658
1.0775000000000001,1.0700452,2.4641585
1.149375,1.0700727,2.4598742
2.785625,1.0701084,2.4584017
5.121875,1.0721164,2.4402013
4.5575,1.0714238,2.4349382
0.464375,1.0695292,2.4245954
0.4625,1.0693619,2.4095225
0.44625,1.0693004,2.4524658
0.42625,1.0693021,2.4641585
0.459375,1.0692933,2.4598742
0.44375,1.0692903,2.4584017
0.461875,1.0692798,2.4402013
0.451875,1.0692787,2.4349382
0.515625,1.0692883,2.4245956
1.065625,1.0692687,2.4095225
1.128125,1.0689776,2.452466
1.053125,1.0662837,2.4641585
1.13,1.0605309,2.4598742
1.108125,1.054903,2.4584017
1.0525,1.0488853,2.4402013
1.055,1.0397849,2.4349384
0.955625,1.0392817,2.4245954
1.014375,1.0393093,2.4095223
1.02625,1.0393128,2.452466
1.2275,1.03931,2.4641588
2.6425,1.038537,2.4598744
3.4675000000000002,1.0361328,2.4584017
0.72375,1.0355642,2.4402013
0.513125,1.0357299,2.4349382
0.494375,1.0357324,2.4245954
0.515,1.0357392,2.4095225
0.505625,1.0357478,2.452466
0.526875,1.035757,2.4641585
0.48375,1.0357711,2.4598742
0.53375,1.0357814,2.4584017
0.4875,1.0357959,2.4402013
0.486875,1.0358084,2.4349384
0.641875,1.0358179,2.4245954
2.3075,1.035831,2.4095225
3.243125,1.0363138,2.4524658
3.28875,1.0415928,2.4641588
3.331875,1.0477772,2.4598742
3.205,1.0536735,2.4584017
2.034375,1.059495,2.4402013
1.0162499999999999,1.0621903,2.4349382
1.030625,1.062474,2.4245956
1.04,1.0624044,2.4095223
0.988125,1.0624669,2.4524658
1.10625,1.0625068,2.4641588
1.191875,1.0625759,2.4598742
2.191875,1.0626643,2.4584017
0.52625,1.0631251,2.4402013
0.47625,1.0631442,2.4349382
0.390625,1.0631475,2.4245954
0.46499999999999997,1.0631402,2.4095223
0.455625,1.063139,2.4524658
0.4275,1.0631388,2.4641588
0.465,1.0631291,2.4598742
0.450625,1.0631378,2.4584017
0.435,1.0631373,2.4402013
0.450625,1.0631313,2.4349384
0.450625,1.0631418,2.4245954
0.37124999999999997,1.0631491,2.4095223
0.355,1.0631435,2.4524658
1.3475,1.0631454,2.4641585
5.9975,1.0634359,2.4598742
2.78625,1.0725747,2.4584017
0.384375,1.0772233,2.4402013
0.393125,1.0771708,2.4349382
0.369375,1.0772102,2.4245954
0.39,1.0771345,2.4095223
0.92625,1.0770271,2.452466
0.9325,1.0770156,2.4641588
1.224375,1.0770111,2.4598744
1.565625,1.0769655,2.4584017
0.599375,1.077091,2.4402013
0.543125,1.0771067,2.4349382
0.491875,1.0771351,2.4245954
0.53625,1.0771413,2.4095223
0.515625,1.0771668,2.452466
0.50625,1.0771842,2.4641588
0.515,1.0772028,2.4598744
0.501875,1.077214,2.4584017
0.5275,1.0772324,2.4402013
0.483125,1.0772616,2.4349382
0.51125,1.0772679,2.4245954
0.46562499999999996,1.077291,2.4095223
0.393125,1.0773213,2.4524658
0.94625,1.0773342,2.4641588
0.87625,1.0772291,2.4598742
0.89375,1.0771399,2.4584017
0.37375,1.0770943,2.4402013
0.3725,1.0770435,2.4349382
0.321875,1.0770186,2.4245956
0.35250000000000004,1.0770087,2.4095223
0.3575,1.0769923,2.452466
0.370625,1.0769932,2.4641585
0.371875,1.0769545,2.4598742
0.400625,1.0768896,2.4584017
0.43375,1.0768757,2.4402013
0.45125000000000004,1.0768777,2.4349382
0.453125,1.0768763,2.4245956
0.41500000000000004,1.0768793,2.4095225
0.450625,1.0768719,2.452466
0.464375,1.0768633,2.4641585
0.423125,1.07686,2.4598742
0.466875,1.076844,2.4584017
0.45875,1.076851,2.4402013
0.424375,1.0768526,2.4349384
0.5287499999999999,1.0768406,2.4245954
1.11625,1.0768375,2.4095223
1.211875,1.0768855,2.4524658
1.236875,1.0769827,2.4641588
1.208125,1.0770996,2.4598742
1.01,1.0772004,2.4584017
1.17,1.0772412,2.4402013
1.16625,1.0773152,2.4349382
0.97,1.0774082,2.4245956
1.10125,1.0774337,2.4095223
2.045,1.0775005,2.4524658
3.34625,1.0778973,2.4641585
3.38375,1.0833442,2.4598742
3.32125,1.089663,2.4584017
3.214375,1.0955787,2.4402013
2.923125,1.1014969,2.4349384
1.305,1.1072185,2.4245954
0.46125,1.1075613,2.4095223
0.465625,1.1075805,2.452466
0.4325,1.1075749,2.4641588
0.47375,1.1075633,2.4598744
0.420625,1.1075661,2.4584017
0.46625,1.1075504,2.4402013
0.463125,1.1075482,2.4349382
0.550625,1.1075501,2.4245954
1.064375,1.107544,2.4095223
0.97375,1.107575,2.452466
1.7675,1.1076083,2.4641588
1.844375,1.1078892,2.4598744
1.150625,1.1082163,2.4584017
1.214375,1.1083099,2.4402013
1.151875,1.1084058,2.4349382
1.2806250000000001,1.1084814,2.4245956
1.12625,1.1086011,2.4095225
1.14125,1.1086632,2.4524658
1.268125,1.1087326,2.4641588
2.978125,1.1088293,2.4598742
3.494375,1.1123677,2.4584017
2.714375,1.1198378,2.4402013
1.443125,1.1250186,2.4349384
0.44062500000000004,1.1253959,2.4245954
0.465625,1.1254078,2.4095225
0.43374999999999997,1.1254005,2.452466
0.46625,1.1253963,2.4641585
0.473125,1.1253946,2.4598742
0.43125,1.1253914,2.4584017
0.445,1.1253856,2.4402013
0.49312500000000004,1.125376,2.4349384
0.52625,1.125386,2.4245954
1.089375,1.1253738,2.4095225
1.22125,1.1254098,2.452466
1.146875,1.1254927,2.4641588
1.07375,1.1255703,2.4598744
1.0425,1.1256278,2.4584017
1.00625,1.1256719,2.4402013
1.0325,1.1257141,2.4349382
0.97375,1.1257567,2.4245954
1.0525,1.1257787,2.4095225
1.0225,1.1258333,2.452466
1.420625,1.1263686,2.4641585
3.34875,1.1222267,2.4598742
3.340625,1.1223764,2.4584017
2.959375,1.1222506,2.4402013
2.73625,1.1226227,2.4349384
0.533125,1.1279013,2.4245956
0.4925,1.1279132,2.4095225
0.5,1.1279311,2.452466
0.485,1.1279345,2.4641585
0.503125,1.1279414,2.4598742
0.48624999999999996,1.127943,2.4584017
0.494375,1.1279514,2.4402013
0.461875,1.1279562,2.4349384
0.62,1.1279569,2.4245954
1.170625,1.1279719,2.4095225
1.165,1.127996,2.452466
1.0162499999999999,1.127996,2.4641585
1.08125,1.12795,2.4598742
1.164375,1.127943,2.4584017
1.166875,1.1279539,2.4402013
1.2806250000000001,1.1279753,2.4349384
0.956875,1.128018,2.4245956
1.04,1.1280091,2.4095223
1.0825,1.1275862,2.4524658
2.3025,1.1220883,2.4641585
3.328125,1.1170747,2.4598742
3.349375,1.1168795,2.4584017
2.73125,1.1166478,2.4402013
0.530625,1.1162415,2.4349382
0.429375,1.1100023,2.4245956
0.44062500000000004,1.109907,2.4095223
0.456875,1.109905,2.4524658
0.455625,1.1099083,2.4641588
0.42562500000000003,1.109909,2.4598742
0.45499999999999996,1.1099014,2.4584017
0.43937499999999996,1.1099019,2.4402013
0.44625,1.1099036,2.4349384
0.568125,1.1099026,2.4245954
0.95375,1.1099089,2.4095225
0.9675,1.1077384,2.452466
1.06375,1.1024704,2.4641585
1.0275,1.0965958,2.4598742
0.96625,1.0905437,2.4584017
1.02875,1.0846292,2.4402013
0.99125,1.0800412,2.4349384
0.901875,1.0796864,2.4245954
2.17875,1.0796574,2.4095225
3.21,1.0804751,2.452466
3.32125,1.0805066,2.464159
3.42625,1.0806012,2.4598744
3.68125,1.0805855,2.4584017
3.196875,1.0807785,2.4402013
1.9068749999999999,1.0806451,2.4349382
0.498125,1.0781468,2.4245954
0.44937499999999997,1.0779324,2.4095225
0.43374999999999997,1.0780076,2.452466
0.47,1.0780082,2.4641585
0.43875,1.0780045,2.4598742
0.42500000000000004,1.0780017,2.4584017
0.49,1.0780003,2.4402013
0.420625,1.0780051,2.4349384
0.40125,1.0779989,2.4245954
0.41812499999999997,1.0779959,2.4095225
0.3375,1.0780003,2.4524658
0.350625,1.0779936,2.4641588
0.651875,1.0779724,2.4598742
0.47062499999999996,1.0780026,2.4584017
0.429375,1.0780144,2.4402013
0.34375,1.0780324,2.4349382
0.33,1.0780389,2.4245954
0.370625,1.0780408,2.4095225
0.8531249999999999,1.0780432,2.452466
0.9299999999999999,1.077976,2.464159
1.0,1.077923,2.4598744
0.890625,1.077868,2.4584017
0.44625,1.0778584,2.4402013
0.475625,1.0778487,2.4349382
0.453125,1.0778506,2.4245954
0.459375,1.0778455,2.4095225
0.47124999999999995,1.077846,2.452466
0.425,1.0778439,2.4641585
0.476875,1.07783,2.4598742
0.453125,1.0778335,2.4584017
0.4275,1.0778242,2.4402013
0.489375,1.077814,2.4349384
0.47062499999999996,1.0778223,2.4245954
0.435,1.0778284,2.4095225
0.34125,1.0778326,2.4524658
0.89625,1.0778282,2.4641588
0.86625,1.0778322,2.4598742
0.88,1.0778239,2.4584017
0.34625,1.0778248,2.4402013
0.375,1.0777736,2.4349384
0.360625,1.0777464,2.4245954
0.349375,1.0777538,2.4095223
0.38125,1.0777602,2.452466
0.42875,1.0777678,2.464159
0.48687500000000006,1.0777746,2.4598744
0.400625,1.0777974,2.4584017
0.4325,1.077796,2.4402013
0.454375,1.0777941,2.4349382
0.43375,1.0778011,2.4245954
0.4775,1.0777943,2.4095223
0.45562499999999995,1.0777966,2.4524658
0.415625,1.0777938,2.4641588
0.41875,1.0777849,2.4598742
0.459375,1.0777736,2.4584017
0.45687500000000003,1.0777678,2.4402013
0.43875,1.0777711,2.4349382
0.5137499999999999,1.0777614,2.4245956
1.056875,1.0777557,2.4095225
1.221875,1.0777378,2.4524655
1.19625,1.0777166,2.4641588
1.225,1.0777192,2.4598742
1.0943749999999999,1.077738,2.4584017
1.0262499999999999,1.07773,2.4402013
1.069375,1.077702,2.4349384
0.909375,1.0777087,2.4245956
1.015,1.0776956,2.4095225
1.0525,1.0776983,2.4524655
1.1275,1.0777116,2.464159
1.130625,1.0777223,2.4598742
1.8868749999999999,1.0777082,2.4584017
3.259375,1.0776728,2.4402013
2.62125,1.0776913,2.4349382
0.51,1.0770471,2.4245954
0.474375,1.0769095,2.4095223
0.41125,1.0769342,2.452466
0.451875,1.0769243,2.4641588
0.463125,1.0769284,2.4598744
0.46625,1.0769265,2.4584017
0.44875,1.0769267,2.4402013
0.440625,1.0769309,2.4349382
0.524375,1.0769254,2.4245954
0.969375,1.076922,2.4095225
1.05125,1.0769186,2.4524658
1.806875,1.0769076,2.4641588
3.35125,1.0771022,2.4598742
3.319375,1.082205,2.4584017
3.30875,1.0884159,2.4402013
2.129375,1.0941758,2.4349384
1.23375,1.098566,2.4245954
1.1375,1.0982763,2.4095225
1.08375,1.0983064,2.4524658
1.055625,1.098323,2.464159
1.320625,1.0983229,2.4598744
2.1237500000000002,1.0986521,2.4584017
0.4925,1.0948744,2.4402013
0.47874999999999995,1.0853479,2.4349382
0.44937499999999997,1.0848837,2.4245954
0.48312499999999997,1.0848594,2.4095223
0.43687499999999996,1.0848656,2.452466
0.483125,1.0848653,2.4641588
0.476875,1.0848701,2.4598744
0.450625,1.0848688,2.4584017
0.4675,1.0848706,2.4402013
0.481875,1.0848712,2.4349382
0.54625,1.0848787,2.4245956
1.023125,1.0848854,2.4095223
1.10625,1.084878,2.4524658
1.013125,1.0848446,2.4641585
1.0,1.0848278,2.4598742
0.92375,1.0848062,2.4584017
0.98125,1.0847347,2.4402013
1.0725,1.0846896,2.4349382
1.06375,1.0846634,2.4245956
1.016875,1.0846629,2.4095225
1.0625,1.0846334,2.4524655
1.0006249999999999,1.0846108,2.4641588
1.1099999999999999,1.0845935,2.4598742
1.545,1.0846033,2.4584017
2.564375,1.0817809,2.4402013
3.028125,1.0810299,2.4349384
0.63625,1.0788624,2.4245956
0.479375,1.0788579,2.4095225
0.5225,1.0788794,2.452466
0.469375,1.0788907,2.4641585
0.50375,1.0788946,2.4598742
0.469375,1.0788975,2.4584017
0.51625,1.078897,2.4402013
0.47000000000000003,1.0789027,2.4349384
0.620625,1.0789056,2.4245954
2.305625,1.0789287,2.4095223
3.42625,1.0792675,2.452466
3.20625,1.0847138,2.4641588
3.270625,1.0905509,2.4598744
2.084375,1.0961937,2.4584017
1.084375,1.1000996,2.4402013
1.065,1.1001005,2.4349382
0.915,1.1001269,2.4245954
0.893125,1.100121,2.4095223
0.98,1.1000949,2.452466
1.021875,1.1000869,2.4641588
1.12,1.0997669,2.4598744
0.994375,1.0949538,2.4584017
0.403125,1.0902357,2.4402013
0.4375,1.0901706,2.4349382
0.39749999999999996,1.0901573,2.4245954
0.455625,1.0901399,2.4095223
0.450625,1.0901282,2.452466
0.389375,1.090116,2.4641588
0.43624999999999997,1.0900874,2.4598744
0.40875,1.0900753,2.4584017
0.463125,1.0900502,2.4402013
0.443125,1.0900446,2.4349382
0.50375,1.0900362,2.4245954
2.035,1.0900096,2.4095223
1.626875,1.0898876,2.452466
1.08875,1.08423,2.4641588
0.923125,1.0782766,2.4598744
1.03125,1.0717461,2.4584017
1.073125,1.0647752,2.4402013
1.52875,1.0645398,2.4349382
0.9937499999999999,1.0646628,2.4245954
1.02625,1.064656,2.4095223
1.019375,1.064657,2.452466
1.0118749999999999,1.0646653,2.4641588
1.105,1.0646467,2.4598744
2.2024999999999997,1.0646279,2.4584017
0.55125,1.0646262,2.4402013
0.41500000000000004,1.0646269,2.4349382
0.42562500000000003,1.064619,2.4245954
0.45687500000000003,1.064625,2.4095223
0.40875,1.0646236,2.452466
0.415625,1.0646154,2.4641588
0.475,1.0646114,2.4598744
0.4075,1.0646114,2.4584017
0.40875,1.0646037,2.4402013
0.461875,1.0645994,2.4349382
0.39749999999999996,1.0646021,2.4245954
0.385625,1.0645958,2.4095223
0.473125,1.0646,2.452466
0.6525000000000001,1.0646274,2.4641588
0.408125,1.0654812,2.4598744
0.3525,1.0574069,2.4584017
0.33375,1.0569065,2.4402013
0.344375,1.0569018,2.4349382
0.35125,1.0568986,2.4245954
0.359375,1.0569,2.4095223
0.85375,1.0568986,2.452466
0.8775,1.0568883,2.4641588
0.885,1.0568802,2.4598744
0.9225,1.0568063,2.4584017
0.41000000000000003,1.0566733,2.4402013
0.45875,1.0566411,2.4349382
0.453125,1.0566285,2.4245954
0.399375,1.0566227,2.4095223
0.41875,1.0566018,2.452466
0.463125,1.0565858,2.4641588
0.415625,1.0565774,2.4598744
0.443125,1.0565596,2.4584017
0.455625,1.0565478,2.4402013
0.4175,1.0565345,2.4349382
0.424375,1.0565233,2.4245954
0.345,1.0565104,2.4095223
0.335,1.0564932,2.452466
0.956875,1.0564849,2.4641588
1.0625,1.0564888,2.4598744
1.235625,1.0565268,2.4584017
0.7525,1.056593,2.4402013
0.6950000000000001,1.05666,2.4349382
0.411875,1.0567148,2.4245954
0.325625,1.0567324,2.4095223
0.3725,1.0567324,2.452466
0.325,1.056737,2.4641588
0.400625,1.0567324,2.4598744
0.441875,1.0567377,2.4584017
0.479375,1.0567439,2.4402013
0.45375,1.0567508,2.4349382
0.48312499999999997,1.056752,2.4245954
0.43125,1.0567578,2.4095223
0.44375000000000003,1.0567613,2.452466
0.4775,1.0567604,2.4641588
0.42125,1.0567617,2.4598744
0.42312500000000003,1.0567603,2.4584017
0.464375,1.0567523,2.4402013
0.45625,1.0567524,2.4349382
0.538125,1.0567575,2.4245954
1.104375,1.056761,2.4095223
1.201875,1.056761,2.452466
1.184375,1.0567598,2.4641588
1.161875,1.0567474,2.4598744
1.15,1.0567375,2.4584017
1.2068750000000001,1.0567698,2.4402013
1.051875,1.0567806,2.4349382
0.9075,1.0567588,2.4245954
1.69375,1.0567504,2.4095223
3.245625,1.0569242,2.452466
3.315,1.0618694,2.4641588
2.9875,1.0617964,2.4598744
0.965,1.0615592,2.4584017
0.6956249999999999,1.0546494,2.4402013
0.44125,1.0458839,2.4349382
0.45375,1.045184,2.4245954
0.47000000000000003,1.0450218,2.4095223
0.446875,1.0450225,2.452466
0.47375,1.045018,2.4641588
0.431875,1.0450225,2.4598744
0.455625,1.0450122,2.4584017
0.46375,1.0450151,2.4402013
0.48625,1.0450137,2.4349382
0.52125,1.0450177,2.4245954
0.989375,1.0450137,2.4095223
1.0875,1.0450001,2.452466
1.2262499999999998,1.0450346,2.4641588
1.0375,1.044881,2.4598744
1.00625,1.044667,2.4584017
1.096875,1.0446347,2.4402013
1.218125,1.0446093,2.4349382
1.3512499999999998,1.0446289,2.4245954
1.2575,1.0446485,2.4095223
3.39625,1.0446806,2.452466
3.41375,1.047532,2.4641588
3.55375,1.0563769,2.4598744
3.6175,1.0562513,2.4584017
0.716875,1.0563679,2.4402013
0.49687499999999996,1.0508344,2.4349382
0.485,1.0506942,2.4245954
0.440625,1.0507026,2.4095223
0.48875,1.0506977,2.452466
0.451875,1.050704,2.4641588
0.44,1.050699,2.4598744
0.443125,1.0506918,2.4584017
0.461875,1.0506918,2.4402013
0.4675,1.050693,2.4349382
0.591875,1.0506885,2.4245954
1.035625,1.0507017,2.4095223
1.2618749999999999,1.0506926,2.452466
1.24875,1.050704,2.4641588
1.15625,1.0507289,2.4598744
1.053125,1.0507491,2.4584017
1.07625,1.0507529,2.4402013
1.153125,1.0507704,2.4349382
0.99875,1.0508,2.4245954
0.973125,1.0508082,2.4095223
0.978125,1.0507929,2.452466
2.581875,1.0507872,2.4641588
3.191875,1.0517371,2.4598744
1.0975,1.0515785,2.4584017
0.496875,1.0447321,2.4402013
0.48062499999999997,1.0369358,2.4349382
0.4775,1.0364004,2.4245954
0.4575,1.0363879,2.4095223
0.44062500000000004,1.0363791,2.452466
0.46,1.036365,2.4641588
0.49749999999999994,1.036356,2.4598744
0.448125,1.0363505,2.4584017
0.47250000000000003,1.0363408,2.4402013
0.438125,1.0363373,2.4349382
0.528125,1.0363352,2.4245954
1.204375,1.0363197,2.4095223
1.3981249999999998,1.0363317,2.452466
1.2975,1.0363941,2.4641588
1.420625,1.0364685,2.4598744
1.335,1.0365584,2.4584017
1.0575,1.0366055,2.4402013
1.044375,1.0365789,2.4349382
1.15625,1.0365233,2.4245954
1.4993750000000001,1.036571,2.4095223
1.2675,1.0366857,2.452466
1.1675,1.0367565,2.4641588
1.53125,1.0357964,2.4598744
2.738125,1.0308867,2.4584017
0.68125,1.0290878,2.4402013
0.50625,1.0215534,2.4349382
0.4725,1.0215594,2.4245954
0.44937499999999997,1.0215673,2.4095223
0.45875,1.0215669,2.452466
0.4575,1.0215645,2.4641588
0.441875,1.0215626,2.4598744
0.484375,1.0215638,2.4584017
0.43875,1.0215675,2.4402013
0.473125,1.0215664,2.4349382
0.548125,1.0215707,2.4245954
0.9975,1.0215676,2.4095223
1.0,1.0215786,2.452466
1.1168749999999998,1.0215883,2.4641588
1.099375,1.0216038,2.4598744
1.020625,1.0216237,2.4584017
1.040625,1.02164,2.4402013
1.043125,1.021646,2.4349382
0.93875,1.0216615,2.4245954
1.1125,1.0216832,2.4095223
1.35625,1.0202681,2.452466
3.5,1.0156165,2.4641588
3.60125,1.0159218,2.4598744
3.29625,1.0155376,2.4584017
0.531875,1.016151,2.4402013
0.535625,1.009399,2.4349382
0.549375,1.0092404,2.4245954
0.5475,1.0092504,2.4095223
0.5762499999999999,1.0092671,2.452466
0.554375,1.0092912,2.4641588
0.540625,1.0093057,2.4598744
0.588125,1.009324,2.4584017
0.5137499999999999,1.0093535,2.4402013
0.58875,1.0093598,2.4349382
0.49312500000000004,1.0093899,2.4245954
0.520625,1.0094074,2.4095223
0.5175000000000001,1.0094261,2.452466
0.383125,1.0094564,2.4641588
0.38375,1.0094633,2.4598744
0.35562499999999997,1.0094216,2.4584017
0.354375,1.0094057,2.4402013
0.3775,1.0093961,2.4349382
0.3625,1.0094032,2.4245954
0.365625,1.0094101,2.4095223
0.869375,1.0094111,2.452466
0.87625,1.0094163,2.4641588
0.9562499999999999,1.0094068,2.4598744
0.953125,1.0093977,2.4584017
0.45125,1.0094098,2.4402013
0.48,1.0094104,2.4349382
0.47125,1.0094109,2.4245954
0.46125,1.0094129,2.4095223
0.49312500000000004,1.0094125,2.452466
0.4575,1.0094156,2.4641588
0.438125,1.0094198,2.4598744
0.48125000000000007,1.0094124,2.4584017
0.438125,1.0094165,2.4402013
0.446875,1.0094191,2.4349382
0.449375,1.0094138,2.4245954
0.38625,1.0094124,2.4095223
0.403125,1.0094068,2.452466
0.89,1.0094191,2.4641588
0.89375,1.0094202,2.4598744
0.874375,1.009426,2.4584017
0.39625,1.0094249,2.4402013
0.35125,1.0094352,2.4349382
0.380625,1.0094337,2.4245954
0.3975,1.0094388,2.4095223
0.310625,1.0094475,2.452466
0.5125,1.009437,2.4641588
0.660625,1.0094497,2.4598744
0.56625,1.0094784,2.4584017
0.49875,1.0095065,2.4402013
0.5293749999999999,1.0095184,2.4349382
0.516875,1.0095313,2.4245954
0.540625,1.009544,2.4095223
0.556875,1.0095525,2.452466
0.5275,1.0095675,2.4641588
0.5625,1.0095848,2.4598744
0.520625,1.0096077,2.4584017
0.52125,1.0096172,2.4402013
0.54,1.0096276,2.4349382
0.538125,1.0096449,2.4245954
1.105,1.009651,2.4095223
1.38,1.0096644,2.452466
1.39,1.0097036,2.4641588
1.394375,1.009752,2.4598744
1.3775,1.0097935,2.4584017
1.31875,1.0098625,2.4402013
1.27625,1.0099334,2.4349382
1.173125,1.0099823,2.4245954
1.0193750000000001,1.0100441,2.4095223
0.96625,1.0100482,2.452466
1.1099999999999999,1.0100319,2.4641588
1.7425000000000002,1.0100293,2.4598744
2.5168749999999998,1.0102084,2.4584017
1.130625,1.0122612,2.4402013
0.5625,1.0015028,2.4349382
0.4375,1.0011718,2.4245954
0.445625,1.0011611,2.4095223
0.468125,1.0011544,2.452466
0.45999999999999996,1.0011595,2.4641588
0.459375,1.0011575,2.4598744
0.4725,1.0011555,2.4584017
0.415625,1.0011566,2.4402013
0.46875,1.0011535,2.4349382
0.549375,1.0011599,2.4245954
0.9612499999999999,1.001167,2.4095223
0.978125,1.0011683,2.452466
1.0175,1.0011582,2.4641588
1.426875,1.0001879,2.4598744
1.1556250000000001,0.9956832,2.4584017
1.085,0.9896661,2.4402013
1.233125,0.9831516,2.4349382
1.73375,0.98296547,2.4245954
1.759375,0.9830669,2.4095223
2.480625,0.98319507,2.452466
2.54,0.98353887,2.4641588
2.631875,0.9864147,2.4598744
2.496875,0.9916897,2.4584017
0.71375,0.9935848,2.4402013
0.614375,0.99387574,2.4349382
0.4525,0.993832,2.4245954
0.49,0.9938288,2.4095223
0.39875,0.9938248,2.452466
0.4775,0.9938121,2.4641588
0.43624999999999997,0.99380517,2.4598744
0.47375,0.99379194,2.4584017
0.4375,0.99379325,2.4402013
0.450625,0.9937866,2.4349382
0.569375,0.99378085,2.4245954
0.9556250000000001,0.9937875,2.4095223
1.200625,0.99377286,2.452466
1.1075,0.99379873,2.4641588
1.145,0.99382406,2.4598744
1.13875,0.99386394,2.4584017
1.189375,0.99392366,2.4402013
1.3275000000000001,0.99398345,2.4349382
1.1549999999999998,0.9940563,2.4245954
1.05875,0.99408317,2.4095223
1.1025,0.9940958,2.452466
1.214375,0.9941073,2.4641588
1.29875,0.99416316,2.4598744
2.0250000000000004,0.9942193,2.4584017
1.15875,0.99547625,2.4402013
0.495625,0.98784435,2.4349382
0.409375,0.9868814,2.4245954
0.44875,0.9868437,2.4095223
0.46625,0.9868356,2.452466
0.45125,0.986824,2.4641588
0.43,0.98681927,2.4598744
0.458125,0.986807,2.4584017
0.43062500000000004,0.98680556,2.4402013
0.4375,0.98679304,2.4349382
0.535,0.98678863,2.4245954
1.086875,0.9867798,2.4095223
1.35375,0.98556334,2.452466
1.435625,0.98059404,2.4641588
1.3518750000000002,0.9753833,2.4598744
1.3275000000000001,0.96944904,2.4584017
1.29875,0.96930325,2.4402013
1.129375,0.9693453,2.4349382
0.890625,0.96935844,2.4245954
1.02375,0.9693563,2.4095223
0.98625,0.96937823,2.452466
1.099375,0.9693802,2.4641588
1.080625,0.9693947,2.4598744
1.6668749999999999,0.9693885,2.4584017
0.54375,0.9694982,2.4402013
0.45875,0.9695171,2.4349382
0.44937499999999997,0.96952,2.4245954
0.434375,0.96952623,2.4095223
0.476875,0.9695233,2.452466
0.43374999999999997,0.96952534,2.4641588
0.469375,0.96952987,2.4598744
0.4725,0.9695337,2.4584017
0.44375,0.96954167,2.4402013
0.450625,0.9695394,2.4349382
0.54625,0.9695404,2.4245954
3.0,0.9695516,2.4095223
3.8125,0.96983427,2.452466
2.3725,0.9772568,2.4641588
2.331875,0.9802114,2.4598744
2.471875,0.98131704,2.4584017
2.71875,0.98436755,2.4402013
2.571875,0.9892458,2.4349382
1.76875,0.9923084,2.4245954
1.4918749999999998,0.99294543,2.4095223
2.48375,0.9929862,2.452466
2.6031250000000004,0.9934959,2.4641588
3.8512500000000003,0.9963956,2.4598744
3.089375,1.0078177,2.4584017
0.486875,1.0086687,2.4402013
0.45375,1.0085696,2.4349382
0.47125,1.008599,2.4245954
0.42562500000000003,1.0086112,2.4095223
0.424375,1.0086027,2.452466
0.466875,1.0086057,2.4641588
0.4175,1.0086176,2.4598744
0.475,1.0086033,2.4584017
0.41125,1.008621,2.4402013
0.4625,1.0086248,2.4349382
0.390625,1.0086281,2.4245954
0.41125,1.0086293,2.4095223
0.33375,1.0086378,2.452466
0.31937499999999996,1.0086055,2.4641588
0.35562499999999997,1.0085285,2.4598744
0.343125,1.0085202,2.4584017
0.329375,1.0085227,2.4402013
0.345,1.0085256,2.4349382
0.45375,1.0085288,2.4245954
0.6875,1.0085549,2.4095223
0.934375,1.008642,2.452466
0.931875,1.0086656,2.4641588
0.9193749999999999,1.0086815,2.4598744
0.9025,1.0086914,2.4584017
0.4525,1.0086851,2.4402013
0.429375,1.0086975,2.4349382
0.445,1.0086925,2.4245954
0.440625,1.0086923,2.4095223
0.4825,1.0087042,2.452466
0.435,1.0087209,2.4641588
0.41875,1.0087156,2.4598744
0.43625,1.008721,2.4584017
0.46875,1.0087256,2.4402013
0.44,1.0087352,2.4349382
0.413125,1.0087459,2.4245954
0.371875,1.0087472,2.4095223
0.3375,1.0087564,2.452466
0.8837499999999999,1.0087613,2.4641588
0.975,1.0087466,2.4598744
1.713125,1.0087241,2.4584017
1.205,1.00889,2.4402013
0.624375,1.0090394,2.4349382
0.426875,1.0090201,2.4245954
0.405,1.0090284,2.4095223
0.42375,1.0090499,2.452466
0.428125,1.0090642,2.4641588
0.42874999999999996,1.0090911,2.4598744
0.38375,1.0090997,2.4584017
0.4575,1.0090867,2.4402013
0.43374999999999997,1.0090823,2.4349382
0.48624999999999996,1.009077,2.4245954
0.4375,1.0090761,2.4095223
0.42125,1.009075,2.452466
0.48375,1.0090661,2.4641588
0.446875,1.009064,2.4598744
0.48,1.0090673,2.4584017
0.476875,1.0090793,2.4402013
0.450625,1.0090812,2.4349382
0.534375,1.0090792,2.4245954
1.13875,1.0090799,2.4095223
1.345625,1.0090939,2.452466
1.39875,1.009145,2.4641588
1.251875,1.0092219,2.4598744
1.313125,1.0092552,2.4584017
1.35125,1.0093153,2.4402013
1.138125,1.0093663,2.4349382
1.1225,1.0093946,2.4245954
1.08875,1.0094793,2.4095223
1.009375,1.0086453,2.452466
1.21375,1.0035703,2.4641588
2.5725,0.9951468,2.4598744
4.590625,0.9943007,2.4584017
2.9775,1.0037571,2.4402013
0.53125,1.0069927,2.4349382
0.484375,1.0068507,2.4245954
0.463125,1.006879,2.4095223
0.46125,1.0068738,2.452466
0.471875,1.0068723,2.4641588
0.4175,1.0068681,2.4598744
0.456875,1.0068617,2.4584017
0.456875,1.0068606,2.4402013
0.4325,1.0068591,2.4349382
0.49875,1.0068465,2.4245954
1.329375,1.0068433,2.4095223
2.173125,1.0069665,2.452466
2.41625,1.007431,2.4641588
2.30125,1.0085392,2.4598744
2.221875,1.011775,2.4584017
2.190625,1.0133767,2.4402013
2.305625,1.0144889,2.4349382
2.395,1.0155761,2.4245954
3.9518750000000002,1.017113,2.4095223
4.50125,1.0257177,2.452466
4.588125,1.0243155,2.4641588
4.703749999999999,1.022635,2.4598744
4.05375,1.0204372,2.4584017
0.565625,1.0209358,2.4402013
0.55875,1.0202606,2.4349382
0.446875,1.0203085,2.4245954
0.44125,1.0202932,2.4095223
0.46562499999999996,1.0202851,2.452466
0.4625,1.0202684,2.4641588
0.426875,1.0202689,2.4598744
0.49625,1.020263,2.4584017
0.43937499999999996,1.0202879,2.4402013
0.45875,1.0202833,2.4349382
0.54625,1.0202855,2.4245954
0.999375,1.0202738,2.4095223
1.223125,1.0202677,2.452466
1.123125,1.0202556,2.4641588
1.133125,1.0201931,2.4598744
1.059375,1.0201905,2.4584017
1.2349999999999999,1.0202047,2.4402013
1.18125,1.0202997,2.4349382
2.1643749999999997,1.0203184,2.4245954
2.325625,1.0209692,2.4095223
2.269375,1.0218143,2.452466
2.4206250000000002,1.0275494,2.4641588
3.1925,1.0269867,2.4598744
4.845,1.0268534,2.4584017
3.643125,1.0326865,2.4402013
1.6556250000000001,1.039727,2.4349382
1.0775000000000001,1.0418599,2.4245954
0.48062499999999997,1.0432093,2.4095223
0.45499999999999996,1.043226,2.452466
0.463125,1.0432279,2.4641588
0.4425,1.0432274,2.4598744
0.491875,1.0432036,2.4584017
0.41562499999999997,1.043231,2.4402013
0.50875,1.0432123,2.4349382
0.5862499999999999,1.0432546,2.4245954
1.116875,1.0432999,2.4095223
1.9368750000000001,1.0432647,2.452466
1.7131249999999998,1.0436363,2.4641588
1.020625,1.0439317,2.4598744
0.9675,1.043664,2.4584017
1.148125,1.0434542,2.4402013
1.039375,1.0435174,2.4349382
1.005625,1.0435233,2.4245954
0.994375,1.0434421,2.4095223
1.013125,1.0431355,2.452466
1.203125,1.0429859,2.4641588
1.50875,1.0430279,2.4598744
2.90375,1.0429378,2.4584017
0.886875,1.0441339,2.4402013
0.401875,1.0445554,2.4349382
0.46375,1.0446328,2.4245954
0.46499999999999997,1.0446308,2.4095223
0.424375,1.044634,2.452466
0.471875,1.0446134,2.4641588
0.395,1.0446168,2.4598744
0.47125,1.0445905,2.4584017
0.42562500000000003,1.0445809,2.4402013
0.460625,1.0445738,2.4349382
0.5093749999999999,1.0445698,2.4245954
0.949375,1.0445576,2.4095223
0.9612499999999999,1.0445415,2.452466
0.90625,1.0445292,2.4641588
0.9375,1.0444145,2.4598744
1.03625,1.0443289,2.4584017
0.92625,1.0443461,2.4402013
0.90375,1.0442868,2.4349382
1.086875,1.0442145,2.4245954
1.771875,1.0443008,2.4095223
2.29125,1.0447303,2.452466
3.1706250000000002,1.0464952,2.4641588
2.9925,1.045599,2.4598744
3.6375,1.0449458,2.4584017
0.54375,1.0452783,2.4402013
0.46625,1.0452223,2.4349382
0.46125,1.0452242,2.4245954
0.42625,1.0451896,2.4095223
0.43562500000000004,1.0451273,2.452466
0.469375,1.0450537,2.4641588
0.42875,1.0450087,2.4598744
0.428125,1.0449528,2.4584017
0.46125,1.0448761,2.4402013
0.43937499999999996,1.0448552,2.4349382
0.36875,1.044785,2.4245954
0.416875,1.0447285,2.4095223
0.331875,1.0446815,2.452466
0.36250000000000004,1.0445956,2.4641588
0.31062500000000004,1.0445914,2.4598744
0.34625,1.0445657,2.4584017
0.378125,1.0445728,2.4402013
0.31437499999999996,1.0445955,2.4349382
0.33625,1.044575,2.4245954
0.35124999999999995,1.0445695,2.4095223
0.853125,1.0445678,2.452466
0.91,1.0445607,2.4641588
0.879375,1.0445784,2.4598744
0.903125,1.0445263,2.4584017
0.439375,1.0444889,2.4402013
0.46625,1.044476,2.4349382
0.4325,1.0444653,2.4245954
0.448125,1.0444427,2.4095223
0.45125,1.0444329,2.452466
0.4125,1.0444086,2.4641588
0.47812499999999997,1.0443845,2.4598744
0.44375,1.0444062,2.4584017
0.45937500000000003,1.0443926,2.4402013
0.435,1.0444095,2.4349382
0.385625,1.0444105,2.4245954
0.4175,1.0443867,2.4095223
0.341875,1.0444112,2.452466
0.84125,1.0443944,2.4641588
1.01875,1.0443838,2.4598744
0.94875,1.0444691,2.4584017
0.388125,1.0445172,2.4402013
0.33125,1.0445218,2.4349382
0.348125,1.0445225,2.4245954
0.363125,1.0445132,2.4095223
0.339375,1.0444999,2.452466
0.393125,1.0445154,2.4641588
0.6525000000000001,1.0444586,2.4598744
0.554375,1.044457,2.4584017
0.514375,1.0444517,2.4402013
0.485,1.0444589,2.4349382
0.44125000000000003,1.0444326,2.4245954
0.506875,1.044389,2.4095223
0.44625,1.0443668,2.452466
0.43625,1.0443071,2.4641588
0.47125,1.0442584,2.4598744
0.4625,1.0442085,2.4584017
0.446875,1.0441763,2.4402013
0.45062500000000005,1.0441372,2.4349382
0.5331250000000001,1.0440934,2.4245954
1.036875,1.0440975,2.4095223
1.885625,1.0440671,2.452466
2.4768749999999997,1.0444229,2.4641588
2.393125,1.0460083,2.4598744
2.384375,1.0509794,2.4584017
2.3043750000000003,1.0538647,2.4402013
2.2806249999999997,1.056965,2.4349382
2.119375,1.0598412,2.4245954
2.135,1.0616059,2.4095223
2.175625,1.063036,2.452466
2.27,1.0641153,2.4641588
2.27375,1.0656669,2.4598744
2.919375,1.0714664,2.4584017
1.788125,1.0727315,2.4402013
0.580625,1.0733268,2.4349382
0.991875,1.073345,2.4245954
0.650625,1.0736351,2.4095223
0.529375,1.0737667,2.452466
0.43500000000000005,1.0737951,2.4641588
0.435625,1.0737693,2.4598744
0.45,1.0737491,2.4584017
0.4425,1.0737327,2.4402013
0.418125,1.0737524,2.4349382
0.5662499999999999,1.073724,2.4245954
0.935,1.0737491,2.4095223
0.946875,1.0737405,2.452466
1.1375,1.0737269,2.4641588
1.58125,1.0738487,2.4598744
2.3756250000000003,1.0739965,2.4584017
2.375625,1.0752087,2.4402013
1.840625,1.079091,2.4349382
0.9025,1.080308,2.4245954
1.016875,1.0800234,2.4095223
1.018125,1.0781019,2.452466
0.95,1.0729692,2.4641588
1.165,1.0681944,2.4598744
1.233125,1.0624998,2.4584017
0.53,1.0613384,2.4402013
0.514375,1.061186,2.4349382
0.3975,1.0611105,2.4245954
0.46875,1.0610659,2.4095223
0.4875,1.061043,2.452466
0.42625,1.0610938,2.4641588
0.43624999999999997,1.061059,2.4598744
0.435625,1.0610652,2.4584017
0.45499999999999996,1.061053,2.4402013
0.473125,1.061081,2.4349382
0.51125,1.0611148,2.4245954
0.9962500000000001,1.061098,2.4095223
1.189375,1.0611529,2.452466
1.27625,1.0611598,2.4641588
1.226875,1.0613118,2.4598744
1.19,1.0613912,2.4584017
1.1793749999999998,1.0614471,2.4402013
1.145625,1.0614518,2.4349382
1.033125,1.0613067,2.4245954
0.96,1.0612104,2.4095223
0.95375,1.0611343,2.452466
1.0525,1.0610163,2.4641588
1.018125,1.0608919,2.4598744
1.260625,1.0606599,2.4584017
0.9393750000000001,1.0599854,2.4402013
0.4775,1.0597963,2.4349382
0.4375,1.059773,2.4245954
0.4675,1.059785,2.4095223
0.46749999999999997,1.059791,2.452466
0.44125,1.059787,2.4641588
0.500625,1.0597799,2.4598744
0.445,1.0598278,2.4584017
0.474375,1.0598257,2.4402013
0.48875,1.0598631,2.4349382
0.515,1.0599089,2.4245954
1.09,1.0599154,2.4095223
1.254375,1.0599436,2.452466
1.23875,1.0598764,2.4641588
1.27875,1.0597174,2.4598744
1.214375,1.059664,2.4584017
1.22875,1.0595751,2.4402013
1.29125,1.0595188,2.4349382
1.169375,1.0596482,2.4245954
1.025625,1.0598695,2.4095223
1.0225,1.0598722,2.452466
1.006875,1.0599039,2.4641588
1.0787499999999999,1.05984,2.4598744
1.460625,1.0598485,2.4584017
0.54375,1.0596615,2.4402013
0.51625,1.0596435,2.4349382
0.4925,1.0596751,2.4245954
0.49687499999999996,1.0596969,2.4095223
0.495625,1.0597292,2.452466
0.505625,1.0597336,2.4641588
0.483125,1.0597746,2.4598744
0.54,1.0597812,2.4584017
0.47687500000000005,1.0598259,2.4402013
0.490625,1.0598484,2.4349382
0.645625,1.0598807,2.4245954
1.10375,1.060455,2.4095223
1.16625,1.0553367,2.452466
1.084375,1.0442109,2.4641588
1.034375,1.0409127,2.4598744
1.0925,1.036716,2.4584017
1.02375,1.0325589,2.4402013
1.065,1.0264981,2.4349382
0.92375,1.0252873,2.4245954
1.0587499999999999,1.0246952,2.4095223
1.08,1.0243864,2.452466
0.9625,1.0203166,2.4641588
1.10875,1.0176947,2.4598744
1.365,1.0074409,2.4584017
0.529375,1.0052024,2.4402013
0.515625,1.0052174,2.4349382
0.469375,1.0052495,2.4245954
0.520625,1.0052453,2.4095223
0.471875,1.0052886,2.452466
0.496875,1.0053074,2.4641588
0.47875,1.0053188,2.4598744
0.48125,1.0053484,2.4584017
0.510625,1.0053527,2.4402013
0.505625,1.0054073,2.4349382
0.458125,1.0054337,2.4245954
0.446875,1.0054733,2.4095223
0.605,1.0054966,2.452466
0.735625,1.0056398,2.4641588
0.470625,1.0058658,2.4598744
0.383125,1.0059323,2.4584017
0.393125,1.0059619,2.4402013
0.348125,1.0060037,2.4349382
0.3925,1.0060157,2.4245954
0.39937500000000004,1.0059942,2.4095223
0.895625,1.0058445,2.452466
0.9412499999999999,1.005827,2.4641588
0.945625,1.0058311,2.4598744
0.96125,1.0058397,2.4584017
0.47062499999999996,1.0058627,2.4402013
0.47250000000000003,1.0058633,2.4349382
0.46749999999999997,1.0058802,2.4245954
0.466875,1.0058848,2.4095223
0.495,1.0058898,2.452466
0.459375,1.0058888,2.4641588
0.49187499999999995,1.0058978,2.4598744
0.46749999999999997,1.0059366,2.4584017
0.465625,1.0059576,2.4402013
0.458125,1.0059627,2.4349382
0.47750000000000004,1.0059803,2.4245954
0.41312499999999996,1.0060216,2.4095223
0.36375,1.0060508,2.452466
0.914375,1.0060754,2.4641588
0.94,1.0061088,2.4598744
0.87125,1.0061072,2.4584017
0.345625,1.0055491,2.4402013
0.405625,1.0050523,2.4349382
0.3875,1.0049448,2.4245954
0.38,1.0049245,2.4095223
0.369375,1.0049076,2.452466
0.389375,1.0048733,2.4641588
0.409375,1.0048449,2.4598744
0.429375,1.0048257,2.4584017
0.48125,1.0048409,2.4402013
0.4675,1.004846,2.4349382
0.440625,1.0048571,2.4245954
0.48062499999999997,1.0048273,2.4095223
0.508125,1.0048442,2.452466
0.449375,1.0048841,2.4641588
0.516875,1.0048603,2.4598744
0.44687499999999997,1.0048938,2.4584017
0.5137499999999999,1.0048767,2.4402013
0.42,1.0048985,2.4349382
0.59875,1.0048887,2.4245954
0.98625,1.0049386,2.4095223
0.896875,1.00486,2.452466
0.925625,1.0045774,2.4641588
0.900625,1.0042834,2.4598744
0.8518749999999999,1.0040743,2.4584017
0.8981250000000001,1.0037942,2.4402013
0.941875,1.0035207,2.4349382
0.8768750000000001,1.0034068,2.4245954
0.9349999999999999,1.0032585,2.4095223
0.8574999999999999,1.0031643,2.452466
0.9349999999999999,1.0030745,2.4641588
1.029375,1.0020766,2.4598744
1.0225,0.99941486,2.4584017
0.8049999999999999,0.9874433,2.4402013
0.51,0.9860402,2.4349382
0.52875,0.9860203,2.4245954
0.5762499999999999,0.98603284,2.4095223
0.53625,0.98607785,2.452466
0.51875,0.98610777,2.4641588
0.55625,0.9861275,2.4598744
0.55875,0.9861924,2.4584017
0.52875,0.9862436,2.4402013
0.5275,0.9862815,2.4349382
0.615625,0.98633075,2.4245954
1.025625,0.98640394,2.4095223
0.954375,0.9862509,2.452466
0.8731249999999999,0.983974,2.4641588
0.891875,0.9815018,2.4598744
0.9525,0.9802607,2.4584017
0.9475,0.9794514,2.4402013
1.034375,0.9788083,2.4349382
1.063125,0.9759712,2.4245954
1.0899999999999999,0.9749764,2.4095223
2.731875,0.96881306,2.452466
4.7575,0.96426654,2.4641588
4.79,0.96215916,2.4598744
4.235,0.9629731,2.4584017
0.595,0.96378356,2.4402013
0.57125,0.96324265,2.4349382
0.5225,0.96327126,2.4245954
0.559375,0.9632987,2.4095223
0.45875,0.9633344,2.452466
0.526875,0.96332675,2.4641588
0.5081249999999999,0.9633465,2.4598744
0.474375,0.9633766,2.4584017
0.48624999999999996,0.96337384,2.4402013
0.503125,0.96339625,2.4349382
0.5956250000000001,0.9634199,2.4245954
0.990625,0.96344995,2.4095223
1.04,0.9634597,2.452466
0.9225,0.9633899,2.4641588
0.919375,0.963314,2.4598744
0.915,0.9632354,2.4584017
0.8675,0.96318376,2.4402013
0.920625,0.9630406,2.4349382
1.413125,0.962947,2.4245954
2.27625,0.96219903,2.4095223
2.356875,0.9621023,2.452466
2.25,0.9628575,2.4641588
3.29125,0.9617245,2.4598744
4.67375,0.96180356,2.4584017
1.559375,0.9617807,2.4402013
0.453125,0.958055,2.4349382
0.45687500000000003,0.9566204,2.4245954
0.49624999999999997,0.9568698,2.4095223
0.43625,0.956872,2.452466
0.42125,0.95686364,2.4641588
0.466875,0.9568479,2.4598744
0.4175,0.95685214,2.4584017
0.46687500000000004,0.9568292,2.4402013
0.448125,0.9568437,2.4349382
0.52625,0.95682704,2.4245954
0.9806250000000001,0.95681405,2.4095223
0.9600000000000001,0.95677876,2.452466
0.89375,0.95638496,2.4641588
0.8925,0.95607746,2.4598744
0.9412499999999999,0.9560329,2.4584017
0.955,0.95602643,2.4402013
0.994375,0.95596087,2.4349382
1.2149999999999999,0.95594853,2.4245954
1.66,0.95602685,2.4095223
2.375625,0.95628166,2.452466
2.46875,0.9568577,2.4641588
3.1725000000000003,0.95794016,2.4598744
4.495625,0.9682343,2.4584017
0.624375,0.9686738,2.4402013
0.48250000000000004,0.9684949,2.4349382
0.4275,0.968539,2.4245954
0.505,0.9685336,2.4095223
0.42625,0.96854293,2.452466
0.531875,0.96854067,2.4641588
0.435625,0.96855545,2.4598744
0.4525,0.96856546,2.4584017
0.51,0.9685597,2.4402013
0.42374999999999996,0.9685855,2.4349382
0.61875,0.96857643,2.4245954
0.930625,0.9686153,2.4095223
0.89375,0.968613,2.452466
0.9287500000000001,0.9685924,2.4641588
1.02375,0.9686067,2.4598744
0.9099999999999999,0.9686463,2.4584017
1.055,0.96860653,2.4402013
1.055625,0.96865976,2.4349382
1.029375,0.9687222,2.4245954
2.375,0.96871066,2.4095223
2.40375,0.9708841,2.452466
2.380625,0.9715867,2.4641588
2.61625,0.9672915,2.4598744
2.5075000000000003,0.96639204,2.4584017
0.48062499999999997,0.96390975,2.4402013
0.474375,0.9637452,2.4349382
0.438125,0.96378493,2.4245954
0.45625,0.96377516,2.4095223
0.47625,0.96377945,2.452466
0.45687500000000003,0.9637878,2.4641588
0.41812499999999997,0.9637792,2.4598744
0.459375,0.96377426,2.4584017
0.436875,0.9637872,2.4402013
0.4675,0.9637836,2.4349382
0.435,0.96379954,2.4245954
0.35875,0.9638281,2.4095223
0.38625,0.9638138,2.452466
0.381875,0.9638381,2.4641588
0.30374999999999996,0.96385324,2.4598744
0.38125,0.96386135,2.4584017
0.6950000000000001,0.9638833,2.4402013
0.54,0.96400106,2.4349382
0.400625,0.9640839,2.4245954
0.38625,0.96410745,2.4095223
0.85875,0.964121,2.452466
0.914375,0.964124,2.4641588
0.965625,0.9641252,2.4598744
0.931875,0.9641601,2.4584017
0.456875,0.964168,2.4402013
0.45875,0.9641719,2.4349382
0.453125,0.9641669,2.4245954
0.46875,0.9641689,2.4095223
0.40375,0.96417,2.452466
0.473125,0.96414816,2.4641588
0.45437500000000003,0.96416545,2.4598744
0.47875,0.9641557,2.4584017
0.43125,0.96416914,2.4402013
0.495625,0.96416235,2.4349382
0.375625,0.964187,2.4245954
0.41625,0.9641881,2.4095223
0.379375,0.96419364,2.452466
0.875,0.964216,2.4641588
0.9312499999999999,0.9642427,2.4598744
0.923125,0.96421534,2.4584017
0.34875,0.9642121,2.4402013
0.358125,0.964206,2.4349382
0.401875,0.96422267,2.4245954
0.343125,0.9642461,2.4095223
0.37124999999999997,0.9642431,2.452466
0.405,0.9642557,2.4641588
0.34500000000000003,0.96426195,2.4598744
0.43,0.96415544,2.4584017
0.42375,0.9641155,2.4402013
0.485625,0.96408683,2.4349382
0.45375,0.9640884,2.4245954
0.456875,0.96409184,2.4095223
0.45437500000000003,0.96407247,2.452466
0.448125,0.96407527,2.4641588
0.48625,0.9640802,2.4598744
0.405625,0.96408653,2.4584017
0.47875,0.964069,2.4402013
0.44437499999999996,0.96408373,2.4349382
0.561875,0.9640862,2.4245954
0.926875,0.9641042,2.4095223
0.9575,0.96407354,2.452466
0.965625,0.9630894,2.4641588
1.106875,0.96039546,2.4598744
1.039375,0.9582759,2.4584017
1.033125,0.95655113,2.4402013
1.004375,0.9556018,2.4349382
0.925625,0.95510674,2.4245954
0.92625,0.9546734,2.4095223
0.88875,0.9542278,2.452466
0.8981250000000001,0.9537527,2.4641588
0.899375,0.9516443,2.4598744
0.96625,0.9479474,2.4584017
0.713125,0.94710934,2.4402013
0.46562499999999996,0.9468441,2.4349382
0.47875,0.94682056,2.4245954
0.44125,0.9467133,2.4095223
0.48312499999999997,0.94666994,2.452466
0.45687500000000003,0.9466576,2.4641588
0.4375,0.9466585,2.4598744
0.43625,0.94665724,2.4584017
0.473125,0.94665414,2.4402013
0.44,0.9466604,2.4349382
0.589375,0.9466659,2.4245954
0.92875,0.94667286,2.4095223
0.935,0.94667244,2.452466
1.034375,0.9466704,2.4641588
1.12,0.9466499,2.4598744
1.02625,0.94651484,2.4584017
1.0,0.94453686,2.4402013
0.9862500000000001,0.9441675,2.4349382
0.87625,0.9439725,2.4245954
0.905625,0.94397014,2.4095223
0.858125,0.94394827,2.452466
0.9175,0.94391656,2.4641588
0.905,0.9439137,2.4598744
0.924375,0.94386077,2.4584017
0.485625,0.9438002,2.4402013
0.486875,0.9437957,2.4349382
0.43125,0.9437934,2.4245954
0.466875,0.9437983,2.4095223
0.470625,0.9437941,2.452466
0.456875,0.94378585,2.4641588
0.505,0.9437856,2.4598744
0.44125,0.94379294,2.4584017
0.456875,0.9437908,2.4402013
0.495,0.943789,2.4349382
0.573125,0.94379133,2.4245954
1.100625,0.94380236,2.4095223
1.259375,0.9438261,2.452466
1.33125,0.94384354,2.4641588
1.4381249999999999,0.94385695,2.4598744
1.39625,0.9439082,2.4584017
1.288125,0.94395924,2.4402013
1.3575,0.9439865,2.4349382
1.1625,0.9440379,2.4245954
0.941875,0.9440683,2.4095223
0.864375,0.94406575,2.452466
1.0193750000000001,0.9440495,2.4641588
0.979375,0.9440452,2.4598744
1.06875,0.94403905,2.4584017
0.5393749999999999,0.9439961,2.4402013
0.52,0.9439164,2.4349382
0.570625,0.94392115,2.4245954
0.501875,0.9439392,2.4095223
0.556875,0.9439392,2.452466
0.55125,0.94394827,2.4641588
0.531875,0.94396174,2.4598744
0.53,0.9439622,2.4584017
0.523125,0.94397366,2.4402013
0.5575,0.9439803,2.4349382
0.640625,0.94399107,2.4245954
1.099375,0.94401467,2.4095223
1.4275,0.94401824,2.452466
1.728125,0.9440606,2.4641588
1.75375,0.9441835,2.4598744
1.946875,0.9443058,2.4584017
2.213125,0.9445001,2.4402013
2.4381250000000003,0.9447784,2.4349382
2.63625,0.9454961,2.4245954
1.464375,0.94993514,2.4095223
0.8262499999999999,0.9502453,2.452466
0.9225,0.95035964,2.4641588
0.901875,0.9503436,2.4598744
0.941875,0.95029855,2.4584017
0.47625,0.9501643,2.4402013
0.461875,0.9501445,2.4349382
0.453125,0.9501272,2.4245954
0.45749999999999996,0.95011145,2.4095223
0.46562499999999996,0.9500951,2.452466
0.47750000000000004,0.9500812,2.4641588
0.4275,0.9500694,2.4598744
0.46249999999999997,0.95005393,2.4584017
0.47562499999999996,0.9500351,2.4402013
0.433125,0.95003283,2.4349382
0.594375,0.95002115,2.4245954
0.9231250000000001,0.9500121,2.4095223
1.1456250000000001,0.9499705,2.452466
1.029375,0.94996727,2.4641588
1.036875,0.9499549,2.4598744
0.9606250000000001,0.94995975,2.4584017
0.954375,0.9499302,2.4402013
0.9125,0.94991744,2.4349382
1.329375,0.9498836,2.4245954
1.323125,0.94999254,2.4095223
0.93125,0.9500663,2.452466
0.90125,0.9500278,2.4641588
0.893125,0.95001674,2.4598744
0.97,0.94996274,2.4584017
0.46125000000000005,0.9498615,2.4402013
0.485625,0.9498421,2.4349382
0.44437499999999996,0.9498311,2.4245954
0.443125,0.94981974,2.4095223
0.47187500000000004,0.94979733,2.452466
0.401875,0.9497913,2.4641588
0.44625000000000004,0.94976854,2.4598744
0.44937499999999997,0.94975996,2.4584017
0.45,0.9497528,2.4402013
0.478125,0.9497417,2.4349382
0.34625,0.9497393,2.4245954
0.42625,0.94972146,2.4095223
0.3425,0.94972175,2.452466
0.375625,0.9496728,2.4641588
0.39125,0.94960576,2.4598744
0.308125,0.9495965,2.4584017
0.370625,0.9495877,2.4402013
0.303125,0.9495885,2.4349382
0.40375,0.94958425,2.4245954
0.374375,0.9495899,2.4095223
0.885,0.9495881,2.452466
0.94625,0.9495895,2.4641588
0.88,0.9495936,2.4598744
0.93625,0.94957817,2.4584017
0.4675,0.949571,2.4402013
0.431875,0.9495685,2.4349382
0.481875,0.94955766,2.4245954
0.465,0.9495565,2.4095223
0.438125,0.94955075,2.452466
0.44125000000000003,0.9495343,2.4641588
0.464375,0.94952714,2.4598744
0.44687499999999997,0.9495189,2.4584017
0.423125,0.9495131,2.4402013
0.47375,0.9495033,2.4349382
0.39125,0.9495057,2.4245954
0.41875,0.9494881,2.4095223
0.375625,0.94949055,2.452466
0.84875,0.9494968,2.4641588
0.883125,0.9494872,2.4598744
0.891875,0.9494777,2.4584017
0.35875,0.9494865,2.4402013
0.381875,0.94949424,2.4349382
0.305,0.94949454,2.4245954
0.36624999999999996,0.9494833,2.4095223
0.33875,0.9494846,2.452466
0.378125,0.9494817,2.4641588
0.40812499999999996,0.9494816,2.4598744
0.39125,0.9494829,2.4584017
0.4925,0.9494767,2.4402013
0.43062500000000004,0.9494797,2.4349382
0.459375,0.9494718,2.4245954
0.433125,0.9494755,2.4095223
0.47875,0.9494669,2.452466
0.426875,0.9494617,2.4641588
0.476875,0.949457,2.4598744
0.429375,0.9494488,2.4584017
0.460625,0.9494456,2.4402013
0.431875,0.9494351,2.4349382
0.5587500000000001,0.94943786,2.4245954
1.660625,0.9494302,2.4095223
2.17875,0.9496097,2.452466
2.373125,0.94999564,2.4641588
1.575,0.9505098,2.4598744
1.259375,0.95118916,2.4584017
1.05875,0.95103425,2.4402013
1.08625,0.95107985,2.4349382
1.163125,0.9511206,2.4245954
0.941875,0.9512013,2.4095223
0.88625,0.9512044,2.452466
0.909375,0.9512148,2.4641588
0.995,0.9512104,2.4598744
0.88375,0.9512018,2.4584017
0.758125,0.9511629,2.4402013
0.45875,0.95114934,2.4349382
0.5075,0.9511361,2.4245954
0.509375,0.9511304,2.4095223
0.44125000000000003,0.95111364,2.452466
0.515,0.9510905,2.4641588
0.443125,0.9510877,2.4598744
0.47875,0.95106184,2.4584017
0.455,0.9510442,2.4402013
0.47812499999999997,0.951028,2.4349382
0.611875,0.9510174,2.4245954
2.07625,0.95101863,2.4095223
3.54,0.9513302,2.452466
3.11375,0.9561909,2.4641588
2.340625,0.9618147,2.4598744
2.4525,0.9650027,2.4584017
2.32,0.9671849,2.4402013
2.2675,0.9697381,2.4349382
2.120625,0.9712391,2.4245954
2.016875,0.97208154,2.4095223
2.04,0.97444797,2.452466
1.9493749999999999,0.97085893,2.4641588
1.44875,0.9720576,2.4598744
0.951875,0.9674548,2.4584017
0.42874999999999996,0.96177393,2.4402013
0.466875,0.96171993,2.4349382
0.479375,0.96168715,2.4245954
0.436875,0.9616716,2.4095223
0.48375,0.96163607,2.452466
0.43625,0.9616422,2.4641588
0.45499999999999996,0.9616182,2.4598744
0.46125,0.9616049,2.4584017
0.48,0.9616025,2.4402013
0.4875,0.96160316,2.4349382
0.571875,0.961602,2.4245954
1.044375,0.9615996,2.4095223
2.048125,0.9616231,2.452466
2.219375,0.9620068,2.4641588
2.271875,0.9625552,2.4598744
2.214375,0.9636886,2.4584017
2.136875,0.9649678,2.4402013
2.065,0.9655912,2.4349382
2.24625,0.96560603,2.4245954
2.071875,0.9666659,2.4095223
1.023125,0.96577,2.452466
1.003125,0.9651307,2.4641588
0.980625,0.9641937,2.4598744
1.0125,0.9624695,2.4584017
0.490625,0.95414543,2.4402013
0.495,0.9538114,2.4349382
0.5,0.95381635,2.4245954
0.47562499999999996,0.9538212,2.4095223
0.485,0.9538102,2.452466
0.49,0.9538194,2.4641588
0.494375,0.9538365,2.4598744
0.47875,0.95384645,2.4584017
0.49624999999999997,0.9538681,2.4402013
0.510625,0.9538828,2.4349382
0.559375,0.95390594,2.4245954
1.36625,0.953923,2.4095223
2.07875,0.9540515,2.452466
2.3375,0.95444673,2.4641588
2.226875,0.95508134,2.4598744
2.37,0.9567524,2.4584017
2.3518749999999997,0.9581306,2.4402013
1.484375,0.95985,2.4349382
0.879375,0.9602057,2.4245954
0.843125,0.9603063,2.4095223
0.853125,0.95992255,2.452466
0.843125,0.9580316,2.4641588
0.98875,0.95700383,2.4598744
0.926875,0.96290517,2.4584017
0.39937500000000004,0.9597641,2.4402013
0.446875,0.9597192,2.4349382
0.435,0.9597118,2.4245954
0.45437500000000003,0.95971286,2.4095223
0.39875,0.95970404,2.452466
0.431875,0.9596996,2.4641588
0.413125,0.95968366,2.4598744
0.436875,0.95968246,2.4584017
0.440625,0.95968443,2.4402013
0.453125,0.9596787,2.4349382
0.52875,0.95969105,2.4245954
1.0306250000000001,0.9596839,2.4095223
0.9312499999999999,0.9597076,2.452466
0.981875,0.95971775,2.4641588
0.988125,0.95973146,2.4598744
0.8425,0.95972955,2.4584017
0.885625,0.9597225,2.4402013
0.9075,0.95969635,2.4349382
0.848125,0.9596766,2.4245954
0.8768750000000001,0.95964676,2.4095223
0.88375,0.9583502,2.452466
0.838125,0.95690346,2.4641588
0.8987499999999999,0.9541149,2.4598744
0.8474999999999999,0.95261514,2.4584017
0.434375,0.9526223,2.4402013
0.494375,0.95261645,2.4349382
0.3925,0.95261484,2.4245954
0.47625,0.9526118,2.4095223
0.4225,0.95261204,2.452466
0.44,0.95261014,2.4641588
0.443125,0.95261025,2.4598744
0.41125,0.95261186,2.4584017
0.45999999999999996,0.952608,2.4402013
0.44937499999999997,0.9526087,2.4349382
0.403125,0.9526124,2.4245954
0.35875,0.9526166,2.4095223
0.361875,0.9526216,2.452466
0.3275,0.9526241,2.4641588
0.34750000000000003,0.9526216,2.4598744
0.3225,0.95261824,2.4584017
0.76125,0.9526086,2.4402013
0.42312500000000003,0.9526048,2.4349382
0.379375,0.95259976,2.4245954
0.35624999999999996,0.9526068,2.4095223
0.88375,0.9526187,2.452466
0.865625,0.95262957,2.4641588
0.885625,0.95263356,2.4598744
0.8975,0.9526324,2.4584017
0.418125,0.95262873,2.4402013
0.44875,0.95262504,2.4349382
0.443125,0.95262456,2.4245954
0.458125,0.9526245,2.4095223
0.433125,0.95262414,2.452466
0.424375,0.95262545,2.4641588
0.4425,0.9526222,2.4598744
0.43624999999999997,0.95261705,2.4584017
0.4425,0.95261073,2.4402013
0.47000000000000003,0.95261,2.4349382
0.39749999999999996,0.95260966,2.4245954
0.36062500000000003,0.9526111,2.4095223
0.338125,0.9526099,2.452466
0.896875,0.95261145,2.4641588
0.87,0.95261455,2.4598744
0.88625,0.9526137,2.4584017
0.32,0.9526108,2.4402013
0.363125,0.95260936,2.4349382
0.315625,0.9526135,2.4245954
0.35875,0.9526183,2.4095223
0.3275,0.9526304,2.452466
0.345,0.95263565,2.4641588
0.35,0.9526332,2.4598744
0.346875,0.95263076,2.4584017
0.45187499999999997,0.95262504,2.4402013
0.458125,0.9526242,2.4349382
0.4225,0.95262164,2.4245954
0.5025,0.9526198,2.4095223
0.421875,0.95262146,2.452466
0.454375,0.95262057,2.4641588
0.396875,0.95262074,2.4598744
0.448125,0.9526157,2.4584017
0.436875,0.95261514,2.4402013
0.4475,0.9526142,2.4349382
0.578125,0.9526173,2.4245954
0.9137500000000001,0.9526221,2.4095223
0.8881249999999999,0.95262533,2.452466
0.9237500000000001,0.95262694,2.4641588
0.9875,0.95262897,2.4598744
0.876875,0.95263124,2.4584017
0.861875,0.95263445,2.4402013
0.9425,0.95264137,2.4349382
0.889375,0.9526533,2.4245954
0.89,0.9526646,2.4095223
0.85375,0.9526713,2.452466
0.873125,0.95267576,2.4641588
0.87625,0.95267886,2.4598744
0.885,0.95267856,2.4584017
0.7,0.95267403,2.4402013
2.3831249999999997,0.95266813,2.4349382
0.426875,0.95265234,2.4245954
0.446875,0.95264596,2.4095223
0.476875,0.9526443,2.452466
0.39,0.95264506,2.4641588
0.47,0.952641,2.4598744
0.47125,0.95263803,2.4584017
0.421875,0.9526355,2.4402013
0.46125,0.9526344,2.4349382
0.49125,0.95263934,2.4245954
1.00875,0.95264196,2.4095223
1.099375,0.95264775,2.452466
1.19,0.952651,2.4641588
1.365625,0.9526523,2.4598744
1.3225,0.952651,2.4584017
1.09375,0.95265067,2.4402013
1.003125,0.95265573,2.4349382
0.8725,0.95266414,2.4245954
0.84875,0.95267224,2.4095223
0.835,0.9526763,2.452466
0.9443750000000001,0.95267534,2.4641588
0.958125,0.9526698,2.4598744
1.00875,0.95266235,2.4584017
0.499375,0.95265543,2.4402013
0.499375,0.95265007,2.4349382
0.545625,0.95264834,2.4245954
0.545625,0.9526514,2.4095223
0.5825,0.95265096,2.452466
0.5393749999999999,0.9526483,2.4641588
0.486875,0.9526433,2.4598744
0.55,0.9526367,2.4584017
0.5406249999999999,0.9526403,2.4402013
0.514375,0.9526454,2.4349382
0.618125,0.95264935,2.4245954
1.069375,0.9526564,2.4095223
1.255625,0.9526613,2.452466
1.475,0.952664,2.4641588
1.363125,0.9526616,2.4598744
1.319375,0.95266455,2.4584017
1.2650000000000001,0.9526699,2.4402013
1.22875,0.9526783,2.4349382
1.008125,0.95268905,2.4245954
0.87875,0.9526957,2.4095223
0.87125,0.9527001,2.452466
0.913125,0.9527033,2.4641588
0.885,0.9527001,2.4598744
0.965,0.95269406,2.4584017
0.40249999999999997,0.9526856,2.4402013
0.44125000000000003,0.95267606,2.4349382
0.43875000000000003,0.9526715,2.4245954
0.435,0.95266575,2.4095223
0.42812500000000003,0.95266116,2.452466
0.41125,0.9526503,2.4641588
0.455,0.9526356,2.4598744
0.45125000000000004,0.95262396,2.4584017
0.39437500000000003,0.952614,2.4402013
0.441875,0.95260453,2.4349382
0.53,0.95259947,2.4245954
0.891875,0.9526005,2.4095223
0.919375,0.952608,2.452466
1.0318749999999999,0.952626,2.4641588
1.053125,0.952654,2.4598744
1.1375,0.9526905,2.4584017
1.08375,0.952649,2.4402013
0.9137500000000001,0.9512062,2.4349382
0.9456249999999999,0.9493321,2.4245954
0.800625,0.9496113,2.4095223
0.87625,0.94969636,2.452466
0.8300000000000001,0.9496875,2.4641588
0.83875,0.9496949,2.4598744
0.9143749999999999,0.94969916,2.4584017
0.394375,0.9496983,2.4402013
0.42937499999999995,0.9497016,2.4349382
0.441875,0.9497026,2.4245954
0.44,0.9497036,2.4095223
0.436875,0.9497056,2.452466
0.4125,0.94970864,2.4641588
0.45,0.9497136,2.4598744
0.433125,0.9497138,2.4584017
0.44125000000000003,0.949718,2.4402013
0.40375,0.94972265,2.4349382
0.53375,0.94972837,2.4245954
0.91,0.94973826,2.4095223
1.11625,0.94974345,2.452466
1.14125,0.9497497,2.4641588
1.18,0.949734,2.4598744
1.08625,0.9497131,2.4584017
1.00375,0.9496951,2.4402013
0.9175,0.9496881,2.4349382
0.860625,0.9496875,2.4245954
0.840625,0.9497603,2.4095223
0.8412499999999999,0.9498268,2.452466
0.860625,0.94983757,2.4641588
0.899375,0.94984186,2.4598744
0.9025,0.9498393,2.4584017
0.47874999999999995,0.9498438,2.4402013
0.816875,0.94984007,2.4349382
0.5175,0.9498135,2.4245954
0.489375,0.94980633,2.4095223
0.4575,0.949802,2.452466
0.4125,0.94980246,2.4641588
0.443125,0.9498014,2.4598744
0.446875,0.94980156,2.4584017
0.455,0.94980264,2.4402013
0.39437500000000003,0.9498038,2.4349382
0.43375,0.9498105,2.4245954
0.35625,0.9498073,2.4095223
0.363125,0.9498131,2.452466
0.34375,0.94981295,2.4641588
0.306875,0.9498141,2.4598744
0.324375,0.94981766,2.4584017
0.35124999999999995,0.94981563,2.4402013
0.3875,0.94981605,2.4349382
0.299375,0.9498111,2.4245954
0.33625,0.9498179,2.4095223
0.864375,0.9498247,2.452466
0.8618750000000001,0.94982994,2.4641588
0.86875,0.94984174,2.4598744
0.871875,0.9498436,2.4584017
0.45749999999999996,0.94985014,2.4402013
0.45125000000000004,0.9498502,2.4349382
0.4175,0.9498496,2.4245954
0.4525,0.9498545,2.4095223
0.440625,0.9498534,2.452466
0.416875,0.9498463,2.4641588
0.4425,0.9498373,2.4598744
0.44625,0.9498274,2.4584017
0.42562500000000003,0.9498158,2.4402013
0.431875,0.9498066,2.4349382
0.45375,0.9498067,2.4245954
0.359375,0.9498043,2.4095223
0.3175,0.9498098,2.452466
0.863125,0.94981706,2.4641588
0.88,0.9498174,2.4598744
0.80125,0.9498173,2.4584017
0.356875,0.9498251,2.4402013
0.3725,0.94982684,2.4349382
0.40437500000000004,0.94983643,2.4245954
0.378125,0.94984317,2.4095223
0.35625,0.94984984,2.452466
0.37687499999999996,0.94985014,2.4641588
0.43375,0.94984925,2.4598744
0.3925,0.9498465,2.4584017
0.5,0.94984627,2.4402013
0.481875,0.9498457,2.4349382
0.45125,0.9498423,2.4245954
0.5131249999999999,0.94984317,2.4095223
0.4475,0.94983894,2.452466
0.481875,0.94984186,2.4641588
0.4925,0.9498362,2.4598744
0.435,0.9498278,2.4584017
0.49375,0.9498199,2.4402013
0.459375,0.94981563,2.4349382
0.594375,0.94981724,2.4245954
1.158125,0.94981897,2.4095223
1.223125,0.94984984,2.452466
1.0375,0.9496453,2.4641588
1.033125,0.950012,2.4598744
1.055625,0.9501471,2.4584017
0.995625,0.9501931,2.4402013
1.0125,0.9502068,2.4349382
0.9612499999999999,0.9502233,2.4245954
0.861875,0.95026726,2.4095223
0.860625,0.95028377,2.452466
0.8356250000000001,0.95029026,2.4641588
0.88625,0.9503061,2.4598744
0.885625,0.9503287,2.4584017
0.696875,0.9503281,2.4402013
0.456875,0.95033693,2.4349382
0.41375,0.95033693,2.4245954
0.463125,0.95034885,2.4095223
0.44,0.950353,2.452466
0.395,0.9503459,2.4641588
0.4625,0.95034945,2.4598744
0.410625,0.95033693,2.4584017
0.468125,0.95034075,2.4402013
0.45062499999999994,0.9503398,2.4349382
0.498125,0.9503475,2.4245954
0.916875,0.9503709,2.4095223
0.844375,0.95350087,2.452466
0.84625,1.0756577,2.4641588
0.896875,1.075464,2.4598744
0.8512500000000001,1.0746762,2.4584017
0.99125,1.0738983,2.4402013
1.003125,1.073365,2.4349382
0.88125,1.0730072,2.4245954
0.915,1.0727469,2.4095223
0.8375,1.0725138,2.452466
0.838125,1.0722995,2.4641588
0.881875,1.0721716,2.4598744
0.89,1.072123,2.4584017
0.4358333333333333,1.0721174,2.4402013
0.474375,1.0721171,2.4349382
0.405625,1.0721173,2.4245954
0.463125,1.0721121,2.4095223
0.4625,1.0721135,2.452466
0.416875,1.0721118,2.4641588
0.49,1.0721105,2.4598744
0.43000000000000005,1.0721136,2.4584017
0.42874999999999996,1.0721121,2.4402013
0.480625,1.0721099,2.4349382
0.50625,1.0721109,2.4245954
0.9025,1.0721089,2.4095223
0.903125,1.0720932,2.452466
1.195625,1.0717998,2.4641588
1.12,1.071429,2.4598744
0.844375,1.0710421,2.4584017
0.9606250000000001,1.0707345,2.4402013
0.961875,1.0704978,2.4349382
0.8831249999999999,1.0701382,2.4245954
0.9275,1.0698849,2.4095223
0.834375,1.0697968,2.452466
0.8575,1.0697861,2.4641588
0.94375,1.0697781,2.4598744
0.883125,1.0697758,2.4584017
0.46499999999999997,1.0697684,2.4402013
0.466875,1.0697668,2.4349382
0.429375,1.0697652,2.4245954
0.495625,1.0697618,2.4095223
0.3875,1.069763,2.452466
0.421875,1.0697584,2.4641588
0.486875,1.0697558,2.4598744
0.42125,1.069756,2.4584017
0.428125,1.0697541,2.4402013
0.460625,1.0697511,2.4349382
0.528125,1.0697489,2.4245954
1.243125,1.0697484,2.4095223
1.46875,1.0697318,2.452466
1.12625,1.0695064,2.4641588
1.235625,1.0690767,2.4598744
1.103125,1.0685786,2.4584017
1.150625,1.0680345,2.4402013
1.1025,1.0678959,2.4349382
0.97625,1.0678784,2.4245954
0.874375,1.0678818,2.4095223
0.8425,1.0678828,2.452466
0.88,1.0678823,2.4641588
0.964375,1.0678835,2.4598744
0.894375,1.0678824,2.4584017
0.446875,1.0678811,2.4402013
0.431875,1.0678821,2.4349382
0.42375,1.0678816,2.4245954
0.5275,1.0678813,2.4095223
0.47125,1.0678834,2.452466
0.460625,1.0678855,2.4641588
0.47625,1.0678864,2.4598744
0.431875,1.0678883,2.4584017
0.436875,1.067888,2.4402013
0.4525,1.067888,2.4349382
0.565625,1.0678885,2.4245954
0.976875,1.0678902,2.4095223
1.17875,1.0678881,2.452466
1.08875,1.0678976,2.4641588
1.09125,1.0679022,2.4598744
1.15125,1.0679063,2.4584017
1.181875,1.067918,2.4402013
1.146875,1.0679297,2.4349382
0.933125,1.0679393,2.4245954
0.856875,1.0679426,2.4095223
0.85625,1.0679417,2.452466
0.89625,1.067941,2.4641588
0.865625,1.0679427,2.4598744
0.865625,1.0679417,2.4584017
0.45375,1.0679419,2.4402013
0.470625,1.0679421,2.4349382
0.42625,1.0679413,2.4245954
0.48125,1.0679421,2.4095223
0.42562500000000003,1.0679424,2.452466
0.435625,1.0679424,2.4641588
0.456875,1.0679424,2.4598744
0.46562499999999996,1.0679427,2.4584017
0.43,1.0679445,2.4402013
0.4675,1.0679436,2.4349382
0.40125,1.067944,2.4245954
0.37625000000000003,1.0679439,2.4095223
0.37875,1.0679446,2.452466
0.3475,1.0679451,2.4641588
0.339375,1.0679457,2.4598744
0.3175,1.0679456,2.4584017
0.41125,1.0679461,2.4402013
0.44625,1.0679352,2.4349382
0.7206250000000001,1.067936,2.4245954
0.395625,1.0679464,2.4095223
0.914375,1.0679481,2.452466
0.895,1.067949,2.4641588
0.858125,1.06795,2.4598744
0.9137500000000001,1.067949,2.4584017
0.438125,1.0679493,2.4402013
0.46375,1.0679493,2.4349382
0.45999999999999996,1.0679498,2.4245954
0.424375,1.0679505,2.4095223
0.444375,1.0679493,2.452466
0.5,1.0679498,2.4641588
0.39687500000000003,1.0679519,2.4598744
0.4825,1.0679505,2.4584017
0.43,1.0679519,2.4402013
0.471875,1.0679518,2.4349382
0.393125,1.0679518,2.4245954
0.39937500000000004,1.0679514,2.4095223
0.341875,1.0679526,2.452466
0.879375,1.0679538,2.4641588
0.8981250000000001,1.0679533,2.4598744
0.8318749999999999,1.0679543,2.4584017
0.38,1.0679522,2.4402013
0.3475,1.0679535,2.4349382
0.35250000000000004,1.0679529,2.4245954
0.32499999999999996,1.0679542,2.4095223
0.40375,1.0679531,2.452466
0.29374999999999996,1.0679555,2.4641588
0.3725,1.0679537,2.4598744
0.36625,1.0679544,2.4584017
0.42062499999999997,1.0679553,2.4402013
0.475,1.0679543,2.4349382
0.43624999999999997,1.0679548,2.4245954
0.46625,1.0679553,2.4095223
0.4325,1.0679541,2.452466
0.450625,1.0679544,2.4641588
0.42625,1.0679542,2.4598744
0.479375,1.067955,2.4584017
0.455,1.0679562,2.4402013
0.43875000000000003,1.0679567,2.4349382
0.549375,1.0679568,2.4245954
1.053125,1.0679564,2.4095223
0.956875,1.067961,2.452466
0.9325,1.0679636,2.4641588
1.201875,1.0679638,2.4598744
1.0787499999999999,1.0679721,2.4584017
1.1712500000000001,1.06798,2.4402013
1.07375,1.0679924,2.4349382
0.96875,1.0679975,2.4245954
0.831875,1.0680006,2.4095223
0.89125,1.0679985,2.452466
0.88625,1.0679997,2.4641588
0.826875,1.0680001,2.4598744
0.906875,1.0679984,2.4584017
0.723125,1.067999,2.4402013
0.438125,1.0679989,2.4349382
0.45375,1.0679078,2.4245954
0.41562499999999997,1.0679088,2.4095223
0.453125,1.0679078,2.452466
0.440625,1.0679069,2.4641588
0.44875,1.0679085,2.4598744
0.42625,1.067908,2.4584017
0.4375,1.0679066,2.4402013
0.459375,1.0679071,2.4349382
0.551875,1.0679073,2.4245954
1.040625,1.0679097,2.4095223
1.245,1.067911,2.452466
1.1400000000000001,1.0679171,2.4641588
2.08375,1.067914,2.4598744
2.4518750000000002,1.06798,2.4584017
2.3725,1.0683236,2.4402013
2.151875,1.0690506,2.4349382
2.211875,1.0693929,2.4245954
1.226875,1.0697026,2.4095223
0.865,1.0697196,2.452466
0.863125,1.0697199,2.4641588
0.840625,1.0697138,2.4598744
0.9256249999999999,1.0697066,2.4584017
0.4925,1.0697012,2.4402013
0.47,1.0696994,2.4349382
0.3975,1.0696971,2.4245954
0.460625,1.0696898,2.4095223
0.44437499999999996,1.0696857,2.452466
0.4175,1.069679,2.4641588
0.471875,1.0696734,2.4598744
0.421875,1.069673,2.4584017
0.445,1.069667,2.4402013
0.41375,1.0696633,2.4349382
0.566875,1.0696592,2.4245954
0.9287500000000001,1.0696583,2.4095223
1.459375,1.069651,2.452466
1.374375,1.0696671,2.4641588
1.3375,1.0696576,2.4598744
1.304375,1.0696557,2.4584017
1.218125,1.0696546,2.4402013
1.210625,1.0696512,2.4349382
1.22,1.0696503,2.4245954
1.11,1.0696635,2.4095223
0.896875,1.0696774,2.452466
0.878125,1.0696783,2.4641588
3.2649999999999997,1.0696762,2.4598744
4.773125,1.0703062,2.4584017
0.925625,0.9202497,2.4402013
0.44375,0.9199729,2.4349382
0.4325,0.91945696,2.4245954
0.46625,0.9194578,2.4095223
0.43375,0.91945887,2.452466
0.466875,0.9194603,2.4641588
0.445625,0.91946274,2.4598744
0.42000000000000004,0.9194652,2.4584017
0.453125,0.9194691,2.4402013
0.4675,0.91947424,2.4349382
0.56125,0.9194778,2.4245954
1.194375,0.9194807,2.4095223
1.3131249999999999,0.9194877,2.452466
1.165625,0.91949713,2.4641588
1.13375,0.91950065,2.4598744
1.318125,0.91950285,2.4584017
1.38,0.9195074,2.4402013
1.161875,0.91951346,2.4349382
1.061875,0.91951776,2.4245954
0.85875,0.91952056,2.4095223
0.8987499999999999,0.9195224,2.452466
1.5081250000000002,0.9195237,2.4641588
4.48,0.91953874,2.4598744
4.55375,0.92408204,2.4584017
2.850625,0.92590284,2.4402013
0.4475,0.927189,2.4349382
0.444375,0.9267221,2.4245954
0.45875,0.9267476,2.4095223
0.43374999999999997,0.92674917,2.452466
0.443125,0.9267498,2.4641588
0.458125,0.92675173,2.4598744
0.478125,0.92675304,2.4584017
0.426875,0.9267558,2.4402013
0.41125,0.9267558,2.4349382
0.5587500000000001,0.926756,2.4245954
1.103125,0.9267568,2.4095223
1.221875,0.92676663,2.452466
1.3074999999999999,0.92677283,2.4641588
1.405625,0.9267833,2.4598744
1.519375,0.9267975,2.4584017
1.386875,0.92682433,2.4402013
1.166875,0.92684674,2.4349382
2.1,0.9268602,2.4245954
2.090625,0.9269399,2.4095223
2.115625,0.9270365,2.452466
2.19875,0.9271638,2.4641588
4.229375,0.9272952,2.4598744
4.68125,0.93469095,2.4584017
3.5806250000000004,0.9375587,2.4402013
1.736875,0.94150776,2.4349382
1.0175,0.94200253,2.4245954
0.511875,0.9424902,2.4095223
0.469375,0.9425062,2.452466
0.474375,0.942508,2.4641588
0.508125,0.9425137,2.4598744
0.470625,0.9425195,2.4584017
0.515,0.94252133,2.4402013
0.439375,0.94252634,2.4349382
0.496875,0.9425305,2.4245954
0.405625,0.942538,2.4095223
1.411875,0.94254476,2.452466
1.8150000000000002,0.9426607,2.4641588
1.91625,0.9428629,2.4598744
1.7325,0.94310915,2.4584017
1.695,0.94332725,2.4402013
1.609375,0.9435363,2.4349382
1.5987500000000001,0.9437315,2.4245954
1.604375,0.9439467,2.4095223
2.14,0.94417757,2.452466
2.104375,0.944436,2.4641588
2.140625,0.9447112,2.4598744
2.159375,0.945074,2.4584017
1.71,0.94558686,2.4402013
1.743125,0.945642,2.4349382
0.7875,0.945786,2.4245954
0.5125,0.94584596,2.4095223
0.45125,0.9458545,2.452466
0.505625,0.9458561,2.4641588
0.485625,0.9458685,2.4598744
0.491875,0.94587284,2.4584017
0.48625,0.94587743,2.4402013
0.49375,0.94588614,2.4349382
0.460625,0.94589686,2.4245954
0.41812499999999997,0.94590026,2.4095223
1.4100000000000001,0.94591105,2.452466
2.1887499999999998,0.9460994,2.4641588
2.179375,0.9463949,2.4598744
2.16875,0.94672155,2.4584017
1.608125,0.9482502,2.4402013
1.6212499999999999,0.9476887,2.4349382
1.5787499999999999,0.94771636,2.4245954
1.6325,0.9479652,2.4095223
1.61625,0.9482337,2.452466
1.59,0.9485054,2.4641588
1.650625,0.948766,2.4598744
1.64375,0.94902813,2.4584017
1.723125,0.9493083,2.4402013
1.72625,0.9495938,2.4349382
0.831875,0.94988894,2.4245954
0.49375,0.9499701,2.4095223
0.48562500000000003,0.9499674,2.452466
0.49124999999999996,0.94997525,2.4641588
0.49625,0.9499762,2.4598744
0.4625,0.9499762,2.4584017
0.475,0.9499813,2.4402013
0.47562499999999996,0.94997835,2.4349382
0.6025,0.949983,2.4245954
1.03875,0.94998866,2.4095223
2.229375,0.9499645,2.452466
2.43,0.95023566,2.4641588
2.4625,0.951527,2.4598744
2.466875,0.95587003,2.4584017
2.4125,0.9587426,2.4402013
2.36875,0.96168107,2.4349382
2.231875,0.96440667,2.4245954
2.196875,0.96607864,2.4095223
2.228125,0.9677968,2.452466
1.4325,0.9689996,2.4641588
2.30625,0.9692913,2.4598744
2.84125,0.96946645,2.4584017
1.923125,0.97455263,2.4402013
0.41625,0.975039,2.4349382
0.455625,0.97502834,2.4245954
0.47625,0.9750335,2.4095223
0.4375,0.975034,2.452466
0.48125,0.97502923,2.4641588
0.42,0.9750608,2.4598744
0.478125,0.9750459,2.4584017
0.45187499999999997,0.97507405,2.4402013
0.45375,0.97507167,2.4349382
0.575,0.9750788,2.4245954
0.91,0.9751189,2.4095223
1.264375,0.97512376,2.452466
1.251875,0.97532207,2.4641588
1.1912500000000001,0.9755156,2.4598744
1.615625,0.9756547,2.4584017
2.5675,0.976033,2.4402013
2.550625,0.9770459,2.4349382
1.370625,0.98300654,2.4245954
0.8525,0.9832839,2.4095223
0.928125,0.9832969,2.452466
1.0262499999999999,0.98334146,2.4641588
1.175,0.98343104,2.4598744
1.86125,0.98357296,2.4584017
0.88125,0.98407686,2.4402013
0.55375,0.98428524,2.4349382
0.5275,0.984314,2.4245954
0.578125,0.9843661,2.4095223
0.56375,0.9844146,2.452466
0.51625,0.98445696,2.4641588
0.573125,0.9845018,2.4598744
0.564375,0.9845418,2.4584017
0.55125,0.9846064,2.4402013
0.56375,0.9846694,2.4349382
0.621875,0.9847194,2.4245954
1.088125,0.9847898,2.4095223
0.9575,0.98489904,2.452466
1.0518750000000001,0.9849385,2.4641588
1.11625,0.9848664,2.4598744
1.2875,0.98486876,2.4584017
1.281875,0.985114,2.4402013
1.3,0.9852962,2.4349382
1.314375,0.9854865,2.4245954
1.275,0.9857266,2.4095223
1.049375,0.98591435,2.452466
1.198125,0.9860253,2.4641588
1.345,0.9862062,2.4598744
1.5,0.9864185,2.4584017
0.550625,0.9867387,2.4402013
0.93875,0.9867718,2.4349382
0.4575,0.98699343,2.4245954
0.4875,0.9870044,2.4095223
0.45375,0.98699766,2.452466
0.489375,0.9870225,2.4641588
0.456875,0.9870486,2.4598744
0.45875,0.987032,2.4584017
0.47875,0.98704934,2.4402013
0.4925,0.9870777,2.4349382
0.535625,0.98710215,2.4245954
1.045,0.9871235,2.4095223
1.018125,0.98703253,2.452466
1.126875,0.9867852,2.4641588
1.226875,0.98679197,2.4598744
1.1256249999999999,0.9867914,2.4584017
1.174375,0.98681,2.4402013
1.201875,0.9868303,2.4349382
1.118125,0.9868889,2.4245954
0.8568749999999999,0.9869671,2.4095223
0.894375,0.9869591,2.452466
1.07625,0.9869889,2.4641588
1.065,0.9870961,2.4598744
1.0025,0.98714674,2.4584017
0.49625,0.9871954,2.4402013
0.484375,0.98721516,2.4349382
0.431875,0.9872389,2.4245954
0.47750000000000004,0.9872419,2.4095223
0.471875,0.98721665,2.452466
0.4475,0.98721224,2.4641588
0.44625,0.9872005,2.4598744
0.488125,0.9871822,2.4584017
0.46875,0.98720527,2.4402013
0.43437499999999996,0.9872198,2.4349382
0.584375,0.98721397,2.4245954
0.905625,0.9872298,2.4095223
0.9175,0.987201,2.452466
0.955625,0.987063,2.4641588
0.9612499999999999,0.9869958,2.4598744
0.91,0.9869318,2.4584017
0.94375,0.986809,2.4402013
0.9325,0.986689,2.4349382
0.9400000000000001,0.9865819,2.4245954
0.91375,0.9865931,2.4095223
1.28,0.9866296,2.452466
3.143125,0.9868594,2.4641588
2.985,0.9906105,2.4598744
1.715625,0.99806476,2.4584017
1.02,0.99849576,2.4402013
0.631875,0.99915195,2.4349382
0.4475,0.99910456,2.4245954
0.505,0.9991111,2.4095223
0.474375,0.9991175,2.452466
0.5293749999999999,0.99913526,2.4641588
0.531875,0.9991753,2.4598744
0.47,0.99920607,2.4584017
0.54625,0.99920267,2.4402013
0.4525,0.99926007,2.4349382
0.5375,0.99925387,2.4245954
0.463125,0.9993255,2.4095223
0.439375,0.9993739,2.452466
0.36624999999999996,0.99940944,2.4641588
0.4275,0.9994241,2.4598744
0.38625,0.9994713,2.4584017
0.4325,0.99950993,2.4402013
0.39625,0.9995284,2.4349382
0.383125,0.9995122,2.4245954
0.41500000000000004,0.9993497,2.4095223
0.8925000000000001,0.9993668,2.452466
0.950625,0.99935913,2.4641588
0.91125,0.9993905,2.4598744
1.01375,0.9994145,2.4584017
0.54375,0.9994581,2.4402013
0.475,0.9995017,2.4349382
0.490625,0.99949884,2.4245954
0.51875,0.99950624,2.4095223
0.48250000000000004,0.9995458,2.452466
0.494375,0.99955547,2.4641588
0.5025,0.9995432,2.4598744
0.4975,0.99959034,2.4584017
0.52,0.9995952,2.4402013
0.491875,0.99964225,2.4349382
0.48562500000000003,0.9996562,2.4245954
0.42,0.99970865,2.4095223
0.4375,0.9997268,2.452466
0.890625,0.99978924,2.4641588
0.915625,0.99981153,2.4598744
0.93625,0.9998307,2.4584017
0.389375,0.99989295,2.4402013
0.42625,0.99990356,2.4349382
0.375,0.99994934,2.4245954
0.398125,0.999964,2.4095223
0.405,0.9999995,2.452466
0.3675,0.99999607,2.4641588
0.40875,1.0000247,2.4598744
0.440625,1.0000327,2.4584017
0.495,1.0000602,2.4402013
0.49812500000000004,1.0000896,2.4349382
0.491875,1.0000932,2.4245954
0.52,1.0001131,2.4095223
0.50375,1.0001316,2.452466
0.483125,1.0001594,2.4641588
0.495,1.0001693,2.4598744
0.505,1.000201,2.4584017
0.47875,1.0002126,2.4402013
0.51625,1.0002242,2.4349382
0.593125,1.000268,2.4245954
1.025625,1.000303,2.4095223
1.0943749999999999,1.0002952,2.452466
1.083125,1.0003859,2.4641588
0.9425,1.0004883,2.4598744
0.929375,1.0003315,2.4584017
0.84625,1.0002501,2.4402013
0.87625,1.00006,2.4349382
0.85125,0.9999479,2.4245954
0.855625,0.99988186,2.4095223
1.8575,0.99989676,2.452466
4.375,1.0005031,2.4641588
4.495,1.0078906,2.4598744
3.9074999999999998,1.0162549,2.4584017
0.7018749999999999,1.0222634,2.4402013
0.44875,1.0219702,2.4349382
0.59625,1.0219953,2.4245954
0.40875,1.0220795,2.4095223
0.4675,1.0220693,2.452466
0.431875,1.0220722,2.4641588
0.424375,1.0220636,2.4598744
0.44375,1.0220501,2.4584017
0.4225,1.0220644,2.4402013
0.418125,1.0220633,2.4349382
0.565,1.022052,2.4245954
1.2325,1.0220807,2.4095223
4.406875,1.022229,2.452466
5.415625,1.0316973,2.4641588
3.055,1.042239,2.4598744
2.9125,1.0442612,2.4584017
2.82125,1.0455675,2.4402013
1.43875,1.0473135,2.4349382
0.944375,1.0419977,2.4245954
0.91,1.04125,2.4095223
0.869375,1.0410738,2.452466
1.0175,1.0410746,2.4641588
1.591875,1.0411601,2.4598744
2.521875,1.0416081,2.4584017
0.415625,1.0427299,2.4402013
0.46,1.042633,2.4349382
0.41625,1.0426283,2.4245954
0.42,1.0426388,2.4095223
0.441875,1.0426126,2.452466
0.46125,1.042604,2.4641588
0.41125,1.042618,2.4598744
0.4375,1.0425801,2.4584017
0.42374999999999996,1.0425849,2.4402013
0.428125,1.0425758,2.4349382
0.573125,1.0425892,2.4245954
0.920625,1.0426053,2.4095223
0.8925,1.0426207,2.452466
0.89125,1.0422804,2.4641588
0.918125,1.0419978,2.4598744
0.90625,1.0417583,2.4584017
0.81,1.0415349,2.4402013
0.878125,1.0413108,2.4349382
0.865,1.041133,2.4245954
0.8275,1.0409355,2.4095223
0.880625,1.0407783,2.452466
0.8925000000000001,1.0407779,2.4641588
0.82125,1.0409167,2.4598744
0.9325,1.0342441,2.4584017
0.45625,1.025429,2.4402013
0.3875,1.025192,2.4349382
0.450625,1.025168,2.4245954
0.43875,1.0251765,2.4095223
0.42874999999999996,1.0251627,2.452466
0.434375,1.0251575,2.4641588
0.45687500000000003,1.0251367,2.4598744
0.41312499999999996,1.025137,2.4584017
0.42125,1.0251331,2.4402013
0.4475,1.0251204,2.4349382
0.5475,1.0251153,2.4245954
1.0,1.0251187,2.4095223
0.92375,1.0250239,2.452466
0.9125,1.0248107,2.4641588
0.8674999999999999,1.0246797,2.4598744
0.954375,1.0245473,2.4584017
0.953125,1.0243595,2.4402013
0.8843749999999999,1.0241334,2.4349382
0.868125,1.0239925,2.4245954
1.00625,1.0238976,2.4095223
0.936875,1.0239732,2.452466
1.0525,1.0240133,2.4641588
0.941875,1.0237855,2.4598744
0.95,1.0163865,2.4584017
0.586875,1.0044465,2.4402013
0.519375,1.0032778,2.4349382
0.464375,1.0033045,2.4245954
0.440625,1.0033097,2.4095223
0.436875,1.0032988,2.452466
0.410625,1.0032965,2.4641588
0.42125,1.0032825,2.4598744
0.44875,1.0032686,2.4584017
0.416875,1.003258,2.4402013
0.46,1.0032561,2.4349382
0.5275000000000001,1.0032789,2.4245954
0.910625,1.0032744,2.4095223
0.9325,1.003196,2.452466
0.894375,1.003066,2.4641588
0.910625,1.0028775,2.4598744
0.915,1.0026507,2.4584017
0.93375,1.0023706,2.4402013
0.828125,1.0021719,2.4349382
0.889375,1.0020285,2.4245954
0.826875,1.0013828,2.4095223
0.913125,1.0007566,2.452466
0.959375,0.9987687,2.4641588
1.05125,0.9980101,2.4598744
1.035,0.99161863,2.4584017
0.46625,0.98360336,2.4402013
0.784375,0.9759728,2.4349382
0.506875,0.97562206,2.4245954
0.415625,0.9754504,2.4095223
0.43625,0.97541964,2.452466
0.45375,0.97540903,2.4641588
0.41000000000000003,0.97540313,2.4598744
0.46375,0.9753765,2.4584017
0.4175,0.9753792,2.4402013
0.4175,0.9753574,2.4349382
0.436875,0.97535956,2.4245954
0.35,0.97535145,2.4095223
0.369375,0.9753475,2.452466
0.315,0.9749887,2.4641588
0.325,0.97443515,2.4598744
0.34625,0.973858,2.4584017
0.329375,0.97337246,2.4402013
0.339375,0.97290236,2.4349382
0.31,0.97247386,2.4245954
0.315625,0.97204554,2.4095223
0.846875,0.9715896,2.452466
0.854375,0.9710598,2.4641588
0.8768750000000001,0.97046006,2.4598744
0.9299999999999999,0.9699254,2.4584017
0.414375,0.9694433,2.4402013
0.44625,0.968976,2.4349382
0.436875,0.96857035,2.4245954
0.40875,0.9684733,2.4095223
0.46125,0.96844316,2.452466
0.410625,0.96844274,2.4641588
0.45375,0.96841586,2.4598744
0.41625,0.96840763,2.4584017
0.443125,0.9683904,2.4402013
0.429375,0.9683839,2.4349382
0.411875,0.96837306,2.4245954
0.39,0.9683673,2.4095223
0.32625,0.9683714,2.452466
0.86125,0.9680238,2.4641588
0.83375,0.9672661,2.4598744
0.8775,0.96674645,2.4584017
0.32499999999999996,0.96628726,2.4402013
0.328125,0.9658791,2.4349382
0.333125,0.9654945,2.4245954
0.3275,0.96512455,2.4095223
0.365,0.9647318,2.452466
0.340625,0.9643552,2.4641588
0.34875,0.96397424,2.4598744
0.4325,0.96357626,2.4584017
0.543125,0.9631987,2.4402013
0.40375,0.96281886,2.4349382
0.455625,0.96242464,2.4245954
0.385625,0.9623276,2.4095223
0.461875,0.96230006,2.452466
0.445625,0.96229386,2.4641588
0.42374999999999996,0.9622834,2.4598744
0.448125,0.96226794,2.4584017
0.41625,0.96226776,2.4402013
0.42312500000000003,0.9622582,2.4349382
0.548125,0.9622519,2.4245954
0.974375,0.9622468,2.4095223
1.19625,0.9622447,2.452466
1.219375,0.9608688,2.4641588
1.149375,0.9585154,2.4598744
1.21375,0.9560909,2.4584017
1.038125,0.95401263,2.4402013
1.368125,0.9526755,2.4349382
1.6325,0.95229733,2.4245954
1.074375,0.95197654,2.4095223
1.065,0.95175624,2.452466
1.13375,0.9515784,2.4641588
1.143125,0.9515315,2.4598744
2.598125,0.9482995,2.4584017
1.92875,0.947739,2.4402013
0.963125,0.9477303,2.4349382
0.4775,0.94778204,2.4245954
0.47875,0.94778466,2.4095223
0.43125,0.94778466,2.452466
0.469375,0.9477837,2.4641588
0.418125,0.94778234,2.4598744
0.463125,0.94778156,2.4584017
0.423125,0.9477805,2.4402013
0.4775,0.94778,2.4349382
0.535625,0.9477842,2.4245954
0.99375,0.94778335,2.4095223
1.17375,0.9477946,2.452466
1.080625,0.9477846,2.4641588
1.121875,0.9477643,2.4598744
1.1600000000000001,0.9477581,2.4584017
1.243125,0.9471771,2.4402013
1.108125,0.9446565,2.4349382
1.035625,0.94452494,2.4245954
0.93125,0.9445056,2.4095223
0.9450000000000001,0.9445104,2.452466
1.063125,0.9445114,2.4641588
1.165,0.9445132,2.4598744
2.35625,0.9445127,2.4584017
2.9825,0.94455636,2.4402013
0.75625,0.9478003,2.4349382
0.535,0.9479116,2.4245954
0.55375,0.9479649,2.4095223
0.500625,0.9479635,2.452466
0.5599999999999999,0.9479585,2.4641588
0.5075,0.94795907,2.4598744
0.520625,0.94795346,2.4584017
0.535625,0.94794965,2.4402013
0.5375,0.947948,2.4349382
0.62625,0.94794595,2.4245954
1.038125,0.9479461,2.4095223
1.21625,0.94794226,2.452466
1.15375,0.94796574,2.4641588
1.255625,0.9479759,2.4598744
1.155625,0.9479904,2.4584017
1.085,0.94797933,2.4402013
1.028125,0.9479631,2.4349382
1.12375,0.9479407,2.4245954
0.96625,0.947925,2.4095223
0.9718749999999999,0.9478986,2.452466
0.9925,0.9478928,2.4641588
1.1556250000000001,0.9478743,2.4598744
2.85375,0.9478551,2.4584017
0.8025,0.94801605,2.4402013
0.7562500000000001,0.94804204,2.4349382
0.5625,0.9480318,2.4245954
0.5125,0.94803697,2.4095223
0.558125,0.9480372,2.452466
0.48062499999999997,0.94804204,2.4641588
0.56625,0.94803977,2.4598744
0.5131249999999999,0.94804376,2.4584017
0.5506249999999999,0.94804543,2.4402013
0.516875,0.94804895,2.4349382
0.6231249999999999,0.94804996,2.4245954
1.079375,0.9480555,2.4095223
1.2037499999999999,0.9480586,2.452466
1.1675,0.9480758,2.4641588
1.2125,0.94807994,2.4598744
1.15625,0.9480797,2.4584017
1.1075,0.9480853,2.4402013
1.14625,0.94808257,2.4349382
0.940625,0.94808006,2.4245954
0.94125,0.94806683,2.4095223
0.88125,0.94807446,2.452466
1.085,0.948074,2.4641588
0.9881249999999999,0.9480754,2.4598744
1.001875,0.94806904,2.4584017
0.9143749999999999,0.94806933,2.4402013
0.41312499999999996,0.9480972,2.4349382
0.455,0.9480939,2.4245954
0.46812499999999996,0.9480956,2.4095223
0.416875,0.94809526,2.452466
0.431875,0.94809264,2.4641588
0.44999999999999996,0.9480916,2.4598744
0.43,0.9480917,2.4584017
0.476875,0.9480887,2.4402013
0.429375,0.94808906,2.4349382
0.56375,0.94808865,2.4245954
0.89125,0.94808733,2.4095223
1.144375,0.9480864,2.452466
1.463125,0.9481051,2.4641588
1.370625,0.94815147,2.4598744
1.16625,0.94818926,2.4584017
1.205,0.9482122,2.4402013
1.20625,0.9482343,2.4349382
1.005,0.9482571,2.4245954
0.92125,0.9482621,2.4095223
1.0975000000000001,0.9482635,2.452466
2.12,0.9479518,2.4641588
2.438125,0.9442608,2.4598744
3.000625,0.94126785,2.4584017
1.529375,0.9469055,2.4402013
0.45875,0.9468453,2.4349382
0.7475,0.9469116,2.4245954
0.466875,0.9469291,2.4095223
0.393125,0.9469253,2.452466
0.45562499999999995,0.94691885,2.4641588
0.451875,0.94691265,2.4598744
0.389375,0.9469056,2.4584017
0.45375,0.94689894,2.4402013
0.44,0.9468926,2.4349382
0.436875,0.94689184,2.4245954
0.41125,0.94688594,2.4095223
0.345625,0.94688296,2.452466
0.304375,0.9468778,2.4641588
0.35375,0.9468747,2.4598744
0.31625000000000003,0.94687104,2.4584017
0.346875,0.9468685,2.4402013
0.350625,0.9468655,2.4349382
0.294375,0.94686437,2.4245954
0.345625,0.9468606,2.4095223
0.906875,0.94685745,2.452466
0.9237500000000001,0.9468591,2.4641588
0.9356249999999999,0.9468572,2.4598744
1.091875,0.94685966,2.4584017
0.7737499999999999,0.9468664,2.4402013
0.53125,0.9468838,2.4349382
0.485,0.9468887,2.4245954
0.47,0.94688976,2.4095223
0.446875,0.9468875,2.452466
0.44375,0.94688445,2.4641588
0.4425,0.94687927,2.4598744
0.44125,0.9468732,2.4584017
0.4025,0.94686776,2.4402013
0.453125,0.9468595,2.4349382
0.45187499999999997,0.94685715,2.4245954
0.413125,0.9468559,2.4095223
0.425,0.9468559,2.452466
0.85125,0.9468554,2.4641588
0.855,0.9468541,2.4598744
0.850625,0.94685256,2.4584017
0.36,0.9468497,2.4402013
0.334375,0.9468504,2.4349382
0.321875,0.9468479,2.4245954
0.345,0.946848,2.4095223
0.344375,0.94684654,2.452466
0.44125,0.94684327,2.4641588
0.55,0.9468473,2.4598744
0.44125000000000003,0.9468559,2.4584017
0.43374999999999997,0.9468562,2.4402013
0.415625,0.946853,2.4349382
0.426875,0.94684863,2.4245954
0.46562499999999996,0.94684523,2.4095223
0.39437500000000003,0.9468422,2.452466
0.439375,0.94683564,2.4641588
0.465625,0.9468324,2.4598744
0.40875,0.94682896,2.4584017
0.438125,0.94682145,2.4402013
0.45687500000000003,0.9468186,2.4349382
0.5543750000000001,0.94681525,2.4245954
0.9450000000000001,0.94681287,2.4095223
0.95875,0.9468064,2.452466
0.930625,0.94679415,2.4641588
0.960625,0.9467804,2.4598744
0.9175,0.94678175,2.4584017
0.924375,0.9467806,2.4402013
0.8568749999999999,0.9467871,2.4349382
0.9425,0.9467859,2.4245954
0.96875,0.94679344,2.4095223
1.04,0.94680697,2.452466
1.0543749999999998,0.94656,2.4641588
1.520625,0.94157064,2.4598744
2.8475,0.935295,2.4584017
2.648125,0.9312569,2.4402013
0.8175,0.9361071,2.4349382
0.43625,0.93626916,2.4245954
0.4275,0.93640375,2.4095223
0.4475,0.9364045,2.452466
0.45375,0.93639904,2.4641588
0.435,0.9363967,2.4598744
0.4475,0.93639296,2.4584017
0.423125,0.9363893,2.4402013
0.46749999999999997,0.9363868,2.4349382
0.5549999999999999,0.9363907,2.4245954
0.895625,0.9363904,2.4095223
1.28375,0.93633616,2.452466
1.235,0.940862,2.4641588
0.9850000000000001,0.9756814,2.4598744
1.08875,1.0486178,2.4584017
1.279375,1.0588688,2.4402013
0.9456249999999999,1.0597072,2.4349382
0.88,1.0599635,2.4245954
0.91875,1.0599751,2.4095223
0.905,1.0599649,2.452466
1.15875,1.0599468,2.4641588
1.06875,1.0598528,2.4598744
3.871875,1.060099,2.4584017
4.9075,1.0585232,2.4402013
1.4637499999999999,0.9285485,2.4349382
0.491875,0.9298552,2.4245954
0.46624999999999994,0.92950094,2.4095223
0.44499999999999995,0.92952716,2.452466
0.435,0.9295255,2.4641588
0.425,0.9295198,2.4598744
0.46375,0.92951787,2.4584017
0.44625000000000004,0.92951894,2.4402013
0.41375,0.9295205,2.4349382
0.563125,0.9295181,2.4245954
0.975,0.9295161,2.4095223
0.9912500000000001,0.9295219,2.452466
0.9175,0.92953384,2.4641588
1.10125,0.92953676,2.4598744
1.13375,0.92956126,2.4584017
1.088125,0.92959464,2.4402013
1.234375,0.9296361,2.4349382
1.203125,0.9296866,2.4245954
1.24,0.92973393,2.4095223
1.098125,0.929791,2.452466
1.146875,0.92982066,2.4641588
1.06125,0.9298542,2.4598744
2.535625,0.92988586,2.4584017
1.861875,0.9301238,2.4402013
0.970625,0.9303539,2.4349382
0.440625,0.93042487,2.4245954
0.46625000000000005,0.930426,2.4095223
0.415,0.93042827,2.452466
0.43,0.9304249,2.4641588
0.45187499999999997,0.93042195,2.4598744
0.43375,0.9304198,2.4584017
0.453125,0.9304198,2.4402013
0.44125,0.9304217,2.4349382
0.55375,0.93042064,2.4245954
0.96625,0.930421,2.4095223
0.935,0.9304165,2.452466
1.05,0.93041754,2.4641588
1.0062499999999999,0.9304347,2.4598744
1.098125,0.9304531,2.4584017
0.88375,0.93047243,2.4402013
1.114375,0.9304613,2.4349382
1.078125,0.9304917,2.4245954
0.896875,0.9305222,2.4095223
0.959375,0.93050873,2.452466
1.0543749999999998,0.9305139,2.4641588
1.455,0.9305155,2.4598744
3.4375,0.9305904,2.4584017
3.128125,0.933459,2.4402013
3.061875,0.9399898,2.4349382
1.6325,0.9443704,2.4245954
0.4475,0.94485533,2.4095223
0.4675,0.9448846,2.452466
0.4125,0.94488895,2.4641588
0.440625,0.9448868,2.4598744
0.43124999999999997,0.94488645,2.4584017
0.45375,0.94488174,2.4402013
0.434375,0.9448847,2.4349382
0.53625,0.9448807,2.4245954
1.0525,0.944882,2.4095223
1.089375,0.9449048,2.452466
1.075,0.94493145,2.4641588
1.16125,0.94496155,2.4598744
1.07875,0.94500446,2.4584017
0.92,0.94503295,2.4402013
0.875,0.9450322,2.4349382
0.88375,0.9450424,2.4245954
0.948125,0.9450444,2.4095223
0.961875,0.945066,2.452466
1.0631249999999999,0.9450748,2.4641588
1.41875,0.94509387,2.4598744
3.01875,0.94516146,2.4584017
3.396875,0.9459406,2.4402013
1.42875,0.9543635,2.4349382
0.69125,0.9544231,2.4245954
0.693125,0.9544664,2.4095223
0.598125,0.95450425,2.452466
0.49875,0.95452607,2.4641588
0.53,0.9545285,2.4598744
0.535,0.9545412,2.4584017
0.515625,0.9545479,2.4402013
0.53,0.95455956,2.4349382
0.53625,0.95457417,2.4245954
0.4975,0.95458764,2.4095223
0.453125,0.95460784,2.452466
0.95875,0.95461917,2.4641588
1.9337499999999999,0.95471203,2.4598744
2.643125,0.95500004,2.4584017
2.801875,0.955791,2.4402013
2.8118749999999997,0.9624547,2.4349382
2.696875,0.9659881,2.4245954
3.3475,0.9699236,2.4095223
4.329375,0.97628134,2.452466
5.30875,0.98209524,2.4641588
6.5125,0.9874939,2.4598744
5.82625,0.99363583,2.4584017
1.10125,1.0085788,2.4402013
0.48624999999999996,1.0119486,2.4349382
0.47625,1.0119599,2.4245954
0.44687499999999997,1.0119888,2.4095223
0.47062499999999996,1.0119936,2.452466
0.47312499999999996,1.011992,2.4641588
0.439375,1.0119977,2.4598744
0.5231250000000001,1.0119901,2.4584017
0.45749999999999996,1.0120058,2.4402013
0.466875,1.0120078,2.4349382
0.485625,1.0120149,2.4245954
0.455625,1.012028,2.4095223
1.340625,1.0120394,2.452466
2.98875,1.0122362,2.4641588
3.06,1.0138396,2.4598744
3.01625,1.021826,2.4584017
2.36,1.0262053,2.4402013
0.65375,1.0301375,2.4349382
0.556875,1.0304184,2.4245954
0.59375,1.030402,2.4095223
0.6481250000000001,1.0304587,2.452466
0.924375,1.0305159,2.4641588
0.686875,1.0306382,2.4598744
0.49124999999999996,1.0307089,2.4584017
0.4475,1.0307195,2.4402013
0.504375,1.0306989,2.4349382
0.463125,1.0307193,2.4245954
0.48875,1.030721,2.4095223
0.46187500000000004,1.0307413,2.452466
0.49812500000000004,1.0307387,2.4641588
0.49875,1.0307478,2.4598744
0.4675,1.0307634,2.4584017
0.459375,1.0307698,2.4402013
0.48062499999999997,1.0307815,2.4349382
0.5856250000000001,1.0307969,2.4245954
1.0531249999999999,1.0308106,2.4095223
0.9975,1.0308359,2.452466
0.943125,1.0307846,2.4641588
0.9518749999999999,1.0307148,2.4598744
1.060625,1.0306702,2.4584017
1.094375,1.0306368,2.4402013
0.969375,1.0306609,2.4349382
0.85875,1.0305564,2.4245954
1.233125,1.0303524,2.4095223
4.8025,1.0303965,2.452466
4.92125,1.0376968,2.4641588
4.913125,1.053785,2.4598744
5.03125,1.0622475,2.4584017
4.953125,1.0709735,2.4402013
4.5275,1.0781529,2.4349382
1.3687500000000001,1.0854503,2.4245954
0.468125,1.0890841,2.4095223
0.43875,1.089053,2.452466
0.48624999999999996,1.0890739,2.4641588
0.48625,1.0890751,2.4598744
0.43374999999999997,1.0890856,2.4584017
0.4675,1.0890794,2.4402013
0.478125,1.0890872,2.4349382
0.5662499999999999,1.089087,2.4245954
1.83,1.0890942,2.4095223
3.656875,1.0892929,2.452466
2.774375,1.0946558,2.4641588
2.556875,1.1001651,2.4598744
2.54,1.1047735,2.4584017
2.3375,1.1093843,2.4402013
2.26375,1.1131722,2.4349382
2.186875,1.1157268,2.4245954
2.278125,1.118057,2.4095223
2.3725,1.1209142,2.452466
4.31125,1.1246742,2.4641588
4.840624999999999,1.133107,2.4598744
5.0575,1.1472541,2.4584017
5.023125,1.1507053,2.4402013
4.9775,1.156074,2.4349382
3.390625,1.1647067,2.4245954
1.16625,1.174472,2.4095223
0.538125,1.1744759,2.452466
0.49124999999999996,1.1744328,2.4641588
0.499375,1.174414,2.4598744
0.51,1.1744081,2.4584017
0.471875,1.1744004,2.4402013
0.5237499999999999,1.1743788,2.4349382
0.629375,1.1743748,2.4245954
1.3325,1.1743817,2.4095223
3.0231250000000003,1.1744871,2.452466
3.10875,1.1787065,2.4641588
2.784375,1.185436,2.4598744
2.63125,1.1907609,2.4584017
2.60375,1.1959422,2.4402013
2.491875,1.2010272,2.4349382
2.244375,1.2060156,2.4245954
2.40125,1.2098465,2.4095223
2.96875,1.2146173,2.452466
4.694375,1.220507,2.4641588
4.851875,1.2329531,2.4598744
5.005,1.2441324,2.4584017
4.603125,1.2515965,2.4402013
4.220000000000001,1.2590032,2.4349382
2.585625,1.2686741,2.4245954
0.45437500000000003,1.2747586,2.4095223
0.464375,1.2746708,2.452466
0.451875,1.2746651,2.4641588
0.45499999999999996,1.2746496,2.4598744
0.450625,1.2745988,2.4584017
0.47250000000000003,1.2745692,2.4402013
0.451875,1.2745378,2.4349382
0.575,1.2745173,2.4245954
1.733125,1.2745113,2.4095223
3.390625,1.2748113,2.452466
2.52625,1.2806914,2.4641588
2.525,1.2864196,2.4598744
2.543125,1.2915578,2.4584017
2.6174999999999997,1.2968615,2.4402013
2.293125,1.3023529,2.4349382
2.148125,1.3070674,2.4245954
2.28375,1.3105261,2.4095223
2.3725,1.3151327,2.452466
2.50375,1.3208077,2.4641588
3.5025,1.3259568,2.4598744
4.835625,1.3327615,2.4584017
4.381875,1.3475484,2.4402013
4.286875,1.3539598,2.4349382
1.915625,1.3647174,2.4245954
0.44937499999999997,1.3703203,2.4095223
0.485,1.3702695,2.452466
0.44437499999999996,1.3703039,2.4641588
0.46125000000000005,1.3702981,2.4598744
0.441875,1.3702896,2.4584017
0.48625,1.3702831,2.4402013
0.471875,1.3702782,2.4349382
0.546875,1.3702934,2.4245954
1.281875,1.3702888,2.4095223
2.425,1.3704991,2.452466
2.451875,1.3716077,2.4641588
2.55375,1.379576,2.4598744
2.3775,1.3830607,2.4584017
2.410625,1.3883328,2.4402013
2.291875,1.3935959,2.4349382
2.113125,1.3984951,2.4245954
3.484375,1.4020684,2.4095223
4.67875,1.4103305,2.452466
4.786875,1.4256966,2.4641588
7.350625,1.4315248,2.4598744
7.380625,1.444344,2.4584017
6.083125,1.4677083,2.4402013
3.73125,1.4833157,2.4349382
0.666875,1.4851396,2.4245954
0.505,1.4852029,2.4095223
0.514375,1.4852335,2.452466
0.510625,1.4852791,2.4641588
0.47,1.485296,2.4598744
0.501875,1.4852971,2.4584017
0.50875,1.4853377,2.4402013
0.489375,1.4853579,2.4349382
0.50125,1.4853792,2.4245954
0.48875,1.4854093,2.4095223
1.633125,1.485446,2.452466
4.001875,1.4860024,2.4641588
2.559375,1.4934146,2.4598744
0.588125,1.5028782,2.4584017
0.38125,1.5030236,2.4402013
0.383125,1.5030763,2.4349382
0.334375,1.5030994,2.4245954
0.3625,1.5031198,2.4095223
0.8575,1.5031346,2.452466
0.88625,1.5031228,2.4641588
0.921875,1.5031128,2.4598744
0.9981249999999999,1.5031106,2.4584017
0.4575,1.5030675,2.4402013
0.42625,1.5029343,2.4349382
0.46187500000000004,1.5028918,2.4245954
0.466875,1.5028819,2.4095223
0.424375,1.5028806,2.452466
0.434375,1.5028726,2.4641588
0.44375,1.5028691,2.4598744
0.435,1.5028701,2.4584017
0.46,1.5028687,2.4402013
0.43875000000000003,1.5028925,2.4349382
0.438125,1.502891,2.4245954
0.396875,1.5028908,2.4095223
0.37124999999999997,1.5028923,2.452466
0.85375,1.5028822,2.4641588
0.86875,1.5028942,2.4598744
0.9075,1.5029074,2.4584017
0.390625,1.5029404,2.4402013
0.3825,1.5029646,2.4349382
0.368125,1.5029935,2.4245954
0.35562499999999997,1.5030177,2.4095223
0.33125,1.503026,2.452466
0.32875,1.5030265,2.4641588
0.340625,1.5029898,2.4598744
0.39249999999999996,1.502914,2.4584017
0.45875,1.5028946,2.4402013
0.435,1.5029004,2.4349382
0.465,1.5029025,2.4245954
0.443125,1.5029128,2.4095223
0.446875,1.5029017,2.452466
0.443125,1.5029206,2.4641588
0.439375,1.5029223,2.4598744
0.45375,1.5029137,2.4584017
0.409375,1.5029321,2.4402013
0.465625,1.5029216,2.4349382
0.56625,1.502927,2.4245954
2.365625,1.5029373,2.4095223
4.06125,1.503584,2.452466
3.9050000000000002,1.5200464,2.4641588
2.584375,1.5249953,2.4598744
2.56875,1.5300388,2.4584017
2.42625,1.5364885,2.4402013
2.470625,1.5415651,2.4349382
2.485,1.5470941,2.4245954
2.231875,1.5526285,2.4095223
2.199375,1.5577557,2.452466
2.285,1.5623935,2.4641588
3.253125,1.5676794,2.4598744
4.83125,1.5758374,2.4584017
4.673125,1.5828313,2.4402013
4.34,1.5867344,2.4349382
1.5075,1.5926206,2.4245954
0.643125,1.5977792,2.4095223
0.5081249999999999,1.5978875,2.452466
0.42000000000000004,1.5979122,2.4641588
0.445625,1.5979033,2.4598744
0.469375,1.5979085,2.4584017
0.433125,1.5979168,2.4402013
0.423125,1.5979207,2.4349382
0.558125,1.5979078,2.4245954
0.974375,1.5979143,2.4095223
2.293125,1.5979526,2.452466
2.465,1.5984638,2.4641588
2.55875,1.6069366,2.4598744
2.688125,1.6097009,2.4584017
2.5168749999999998,1.615653,2.4402013
2.535625,1.6212227,2.4349382
2.44875,1.6269363,2.4245954
2.2075,1.6326134,2.4095223
2.2775,1.6377728,2.452466
2.31,1.6431162,2.4641588
3.69625,1.6469506,2.4598744
4.80875,1.6559385,2.4584017
4.445625,1.6584842,2.4402013
4.196875,1.6577952,2.4349382
1.0875,1.6627018,2.4245954
0.46375,1.6671789,2.4095223
0.4675,1.6671927,2.452466
0.43875,1.6672063,2.4641588
0.411875,1.6672144,2.4598744
0.455625,1.667213,2.4584017
0.46125,1.6672099,2.4402013
0.42312500000000003,1.6672142,2.4349382
0.5543750000000001,1.6672192,2.4245954
0.98875,1.6672235,2.4095223
2.065625,1.667239,2.452466
2.44125,1.6677519,2.4641588
2.4675000000000002,1.6738005,2.4598744
2.429375,1.6790581,2.4584017
2.3137499999999998,1.6846669,2.4402013
2.368125,1.690187,2.4349382
2.4725,1.6956313,2.4245954
2.298125,1.7013512,2.4095223
2.2262500000000003,1.7067448,2.452466
2.178125,1.71208,2.4641588
2.72625,1.7166487,2.4598744
4.4325,1.7245018,2.4584017
4.336875,1.729808,2.4402013
3.40375,1.7380726,2.4349382
1.1825,1.7434895,2.4245954
0.75,1.7465508,2.4095223
0.5225,1.7476685,2.452466
0.536875,1.7475548,2.4641588
0.5231250000000001,1.7476125,2.4598744
0.48375,1.7476465,2.4584017
0.521875,1.7476707,2.4402013
0.53375,1.7477072,2.4349382
0.6187499999999999,1.7477589,2.4245954
1.119375,1.7478004,2.4095223
2.42625,1.7478869,2.452466
2.35375,1.7513168,2.4641588
2.4387499999999998,1.758657,2.4598744
2.40125,1.7641733,2.4584017
2.32875,1.7698777,2.4402013
2.265625,1.775665,2.4349382
2.263125,1.7811824,2.4245954
2.330625,1.7866368,2.4095223
2.385625,1.792321,2.452466
2.41625,1.7980647,2.4641588
3.4675000000000002,1.8074524,2.4598744
4.89875,1.8145214,2.4584017
4.4325,1.8171122,2.4402013
4.309375,1.8202114,2.4349382
1.7062499999999998,1.8215964,2.4245954
0.554375,1.8216157,2.4095223
0.5081249999999999,1.8216621,2.452466
0.5349999999999999,1.8216949,2.4641588
0.484375,1.8217597,2.4598744
0.525625,1.8217876,2.4584017
0.536875,1.8218365,2.4402013
0.5075,1.8218791,2.4349382
0.746875,1.8219247,2.4245954
1.389375,1.8220465,2.4095223
2.638125,1.8222277,2.452466
2.57875,1.8276322,2.4641588
2.5025,1.8340561,2.4598744
2.495,1.8399491,2.4584017
2.83875,1.8458881,2.4402013
2.6075,1.8524059,2.4349382
2.40875,1.8587794,2.4245954
1.395,1.8647356,2.4095223
1.035625,1.8652282,2.452466
1.1099999999999999,1.8654597,2.4641588
3.535625,1.8653941,2.4598744
5.56625,1.8750193,2.4584017
7.521875,1.878284,2.4402013
6.19125,1.8842776,2.4349382
1.87125,1.8940053,2.4245954
1.1325,1.8975425,2.4095223
0.5549999999999999,1.8977829,2.452466
0.54,1.8977655,2.4641588
0.4625,1.8977875,2.4598744
0.5025,1.8977631,2.4584017
0.469375,1.8977566,2.4402013
0.48000000000000004,1.8977442,2.4349382
0.444375,1.8977315,2.4245954
0.48624999999999996,1.8976972,2.4095223
0.385,1.8977001,2.452466
0.7424999999999999,1.8976892,2.4641588
0.4175,1.8975573,2.4598744
0.3775,1.8954885,2.4584017
0.446875,1.8892537,2.4402013
0.4425,1.8822894,2.4349382
0.420625,1.8749565,2.4245954
0.41,1.868906,2.4095223
0.9275,1.8601159,2.452466
0.92375,1.8522831,2.4641588
0.970625,1.8410034,2.4598744
0.990625,1.829683,2.4584017
0.45999999999999996,1.8129971,2.4402013
0.499375,1.8126647,2.4349382
0.504375,1.8126669,2.4245954
0.434375,1.8126755,2.4095223
0.475,1.8126647,2.452466
0.49187499999999995,1.8126669,2.4641588
0.480625,1.8126824,2.4598744
0.49375,1.8127134,2.4584017
0.4725,1.8127104,2.4402013
0.44125,1.8127279,2.4349382
0.499375,1.812723,2.4245954
0.47375,1.8127376,2.4095223
0.381875,1.8127732,2.452466
0.9043749999999999,1.8117633,2.4641588
0.885,1.8047571,2.4598744
0.9187500000000001,1.7968242,2.4584017
0.39875000000000005,1.7856433,2.4402013
0.346875,1.7844232,2.4349382
0.376875,1.784255,2.4245954
0.39875,1.7841513,2.4095223
0.36312500000000003,1.7840501,2.452466
0.385,1.7839166,2.4641588
0.39125,1.7836555,2.4598744
0.455,1.7835066,2.4584017
0.465625,1.7834878,2.4402013
0.50375,1.783493,2.4349382
0.47125,1.7834866,2.4245954
0.450625,1.7834846,2.4095223
0.48375,1.7834615,2.452466
0.4975,1.7834742,2.4641588
0.471875,1.7834799,2.4598744
0.46499999999999997,1.7834723,2.4584017
0.47562499999999996,1.7834737,2.4402013
0.490625,1.7834826,2.4349382
0.58625,1.7834934,2.4245954
1.33,1.7835042,2.4095223
1.101875,1.7836552,2.452466
1.09,1.7837043,2.4641588
1.1525,1.7837836,2.4598744
1.206875,1.783898,2.4584017
0.990625,1.7839769,2.4402013
0.99125,1.7839105,2.4349382
0.985625,1.7839029,2.4245954
1.149375,1.7839816,2.4095223
1.756875,1.7840123,2.452466
3.401875,1.7740235,2.4641588
3.613125,1.7703849,2.4598744
3.9575,1.7692945,2.4584017
3.941875,1.7689037,2.4402013
3.675625,1.7683593,2.4349382
3.13125,1.767247,2.4245954
0.469375,1.7707404,2.4095223
0.524375,1.7703315,2.452466
0.5175000000000001,1.7704618,2.4641588
0.47625,1.7704914,2.4598744
0.4925,1.770493,2.4584017
0.499375,1.7705295,2.4402013
0.485625,1.7705474,2.4349382
0.63625,1.7705538,2.4245954
1.0375,1.7706289,2.4095223
0.9925,1.7697387,2.452466
1.229375,1.7610464,2.4641588
1.39375,1.7547263,2.4598744
1.0318749999999999,1.748938,2.4584017
1.060625,1.7402973,2.4402013
1.21125,1.7334805,2.4349382
1.1256249999999999,1.7283263,2.4245954
1.144375,1.7229385,2.4095223
1.123125,1.7213626,2.452466
1.619375,1.7166996,2.4641588
3.574375,1.7067432,2.4598744
4.04875,1.7035666,2.4584017
3.770625,1.7025871,2.4402013
3.671875,1.7022125,2.4349382
1.21625,1.701492,2.4245954
0.499375,1.6944184,2.4095223
0.48375,1.6936767,2.452466
0.505,1.693675,2.4641588
0.496875,1.6936867,2.4598744
0.45375,1.6936898,2.4584017
0.505,1.6936684,2.4402013
0.49687500000000007,1.6936871,2.4349382
0.6,1.6936785,2.4245954
1.619375,1.6936843,2.4095223
1.139375,1.6940483,2.452466
1.14625,1.6866759,2.4641588
1.2875,1.6796906,2.4598744
1.36375,1.6735208,2.4584017
1.245,1.6677082,2.4402013
1.211875,1.6613173,2.4349382
1.010625,1.6523464,2.4245954
1.073125,1.6469514,2.4095223
1.053125,1.6455424,2.452466
2.92,1.63973,2.4641588
4.44625,1.6351907,2.4598744
6.895625,1.6349177,2.4584017
5.7056249999999995,1.6356639,2.4402013
5.23625,1.6363292,2.4349382
4.203125,1.6394207,2.4245954
0.5231250000000001,1.6401641,2.4095223
0.489375,1.6402044,2.452466
0.51625,1.6402586,2.4641588
0.510625,1.6402695,2.4598744
0.486875,1.6402946,2.4584017
0.501875,1.6403093,2.4402013
0.510625,1.6403193,2.4349382
0.640625,1.6403469,2.4245954
1.163125,1.6404086,2.4095223
2.021875,1.6399028,2.452466
1.50875,1.63343,2.4641588
1.1712500000000001,1.6274811,2.4598744
1.188125,1.621449,2.4584017
1.113125,1.6157026,2.4402013
1.109375,1.6062098,2.4349382
1.11875,1.600959,2.4245954
1.0150000000000001,1.596174,2.4095223
2.83625,1.5907319,2.452466
3.56875,1.5952369,2.4641588
3.54125,1.5999696,2.4598744
3.58375,1.6001756,2.4584017
3.2199999999999998,1.5992413,2.4402013
3.068125,1.598738,2.4349382
1.3831250000000002,1.5976479,2.4245954
0.518125,1.590717,2.4095223
0.518125,1.5911297,2.452466
0.48625,1.5910082,2.4641588
0.515625,1.5910307,2.4598744
0.520625,1.5910553,2.4584017
0.483125,1.5910904,2.4402013
0.514375,1.591084,2.4349382
0.6262500000000001,1.5911012,2.4245954
1.763125,1.5911553,2.4095223
2.065,1.5921975,2.452466
1.185,1.590181,2.4641588
1.1075,1.5810325,2.4598744
1.1912500000000001,1.5739305,2.4584017
1.0425,1.569718,2.4402013
1.1,1.5617254,2.4349382
0.97,1.556896,2.4245954
1.125,1.5553579,2.4095223
2.955625,1.5489334,2.452466
3.7475,1.543947,2.4641588
3.90375,1.5427539,2.4598744
3.9181250000000003,1.5333424,2.4584017
3.48125,1.5268657,2.4402013
3.40375,1.5251346,2.4349382
2.129375,1.5226235,2.4245954
0.44499999999999995,1.5304502,2.4095223
0.47250000000000003,1.5303521,2.452466
0.4775,1.5303547,2.4641588
0.44375,1.530343,2.4598744
0.475,1.5303285,2.4584017
0.47250000000000003,1.5303154,2.4402013
0.44187499999999996,1.5302985,2.4349382
0.4825,1.5302777,2.4245954
0.448125,1.5302739,2.4095223
0.39125,1.5302885,2.452466
0.431875,1.5288416,2.4641588
0.535,1.5162032,2.4598744
0.8025,1.5151644,2.4584017
0.73,1.5152723,2.4402013
0.414375,1.5154417,2.4349382
0.39687500000000003,1.5154617,2.4245954
0.40875,1.515499,2.4095223
0.92125,1.5155333,2.452466
1.1018750000000002,1.5155764,2.4641588
6.210625,1.5156918,2.4598744
9.860624999999999,1.5324287,2.4584017
8.514375,1.567982,2.4402013
1.2875,1.590415,2.4349382
0.453125,1.5907121,2.4245954
0.484375,1.5908369,2.4095223
0.49625,1.5908676,2.452466
0.44875,1.5909117,2.4641588
0.453125,1.5909297,2.4598744
0.48,1.590944,2.4584017
0.474375,1.590972,2.4402013
0.47562499999999996,1.5909817,2.4349382
0.448125,1.5910017,2.4245954
0.47125,1.5910082,2.4095223
0.4325,1.5910485,2.452466
1.4056250000000001,1.5910903,2.4641588
1.309375,1.5913789,2.4598744
1.2349999999999999,1.5916011,2.4584017
0.82125,1.5917596,2.4402013
1.049375,1.5919611,2.4349382
0.61,1.5922898,2.4245954
0.445,1.5924035,2.4095223
0.390625,1.5924499,2.452466
0.35562499999999997,1.5924807,2.4641588
0.44,1.5924968,2.4598744
0.46375,1.5925496,2.4584017
0.445625,1.5925837,2.4402013
0.48812500000000003,1.5925759,2.4349382
0.46625,1.5925992,2.4245954
0.540625,1.5925976,2.4095223
0.4725,1.5926437,2.452466
0.463125,1.5926573,2.4641588
0.49812500000000004,1.5926709,2.4598744
0.44375,1.5927029,2.4584017
0.5237499999999999,1.592699,2.4402013
0.4625,1.5927523,2.4349382
0.6156250000000001,1.5927529,2.4245954
2.553125,1.5927899,2.4095223
3.7024999999999997,1.5958664,2.452466
3.7424999999999997,1.5946894,2.4641588
3.811875,1.5949323,2.4598744
3.60875,1.5989976,2.4584017
1.34625,1.6017473,2.4402013
1.450625,1.5974988,2.4349382
1.166875,1.5913258,2.4245954
1.04125,1.5826207,2.4095223
1.078125,1.5777267,2.452466
1.189375,1.5728703,2.4641588
3.2,1.5690253,2.4598744
5.26375,1.5689073,2.4584017
1.91875,1.5692338,2.4402013
0.56625,1.5715661,2.4349382
0.479375,1.5545727,2.4245954
0.47062499999999996,1.5555786,2.4095223
0.9975,1.5555041,2.452466
1.46,1.5557626,2.4641588
1.441875,1.5562844,2.4598744
1.4675,1.5568112,2.4584017
1.46375,1.5573425,2.4402013
1.459375,1.5578756,2.4349382
1.565625,1.5584198,2.4245954
2.8425,1.558958,2.4095223
2.98125,1.56944,2.452466
2.468125,1.5746257,2.4641588
2.679375,1.5731881,2.4598744
2.868125,1.5741165,2.4584017
2.52,1.5747597,2.4402013
2.48,1.574594,2.4349382
2.43,1.574425,2.4245954
2.32625,1.5743032,2.4095223
2.3875,1.5745566,2.452466
2.630625,1.574865,2.4641588
4.3175,1.5753405,2.4598744
6.153125,1.5756178,2.4584017
4.12375,1.576118,2.4402013
1.823125,1.5758411,2.4349382
1.7181250000000001,1.5672553,2.4245954
1.46625,1.5678041,2.4095223
1.45625,1.5682669,2.452466
1.4849999999999999,1.5686913,2.4641588
1.483125,1.5693188,2.4598744
1.480625,1.5699852,2.4584017
1.4537499999999999,1.5705867,2.4402013
1.481875,1.5711601,2.4349382
1.5925,1.5717853,2.4245954
3.594375,1.5724324,2.4095223
5.554375,1.5849051,2.452466
4.15375,1.5959752,2.4641588
2.450625,1.6002517,2.4598744
2.536875,1.6002598,2.4584017
2.554375,1.6004852,2.4402013
2.41375,1.600988,2.4349382
2.3375,1.6010141,2.4245954
2.301875,1.6006427,2.4095223
2.3000000000000003,1.6005819,2.452466
2.965,1.6007595,2.4641588
4.490625,1.6053587,2.4598744
4.8306249999999995,1.6067488,2.4584017
4.190625,1.606653,2.4402013
2.00875,1.6065264,2.4349382
1.9456250000000002,1.6003919,2.4245954
1.72625,1.603184,2.4095223
1.52375,1.6055243,2.452466
1.475625,1.6067259,2.4641588
1.478125,1.6063143,2.4598744
1.466875,1.6068426,2.4584017
1.4425,1.6073452,2.4402013
1.464375,1.6077869,2.4349382
1.585,1.6082141,2.4245954
3.35375,1.6086556,2.4095223
4.991875,1.6171889,2.452466
4.055,1.6275978,2.4641588
2.455625,1.6316695,2.4598744
2.336875,1.6316845,2.4584017
2.575625,1.6315501,2.4402013
2.60375,1.6320308,2.4349382
2.3275,1.6326704,2.4245954
2.1950000000000003,1.6327748,2.4095223
2.39,1.6325067,2.452466
3.51125,1.6325308,2.4641588
4.915625,1.6366334,2.4598744
4.79375,1.636919,2.4584017
4.36625,1.6368821,2.4402013
4.2425,1.6368401,2.4349382
2.1975,1.6367795,2.4245954
0.506875,1.6377429,2.4095223
0.474375,1.6375237,2.452466
0.5125,1.6375949,2.4641588
0.47375,1.6375895,2.4598744
0.506875,1.6375844,2.4584017
0.47875,1.6375751,2.4402013
0.50125,1.6375502,2.4349382
0.62,1.6375487,2.4245954
2.989375,1.6375208,2.4095223
4.14625,1.6439335,2.452466
4.055,1.650764,2.4641588
4.13375,1.6544156,2.4598744
4.02125,1.6582847,2.4584017
1.45625,1.6616664,2.4402013
1.06,1.65668,2.4349382
1.024375,1.6484044,2.4245954
1.04,1.6456287,2.4095223
2.425,1.645494,2.452466
2.676875,1.646023,2.4641588
4.3725000000000005,1.6571867,2.4598744
3.965625,1.6556506,2.4584017
1.7775,1.6547253,2.4402013
1.7875,1.6515613,2.4349382
0.700625,1.6306484,2.4245954
0.859375,1.6291504,2.4095223
0.583125,1.6290522,2.452466
0.471875,1.6290624,2.4641588
0.4575,1.6290396,2.4598744
0.48,1.6290509,2.4584017
0.49125,1.6290557,2.4402013
0.45375,1.629067,2.4349382
0.48124999999999996,1.6290586,2.4245954
0.445625,1.629075,2.4095223
0.408125,1.6290625,2.452466
0.6812499999999999,1.6290836,2.4641588
1.965,1.6290843,2.4598744
1.69375,1.6296775,2.4584017
1.696875,1.6302321,2.4402013
1.62375,1.6331961,2.4349382
1.64875,1.6315672,2.4245954
1.6556250000000001,1.6318698,2.4095223
2.1425,1.6322973,2.452466
2.2725,1.6351612,2.4641588
2.53625,1.6421187,2.4598744
2.34,1.6474359,2.4584017
1.769375,1.652838,2.4402013
1.6993749999999999,1.655566,2.4349382
0.458125,1.6581945,2.4245954
0.4925,1.6581616,2.4095223
0.4875,1.658179,2.452466
0.459375,1.6581846,2.4641588
0.48312499999999997,1.6581824,2.4598744
0.48750000000000004,1.65821,2.4584017
0.485625,1.6582272,2.4402013
0.459375,1.6582456,2.4349382
0.48312499999999997,1.6582656,2.4245954
0.47375,1.6582686,2.4095223
0.405625,1.6582823,2.452466
1.2531249999999998,1.6583169,2.4641588
2.248125,1.6585003,2.4598744
2.8362499999999997,1.6610012,2.4584017
1.9212500000000001,1.669621,2.4402013
1.87125,1.6748517,2.4349382
1.93125,1.6759076,2.4245954
1.9993750000000001,1.6810806,2.4095223
2.039375,1.686534,2.452466
3.745,1.6925253,2.4641588
5.040625,1.7012398,2.4598744
4.979375,1.7155875,2.4584017
3.739375,1.7264414,2.4402013
1.71875,1.7324582,2.4349382
0.569375,1.7380688,2.4245954
0.5293749999999999,1.7381086,2.4095223
0.57125,1.738147,2.452466
0.5231250000000001,1.7381916,2.4641588
0.51625,1.7382109,2.4598744
0.89125,1.7382803,2.4584017
1.8125,1.7386335,2.4402013
1.8175,1.7396479,2.4349382
1.9,1.7406569,2.4245954
2.98625,1.7480571,2.4095223
3.225625,1.7527654,2.452466
2.494375,1.7642562,2.4641588
2.450625,1.7685499,2.4598744
2.310625,1.7755501,2.4584017
1.10375,1.7807846,2.4402013
1.1324999999999998,1.7808167,2.4349382
1.18,1.7808499,2.4245954
1.45375,1.7809513,2.4095223
4.089375,1.7813436,2.452466
4.9712499999999995,1.7933,2.4641588
5.158125,1.7937908,2.4598744
5.61375,1.7944415,2.4584017
5.47,1.7953199,2.4402013
4.928125,1.7961367,2.4349382
0.6875,1.7967062,2.4245954
0.58,1.7912927,2.4095223
0.621875,1.791401,2.452466
0.6225,1.7914783,2.4641588
0.6168750000000001,1.7915756,2.4598744
0.613125,1.7917205,2.4584017
0.611875,1.7918422,2.4402013
0.84625,1.7919271,2.4349382
1.9849999999999999,1.7922959,2.4245954
2.428125,1.7932367,2.4095223
2.50625,1.8002281,2.452466
2.65625,1.8055162,2.4641588
2.6418749999999998,1.813606,2.4598744
2.69875,1.818347,2.4584017
1.448125,1.825249,2.4402013
1.3275000000000001,1.8293257,2.4349382
1.210625,1.829599,2.4245954
1.725,1.8295541,2.4095223
4.714375,1.8300073,2.452466
4.76,1.8517992,2.4641588
7.595625,1.8524082,2.4598744
8.38625,1.8546774,2.4584017
8.170625,1.8582056,2.4402013
7.0225,1.8628814,2.4349382
0.7625000000000001,1.8696105,2.4245954
1.391875,1.8693525,2.4095223
1.588125,1.870187,2.452466
1.575625,1.8711125,2.4641588
1.58875,1.8721281,2.4598744
1.550625,1.8738015,2.4584017
1.57,1.8746908,2.4402013
1.69,1.875498,2.4349382
2.935,1.8767554,2.4245954
4.301875,1.8923001,2.4095223
4.45,1.9017885,2.452466
2.8581250000000002,1.9095421,2.4641588
2.53875,1.9180405,2.4598744
2.515,1.9230571,2.4584017
1.36125,1.9283415,2.4402013
1.305,1.9308941,2.4349382
1.150625,1.9316182,2.4245954
1.1375,1.9313816,2.4095223
2.543125,1.9314668,2.452466
3.44875,1.9384756,2.4641588
4.80375,1.9415455,2.4598744
5.608750000000001,1.9418641,2.4584017
4.566875,1.9408554,2.4402013
3.63375,1.9399998,2.4349382
0.511875,1.939101,2.4245954
0.514375,1.9241802,2.4095223
0.53625,1.9241798,2.452466
0.5362499999999999,1.9242327,2.4641588
0.51,1.9242566,2.4598744
0.54375,1.924253,2.4584017
0.506875,1.9243081,2.4402013
0.5475,1.9243062,2.4349382
0.63,1.9243474,2.4245954
1.376875,1.9243841,2.4095223
3.3274999999999997,1.9259505,2.452466
2.754375,1.9333026,2.4641588
2.533125,1.9397674,2.4598744
2.44125,1.944622,2.4584017
1.2818749999999999,1.9513958,2.4402013
1.189375,1.9519963,2.4349382
1.001875,1.9528472,2.4245954
1.185625,1.9528091,2.4095223
2.463125,1.9531481,2.452466
3.5675,1.9525828,2.4641588
4.829375,1.9525906,2.4598744
4.95375,1.9528949,2.4584017
4.53625,1.9534163,2.4402013
4.445625,1.9539508,2.4349382
2.251875,1.9556377,2.4245954
0.545625,1.9593343,2.4095223
0.588125,1.9593322,2.452466
0.54,1.9593928,2.4641588
0.571875,1.9594442,2.4598744
0.5775,1.9594886,2.4584017
0.5756249999999999,1.9595475,2.4402013
0.58,1.9596411,2.4349382
1.983125,1.9597135,2.4245954
3.01,1.9654129,2.4095223
3.2325,1.9695625,2.452466
2.4431249999999998,1.9794834,2.4641588
2.574375,1.9794905,2.4598744
2.45625,1.9894326,2.4584017
1.20875,1.993539,2.4402013
1.204375,1.9940205,2.4349382
1.074375,1.9949386,2.4245954
1.215625,1.994571,2.4095223
2.436875,1.994799,2.452466
3.770625,1.9939724,2.4641588
5.0131250000000005,1.9939933,2.4598744
5.10625,1.994276,2.4584017
4.37,1.9948108,2.4402013
4.085,1.995172,2.4349382
0.700625,1.9961488,2.4245954
0.59125,1.9928627,2.4095223
0.5918749999999999,1.9931395,2.452466
0.613125,1.9932237,2.4641588
0.563125,1.9933565,2.4598744
0.55875,1.9935212,2.4584017
0.590625,1.9936075,2.4402013
0.590625,1.9937015,2.4349382
0.585625,1.9938498,2.4245954
0.54,1.9939476,2.4095223
0.49375,1.9940791,2.452466
2.73125,1.9942074,2.4641588
7.598125,2.0006223,2.4598744
6.114375,2.027011,2.4584017
0.788125,2.0335972,2.4402013
0.600625,2.0334837,2.4349382
0.81625,2.0337338,2.4245954
0.53125,2.0341952,2.4095223
1.023125,2.034316,2.452466
1.0787499999999999,2.0344872,2.4641588
1.4143750000000002,2.034642,2.4598744
1.1131250000000001,2.0243464,2.4584017
0.553125,2.0035286,2.4402013
0.546875,1.9753916,2.4349382
0.5487500000000001,1.9745398,2.4245954
0.55125,1.9746635,2.4095223
0.5237499999999999,1.9747245,2.452466
0.535625,1.9747367,2.4641588
0.560625,1.9748125,2.4598744
0.56375,1.9749231,2.4584017
0.51125,1.9750152,2.4402013
0.535625,1.9750644,2.4349382
0.530625,1.9751456,2.4245954
2.428125,1.975246,2.4095223
4.06875,1.9773071,2.452466
4.52125,1.9990202,2.4641588
3.775,2.0090928,2.4598744
2.6793750000000003,2.018743,2.4584017
1.950625,2.0240908,2.4402013
1.836875,2.0297616,2.4349382
1.063125,2.035027,2.4245954
0.533125,2.0357637,2.4095223
0.4625,2.035801,2.452466
0.453125,2.0358539,2.4641588
0.448125,2.0359776,2.4598744
0.5675,2.035977,2.4584017
0.54125,2.0360832,2.4402013
0.525,2.036148,2.4349382
0.5587500000000001,2.0361707,2.4245954
0.5399999999999999,2.0362778,2.4095223
0.53,2.0362725,2.452466
0.551875,2.036342,2.4641588
0.5575,2.0364485,2.4598744
0.5287499999999999,2.0365167,2.4584017
0.534375,2.036624,2.4402013
0.558125,2.0366328,2.4349382
0.6487499999999999,2.0367794,2.4245954
3.3562499999999997,2.0369449,2.4095223
4.9275,2.0384645,2.452466
4.843125,2.03933,2.4641588
4.8925,2.0396552,2.4598744
4.61875,2.0402184,2.4584017
2.025625,2.0413227,2.4402013
1.39625,2.0439744,2.4349382
1.219375,2.0431209,2.4245954
1.275625,2.043828,2.4095223
2.439375,2.043521,2.452466
3.72125,2.0492294,2.4641588
4.8925,2.0608327,2.4598744
5.049375,2.0615473,2.4584017
4.875625,2.061407,2.4402013
4.615625,2.0683656,2.4349382
1.973125,2.0798798,2.4245954
0.528125,2.0830202,2.4095223
0.541875,2.083043,2.452466
0.53375,2.0826547,2.4641588
0.5081249999999999,2.0814478,2.4598744
0.565625,2.080289,2.4584017
0.50875,2.079111,2.4402013
0.764375,2.077867,2.4349382
1.890625,2.0766158,2.4245954
2.42625,2.0772853,2.4095223
3.216875,2.0759916,2.452466
4.869375,2.077099,2.4641588
4.205,2.0850377,2.4598744
2.908125,2.0881186,2.4584017
1.165625,2.088198,2.4402013
1.180625,2.084816,2.4349382
1.1981249999999999,2.075168,2.4245954
1.08625,2.0707264,2.4095223
2.405625,2.0638075,2.452466
2.9675000000000002,2.0640512,2.4641588
4.515625,2.0648663,2.4598744
4.99875,2.0650299,2.4584017
4.71875,2.0646987,2.4402013
4.47625,2.065772,2.4349382
1.2137499999999999,2.0713902,2.4245954
0.613125,2.0703425,2.4095223
0.6212500000000001,2.0691721,2.452466
0.579375,2.0683265,2.4641588
0.60875,2.0673697,2.4598744
0.5875,2.0664618,2.4584017
0.614375,2.0655732,2.4402013
0.6218750000000001,2.064658,2.4349382
2.0,2.0638046,2.4245954
4.29125,2.064298,2.4095223
5.001875,2.0648518,2.452466
5.01875,2.0648956,2.4641588
4.9556249999999995,2.0653143,2.4598744
5.029375,2.0695262,2.4584017
3.87,2.0736077,2.4402013
3.57125,2.0772672,2.4349382
1.2375,2.0787067,2.4245954
1.0618750000000001,2.0757675,2.4095223
2.205,2.0684242,2.452466
2.401875,2.0677006,2.4641588
4.451874999999999,2.0645194,2.4598744
4.786875,2.0643616,2.4584017
4.475625,2.0643153,2.4402013
3.39875,2.0653083,2.4349382
1.096875,2.068387,2.4245954
0.575625,2.0625255,2.4095223
0.6,2.0604577,2.452466
0.569375,2.0598505,2.4641588
0.600625,2.0588887,2.4598744
0.59875,2.0579152,2.4584017
0.61625,2.0569844,2.4402013
0.5725,2.0561466,2.4349382
1.9681250000000001,2.0552607,2.4245954
3.078125,2.0555844,2.4095223
5.09,2.0559087,2.452466
4.8999999999999995,2.0542989,2.4641588
4.9,2.0538924,2.4598744
3.359375,2.0582685,2.4584017
1.5274999999999999,2.0602813,2.4402013
1.34875,2.0570436,2.4349382
1.2850000000000001,2.0496259,2.4245954
1.1724999999999999,2.0429988,2.4095223
2.3525,2.037486,2.452466
2.564375,2.0374749,2.4641588
4.621875,2.0334558,2.4598744
4.911875,2.033486,2.4584017
4.536875,2.0335157,2.4402013
4.326875,2.033556,2.4349382
2.2525,2.0338588,2.4245954
0.538125,2.0338318,2.4095223
0.508125,2.0336864,2.452466
0.536875,2.033782,2.4641588
0.535625,2.0338154,2.4598744
0.498125,2.033875,2.4584017
0.541875,2.0338578,2.4402013
0.5393749999999999,2.0339127,2.4349382
1.8787500000000001,2.033981,2.4245954
4.188124999999999,2.0360894,2.4095223
4.9175,2.0393105,2.452466
4.836875,2.0395372,2.4641588
4.89375,2.0399163,2.4598744
3.426875,2.0402658,2.4584017
1.189375,2.0395327,2.4402013
1.200625,2.038936,2.4349382
1.19125,2.0391521,2.4245954
1.158125,2.039329,2.4095223
2.44125,2.0395944,2.452466
3.339375,2.0398781,2.4641588
4.720625,2.0428076,2.4598744
5.0275,2.0428495,2.4584017
4.489375,2.04604,2.4402013
2.87625,2.0510082,2.4349382
1.023125,2.054337,2.4245954
0.55625,2.0558767,2.4095223
0.57875,2.0548692,2.452466
0.494375,2.0546918,2.4641588
0.5231250000000001,2.054717,2.4598744
0.549375,2.0547867,2.4584017
0.470625,2.0548654,2.4402013
0.514375,2.0548496,2.4349382
0.5275,2.054931,2.4245954
0.485,2.0549946,2.4095223
0.435,2.0550463,2.452466
0.746875,2.0551188,2.4641588
1.81125,2.0552702,2.4598744
1.914375,2.0539095,2.4584017
1.9987499999999998,2.0569515,2.4402013
1.905,2.0606813,2.4349382
2.124375,2.0634036,2.4245954
1.790625,2.0696297,2.4095223
1.679375,2.070125,2.452466
3.176875,2.0679357,2.4641588
4.059375,2.070972,2.4598744
6.576875,2.0768433,2.4584017
5.46625,2.0810947,2.4402013
0.7474999999999999,2.0906003,2.4349382
0.5349999999999999,2.08664,2.4245954
0.506875,2.0867114,2.4095223
0.5287499999999999,2.0867517,2.452466
0.49687499999999996,2.0867949,2.4641588
0.520625,2.0868354,2.4598744
0.52125,2.0868757,2.4584017
0.536875,2.08691,2.4402013
0.51,2.0869608,2.4349382
0.525625,2.0870152,2.4245954
0.51625,2.0870616,2.4095223
0.400625,2.0871158,2.452466
0.9325,2.0871654,2.4641588
0.953125,2.0867138,2.4598744
0.94375,2.0804992,2.4584017
0.401875,2.068835,2.4402013
0.41625,2.062993,2.4349382
0.438125,2.05723,2.4245954
0.420625,2.0517144,2.4095223
0.384375,2.0456572,2.452466
0.42625,2.042085,2.4641588
0.48624999999999996,2.034153,2.4598744
0.47250000000000003,2.0233064,2.4584017
1.14,2.009611,2.4402013
0.5225,1.996655,2.4349382
0.52875,1.9958119,2.4245954
0.49562500000000004,1.9957674,2.4095223
0.5225,1.9957283,2.452466
0.526875,1.995686,2.4641588
0.521875,1.9956884,2.4598744
0.49312500000000004,1.995719,2.4584017
0.5225,1.9955107,2.4402013
0.52,1.9924312,2.4349382
0.66625,1.9870483,2.4245954
2.746875,1.9856594,2.4095223
3.288125,1.9853368,2.452466
2.57875,1.9856148,2.4641588
2.508125,1.9858491,2.4598744
2.300625,1.9858911,2.4584017
1.175,1.9858656,2.4402013
1.27375,1.9859551,2.4349382
1.314375,1.9860532,2.4245954
1.916875,1.98613,2.4095223
4.684374999999999,1.9898214,2.452466
4.864375,1.9911098,2.4641588
5.07125,1.9910934,2.4598744
5.27125,1.9910741,2.4584017
5.16625,1.9909412,2.4402013
1.7825,1.9907558,2.4349382
0.578125,1.9824634,2.4245954
0.620625,1.9820385,2.4095223
0.605625,1.9821267,2.452466
0.5762499999999999,1.9821167,2.4641588
0.604375,1.9820813,2.4598744
0.601875,1.9820702,2.4584017
0.603125,1.9820578,2.4402013
0.831875,1.9820658,2.4349382
1.964375,1.9820398,2.4245954
2.415625,1.982075,2.4095223
2.9699999999999998,1.9821148,2.452466
4.155625,1.9834627,2.4641588
3.1325000000000003,1.9909003,2.4598744
2.40875,1.9917462,2.4584017
1.315625,1.9894743,2.4402013
1.2306249999999999,1.987443,2.4349382
1.123125,1.9874603,2.4245954
1.160625,1.9857073,2.4095223
4.28125,1.9844803,2.452466
4.72625,1.9842813,2.4641588
4.826875,1.9844046,2.4598744
5.395,1.9786487,2.4584017
5.085625,1.9657087,2.4402013
4.660625,1.9261732,2.4349382
1.056875,1.9207339,2.4245954
0.6625,1.9211798,2.4095223
0.51125,1.9204599,2.452466
0.556875,1.919863,2.4641588
0.569375,1.9191012,2.4598744
0.56625,1.9183214,2.4584017
0.5562499999999999,1.9175729,2.4402013
0.57375,1.916889,2.4349382
1.933125,1.9156941,2.4245954
3.295625,1.9102266,2.4095223
4.866875,1.907311,2.452466
3.779375,1.9080417,2.4641588
2.608125,1.9102314,2.4598744
2.6706250000000002,1.9103329,2.4584017
1.45,1.9112887,2.4402013
1.299375,1.9121764,2.4349382
1.0506250000000001,1.9122391,2.4245954
1.683125,1.9122014,2.4095223
4.61625,1.912951,2.452466
4.910625,1.9208684,2.4641588
4.930625,1.9193642,2.4598744
4.8375,1.9201925,2.4584017
4.343125,1.9191523,2.4402013
2.564375,1.9189031,2.4349382
0.878125,1.9158167,2.4245954
0.53125,1.9160218,2.4095223
0.499375,1.9160318,2.452466
0.5275,1.9160008,2.4641588
0.5475,1.9159865,2.4598744
0.495,1.9160166,2.4584017
0.528125,1.9159873,2.4402013
0.5425,1.916013,2.4349382
1.9056250000000001,1.916024,2.4245954
2.376875,1.9180174,2.4095223
2.488125,1.9232583,2.452466
2.3562499999999997,1.9217671,2.4641588
2.483125,1.9210783,2.4598744
2.430625,1.9209859,2.4584017
1.35,1.9205077,2.4402013
1.361875,1.9215419,2.4349382
1.14625,1.9228783,2.4245954
2.190625,1.9223633,2.4095223
4.92375,1.9255916,2.452466
4.890000000000001,1.9353273,2.4641588
4.9243749999999995,1.93579,2.4598744
5.00875,1.9358413,2.4584017
4.691875,1.9358642,2.4402013
4.58875,1.935904,2.4349382
2.125,1.9359832,2.4245954
0.55,1.9357147,2.4095223
0.5425,1.9356537,2.452466
0.5225,1.935648,2.4641588
0.538125,1.9356451,2.4598744
0.51125,1.9356234,2.4584017
0.535625,1.9355704,2.4402013
0.52125,1.935553,2.4349382
1.875,1.9355544,2.4245954
2.525625,1.9355423,2.4095223
3.07,1.9347954,2.452466
2.86375,1.9345177,2.4641588
2.31625,1.9351768,2.4598744
2.324375,1.934695,2.4584017
1.156875,1.9342813,2.4402013
1.06,1.9342065,2.4349382
1.00375,1.9341327,2.4245954
1.21625,1.9341075,2.4095223
3.575,1.9341152,2.452466
4.87,1.9378893,2.4641588
5.275,1.9386714,2.4598744
5.293125,1.939007,2.4584017
4.874375,1.9391258,2.4402013
4.378125,1.9394774,2.4349382
0.8875,1.9398204,2.4245954
0.63625,1.9402189,2.4095223
0.594375,1.9402566,2.452466
0.62875,1.9402583,2.4641588
0.620625,1.9402666,2.4598744
0.595625,1.9403328,2.4584017
0.635,1.9403679,2.4402013
0.62125,1.9404051,2.4349382
0.596875,1.9404364,2.4245954
0.618125,1.9404302,2.4095223
0.59,1.9405155,2.452466
3.400625,1.9407697,2.4641588
7.86625,1.9510572,2.4598744
7.808125,1.9532391,2.4584017
7.875625,1.9671371,2.4402013
4.2675,1.9994704,2.4349382
1.805625,2.0040712,2.4245954
1.7781250000000002,2.0060034,2.4095223
2.3525,2.0091448,2.452466
5.8425,2.0172873,2.4641588
8.374375,2.031564,2.4598744
8.610625,2.0440319,2.4584017
8.433125,2.0615325,2.4402013
7.91625,2.085529,2.4349382
4.476875,2.1024718,2.4245954
0.7825,2.1081805,2.4095223
0.578125,2.1087031,2.452466
0.54125,2.1087542,2.4641588
0.568125,2.1087613,2.4598744
0.569375,2.1087668,2.4584017
0.54375,2.1087723,2.4402013
0.568125,2.1087875,2.4349382
0.56875,2.1088092,2.4245954
0.568125,2.1088653,2.4095223
0.60375,2.1037323,2.452466
3.4425,2.093764,2.4641588
7.95625,2.090847,2.4598744
8.14125,2.0944579,2.4584017
7.528125,2.1010022,2.4402013
3.555,2.1079073,2.4349382
1.8275000000000001,2.1126447,2.4245954
1.76375,2.1140075,2.4095223
1.7775,2.1177325,2.452466
1.913125,2.122477,2.4641588
1.93625,2.129014,2.4598744
1.823125,2.134643,2.4584017
1.881875,2.139595,2.4402013
2.590625,2.1448576,2.4349382
1.57,2.1515865,2.4245954
1.59625,2.156577,2.4095223
1.551875,2.1575494,2.452466
1.538125,2.16113,2.4641588
1.524375,2.161827,2.4598744
1.888125,2.162166,2.4584017
2.83,2.167005,2.4402013
2.828125,2.1726437,2.4349382
2.9050000000000002,2.1791673,2.4245954
4.071875,2.1854162,2.4095223
4.9193750000000005,2.185857,2.452466
4.811249999999999,2.1858516,2.4641588
4.9275,2.1858578,2.4598744
4.760625,2.1858592,2.4584017
3.424375,2.1858573,2.4402013
3.59,2.1876583,2.4349382
1.880625,2.189921,2.4245954
1.25125,2.1902196,2.4095223
2.370625,2.1902075,2.452466
3.6587500000000004,2.190196,2.4641588
4.813124999999999,2.1901953,2.4598744
6.053125,2.1901946,2.4584017
5.9175,2.1902695,2.4402013
3.965,2.190376,2.4349382
1.269375,2.190096,2.4245954
1.505625,2.1897395,2.4095223
1.5162499999999999,2.1899905,2.452466
1.509375,2.190199,2.4641588
1.4725,2.190887,2.4598744
1.510625,2.19109,2.4584017
1.53375,2.1912367,2.4402013
3.118125,2.1914582,2.4349382
2.8275,2.1954823,2.4245954
3.283125,2.1961112,2.4095223
4.456875,2.1964703,2.452466
5.735625000000001,2.1966138,2.4641588
4.8875,2.1966841,2.4598744
4.72375,2.196751,2.4584017
1.95125,2.1971202,2.4402013
1.161875,2.1974754,2.4349382
1.003125,2.1974945,2.4245954
1.059375,2.197424,2.4095223
2.321875,2.1974158,2.452466
3.6975,2.1973858,2.4641588
5.04,2.197527,2.4598744
5.02625,2.1975112,2.4584017
4.63625,2.1975088,2.4402013
3.925625,2.197506,2.4349382
1.30625,2.1973758,2.4245954
0.590625,2.197391,2.4095223
0.555625,2.1973836,2.452466
0.5825,2.1973825,2.4641588
0.59,2.1973867,2.4598744
1.109375,2.1973805,2.4584017
1.508125,2.1974773,2.4402013
1.56125,2.1977024,2.4349382
2.908125,2.1982718,2.4245954
3.89625,2.198473,2.4095223
5.566875,2.1985288,2.452466
3.921875,2.1985521,2.4641588
2.314375,2.198464,2.4598744
2.355,2.1982875,2.4584017
1.1375,2.1978579,2.4402013
1.125,2.1970139,2.4349382
1.11625,2.1926591,2.4245954
1.071875,2.1926322,2.4095223
2.154375,2.192382,2.452466
3.861875,2.1923127,2.4641588
4.885625,2.1936088,2.4598744
4.96875,2.1935997,2.4584017
2.8031249999999996,2.1936066,2.4402013
2.090625,2.1934848,2.4349382
1.95875,2.191701,2.4245954
0.59625,2.1931505,2.4095223
0.586875,2.1931558,2.452466
0.5599999999999999,2.193156,2.4641588
0.583125,2.1931565,2.4598744
0.583125,2.1931489,2.4584017
0.585,2.1931434,2.4402013
0.5549999999999999,2.1931427,2.4349382
1.930625,2.1931553,2.4245954
2.446875,2.19315,2.4095223
2.9475,2.1927128,2.452466
3.521875,2.1923778,2.4641588
3.38375,2.1921744,2.4598744
2.373125,2.1924334,2.4584017
1.225,2.1918294,2.4402013
1.0587499999999999,2.1911416,2.4349382
1.060625,2.1909165,2.4245954
1.0856249999999998,2.1909335,2.4095223
1.125,2.1908488,2.452466
2.77625,2.1893768,2.4641588
3.3918749999999998,2.1894698,2.4598744
3.716875,2.1893046,2.4584017
3.2199999999999998,2.1892757,2.4402013
3.053125,2.1891723,2.4349382
1.764375,2.1883135,2.4245954
0.528125,2.1879401,2.4095223
0.531875,2.1879225,2.452466
0.53375,2.1879392,2.4641588
0.499375,2.1879463,2.4598744
0.55125,2.1879313,2.4584017
0.530625,2.1879563,2.4402013
0.8800000000000001,2.1879554,2.4349382
1.589375,2.188581,2.4245954
3.3025,2.1880243,2.4095223
3.54625,2.1879108,2.452466
3.47875,2.1869748,2.4641588
3.549375,2.1870391,2.4598744
3.36375,2.1868625,2.4584017
3.35,2.186799,2.4402013
3.5,2.1900742,2.4349382
2.7956250000000002,2.1922755,2.4245954
1.013125,2.194356,2.4095223
1.730625,2.1936772,2.452466
3.48625,2.191996,2.4641588
3.803125,2.191992,2.4598744
3.9575,2.1920602,2.4584017
3.2406249999999996,2.1920805,2.4402013
1.745625,2.1919725,2.4349382
0.60875,2.1907573,2.4245954
0.593125,2.1906338,2.4095223
0.56375,2.190645,2.452466
0.5918749999999999,2.1906428,2.4641588
0.591875,2.1906672,2.4598744
0.59625,2.1906867,2.4584017
0.564375,2.190701,2.4402013
0.5725,2.1907253,2.4349382
0.608125,2.1907403,2.4245954
0.5862499999999999,2.19077,2.4095223
1.9493749999999999,2.1908154,2.452466
1.425,2.191134,2.4641588
0.6275,2.1926174,2.4598744
0.51625,2.1897979,2.4584017
0.4925,2.1880088,2.4402013
0.48312499999999997,2.1855268,2.4349382
0.48750000000000004,2.1826816,2.4245954
0.465625,2.1784244,2.4095223
1.01,2.1737347,2.452466
1.123125,2.1730404,2.4641588
3.6537499999999996,2.1667857,2.4598744
6.786875,2.16668,2.4584017
5.915,2.166751,2.4402013
1.751875,2.1671298,2.4349382
0.5425,2.170136,2.4245954
0.506875,2.1701233,2.4095223
0.503125,2.1701527,2.452466
0.536875,2.1701498,2.4641588
0.479375,2.1701946,2.4598744
0.53375,2.1701622,2.4584017
0.543125,2.170176,2.4402013
0.5075,2.1701798,2.4349382
0.505,2.1701806,2.4245954
0.5225,2.1701632,2.4095223
0.49625,2.170172,2.452466
1.610625,2.1702652,2.4641588
3.225625,2.1707797,2.4598744
3.1262499999999998,2.180316,2.4584017
2.5825,2.1842566,2.4402013
0.524375,2.186791,2.4349382
0.42625,2.186833,2.4245954
0.439375,2.186839,2.4095223
0.483125,2.186848,2.452466
0.48562500000000003,2.1868927,2.4641588
0.470625,2.186933,2.4598744
0.514375,2.1869292,2.4584017
0.6912499999999999,2.186945,2.4402013
0.55375,2.1868649,2.4349382
0.568125,2.186872,2.4245954
0.5175,2.1868873,2.4095223
0.54,2.1868982,2.452466
0.535625,2.1869087,2.4641588
0.5325,2.186915,2.4598744
0.5125,2.1869197,2.4584017
0.535625,2.1869297,2.4402013
0.5462499999999999,2.186933,2.4349382
0.628125,2.1869526,2.4245954
1.07875,2.1869736,2.4095223
1.024375,2.183454,2.452466
0.971875,2.1760335,2.4641588
0.94,2.1694496,2.4598744
1.12,2.162328,2.4584017
0.9974999999999999,2.1571522,2.4402013
0.928125,2.15702,2.4349382
0.96625,2.1567698,2.4245954
0.975625,2.1560793,2.4095223
1.2818749999999999,2.15168,2.452466
3.058125,2.1422362,2.4641588
3.695625,2.139169,2.4598744
3.77875,2.1384172,2.4584017
3.83,2.1382313,2.4402013
1.73875,2.1350284,2.4349382
0.50875,2.1348896,2.4245954
0.533125,2.1347892,2.4095223
0.534375,2.1347585,2.452466
0.50125,2.1347198,2.4641588
0.5331250000000001,2.1346712,2.4598744
0.52875,2.1346107,2.4584017
0.53375,2.1345313,2.4402013
0.501875,2.134502,2.4349382
0.649375,2.134179,2.4245954
1.05,2.1321714,2.4095223
0.995,2.1252737,2.452466
0.948125,2.1190171,2.4641588
0.96,2.1068473,2.4598744
0.969375,2.0986543,2.4584017
0.931875,2.090149,2.4402013
0.964375,2.0899863,2.4349382
0.961875,2.089806,2.4245954
0.953125,2.0897503,2.4095223
1.916875,2.0897522,2.452466
3.555625,2.0845006,2.4641588
3.754375,2.0803246,2.4598744
3.86875,2.0825667,2.4584017
3.41875,2.0821972,2.4402013
3.444375,2.0817504,2.4349382
2.79125,2.0805118,2.4245954
0.584375,2.0852783,2.4095223
0.581875,2.0852494,2.452466
0.579375,2.0852716,2.4641588
0.565,2.0852904,2.4598744
0.596875,2.0852866,2.4584017
0.590625,2.0853062,2.4402013
0.57375,2.08533,2.4349382
0.671875,2.085368,2.4245954
1.123125,2.0823064,2.4095223
1.0475,2.075416,2.452466
0.97375,2.0638251,2.4641588
1.01875,2.052192,2.4598744
1.08375,2.045302,2.4584017
1.240625,2.03512,2.4402013
1.1256249999999999,2.0350275,2.4349382
0.984375,2.0349245,2.4245954
0.98,2.0340497,2.4095223
0.989375,2.033792,2.452466
2.680625,2.024018,2.4641588
5.373125,2.0200858,2.4598744
5.571875,2.0203502,2.4584017
5.06125,2.020471,2.4402013
3.61625,2.020628,2.4349382
0.514375,2.0248718,2.4245954
0.535625,2.020685,2.4095223
0.53625,2.0207424,2.452466
0.50625,2.0207171,2.4641588
0.536875,2.020703,2.4598744
0.51,2.0206904,2.4584017
0.531875,2.0206916,2.4402013
0.50625,2.0206976,2.4349382
0.6599999999999999,2.020704,2.4245954
1.076875,2.019015,2.4095223
0.969375,2.013465,2.452466
0.96375,2.006955,2.4641588
0.980625,2.0010803,2.4598744
0.980625,1.9944866,2.4584017
0.9349999999999999,1.986155,2.4402013
0.963125,1.9860222,2.4349382
0.974375,1.9858625,2.4245954
0.9824999999999999,1.9856894,2.4095223
0.975625,1.9806747,2.452466
1.071875,1.9709389,2.4641588
1.07,1.9611955,2.4598744
1.25875,1.9514987,2.4584017
0.629375,1.9418889,2.4402013
0.51,1.932199,2.4349382
0.53375,1.9135413,2.4245954
0.526875,1.9128876,2.4095223
0.495625,1.9128637,2.452466
0.518125,1.9128295,2.4641588
0.5325,1.9128163,2.4598744
0.53125,1.9128065,2.4584017
0.47312499999999996,1.9128103,2.4402013
0.531875,1.9127827,2.4349382
0.65625,1.912812,2.4245954
1.061875,1.9115577,2.4095223
0.969375,1.9034117,2.452466
1.035625,1.8936815,2.4641588
1.118125,1.8868673,2.4598744
1.24375,1.8807263,2.4584017
0.9524999999999999,1.8764243,2.4402013
0.92125,1.8763483,2.4349382
0.98125,1.8762648,2.4245954
0.99,1.8762863,2.4095223
2.379375,1.8750364,2.452466
4.686875000000001,1.8727937,2.4641588
6.54625,1.8727301,2.4598744
8.61,1.8727195,2.4584017
7.320625,1.8739264,2.4402013
5.453125,1.8749449,2.4349382
4.171875,1.8758426,2.4245954
3.809375,1.883795,2.4095223
3.8725,1.8898029,2.452466
3.774375,1.9004942,2.4641588
1.576875,1.9089234,2.4598744
0.756875,1.9138808,2.4584017
0.75125,1.9139638,2.4402013
0.731875,1.9139924,2.4349382
0.72875,1.9140482,2.4245954
0.7887500000000001,1.9141085,2.4095223
3.11125,1.914176,2.452466
4.920625,1.9214442,2.4641588
6.1725,1.9224329,2.4598744
5.995,1.9220965,2.4584017
5.9662500000000005,1.9214752,2.4402013
6.161875,1.9210489,2.4349382
7.458125000000001,1.9240966,2.4245954
8.15625,1.9336084,2.4095223
9.180625,1.9395213,2.452466
9.415625,1.9422626,2.4641588
12.06625,1.9486105,2.4598744
12.15625,1.9567678,2.4584017
10.24375,1.9600883,2.4402013
6.315625,1.9612789,2.4349382
2.033125,1.960395,2.4245954
0.515,1.9550838,2.4095223
0.491875,1.9549941,2.452466
0.5425,1.9549698,2.4641588
0.51,1.9549747,2.4598744
0.455625,1.9549541,2.4584017
0.498125,1.954906,2.4402013
0.5325,1.9548899,2.4349382
0.451875,1.9548812,2.4245954
0.53875,1.9548478,2.4095223
0.429375,1.9548371,2.452466
1.326875,1.9547073,2.4641588
2.173125,1.9456618,2.4598744
2.399375,1.9412504,2.4584017
2.59375,1.9345508,2.4402013
3.2375,1.9348888,2.4349382
1.9275,1.9349647,2.4245954
1.82625,1.9351957,2.4095223
1.83125,1.9355396,2.452466
1.870625,1.9360478,2.4641588
1.85,1.9359148,2.4598744
5.6575,1.9348705,2.4584017
3.529375,1.9416466,2.4402013
1.660625,1.944861,2.4349382
0.513125,1.9368072,2.4245954
0.5275,1.9360836,2.4095223
0.49312500000000004,1.9359049,2.452466
0.49125,1.9355791,2.4641588
0.545625,1.9352665,2.4598744
0.79,1.9307581,2.4584017
1.795625,1.9297223,2.4402013
1.7662499999999999,1.9215217,2.4349382
1.934375,1.9157186,2.4245954
2.27875,1.9116921,2.4095223
3.896875,1.9074361,2.452466
4.819375,1.909303,2.4641588
4.8825,1.9093149,2.4598744
4.855,1.9093069,2.4584017
3.593125,1.9093039,2.4402013
3.534375,1.9093174,2.4349382
3.4831250000000002,1.909269,2.4245954
2.6075,1.9175951,2.4095223
2.443125,1.9227839,2.452466
4.438750000000001,1.9228729,2.4641588
5.04875,1.9234222,2.4598744
5.073125,1.9234039,2.4584017
4.964375,1.9231749,2.4402013
4.590625,1.9229591,2.4349382
3.09375,1.9234712,2.4245954
0.788125,1.9317616,2.4095223
0.56375,1.9267484,2.452466
0.625625,1.926307,2.4641588
0.573125,1.9259889,2.4598744
0.555,1.9256682,2.4584017
0.555625,1.9248534,2.4402013
0.8256249999999999,1.9238875,2.4349382
1.9525,1.914366,2.4245954
2.3362499999999997,1.9093108,2.4095223
2.361875,1.9056921,2.452466
2.396875,1.9034388,2.4641588
2.551875,1.8986368,2.4598744
2.611875,1.8977687,2.4584017
1.419375,1.8893301,2.4402013
3.4825,1.8877025,2.4349382
3.665,1.8969337,2.4245954
3.674375,1.911014,2.4095223
3.319375,1.9200804,2.452466
4.815625,1.9202724,2.4641588
4.8325,1.9204577,2.4598744
5.074375,1.9204199,2.4584017
4.745625,1.9204235,2.4402013
4.913125,1.9204276,2.4349382
3.434375,1.9213343,2.4245954
2.076875,1.9246473,2.4095223
0.551875,1.9306414,2.452466
0.606875,1.9306087,2.4641588
0.5925,1.9306339,2.4598744
0.55125,1.93065,2.4584017
0.58875,1.9304698,2.4402013
0.579375,1.9301474,2.4349382
1.931875,1.9292178,2.4245954
2.33625,1.9242334,2.4095223
3.233125,1.9213874,2.452466
5.015625,1.9201579,2.4641588
5.00375,1.9201157,2.4598744
4.84375,1.9239182,2.4584017
3.72,1.9298897,2.4402013
2.20125,1.938272,2.4349382
1.165,1.9410045,2.4245954
1.0375,1.9407799,2.4095223
2.474375,1.9404416,2.452466
4.34375,1.9418516,2.4641588
5.105,1.942096,2.4598744
5.02625,1.9420794,2.4584017
4.588125,1.9420593,2.4402013
4.4475,1.9452894,2.4349382
1.6843750000000002,1.9496379,2.4245954
0.750625,1.9470234,2.4095223
0.5237499999999999,1.9471092,2.452466
0.535625,1.9471712,2.4641588
0.520625,1.947169,2.4598744
0.52875,1.9471555,2.4584017
0.51125,1.9471424,2.4402013
0.53625,1.9471283,2.4349382
1.840625,1.9471428,2.4245954
2.278125,1.9470842,2.4095223
3.37875,1.9468498,2.452466
4.92125,1.9470792,2.4641588
4.83375,1.9469824,2.4598744
4.770625,1.9486394,2.4584017
3.83375,1.9545659,2.4402013
3.19375,1.962828,2.4349382
1.218125,1.9706588,2.4245954
1.039375,1.9715973,2.4095223
2.3899999999999997,1.9715974,2.452466
4.16875,1.979085,2.4641588
5.01875,1.979563,2.4598744
4.88,1.9794366,2.4584017
4.354375,1.9795794,2.4402013
4.430625,1.9797132,2.4349382
3.455625,1.9813497,2.4245954
2.02,1.9837904,2.4095223
0.513125,1.9897943,2.452466
0.54125,1.989754,2.4641588
0.51125,1.9897714,2.4598744
0.48625,1.9897802,2.4584017
0.514375,1.9897616,2.4402013
0.515,1.9897664,2.4349382
1.69625,1.9896662,2.4245954
2.2906250000000004,1.9898195,2.4095223
3.07,1.986228,2.452466
4.73,1.986018,2.4641588
4.644375,1.9859352,2.4598744
4.72625,1.986062,2.4584017
3.631875,1.9862164,2.4402013
3.401875,1.9862415,2.4349382
3.4775,1.986223,2.4245954
1.734375,1.9888359,2.4095223
3.04875,1.9957986,2.452466
4.5649999999999995,1.9987366,2.4641588
5.863125,2.0008426,2.4598744
6.015,1.9987724,2.4584017
6.310625,1.9990697,2.4402013
7.7875,2.0029922,2.4349382
5.586875,2.0128162,2.4245954
0.610625,2.0192487,2.4095223
0.51,2.0192327,2.452466
0.505,2.0192003,2.4641588
0.53375,2.019204,2.4598744
0.5025,2.0191908,2.4584017
0.55875,2.0191648,2.4402013
0.551875,2.0191677,2.4349382
0.51875,2.0191655,2.4245954
0.53625,2.0191503,2.4095223
0.486875,2.0191402,2.452466
0.6543749999999999,2.0186539,2.4641588
2.276875,2.0184464,2.4598744
2.3875,2.019087,2.4584017
2.42625,2.029477,2.4402013
2.27125,2.0348957,2.4349382
2.415625,2.041089,2.4245954
2.438125,2.0471156,2.4095223
2.4543749999999998,2.053505,2.452466
2.396875,2.0594969,2.4641588
2.6418749999999998,2.0652313,2.4598744
6.047499999999999,2.0649486,2.4584017
8.07,2.0649128,2.4402013
8.048124999999999,2.0631971,2.4349382
6.836875,2.0735512,2.4245954
4.130625,2.0837147,2.4095223
0.469375,2.0886312,2.452466
0.518125,2.0885649,2.4641588
0.52,2.0887208,2.4598744
0.49,2.0886202,2.4584017
0.520625,2.0886059,2.4402013
0.48124999999999996,2.0885997,2.4349382
0.48812500000000003,2.08859,2.4245954
0.494375,2.088583,2.4095223
0.47687499999999994,2.0885797,2.452466
0.865625,2.0886068,2.4641588
1.060625,2.085813,2.4598744
2.533125,2.077116,2.4584017
1.17625,2.0746615,2.4402013
0.7525,2.0684404,2.4349382
0.764375,2.0699935,2.4245954
0.76,2.069079,2.4095223
0.8025,2.069244,2.452466
0.8325,2.0693831,2.4641588
0.878125,2.0695455,2.4598744
3.040625,2.0697355,2.4584017
1.990625,2.0761414,2.4402013
0.52375,2.0824387,2.4349382
0.490625,2.0823808,2.4245954
0.515,2.0823505,2.4095223
0.53125,2.082352,2.452466
0.5075,2.0823493,2.4641588
0.515625,2.0823388,2.4598744
0.50625,2.0823345,2.4584017
0.514375,2.0823352,2.4402013
0.513125,2.0823274,2.4349382
0.5800000000000001,2.0823193,2.4245954
1.0943749999999999,2.0823088,2.4095223
1.120625,2.0823317,2.452466
1.76125,2.0823803,2.4641588
2.311875,2.0827668,2.4598744
2.37125,2.092019,2.4584017
1.105625,2.0951939,2.4402013
1.078125,2.095254,2.4349382
1.096875,2.0954866,2.4245954
1.138125,2.0954218,2.4095223
2.906875,2.095501,2.452466
4.828749999999999,2.104385,2.4641588
4.9193750000000005,2.1053233,2.4598744
5.085,2.105198,2.4584017
5.155625000000001,2.105444,2.4402013
5.035625,2.1086335,2.4349382
2.936875,2.1143928,2.4245954
0.565,2.1184897,2.4095223
0.589375,2.1184692,2.452466
0.596875,2.1185048,2.4641588
0.55375,2.1185646,2.4598744
0.5800000000000001,2.1185765,2.4584017
0.610625,2.118607,2.4402013
0.7193750000000001,2.1186457,2.4349382
1.864375,2.1188228,2.4245954
2.34,2.119367,2.4095223
2.375625,2.1273131,2.452466
2.355,2.1311076,2.4641588
2.411875,2.1372585,2.4598744
2.39125,2.1434822,2.4584017
1.4056250000000001,2.1497686,2.4402013
1.2625,2.153905,2.4349382
1.33625,2.1544409,2.4245954
1.125,2.1544247,2.4095223
3.5393749999999997,2.1548252,2.452466
4.728125,2.159543,2.4641588
4.7275,2.1598067,2.4598744
4.913125,2.1598794,2.4584017
4.8125,2.1600535,2.4402013
3.996875,2.1602952,2.4349382
1.615625,2.160386,2.4245954
1.0425,2.1572218,2.4095223
0.511875,2.157594,2.452466
0.55,2.1575847,2.4641588
0.55375,2.157584,2.4598744
0.5525,2.1575904,2.4584017
0.51,2.1575694,2.4402013
0.5275,2.1575222,2.4349382
1.7181250000000001,2.1575027,2.4245954
2.30125,2.1580667,2.4095223
3.52375,2.1635125,2.452466
5.0775,2.1768785,2.4641588
5.008125,2.1835756,2.4598744
4.7775,2.1877232,2.4584017
1.95,2.190686,2.4402013
1.335625,2.1910706,2.4349382
1.190625,2.1911383,2.4245954
1.10125,2.1914945,2.4095223
2.72625,2.1913671,2.452466
4.83,2.1933057,2.4641588
4.9225,2.1936646,2.4598744
5.005,2.1936483,2.4584017
4.523125,2.1935906,2.4402013
4.8462499999999995,2.193539,2.4349382
1.9,2.1944313,2.4245954
1.40875,2.1951807,2.4095223
0.573125,2.1953642,2.452466
0.569375,2.1955404,2.4641588
0.534375,2.1954336,2.4598744
0.55625,2.1954355,2.4584017
0.5706249999999999,2.1954513,2.4402013
0.581875,2.1954637,2.4349382
1.75,2.1954942,2.4245954
2.35,2.195579,2.4095223
2.740625,2.1971536,2.452466
4.044375,2.1985044,2.4641588
3.730625,2.2008753,2.4598744
2.429375,2.202007,2.4584017
1.555625,2.2021537,2.4402013
1.4,2.2027063,2.4349382
1.3,2.2027316,2.4245954
1.14375,2.2027469,2.4095223
3.5631250000000003,2.2027347,2.452466
4.83875,2.2044818,2.4641588
4.99,2.204721,2.4598744
5.15875,2.2054043,2.4584017
4.52125,2.206057,2.4402013
4.452500000000001,2.2066936,2.4349382
3.518125,2.2074814,2.4245954
2.033125,2.2077942,2.4095223
0.554375,2.2083998,2.452466
0.566875,2.2083957,2.4641588
0.523125,2.2083948,2.4598744
0.501875,2.2083972,2.4584017
0.4975,2.2083874,2.4402013
0.5062500000000001,2.2084,2.4349382
1.6624999999999999,2.208393,2.4245954
2.30875,2.2084327,2.4095223
3.6075,2.2090068,2.452466
4.93125,2.210114,2.4641588
2.7399999999999998,2.2108939,2.4598744
2.919375,2.2113762,2.4584017
1.80375,2.2119052,2.4402013
1.1868750000000001,2.212233,2.4349382
1.155,2.2122617,2.4245954
1.151875,2.2122736,2.4095223
3.725625,2.212296,2.452466
4.830625,2.212326,2.4641588
4.930625,2.212326,2.4598744
5.06125,2.2123082,2.4584017
5.03375,2.2123432,2.4402013
10.061875,2.2123153,2.4349382
1.2662499999999999,2.2123442,2.4245954
0.569375,2.2122579,2.4095223
0.6168750000000001,2.2113333,2.452466
0.618125,2.210916,2.4641588
0.5975,2.2095895,2.4598744
0.59375,2.2094502,2.4584017
0.599375,2.2094228,2.4402013
0.57875,2.2094023,2.4349382
0.5606249999999999,2.2093863,2.4245954
0.545625,2.2093797,2.4095223
0.538125,2.2093668,2.452466
2.7356249999999998,2.2086911,2.4641588
4.783125,2.2085838,2.4598744
7.4506250000000005,2.2085385,2.4584017
7.520625,2.2085466,2.4402013
7.5125,2.2085848,2.4349382
2.91875,2.208568,2.4245954
1.914375,2.2084284,2.4095223
2.34125,2.2077732,2.452466
4.11125,2.2073326,2.4641588
5.018125,2.2068925,2.4598744
7.440625,2.2070856,2.4584017
7.988125,2.2072864,2.4402013
8.0125,2.2072031,2.4349382
1.224375,2.2073,2.4245954
0.5856250000000001,2.2072783,2.4095223
0.61375,2.2072895,2.452466
0.6075,2.2073019,2.4641588
0.55375,2.2073066,2.4598744
0.54625,2.207312,2.4584017
0.5475,2.2073257,2.4402013
0.67125,2.2073324,2.4349382
1.809375,2.2073488,2.4245954
1.786875,2.2074237,2.4095223
1.77375,2.208015,2.452466
4.665625,2.2085865,2.4641588
8.46625,2.209132,2.4598744
8.47,2.2089663,2.4584017
8.205,2.2090182,2.4402013
8.241875,2.2092094,2.4349382
8.49,2.209165,2.4245954
8.595625,2.20941,2.4095223
8.560625,2.2095253,2.452466
8.58125,2.2106524,2.4641588
8.365,2.210822,2.4598744
5.385625,2.2113838,2.4584017
5.404999999999999,2.211335,2.4402013
1.805,2.2113652,2.4349382
0.58,2.2113647,2.4245954
0.54625,2.2113664,2.4095223
0.57875,2.2113705,2.452466
0.528125,2.2113838,2.4641588
0.939375,2.2113917,2.4598744
1.654375,2.211452,2.4584017
4.798125000000001,2.2120502,2.4402013
8.254375,2.2128148,2.4349382
8.3975,2.2125144,2.4245954
8.7575,2.212451,2.4095223
10.420625000000001,2.212512,2.452466
11.3925,2.212803,2.4641588
11.306875,2.2126875,2.4598744
11.114375,2.2125716,2.4584017
5.306875,2.2123423,2.4402013
5.658125,2.2123716,2.4349382
8.45,2.21235,2.4245954
5.805,2.212276,2.4095223
3.966875,2.2121863,2.452466
5.93375,2.2121863,2.4641588
6.077500000000001,2.2122364,2.4598744
5.96875,2.2122264,2.4584017
5.739375,2.2122154,2.4402013
5.605625,2.212206,2.4349382
1.961875,2.2122116,2.4245954
1.504375,2.2121294,2.4095223
1.539375,2.2122216,2.452466
1.56875,2.2122238,2.4641588
1.523125,2.2123966,2.4598744
1.565,2.2125366,2.4584017
1.554375,2.2125998,2.4402013
1.598125,2.2127297,2.4349382
4.246875,2.2128813,2.4245954
8.7525,2.2126918,2.4095223
9.201875,2.212501,2.452466
11.20625,2.2125335,2.4641588
11.349375,2.2130632,2.4598744
11.265625,2.2143312,2.4584017
11.160625,2.215744,2.4402013
11.1975,2.2166696,2.4349382
11.157499999999999,2.2171488,2.4245954
7.765625,2.2170181,2.4095223
4.784375,2.2171047,2.452466
5.8625,2.2170997,2.4641588
5.95,2.2171013,2.4598744
5.955,2.2171063,2.4584017
5.58625,2.2171383,2.4402013
5.159375,2.217111,2.4349382
1.818125,2.217118,2.4245954
1.6175,2.2168205,2.4095223
1.628125,2.2167156,2.452466
1.64125,2.2170124,2.4641588
1.5918750000000002,2.2174559,2.4598744
1.61375,2.2178419,2.4584017
1.595625,2.2181787,2.4402013
1.6025,2.2183785,2.4349382
2.738125,2.2191744,2.4245954
3.325625,2.2194977,2.4095223
5.09375,2.2205791,2.452466
7.0125,2.220533,2.4641588
10.604375000000001,2.220491,2.4598744
5.65,2.220392,2.4584017
5.9125,2.2203922,2.4402013
5.851875,2.2203946,2.4349382
5.258125,2.2231553,2.4245954
4.4624999999999995,2.2244892,2.4095223
3.04,2.2283335,2.452466
5.789375,2.2283516,2.4641588
6.00875,2.2283874,2.4598744
6.0175,2.2283854,2.4584017
5.475,2.2283883,2.4402013
4.2175,2.2283444,2.4349382
1.88875,2.2267485,2.4245954
2.2075,2.2284334,2.4095223
1.68875,2.2292757,2.452466
1.634375,2.2305264,2.4641588
1.624375,2.2316165,2.4598744
1.605,2.2326994,2.4584017
1.645,2.2342231,2.4402013
1.626875,2.2355878,2.4349382
2.788125,2.2385912,2.4245954
3.34375,2.239459,2.4095223
4.425,2.2428508,2.452466
6.06375,2.242815,2.4641588
5.864375,2.2428727,2.4598744
5.922499999999999,2.2429307,2.4584017
5.160625,2.2429366,2.4402013
4.945625,2.24303,2.4349382
4.95375,2.2435598,2.4245954
4.828125,2.249041,2.4095223
3.46875,2.256234,2.452466
4.948125,2.2562652,2.4641588
5.07,2.2562675,2.4598744
5.14875,2.2562666,2.4584017
5.203749999999999,2.2562804,2.4402013
6.465,2.2563267,2.4349382
7.365625,2.2562728,2.4245954
1.7581250000000002,2.2599726,2.4095223
1.576875,2.2599065,2.452466
1.591875,2.2615442,2.4641588
1.55125,2.2633076,2.4598744
1.56125,2.2649755,2.4584017
1.575625,2.2667384,2.4402013
1.573125,2.268123,2.4349382
2.73875,2.2714887,2.4245954
3.27375,2.2724636,2.4095223
4.920625,2.276311,2.452466
5.770625000000001,2.2761803,2.4641588
5.155,2.2761974,2.4598744
4.944375,2.2761996,2.4584017
4.75875,2.2761927,2.4402013
4.7375,2.2762036,2.4349382
4.9281250000000005,2.2763305,2.4245954
3.843125,2.2801046,2.4095223
3.8575,2.2802315,2.452466
4.92875,2.2802644,2.4641588
5.035625,2.280302,2.4598744
5.083125,2.280181,2.4584017
4.6450000000000005,2.2801566,2.4402013
4.44125,2.2800522,2.4349382
1.826875,2.27988,2.4245954
1.626875,2.2774005,2.4095223
0.77875,2.2791471,2.452466
0.60875,2.2792563,2.4641588
0.609375,2.279274,2.4598744
0.58375,2.2793217,2.4584017
0.580625,2.2793941,2.4402013
0.663125,2.279408,2.4349382
1.8231249999999999,2.2794266,2.4245954
2.41625,2.280228,2.4095223
2.719375,2.283578,2.452466
2.75125,2.287634,2.4641588
2.365625,2.29848,2.4598744
2.083125,2.2987227,2.4584017
2.09625,2.2979667,2.4402013
3.6018749999999997,2.297497,2.4349382
4.36,2.3068218,2.4245954
2.97125,2.3112915,2.4095223
2.4518750000000002,2.3159266,2.452466
2.51,2.3159,2.4641588
2.535,2.3160367,2.4598744
7.595625,2.315961,2.4584017
7.6775,2.3162065,2.4402013
7.653125,2.316143,2.4349382
2.965,2.3160293,2.4245954
0.585,2.3155189,2.4095223
0.585,2.3058462,2.452466
0.61,2.3062215,2.4641588
0.596875,2.306175,2.4598744
0.586875,2.3062265,2.4584017
0.56625,2.306293,2.4402013
0.59125,2.3063245,2.4349382
0.57375,2.3063889,2.4245954
0.569375,2.3064432,2.4095223
0.5175000000000001,2.3064923,2.452466
0.9968750000000001,2.3065212,2.4641588
1.06375,2.3065858,2.4598744
1.02875,2.3066244,2.4584017
0.565,2.3018878,2.4402013
0.56625,2.3016117,2.4349382
0.5331250000000001,2.3014896,2.4245954
1.875625,2.3013291,2.4095223
3.6531249999999997,2.3022485,2.452466
7.034375,2.3143053,2.4641588
7.776875,2.326517,2.4598744
7.828125,2.3318114,2.4584017
7.748125,2.337445,2.4402013
2.0968750000000003,2.346096,2.4349382
0.62375,2.346477,2.4245954
0.645,2.3465219,2.4095223
0.63125,2.3466206,2.452466
0.59625,2.3466768,2.4641588
0.62375,2.3467357,2.4598744
0.640625,2.3468075,2.4584017
0.660625,2.3468947,2.4402013
0.5925,2.346978,2.4349382
0.724375,2.3470404,2.4245954
1.13,2.3471437,2.4095223
3.250625,2.3471656,2.452466
9.059375,2.352213,2.4641588
9.05625,2.3670182,2.4598744
7.99625,2.3728933,2.4584017
3.95125,2.3798075,2.4402013
2.583125,2.382844,2.4349382
2.600625,2.3899117,2.4245954
2.605625,2.3937316,2.4095223
3.3687500000000004,2.4049516,2.452466
5.06625,2.4011977,2.4641588
5.06625,2.4010997,2.4598744
5.17375,2.4011152,2.4584017
4.8325,2.4011264,2.4402013
2.68375,2.4011,2.4349382
0.815625,2.4009376,2.4245954
1.331875,2.3926513,2.4095223
0.604375,2.3933434,2.452466
0.590625,2.3933299,2.4641588
0.564375,2.393324,2.4598744
0.593125,2.3933425,2.4584017
0.58375,2.393355,2.4402013
0.69125,2.39336,2.4349382
1.83125,2.393255,2.4245954
2.274375,2.3932738,2.4095223
2.3925,2.3932285,2.452466
3.3075,2.3932369,2.4641588
3.785625,2.4030044,2.4598744
5.124375000000001,2.4075818,2.4584017
5.095,2.413525,2.4402013
4.373125,2.420733,2.4349382
2.8525,2.4237893,2.4245954
3.439375,2.4311981,2.4095223
5.073125,2.4371655,2.452466
5.85,2.4373288,2.4641588
5.73875,2.43738,2.4598744
5.9075,2.4373527,2.4584017
5.621875,2.4374099,2.4402013
5.526875,2.437457,2.4349382
1.901875,2.442297,2.4245954
1.5725,2.4425397,2.4095223
1.5925,2.4444146,2.452466
1.595625,2.4468477,2.4641588
1.558125,2.4493623,2.4598744
1.571875,2.4518552,2.4584017
1.578125,2.4542112,2.4402013
1.578125,2.4563732,2.4349382
2.720625,2.4605641,2.4245954
3.275,2.4621205,2.4095223
6.060625,2.4670954,2.452466
9.2575,2.4669724,2.4641588
9.504375,2.4674869,2.4598744
8.258125,2.4682655,2.4584017
8.129375,2.4688883,2.4402013
5.425625,2.4757166,2.4349382
3.339375,2.4799533,2.4245954
3.299375,2.487075,2.4095223
4.244375,2.4979792,2.452466
5.896875,2.4981995,2.4641588
6.0425,2.498352,2.4598744
6.125,2.4985614,2.4584017
5.640625,2.4987974,2.4402013
5.74375,2.4989886,2.4349382
2.01,2.4991536,2.4245954
1.7525,2.4991434,2.4095223
1.783125,2.4995801,2.452466
1.735625,2.5026839,2.4641588
1.74375,2.5057504,2.4598744
1.739375,2.5088627,2.4584017
1.71875,2.5118647,2.4402013
1.78125,2.5147448,2.4349382
2.915625,2.5183754,2.4245954
3.47375,2.52068,2.4095223
8.53125,2.529799,2.452466
9.4,2.5251746,2.4641588
8.282499999999999,2.5261157,2.4598744
8.291875,2.526805,2.4584017
8.219375,2.532942,2.4402013
8.32375,2.5396752,2.4349382
8.353125,2.548228,2.4245954
8.19125,2.5560012,2.4095223
8.606875,2.556583,2.452466
8.40125,2.5571897,2.4641588
9.688125,2.5577703,2.4598744
8.766875,2.5587368,2.4584017
5.577500000000001,2.5597167,2.4402013
5.55875,2.559864,2.4349382
2.30375,2.560028,2.4245954
1.6325,2.5590653,2.4095223
1.6475,2.5584497,2.452466
1.63625,2.561425,2.4641588
1.6324999999999998,2.5643744,2.4598744
1.5750000000000002,2.56733,2.4584017
1.63,2.5701709,2.4402013
1.633125,2.573009,2.4349382
2.735,2.5770383,2.4245954
4.32,2.5788717,2.4095223
9.206875,2.58826,2.452466
9.355,2.5837688,2.4641588
8.340625,2.5844133,2.4598744
8.381875,2.5850382,2.4584017
8.273125,2.590615,2.4402013
8.1325,2.5971704,2.4349382
8.34625,2.6058326,2.4245954
5.983125,2.613336,2.4095223
4.80125,2.6136134,2.452466
5.8462499999999995,2.613642,2.4641588
5.933125,2.6136947,2.4598744
6.293125,2.6137242,2.4584017
6.17625,2.613851,2.4402013
5.674375,2.6140947,2.4349382
2.9987500000000002,2.613469,2.4245954
1.585625,2.615784,2.4095223
1.605,2.6168327,2.452466
1.59875,2.6196432,2.4641588
1.56125,2.6223702,2.4598744
1.563125,2.6251454,2.4584017
1.58625,2.6278713,2.4402013
1.59375,2.6306396,2.4349382
2.6975,2.6334863,2.4245954
2.781875,2.6377575,2.4095223
2.729375,2.648148,2.452466
2.520625,2.660221,2.4641588
5.095,2.66007,2.4598744
7.976875,2.6601894,2.4584017
8.070625,2.6603746,2.4402013
8.06125,2.6605916,2.4349382
3.515625,2.660538,2.4245954
3.9325,2.6608553,2.4095223
7.88,2.670696,2.452466
5.734375,2.6712244,2.4641588
3.078125,2.6714654,2.4598744
4.151875,2.6711361,2.4584017
7.399375,2.6705537,2.4402013
8.27875,2.6703982,2.4349382
7.149375,2.6703541,2.4245954
2.51,2.6798508,2.4095223
0.634375,2.68216,2.452466
0.66625,2.6823525,2.4641588
0.653125,2.6825714,2.4598744
0.62125,2.68265,2.4584017
0.6168750000000001,2.6827521,2.4402013
0.7050000000000001,2.682851,2.4349382
1.7806250000000001,2.6828723,2.4245954
1.765,2.6828356,2.4095223
1.7774999999999999,2.6828313,2.452466
2.2125,2.6829016,2.4641588
5.24625,2.681935,2.4598744
8.018749999999999,2.6766777,2.4584017
3.94,2.6766477,2.4402013
1.795625,2.675099,2.4349382
1.6412499999999999,2.6741133,2.4245954
1.8225,2.6625142,2.4095223
5.06,2.659787,2.452466
5.69375,2.660168,2.4641588
5.884375,2.660324,2.4598744
6.113125,2.6599517,2.4584017
6.224375,2.66003,2.4402013
5.780625,2.6600842,2.4349382
0.7175,2.663578,2.4245954
0.6481250000000001,2.663837,2.4095223
0.640625,2.6639132,2.452466
0.578125,2.6639624,2.4641588
0.5662499999999999,2.6640062,2.4598744
0.728125,2.662879,2.4584017
1.7806250000000001,2.6616101,2.4402013
1.7462499999999999,2.655836,2.4349382
1.785625,2.6474361,2.4245954
2.295625,2.6415453,2.4095223
4.5600000000000005,2.6387458,2.452466
4.969375,2.6312096,2.4641588
4.819375,2.6252313,2.4598744
4.809375,2.621305,2.4584017
4.833125,2.6197863,2.4402013
4.514375,2.6197834,2.4349382
2.506875,2.6196527,2.4245954
2.425625,2.6190047,2.4095223
2.9837499999999997,2.6140642,2.452466
4.855625,2.6136956,2.4641588
5.045625,2.6137533,2.4598744
5.12,2.613702,2.4584017
5.0125,2.613673,2.4402013
4.689375,2.613604,2.4349382
2.050625,2.6134815,2.4245954
0.710625,2.6135035,2.4095223
0.605625,2.6113482,2.452466
0.556875,2.6076667,2.4641588
0.625625,2.6050746,2.4598744
0.58,2.6028068,2.4584017
0.563125,2.5992093,2.4402013
0.7262500000000001,2.5968356,2.4349382
1.845625,2.5966284,2.4245954
2.279375,2.5908935,2.4095223
3.12375,2.5826888,2.452466
5.616875,2.582345,2.4641588
5.81625,2.5758333,2.4598744
4.904375,2.5782824,2.4584017
4.7425,2.5768821,2.4402013
3.081875,2.5758433,2.4349382
2.73875,2.574687,2.4245954
2.465,2.5736966,2.4095223
2.9,2.5731473,2.452466
4.89375,2.5681672,2.4641588
4.986875,2.5682096,2.4598744
5.11375,2.5681465,2.4584017
5.3975,2.5681515,2.4402013
5.623125,2.5681348,2.4349382
2.50125,2.568221,2.4245954
1.588125,2.5685303,2.4095223
1.6575,2.568462,2.452466
1.665625,2.568513,2.4641588
1.6400000000000001,2.5685608,2.4598744
1.61375,2.5686474,2.4584017
1.67,2.5686193,2.4402013
1.6668749999999999,2.5687456,2.4349382
2.80125,2.5688953,2.4245954
3.3225,2.5689716,2.4095223
5.0275,2.5689497,2.452466
5.895,2.5690036,2.4641588
5.755,2.5688605,2.4598744
4.7725,2.568033,2.4584017
4.78125,2.5679364,2.4402013
4.81875,2.567779,2.4349382
4.951875,2.5677557,2.4245954
2.91875,2.5677319,2.4095223
3.0168749999999998,2.567629,2.452466
5.076875,2.567631,2.4641588
7.644375,2.5675967,2.4598744
7.734375,2.567833,2.4584017
5.6175,2.5681257,2.4402013
5.17875,2.5681,2.4349382
2.213125,2.5681667,2.4245954
1.7125,2.56833,2.4095223
1.73,2.5676975,2.452466
1.7149999999999999,2.5677648,2.4641588
1.69875,2.5678964,2.4598744
1.7175,2.568026,2.4584017
1.75625,2.5681877,2.4402013
1.728125,2.5683465,2.4349382
2.83125,2.5685687,2.4245954
3.375625,2.568621,2.4095223
4.4325,2.5686054,2.452466
6.014375,2.568624,2.4641588
5.90625,2.5686336,2.4598744
5.998749999999999,2.5686226,2.4584017
5.94875,2.5686016,2.4402013
5.711875,2.5686822,2.4349382
4.95875,2.5687137,2.4245954
4.940625,2.5686994,2.4095223
3.8175,2.5686963,2.452466
5.051875,2.5687075,2.4641588
6.1293750000000005,2.568727,2.4598744
5.984999999999999,2.5688276,2.4584017
5.609375,2.5689454,2.4402013
5.646875,2.5690236,2.4349382
4.6475,2.5689065,2.4245954
2.865,2.568576,2.4095223
1.80875,2.5691845,2.452466
1.78375,2.5694447,2.4641588
1.7925,2.5697303,2.4598744
1.7725,2.5700881,2.4584017
1.775625,2.5704184,2.4402013
1.81875,2.570726,2.4349382
2.878125,2.5711303,2.4245954
3.464375,2.5713096,2.4095223
5.15,2.5713425,2.452466
6.113125,2.5713263,2.4641588
5.925,2.5713751,2.4598744
5.930625,2.5714107,2.4584017
5.21375,2.5715098,2.4402013
4.82125,2.5715504,2.4349382
4.285625,2.5715227,2.4245954
2.381875,2.5714552,2.4095223
3.1875,2.5713913,2.452466
4.5025,2.5713377,2.4641588
5.023125,2.5713067,2.4598744
5.210625,2.5713158,2.4584017
4.6475,2.5713265,2.4402013
4.5806249999999995,2.5713224,2.4349382
2.018125,2.571338,2.4245954
1.06125,2.5713863,2.4095223
0.74875,2.5704207,2.452466
0.7175,2.5704718,2.4641588
0.683125,2.5704486,2.4598744
0.64625,2.5704894,2.4584017
0.669375,2.5705261,2.4402013
0.71,2.5705771,2.4349382
1.865,2.57056,2.4245954
1.80375,2.5706992,2.4095223
1.79125,2.5654347,2.452466
3.125,2.559848,2.4641588
5.788125,2.5691438,2.4598744
6.33375,2.574367,2.4584017
6.2,2.579772,2.4402013
6.198125,2.5801141,2.4349382
6.539375,2.5802083,2.4245954
4.8706249999999995,2.580386,2.4095223
3.82625,2.5805483,2.452466
3.025625,2.581534,2.4641588
3.53125,2.585998,2.4598744
3.615625,2.586142,2.4584017
7.395625,2.5857253,2.4402013
10.05875,2.5857182,2.4349382
8.938125,2.5860593,2.4245954
3.299375,2.593031,2.4095223
1.916875,2.5954728,2.452466
1.946875,2.5968165,2.4641588
1.9275,2.600316,2.4598744
1.951875,2.6030426,2.4584017
1.893125,2.6062255,2.4402013
2.011875,2.609376,2.4349382
3.0975,2.6126952,2.4245954
3.075,2.6231217,2.4095223
3.033125,2.631565,2.452466
4.7225,2.6405354,2.4641588
7.891875,2.64923,2.4598744
7.56875,2.6620953,2.4584017
6.645,2.6711383,2.4402013
6.703125,2.6767921,2.4349382
3.9606250000000003,2.6886277,2.4245954
0.776875,2.6911407,2.4095223
0.793125,2.6899457,2.452466
1.180625,2.6816995,2.4641588
5.165625,2.6744654,2.4598744
4.883125,2.6731749,2.4584017
1.684375,2.67407,2.4402013
1.683125,2.6680384,2.4349382
1.671875,2.666654,2.4245954
1.663125,2.6696134,2.4095223
1.675625,2.6723244,2.452466
1.670625,2.6751084,2.4641588
1.691875,2.6779635,2.4598744
1.68625,2.6810532,2.4584017
1.62625,2.6838794,2.4402013
1.6656250000000001,2.6863499,2.4349382
1.754375,2.6891594,2.4245954
2.153125,2.692194,2.4095223
4.223125,2.6946948,2.452466
5.715,2.6949925,2.4641588
3.5387500000000003,2.6945887,2.4598744
3.581875,2.6936028,2.4584017
3.5862499999999997,2.6933198,2.4402013
3.60125,2.693255,2.4349382
3.21875,2.6976655,2.4245954
2.5881250000000002,2.702124,2.4095223
3.256875,2.7021217,2.452466
5.610625000000001,2.7021103,2.4641588
5.9975,2.7021184,2.4598744
6.23125,2.702208,2.4584017
6.470625,2.7023115,2.4402013
6.234375,2.7024012,2.4349382
3.84875,2.7085147,2.4245954
1.79125,2.710668,2.4095223
1.671875,2.7117076,2.452466
1.735625,2.7187257,2.4641588
1.705,2.7175238,2.4598744
1.700625,2.7205753,2.4584017
1.6556250000000001,2.7231703,2.4402013
1.823125,2.726884,2.4349382
2.95875,2.7292469,2.4245954
3.361875,2.731318,2.4095223
3.3975,2.7449083,2.452466
3.43625,2.7450633,2.4641588
3.594375,2.7450695,2.4598744
3.595625,2.7450514,2.4584017
3.606875,2.7449996,2.4402013
3.50375,2.7449791,2.4349382
3.593125,2.7449644,2.4245954
3.5231250000000003,2.7450693,2.4095223
4.5725,2.745072,2.452466
5.79375,2.745059,2.4641588
5.8793750000000005,2.745073,2.4598744
6.11875,2.7450984,2.4584017
6.991875,2.7451353,2.4402013
7.406875,2.7453392,2.4349382
2.36,2.7456238,2.4245954
1.753125,2.7457857,2.4095223
1.7725,2.745987,2.452466
1.77375,2.7462401,2.4641588
1.73,2.7464905,2.4598744
1.760625,2.7467136,2.4584017
1.778125,2.7469633,2.4402013
1.763125,2.747237,2.4349382
2.82875,2.7475104,2.4245954
3.4375,2.747624,2.4095223
4.679375,2.7476559,2.452466
5.846875,2.7477555,2.4641588
3.643125,2.7471051,2.4598744
3.64,2.7460055,2.4584017
3.630625,2.7453854,2.4402013
3.541875,2.7450047,2.4349382
3.569375,2.7448742,2.4245954
3.606875,2.7448773,2.4095223
4.729375,2.7448494,2.452466
5.98875,2.7448897,2.4641588
6.159375,2.7449212,2.4598744
6.11875,2.7449436,2.4584017
5.661875,2.7449474,2.4402013
4.827500000000001,2.7449417,2.4349382
1.916875,2.7448683,2.4245954
1.761875,2.7447996,2.4095223
1.7106249999999998,2.7448008,2.452466
1.691875,2.7447166,2.4641588
1.69875,2.7446635,2.4598744
1.6993749999999999,2.7445948,2.4584017
1.70125,2.7445333,2.4402013
1.7075,2.7445288,2.4349382
2.8025,2.744472,2.4245954
3.38625,2.744394,2.4095223
3.839375,2.7444258,2.452466
5.083125,2.7442098,2.4641588
4.3125,2.7434478,2.4598744
4.2675,2.74293,2.4584017
3.8268750000000002,2.742263,2.4402013
3.5993749999999998,2.7416563,2.4349382
3.6825,2.7409449,2.4245954
3.618125,2.7401984,2.4095223
3.961875,2.7390184,2.452466
5.07125,2.7365313,2.4641588
5.21125,2.7348065,2.4598744
5.2368749999999995,2.7332442,2.4584017
5.091875,2.7326903,2.4402013
4.776875,2.732647,2.4349382
1.0662500000000001,2.7325475,2.4245954
0.8325,2.7269092,2.4095223
0.8475,2.7249198,2.452466
0.850625,2.7218828,2.4641588
0.8,2.719549,2.4598744
0.83,2.716639,2.4584017
0.8325,2.7138095,2.4402013
0.8125,2.7112741,2.4349382
1.9187500000000002,2.70917,2.4245954
2.53625,2.708165,2.4095223
3.6575,2.7071042,2.452466
4.89875,2.7004914,2.4641588
4.86625,2.69811,2.4598744
6.105,2.6971111,2.4584017
4.801875,2.696528,2.4402013
3.4187499999999997,2.6955957,2.4349382
3.0168749999999998,2.69465,2.4245954
3.403125,2.6941319,2.4095223
4.8925,2.693822,2.452466
5.934375,2.6938486,2.4641588
5.916875,2.6938834,2.4598744
6.075,2.6938944,2.4584017
5.6575,2.6938658,2.4402013
3.8649999999999998,2.6937642,2.4349382
1.901875,2.6935105,2.4245954
1.850625,2.6883142,2.4095223
1.67375,2.6886973,2.452466
1.715,2.6887927,2.4641588
1.71625,2.6889648,2.4598744
1.7,2.689211,2.4584017
1.683125,2.689398,2.4402013
1.7225000000000001,2.6895428,2.4349382
2.88875,2.6897686,2.4245954
2.830625,2.689996,2.4095223
2.83375,2.69004,2.452466
2.7375,2.6902719,2.4641588
4.82875,2.6917906,2.4598744
8.569375,2.690706,2.4584017
8.720625,2.690878,2.4402013
8.82,2.691142,2.4349382
8.91375,2.6912093,2.4245954
10.055,2.6924665,2.4095223
9.401250000000001,2.7019353,2.452466
6.0075,2.7027533,2.4641588
3.5306249999999997,2.7026763,2.4598744
6.975,2.7027652,2.4584017
9.074375,2.7033105,2.4402013
8.73,2.7039776,2.4349382
2.589375,2.7040715,2.4245954
1.740625,2.69812,2.4095223
1.7081250000000001,2.6961112,2.452466
1.714375,2.699145,2.4641588
1.7337500000000001,2.7019486,2.4598744
1.726875,2.704792,2.4584017
1.7125,2.7074609,2.4402013
1.77125,2.711309,2.4349382
2.895625,2.7136025,2.4245954
2.901875,2.7150183,2.4095223
2.8293749999999998,2.7216094,2.452466
3.2643750000000002,2.7222598,2.4641588
3.276875,2.731762,2.4598744
3.294375,2.7314434,2.4584017
2.8175,2.731255,2.4402013
2.7925,2.7305024,2.4349382
3.1375,2.7362847,2.4245954
3.4025,2.7425933,2.4095223
6.973125,2.7474732,2.452466
7.499375,2.7477312,2.4641588
9.098125,2.748137,2.4598744
9.219375,2.749105,2.4584017
9.4825,2.7508078,2.4402013
6.165625,2.7546499,2.4349382
1.770625,2.758832,2.4245954
1.713125,2.7601507,2.4095223
1.686875,2.7630625,2.452466
1.723125,2.7659686,2.4641588
1.690625,2.7689912,2.4598744
1.8156249999999998,2.7732985,2.4584017
2.865625,2.7758193,2.4402013
2.865,2.7773395,2.4349382
2.941875,2.78723,2.4245954
3.37875,2.7931068,2.4095223
5.020625,2.7934387,2.452466
5.875,2.793525,2.4641588
5.8343750000000005,2.7937365,2.4598744
5.868125,2.7939835,2.4584017
5.9375,2.7942605,2.4402013
5.869375,2.7945287,2.4349382
5.82,2.7947872,2.4245954
4.028125,2.8002746,2.4095223
3.970625,2.8005586,2.452466
5.941875,2.8007088,2.4641588
6.095000000000001,2.801051,2.4598744
6.141875000000001,2.801369,2.4584017
5.969374999999999,2.8015816,2.4402013
5.086875,2.801775,2.4349382
1.73875,2.8018477,2.4245954
1.7462499999999999,2.8007822,2.4095223
1.7306249999999999,2.8035755,2.452466
1.684375,2.8069828,2.4641588
1.71375,2.8105502,2.4598744
1.745,2.8138232,2.4584017
1.743125,2.8168707,2.4402013
1.788125,2.8218365,2.4349382
2.966875,2.8241532,2.4245954
3.434375,2.8257055,2.4095223
4.523125,2.8348355,2.452466
6.034375,2.8307676,2.4641588
6.225,2.8308492,2.4598744
6.285625,2.8308372,2.4584017
6.276875,2.8310378,2.4402013
6.148125,2.8313565,2.4349382
5.3149999999999995,2.831799,2.4245954
4.4106250000000005,2.8368216,2.4095223
4.495,2.8370757,2.452466
5.91375,2.8372269,2.4641588
5.949375,2.8375225,2.4598744
6.109999999999999,2.8378677,2.4584017
5.771875,2.8381221,2.4402013
5.81,2.8382335,2.4349382
3.2600000000000002,2.8382401,2.4245954
1.701875,2.8386402,2.4095223
1.755,2.8387666,2.452466
1.77,2.8389215,2.4641588
1.700625,2.8390937,2.4598744
1.71625,2.8392026,2.4584017
1.74375,2.8394308,2.4402013
1.78375,2.8396082,2.4349382
2.8293749999999998,2.8398402,2.4245954
3.385625,2.8398814,2.4095223
4.53,2.839898,2.452466
5.94375,2.839898,2.4641588
5.874375000000001,2.8399444,2.4598744
5.839375,2.8399634,2.4584017
5.904375,2.8403332,2.4402013
5.888125,2.8407302,2.4349382
5.795,2.8410602,2.4245954
3.369375,2.841203,2.4095223
4.035625,2.841236,2.452466
6.055625,2.8413947,2.4641588
6.186875,2.8419263,2.4598744
6.225,2.8409572,2.4584017
5.5775,2.8399317,2.4402013
5.56125,2.839858,2.4349382
2.228125,2.8399172,2.4245954
1.805625,2.8398945,2.4095223
1.78625,2.8400047,2.452466
1.795625,2.8400965,2.4641588
1.793125,2.8402245,2.4598744
1.790625,2.840417,2.4584017
1.778125,2.8405623,2.4402013
1.78375,2.840622,2.4349382
2.899375,2.8407893,2.4245954
3.4525,2.8408976,2.4095223
4.40625,2.8409162,2.452466
5.880625,2.8409643,2.4641588
6.144375,2.8409715,2.4598744
6.073125,2.8410683,2.4584017
5.989375,2.841084,2.4402013
6.115,2.8410697,2.4349382
6.125,2.8411674,2.4245954
5.88,2.841486,2.4095223
5.959375,2.8416762,2.452466
6.001250000000001,2.8421679,2.4641588
6.313125,2.8425825,2.4598744
6.175,2.842619,2.4584017
5.516875,2.8426452,2.4402013
5.665625,2.8426104,2.4349382
3.78,2.842588,2.4245954
1.6724999999999999,2.8423743,2.4095223
1.69125,2.8371089,2.452466
1.68,2.8368936,2.4641588
1.68875,2.8367703,2.4598744
1.6212499999999999,2.8366044,2.4584017
2.8325,2.8363605,2.4402013
2.878125,2.8380322,2.4349382
2.885,2.8477907,2.4245954
3.335,2.847804,2.4095223
3.358125,2.8477733,2.452466
3.3200000000000003,2.847445,2.4641588
3.260625,2.8468456,2.4598744
3.306875,2.846291,2.4584017
3.3049999999999997,2.8457928,2.4402013
3.3125,2.8454514,2.4349382
3.27625,2.8452187,2.4245954
3.25875,2.8450284,2.4095223
3.394375,2.8452454,2.452466
4.220000000000001,2.8452454,2.4641588
5.915625,2.845173,2.4598744
6.06875,2.8453708,2.4584017
5.58125,2.8455915,2.4402013
5.543125,2.8457985,2.4349382
1.8425,2.8460293,2.4245954
1.653125,2.8457375,2.4095223
1.6925000000000001,2.8474436,2.452466
1.0275,2.8513217,2.4641588
0.675625,2.8525598,2.4598744
0.70875,2.8528795,2.4584017
0.70375,2.8534517,2.4402013
0.7075,2.8529396,2.4349382
0.691875,2.8530397,2.4245954
0.781875,2.848453,2.4095223
1.82625,2.8445523,2.452466
1.7962500000000001,2.8448095,2.4641588
1.76625,2.8394172,2.4598744
1.87,2.8336637,2.4584017
2.125625,2.827557,2.4402013
1.8431250000000001,2.8218143,2.4349382
2.0575,2.8161595,2.4245954
4.0425,2.8104749,2.4095223
5.7524999999999995,2.8103085,2.452466
6.808125,2.8103285,2.4641588
7.865625,2.8107781,2.4598744
9.775625,2.8116975,2.4584017
9.468125,2.8162518,2.4402013
4.564375,2.8170624,2.4349382
1.879375,2.8127651,2.4245954
1.804375,2.8113084,2.4095223
1.8162500000000001,2.8052664,2.452466
1.84125,2.8051612,2.4641588
1.86,2.8050447,2.4598744
1.809375,2.8049579,2.4584017
1.83,2.804728,2.4402013
1.845,2.8046823,2.4349382
1.858125,2.8045936,2.4245954
2.019375,2.7948484,2.4095223
2.910625,2.7894673,2.452466
5.03375,2.7891626,2.4641588
7.071875,2.7894194,2.4598744
7.313750000000001,2.7897444,2.4584017
6.84,2.7895675,2.4402013
5.82125,2.789598,2.4349382
1.65625,2.7891695,2.4245954
0.5918749999999999,2.7865481,2.4095223
1.83125,2.7860389,2.452466
3.48125,2.7893724,2.4641588
2.205,2.7955093,2.4598744
3.22375,2.795074,2.4584017
1.708125,2.790364,2.4402013
1.7075,2.790345,2.4349382
1.7037499999999999,2.790368,2.4245954
1.0325,2.7904294,2.4095223
0.689375,2.7893403,2.452466
0.75375,2.7858224,2.4641588
0.7375,2.7824516,2.4598744
0.704375,2.7792716,2.4584017
0.69,2.7757602,2.4402013
0.7375,2.772453,2.4349382
0.76125,2.7692447,2.4245954
1.2475,2.7666297,2.4095223
1.183125,2.7654057,2.452466
1.175,2.757853,2.4641588
3.43,2.7507634,2.4598744
4.333125,2.7507143,2.4584017
1.2075,2.7505713,2.4402013
1.105625,2.745547,2.4349382
1.149375,2.7333007,2.4245954
1.125,2.7242794,2.4095223
1.145625,2.721252,2.452466
1.33,2.7145984,2.4641588
1.396875,2.7066622,2.4598744
1.3206250000000002,2.6988626,2.4584017
1.301875,2.6916568,2.4402013
1.690625,2.684676,2.4349382
1.7537500000000001,2.6789408,2.4245954
1.695,2.6724267,2.4095223
1.65625,2.6722836,2.452466
1.72375,2.6722798,2.4641588
1.704375,2.6722765,2.4598744
1.684375,2.6722784,2.4584017
1.6868750000000001,2.6722374,2.4402013
1.716875,2.6723065,2.4349382
1.8287499999999999,2.6687756,2.4245954
2.248125,2.6667986,2.4095223
2.199375,2.661323,2.452466
2.184375,2.6559033,2.4641588
2.15,2.650587,2.4598744
2.0931249999999997,2.6451054,2.4584017
2.11125,2.6396017,2.4402013
2.134375,2.6341074,2.4349382
2.14625,2.6285758,2.4245954
2.1275,2.6231265,2.4095223
2.17625,2.6176462,2.452466
2.2668749999999998,2.612265,2.4641588
2.276875,2.6065874,2.4598744
2.239375,2.6009836,2.4584017
1.81625,2.5953865,2.4402013
1.75125,2.5937119,2.4349382
1.708125,2.5774157,2.4245954
1.725,2.5765245,2.4095223
1.728125,2.5764847,2.452466
1.76,2.5764265,2.4641588
1.714375,2.5764117,2.4598744
1.71625,2.5763927,2.4584017
1.73125,2.5763187,2.4402013
1.693125,2.5762606,2.4349382
1.805,2.5762138,2.4245954
2.251875,2.5752223,2.4095223
2.216875,2.569755,2.452466
2.123125,2.569291,2.4641588
3.918125,2.5587978,2.4598744
4.40875,2.558855,2.4584017
3.423125,2.5588415,2.4402013
2.86875,2.5588129,2.4349382
2.88,2.558638,2.4245954
2.880625,2.558494,2.4095223
2.871875,2.5584023,2.452466
2.775,2.554109,2.4641588
1.79,2.553218,2.4598744
1.513125,2.5474,2.4584017
0.7825,2.545249,2.4402013
0.6956249999999999,2.5376182,2.4349382
0.706875,2.5210376,2.4245954
0.701875,2.518169,2.4095223
0.7475,2.5149717,2.452466
0.744375,2.5120325,2.4641588
0.6925,2.5091233,2.4598744
0.72375,2.5062084,2.4584017
0.7575000000000001,2.5030036,2.4402013
0.708125,2.5009003,2.4349382
0.8,2.498244,2.4245954
1.274375,2.4899092,2.4095223
1.223125,2.4870522,2.452466
1.16625,2.4797266,2.4641588
1.93,2.471107,2.4598744
2.53875,2.4640841,2.4584017
2.5425,2.459422,2.4402013
2.5543750000000003,2.4563546,2.4349382
2.6125,2.4538975,2.4245954
2.3275,2.4490554,2.4095223
2.364375,2.4397123,2.452466
2.444375,2.4349685,2.4641588
2.426875,2.4304247,2.4598744
2.4506249999999996,2.4287295,2.4584017
3.8725,2.4234407,2.4402013
6.305625,2.418706,2.4349382
3.2875,2.4237688,2.4245954
1.835625,2.426746,2.4095223
1.8787500000000001,2.4285493,2.452466
1.8718750000000002,2.4319391,2.4641588
1.285625,2.4347944,2.4598744
0.728125,2.4366026,2.4584017
1.86875,2.436607,2.4402013
1.931875,2.439951,2.4349382
1.9825,2.442695,2.4245954
2.399375,2.4428086,2.4095223
2.380625,2.442679,2.452466
2.3606249999999998,2.4378755,2.4641588
2.353125,2.4322042,2.4598744
2.3274999999999997,2.4314847,2.4584017
2.434375,2.4259076,2.4402013
2.519375,2.4160151,2.4349382
2.3443750000000003,2.4108896,2.4245954
2.325,2.405701,2.4095223
2.3668750000000003,2.4005818,2.452466
4.611875,2.395812,2.4641588
5.88,2.3948426,2.4598744
6.273125,2.3948853,2.4584017
6.0975,2.3949394,2.4402013
4.7,2.3949962,2.4349382
0.930625,2.3994079,2.4245954
0.799375,2.393633,2.4095223
0.729375,2.3898902,2.452466
0.758125,2.387051,2.4641588
0.72,2.3840728,2.4598744
0.7481249999999999,2.380913,2.4584017
0.7368750000000001,2.3774672,2.4402013
0.6875,2.3755317,2.4349382
0.735625,2.3726525,2.4245954
0.875,2.363947,2.4095223
3.089375,2.3552423,2.452466
4.179375,2.359734,2.4641588
4.20375,2.3603206,2.4598744
4.235625000000001,2.3603787,2.4584017
4.363125,2.3590834,2.4402013
5.1625,2.357562,2.4349382
3.863125,2.356596,2.4245954
3.879375,2.3549652,2.4095223
5.5775,2.352626,2.452466
4.60875,2.3513904,2.4641588
5.75875,2.3511043,2.4598744
6.56125,2.351711,2.4584017
5.909375,2.3516774,2.4402013
5.955,2.3500204,2.4349382
4.67375,2.3490539,2.4245954
4.811875,2.3547065,2.4095223
4.255625,2.361011,2.452466
4.11125,2.3628135,2.4641588
4.019375,2.3689802,2.4598744
3.28875,2.3752375,2.4584017
0.7518750000000001,2.3810482,2.4402013
0.743125,2.3794637,2.4349382
0.698125,2.3763013,2.4245954
0.86875,2.3675625,2.4095223
1.875625,2.3589065,2.452466
5.423125,2.3579807,2.4641588
6.145625,2.3587427,2.4598744
5.07,2.3588426,2.4584017
3.09875,2.3591728,2.4402013
3.045,2.3592248,2.4349382
0.875625,2.3593612,2.4245954
0.49,2.3503585,2.4095223
0.55,2.3411152,2.452466
0.964375,2.3333354,2.4641588
1.86125,2.3252788,2.4598744
1.8775,2.3170657,2.4584017
1.925,2.3079324,2.4402013
1.841875,2.3003519,2.4349382
0.6825,2.2900083,2.4245954
0.65875,2.286818,2.4095223
0.65125,2.284494,2.452466
0.671875,2.282269,2.4641588
0.668125,2.2795563,2.4598744
0.6799999999999999,2.2784634,2.4584017
0.6325000000000001,2.2763352,2.4402013
0.673125,2.2697349,2.4349382
0.7649999999999999,2.2640529,2.4245954
1.400625,2.2587185,2.4095223
2.336875,2.257238,2.452466
2.374375,2.252664,2.4641588
2.3431249999999997,2.249006,2.4598744
2.284375,2.2451339,2.4584017
2.340625,2.241208,2.4402013
2.35875,2.2374616,2.4349382
2.319375,2.2368164,2.4245954
2.3125,2.2311335,2.4095223
1.09,2.229001,2.452466
1.1875,2.22716,2.4641588
1.19875,2.2253454,2.4598744
1.1956250000000002,2.2241411,2.4584017
1.004375,2.2227848,2.4402013
0.660625,2.2214174,2.4349382
0.68125,2.2193117,2.4245954
0.705625,2.219298,2.4095223
0.665,2.219271,2.452466
0.663125,2.2192402,2.4641588
0.696875,2.2192307,2.4598744
0.694375,2.2192223,2.4584017
0.665625,2.2191916,2.4402013
0.84625,2.219196,2.4349382
1.96875,2.2191906,2.4245954
2.35875,2.2191842,2.4095223
2.36375,2.2191653,2.452466
2.341875,2.219163,2.4641588
1.043125,2.2191591,2.4598744
1.08375,2.2191262,2.4584017
1.083125,2.2190757,2.4402013
1.03625,2.2190795,2.4349382
1.0325,2.2190676,2.4245954
1.059375,2.2189984,2.4095223
1.0431249999999999,2.2189612,2.452466
1.296875,2.218937,2.4641588
2.44125,2.2189026,2.4598744
2.450625,2.218882,2.4584017
1.9375,2.2188635,2.4402013
1.888125,2.2188647,2.4349382
0.875,2.2188916,2.4245954
0.7112499999999999,2.2188523,2.4095223
0.68875,2.218818,2.452466
0.711875,2.2188077,2.4641588
0.716875,2.2187788,2.4598744
0.715,2.2187574,2.4584017
0.721875,2.2187176,2.4402013
0.7625,2.2187295,2.4349382
1.885625,2.2187233,2.4245954
2.4,2.2187088,2.4095223
2.3918749999999998,2.2186952,2.452466
2.336875,2.2186823,2.4641588
2.2675,2.2186828,2.4598744
2.296875,2.2186742,2.4584017
2.636875,2.2186613,2.4402013
2.471875,2.2186623,2.4349382
2.31875,2.2186608,2.4245954
2.3275,2.218659,2.4095223
2.3275,2.2186532,2.452466
4.255625,2.218658,2.4641588
5.043125,2.2186508,2.4598744
5.158125,2.2186553,2.4584017
3.62625,2.218657,2.4402013
3.406875,2.218666,2.4349382
1.8856249999999999,2.218647,2.4245954
0.7324999999999999,2.2186403,2.4095223
0.6893750000000001,2.2186213,2.452466
0.756875,2.2186084,2.4641588
0.76,2.21859,2.4598744
0.735625,2.218572,2.4584017
0.735,2.2185345,2.4402013
0.70875,2.2185345,2.4349382
1.996875,2.2185373,2.4245954
2.468125,2.2185292,2.4095223
3.336875,2.218513,2.452466
4.798125000000001,2.2185006,2.4641588
4.831875,2.218508,2.4598744
4.99,2.2185133,2.4584017
3.603125,2.2185142,2.4402013
2.761875,2.2184987,2.4349382
2.54,2.2184687,2.4245954
2.520625,2.218464,2.4095223
2.9143749999999997,2.21845,2.452466
4.9725,2.2184296,2.4641588
4.970000000000001,2.2184324,2.4598744
4.949999999999999,2.2184215,2.4584017
4.4575,2.2184362,2.4402013
4.55875,2.2184324,2.4349382
2.311875,2.218433,2.4245954
0.649375,2.2184258,2.4095223
0.715,2.2183943,2.452466
0.7025,2.218379,2.4641588
0.6725,2.2183619,2.4598744
0.65625,2.218342,2.4584017
1.87375,2.2183394,2.4402013
1.915,2.2183127,2.4349382
1.9962499999999999,2.2182837,2.4245954
2.445625,2.2182603,2.4095223
4.05375,2.2182608,2.452466
4.8575,2.2182631,2.4641588
4.8306249999999995,2.2182472,2.4598744
4.939375,2.2182314,2.4584017
4.81625,2.2182465,2.4402013
2.893125,2.2182598,2.4349382
2.5568750000000002,2.2182484,2.4245954
2.474375,2.2182474,2.4095223
2.563125,2.2182474,2.452466
4.960625,2.2182412,2.4641588
4.966875,2.218245,2.4598744
5.195625,2.2182486,2.4584017
4.585,2.218267,2.4402013
2.59375,2.2182724,2.4349382
0.815,2.2182684,2.4245954
0.735625,2.2180898,2.4095223
0.74125,2.2179184,2.452466
0.705625,2.2178845,2.4641588
0.705625,2.217864,2.4598744
0.705625,2.2178657,2.4584017
0.71875,2.2178652,2.4402013
0.7000000000000001,2.217866,2.4349382
0.7106250000000001,2.2178655,2.4245954
0.78,2.217867,2.4095223
1.830625,2.2178574,2.452466
1.7825,2.217865,2.4641588
2.819375,2.2178726,2.4598744
4.4087499999999995,2.2178986,2.4584017
4.745,2.2179594,2.4402013
4.9275,2.2179723,2.4349382
3.501875,2.217967,2.4245954
3.6375,2.2179852,2.4095223
4.199375,2.2179742,2.452466
2.968125,2.2179725,2.4641588
6.82625,2.217867,2.4598744
6.273125,2.2178698,2.4584017
2.00625,2.2182765,2.4402013
1.891875,2.218361,2.4349382
0.73875,2.218323,2.4245954
0.73875,2.2182128,2.4095223
0.794375,2.2180438,2.452466
0.756875,2.217884,2.4641588
0.74625,2.2177045,2.4598744
0.7625,2.217523,2.4584017
0.716875,2.2171545,2.4402013
0.741875,2.216508,2.4349382
0.773125,2.2155714,2.4245954
0.949375,2.214625,2.4095223
1.8375,2.214398,2.452466
4.827500000000001,2.2136593,2.4641588
6.115625,2.2135932,2.4598744
6.411875,2.2137656,2.4584017
6.151875,2.213162,2.4402013
5.758125,2.2125483,2.4349382
1.495,2.212472,2.4245954
0.575,2.2123713,2.4095223
0.65875,2.212173,2.452466
0.848125,2.2112067,2.4641588
0.70875,2.2088103,2.4598744
0.6956249999999999,2.206644,2.4584017
0.675625,2.1993759,2.4402013
0.71625,2.1960888,2.4349382
0.700625,2.1925855,2.4245954
0.6856249999999999,2.191671,2.4095223
0.710625,2.1913323,2.452466
0.7,2.1913657,2.4641588
0.65125,2.191324,2.4598744
0.710625,2.191248,2.4584017
0.743125,2.1912603,2.4402013
0.715625,2.1913161,2.4349382
0.7581249999999999,2.1913018,2.4245954
1.21875,2.1913254,2.4095223
3.6781249999999996,2.1913,2.452466
5.2375,2.19979,2.4641588
3.900625,2.204151,2.4598744
3.4775,2.2042441,2.4584017
3.3893750000000002,2.2036633,2.4402013
3.5062499999999996,2.207188,2.4349382
3.5625,2.209839,2.4245954
3.4475,2.211916,2.4095223
3.819375,2.2133498,2.452466
5.944375,2.2145689,2.4641588
6.285,2.2157145,2.4598744
6.29125,2.216669,2.4584017
5.1725,2.2174394,2.4402013
4.579375,2.2175484,2.4349382
4.29,2.217597,2.4245954
2.32625,2.2176425,2.4095223
1.671875,2.2176883,2.452466
1.63,2.217684,2.4641588
1.64125,2.2176723,2.4598744
1.608125,2.2176628,2.4584017
1.656875,2.2176418,2.4402013
1.7337500000000001,2.2176375,2.4349382
2.8762499999999998,2.217645,2.4245954
3.280625,2.2176309,2.4095223
3.35375,2.217692,2.452466
3.461875,2.217769,2.4641588
3.5975,2.217722,2.4598744
3.440625,2.2177515,2.4584017
3.531875,2.2177684,2.4402013
4.230625,2.2178018,2.4349382
4.655625,2.2178404,2.4245954
5.20125,2.2178617,2.4095223
5.97125,2.2178965,2.452466
6.17,2.2178233,2.4641588
8.529375,2.217825,2.4598744
9.058125,2.21768,2.4584017
7.44625,2.2171931,2.4402013
7.08125,2.2169685,2.4349382
6.071875,2.2171268,2.4245954
2.08125,2.2172043,2.4095223
1.6868750000000001,2.2172065,2.452466
1.63,2.2172027,2.4641588
1.643125,2.2171926,2.4598744
1.61375,2.2171824,2.4584017
1.6425,2.2171693,2.4402013
1.6531250000000002,2.2171528,2.4349382
2.736875,2.2171516,2.4245954
3.2424999999999997,2.2171743,2.4095223
4.5024999999999995,2.217197,2.452466
5.053125,2.2171774,2.4641588
4.62875,2.2171865,2.4598744
3.57125,2.2171807,2.4584017
3.35,2.2171779,2.4402013
3.32875,2.2171755,2.4349382
3.408125,2.2171652,2.4245954
3.48125,2.2171533,2.4095223
4.148125,2.2171454,2.452466
6.0125,2.217045,2.4641588
5.881875,2.2169805,2.4598744
5.8025,2.2170115,2.4584017
4.686875000000001,2.2171712,2.4402013
4.201874999999999,2.2173452,2.4349382
4.26,2.217514,2.4245954
1.736875,2.217722,2.4095223
1.563125,2.2177877,2.452466
1.58125,2.217929,2.4641588
1.606875,2.2179275,2.4598744
1.641875,2.2181516,2.4584017
1.544375,2.2183614,2.4402013
1.60125,2.218379,2.4349382
2.699375,2.2184114,2.4245954
3.236875,2.2184246,2.4095223
3.374375,2.2184606,2.452466
3.896875,2.218476,2.4641588
4.0275,2.2184954,2.4598744
3.989375,2.2185202,2.4584017
3.495625,2.2184508,2.4402013
3.4025,2.2184772,2.4349382
3.416875,2.2185106,2.4245954
3.478125,2.2185168,2.4095223
4.15625,2.2185783,2.452466
6.115,2.2196183,2.4641588
5.940625000000001,2.2207208,2.4598744
6.08,2.2219644,2.4584017
6.376875,2.222176,2.4402013
6.385625,2.2221966,2.4349382
5.509375,2.2221935,2.4245954
2.109375,2.2233846,2.4095223
1.54,2.223413,2.452466
1.586875,2.2233107,2.4641588
1.56125,2.2231777,2.4598744
1.543125,2.2233024,2.4584017
2.573125,2.2238019,2.4402013
2.725625,2.2239885,2.4349382
2.790625,2.2242043,2.4245954
3.1825,2.224506,2.4095223
4.23125,2.2264583,2.452466
4.046875,2.2276354,2.4641588
3.241875,2.2287955,2.4598744
3.3825,2.2289,2.4584017
3.25625,2.2301488,2.4402013
3.22875,2.231317,2.4349382
3.1975,2.2324004,2.4245954
3.315,2.233522,2.4095223
4.33875,2.2356906,2.452466
6.101875,2.237449,2.4641588
5.949375,2.2375984,2.4598744
6.0125,2.2376087,2.4584017
5.54125,2.2375877,2.4402013
7.46,2.2375302,2.4349382
7.921875,2.239786,2.4245954
7.7625,2.2445245,2.4095223
3.075625,2.250592,2.452466
2.739375,2.2518091,2.4641588
1.675,2.2533784,2.4598744
1.625,2.2575836,2.4584017
1.666875,2.2560887,2.4402013
1.5825,2.257541,2.4349382
1.625,2.2588968,2.4245954
1.74375,2.2594814,2.4095223
2.679375,2.2617428,2.452466
2.578125,2.2614875,2.4641588
4.9875,2.2580895,2.4598744
7.773125,2.2610593,2.4584017
5.4799999999999995,2.2581959,2.4402013
4.80875,2.2583334,2.4349382
7.71,2.2582855,2.4245954
1.864375,2.2587433,2.4095223
2.131875,2.2585073,2.452466
2.998125,2.2542233,2.4641588
7.630000000000001,2.2538366,2.4598744
9.155,2.253547,2.4584017
8.942499999999999,2.2562494,2.4402013
6.99125,2.2581487,2.4349382
3.92,2.2583017,2.4245954
2.781875,2.2582788,2.4095223
2.723125,2.258123,2.452466
2.599375,2.2580585,2.4641588
1.6475,2.2546794,2.4598744
1.62,2.2476027,2.4584017
1.5775,2.2455587,2.4402013
1.575,2.2468631,2.4349382
1.5899999999999999,2.2480922,2.4245954
1.723125,2.24934,2.4095223
2.7262500000000003,2.250464,2.452466
6.015625,2.2513323,2.4641588
8.978125,2.251361,2.4598744
9.15875,2.2517574,2.4584017
8.7375,2.2527242,2.4402013
8.591875,2.2542787,2.4349382
6.984999999999999,2.261299,2.4245954
7.095625,2.2683487,2.4095223
7.75625,2.2747073,2.452466
6.61875,2.2819874,2.4641588
6.601875,2.2881718,2.4598744
7.4418750000000005,2.293479,2.4584017
9.2375,2.2995038,2.4402013
9.223125,2.3064241,2.4349382
5.313125,2.3162756,2.4245954
2.63875,2.320089,2.4095223
1.6287500000000001,2.326148,2.452466
1.61625,2.328215,2.4641588
1.561875,2.330571,2.4598744
1.79875,2.3328476,2.4584017
2.705625,2.3353934,2.4402013
2.7024999999999997,2.3394523,2.4349382
2.805625,2.3442636,2.4245954
2.666875,2.3535156,2.4095223
4.0425,2.3645139,2.452466
4.82875,2.370551,2.4641588
4.796875,2.376082,2.4598744
4.733124999999999,2.3817358,2.4584017
4.819375,2.3873372,2.4402013
4.769375,2.3929222,2.4349382
4.76,2.3982623,2.4245954
2.86125,2.403919,2.4095223
2.37,2.4043176,2.452466
5.125,2.407549,2.4641588
5.058125,2.4224696,2.4598744
4.965,2.43054,2.4584017
3.768125,2.4388664,2.4402013
4.63125,2.446673,2.4349382
4.304375,2.455815,2.4245954
2.718125,2.4643826,2.4095223
1.7249999999999999,2.4716117,2.452466
1.75625,2.4731789,2.4641588
1.77625,2.475915,2.4598744
1.761875,2.4786024,2.4584017
1.7525,2.481142,2.4402013
1.796875,2.484013,2.4349382
1.86875,2.4868722,2.4245954
2.265625,2.486782,2.4095223
3.094375,2.4866896,2.452466
4.6381250000000005,2.4921756,2.4641588
4.66375,2.4979672,2.4598744
4.57,2.5065665,2.4584017
3.94875,2.514978,2.4402013
2.335625,2.5231352,2.4349382
2.363125,2.5305905,2.4245954
2.438125,2.533802,2.4095223
2.75375,2.5373788,2.452466
4.343125000000001,2.5405304,2.4641588
4.898125,2.5563731,2.4598744
4.90375,2.5616007,2.4584017
4.67875,2.5671296,2.4402013
4.586875,2.5730753,2.4349382
2.62125,2.5753412,2.4245954
1.87875,2.582614,2.4095223
1.789375,2.5843947,2.452466
1.72875,2.587514,2.4641588
1.709375,2.5904036,2.4598744
1.7643749999999998,2.5932302,2.4584017
1.768125,2.59609,2.4402013
1.74125,2.59942,2.4349382
1.7806250000000001,2.6024628,2.4245954
2.283125,2.6023636,2.4095223
3.8443750000000003,2.6022382,2.452466
4.753125,2.612638,2.4641588
4.77375,2.6179087,2.4598744
4.649375,2.623314,2.4584017
4.898125,2.6283174,2.4402013
5.11625,2.6332855,2.4349382
5.0575,2.6385822,2.4245954
2.491875,2.6442118,2.4095223
2.435625,2.6443472,2.452466
4.355625,2.6444764,2.4641588
4.733125,2.644524,2.4598744
4.923125,2.6445608,2.4584017
4.45125,2.6445024,2.4402013
4.363125,2.6446085,2.4349382
2.4675,2.649642,2.4245954
1.866875,2.6504128,2.4095223
1.7725,2.6523101,2.452466
1.799375,2.6554708,2.4641588
1.74,2.6584768,2.4598744
1.7418749999999998,2.6611462,2.4584017
1.77125,2.66367,2.4402013
1.7675,2.6671586,2.4349382
1.81125,2.6699567,2.4245954
2.259375,2.669733,2.4095223
3.143125,2.6695716,2.452466
4.770625,2.6695404,2.4641588
4.818125,2.6695604,2.4598744
5.109375,2.6695576,2.4584017
5.16125,2.66954,2.4402013
5.144375,2.669755,2.4349382
5.0806249999999995,2.6746254,2.4245954
5.0975,2.679922,2.4095223
4.843125,2.680275,2.452466
5.006875,2.6807003,2.4641588
4.991875,2.680719,2.4598744
4.771875,2.680726,2.4584017
4.29375,2.680694,2.4402013
4.41875,2.6806614,2.4349382
2.9056249999999997,2.6805868,2.4245954
1.734375,2.6812992,2.4095223
1.60625,2.682866,2.452466
1.653125,2.6854348,2.4641588
1.623125,2.6880696,2.4598744
1.64625,2.6911473,2.4584017
1.635,2.6937447,2.4402013
1.649375,2.6934524,2.4349382
2.646875,2.693102,2.4245954
3.085,2.6941922,2.4095223
4.66125,2.6988015,2.452466
5.9662500000000005,2.698781,2.4641588
5.940625,2.6989217,2.4598744
4.671875,2.699141,2.4584017
5.3175,2.699076,2.4402013
5.224375,2.6990886,2.4349382
5.303125,2.6993308,2.4245954
5.17625,2.7046509,2.4095223
3.83,2.7048626,2.452466
5.26125,2.7050316,2.4641588
6.098125,2.7050745,2.4598744
6.26125,2.705226,2.4584017
5.671250000000001,2.7053556,2.4402013
3.935625,2.7054718,2.4349382
3.305625,2.706108,2.4245954
3.160625,2.7142131,2.4095223
3.0456250000000002,2.722596,2.452466
3.0081249999999997,2.7309635,2.4641588
2.959375,2.7392893,2.4598744
2.9775,2.7476125,2.4584017
2.97375,2.7559803,2.4402013
2.960625,2.7643194,2.4349382
2.95125,2.7725852,2.4245954
2.94,2.7811246,2.4095223
2.9368749999999997,2.7877743,2.452466
4.13875,2.7933521,2.4641588
5.855,2.8031754,2.4598744
5.94,2.8032556,2.4584017
6.0025,2.8034034,2.4402013
5.989375,2.803522,2.4349382
6.17875,2.803597,2.4245954
6.115,2.8037143,2.4095223
6.50375,2.8038697,2.452466
7.5825,2.8040907,2.4641588
8.414375,2.8049664,2.4598744
7.040625,2.8053887,2.4584017
5.28,2.8054447,2.4402013
3.3425000000000002,2.8109279,2.4349382
3.179375,2.8120089,2.4245954
3.0387500000000003,2.8203888,2.4095223
3.04,2.8286996,2.452466
3.034375,2.8370223,2.4641588
3.0168749999999998,2.8453822,2.4598744
3.0625,2.8537803,2.4584017
3.003125,2.8622031,2.4402013
3.025625,2.8706594,2.4349382
3.029375,2.879181,2.4245954
3.0125,2.8878157,2.4095223
3.07375,2.894515,2.452466
6.50125,2.8994842,2.4641588
7.19875,2.8997421,2.4598744
7.543125,2.9002361,2.4584017
7.14125,2.901089,2.4402013
4.750624999999999,2.90171,2.4349382
1.891875,2.8970528,2.4245954
1.76125,2.901533,2.4095223
1.77625,2.905531,2.452466
1.861875,2.9095075,2.4641588
1.886875,2.912765,2.4598744
2.35875,2.9165764,2.4584017
2.695,2.921585,2.4402013
1.89875,2.9268737,2.4349382
1.87125,2.9343178,2.4245954
1.896875,2.9340754,2.4095223
1.685,2.9377637,2.452466
1.53125,2.9408891,2.4641588
1.524375,2.944327,2.4598744
1.546875,2.9474463,2.4584017
1.518125,2.9493856,2.4402013
1.52125,2.9528508,2.4349382
1.586875,2.9603653,2.4245954
2.3831249999999997,3.3656297,2.4095223
4.9087499999999995,3.397795,2.452466
6.202500000000001,3.393808,2.4641588
4.094375,3.393832,2.4598744
4.281874999999999,3.3938103,2.4584017
4.506875,3.3938441,2.4402013
4.06125,3.3940034,2.4349382
3.765625,3.3940666,2.4245954
3.824375,3.394082,2.4095223
4.610625000000001,3.3941295,2.452466
6.39125,3.3942642,2.4641588
6.46,3.3944368,2.4598744
6.26375,3.394497,2.4584017
5.993125,3.3944411,2.4402013
5.773125,3.3946128,2.4349382
5.686875000000001,3.394826,2.4245954
3.484375,3.3951979,2.4095223
2.940625,3.395947,2.452466
2.97125,3.397313,2.4641588
2.934375,3.398923,2.4598744
2.940625,3.4004476,2.4584017
2.9425,3.4023066,2.4402013
2.61625,3.4037204,2.4349382
2.6925,3.4045057,2.4245954
3.153125,3.404389,2.4095223
3.21,3.404296,2.452466
3.31625,3.404264,2.4641588
3.414375,3.4042554,2.4598744
3.528125,3.4042199,2.4584017
3.6393750000000002,3.4042125,2.4402013
3.8206249999999997,3.4041939,2.4349382
3.788125,3.4042308,2.4245954
3.7487500000000002,3.4041636,2.4095223
4.8925,3.4040833,2.452466
6.215,3.403975,2.4641588
5.826875,3.4040995,2.4598744
6.081875,3.403067,2.4584017
5.725,3.402008,2.4402013
5.75625,3.4014654,2.4349382
5.18125,3.4011889,2.4245954
2.95375,3.4009254,2.4095223
2.936875,3.401556,2.452466
2.98875,3.402948,2.4641588
2.996875,3.40447,2.4598744
2.713125,3.405939,2.4584017
2.66,3.407378,2.4402013
2.66375,3.4085758,2.4349382
2.728125,3.409454,2.4245954
3.1525,3.4094164,2.4095223
4.294375,3.4093764,2.452466
5.015625,3.409391,2.4641588
4.690625,3.4093888,2.4598744
3.65875,3.4093857,2.4584017
3.55125,3.4093976,2.4402013
3.5375,3.4094334,2.4349382
